ref,book_name,chapter,verse,fresh_translation,brenton_translation,same_normalized,decision_count,footnote_count,importance
Exodus 1:1,Exodus,1,1,These are the names of the sons of Israel who entered into Egypt with Jacob their father; each entered with his whole household.,These are the names of the sons of Israel that came into Egypt together with Jacob their father; they came in each with their whole family.,no,0,0,low
Exodus 1:2,Exodus,1,2,"Reuben, Simeon, Levi, Judah,","Ruben, Simeon, Levi, Judas,",no,0,0,low
Exodus 1:3,Exodus,1,3,"Issachar, Zebulun, and Benjamin,","Issachar, Zabulon, Benjamin,",no,0,0,low
Exodus 1:4,Exodus,1,4,"Dan and Naphtali, Gad and Asher.","Dan and Nephthalim, Gad and Aser.",no,0,0,low
Exodus 1:5,Exodus,1,5,But Joseph was in Egypt. And all the persons from Jacob were seventy-five.,But Joseph was in Egypt. And all the souls born of Jacob were seventy-five.,no,1,1,high
Exodus 1:6,Exodus,1,6,"And Joseph died, and all his brothers, and all that generation.","And Joseph died, and all his brethren, and all that generation.",no,0,0,low
Exodus 1:7,Exodus,1,7,"But the sons of Israel increased and multiplied and became numerous, and they grew exceedingly, exceedingly strong; and the land multiplied them.","And the children of Israel increased and multiplied, and became numerous and grew exceedingly strong, and the land multiplied them.",no,2,1,high
Exodus 1:8,Exodus,1,8,Then another king arose over Egypt who did not know Joseph.,"And there arose up another king over Egypt, who knew not Joseph.",no,0,0,low
Exodus 1:9,Exodus,1,9,"And he said to his people, 'Look, the race of the sons of Israel is a great multitude and stronger than we are.'","And he said to his nation, Behold, the race of the children of Israel is a great multitude, and is stronger than we:",no,0,0,low
Exodus 1:10,Exodus,1,10,"Come then, let us deal shrewdly with them, lest they multiply, and whenever war comes upon us, they too will be added to our enemies and fight against us and depart from the land.","come then, let us deal craftily with them, lest at any time they be increased, and whensoever war shall happen to us, these also shall be added to our enemies, and having prevailed against us in war, they will depart out of the land.",no,1,1,high
Exodus 1:11,Exodus,1,11,"So he set over them overseers of labor to afflict them in their labors; and they built fortified cities for Pharaoh: Pithom, Ramesses, and On, which is Heliopolis.","And he set over them task-masters, who should afflict them in their works; and they built strong cities for Pharao, both Pitho, and Ramesses, and On, which is Heliopolis.",no,0,0,medium
Exodus 1:12,Exodus,1,12,"But as much as they humbled them, so much more they became many and grew exceedingly, exceedingly strong, and the Egyptians were disgusted by the sons of Israel.","But as they humbled them, by so much they multiplied, and grew exceedingly strong; and the Egyptians greatly abhorred the children of Israel.",no,0,0,medium
Exodus 1:13,Exodus,1,13,And the Egyptians oppressed the sons of Israel by force.,And the Egyptians tyrannised over the children of Israel by force.,no,0,0,low
Exodus 1:14,Exodus,1,14,"And they made their life bitter with hard labors, in clay and in brick-making and in every field-labor, according to all the work by which they enslaved them with violence.","And they embittered their life by hard labours, in the clay and in brick-making, and all the works in the plains, according to all the works, wherein they caused them to serve with violence.",no,1,1,high
Exodus 1:15,Exodus,1,15,"And the king of Egypt spoke to the Hebrew midwives; the name of the one was Sepphora, and the name of the second, Phua.","And the king of the Egyptians spoke to the midwives of the Hebrews; the name of the one was, Sepphora; and the name of the second, Phua.",no,0,0,low
Exodus 1:16,Exodus,1,16,"And he said, 'When you serve as midwives for the Hebrew women and they are at the time of giving birth, if it is a male, kill it; but if a female, keep it alive.'","And he said, When ye do the office of midwives to the Hebrew women, and they are about to be delivered, if it be a male, kill it; but if a female, save it.",no,0,0,low
Exodus 1:17,Exodus,1,17,"But the midwives feared God and did not do as the king of Egypt ordered them, and they kept the male children alive.","But the midwives feared God, and did not as the king of Egypt appointed them; and they saved the male children alive.",no,0,0,low
Exodus 1:18,Exodus,1,18,"So the king of Egypt called the midwives and said to them, 'Why have you done this thing and kept the male children alive?'","And the king of Egypt called the midwives, and said to them, Why is it that ye have done this thing, and saved the male children alive?",no,0,0,low
Exodus 1:19,Exodus,1,19,"And the midwives said to Pharaoh, 'The Hebrew women are not like the women of Egypt, for before the midwives can go in to them, they give birth.'","And the midwives said to Pharao, The Hebrew women are not as the women of Egypt, for they are delivered before the midwives go in to them. So they bore children.",no,0,0,low
Exodus 1:20,Exodus,1,20,"And God did well to the midwives, and the people multiplied and grew very strong.","And God did well to the midwives, and the people multiplied, and grew very strong.",yes,0,0,none
Exodus 1:21,Exodus,1,21,"And because the midwives feared God, they established households for themselves.","And as the midwives feared God, they established for themselves families.",no,1,1,high
Exodus 1:22,Exodus,1,22,"Then Pharaoh charged all his people, saying, 'Every male that is born to the Hebrews, throw it into the river; but keep every female alive.'","And Pharao charged all his people, saying, Whatever male child shall be born to the Hebrews, cast into the river; and every female, save it alive.",no,0,0,low
Exodus 2:1,Exodus,2,1,Now a certain man from the tribe of Levi went and took one of the daughters of Levi.,"And there was a certain man of the tribe of Levi, who took to wife one of the daughters of Levi.",no,0,0,medium
Exodus 2:2,Exodus,2,2,"And she conceived and bore a male child, and seeing that he was beautiful, they hid him three months.","And she conceived, and bore a male child; and having seen that he was fair, they hid him three months.",no,0,0,low
Exodus 2:3,Exodus,2,3,"But when they could no longer hide him, his mother took for him a basket and coated it with bitumen and pitch, and she put the child into it and set it in the reeds by the river.","And when they could no longer hide him, his mother took for him an ark, and besmeared it with bitumen, and cast the child into it, and put it in the ooze by the river.",no,1,1,high
Exodus 2:4,Exodus,2,4,And his sister kept watch from a distance to learn what would happen to him.,"And his sister was watching from a distance, to learn what would happen to him.",no,0,0,medium
Exodus 2:5,Exodus,2,5,"Then Pharaoh's daughter came down to bathe at the river, and her young women were walking along beside the river. Seeing the basket in the reeds, she sent her maid and took it.","And the daughter of Pharao came down to the river to bathe; and her maids walked by the river's side, and having seen the ark in the ooze, she sent her maid, and took it up.",no,0,0,low
Exodus 2:6,Exodus,2,6,"And when she opened it, she sees a child crying in the basket. And Pharaoh's daughter had compassion on him and said, 'This is one of the Hebrews' children.'","And having opened it, she sees the babe weeping in the ark: and the daughter of Pharao had compassion on it, and said, This is one of the Hebrews' children.",no,0,0,low
Exodus 2:7,Exodus,2,7,"Then his sister said to Pharaoh's daughter, 'Do you want me to call a nursing woman from the Hebrews, and she will nurse the child for you?'","And his sister said to the daughter of Pharao, Wilt thou that I call to thee a nurse of the Hebrews, and shall she suckle the child for thee?",no,0,0,medium
Exodus 2:8,Exodus,2,8,"And Pharaoh's daughter said to her, 'Go.' So the young woman went and called the child's mother.","And the daughter of Pharao said, Go: and the young woman went, and called the mother of the child.",no,0,0,medium
Exodus 2:9,Exodus,2,9,"And Pharaoh's daughter said to her, 'Keep this child for me and nurse him for me, and I will give you your wages.' So the woman took the child and nursed him.","And the daughter of Pharao said to her, Take care of this child, and suckle it for me, and I will give thee the wages; and the woman took the child, and suckled it.",no,0,0,medium
Exodus 2:10,Exodus,2,10,"And when the child grew strong, she brought him to Pharaoh's daughter, and he became her son. And she called his name Moses, saying, 'For I drew him out of the water.'","And when the boy was grown, she brought him to the daughter of Pharao, and he became her son; and she called his name, Moses, saying, I took him out of the water.",no,1,1,high
Exodus 2:11,Exodus,2,11,"Now in those many days, when Moses had grown great, he went out to his brothers, the sons of Israel. And observing their hardship, he saw an Egyptian striking a certain Hebrew, one of his own brothers from the sons of Israel.","And it came to pass in that length of time, that Moses having grown, went out to his brethren the sons of Israel: and having noticed their distress, he sees an Egyptian smiting a certain Hebrew of his brethren the children of Israel.",no,1,1,high
Exodus 2:12,Exodus,2,12,"And looking this way and that way, he saw no one, so he struck the Egyptian and hid him in the sand.","And having looked round this way and that way, he sees no one; and he smote the Egyptian, and hid him in the sand.",no,0,0,low
Exodus 2:13,Exodus,2,13,"And going out on the second day, he saw two Hebrew men fighting, and he says to the one doing wrong, 'Why are you striking your neighbor?'","And having gone out the second day he sees two Hebrew men fighting; and he says to the injurer, Wherefore smitest thou thy neighbour?",no,0,0,low
Exodus 2:14,Exodus,2,14,"But he said, 'Who made you ruler and judge over us? Do you mean to kill me as you killed the Egyptian yesterday?' Then Moses became afraid and said, 'So then this matter has become known.'","And he said, Who made thee a ruler and a judge over us? wilt thou slay me as thou yesterday slewest the Egyptian? Then Moses was alarmed, and said, If it be thus, this matter has become known.",no,0,0,low
Exodus 2:15,Exodus,2,15,"And Pharaoh heard this matter and sought to kill Moses. But Moses withdrew from Pharaoh's face and lived in the land of Midian. And when he came into the land of Midian, he sat by the well.","And Pharao heard this matter, and sought to slay Moses; and Moses departed from the presence of Pharao, and dwelt in the land of Madiam; and having come into the land of Madiam, he sat on the well.",no,0,0,low
Exodus 2:16,Exodus,2,16,"Now the priest of Midian had seven daughters, tending the flock of their father Jothor. And when they came, they drew water until they filled the troughs to water the flock of their father Jothor.","And the priest of Madiam had seven daughters, feeding the flock of their father Jothor; and they came and drew water until they filled their pitchers, to water the flock of their father Jothor.",no,0,0,low
Exodus 2:17,Exodus,2,17,"But when the shepherds came, they drove them away. Then Moses rose and rescued them, and he drew water for them and watered their flock.","And the shepherds came, and were driving them away; and Moses rose up and rescued them, and drew water for them, and watered their sheep.",no,0,0,low
Exodus 2:18,Exodus,2,18,"Then they came to Raguel their father, and he said to them, 'Why have you come so quickly today?'","And they came to Raguel their father; and he said to them, Why have ye come so quickly to-day?",no,0,0,low
Exodus 2:19,Exodus,2,19,"And they said, 'An Egyptian man rescued us from the shepherds, and he also drew water for us and watered our flock.'","And they said, An Egyptian delivered us from the shepherds, and drew water for us and watered our sheep.",no,0,0,medium
Exodus 2:20,Exodus,2,20,"And he said to his daughters, 'Then where is he? And why have you left the man like this? Call him then, so that he may eat bread.'","And he said to his daughters, And where is he? and why have ye left the man? call him therefore, that he may eat bread.",no,0,0,medium
Exodus 2:21,Exodus,2,21,"And Moses settled with the man, and he gave Sepphora his daughter to Moses as a wife.","And Moses was established with the man, and he gave Sepphora his daughter to Moses to wife.",no,1,1,high
Exodus 2:22,Exodus,2,22,"And the woman conceived and bore a son, and Moses called his name Gersam, saying, 'Because I am a sojourner in a foreign land.'","And the woman conceived and bore a son, and Moses called his name Gersam, saying, I am a sojourner in a strange land.",no,0,0,medium
Exodus 2:23,Exodus,2,23,"Now after those many days the king of Egypt died, and the sons of Israel groaned from the labors and cried out, and their cry went up to God from the labors.","And in those days after a length of time, the king of Egypt died; and the children of Israel groaned because of their tasks, and cried, and their cry because of their tasks went up to God.",no,0,0,medium
Exodus 2:24,Exodus,2,24,"And God heard their groaning, and God remembered his covenant with Abraham and Isaac and Jacob.","And God heard their groanings, and God remembered his covenant made with Abraam and Isaac and Jacob.",no,0,0,low
Exodus 2:25,Exodus,2,25,And God saw the sons of Israel and was made known to them.,"And God looked upon the children of Israel, and was made known to them.",no,1,1,high
Exodus 3:1,Exodus,3,1,"Now Moses was shepherding the flock of Jothor his father-in-law, the priest of Midian, and he led the flock into the wilderness and came to Mount Horeb.","And Moses was feeding the flock of Jothor his father-in-law, the priest of Madiam; and he brought the sheep nigh to the wilderness, and came to the mount of Choreb.",no,0,0,low
Exodus 3:2,Exodus,3,2,"Then a messenger of the Lord appeared to him in a flame of fire out of the bush. And he sees that the bush burns with fire, but the bush was not being consumed.","And an angel of the Lord appeared to him in flaming fire out of the bush, and he sees that the bush burns with fire,—but the bush was not consumed.",no,1,1,high
Exodus 3:3,Exodus,3,3,"And Moses said, 'I will go over now and see this great sight, why the bush is not burned up.'","And Moses said, I will go near and see this great sight, why the bush is not consumed.",no,0,0,low
Exodus 3:4,Exodus,3,4,"And when the Lord saw that he was coming near to see, the Lord called to him from the bush, saying, 'Moses, Moses.' And he said, 'What is it?'","And when the Lord saw that he drew nigh to see, the Lord called him out of the bush, saying, Moses, Moses; and he said, What is it?",no,1,1,high
Exodus 3:5,Exodus,3,5,"And he said, 'Do not come near here. Untie your sandals from your feet, for the place on which you stand is holy ground.'","And he said, Draw not nigh hither: loose thy sandals from off thy feet, for the place whereon thou standest is holy ground.",no,0,0,low
Exodus 3:6,Exodus,3,6,"And he said to him, 'I am the God of your father, the God of Abraham and the God of Isaac and the God of Jacob.' Then Moses turned away his face, for he feared to gaze before God.","And he said, I am the God of thy father, the God of Abraam, and the God of Isaac, and the God of Jacob; and Moses turned away his face, for he was afraid to gaze at God.",no,0,0,low
Exodus 3:7,Exodus,3,7,"And the Lord said to Moses, 'I have surely seen the affliction of my people in Egypt, and I have heard their cry from the taskmasters, for I know their pain.'","And the Lord said to Moses, I have surely seen the affliction of my people that is in Egypt, and I have heard their cry caused by their task-masters; for I know their affliction.",no,0,0,low
Exodus 3:8,Exodus,3,8,"And I have come down to take them out from the hand of the Egyptians and to bring them out of that land into a good and broad land, into a land flowing with milk and honey, into the place of the Canaanites and Hittites and Amorites and Perizzites and Girgashites and Hivites and Jebusites.","And I have come down to deliver them out of the hand of the Egyptians, and to bring them out of that land, and to bring them into a good and wide land, into a land flowing with milk and honey, into the place of the Chananites, and the Chettites, and Amorites, and Pherezites, and Gergesites, and Evites, and Jebusites.",no,0,0,low
Exodus 3:9,Exodus,3,9,"And now, look, the cry of the sons of Israel has come to me, and I have seen the oppression with which the Egyptians oppress them.","And now, behold, the cry of the children of Israel is come to me, and I have seen the affliction with which the Egyptians afflict them.",no,0,0,low
Exodus 3:10,Exodus,3,10,"And now come, I will send you to Pharaoh king of Egypt, and you shall bring out my people, the sons of Israel, from the land of Egypt.","And now come, I will send thee to Pharao king of Egypt, and thou shalt bring out my people the children of Israel from the land of Egypt.",no,0,0,low
Exodus 3:11,Exodus,3,11,"And Moses said to God, 'Who am I, that I should go to Pharaoh king of Egypt and that I should bring out the sons of Israel from the land of Egypt?'","And Moses said to God, Who am I, that I should go to Pharao king of Egypt, and that I should bring out the children of Israel from the land of Egypt?",no,0,0,low
Exodus 3:12,Exodus,3,12,"And God said to Moses, saying, 'For I will be with you, and this will be the sign for you that I am the one sending you: when you bring out my people from Egypt, you will serve God on this mountain.'","And God spoke to Moses, saying, I will be with thee, and this shall be the sign to thee that I shall send thee forth,—when thou bringest out my people out of Egypt, then ye shall serve God in this mountain.",no,0,0,low
Exodus 3:13,Exodus,3,13,"And Moses said to God, 'Look, I will come to the sons of Israel and say to them, The God of your fathers has sent me to you. And they will ask me, What is his name? What should I say to them?'","And Moses said to God, Behold, I shall go forth to the children of Israel, and shall say to them, The God of our fathers has sent me to you; and they will ask me, What is his name? What shall I say to them?",no,0,0,low
Exodus 3:14,Exodus,3,14,"And God said to Moses, 'I am the One who is.' And he said, 'Thus shall you say to the sons of Israel: The One who is has sent me to you.'","And God spoke to Moses, saying, I am THE BEING; and he said, Thus shall ye say to the children of Israel, THE BEING has sent me to you.",no,1,1,high
Exodus 3:15,Exodus,3,15,"And God said again to Moses, 'Thus shall you say to the sons of Israel: The Lord, the God of your fathers, the God of Abraham and the God of Isaac and the God of Jacob, has sent me to you. This is my eternal name and my memorial from generation to generation.'","And God said again to Moses, Thus shalt thou say to the sons of Israel, The Lord God of our fathers, the God of Abraam, and God of Isaac, and God of Jacob, has sent me to you: this is my name for ever, and my memorial to generations of generations.",no,0,0,low
Exodus 3:16,Exodus,3,16,"Go then, gather the elders of the sons of Israel and say to them, 'The Lord, the God of your fathers, has appeared to me, the God of Abraham and the God of Isaac and the God of Jacob, saying, I have surely visited you and the things that have happened to you in Egypt.'","Go then and gather the elders of the children of Israel, and thou shalt say to them, The Lord God of our fathers has appeared to me, the God of Abraam, and God of Isaac, and God of Jacob, saying, I have surely looked upon you, and upon all the things which have happened to you in Egypt.",no,1,1,high
Exodus 3:17,Exodus,3,17,"And I said, I will bring you up out of the affliction of the Egyptians into the land of the Canaanites and Hittites and Amorites and Perizzites and Girgashites and Hivites and Jebusites, into a land flowing with milk and honey.","And he said, I will bring you up out of the affliction of the Egyptians to the land of the Chananites and the Chettites, and Amorites and Pherezites, and Gergesites, and Evites, and Jebusites, to a land flowing with milk and honey.",no,0,0,low
Exodus 3:18,Exodus,3,18,"And they will listen to your voice, and you and the elders of Israel shall go in to Pharaoh king of Egypt, and you shall say to him, 'The God of the Hebrews has summoned us. Let us go then a journey of three days into the wilderness so that we may sacrifice to our God.'","And they shall hearken to thy voice, and thou and the elders of Israel shall go in to Pharao king of Egypt, and thou shalt say to him, The God of the Hebrews has called us; we will go then a journey of three days into the wilderness, that we may sacrifice to our God.",no,1,1,high
Exodus 3:19,Exodus,3,19,"But I know that Pharaoh king of Egypt will not let you go, except under a mighty hand.","But I know that Pharao king of Egypt will not let you go, save with a mighty hand;",no,1,1,high
Exodus 3:20,Exodus,3,20,"And stretching out my hand, I will strike the Egyptians with all my wonders that I will do among them, and after these things he will send you out.","and I will stretch out my hand, and smite the Egyptians with all my wonders, which I shall work among them, and after that he will send you forth.",no,0,0,low
Exodus 3:21,Exodus,3,21,"And I will give favor to this people before the Egyptians, and when you depart, you will not depart empty.","And I will give this people favour in the sight of the Egyptians, and whenever ye shall escape, ye shall not depart empty.",no,0,0,low
Exodus 3:22,Exodus,3,22,"Each woman shall ask from her neighbor and her fellow-dweller articles of silver and gold and clothing, and you shall put them on your sons and on your daughters, and you shall plunder the Egyptians.","But every woman shall ask of her neighbour and fellow lodger, articles of gold and silver, and apparel; and ye shall put them upon your sons and upon your daughters,—and spoil ye the Egyptians.",no,0,0,medium
Exodus 4:1,Exodus,4,1,"And Moses answered and said, 'What if they do not believe me or listen to my voice? For they will say, God has not appeared to you. What shall I say to them?'","And Moses answered and said, If they believe me not, and do not hearken to my voice (for they will say, God has not appeared to thee), what shall I say to them?",no,0,0,low
Exodus 4:2,Exodus,4,2,"And the Lord said to him, 'What is this in your hand?' And he said, 'A staff.'","And the Lord said to him, What is this thing that is in thine hand? and he said, A rod.",no,0,0,low
Exodus 4:3,Exodus,4,3,"And he said, 'Throw it on the ground.' And he threw it on the ground, and it became a serpent, and Moses fled from it.","And he said, Cast it on the ground: and he cast it on the ground, and it became a serpent, and Moses fled from it.",no,0,0,low
Exodus 4:4,Exodus,4,4,"And the Lord said to Moses, 'Stretch out your hand and seize its tail.' So stretching out his hand, he seized its tail, and it became a staff in his hand.","And the Lord said to Moses, Stretch forth thine hand, and take hold of its tail: so he stretched forth his hand and took hold of the tail,",no,0,0,low
Exodus 4:5,Exodus,4,5,"So that they may believe you that the Lord, the God of their fathers, the God of Abraham and the God of Isaac and the God of Jacob, has appeared to you.","and it became a rod in his hand,—that they may believe thee, that the God of thy fathers has appeared to thee, the God of Abraam, and God of Isaac, and God of Jacob.",no,0,0,low
Exodus 4:6,Exodus,4,6,"And the Lord said to him again, 'Put your hand into your bosom.' And he put his hand into his bosom, and he brought his hand out of his bosom, and his hand became like snow.","And the Lord said again to him, Put thine hand into thy bosom; and he put his hand into his bosom, and brought his hand out of his bosom, and his hand became as snow.",no,0,0,low
Exodus 4:7,Exodus,4,7,"And he said again, 'Put your hand into your bosom.' And he put his hand into his bosom and brought it out of his bosom, and it was restored again to the color of his flesh.","And he said again, Put thy hand into thy bosom; and he put his hand into his bosom, and brought his hand out of his bosom, and it was again restored to the complexion of his other flesh.",no,0,0,low
Exodus 4:8,Exodus,4,8,"And if they do not believe you or listen to the voice of the first sign, they will believe the voice of the last sign.","And if they will not believe thee, nor hearken to the voice of the first sign, they will believe thee because of the voice of the second sign.",no,0,0,low
Exodus 4:9,Exodus,4,9,"And it will be, if they do not believe you by these two signs and do not listen to your voice, you shall take from the water of the river and pour it on the dry ground, and the water that you take from the river will become blood on the dry ground.","And it shall come to pass if they will not believe thee for these two signs, and will not hearken to thy voice, that thou shalt take of the water of the river and pour it upon the dry land, and the water which thou shalt take from the river shall be blood upon the dry land.",no,0,0,low
Exodus 4:10,Exodus,4,10,"And Moses said to the Lord, 'I beg you, Lord, I have not been adequate before, neither yesterday nor the day before, nor since you began speaking to your servant. I am weak-voiced and slow-tongued.'","And Moses said to the Lord, I pray, Lord, I have not been sufficient in former times, neither from the time that thou hast begun to speak to thy servant: I am weak in speech, and slow-tongued.",no,1,1,high
Exodus 4:11,Exodus,4,11,"And the Lord said to Moses, 'Who gave a mouth to a human being? And who made one speechless and deaf, seeing and blind? Is it not I, God?'","And the Lord said to Moses, Who has given a mouth to man, and who has made the very hard of hearing, and the deaf, the seeing and the blind? have not I, God?",no,1,1,high
Exodus 4:12,Exodus,4,12,"And now go, and I will open your mouth and instruct you in what you are about to say.","And now go and I will open thy mouth, and will instruct thee in what thou shalt say.",no,0,0,low
Exodus 4:13,Exodus,4,13,"And Moses said, 'I beg you, Lord, appoint another capable one whom you will send.'","And Moses said, I pray thee, Lord, appoint another able person whom thou shalt send.",no,0,0,low
Exodus 4:14,Exodus,4,14,"And the Lord, angered with wrath against Moses, said, 'Look, is not Aaron the Levite your brother? I know that speaking he will speak for you. And look, he himself will come out to meet you, and seeing you, he will rejoice within himself.'","And the Lord was greatly angered against Moses, and said, Lo! is not Aaron the Levite thy brother? I know that he will surely speak to thee; and, behold, he will come forth to meet thee, and beholding thee he will rejoice within himself.",no,0,0,low
Exodus 4:15,Exodus,4,15,"And you shall speak to him and put my words into his mouth, and I will open your mouth and his mouth, and I will instruct you what you shall do.","And thou shalt speak to him; and thou shalt put my words into his mouth, and I will open thy mouth and his mouth, and I will instruct you in what ye shall do.",no,0,0,low
Exodus 4:16,Exodus,4,16,"And he himself will speak for you to the people, and he will be your mouth, but you will be for him in the things toward God.","And he shall speak for thee to the people, and he shall be thy mouth, and thou shalt be for him in things pertaining to God.",no,1,1,high
Exodus 4:17,Exodus,4,17,"And this staff, the one turned into a serpent, you shall take in your hand, with it you shall do the signs.","And this rod that was turned into a serpent thou shalt take in thine hand, wherewith thou shalt work miracles.",no,0,0,low
Exodus 4:18,Exodus,4,18,"And Moses went and returned to Jothor his father-in-law and said, 'I will go now and return to my brothers in Egypt and see whether they are still alive.' And Jothor said to Moses, 'Go in health.'","And Moses went and returned to Jothor his father-in-law, and says, I will go and return to my brethren in Egypt, and will see if they are yet living. And Jothor said to Moses, Go in health. And in those days after some time, the king of Egypt died.",no,0,0,low
Exodus 4:19,Exodus,4,19,"Now after those many days the king of Egypt died. And the Lord said to Moses in Midian, 'Go, depart into Egypt, for all seeking your life have died.'","And the Lord said to Moses in Madiam, Go, depart into Egypt, for all that sought thy life are dead.",no,0,0,medium
Exodus 4:20,Exodus,4,20,"And Moses, taking his wife and his children, mounted them on the pack animals and returned to Egypt. And Moses took the staff from God in his hand.","And Moses took his wife and his children, and mounted them on the beasts, and returned to Egypt; and Moses took the rod which he had from God in his hand.",no,0,0,low
Exodus 4:21,Exodus,4,21,"And the Lord said to Moses, 'When you go and return to Egypt, see that you do all the wonders that I gave into your hands before Pharaoh. But I will harden his heart, and he will certainly not send out the people.'","And the Lord said to Moses, When thou goest and returnest to Egypt, see—all the miracles I have charged thee with, thou shalt work before Pharao: and I will harden his heart, and he shall certainly not send away the people.",no,1,1,high
Exodus 4:22,Exodus,4,22,"And you shall say to Pharaoh, 'These things says the Lord: Israel is my firstborn son.'","And thou shalt say to Pharao, These things saith the Lord, Israel is my first-born.",no,1,1,high
Exodus 4:23,Exodus,4,23,"And I said to you, Send out my people so that they may serve me. But if you refuse to send them out, look then, I will kill your firstborn son.'","And I said to thee, Send away my people, that they may serve me: now if thou wilt not send them away, see, I will slay thy first-born son.",no,0,0,low
Exodus 4:24,Exodus,4,24,"And it happened on the way, at the lodging place, that a messenger of the Lord met him and sought to kill him.","And it came to pass that the angel of the Lord met him by the way in the inn, and sought to slay him.",no,0,0,low
Exodus 4:25,Exodus,4,25,"And Sepphora, taking a stone, circumcised the foreskin of her son and fell at his feet and said, 'The blood of my child's circumcision stands.'","And Sepphora having taken a stone cut off the foreskin of her son, and fell at his feet and said, The blood of the circumcision of my son is staunched:",no,1,1,high
Exodus 4:26,Exodus,4,26,"And he departed from him, because she said, 'The blood of my child's circumcision stands.'","and he departed from him, because she said, The blood of the circumcision of my son is staunched.",no,0,0,low
Exodus 4:27,Exodus,4,27,"And the Lord said to Aaron, 'Go into the wilderness to meet Moses.' And he went and met him at the mountain of God, and they kissed one another.","And the Lord said to Aaron, Go into the wilderness to meet Moses; and he went and met him in the mount of God, and they kissed each other.",no,0,0,low
Exodus 4:28,Exodus,4,28,"And Moses reported to Aaron all the words of the Lord with which he had sent him, and all the signs that he had commanded him.","And Moses reported to Aaron all the words of the Lord, which he sent, and all the things which he charged him.",no,0,0,medium
Exodus 4:29,Exodus,4,29,And Moses and Aaron went and gathered the elders of the sons of Israel.,And Moses and Aaron went and gathered the elders of the children of Israel.,no,0,0,low
Exodus 4:30,Exodus,4,30,"And Aaron spoke all these words that God had spoken to Moses, and he did the signs before the people.","And Aaron spoke all these words, which God spoke to Moses, and wrought the miracles before the people.",no,0,0,low
Exodus 4:31,Exodus,4,31,"And the people believed and rejoiced because God had visited the sons of Israel and because he had seen their affliction. And bowing down, the people worshiped.","And the people believed and rejoiced, because God visited the children of Israel, and because he saw their affliction: and the people bowed and worshipped.",no,1,1,high
Exodus 5:1,Exodus,5,1,"And after these things Moses and Aaron went in to Pharaoh and said to him, 'These things says the Lord, the God of Israel: Send out my people so that they may hold a feast to me in the wilderness.'","And after this went in Moses and Aaron to Pharao, and they said to him, These things says the Lord God of Israel, Send my people away, that they may keep a feast to me in the wilderness.",no,0,0,low
Exodus 5:2,Exodus,5,2,"And Pharaoh said, 'Who is this, whose voice I should listen to so as to send out the sons of Israel? I do not know the Lord, and I will not send Israel out.'","And Pharao said, Who is he that I should hearken to his voice, so that I should send away the children of Israel? I do not know the Lord, and I will not let Israel go.",no,1,1,high
Exodus 5:3,Exodus,5,3,"And they say to him, 'The God of the Hebrews has summoned us. Let us go then a journey of three days into the wilderness so that we may sacrifice to our God, lest death or slaughter meet us.'","And they say to him, The God of the Hebrews has called us to him: we will go therefore a three days' journey into the wilderness, that we may sacrifice to the Lord our God, lest at any time death or slaughter happen to us.",no,0,0,low
Exodus 5:4,Exodus,5,4,"And the king of Egypt said to them, 'Why, Moses and Aaron, do you turn my people away from their works? Go away, each of you, to his work.'","And the king of Egypt said to them, Why do ye, Moses and Aaron, turn the people from their works? depart each of you to your works.",no,0,0,medium
Exodus 5:5,Exodus,5,5,"And Pharaoh said, 'Look now, the people are numerous. Should we then give them rest from their works?'","And Pharao said, Behold now, the people is very numerous; let us not then give them rest from their work.",no,0,0,medium
Exodus 5:6,Exodus,5,6,"And Pharaoh commanded the taskmasters of the people and the scribes, saying,","And Pharao gave orders to the task-masters of the people and the accountants, saying,",no,0,0,medium
Exodus 5:7,Exodus,5,7,You shall no longer continue giving straw to the people for brick-making as yesterday and the day before. Let them go and gather straw for themselves.,"Ye shall no longer give straw to the people for brick-making as yesterday and the third day; but let them go themselves, and collect straw for themselves.",no,0,0,low
Exodus 5:8,Exodus,5,8,"And the quota of brick that they make each day, you shall impose on them; you shall not take away anything, for they are idle. Because of this they cry out, saying, Let us go and sacrifice to our God.","And thou shalt impose on them daily the rate of brick-making which they perform: thou shalt not abate anything, for they are idle; therefore have they cried, saying, Let us arise and do sacrifice to our God.",no,0,0,low
Exodus 5:9,Exodus,5,9,"Let the works of these men be made heavy, and let them attend to these things, and let them not attend to empty words.","Let the works of these men be made grievous, and let them care for these things, and not care for vain words.",no,1,1,high
Exodus 5:10,Exodus,5,10,"And the taskmasters and the scribes hurried them and spoke to the people, saying, 'These things says Pharaoh: I no longer give you straw.'","And the taskmasters and the accountants hastened them, and they spoke to the people, saying, Thus says Pharao, I will give you straw no longer.",no,0,0,low
Exodus 5:11,Exodus,5,11,"You yourselves go gather straw for yourselves wherever you can find it, for nothing is taken away from your quota.","Go ye, yourselves, get for yourselves straw whencesoever ye can find it, for nothing is diminished from your rate.",no,0,0,low
Exodus 5:12,Exodus,5,12,So the people were scattered through all Egypt to gather stubble for straw.,"So the people were dispersed in all the land of Egypt, to gather stubble for straw.",no,0,0,low
Exodus 5:13,Exodus,5,13,"And the taskmasters hurried them, saying, 'Finish the works assigned each day, just as when the straw was being given to you.'","And the taskmasters hastened them, saying, Fulfil your regular daily tasks, even as when straw was given you.",no,0,0,medium
Exodus 5:14,Exodus,5,14,"And the scribes from the race of the sons of Israel, those appointed over them by Pharaoh's overseers, were beaten, saying, 'Why have you not completed your quotas of brick-making as yesterday and the day before, and now today as well?'","And the accountants of the race of the children of Israel, who were set over them by the masters of Pharao, were scourged, [and questioned,] men saying, Why have ye not fulfilled your rates of brick-work as yesterday and the third day, to-day also?",no,0,0,low
Exodus 5:15,Exodus,5,15,"Then the scribes of the sons of Israel went in and cried out to Pharaoh, saying, 'Why do you act this way toward your servants?'","And the accountants of the children of Israel went in and cried to Pharao, saying, Why dost thou act thus to thy servants?",no,0,0,low
Exodus 5:16,Exodus,5,16,"Straw is not given to your servants, and they tell us, Make bricks. And look, your servants are being beaten. But you do wrong to your people.","Straw is not given to thy servants, and they tell us to make brick; and behold thy servants have been scourged: thou wilt therefore injure thy people.",no,0,0,medium
Exodus 5:17,Exodus,5,17,"And he said to them, 'You are idle; you are idlers. Because of this you say, Let us go sacrifice to our God.'","And he said to them, Ye are idle, ye are idlers: therefore ye say, Let us go and do sacrifice to our God.",no,0,0,low
Exodus 5:18,Exodus,5,18,"Now then, go work. For straw will not be given to you, yet you must deliver the quota of bricks.","Now then go and work, for straw shall not be given to you, yet ye shall return the rate of bricks.",no,0,0,low
Exodus 5:19,Exodus,5,19,"And the scribes of the sons of Israel saw themselves in trouble, as it was said, 'You shall not leave off from the bricks assigned each day.'","And the accountants of the children of Israel saw themselves in an evil plight, men saying, Ye shall not fail to deliver the daily rate of the brick-making.",no,0,0,low
Exodus 5:20,Exodus,5,20,"Then they met Moses and Aaron, who were standing to meet them as they came out from Pharaoh.","And they met Moses and Aaron coming forth to meet them, as they came forth from Pharao.",no,0,0,low
Exodus 5:21,Exodus,5,21,"And they said to them, 'May God look upon you and judge, because you have made our smell abhorrent before Pharaoh and before his servants, putting a sword into his hands to kill us.'","And they said to them, The Lord look upon you and judge you, for ye have made our savour abominable before Pharao, and before his servants, to put a sword into his hands to slay us.",no,1,1,high
Exodus 5:22,Exodus,5,22,"Then Moses turned back to the Lord and said, 'Lord, why have you afflicted this people, and why have you sent me?'","And Moses turned to the Lord, and said, I pray, Lord, why hast thou afflicted this people? and wherefore hast thou sent me?",no,0,0,low
Exodus 5:23,Exodus,5,23,"For from the time I went to Pharaoh to speak in your name, he has afflicted this people, and you have certainly not rescued your people.","For from the time that I went to Pharao to speak in thy name, he has afflicted this people, and thou hast not delivered thy people.",no,0,0,low
Exodus 6:1,Exodus,6,1,"And the Lord said to Moses, 'Now you will see what I will do to Pharaoh. For with a mighty hand he will send them out, and with a high arm he will cast them out of his land.'","And the Lord said to Moses, Now thou shalt see what I will do to Pharao; for he shall send them forth with a mighty hand, and with a high arm shall he cast them out of his land.",no,0,0,low
Exodus 6:2,Exodus,6,2,"And God spoke to Moses and said to him, 'I am the Lord.'","And God spoke to Moses and said to him, I am the Lord.",yes,0,0,none
Exodus 6:3,Exodus,6,3,"And I appeared to Abraham and Isaac and Jacob as their God, but my name Lord I did not make known to them.","And I appeared to Abraam and Isaac and Jacob, being their God, but I did not manifest to them my name Lord.",no,1,1,high
Exodus 6:4,Exodus,6,4,"And I also established my covenant with them, to give them the land of the Canaanites, the land where they sojourned, in which they also lived as strangers.","And I established my covenant with them, to give them the land of the Chananites, the land wherein they sojourned, in which also they dwelt as strangers.",no,0,0,low
Exodus 6:5,Exodus,6,5,"And I also heard the groaning of the sons of Israel, whom the Egyptians enslave, and I remembered the covenant with you.",And I hearkened to the groaning of the children of Israel (the affliction with which the Egyptians enslave them) and I remembered the covenant with you.,no,1,1,high
Exodus 6:6,Exodus,6,6,"Go, say to the sons of Israel, I am the Lord, and I will bring you out from the tyranny of the Egyptians, and I will rescue you from slavery, and I will redeem you with a high arm and with great judgment.","Go, speak to the children of Israel, saying, I am the Lord; and I will lead you forth from the tyranny of the Egyptians, and I will deliver you from bondage, and I will ransom you with a high arm, and great judgment.",no,0,0,low
Exodus 6:7,Exodus,6,7,"And I will take you to myself as a people for me, and I will be your God, and you will know that I am the Lord your God, the one bringing you out from the oppression of the Egyptians.","And I will take you to me a people for myself, and will be your God; and ye shall know that I am the Lord your God, who brought you out from the tyranny of the Egyptians.",no,0,0,low
Exodus 6:8,Exodus,6,8,"And I will bring you into the land into which I stretched out my hand to give it to Abraham and Isaac and Jacob, and I will give it to you as an inheritance. I am the Lord.","And I will bring you into the land concerning which I stretched out my hand to give it to Abraam and Isaac and Jacob, and I will give it you for an inheritance: I am the Lord.",no,0,0,low
Exodus 6:9,Exodus,6,9,"And Moses spoke thus to the sons of Israel, but they did not listen to Moses because of shortness of spirit and because of the hard labors.","And Moses spoke thus to the sons of Israel, and they hearkened not to Moses for faint-heartedness, and for their hard tasks.",no,1,1,high
Exodus 6:10,Exodus,6,10,"Then the Lord said to Moses, saying,","And the Lord spoke to Moses, saying,",no,0,0,low
Exodus 6:11,Exodus,6,11,"Go in, speak to Pharaoh king of Egypt, so that he may send out the sons of Israel from his land.","Go in, speak to Pharao king of Egypt, that he send forth the children of Israel out of his land.",no,0,0,low
Exodus 6:12,Exodus,6,12,"But Moses spoke before the Lord, saying, 'Look, the sons of Israel did not listen to me; so how will Pharaoh listen to me? And I am without speech.'","And Moses spoke before the Lord, saying, Behold, the children of Israel hearkened not to me, and how shall Pharao hearken to me? and I am not eloquent.",no,1,1,high
Exodus 6:13,Exodus,6,13,"And the Lord spoke to Moses and Aaron, and he charged them concerning Pharaoh king of Egypt, that he should send out the sons of Israel from the land of Egypt.","And the Lord spoke to Moses and Aaron, and gave them a charge to Pharao king of Egypt, that he should send forth the children of Israel out of the land of Egypt.",no,0,0,low
Exodus 6:14,Exodus,6,14,"And these are the heads of the houses of their families: sons of Reuben, firstborn of Israel: Enoch and Phallus, Asron and Charmi. This is the kindred of Reuben.","And these are the heads of the houses of their families: the sons of Ruben the first-born of Israel; Enoch and Phallus, Asron, and Charmi, this is the kindred of Ruben.",no,0,0,low
Exodus 6:15,Exodus,6,15,"And sons of Simeon: Jemuel and Jamin and Aod and Jachin and Saar and Saul, the one from the Phoenician woman. These are the families of the sons of Simeon.","And the sons of Symeon, Jemuel and Jamin, and Aod, and Jachin and Saar, and Saul the son of a Phœnician woman, these are the families of the sons of Symeon.",no,0,0,medium
Exodus 6:16,Exodus,6,16,"And these are the names of the sons of Levi according to their kinships: Gedson, Caath, and Merari. And the years of Levi's life were one hundred thirty-seven.","And these are the names of the sons of Levi according to their kindreds, Gedson, Caath, and Merari; and the years of the life of Levi were a hundred and thirty-seven.",no,0,0,low
Exodus 6:17,Exodus,6,17,"And these are the sons of Gedson: Lobeni and Semei, houses of their families.","And these are the sons of Gedson, Lobeni and Semei, the houses of their family. And the sons of Caath,",no,0,0,low
Exodus 6:18,Exodus,6,18,"And sons of Caath: Ambram and Issaar, Chebron, and Oziel. And the years of Caath's life were one hundred thirty years.","Ambram and Issaar, Chebron, and Oziel; and the years of the life of Caath were a hundred and thirty-three years.",no,0,0,low
Exodus 6:19,Exodus,6,19,And sons of Merari: Mooli and Omousi. These are the houses of Levi according to their kinships.,"And the sons of Merari, Moöli, and Omusi, these are the houses of the families of Levi, according to their kindreds.",no,0,0,low
Exodus 6:20,Exodus,6,20,"And Ambram took Jochabed, daughter of his father's brother, as wife to himself, and she bore to him Aaron and Moses and Mariam their sister. And the years of Ambram's life were one hundred thirty-two years.","And Ambram took to wife Jochabed the daughter of his father's brother, and she bore to him both Aaron and Moses, and Mariam their sister: and the years of the life of Ambram were a hundred and thirty-two years.",no,0,0,low
Exodus 6:21,Exodus,6,21,And sons of Issaar: Core and Naphec and Zechri.,"And the sons of Issaar, Core, and Naphec, and Zechri.",no,0,0,low
Exodus 6:22,Exodus,6,22,And sons of Oziel: Elisaphan and Setri.,"And the sons of Oziel, Misael, and Elisaphan, and Segri.",no,0,0,low
Exodus 6:23,Exodus,6,23,"And Aaron took Elisabeth daughter of Aminadab, sister of Naasson, as wife to himself, and she bore to him Nadab and Abiud and Eleazar and Ithamar.","And Aaron took to himself to wife Elisabeth daughter of Aminadab sister of Naasson, and she bore to him both Nadab and Abiud, and Eleazar and Ithamar.",no,0,0,low
Exodus 6:24,Exodus,6,24,And sons of Core: Asir and Elkana and Abiasaph. These are the generations of Core.,"And the sons of Core, Asir, and Elkana, and Abiasar, these are the generations of Core.",no,0,0,low
Exodus 6:25,Exodus,6,25,"And Eleazar son of Aaron took for himself as wife one of the daughters of Phutiel, and she bore to him Phinees. These are the heads of the fathers of the Levites according to their generations.","And Eleazar the son of Aaron took to himself for a wife one of the daughters of Phutiel, and she bore to him Phinees. These are the heads of the family of the Levites, according to their generations.",no,0,0,low
Exodus 6:26,Exodus,6,26,"This is Aaron and Moses, to whom God told them to bring out the sons of Israel from the land of Egypt with their forces.","This is Aaron and Moses, whom God told to bring out the children of Israel out of the land of Egypt with their forces.",no,0,0,low
Exodus 6:27,Exodus,6,27,These are the ones speaking to Pharaoh king of Egypt and bringing out the sons of Israel from Egypt: this Aaron and Moses.,"These are they that spoke with Pharao king of Egypt, and Aaron himself and Moses brought out the children of Israel from the land of Egypt,",no,0,0,low
Exodus 6:28,Exodus,6,28,"Now it happened on the day the Lord spoke to Moses in the land of Egypt,",in the day in which the Lord spoke to Moses in the land of Egypt;,no,0,0,low
Exodus 6:29,Exodus,6,29,"that the Lord spoke to Moses, saying, 'I am the Lord. Speak to Pharaoh king of Egypt all that I speak to you.'","then the Lord spoke to Moses, saying, I am the Lord: speak to Pharao king of Egypt whatsoever I say to thee.",no,0,0,low
Exodus 6:30,Exodus,6,30,"And Moses said before the Lord, 'Look, I am weak-voiced, and how will Pharaoh listen to me?'","And Moses said before the Lord, Behold, I am not able in speech, and how shall Pharao hearken to me?",no,0,0,low
Exodus 7:1,Exodus,7,1,"And the Lord said to Moses, saying, 'See, I have given you as god to Pharaoh, and Aaron your brother shall be your prophet.'","And the Lord spoke to Moses, saying, Behold, I have made thee a god to Pharao, and Aaron thy brother shall be thy prophet.",no,1,1,high
Exodus 7:2,Exodus,7,2,"You shall speak to him all that I command you, and Aaron your brother shall speak to Pharaoh so that he may send out the sons of Israel from his land.","And thou shalt say to him all things that I charge thee, and Aaron thy brother shall speak to Pharao, that he should send forth the children of Israel out of his land.",no,0,0,medium
Exodus 7:3,Exodus,7,3,"But I will harden Pharaoh's heart, and I will multiply my signs and wonders in the land of Egypt.","And I will harden the heart of Pharao, and I will multiply my signs and wonders in the land of Egypt.",no,0,0,low
Exodus 7:4,Exodus,7,4,"And Pharaoh will not listen to you, and I will lay my hand upon Egypt, and with my power I will bring out my people, the sons of Israel, from the land of Egypt with great vengeance.","And Pharao will not hearken to you, and I will lay my hand upon Egypt; and will bring out my people the children of Israel with my power out of the land of Egypt with great vengeance.",no,0,0,low
Exodus 7:5,Exodus,7,5,"And all the Egyptians shall know that I am the Lord, stretching out my hand upon Egypt, when I bring out the sons of Israel from their midst.","And all the Egyptians shall know that I am the Lord, stretching out my hand upon Egypt, and I will bring out the children of Israel out of the midst of them.",no,0,0,low
Exodus 7:6,Exodus,7,6,And Moses and Aaron did just as the Lord commanded them; so they did.,"And Moses and Aaron did as the Lord commanded them, so did they.",no,0,0,medium
Exodus 7:7,Exodus,7,7,"Now Moses was eighty years old, and Aaron his brother was eighty-three years old, when he spoke to Pharaoh.","And Moses was eighty years old, and Aaron his brother was eighty-three years old, when he spoke to Pharao.",no,0,0,low
Exodus 7:8,Exodus,7,8,"And the Lord said to Moses and Aaron, saying,","And the Lord spoke to Moses and Aaron, saying,",no,0,0,low
Exodus 7:9,Exodus,7,9,"And if Pharaoh speaks to you, saying, Give us a sign or a wonder, then you shall say to Aaron your brother, Take the staff and throw it on the ground before Pharaoh and before his servants, and it will become a dragon.","Now if Pharao should speak to you, saying, Give us a sign or a wonder, then shalt thou say to thy brother Aaron, Take thy rod and cast it upon the ground before Pharao, and before his servants, and it shall become a serpent.",no,1,1,high
Exodus 7:10,Exodus,7,10,"And Moses and Aaron went in before Pharaoh and his servants, and they did so, just as the Lord had commanded them. And Aaron threw down his staff before Pharaoh and before his servants, and it became a dragon.","And Moses and Aaron went in before Pharao, and before his servants, and they did so, as the Lord commanded them; and Aaron cast down his rod before Pharao, and before his servants, and it became a serpent.",no,0,0,medium
Exodus 7:11,Exodus,7,11,"Then Pharaoh called together the wise men of Egypt and the sorcerers, and the enchanters of the Egyptians also did likewise with their sorceries.","But Pharao called together the wise men of Egypt, and the sorcerers, and the charmers also of the Egyptians did likewise with their sorceries.",no,0,0,low
Exodus 7:12,Exodus,7,12,"And each one threw down his staff, and they became dragons, but Aaron's staff swallowed up their staffs.","And they cast down each his rod, and they became serpents, but the rod of Aaron swallowed up their rods.",no,0,0,low
Exodus 7:13,Exodus,7,13,"And Pharaoh's heart grew strong, and he did not listen to them, just as the Lord had spoken to them.","And the heart of Pharao was hardened, and he hearkened not to them, as the Lord charged them.",no,1,1,high
Exodus 7:14,Exodus,7,14,"And the Lord said to Moses, 'Pharaoh's heart has become heavy, so that he will not send out the people.'","And the Lord said to Moses, The heart of Pharao is made hard, so that he should not let the people go.",no,1,1,high
Exodus 7:15,Exodus,7,15,"Go to Pharaoh in the morning. Look, he is going out to the water, and you shall stand to meet him on the bank of the river, and you shall take in your hand the staff that was turned into a snake.","Go to Pharao early in the morning: behold, he goes forth to the water; and thou shalt meet him on the bank of the river, and thou shalt take in thine hand the rod that was turned into a serpent.",no,0,0,low
Exodus 7:16,Exodus,7,16,"And you shall say to him, The Lord, the God of the Hebrews, has sent me to you, saying, Send out my people so that they may serve me in the wilderness, and look, until now you have not listened.","And thou shalt say to him, The Lord God of the Hebrews has sent me to thee, saying, Send my people away, that they may serve me in the wilderness, and, behold, hitherto thou hast not hearkened.",no,0,0,low
Exodus 7:17,Exodus,7,17,"These things says the Lord: By this you shall know that I am the Lord. Look, I strike with the staff in my hand upon the water in the river, and it will turn into blood.","These things saith the Lord: Hereby shalt thou know that I am the Lord: behold, I strike with the rod that is in my hand on the water which is in the river, and it shall change it into blood.",no,0,0,low
Exodus 7:18,Exodus,7,18,"And the fish in the river will die, and the river will stink, and the Egyptians will not be able to drink water from the river.","And the fish that are in the river shall die, and the river shall stink thereupon, and the Egyptians shall not be able to drink water from the river.",no,0,0,low
Exodus 7:19,Exodus,7,19,"And the Lord said to Moses, Say to Aaron your brother, Take your staff and stretch out your hand over the waters of Egypt, over their rivers and their canals and their marshes and every standing water of theirs, and it will become blood. And there will be blood in all the land of Egypt, both in the woods and in the stones.","And the Lord said to Moses, Say to thy brother Aaron, Take thy rod in thy hand, and stretch forth thy hand over the waters of Egypt, and over their rivers, and over their canals, and over their ponds, and over all their standing water, and it shall become blood: and there was blood in all the land of Egypt, both in vessels of wood and of stone.",no,0,0,low
Exodus 7:20,Exodus,7,20,"And Moses and Aaron did so, just as the Lord commanded them, and lifting up his staff, he struck the water in the river before Pharaoh and before his servants, and all the water in the river turned into blood.","And Moses and Aaron did so, as the Lord commanded them; and Aaron having lifted up his hand with his rod, smote the water in the river before Pharao, and before his servants, and changed all the water in the river into blood.",no,0,0,medium
Exodus 7:21,Exodus,7,21,"And the fish in the river died, and the river stank, and the Egyptians were not able to drink water from the river, and the blood was in all the land of Egypt.","And the fish in the river died, and the river stank thereupon; and the Egyptians could not drink water from the river, and the blood was in all the land of Egypt.",no,0,0,low
Exodus 7:22,Exodus,7,22,"And the enchanters of the Egyptians did likewise with their sorceries, and Pharaoh's heart was hardened, and he did not listen to them, just as the Lord had said.","And the charmers also of the Egyptians did so with their sorceries; and the heart of Pharao was hardened, and he did not hearken to them, even as the Lord said.",no,0,0,low
Exodus 7:23,Exodus,7,23,"And Pharaoh turned and went into his house, and he did not set his mind even on this.","And Pharao turned and entered into his house, nor did he fix his attention even on this thing.",no,0,0,low
Exodus 7:24,Exodus,7,24,"And all the Egyptians dug around the river so that they might drink water, for they were not able to drink water from the river.","And all the Egyptians dug round about the river, so as to drink water, for they could not drink water from the river.",no,0,0,low
Exodus 7:25,Exodus,7,25,And seven days were fulfilled after the Lord struck the river.,And seven days were fulfilled after the Lord had smitten the river.,no,0,0,low
Exodus 7:26,Exodus,7,26,"And the Lord said to Moses, Go in to Pharaoh and say to him, These things says the Lord: Send out my people so that they may serve me.","And the Lord said to Moses, Go in to Pharao, and thou shalt say to him, These things says the Lord: send forth my people, that they may serve me.",no,0,0,low
Exodus 7:27,Exodus,7,27,"But if you do not want to send them out, look, I strike all your borders with frogs.","And if thou wilt not send them forth, behold, I afflict all thy borders with frogs:",no,0,0,low
Exodus 7:28,Exodus,7,28,"And the river will teem with frogs, and they will come up and enter into your houses and into the inner rooms of your bedchambers and upon your beds and into the houses of your servants and your people and into your dough and your ovens.","and the river shall teem with frogs, and they shall go up and enter into thy houses, and into thy bed-chambers, and upon thy beds, and upon the houses of thy servants, and of thy people, and on thy dough, and on thine ovens.",no,0,0,low
Exodus 7:29,Exodus,7,29,And upon you and upon your servants and upon your people the frogs will come up.,"And upon thee, and upon thy servants, and upon thy people, shall the frogs come up.",no,0,0,low
Exodus 8:1,Exodus,8,1,"And the Lord said to Moses, Say to Aaron your brother, Stretch out your hand with your staff over the rivers and over the canals and over the marshes, and bring up the frogs.","And the Lord said to Moses, Say to Aaron thy brother, Stretch forth with the hand thy rod over the rivers, and over the canals, and over the pools, and bring up the frogs.",no,0,0,low
Exodus 8:2,Exodus,8,2,"And Aaron stretched out his hand over the waters of Egypt and brought up the frogs, and the frog came up and covered the land of Egypt.","And Aaron stretched forth his hand over the waters of Egypt, and brought up the frogs: and the frog was brought up, and covered the land of Egypt.",no,0,0,low
Exodus 8:3,Exodus,8,3,"And the enchanters of the Egyptians did likewise with their sorceries, and they brought up the frogs upon the land of Egypt.","And the charmers of the Egyptians also did likewise with their sorceries, and brought up the frogs on the land of Egypt.",no,0,0,low
Exodus 8:4,Exodus,8,4,"And Pharaoh called Moses and Aaron and said, Pray concerning me to the Lord, and let him take away the frogs from me and from my people, and I will send out the people, and they will sacrifice to the Lord.","And Pharao called Moses and Aaron, and said, Pray for me to the Lord, and let him take away the frogs from me and from my people; and I will send them away, and they shall sacrifice to the Lord.",no,0,0,low
Exodus 8:5,Exodus,8,5,"And Moses said to Pharaoh, Set for me when I should pray concerning you and concerning your servants and concerning your people, to wipe out the frogs from you and from your people and from your houses; only in the river will they be left.","And Moses said to Pharao, Appoint me a time when I shall pray for thee, and for thy servants, and for thy people, to cause the frogs to disappear from thee, and from thy people, and from your houses, only in the river shall they be left behind.",no,0,0,low
Exodus 8:6,Exodus,8,6,"And he said, Tomorrow. Then he said, As you have spoken, so that you may know that there is no other besides the Lord.","And he said, On the morrow: he said therefore, As thou hast said; that thou mayest know, that there is no other God but the Lord.",no,0,0,low
Exodus 8:7,Exodus,8,7,And the frogs will be taken away from you and from your houses and from the courtyards and from your servants and from your people; only in the river will they be left.,"And the frogs shall be removed away from thee, and from your houses and from the villages, and from thy servants, and from thy people, only in the river they shall be left.",no,0,0,low
Exodus 8:8,Exodus,8,8,"And Moses and Aaron went out from Pharaoh, and Moses cried out to the Lord concerning the appointed matter of the frogs, as Pharaoh had set it.","And Moses and Aaron went forth from Pharao, and Moses cried to the Lord concerning the restriction of the frogs, as Pharao appointed him.",no,0,0,low
Exodus 8:9,Exodus,8,9,"And the Lord did just as Moses said, and the frogs died out of the houses and out of the courtyards and out of the fields.","And the Lord did as Moses said, and the frogs died out of the houses, and out of the villages, and out of the fields.",no,0,0,low
Exodus 8:10,Exodus,8,10,"And they gathered them in heaps upon heaps, and the land stank.","And they gathered them together in heaps, and the land stank.",no,0,0,low
Exodus 8:11,Exodus,8,11,"And Pharaoh, seeing that there had come relief, made his heart heavy, and he did not listen to them, just as the Lord had spoken.","And when Pharao saw that there was relief, his heart was hardened, and he did not hearken to them, as the Lord spoke.",no,0,0,low
Exodus 8:12,Exodus,8,12,"And the Lord said to Moses, Say to Aaron, Stretch out your hand with your staff and strike the dust of the earth, and there will be gnats both on human beings and on the four-footed animals and in all the land of Egypt.","And the Lord said to Moses, Say to Aaron, Stretch forth thy rod with thy hand and smite the dust of the earth; and there shall be lice both upon man, and upon quadrupeds, and in all the land of Egypt.",no,1,1,high
Exodus 8:13,Exodus,8,13,"So Aaron stretched out his hand with the staff and struck the dust of the earth, and the gnats came on human beings and on the four-footed animals, and in all the dust of the earth there were gnats in all the land of Egypt.","So Aaron stretched out his rod with his hand, and smote the dust of the earth; and the lice were on men and on quadrupeds, and in all the dust of the earth there were lice.",no,0,0,medium
Exodus 8:14,Exodus,8,14,"And the enchanters did likewise with their sorceries, trying to bring out the gnat, and they were not able, and the gnats were on the human beings and on the four-footed animals.","And the charmers also did so with their sorceries, to bring forth the louse, and they could not. And the lice were both on the men and on the quadrupeds.",no,0,0,medium
Exodus 8:15,Exodus,8,15,"Then the enchanters said to Pharaoh, This is the finger of God. And Pharaoh's heart was hardened, and he did not listen to them, just as the Lord had spoken.","So the charmers said to Pharao, This is the finger of God. But the heart of Pharao was hardened, and he hearkened not to them, as the Lord said.",no,0,0,low
Exodus 8:16,Exodus,8,16,"And the Lord said to Moses, Rise early in the morning and stand before Pharaoh, and look, he goes out to the water, and you shall say to him, These things says the Lord: Send out my people so that they may serve me in the wilderness.","And the Lord said to Moses, Rise up early in the morning, and stand before Pharao: and, behold, he will go forth to the water, and thou shalt say to him, These things says the Lord: Send away my people, that they may serve me in the wilderness.",no,0,0,low
Exodus 8:17,Exodus,8,17,"But if you do not want to send out my people, look, I send upon you and upon your servants and upon your people and upon your houses the dog-fly, and the houses of the Egyptians will be filled with the dog-fly, and even the land on which they are.","And if thou wilt not let my people go, behold, I send upon thee, and upon thy servants, and upon thy people, and upon your houses, the dog-fly; and the houses of the Egyptians shall be filled with the dog-fly, even throughout the land upon which they are.",no,1,1,high
Exodus 8:18,Exodus,8,18,"And I will distinguish wondrously on that day the land of Goshen, on which my people dwell, where the dog-fly will not be there, so that you may know that I am the Lord, the Lord of all the earth.","And I will distinguish marvellously in that day the land of Gesem, on which my people dwell, in which the dog-fly shall not be: that thou mayest know that I am the Lord the God of all the earth.",no,1,1,high
Exodus 8:19,Exodus,8,19,And I will put a distinction between my people and between your people. Tomorrow this sign will be upon the land.,"And I will put a difference between my people and thy people, and on the morrow shall this be on the land. And the Lord did thus.",no,1,1,high
Exodus 8:20,Exodus,8,20,"And the Lord did so, and the dog-fly came in abundance into the houses of Pharaoh and into the houses of his servants and into all the land of Egypt, and the land was ruined by the dog-fly.","And the dog-fly came in abundance into the houses of Pharao, and into the houses of his servants, and into all the land of Egypt; and the land was destroyed by the dog-fly.",no,0,0,low
Exodus 8:21,Exodus,8,21,"Then Pharaoh called Moses and Aaron, saying, Go, sacrifice to your God in the land.","And Pharao called Moses and Aaron, saying, Go and sacrifice to the Lord your God in the land.",no,0,0,low
Exodus 8:22,Exodus,8,22,"And Moses said, It cannot happen this way, for we shall sacrifice to the Lord our God the abominations of the Egyptians; for if we sacrifice the abominations of the Egyptians before them, we shall be stoned.","And Moses said, It cannot be so, for we shall sacrifice to the Lord our God the abominations of the Egyptians; for if we sacrifice the abominations of the Egyptians before them, we shall be stoned.",no,1,1,high
Exodus 8:23,Exodus,8,23,"We will go a journey of three days into the wilderness, and we will sacrifice to the Lord our God, just as he said to us.","We will go a journey of three days into the wilderness, and we will sacrifice to the Lord our God, as the Lord said to us.",no,0,0,low
Exodus 8:24,Exodus,8,24,"And Pharaoh said, I send you out, and sacrifice to the Lord your God in the wilderness, only do not cut it too far to go. Pray then concerning me to the Lord.","And Pharao said, I will let you go, and do ye sacrifice to your God in the wilderness, but do not go very far away: pray then for me to the Lord.",no,0,0,low
Exodus 8:25,Exodus,8,25,"And Moses said, Look, I am going out from you, and I will pray to God, and the dog-fly will depart from you and from your servants and your people tomorrow. Only do not add again, Pharaoh, to deceive by not sending out the people to sacrifice to the Lord.","And Moses said, I then will go forth from thee and pray to God, and the dog-fly shall depart both from thy servants, and from thy people to-morrow. Do not thou, Pharao, deceive again, so as not to send the people away to do sacrifice to the Lord.",no,0,0,low
Exodus 8:26,Exodus,8,26,And Moses went out from Pharaoh and prayed to God.,"And Moses went out from Pharao, and prayed to God.",no,0,0,low
Exodus 8:27,Exodus,8,27,"And the Lord did just as Moses said, and he removed the dog-fly from Pharaoh and his servants and his people, and not one was left.","And the Lord did as Moses said, and removed the dog-fly from Pharao, and from his servants, and from his people, and there was not one left.",no,0,0,low
Exodus 8:28,Exodus,8,28,"And Pharaoh made his heart heavy also at this time, and he did not want to send out the people.","And Pharao hardened his heart, even on this occasion, and he would not send the people away.",no,0,0,low
Exodus 9:1,Exodus,9,1,"And the Lord said to Moses, Go in to Pharaoh, and you shall say to him, These things says the Lord, the God of the Hebrews: Send out my people so that they may serve me.","And the Lord said to Moses, Go in to Pharao, and thou shalt say to him, These things saith the Lord God of the Hebrews; Send my people away that they may serve me.",no,0,0,low
Exodus 9:2,Exodus,9,2,"If, however, you do not want to send out my people, but still hold them back,","If however thou wilt not send my people away, but yet detainest them:",no,0,0,low
Exodus 9:3,Exodus,9,3,"look, the hand of the Lord will come upon your livestock in the fields, both on the horses and on the beasts of burden and the camels and oxen and sheep, a very great death.","behold, the hand of the Lord shall be upon thy cattle in the fields, both on the horses, and on the asses, and on the camels and oxen and sheep, a very great mortality.",no,0,0,low
Exodus 9:4,Exodus,9,4,And I will make a wondrous distinction at that time between the livestock of the Egyptians and the livestock of the sons of Israel; not one thing from all that belongs to the sons of Israel shall die.,"And I will make a marvellous distinction in that time between the cattle of the Egyptians, and the cattle of the children of Israel: nothing shall die of all that is of the children's of Israel.",no,1,1,high
Exodus 9:5,Exodus,9,5,"And God set a limit, saying, Tomorrow the Lord will do this thing on the land.","And God fixed a limit, saying, To-morrow the Lord will do this thing on the land.",no,0,0,low
Exodus 9:6,Exodus,9,6,"And the Lord did this thing on the next day, and all the livestock of the Egyptians died, but from the livestock of the sons of Israel not one died.","And the Lord did this thing on the next day, and all the cattle of the Egyptians died, but of the cattle of the children of Israel there died not one.",no,0,0,low
Exodus 9:7,Exodus,9,7,"And Pharaoh, seeing that not one had died from all the livestock of the sons of Israel, made Pharaoh's heart heavy, and he did not send out the people.","And when Pharao saw, that of all the cattle of the children of Israel there died not one, the heart of Pharao was hardened, and he did not let the people go.",no,0,0,low
Exodus 9:8,Exodus,9,8,"And the Lord said to Moses and Aaron, saying, Take for yourselves full handfuls of furnace soot, and let Moses scatter it into the sky before Pharaoh and before his servants.","And the Lord spoke to Moses and Aaron, saying, Take you handfuls of ashes of the furnace, and let Moses scatter it toward heaven before Pharao, and before his servants.",no,0,0,low
Exodus 9:9,Exodus,9,9,"And let it become dust over all the land of Egypt, and it will be on the human beings and on the four-footed animals sores with blisters boiling up in all the land of Egypt.","And let it become dust over all the land of Egypt, and there shall be upon men and upon beasts sore blains breaking forth both on men and on beasts, in all the land of Egypt.",no,1,1,high
Exodus 9:10,Exodus,9,10,"So they took the furnace soot before Pharaoh, and Moses scattered it into the sky, and it became sores with blisters boiling up on the human beings and on the four-footed animals.","So he took of the ashes of the furnace before Pharao, and Moses scattered it toward heaven, and it became sore blains breaking forth both on men and on beasts.",no,0,0,medium
Exodus 9:11,Exodus,9,11,"And the sorcerers were not able to stand before Moses because of the sores, for the sores came on the sorcerers and in all the land of Egypt.","And the sorcerers could not stand before Moses because of the sores, for the sores were on the sorcerers, and in all the land of Egypt.",no,0,0,low
Exodus 9:12,Exodus,9,12,"And the Lord hardened Pharaoh's heart, and he did not listen to them, just as the Lord had commanded.","And the Lord hardened Pharao's heart, and he hearkened not to them, as the Lord appointed.",no,0,0,medium
Exodus 9:13,Exodus,9,13,"And the Lord said to Moses, Rise early in the morning and stand before Pharaoh, and you shall say to him, These things says the Lord, the God of the Hebrews: Send out my people so that they may serve me.","And the Lord said to Moses, Rise up early in the morning, and stand before Pharao; and thou shalt say to him, These things saith the Lord God of the Hebrews, Send away my people that they may serve me.",no,0,0,low
Exodus 9:14,Exodus,9,14,"For at this present time I send all my blows into your heart and into the heart of your servants and your people, so that you may know that there is no other like me in all the earth.","For at this present time do I send forth all my plagues into thine heart, and the heart of thy servants and of thy people; that thou mayest know that there is not another such as I in all the earth.",no,1,1,high
Exodus 9:15,Exodus,9,15,"For now, sending out my hand, I will strike you and your people with death, and you will be wiped off from the earth.","For now I will stretch forth my hand and smite thee and kill thy people, and thou shalt be consumed from off the earth.",no,0,0,low
Exodus 9:16,Exodus,9,16,"And because of this you have been preserved, so that I may display in you my strength and so that my name may be proclaimed in all the earth.","And for this purpose hast thou been preserved, that I might display in thee my strength, and that my name might be published in all the earth.",no,1,1,high
Exodus 9:17,Exodus,9,17,Do you still set yourself against my people so as not to send them out?,"Dost thou then yet exert thyself to hinder my people, so as not to let them go?",no,1,1,high
Exodus 9:18,Exodus,9,18,"Look, tomorrow at this hour I will rain a very great hail, such as has not happened in Egypt from the day it was created until this day.","Behold, to-morrow at this hour I will rain a very great hail, such as has not been in Egypt, from the time it was created until this day.",no,0,0,low
Exodus 9:19,Exodus,9,19,"Now then hasten to gather your livestock and all that is yours in the field, for all the human beings and the livestock, as many as may be found in the field and not come into a house, when the hail falls upon them, will die.","Now then hasten to gather thy cattle, and all that thou hast in the fields; for all the men and cattle as many as shall be found in the fields, and shall not enter into a house, (but the hail shall fall upon them,) shall die.",no,0,0,medium
Exodus 9:20,Exodus,9,20,The one fearing the word of the Lord among Pharaoh's servants gathered his livestock into the houses.,"He of the servants of Pharao that feared the word of the Lord, gathered his cattle into the houses.",no,0,0,low
Exodus 9:21,Exodus,9,21,But whoever did not attend in his mind to the word of the Lord left the livestock in the fields.,"And he that did not attend in his mind to the word of the Lord, left the cattle in the fields.",no,0,0,low
Exodus 9:22,Exodus,9,22,"And the Lord said to Moses, Stretch out your hand to the sky, and there will be hail on all the land of Egypt, both on the human beings and on the livestock and on every plant on the land.","And the Lord said to Moses, Stretch out thine hand to heaven, and there shall be hail on all the land of Egypt, both on the men and on the cattle, and on all the herbage on the land.",no,0,0,medium
Exodus 9:23,Exodus,9,23,"And Moses stretched out his hand to the sky, and the Lord gave voices and hail, and the fire ran along on the ground, and the Lord rained hail upon all the land of Egypt.","And Moses stretched forth his hand to heaven, and the Lord sent thunderings and hail; and the fire ran along upon the ground, and the Lord rained hail on all the land of Egypt.",no,1,1,high
Exodus 9:24,Exodus,9,24,"And there was hail, and the fire flaming in the hail, and the hail was very, very great, such as had not happened in Egypt from the time a nation came to be upon it.","So there was hail and flaming fire mingled with hail; and the hail was very great, such as was not in Egypt, from the time there was a nation upon it.",no,0,0,low
Exodus 9:25,Exodus,9,25,"And the hail struck in all the land of Egypt, from human being to livestock, and the hail struck every plant in the field, and the hail shattered all the trees in the field.","And the hail smote in all the land of Egypt both man and beast, and the hail smote all the grass in the field, and the hail broke in pieces all the trees in the field.",no,0,0,medium
Exodus 9:26,Exodus,9,26,"Only in the land of Goshen, where the sons of Israel were, there was no hail.","Only in the land of Gesem where the children of Israel were, the hail was not.",no,0,0,low
Exodus 9:27,Exodus,9,27,"And Pharaoh sent and called Moses and Aaron and said to them, I have sinned this time. The Lord is righteous, but I and my people are ungodly.","And Pharao sent and called Moses and Aaron, and said to them, I have sinned this time: the Lord is righteous, and I and my people are wicked.",no,0,0,low
Exodus 9:28,Exodus,9,28,"Pray then concerning me to the Lord, and let there cease from becoming voices of God and hail and fire, and I will send you out, and you shall no longer remain.","Pray then for me to the Lord, and let him cause the thunderings of God to cease, and the hail and the fire, and I will send you forth and ye shall remain no longer.",no,1,1,high
Exodus 9:29,Exodus,9,29,"And Moses said to him, As soon as I go out from the city, I will spread out my hands to the Lord, and the voices will cease, and the hail and the rain will be no more, so that you may know that the earth belongs to the Lord.","And Moses said to him, When I shall have departed from the city, I will stretch out my hands to the Lord, and the thunderings shall cease, and the hail and the rain shall be no longer, that thou mayest know that the earth is the Lord's.",no,0,0,low
Exodus 9:30,Exodus,9,30,"But you and your servants, I know that you do not yet fear the Lord.","But as for thee and thy servants, I know that ye have not yet feared the Lord.",no,0,0,low
Exodus 9:31,Exodus,9,31,"And the flax and the barley were struck, for the barley was standing, and the flax was seeding.","And the flax and the barley were smitten, for the barley was advanced, and the flax was seeding.",no,0,0,low
Exodus 9:32,Exodus,9,32,"But the wheat and the rye were not struck, for they were late.","But the wheat and the rye were not smitten, for they were late.",no,0,0,low
Exodus 9:33,Exodus,9,33,"And Moses went out from Pharaoh, outside the city, and spread out his hands to the Lord, and the voices ceased and the hail and the rain no longer fell on the earth.","And Moses went forth from Pharao out of the city, and stretched out his hands to the Lord, and the thunders ceased and the hail, and the rain did not drop on the earth.",no,0,0,low
Exodus 9:34,Exodus,9,34,"And Pharaoh, seeing that the rain and the hail and the voices had ceased, added to sin, and he made heavy his heart and the heart of his servants.","And when Pharao saw that the rain and the hail and the thunders ceased, he continued to sin; and he hardened his heart, and the heart of his servants.",no,1,1,high
Exodus 9:35,Exodus,9,35,"And Pharaoh's heart was hardened, and he did not send out the sons of Israel, just as the Lord had spoken to Moses.","And the heart of Pharao was hardened, and he did not send forth the children of Israel, as the Lord said to Moses.",no,0,0,low
Exodus 10:1,Exodus,10,1,"Then the Lord said to Moses, ""Go in to Pharaoh, for I have hardened his heart and the heart of his servants, so that these signs may come in turn upon them,""","And the Lord spoke to Moses, saying, Go in to Pharao: for I have hardened his heart and the heart of his servants, that these signs may come upon them; in order",no,0,0,low
Exodus 10:2,Exodus,10,2,"""so that you may tell your children and your children's children how I mocked the Egyptians and the signs I performed among them, and you will know that I am the Lord.""","that ye may relate in the ears of your children, and to your children's children, in how many things I have mocked the Egyptians, and my wonders which I wrought among them; and ye shall know that I am the Lord.",no,1,1,high
Exodus 10:3,Exodus,10,3,"Then Moses and Aaron went in before Pharaoh and said to him, ""These things says the Lord, the God of the Hebrews: How long will you refuse to humble yourself before me? Send my people away, so that they may serve me.""","And Moses and Aaron went in before Pharao, and they said to him, These things saith the Lord God of the Hebrews, How long dost thou refuse to reverence me? Send my people away, that they may serve me.",no,1,1,high
Exodus 10:4,Exodus,10,4,"""But if you refuse to send my people away, behold, at this hour tomorrow I am bringing a great swarm of locusts upon all your borders.""","But if thou wilt not send my people away, behold, at this hour to-morrow I will bring an abundance of locusts upon all thy coasts.",no,0,0,low
Exodus 10:5,Exodus,10,5,"""They will cover the face of the earth, and you will not be able to see the earth. They will eat every remainder of the land left behind, what the hail left for you, and they will eat every tree growing for you on the land.""","And they shall cover the face of the earth, and thou shalt not be able to see the earth; and they shall devour all that is left of the abundance of the earth, which the hail has left you, and shall devour every tree that grows for you on the land.",no,0,0,low
Exodus 10:6,Exodus,10,6,"""Your houses will be filled, and the houses of your servants, and all the houses in all the land of the Egyptians, with things your fathers never saw, nor their forefathers, from the day they came to be on the earth until this day."" Then Moses turned away and went out from Pharaoh.","And thy houses shall be filled, and the houses of thy servants, and all the houses in all the land of the Egyptians; things which thy fathers have never seen, nor their forefathers, from the day that they were upon the earth until this day. And Moses turned away and departed from Pharao.",no,0,0,low
Exodus 10:7,Exodus,10,7,"And Pharaoh's servants said to him, ""How long will this be a snare to us? Send the men away, so that they may serve their God. Do you need to learn that Egypt is ruined?""","And the servants of Pharao say to him, How long shall this be a snare to us? send away the men, that they may serve their God; wilt thou know that Egypt is destroyed?",no,0,0,low
Exodus 10:8,Exodus,10,8,"And they brought Moses and Aaron back to Pharaoh, and he said to them, ""Go, serve the Lord your God. But who exactly are the ones going?""","And they brought back both Moses and Aaron to Pharao; and he said to them, Go and serve the Lord your God; but who are they that are going with you?",no,0,0,low
Exodus 10:9,Exodus,10,9,"And Moses said, ""We will go with young and old, with our sons and daughters, with our sheep and cattle, for we have a feast of the Lord our God.""","And Moses said, We will go with the young and the old, with our sons, and daughters, and sheep, and oxen, for it is a feast of the Lord.",no,0,0,low
Exodus 10:10,Exodus,10,10,"And he said to them, ""So be it: may the Lord be with you, just as I send you out, you and your baggage. See, evil lies ahead of you.""","And he said to them, So let the Lord be with you: as I will send you away, must I send away your store also? see that evil is attached to you.",no,1,1,high
Exodus 10:11,Exodus,10,11,"""Not so. Let the men go and serve God, for this is what you yourselves seek."" And they drove them out from Pharaoh's presence.","Not so, but let the men go and serve God, for this ye yourselves seek; and they cast them out from the presence of Pharao.",no,0,0,low
Exodus 10:12,Exodus,10,12,"Then the Lord said to Moses, ""Stretch out your hand over the land of Egypt, and let the locust come up on the land and eat every plant of the land and every fruit of the trees that the hail left.""","And the Lord said to Moses, Stretch out thine hand over the land of Egypt, and let the locust come up on the land, and it shall devour every herb of the land, and all the fruit of the trees, which the hail left.",no,0,0,low
Exodus 10:13,Exodus,10,13,"And Moses lifted up the rod toward heaven, and the Lord brought a south wind upon the land all that day and all that night. Morning came, and the south wind brought in the locust.","And Moses lifted up his rod towards heaven, and the Lord brought a south wind upon the earth, all that day and all that night: the morning dawned, and the south wind brought up the locusts,",no,0,0,medium
Exodus 10:14,Exodus,10,14,"And it came up over all the land of Egypt, and it settled over all the borders of Egypt in very great abundance. Before it no locust like it had come to be, and after it none will be so.","and brought them up over all the land of Egypt. And they rested in very great abundance over all the borders of Egypt. Before them there were not such locusts, neither after them shall there be.",no,0,0,low
Exodus 10:15,Exodus,10,15,"And it covered the face of the earth, and the land was ruined. And it ate every plant of the earth and every fruit of the trees left by the hail. No green thing was left on the trees or in any plant of the field in all the land of Egypt.","And they covered the face of the earth, and the land was wasted, and they devoured all the herbage of the land, and all the fruit of the trees, which was left by the hail: there was no green thing left on the trees, nor on all the herbage of the field, in all the land of Egypt.",no,0,0,low
Exodus 10:16,Exodus,10,16,"Then Pharaoh hurried to call Moses and Aaron, saying, ""I have sinned before the Lord your God and against you.""","And Pharao hasted to call Moses and Aaron, saying, I have sinned before the Lord your God, and against you;",no,0,0,low
Exodus 10:17,Exodus,10,17,"""Forgive, then, my sin just this once, and pray to the Lord your God, and let him take this death away from me.""","pardon therefore my sin yet this time, and pray to the Lord your God, and let him take away from me this death.",no,0,0,low
Exodus 10:18,Exodus,10,18,And Moses went out from Pharaoh and prayed to God.,"And Moses went forth from Pharao, and prayed to God.",no,0,0,low
Exodus 10:19,Exodus,10,19,"And the Lord changed the wind to a strong wind from the sea, and it took up the locust and cast it into the Red Sea. Not one locust was left in all the land of Egypt.","And the Lord brought in the opposite direction a strong wind from the sea, and took up the locusts and cast them into the Red Sea, and there was not one locust left in all the land of Egypt.",no,0,0,medium
Exodus 10:20,Exodus,10,20,"And the Lord hardened Pharaoh's heart, and he did not send away the sons of Israel.","And the Lord hardened the heart of Pharao, and he did not send away the children of Israel.",no,0,0,low
Exodus 10:21,Exodus,10,21,"Then the Lord said to Moses, ""Stretch out your hand to heaven, and let darkness come over the land of Egypt, darkness that can be felt.""","And the Lord said to Moses, Stretch out thy hand to heaven, and let there be darkness over the land of Egypt—darkness that may be felt.",no,1,1,high
Exodus 10:22,Exodus,10,22,"And Moses stretched out his hand to heaven, and there came darkness, gloom, storm-cloud over all the land of Egypt for three days.","And Moses stretched out his hand to heaven, and there was darkness very black, even a storm over all the land of Egypt three days.",no,1,1,high
Exodus 10:23,Exodus,10,23,"No one saw his brother for three days, and no one rose from his bed for three days. But all the sons of Israel had light in every place where they lived.","And for three days no man saw his brother, and no man rose up from his bed for three days: but all the children of Israel had light in all the places where they were.",no,0,0,medium
Exodus 10:24,Exodus,10,24,"Then Pharaoh called Moses and Aaron, saying, ""Go, serve the Lord your God. Only leave the sheep and cattle behind, and let your baggage go along with you.""","And Pharao called Moses and Aaron, saying, Go, serve the Lord your God, only leave your sheep and your oxen, and let your store depart with you.",no,1,0,high
Exodus 10:25,Exodus,10,25,"And Moses said, ""But you too will give us whole burnt offerings and sacrifices, and we will offer them to the Lord our God.""","And Moses said, Nay, but thou shalt give to us whole burnt-offerings and sacrifices, which we will sacrifice to the Lord our God.",no,0,0,low
Exodus 10:26,Exodus,10,26,"""Our livestock too will go with us, and we will not leave behind a hoof, for from them we will take what we need to serve the Lord our God. But we do not know with what we will serve the Lord our God until we come there.""","And our cattle shall go with us, and we will not leave a hoof behind, for of them we will take to serve the Lord our God: but we know not in what manner we shall serve the Lord our God, until we arrive there.",no,1,1,high
Exodus 10:27,Exodus,10,27,"But the Lord hardened Pharaoh's heart, and he was not willing to send them away.","But the Lord hardened the heart of Pharao, and he would not let them go.",no,0,0,low
Exodus 10:28,Exodus,10,28,"And Pharaoh said, ""Go away from me. Watch yourself. Do not see my face again, for on the day you appear before me, you will die.""","And Pharao says, Depart from me, beware of seeing my face again, for in what day thou shalt appear before me, thou shalt die.",no,0,0,medium
Exodus 10:29,Exodus,10,29,"And Moses said, ""You have spoken. I will no longer appear before your face.""","And Moses says, Thou hast said, I will not appear in thy presence again.",no,0,0,low
Exodus 11:1,Exodus,11,1,"Then the Lord said to Moses, ""Yet one plague I will bring upon Pharaoh and upon Egypt, and after that he will send you out from here. Whenever he sends you out, he will surely drive you out with a complete expulsion.""","And the Lord said to Moses, I will yet bring one plague upon Pharao and upon Egypt, and after that he will send you forth thence; and whenever he sends you forth with every thing, he will indeed drive you out.",no,1,1,high
Exodus 11:2,Exodus,11,2,"""Speak secretly into the ears of the people, and let each man ask from his neighbor, and each woman from her neighbor, silver and gold vessels and clothing.""","Speak therefore secretly in the ears of the people, and let every one ask of his neighbour jewels of silver and gold, and raiment.",no,0,0,medium
Exodus 11:3,Exodus,11,3,"And the Lord gave his people favor in the sight of the Egyptians, and they lent to them. And Moses the man became exceedingly great in the sight of the Egyptians and before Pharaoh and before all his servants.","And the Lord gave his people favour in the sight of the Egyptians, and they lent to them; and the man Moses was very great before the Egyptians, and before Pharao, and before his servants.",no,1,1,high
Exodus 11:4,Exodus,11,4,"And Moses said, ""These things says the Lord: About midnight I enter into the midst of Egypt,""","And Moses said, These things saith the Lord, About midnight I go forth into the midst of Egypt.",no,1,1,high
Exodus 11:5,Exodus,11,5,"""and every firstborn in the land of Egypt will die, from Pharaoh's firstborn who sits on the throne to the firstborn of the female servant by the mill, and to the firstborn of every beast.""","And every first-born in the land of Egypt shall die, from the first-born of Pharao that sits on the throne, even to the first-born of the woman-servant that is by the mill, and to the first-born of all cattle.",no,0,0,medium
Exodus 11:6,Exodus,11,6,"""And there will be a great cry through all the land of Egypt, such as has never happened and will never be added again.""","And there shall be a great cry through all the land of Egypt, such as has not been, and such shall not be repeated any more.",no,0,0,low
Exodus 11:7,Exodus,11,7,"""But among all the sons of Israel not a dog will snarl with its tongue, from man to beast, so that you may know how marvelously the Lord will distinguish between the Egyptians and Israel.""","But among all the children of Israel shall not a dog snarl with his tongue, either at man or beast; that thou mayest know how wide a distinction the Lord will make between the Egyptians and Israel.",no,1,1,high
Exodus 11:8,Exodus,11,8,"""And all these servants of yours will come down to me and bow to me, saying, Go out, you and all the people whom you lead, and after that I will go out."" Then Moses went out from Pharaoh with anger.","And all these thy servants shall come down to me, and do me reverence, saying, Go forth, thou and all the people over whom thou presidest, and afterwards I will go forth.",no,1,0,high
Exodus 11:9,Exodus,11,9,"Then the Lord said to Moses, ""Pharaoh will not listen to you, so that I may greatly multiply my signs and wonders in the land of Egypt.""","And Moses went forth from Pharao with wrath. And the Lord said to Moses, Pharao will not hearken to you, that I may greatly multiply my signs and wonders in the land of Egypt.",no,0,0,low
Exodus 11:10,Exodus,11,10,"And Moses and Aaron did all these signs and wonders in the land of Egypt before Pharaoh. But the Lord hardened Pharaoh's heart, and he was not willing to send the sons of Israel out of the land of Egypt.","And Moses and Aaron wrought all these signs and wonders in the land of Egypt before Pharao; and the Lord hardened the heart of Pharao, and he did not hearken to send forth the children of Israel out of the land of Egypt.",no,0,0,low
Exodus 12:1,Exodus,12,1,"Then the Lord said to Moses and Aaron in the land of Egypt, saying,","And the Lord spoke to Moses and Aaron in the land of Egypt, saying,",no,0,0,low
Exodus 12:2,Exodus,12,2,"""This month will be for you the beginning of months; it is first for you among the months of the year.""",This month shall be to you the beginning of months: it is the first to you among the months of the year.,no,0,0,low
Exodus 12:3,Exodus,12,3,"""Speak to the whole assembly of the sons of Israel, saying, On the tenth day of this month let each take for themselves an animal from the flock according to ancestral houses, each an animal from the flock for the household.""","Speak to all the congregation of the children of Israel, saying, On the tenth of this month let them take each man a lamb according to the houses of their families, every man a lamb for his household.",no,1,1,high
Exodus 12:4,Exodus,12,4,"""But if those in the house are too few for an animal from the flock, he shall take along his neighbor nearest to him according to the number of persons. Each according to what is enough for him shall be counted toward the animal from the flock.""","And if they be few in a household, so that there are not enough for the lamb, he shall take with himself his neighbour that lives near to him,—as to the number of souls, every one according to that which suffices him shall make a reckoning for the lamb.",no,0,0,medium
Exodus 12:5,Exodus,12,5,"""The animal from the flock shall be for you unblemished, male, a year old. You shall take it from the lambs and from the kids.""","It shall be to you a lamb unblemished, a male of a year old: ye shall take it of the lambs and the kids.",no,0,0,low
Exodus 12:6,Exodus,12,6,"""And it shall be kept by you until the fourteenth day of this month, and the whole multitude of the assembly of the sons of Israel shall slaughter it toward evening.""","And it shall be kept by you till the fourteenth of this month, and all the multitude of the congregation of the children of Israel shall kill it toward evening.",no,0,0,low
Exodus 12:7,Exodus,12,7,"""And they shall take some of the blood and put it on the two doorposts and on the lintel in the houses where they eat it.""","And they shall take of the blood, and shall put it on the two door-posts, and on the lintel, in the houses in which soever they shall eat them.",no,0,0,low
Exodus 12:8,Exodus,12,8,"""And they shall eat the flesh on this night, roasted by fire, and unleavened bread. With bitter herbs they shall eat it.""","And they shall eat the flesh in this night roast with fire, and they shall eat unleavened bread with bitter herbs.",no,0,0,low
Exodus 12:9,Exodus,12,9,"""You shall not eat any of it raw or boiled in water, but only roasted by fire, the head with the feet and the inner parts.""","Ye shall not eat of it raw nor sodden in water, but only roast with fire, the head with the feet and the appurtenances.",no,0,0,low
Exodus 12:10,Exodus,12,10,"""You shall not leave any of it until morning, and you shall not break a bone from it. But what remains of it until morning you shall burn with fire.""","Nothing shall be left of it till the morning, and a bone of it ye shall not break; but that which is left of it till the morning ye shall burn with fire.",no,0,0,low
Exodus 12:11,Exodus,12,11,"""And thus you shall eat it: your waists girded, your sandals on your feet, your staffs in your hands, and you shall eat it in haste. It is Passover to the Lord.""","And thus shall ye eat it: your loins girded, and your sandals on your feet, and your staves in your hands, and ye shall eat it in haste. It is a passover to the Lord.",no,0,0,low
Exodus 12:12,Exodus,12,12,"""And I will pass through the land of Egypt on this night, and I will strike every firstborn in the land of Egypt, from man to beast, and on all the gods of the Egyptians I will execute vengeance. I am the Lord.""","And I will go through the land of Egypt in that night, and will smite every first-born in the land of Egypt both man and beast, and on all the gods of Egypt will I execute vengeance: I am the Lord.",no,0,0,medium
Exodus 12:13,Exodus,12,13,"""And the blood will be for you as a sign on the houses where you are, and I will see the blood and shelter you, and there shall not be among you a blow of destruction when I strike in the land of Egypt.""","And the blood shall be for a sign to you on the houses in which ye are, and I will see the blood, and will protect you, and there shall not be on you the plague of destruction, when I smite in the land of Egypt.",no,1,1,high
Exodus 12:14,Exodus,12,14,"""And this day will be for you a memorial, and you shall celebrate it as a feast to the Lord throughout your generations. As an age-lasting ordinance you shall celebrate it.""","And this day shall be to you a memorial, and ye shall keep it a feast to the Lord through all your generations; ye shall keep it a feast for a perpetual ordinance.",no,0,0,low
Exodus 12:15,Exodus,12,15,"""Seven days you shall eat unleavened bread, and from the first day you shall remove leaven from your houses. Everyone who eats leavened food, that person shall be destroyed from Israel, from the first day until the seventh day.""","Seven days ye shall eat unleavened bread, and from the first day ye shall utterly remove leaven from your houses: whoever shall eat leaven, that soul shall be utterly destroyed from Israel, from the first day until the seventh day.",no,0,0,medium
Exodus 12:16,Exodus,12,16,"""And the first day shall be called holy, and the seventh day shall be a holy assembly for you. No work of service shall you do on them, except what will be made for every person; that alone may be done for you.""","And the first day shall be called holy, and the seventh day shall be a holy convocation to you: ye shall do no servile work on them, only as many things as will necessarily be done by every soul, this only shall be done by you.",no,0,0,medium
Exodus 12:17,Exodus,12,17,"""And you shall keep this command, for on this very day I will bring your hosts out of the land of Egypt, and you shall keep this day throughout your generations as an age-lasting ordinance.""","And ye shall keep this commandment, for on this day will I bring out your force out of the land of Egypt; and ye shall make this day a perpetual ordinance for you throughout your generations.",no,1,1,high
Exodus 12:18,Exodus,12,18,"""Beginning on the fourteenth day of the first month at evening, you shall eat unleavened bread until evening of the twenty-first day of the month.""","Beginning the fourteenth day of the first month, ye shall eat unleavened bread from evening, till the twenty-first day of the month, till evening.",no,0,0,low
Exodus 12:19,Exodus,12,19,"""For seven days no leaven shall be found in your houses. Everyone who eats leavened food, that person shall be destroyed from the assembly of Israel, among both the newcomer and the native-born of the land.""","Seven days leaven shall not be found in your houses; whosoever shall eat anything leavened, that soul shall be cut off from the congregation of Israel, both among the occupiers of the land and the original inhabitants.",no,1,1,high
Exodus 12:20,Exodus,12,20,"""You shall eat nothing leavened. In every dwelling of yours you shall eat unleavened bread.""","Ye shall eat nothing leavened, but in every habitation of yours ye shall eat unleavened bread.",no,0,0,low
Exodus 12:21,Exodus,12,21,"Then Moses called all the elders of the sons of Israel and said to them, ""Go and take for yourselves an animal from the flock according to your families, and sacrifice the Passover.""","And Moses called all the elders of the children of Israel, and said to them, Go away and take to yourselves a lamb according to your kindreds, and slay the passover.",no,0,0,low
Exodus 12:22,Exodus,12,22,"""And you shall take a bunch of hyssop, and after dipping it in some of the blood by the door, you shall touch the lintel and both doorposts with some of the blood by the door. But none of you shall go out from the door of his house until morning.""","And ye shall take a bunch of hyssop, and having dipped it into some of the blood that is by the door, ye shall touch the lintel, and shall put it upon both door-posts, even of the blood which is by the door; but ye shall not go out every one from the door of his house till the morning.",no,0,0,low
Exodus 12:23,Exodus,12,23,"""And the Lord will pass by to strike the Egyptians, and he will see the blood on the lintel and on both doorposts, and the Lord will pass by the door and will not allow the destroyer to enter your houses to strike.""","And the Lord shall pass by to smite the Egyptians, and shall see the blood upon the lintel, and upon both the door-posts; and the Lord shall pass by the door, and shall not suffer the destroyer to enter into your houses to smite you.",no,0,0,low
Exodus 12:24,Exodus,12,24,"""And you shall keep this word as an ordinance for you and for your sons forever.""",And keep ye this thing as an ordinance for thyself and for thy children for ever.,no,0,0,low
Exodus 12:25,Exodus,12,25,"""And when you enter the land that the Lord will give you, just as he spoke, you shall keep this service.""","And if ye should enter into the land, which the Lord shall give you, as he has spoken, keep this service.",no,0,0,low
Exodus 12:26,Exodus,12,26,"""And it shall be that when your sons say to you, What is this service?""","And it shall come to pass, if your sons say to you, What is this service?",no,0,0,low
Exodus 12:27,Exodus,12,27,"""you shall say to them, This Passover is a sacrifice to the Lord, who sheltered the houses of the sons of Israel in Egypt when he struck the Egyptians but rescued our houses."" And the people bowed low and worshiped.","that ye shall say to them, This passover is a sacrifice to the Lord, as he defended the houses of the children of Israel in Egypt, when he smote the Egyptians, but delivered our houses.",no,1,1,high
Exodus 12:28,Exodus,12,28,And the sons of Israel went away and did just as the Lord commanded Moses and Aaron; so they did.,"And the people bowed and worshipped. And the children of Israel departed and did as the Lord commanded Moses and Aaron, so did they.",no,0,0,medium
Exodus 12:29,Exodus,12,29,"And it happened at midnight that the Lord struck every firstborn in the land of Egypt, from Pharaoh's firstborn sitting on the throne to the firstborn of the captive woman in the pit, and every firstborn of beast.","And it came to pass at midnight that the Lord smote all the first-born in the land of Egypt, from the first-born of Pharao that sat on the throne, to the first-born of the captive-maid in the dungeon, and the first-born of all cattle.",no,1,1,high
Exodus 12:30,Exodus,12,30,"And Pharaoh rose by night, and all his servants, and all the Egyptians, and there was a great cry in all the land of Egypt, for there was no house in which there was not one dead.","And Pharao rose up by night, and his servants, and all the Egyptians; and there was a great cry in all the land of Egypt, for there was not a house in which there was not one dead.",no,0,0,low
Exodus 12:31,Exodus,12,31,"And Pharaoh called Moses and Aaron by night and said to them, ""Rise up and go out from my people, both you and the sons of Israel. Go and serve the Lord your God, just as you say.""","And Pharao called Moses and Aaron by night, and said to them, Rise and depart from my people, both ye and the children of Israel. Go and serve the Lord your God, even as ye say.",no,0,0,low
Exodus 12:32,Exodus,12,32,"""Take your sheep and your cattle and go. But bless me too.""","And take with you your sheep, and your oxen: bless me also, I pray you.",no,0,0,low
Exodus 12:33,Exodus,12,33,"And the Egyptians pressed the people in haste to drive them out of the land, for they said, ""We are all dying.""","And the Egyptians constrained the people, so that they cast them out of the land with haste, for they said, We all shall die.",no,0,0,low
Exodus 12:34,Exodus,12,34,"And the people took the dough before it was leavened, their kneaded batches wrapped in their garments on their shoulders.","And the people took their dough before their meal was leavened, bound up as it was in their garments, on their shoulders.",no,0,0,low
Exodus 12:35,Exodus,12,35,"And the sons of Israel did just as Moses instructed them, and they asked from the Egyptians silver and gold vessels and clothing.","And the children of Israel did as Moses commanded them, and they asked of the Egyptians articles of silver and gold and apparel.",no,0,0,medium
Exodus 12:36,Exodus,12,36,"And the Lord gave his people favor in the sight of the Egyptians, and they lent to them, and they plundered the Egyptians.","And the Lord gave his people favour in the sight of the Egyptians, and they lent to them; and they spoiled the Egyptians.",no,1,1,high
Exodus 12:37,Exodus,12,37,"Then the sons of Israel set out from Rameses to Sokchoth, about six hundred thousand men on foot, besides the baggage.","And the children of Israel departed from Ramesses to Socchoth, to the full number of six hundred thousand footmen, even men, besides the baggage.",no,0,0,low
Exodus 12:38,Exodus,12,38,"And a great mixed company went up with them, and sheep and cattle and very much livestock.","And a great mixed company went up with them, and sheep and oxen and very much cattle.",no,0,0,low
Exodus 12:39,Exodus,12,39,"And they baked the dough they had brought out from Egypt into unleavened cakes, for it had not been leavened, because the Egyptians had driven them out and they were not able to delay, nor had they prepared provisions for themselves for the journey.","And they baked the dough which they brought out of Egypt, unleavened cakes, for it had not been leavened; for the Egyptians cast them out, and they could not remain, neither did they prepare provision for themselves for the journey.",no,0,0,low
Exodus 12:40,Exodus,12,40,"Now the dwelling of the sons of Israel, during which they had dwelt in the land of Egypt and in the land of Canaan, was four hundred and thirty years.","And the sojourning of the children of Israel, while they sojourned in the land of Egypt and the land of Chanaan, was four hundred and thirty years.",no,1,1,high
Exodus 12:41,Exodus,12,41,And it happened after the four hundred and thirty years that all the hosts of the Lord went out from the land of Egypt.,"And it came to pass after the four hundred and thirty years, all the forces of the Lord came forth out of the land of Egypt by night.",no,0,0,low
Exodus 12:42,Exodus,12,42,"It is a night-watch kept for the Lord, so as to bring them out from the land of Egypt. This same night is a watch kept for the Lord for all the sons of Israel throughout their generations.","It is a watch kept to the Lord, so that he should bring them out of the land of Egypt; that very night is a watch kept to the Lord, so that it should be to all the children of Israel to their generations.",no,1,1,high
Exodus 12:43,Exodus,12,43,"Then the Lord said to Moses and Aaron, ""This is the law of the Passover: no foreigner shall eat of it.""","And the Lord said to Moses and Aaron, This is the law of the passover: no stranger shall eat of it.",no,0,0,low
Exodus 12:44,Exodus,12,44,"""And every household slave or one bought with silver, you shall circumcise him, and then he shall eat of it.""","And every slave or servant bought with money—him thou shalt circumcise, and then shall he eat of it.",no,1,0,high
Exodus 12:45,Exodus,12,45,"""A settler or a hired worker shall not eat of it.""",A sojourner or hireling shall not eat of it.,no,0,0,low
Exodus 12:46,Exodus,12,46,"""In one house it shall be eaten, and you shall not carry any of the flesh out from the house, and you shall not break a bone from it.""","In one house shall it be eaten, and ye shall not carry of the flesh out from the house; and a bone of it ye shall not break.",no,0,0,low
Exodus 12:47,Exodus,12,47,"""The whole assembly of the sons of Israel shall keep it.""",All the congregation of the children of Israel shall keep it.,no,0,0,low
Exodus 12:48,Exodus,12,48,"""And if any newcomer comes to you to keep Passover to the Lord, you shall circumcise every male of him, and then he shall come near to keep it, and he shall be like the native-born of the land. No uncircumcised person shall eat of it.""","And if any proselyte shall come to you to keep the passover to the Lord, thou shalt circumcise every male of him, and then shall he approach to sacrifice it, and he shall be even as the original inhabitant of the land; no uncircumcised person shall eat of it.",no,1,1,high
Exodus 12:49,Exodus,12,49,"""One law shall be for the native-born and for the newcomer who comes among you.""","There shall be one law to the native, and to the proselyte coming among you.",no,1,1,high
Exodus 12:50,Exodus,12,50,And the sons of Israel did just as the Lord commanded Moses and Aaron for them; so they did.,"And the children of Israel did as the Lord commanded Moses and Aaron for them, so they did.",no,0,0,medium
Exodus 12:51,Exodus,12,51,And it happened on that day that the Lord brought the sons of Israel out from the land of Egypt with their hosts.,And it came to pass in that day that the Lord brought out the children of Israel from the land of Egypt with their forces.,no,0,0,low
Exodus 13:1,Exodus,13,1,"Then the Lord said to Moses, saying,","And the Lord spoke to Moses, saying,",no,0,0,low
Exodus 13:2,Exodus,13,2,"""Set apart to me every firstborn, first issue, opening every womb among the sons of Israel, from man to beast. It is mine.""","Sanctify to me every first-born, first produced, opening every womb among the children of Israel both of man and beast: it is mine.",no,1,0,high
Exodus 13:3,Exodus,13,3,"Then Moses said to the people, ""Remember this day on which you came out from the land of Egypt, out of the house of slavery, for with a mighty hand the Lord brought you out from there, and leaven shall not be eaten.""","And Moses said to the people, Remember this day, in which ye came forth out of the land of Egypt, out of the house of bondage, for with a strong hand the Lord brought you forth thence; and leaven shall not be eaten.",no,0,0,low
Exodus 13:4,Exodus,13,4,"""For on this day you are going out, in the month of new grain.""",For on this day ye go forth in the month of new corn.,no,1,1,high
Exodus 13:5,Exodus,13,5,"""And it shall be that when the Lord your God brings you into the land of the Canaanites and Hittites and Hivites and Girgashites and Amorites and Perizzites and Jebusites, which he swore to your fathers to give you, a land flowing with milk and honey, you shall perform this service in this month.""","And it shall come to pass when the Lord thy God shall have brought thee into the land of the Chananites, and the Chettites, and Amorites, and Evites, and Jebusites, and Gergesites, and Pherezites, which he sware to thy fathers to give thee, a land flowing with milk and honey, that thou shalt perform this service in this month.",no,0,0,low
Exodus 13:6,Exodus,13,6,"""For six days you shall eat unleavened bread, and on the seventh day there shall be a feast to the Lord.""","Six days ye shall eat unleavened bread, and on the seventh day is a feast to the Lord.",no,1,1,high
Exodus 13:7,Exodus,13,7,"""For seven days you shall eat unleavened bread. No leavened thing shall be seen among you, nor shall leaven be with you in all your borders.""","Seven days shall ye eat unleavened bread; nothing leavened shall be seen with thee, neither shalt thou have leaven in all thy borders.",no,0,0,low
Exodus 13:8,Exodus,13,8,"""And you shall tell your son on that day, saying, Because of this the Lord my God dealt with me when I was going out from Egypt.""","And thou shalt tell thy son in that day, saying, Therefore the Lord dealt thus with me, as I was going out of Egypt.",no,0,0,low
Exodus 13:9,Exodus,13,9,"""And it shall be for you as a sign on your hand and as a memorial before your eyes, so that the law of the Lord may be in your mouth, for with a mighty hand the Lord God brought you out from Egypt.""","And it shall be to thee a sign upon thy hand and a memorial before thine eyes, that the law of the Lord may be in thy mouth, for with a strong hand the Lord God brought thee out of Egypt.",no,0,0,low
Exodus 13:10,Exodus,13,10,"""And you shall keep this law at the appointed times, from days to days.""","And preserve ye this law according to the times of the seasons, from year to year.",no,1,0,high
Exodus 13:11,Exodus,13,11,"""And it shall be that when the Lord your God brings you into the land of the Canaanites, just as he swore to your fathers, and gives it to you,""","And it shall come to pass when the Lord thy God shall bring thee into the land of the Chananites, as he sware to thy fathers, and shall give it thee,",no,0,0,low
Exodus 13:12,Exodus,13,12,"""you shall set apart to the Lord every opener of the womb, the males. Every opener of the womb from the herds or among your livestock, as many as come to you, the males you shall consecrate to the Lord.""","that thou shalt set apart every offspring opening the womb, the males to the Lord, every one that opens the womb out of the herds or among thy cattle, as many as thou shalt have: thou shalt sanctify the males to the Lord.",no,0,0,medium
Exodus 13:13,Exodus,13,13,"""Every opener of the womb of a donkey you shall exchange for a sheep, and if you do not exchange it, you shall redeem it. Every firstborn of man among your sons you shall redeem.""","Every offspring opening the womb of the ass thou shalt change for a sheep; and if thou wilt not change it, thou shalt redeem it: every first-born of man of thy sons shalt thou redeem.",no,0,0,medium
Exodus 13:14,Exodus,13,14,"""And if your son asks you after this, saying, What is this? you shall say to him, With a mighty hand the Lord brought us out from the land of Egypt, out of the house of slavery.""","And if thy son should ask thee hereafter, saying, What is this? then thou shalt say to him, With a strong hand the Lord brought us out of Egypt, out of the house of bondage.",no,0,0,low
Exodus 13:15,Exodus,13,15,"""And when Pharaoh hardened himself against sending us away, he killed every firstborn in the land of Egypt, from the firstborn of humans to the firstborn of beasts. Because of this I sacrifice to the Lord every opener of the womb, the males, and every firstborn of my sons I will redeem.""","And when Pharao hardened his heart so as not to send us away, he slew every first-born in the land of Egypt, both the first-born of man and the first-born of beast; therefore do I sacrifice every offspring that opens the womb, the males to the Lord, and every first-born of my sons I will redeem.",no,0,0,medium
Exodus 13:16,Exodus,13,16,"""And it shall be as a sign on your hand and fixed before your eyes, for with a mighty hand the Lord brought you out from Egypt.""","And it shall be for a sign upon thy hand, and immovable before thine eyes, for with a strong hand the Lord brought thee out of Egypt.",no,1,1,high
Exodus 13:17,Exodus,13,17,"And when Pharaoh sent the people away, God did not lead them by the way of the land of the Philistines, because it was near. For God said, ""Lest perhaps the people change their mind when they see war and turn back to Egypt.""","And when Pharao sent forth the people, God led them not by the way of the land of the Phylistines, because it was near; for God said, Lest at any time the people repent when they see war, and return to Egypt.",no,0,0,low
Exodus 13:18,Exodus,13,18,"So God led the people around by the road to the wilderness, to the Red Sea. And in the fifth generation the sons of Israel went up out from the land of Egypt.","And God led the people round by the way to the wilderness, to the Red Sea: and in the fifth generation the children of Israel went up out of the land of Egypt.",no,1,1,high
Exodus 13:19,Exodus,13,19,"And Moses took the bones of Joseph with him, for Joseph had solemnly bound the sons of Israel by oath, saying, God will surely visit you, and you shall carry my bones up from here with you.","And Moses took the bones of Joseph with him, for he had solemnly adjured the children of Israel, saying, God will surely visit you, and ye shall carry up my bones hence with you.",no,0,0,low
Exodus 13:20,Exodus,13,20,Then the sons of Israel set out from Sokchoth and camped at Othom by the wilderness.,"And the children of Israel departed from Socchoth, and encamped in Othom by the wilderness.",no,0,0,low
Exodus 13:21,Exodus,13,21,"And God led them, by day in a pillar of cloud to show them the way, and by night in a pillar of fire.","And God led them, in the day by a pillar of cloud, to show them the way, and in the night by a pillar of fire.",no,0,0,low
Exodus 13:22,Exodus,13,22,"The pillar of cloud by day did not fail, nor the pillar of fire by night, before all the people.","And the pillar of cloud failed not by day, nor the pillar of fire by night, before all the people.",no,0,0,low
Exodus 14:1,Exodus,14,1,"And the Lord spoke to Moses, saying,","And the Lord spoke to Moses, saying,",yes,0,0,none
Exodus 14:2,Exodus,14,2,"""Speak to the sons of Israel, and after turning back let them camp opposite the village, between Magdol and the sea. Opposite Beelsepphon, before them, you shall camp by the sea.""","Speak to the children of Israel, and let them turn and encamp before the village, between Magdol and the sea, opposite Beel-sepphon: before them shalt thou encamp by the sea.",no,0,0,medium
Exodus 14:3,Exodus,14,3,"""And Pharaoh will say to his people, These sons of Israel are wandering in the land, for the wilderness has shut them in.""","And Pharao will say to his people, As for these children of Israel, they are wandering in the land, for the wilderness has shut them in.",no,0,0,low
Exodus 14:4,Exodus,14,4,"""And I will harden Pharaoh's heart, and he will pursue after them, and I will be glorified in Pharaoh and in all his army, and all the Egyptians will know that I am the Lord."" And they did so.","And I will harden the heart of Pharao, and he shall pursue after them; and I will be glorified in Pharao, and in all his host, and all the Egyptians shall know that I am the Lord. And they did so.",no,0,0,low
Exodus 14:5,Exodus,14,5,"And it was reported to the king of the Egyptians that the people had fled, and the heart of Pharaoh and of his servants was turned against the people, and they said, ""Why have we done this, sending away the sons of Israel so that they need not serve us?""","And it was reported to the king of the Egyptians that the people had fled: and the heart of Pharao was turned, and that of his servants against the people; and they said, What is this that we have done, to let the children of Israel go, so that they should not serve us?",no,0,0,low
Exodus 14:6,Exodus,14,6,"So Pharaoh yoked his chariots, and he gathered all his people with himself.","So Pharao yoked his chariots, and led off all his people with himself:",no,0,0,low
Exodus 14:7,Exodus,14,7,"And taking six hundred chosen chariots and all the cavalry of the Egyptians, he took commanders over all of them.","having also taken six hundred chosen chariots, and all the cavalry of the Egyptians, and rulers over all.",no,0,0,medium
Exodus 14:8,Exodus,14,8,"And the Lord hardened the heart of Pharaoh king of Egypt and of his servants, and he pursued after the sons of Israel. But the sons of Israel were going out with uplifted hand.","And the Lord hardened the heart of Pharao king of Egypt, and of his servants, and he pursued after the children of Israel; and the children of Israel went forth with a high hand.",no,1,1,high
Exodus 14:9,Exodus,14,9,"And the Egyptians pursued after them and found them encamped by the sea, all Pharaoh's cavalry and chariots and horsemen and army, opposite the village, opposite Beelsepphon.","And the Egyptians pursued after them, and found them encamped by the sea; and all the cavalry and the chariots of Pharao, and the horsemen, and his host were before the village, over against Beel-sepphon.",no,0,0,low
Exodus 14:10,Exodus,14,10,"And Pharaoh drew near, and the sons of Israel lifted up their eyes and saw: the Egyptians had camped behind them. And they feared greatly, and the sons of Israel cried out to the Lord.","And Pharao approached, and the children of Israel having looked up, beheld, and the Egyptians encamped behind them: and they were very greatly terrified, and the children of Israel cried to the Lord;",no,0,0,low
Exodus 14:11,Exodus,14,11,"And they said to Moses, ""Was it because there were no tombs in the land of Egypt that you brought us out to die in the wilderness? Why have you done this to us, bringing us out from Egypt?""","and said to Moses, Because there were no graves in the land of Egypt, hast thou brought us forth to slay us in the wilderness? What is this that thou hast done to us, having brought us out of Egypt?",no,0,0,low
Exodus 14:12,Exodus,14,12,"""Was this not the word we spoke to you in Egypt, saying, Leave us alone so that we may serve the Egyptians? For it would be better for us to serve the Egyptians than to die in this wilderness.""","Is not this the word which we spoke to thee in Egypt, saying, Let us alone that we may serve the Egyptians? for it is better for us to serve the Egyptians than to die in this wilderness.",no,0,0,low
Exodus 14:13,Exodus,14,13,"Then Moses said to the people, ""Take courage. Stand and see the salvation from God that he will accomplish for us today. For in the way you have seen the Egyptians today, you shall never again see them through all time.""","And Moses said to the people, Be of good courage: stand and see the salvation which is from the Lord, which he will work for us this day; for as ye have seen the Egyptians to-day, ye shall see them again no more for ever.",no,1,0,high
Exodus 14:14,Exodus,14,14,"""The Lord will fight for you, and you will be still.""","The Lord shall fight for you, and ye shall hold your peace.",no,0,0,low
Exodus 14:15,Exodus,14,15,"Then the Lord said to Moses, ""Why do you cry out to me? Speak to the sons of Israel, and let them break camp.""","And the Lord said to Moses, Why criest thou to me? speak to the children of Israel, and let them proceed.",no,1,1,high
Exodus 14:16,Exodus,14,16,"""And you, lift up your rod and stretch out your hand over the sea and split it, and let the sons of Israel enter into the midst of the sea on dry ground.""","And do thou lift up thy rod, and stretch forth thy hand over the sea, and divide it, and let the children of Israel enter into the midst of the sea on the dry land.",no,0,0,low
Exodus 14:17,Exodus,14,17,"""And behold, I am hardening the heart of Pharaoh and of all the Egyptians, and they will go in after them, and I will be glorified in Pharaoh and in all his army and in his chariots and horses.""","And lo! I will harden the heart of Pharao and of all the Egyptians, and they shall go in after them; and I will be glorified upon Pharao, and on all his host, and on his chariots and his horses.",no,0,0,low
Exodus 14:18,Exodus,14,18,"""And all the Egyptians will know that I am the Lord when I am glorified in Pharaoh and in his chariots and horses.""","And all the Egyptians shall know that I am the Lord, when I am glorified upon Pharao and upon his chariots and his horses.",no,0,0,low
Exodus 14:19,Exodus,14,19,"Then the messenger of God who went before the camp of the sons of Israel moved and went behind them, and the pillar of cloud also moved from before them and stood behind them.","And the angel of God that went before the camp of the children of Israel removed and went behind, and the pillar of the cloud also removed from before them and stood behind them.",no,1,1,high
Exodus 14:20,Exodus,14,20,"And it came between the camp of the Egyptians and the camp of Israel, and there it stood. And there came darkness and gloom, and the night passed, and they did not come near one another through all the night.","And it went between the camp of the Egyptians and the camp of Israel, and stood; and there was darkness and blackness; and the night passed, and they came not near to one another during the whole night.",no,0,0,low
Exodus 14:21,Exodus,14,21,"Then Moses stretched out his hand over the sea, and the Lord drew back the sea by a violent south wind all night, and he made the sea dry, and the water was split.","And Moses stretched forth his hand over the sea, and the Lord carried back the sea with a strong south wind all the night, and made the sea dry, and the water was divided.",no,1,1,high
Exodus 14:22,Exodus,14,22,"And the sons of Israel entered into the midst of the sea on dry ground, and the water was a wall for them on the right and a wall on the left.","And the children of Israel went into the midst of the sea on the dry land, and the water of it was a wall on the right hand and a wall on the left.",no,0,0,low
Exodus 14:23,Exodus,14,23,"Then the Egyptians pursued and went in after them into the midst of the sea, all Pharaoh's horses, chariots, and riders.","And the Egyptians pursued them and went in after them, and every horse of Pharao, and his chariots, and his horsemen, into the midst of the sea.",no,0,0,low
Exodus 14:24,Exodus,14,24,"And in the morning watch the Lord looked upon the camp of the Egyptians through the pillar of fire and cloud, and he threw the camp of the Egyptians into confusion.","And it came to pass in the morning watch that the Lord looked forth on the camp of the Egyptians through the pillar of fire and cloud, and troubled the camp of the Egyptians,",no,0,0,medium
Exodus 14:25,Exodus,14,25,"And he bound the axles of their chariots and made them drive with difficulty. And the Egyptians said, ""Let us flee from before Israel, for the Lord fights for them against the Egyptians.""","and bound the axle-trees of their chariots, and caused them to go with difficulty; and the Egyptians said, Let us flee from the face of Israel, for the Lord fights for them against the Egyptians.",no,1,1,high
Exodus 14:26,Exodus,14,26,"Then the Lord said to Moses, ""Stretch out your hand over the sea, and let the water return and cover the Egyptians, both the chariots and the riders.""","And the Lord said to Moses, Stretch forth thine hand over the sea, and let the water be turned back to its place, and let it cover the Egyptians coming both upon the chariots and the riders.",no,0,0,low
Exodus 14:27,Exodus,14,27,"And Moses stretched out his hand over the sea, and the water returned toward day to its place. And the Egyptians fled down into the water, and the Lord shook the Egyptians off into the midst of the sea.","And Moses stretched forth his hand over the sea, and the water returned to its place toward day; and the Egyptians fled from the water, and the Lord shook off the Egyptians in the midst of the sea.",no,1,1,high
Exodus 14:28,Exodus,14,28,"And the water returned and covered the chariots and the riders and all Pharaoh's force, those who had gone in after them into the sea. Not even one of them was left.","And the water returned and covered the chariots and the riders, and all the forces of Pharao, who entered after them into the sea: and there was not left of them even one.",no,0,0,low
Exodus 14:29,Exodus,14,29,"But the sons of Israel traveled through dry ground in the midst of the sea, and the water was a wall for them on the right and on the left.","But the children of Israel went along dry land in the midst of the sea, and the water was to them a wall on the right hand, and a wall on the left.",no,0,0,low
Exodus 14:30,Exodus,14,30,"Thus the Lord rescued Israel on that day from the hand of the Egyptians, and Israel saw the Egyptians lying dead by the shore of the sea.","So the Lord delivered Israel in that day from the hand of the Egyptians, and Israel saw the Egyptians dead by the shore of the sea.",no,0,0,low
Exodus 14:31,Exodus,14,31,"And Israel saw the great hand, the things the Lord had done against the Egyptians, and the people feared the Lord, and they believed God and Moses his attendant.","And Israel saw the mighty hand, the things which the Lord did to the Egyptians; and the people feared the Lord, and they believed God and Moses his servant.",no,1,1,high
Exodus 15:1,Exodus,15,1,"Then Moses and the sons of Israel sang this song to God and said, ""Let us sing to the Lord, for he has been glorified gloriously; horse and rider he has thrown into the sea.""","Then sang Moses and the children of Israel this song to God, and spoke, saying, Let us sing to the Lord, for he is very greatly glorified: horse and rider he has thrown into the sea.",no,1,1,high
Exodus 15:2,Exodus,15,2,"""He became for me a helper and a shelter for salvation. This is my God, and I will glorify him, God of my father, and I will exalt him.""","He was to me a helper and protector for salvation: this is my God, and I will glorify him; my father's God, and I will exalt him.",no,1,1,high
Exodus 15:3,Exodus,15,3,"""The Lord shattering wars; the Lord is his name.""","The Lord bringing wars to nought, the Lord is his name.",no,1,1,high
Exodus 15:4,Exodus,15,4,"""Pharaoh's chariots and his force he threw into the sea; chosen mounted officers he sank in the Red Sea.""","He has cast the chariots of Pharao and his host into the sea, the chosen mounted captains: they were swallowed up in the Red Sea.",no,0,0,low
Exodus 15:5,Exodus,15,5,"""The deep covered them; they went down into the depth like a stone.""",He covered them with the sea: they sank to the depth like a stone.,no,0,0,low
Exodus 15:6,Exodus,15,6,"""Your right hand, O Lord, has been glorified in strength; your right hand, O Lord, shattered enemies.""","Thy right hand, O God, has been glorified in strength; thy right hand, O God, has broken the enemies.",no,0,0,low
Exodus 15:7,Exodus,15,7,"""And in the abundance of your glory you crushed the adversaries; you sent out your wrath, and it devoured them like stubble.""","And in the abundance of thy glory thou hast broken the adversaries to pieces: thou sentest forth thy wrath, it devoured them as stubble.",no,0,0,medium
Exodus 15:8,Exodus,15,8,"""And by the breath of your wrath the water stood apart; the waters congealed like a wall; the waves congealed in the midst of the sea.""","And by the breath of thine anger the water parted asunder; the waters were congealed as a wall, the waves were congealed in the midst of the sea.",no,1,1,high
Exodus 15:9,Exodus,15,9,"""The enemy said, I will pursue, I will overtake, I will divide spoil, I will fill my soul, I will kill with my sword, my hand will rule.""","The enemy said, I will pursue, I will overtake, I will divide the spoils; I will satisfy my soul, I will destroy with my sword, my hand shall have dominion.",no,0,0,medium
Exodus 15:10,Exodus,15,10,"""You sent out your wind, the sea covered them; they sank like lead in mighty water.""","Thou sentest forth thy wind, the sea covered them; they sank like lead in the mighty water.",no,1,1,high
Exodus 15:11,Exodus,15,11,"""Who is like you among gods, O Lord? Who is like you, glorified among holy ones, wondrous in glories, doing wonders?""","Who is like to thee among the gods, O Lord? who is like to thee? glorified in holiness, marvellous in glories, doing wonders.",no,0,0,low
Exodus 15:12,Exodus,15,12,"""You stretched out your right hand; earth swallowed them.""","Thou stretchedst forth thy right hand, the earth swallowed them up.",no,0,0,low
Exodus 15:13,Exodus,15,13,"""You guided in your righteousness this people whom you redeemed; by your strength you led them onward to your holy resting-place.""","Thou hast guided in thy righteousness this thy people whom thou hast redeemed, by thy strength thou hast called them into thy holy resting-place.",no,1,0,high
Exodus 15:14,Exodus,15,14,"""Nations heard and grew angry; pangs seized those dwelling among the Philistines.""","The nations heard and were angry, pangs have seized on the dwellers among the Phylistines.",no,1,1,high
Exodus 15:15,Exodus,15,15,"""Then the chiefs of Edom hastened; the rulers of the Moabites, trembling took hold of them; all the inhabitants of Canaan melted away.""","Then the princes of Edom, and the chiefs of the Moabites hasted; trembling took hold upon them, all the inhabitants of Chanaan melted away.",no,0,0,low
Exodus 15:16,Exodus,15,16,"""Let fear and trembling fall upon them; by the greatness of your arm let them turn to stone, until your people pass over, O Lord, until this people passes over, whom you acquired.""","Let trembling and fear fall upon them; by the greatness of thine arm, let them become as stone; till thy people pass over, O Lord, till this thy people pass over, whom thou hast purchased.",no,1,1,high
Exodus 15:17,Exodus,15,17,"""Bring them in and plant them on the mountain of your inheritance, in your prepared dwelling-place, which you prepared, O Lord, the sanctuary, O Lord, which your hands made ready.""","Bring them in and plant them in the mountain of their inheritance, in thy prepared habitation, which thou, O Lord, hast prepared; the sanctuary, O Lord, which thine hands have made ready.",no,0,0,low
Exodus 15:18,Exodus,15,18,"""The Lord reigns forever and beyond.""",The Lord reigns for ever and ever and ever.,no,1,1,high
Exodus 15:19,Exodus,15,19,"For Pharaoh's horse went in with chariots and riders into the sea, and the Lord brought the water of the sea upon them. But the sons of Israel traveled on dry ground through the midst of the sea.","For the horse of Pharao went in with the chariots and horsemen into the sea, and the Lord brought upon them the water of the sea, but the children of Israel walked through dry land in the midst of the sea.",no,0,0,low
Exodus 15:20,Exodus,15,20,"Then Miriam the prophetess, the sister of Aaron, took the timbrel in her hand, and all the women went out after her with timbrels and dances.","And Mariam the prophetess, the sister of Aaron, having taken a timbrel in her hand—then there went forth all the women after her with timbrels and dances.",no,0,0,low
Exodus 15:21,Exodus,15,21,"And Miriam led them, saying, ""Let us sing to the Lord, for he has been glorified gloriously; horse and rider he has thrown into the sea.""","And Mariam led them, saying, Let us sing to the Lord, for he has been very greatly glorified: the horse and rider has he cast into the sea.",no,0,0,low
Exodus 15:22,Exodus,15,22,Then Moses moved the sons of Israel away from the Red Sea and led them into the wilderness of Shur. And they went three days in the wilderness and found no water to drink.,"So Moses brought up the children of Israel from the Red Sea, and brought them into the wilderness of Sur; and they went three days in the wilderness, and found no water to drink.",no,0,0,low
Exodus 15:23,Exodus,15,23,"And they came to Merra, and they were not able to drink from Merra, for it was bitter. Because of this the name of that place was called Bitterness.","And they came to Merrha, and could not drink of Merrha, for it was bitter; therefore he named the name of that place, Bitterness.",no,0,0,low
Exodus 15:24,Exodus,15,24,"And the people grumbled against Moses, saying, ""What will we drink?""","And the people murmured against Moses, saying, What shall we drink?",no,0,0,low
Exodus 15:25,Exodus,15,25,"Then Moses cried out to the Lord, and the Lord showed him a piece of wood, and he cast it into the water, and the water was sweetened. There he set for him ordinances and judgments, and there he tested him.","And Moses cried to the Lord, and the Lord shewed him a tree, and he cast it into the water, and the water was sweetened: there he established to him ordinances and judgments, and there he proved him,",no,1,1,high
Exodus 15:26,Exodus,15,26,"And he said, ""If in hearing you hear the voice of the Lord your God and do the things pleasing before him and give ear to his commands and keep all his ordinances, every sickness that I brought upon the Egyptians I will not bring upon you, for I am the Lord who heals you.""","and said, If thou wilt indeed hear the voice of the Lord thy God, and do things pleasing before him, and wilt hearken to his commands, and keep all his ordinances, no disease which I have brought upon the Egyptians will I bring upon thee, for I am the Lord thy God that heals thee.",no,1,1,high
Exodus 15:27,Exodus,15,27,"And they came to Elim, and there were there twelve springs of water and seventy trunks of palm trees, and they camped there by the waters.","And they came to Ælim, and there were there twelve fountains of water, and seventy stems of palm-trees; and they encamped there by the waters.",no,0,0,low
Exodus 16:1,Exodus,16,1,"And they set out from Elim, and the whole assembly of the sons of Israel came into the wilderness of Sin, which is between Elim and Sinai, on the fifteenth day of the second month after they had come out from the land of Egypt.","And they departed from Ælim, and all the congregation of the children of Israel came to the wilderness of Sin, which is between Ælim and Sina; and on the fifteenth day, in the second month after their departure from the land of Egypt,",no,0,0,low
Exodus 16:2,Exodus,16,2,"And the whole assembly of the sons of Israel grumbled against Moses and Aaron,",all the congregation of the children of Israel murmured against Moses and Aaron.,no,0,0,low
Exodus 16:3,Exodus,16,3,"and the sons of Israel said to them, ""If only we had died, struck by the Lord in the land of Egypt, when we sat by the pots of meat and ate bread to fullness. But you have brought us out into this wilderness to kill this whole assembly with hunger.""","And the children of Israel said to them, Would we had died smitten by the Lord in the land of Egypt, when we sat by the flesh-pots, and ate bread to satiety! for ye have brought us out into this wilderness, to slay all this congregation with hunger.",no,0,0,low
Exodus 16:4,Exodus,16,4,"Then the Lord said to Moses, ""Behold, I am raining bread for you from heaven, and the people will go out and gather what is needed for the day, day by day, so that I may test them whether they will walk in my law or not.""","And the Lord said to Moses, Behold, I will rain bread upon you out of heaven: and the people shall go forth, and they shall gather their daily portion for the day, that I may try them whether they will walk in my law or not.",no,1,1,high
Exodus 16:5,Exodus,16,5,"""And it shall be on the sixth day that they will prepare what they bring in, and it will be double what they gather, day by day.""","And it shall come to pass on the sixth day that they shall prepare whatsoever they have brought in, and it shall be double of what they shall have gathered for the day, daily.",no,0,0,low
Exodus 16:6,Exodus,16,6,"And Moses and Aaron said to the whole assembly of the sons of Israel, ""At evening you will know that the Lord has brought you out from the land of Egypt,""","And Moses and Aaron said to all the congregation of the children of Israel, At even ye shall know that the Lord has brought you out of the land of Egypt;",no,0,0,low
Exodus 16:7,Exodus,16,7,"""and in the morning you will see the glory of the Lord, because he has heard your grumbling against God. And what are we, that you grumble against us?""","and in the morning ye shall see the glory of the Lord, inasmuch as he hears your murmuring against God; and who are we, that ye continue to murmur against us?",no,1,0,high
Exodus 16:8,Exodus,16,8,"And Moses said, ""This will be when the Lord gives you meat to eat in the evening and bread in the morning to fullness, because the Lord has heard your grumbling that you grumble against us. And what are we? Your grumbling is not against us but against God.""","And Moses said, This shall be when the Lord gives you in the evening flesh to eat, and bread in the morning to satiety, because the Lord has heard your murmuring, which ye murmur against us: and what are we? for your murmuring is not against us, but against God.",no,0,0,low
Exodus 16:9,Exodus,16,9,"Then Moses said to Aaron, ""Tell the whole assembly of the sons of Israel, Come near before God, for he has heard your grumbling.""","And Moses said to Aaron, Say to all the congregation of the children of Israel, Come near before God; for he has heard your murmuring.",no,0,0,low
Exodus 16:10,Exodus,16,10,"And when Aaron spoke to the whole assembly of the sons of Israel, they turned toward the wilderness, and the glory of the Lord appeared in a cloud.","And when Aaron spoke to all the congregation of the children of Israel, and they turned toward the wilderness, then the glory of the Lord appeared in a cloud.",no,0,0,low
Exodus 16:11,Exodus,16,11,"And the Lord spoke to Moses, saying,","And the Lord spoke to Moses, saying,",yes,0,0,none
Exodus 16:12,Exodus,16,12,"""I have heard the grumbling of the sons of Israel. Speak to them, saying, Toward evening you shall eat meat, and in the morning you shall be filled with bread, and you shall know that I am the Lord your God.""","I have heard the murmuring of the children of Israel: speak to them, saying, Towards evening ye shall eat flesh, and in the morning ye shall be satisfied with bread; and ye shall know that I am the Lord your God.",no,0,0,low
Exodus 16:13,Exodus,16,13,"And it happened at evening that quail came up and covered the camp, and in the morning, as the dew was settling around the camp,","And it was evening, and quails came up and covered the camp:",no,0,0,low
Exodus 16:14,Exodus,16,14,"behold, over the face of the wilderness was a fine thing, like coriander seed, white like frost upon the earth.","in the morning it came to pass as the dew ceased round about the camp, that, behold, on the face of the wilderness was a small thing like white coriander seed, as frost upon the earth.",no,0,0,low
Exodus 16:15,Exodus,16,15,"And when the sons of Israel saw it, they said one to another, ""What is this?"" for they did not know what it was. Then Moses said to them, ""This is the bread that the Lord has given you to eat.""","And when the children of Israel saw it, they said one to another, What is this? for they knew not what it was; and Moses said to them,",no,0,0,low
Exodus 16:16,Exodus,16,16,"""This is the word the Lord has commanded: Gather from it, each for those assigned to him, a gomor per head, according to the number of your persons. Each with those in your tent shall gather it.""","This is the bread which the Lord has given you to eat. This is that which the Lord has appointed: gather of it each man for his family, a homer for each person, according to the number of your souls, gather each of you with his fellow-lodgers.",no,1,1,high
Exodus 16:17,Exodus,16,17,"And the sons of Israel did so, and some gathered much and some little.","And the children of Israel did so, and gathered some much and some less.",no,0,0,low
Exodus 16:18,Exodus,16,18,"And when they measured it by the gomor, the one who had much had nothing left over, and the one who had little had no lack. Each gathered according to those assigned to him.","And having measured the homer full, he that had gathered much had nothing over, and he that had gathered less had no lack; each gathered according to the need of those who belonged to him.",no,0,0,low
Exodus 16:19,Exodus,16,19,"Then Moses said to them, ""Let no one leave any of it until morning.""","And Moses said to them, Let no man leave of it till the morning.",no,0,0,medium
Exodus 16:20,Exodus,16,20,"But they did not listen to Moses, and some left from it until morning, and it bred worms and stank, and Moses was embittered against them.","But they did not hearken to Moses, but some left of it till the morning; and it bred worms and stank: and Moses was irritated with them.",no,1,1,high
Exodus 16:21,Exodus,16,21,"And they gathered it morning by morning, each according to what was needed for him. But when the sun grew hot, it melted.","And they gathered it every morning, each man what he needed, and when the sun waxed hot it melted.",no,0,0,medium
Exodus 16:22,Exodus,16,22,"And it happened on the sixth day that they gathered what was needed double, two gomors for one person. Then all the rulers of the assembly came in and reported it to Moses.","And it came to pass on the sixth day, they gathered double what was needed, two homers for one man; and all the chiefs of the synagogue went in and reported it to Moses.",no,0,0,medium
Exodus 16:23,Exodus,16,23,"And Moses said to them, ""This is the word the Lord spoke: Tomorrow is Sabbath, a holy rest to the Lord. Whatever you will bake, bake, and whatever you will boil, boil, and all that is left over leave stored up until morning.""","And Moses said to them, Is not this the word which the Lord spoke? To-morrow is the sabbath, a holy rest to the Lord: bake that ye will bake, and seethe that ye will seethe, and all that is over leave to be laid by for the morrow.",no,1,1,high
Exodus 16:24,Exodus,16,24,"And they left some of it until morning, just as Moses commanded them, and it did not stink, nor did a worm appear in it.","And they left of it till the morning, as Moses commanded them; and it stank not, neither was there a worm in it.",no,0,0,medium
Exodus 16:25,Exodus,16,25,"Then Moses said, ""Eat it today, for today is Sabbath to the Lord. Today it will not be found in the field.""","And Moses said, Eat that to-day, for to-day is a sabbath to the Lord: it shall not be found in the plain.",no,0,0,low
Exodus 16:26,Exodus,16,26,"""For six days you shall gather it, but on the seventh day is Sabbath, because it will not be on that day.""","Six days ye shall gather it, and on the seventh day is a sabbath, for there shall be none on that day.",no,0,0,low
Exodus 16:27,Exodus,16,27,"And it happened on the seventh day that some of the people went out to gather, and they found none.","And it came to pass on the seventh day that some of the people went forth to gather, and found none.",no,0,0,low
Exodus 16:28,Exodus,16,28,"Then the Lord said to Moses, ""How long will you refuse to listen to my commands and my law?""","And the Lord said to Moses, How long are ye unwilling to hearken to my commands and my law?",no,0,0,medium
Exodus 16:29,Exodus,16,29,"""See, for the Lord has given you this day as the Sabbath. Because of this he has given you on the sixth day bread for two days. Let each stay in his houses. Let no one go out from his place on the seventh day.""","See, for the Lord has given you this day as the sabbath, therefore he has given you on the sixth day the bread of two days: ye shall sit each of you in your houses; let no one go forth from his place on the seventh day.",no,0,0,low
Exodus 16:30,Exodus,16,30,And the people Sabbathed on the seventh day.,And the people kept sabbath on the seventh day.,no,1,1,high
Exodus 16:31,Exodus,16,31,"And the sons of Israel called its name Man. It was like white coriander seed, and its taste was like a cake in honey.","And the children of Israel called the name of it Man; and it was as white coriander seed, and the taste of it as a wafer with honey.",no,1,1,high
Exodus 16:32,Exodus,16,32,"Then Moses said, ""This is the word the Lord commanded: Fill the gomor with Man for storage throughout your generations, so that they may see the bread that you ate in the wilderness when the Lord brought you out from the land of Egypt.""","And Moses said, This is the thing which the Lord hath commanded, Fill an homer with manna, to be laid up for your generations; that they may see the bread which ye ate in the wilderness, when the Lord led you forth out of the land of Egypt.",no,0,0,medium
Exodus 16:33,Exodus,16,33,"And Moses said to Aaron, ""Take one golden jar and put into it a full gomor of Man, and you shall place it before God for preservation throughout your generations,""","And Moses said to Aaron, Take a golden pot, and cast into it one full homer of manna; and thou shalt lay it up before God, to be kept for your generations,",no,0,0,medium
Exodus 16:34,Exodus,16,34,"just as the Lord commanded Moses, and Aaron placed it before the testimony for preservation.",as the Lord commanded Moses: and Aaron laid it up before the testimony to be kept.,no,0,0,medium
Exodus 16:35,Exodus,16,35,"And the sons of Israel ate Man forty years, until they came into an inhabited land. They ate Man until they came to the region of Phoenicia.","And the children of Israel ate manna forty years, until they came to the land they ate the manna, until they came to the region of Phœnicia.",no,1,1,high
Exodus 16:36,Exodus,16,36,Now the gomor was the tenth part of three measures.,Now the homer was the tenth part of three measures.,no,1,1,high
Exodus 17:1,Exodus,17,1,"And the whole assembly of the sons of Israel set out from the wilderness of Sin, by their encampments, according to the word of the Lord, and they camped in Raphidin. But there was no water for the people to drink.","And all the congregation of the children of Israel departed from the wilderness of Sin, according to their encampments, by the word of the Lord; and they encamped in Raphidin: and there was no water for the people to drink.",no,0,0,low
Exodus 17:2,Exodus,17,2,"And the people reviled Moses, saying, ""Give us water, so that we may drink."" And Moses said to them, ""Why do you revile me, and why do you test the Lord?""","And the people reviled Moses, saying, Give us water, that we may drink; and Moses said to them, Why do ye revile me, and why tempt ye the Lord?",no,1,1,high
Exodus 17:3,Exodus,17,3,"And there the people thirsted for water, and there the people grumbled against Moses, saying, ""Why is this? Have you brought us up out from Egypt to kill us and our children and our livestock with thirst?""","And the people thirsted there for water, and there the people murmured against Moses, saying, Why is this? hast thou brought us up out of Egypt to slay us and our children and our cattle with thirst?",no,0,0,low
Exodus 17:4,Exodus,17,4,"Then Moses cried out to the Lord, saying, ""What shall I do with this people? A little more and they will stone me.""","And Moses cried to the Lord, saying, What shall I do to this people? yet a little while and they will stone me.",no,0,0,low
Exodus 17:5,Exodus,17,5,"And the Lord said to Moses, ""Go on ahead of this people, and take with yourself some of the elders of the people. And the rod with which you struck the river, take in your hand and go.""","And the Lord said to Moses, Go before this people, and take to thyself of the elders of the people; and the rod with which thou smotest the river, take in thine hand, and thou shalt go.",no,0,0,low
Exodus 17:6,Exodus,17,6,"""Look, I am standing before you there on the rock in Horeb, and you shall strike the rock, and water will come out from it, and my people will drink."" And Moses did so before the sons of Israel.","Behold, I stand there before thou come, on the rock in Choreb, and thou shalt smite the rock, and water shall come out from it, and the people shall drink. And Moses did so before the sons of Israel.",no,1,0,high
Exodus 17:7,Exodus,17,7,"And he called the name of that place Testing and Reviling, because of the reviling of the sons of Israel and because of their testing the Lord, saying, ""Is the Lord among us or not?""","And he called the name of that place, Temptation, and Reviling, because of the reviling of the children of Israel, and because they tempted the Lord, saying, Is the Lord among us or not?",no,1,1,high
Exodus 17:8,Exodus,17,8,Then Amalek came and fought with Israel in Raphidin.,And Amalec came and fought with Israel in Raphidin.,no,0,0,low
Exodus 17:9,Exodus,17,9,"And Moses said to Joshua, ""Choose for yourself strong men and go out and draw up in battle array against Amalek tomorrow. And look, I will stand on the top of the hill, and the rod of God will be in my hand.""","And Moses said to Joshua, Choose out for thyself mighty men, and go forth and set the army in array against Amalec to-morrow; and, behold, I shall stand on the top of the hill, and the rod of God will be in my hand.",no,1,1,high
Exodus 17:10,Exodus,17,10,"And Joshua did just as Moses told him, and he went out and drew up in battle array against Amalek. And Moses and Aaron and Hur went up to the top of the hill.","And Joshua did as Moses said to him, and he went out and set the army in array against Amalec, and Moses and Aaron and Or went up to the top of the hill.",no,0,0,low
Exodus 17:11,Exodus,17,11,"And it happened that whenever Moses lifted up his hands, Israel prevailed, and whenever he let down his hands, Amalek prevailed.","And it came to pass, when Moses lifted up his hands, Israel prevailed; and when he let down his hands, Amalec prevailed.",no,0,0,low
Exodus 17:12,Exodus,17,12,"But Moses' hands were heavy, and taking a stone they put it under him, and he sat on it. And Aaron and Hur were supporting his hands, one from this side and one from that side, and Moses' hands became supported until the setting of the sun.","But the hands of Moses were heavy, and they took a stone and put it under him, and he sat upon it; and Aaron and Or supported his hands one on this side and the other on that, and the hands of Moses were supported till the going down of the sun.",no,0,0,low
Exodus 17:13,Exodus,17,13,And Joshua routed Amalek and all his people with the slaughter of the sword.,And Joshua routed Amalec and all his people with the slaughter of the sword.,no,1,0,high
Exodus 17:14,Exodus,17,14,"Then the Lord said to Moses, ""Write this as a memorial in a book, and put it into the ears of Joshua, for in wiping out I will wipe out the memorial of Amalek from under heaven.""","And the Lord said to Moses, Write this for a memorial in a book, and speak this in the ears of Joshua; for I will utterly blot out the memorial of Amalec from under heaven.",no,1,1,high
Exodus 17:15,Exodus,17,15,"And Moses built an altar to the Lord and called its name, ""The Lord is my refuge,""","And Moses built an altar to the Lord, and called the name of it, The Lord my Refuge.",no,1,0,high
Exodus 17:16,Exodus,17,16,for with hidden hand the Lord wages war against Amalek from generation to generation.,For with a secret hand the Lord wages war upon Amalec to all generations.,no,1,1,high
Exodus 18:1,Exodus,18,1,"And Jethro, priest of Midian, the father-in-law of Moses, heard all that the Lord had done for Israel, his own people, for the Lord had brought Israel out from Egypt.","And Jothor the priest of Madiam, the father-in-law of Moses, heard of all that the Lord did to his people Israel; for the Lord brought Israel out of Egypt.",no,0,0,low
Exodus 18:2,Exodus,18,2,"And Jethro, the father-in-law of Moses, took Zipporah, the wife of Moses, after her sending away.","And Jothor the father-in-law of Moses, took Sepphora the wife of Moses after she had been sent away,",no,1,1,high
Exodus 18:3,Exodus,18,3,"and her two sons. The name of one was Gersam, saying, ""I was a resident alien in a foreign land,""","and her two sons: the name of the one was Gersam, his father saying, I was a sojourner in a strange land;—",no,0,0,low
Exodus 18:4,Exodus,18,4,"and the name of the second was Eliezer, saying, ""For the God of my father is my helper, and he rescued me from the hand of Pharaoh.""","and the name of the second Eliezer, saying, For the God of my father is my helper, and he has rescued me out of the hand of Pharao.",no,0,0,low
Exodus 18:5,Exodus,18,5,"And Jethro, the father-in-law of Moses, and his sons and wife, came out to Moses into the wilderness where he had camped at the mountain of God.","And Jothor the father-in-law of Moses, and his sons and his wife, went forth to Moses into the wilderness, where he encamped on the mount of God.",no,0,0,low
Exodus 18:6,Exodus,18,6,"And word was reported to Moses, saying, ""Look, your father-in-law Jethro is coming to you, and your wife and your two sons with him.""","And it was told Moses, saying, Behold, thy father-in-law Jothor is coming to thee, and thy wife and two sons with him.",no,0,0,low
Exodus 18:7,Exodus,18,7,"Then Moses went out to meet his father-in-law and bowed down to him and kissed him, and they greeted one another and brought him into the tent.","And Moses went forth to meet his father-in-law, and did him reverence, and kissed him, and they embraced each other, and he brought them into the tent.",no,0,0,low
Exodus 18:8,Exodus,18,8,"And Moses recounted to his father-in-law all that the Lord had done to Pharaoh and the Egyptians for Israel's sake, and all the hardship that had come upon them on the way, and that the Lord had rescued them from the hand of Pharaoh and from the hand of the Egyptians.","And Moses related to his father-in-law all things that the Lord did to Pharao and all the Egyptians for Israel's sake, and all the labour that had befallen them in the way, and that the Lord had rescued them out of the hand of Pharao, and out of the hand of the Egyptians.",no,0,0,low
Exodus 18:9,Exodus,18,9,"And Jethro was amazed at all the good things that the Lord had done for them, that he had rescued them from the hand of the Egyptians and from the hand of Pharaoh.","And Jothor was amazed at all the good things which the Lord did to them, forasmuch as he rescued them out of the hand of the Egyptians and out of the hand of Pharao.",no,0,0,low
Exodus 18:10,Exodus,18,10,"And Jethro said, ""Blessed be the Lord, because he has rescued his people from the hand of the Egyptians and from the hand of Pharaoh.""","And Jothor said, Blessed be the Lord, because he has rescued them out of the hand of the Egyptians and out of the hand of Pharao.",no,0,0,low
Exodus 18:11,Exodus,18,11,"""Now I know that the Lord is great above all the gods, because in this matter they acted arrogantly against them.""","Now know I that the Lord is great above all gods, because of this, wherein they attacked them.",no,1,1,high
Exodus 18:12,Exodus,18,12,"And Jethro, the father-in-law of Moses, took whole burnt offerings and sacrifices to God. And Aaron and all the elders of Israel came to eat bread with the father-in-law of Moses before God.","And Jothor the father-in-law of Moses took whole burnt-offerings and sacrifices for God, for Aaron and all the elders of Israel came to eat bread with the father-in-law of Moses before God.",no,0,0,low
Exodus 18:13,Exodus,18,13,"And it happened on the next day that Moses sat to judge the people, and all the people stood by Moses from morning until evening.","And it came to pass after the morrow that Moses sat to judge the people, and all the people stood by Moses from morning till evening.",no,0,0,low
Exodus 18:14,Exodus,18,14,"And when Jethro saw all that Moses was doing for the people, he said, ""What is this that you are doing for the people? Why do you sit alone while all the people stand by you from morning until evening?""","And Jothor having seen all that Moses did to the people, says, What is this that thou doest to the people? wherefore sittest thou alone, and all the people stand by thee from morning till evening?",no,0,0,low
Exodus 18:15,Exodus,18,15,"And Moses said to his father-in-law, ""Because the people come to me to seek judgment from God.""","And Moses says to his father-in-law, Because the people come to me to seek judgment from God.",no,0,0,low
Exodus 18:16,Exodus,18,16,"""For whenever they have a dispute and come to me, I decide each one and instruct them in the ordinances of God and his law.""","For whenever there is a dispute among them, and they come to me, I give judgment upon each, and I teach them the ordinances of God and his law.",no,0,0,low
Exodus 18:17,Exodus,18,17,"Then the father-in-law of Moses said to him, ""This thing that you are doing is not right.""","And the father-in-law of Moses said to him, Thou dost not this thing rightly,",no,0,0,low
Exodus 18:18,Exodus,18,18,"""With ruin you will wear away, with unbearable exhaustion, both you and all this people that is with you. This thing is too heavy for you. You will not be able to do it alone.""","thou wilt wear away with intolerable weariness, both thou and all this people which is with thee: this thing is hard, thou wilt not be able to endure it thyself alone.",no,1,1,high
Exodus 18:19,Exodus,18,19,"""Now then, listen to me, and I will advise you, and God will be with you. Be for the people in the things toward God, and you shall bring their words to God.""","Now then hearken to me, and I will advise thee, and God shall be with thee: be thou to the people in the things pertaining to God, and thou shalt bring their matters to God.",no,1,1,high
Exodus 18:20,Exodus,18,20,"""And you shall testify to them the ordinances of God and his law, and you shall make known to them the ways in which they shall walk and the works that they shall do.""","And thou shalt testify to them the ordinances of God and his law, and thou shalt shew to them the ways in which they shall walk, and the works which they shall do.",no,0,0,medium
Exodus 18:21,Exodus,18,21,"""And you, select for yourself from all the people able men, God-fearing men, righteous men, hating arrogance, and you shall appoint them over them as commanders of thousands and hundreds and fifties and tens.""","And do thou look out for thyself out of all the people able men, fearing God, righteous men, hating pride, and thou shalt set over the people captains of thousands and captains of hundreds, and captains of fifties, and captains of tens.",no,1,1,high
Exodus 18:22,Exodus,18,22,"""And they shall judge the people at every hour. The over-large matter they shall bring to you, but the small cases they shall judge themselves, and they shall lighten the load from you and help you.""","And they shall judge the people at all times, and the too burdensome matter they shall bring to thee, but they shall judge the smaller cases; so they shall relieve thee and help thee.",no,1,1,high
Exodus 18:23,Exodus,18,23,"""If you do this thing, God will strengthen you, and you will be able to stand, and all this people will come to its own place with peace.""","If thou wilt do this thing, God shall strengthen thee, and thou shalt be able to attend, and all this people shall come with peace into their own place.",no,1,1,high
Exodus 18:24,Exodus,18,24,And Moses listened to the voice of his father-in-law and did all that he said to him.,"And Moses hearkened to the voice of his father-in-law, and did whatsoever he said to him.",no,0,0,low
Exodus 18:25,Exodus,18,25,And Moses chose able men from all Israel and made them over the people as commanders of thousands and hundreds and fifties and tens.,"And Moses chose out able men out of all Israel, and he made them captains of thousands and captains of hundreds, and captains of fifties and captains of tens over the people.",no,0,0,medium
Exodus 18:26,Exodus,18,26,"And they judged the people at every hour. Every over-large matter they brought to Moses, but every light matter they judged themselves.","And they judged the people at all times; and every too burdensome matter they brought to Moses, but every light matter they judged themselves.",no,0,0,low
Exodus 18:27,Exodus,18,27,"Then Moses sent away his father-in-law, and he went to his own land.","And Moses dismissed his father-in-law, and he returned to his own land.",no,0,0,low
Exodus 19:1,Exodus,19,1,"And in the third month of the departure of the sons of Israel from the land of Egypt, on this day they came into the wilderness of Sinai.","And in the third month of the departure of the children of Israel out of the land of Egypt, on the same day, they came into the wilderness of Sina.",no,0,0,low
Exodus 19:2,Exodus,19,2,"And they set out from Raphidin and came into the wilderness of Sinai, and Israel camped there opposite the mountain.","And they departed from Raphidin, and came into the wilderness of Sina, and there Israel encamped before the mountain.",no,0,0,low
Exodus 19:3,Exodus,19,3,"And Moses went up to the mountain of God, and God called to him from the mountain, saying, ""These things you shall say to the house of Jacob, and you shall announce to the sons of Israel:""","And Moses went up to the mount of God, and God called him out of the mountain, saying, These things shalt thou say to the house of Jacob, and thou shalt report them to the children of Israel.",no,0,0,low
Exodus 19:4,Exodus,19,4,"""You yourselves have seen what I did to the Egyptians, and I took you up as on wings of eagles, and I brought you near to myself.""","Ye have seen all that I have done to the Egyptians, and I took you up as upon eagles' wings, and I brought you near to myself.",no,0,0,low
Exodus 19:5,Exodus,19,5,"""And now, if in hearing you hear my voice and keep my covenant, you shall be to me a people of special possession from among all the nations, for the whole earth is mine.""","And now if ye will indeed hear my voice, and keep my covenant, ye shall be to me a peculiar people above all nations; for the whole earth is mine.",no,1,1,high
Exodus 19:6,Exodus,19,6,"""And you shall be to me a royal priesthood and a holy nation. These are the words you shall speak to the sons of Israel.""",And ye shall be to me a royal priesthood and a holy nation: these words shalt thou speak to the children of Israel.,no,1,1,high
Exodus 19:7,Exodus,19,7,Then Moses came and called the elders of the people and set before them all these words that God had commanded him.,"And Moses came and called the elders of the people, and he set before them all these words, which God appointed them.",no,0,0,medium
Exodus 19:8,Exodus,19,8,"And all the people answered with one accord and said, ""All that God has spoken, we will do and we will hear."" And Moses carried the words of the people up to God.","And all the people answered with one accord, and said, All things that God has spoken, we will do and hearken to: and Moses reported these words to God.",no,1,1,high
Exodus 19:9,Exodus,19,9,"Then the Lord said to Moses, ""Look, I am coming to you in a pillar of cloud, so that the people may hear me speaking with you and may trust you forever."" And Moses reported the words of the people to the Lord.","And the Lord said to Moses, Lo! I come to thee in a pillar of a cloud, that the people may hear me speaking to thee, and may believe thee for ever: and Moses reported the words of the people to the Lord.",no,1,0,high
Exodus 19:10,Exodus,19,10,"And the Lord said to Moses, ""Go down and solemnly warn the people, and purify them today and tomorrow, and let them wash their garments,""","And the Lord said to Moses, Go down and solemnly charge the people, and sanctify them to-day and to-morrow, and let them wash their garments.",no,0,0,low
Exodus 19:11,Exodus,19,11,"""and let them be ready for the third day, for on the third day the Lord will come down upon Mount Sinai before all the people.""","And let them be ready against the third day, for on the third day the Lord will descend upon mount Sina before all the people.",no,0,0,low
Exodus 19:12,Exodus,19,12,"""And you shall mark off the people all around, saying, Take heed for yourselves not to go up on the mountain or touch any part of it. Everyone who touches the mountain shall surely die.""","And thou shalt separate the people round about, saying, Take heed to yourselves that ye go not up into the mountain, nor touch any part of it: every one that touches the mountain shall surely die.",no,0,0,low
Exodus 19:13,Exodus,19,13,"""No hand shall touch him, for he shall certainly be stoned with stones or shot through with a missile. Whether beast or man, he shall not live. When the voices and the trumpets and the cloud depart from the mountain, they may come up on the mountain.""","A hand shall not touch it, for every one that touches shall be stoned with stones or shot through with a dart, whether beast or whether man, it shall not live: when the voices and trumpets and cloud depart from off the mountain, they shall come up on the mountain.",no,1,1,high
Exodus 19:14,Exodus,19,14,"Then Moses went down from the mountain to the people and sanctified them, and they washed their garments.","And Moses went down from the mountain to the people, and sanctified them, and they washed their clothes.",no,0,0,low
Exodus 19:15,Exodus,19,15,"And he said to the people, ""Be ready for three days. Do not come near a woman.""","And he said to the people, Be ready: for three days come not near to a woman.",no,0,0,medium
Exodus 19:16,Exodus,19,16,"And it happened on the third day, when morning came, that there were voices and lightnings and a gloomy cloud on Mount Sinai. The sound of the trumpet rang out loudly, and all the people in the camp were terrified.","And it came to pass on the third day, as the morning drew nigh, there were voices and lightnings and a dark cloud on mount Sina: the voice of the trumpet sounded loud, and all the people in the camp trembled.",no,1,1,high
Exodus 19:17,Exodus,19,17,"And Moses brought the people out from the camp to meet God, and they stood beneath the mountain.","And Moses led the people forth out of the camp to meet God, and they stood by under the mountain.",no,0,0,low
Exodus 19:18,Exodus,19,18,"And Mount Sinai smoked all over because God had come down upon it in fire, and the smoke went up like the smoke of a furnace, and all the people were exceedingly astonished.","The mount of Sina was altogether on a smoke, because God had descended upon it in fire; and the smoke went up as the smoke of a furnace, and the people were exceedingly amazed.",no,1,1,high
Exodus 19:19,Exodus,19,19,"And the sounds of the trumpet kept advancing, growing much stronger. Moses was speaking, and God answered him with a voice.","And the sounds of the trumpet were waxing very much louder. Moses spoke, and God answered him with a voice.",no,0,0,low
Exodus 19:20,Exodus,19,20,"And the Lord came down on Mount Sinai, on the top of the mountain, and the Lord called Moses to the top of the mountain, and Moses went up.","And the Lord came down upon mount Sina on the top of the mountain; and the Lord called Moses to the top of the mountain, and Moses went up.",no,0,0,low
Exodus 19:21,Exodus,19,21,"And God said to Moses, saying, ""Go down and solemnly warn the people lest they draw near to God to gaze, and a multitude from among them fall.""","And God spoke to Moses, saying, Go down, and solemnly charge the people, lest at any time they draw nigh to God to gaze, and a multitude of them fall.",no,1,1,high
Exodus 19:22,Exodus,19,22,"""And let the priests who draw near to the Lord God sanctify themselves, lest the Lord break out against some of them.""","And let the priests that draw nigh to the Lord God sanctify themselves, lest he destroy some of them.",no,1,1,high
Exodus 19:23,Exodus,19,23,"And Moses said to God, ""The people will not be able to come up to Mount Sinai, for you yourself solemnly warned us, saying, Mark off the mountain and sanctify it.""","And Moses said to God, The people will not be able to approach to the mount of Sina, for thou hast solemnly charged us, saying, Set bounds to the mountain and sanctify it.",no,0,0,low
Exodus 19:24,Exodus,19,24,"And the Lord said to him, ""Go, go down, and then come up, you and Aaron with you. But let not the priests and the people force their way to come up to God, lest the Lord destroy some of them.""","And the Lord said to him, Go, descend, and come up thou and Aaron with thee; but let not the priests and the people force their way to come up to God, lest the Lord destroy some of them.",no,1,1,high
Exodus 19:25,Exodus,19,25,Then Moses went down to the people and spoke to them.,"And Moses went down to the people, and spoke to them.",no,0,0,low
Exodus 20:1,Exodus,20,1,"And the Lord spoke all these words, saying,","And the Lord spoke all these words, saying:",yes,0,0,none
Exodus 20:2,Exodus,20,2,"""I am the Lord your God, who brought you out from the land of Egypt, out of the house of slavery.""","I am the Lord thy God, who brought thee out of the land of Egypt, out of the house of bondage.",no,0,0,low
Exodus 20:3,Exodus,20,3,"""No other gods shall be yours besides me.""",Thou shalt have no other gods beside me.,no,0,0,low
Exodus 20:4,Exodus,20,4,"""You shall not make for yourself an idol, nor any likeness of whatever is in heaven above and whatever is in the earth below and whatever is in the waters beneath the earth.""","Thou shalt not make to thyself an idol, nor likeness of anything, whatever things are in the heaven above, and whatever are in the earth beneath, and whatever are in the waters under the earth.",no,0,0,low
Exodus 20:5,Exodus,20,5,"""You shall not bow down to them, nor indeed serve them, for I am the Lord your God, a jealous God, repaying fathers' sins upon children to the third and fourth generation of those who hate me,""","Thou shalt not bow down to them, nor serve them; for I am the Lord thy God, a jealous God, recompensing the sins of the fathers upon the children, to the third and fourth generation to them that hate me,",no,1,0,high
Exodus 20:6,Exodus,20,6,"""and showing mercy into thousands for those who love me and keep my commandments.""","and bestowing mercy on them that love me to thousands of them, and on them that keep my commandments.",no,0,0,medium
Exodus 20:7,Exodus,20,7,"""You shall not take the name of the Lord your God upon emptiness, for the Lord will certainly not clear the one who takes his name upon emptiness.""",Thou shalt not take the name of the Lord thy God in vain; for the Lord thy God will not acquit him that takes his name in vain.,no,1,1,high
Exodus 20:8,Exodus,20,8,"""Remember the day of the Sabbaths, to keep it holy.""",Remember the sabbath day to keep it holy.,no,1,1,high
Exodus 20:9,Exodus,20,9,"""For six days you shall work and do all your works,""","Six days thou shalt labour, and shalt perform all thy work.",no,0,0,medium
Exodus 20:10,Exodus,20,10,"""but the seventh day is Sabbath to the Lord your God. On it you shall do no work, you and your son and your daughter, your male servant and your female servant, your ox and your pack animal and every beast of yours and the newcomer staying among you.""","But on the seventh day is the sabbath of the Lord thy God; on it thou shalt do no work, thou, nor thy son, nor thy daughter, thy servant nor thy maidservant, thine ox nor thine ass, nor any cattle of thine, nor the stranger that sojourns with thee.",no,0,0,low
Exodus 20:11,Exodus,20,11,"""For in six days the Lord made heaven and earth and the sea and everything in them, and he rested on the seventh day. Therefore the Lord blessed the seventh day and sanctified it.""","For in six days the Lord made the heaven and the earth, and the sea and all things in them, and rested on the seventh day; therefore the Lord blessed the seventh day, and hallowed it.",no,0,0,low
Exodus 20:12,Exodus,20,12,"""Honor your father and your mother, so that it may go well for you and so that you may become long-lived on the good land that the Lord your God is giving you.""","Honour thy father and thy mother, that it may be well with thee, and that thou mayest live long on the good land, which the Lord thy God gives to thee.",no,0,0,low
Exodus 20:13,Exodus,20,13,"""You shall not commit adultery.""",Thou shalt not commit adultery.,no,0,0,low
Exodus 20:14,Exodus,20,14,"""You shall not steal.""",Thou shalt not steal.,no,0,0,low
Exodus 20:15,Exodus,20,15,"""You shall not murder.""",Thou shalt not kill.,no,0,0,low
Exodus 20:16,Exodus,20,16,"""You shall not bear false witness against your neighbor, false testimony.""",Thou shalt not bear false witness against thy neighbour.,no,1,0,high
Exodus 20:17,Exodus,20,17,"""You shall not desire your neighbor's wife. You shall not desire your neighbor's house, nor his field, nor his male servant, nor his female servant, nor his ox, nor his pack animal, nor any beast of his, nor whatever belongs to your neighbor.""","Thou shalt not covet thy neighbour's wife; thou shalt not covet thy neighbour's house; nor his field, nor his servant, nor his maid, nor his ox, nor his ass, nor any of his cattle, nor whatever belongs to thy neighbour.",no,0,0,medium
Exodus 20:18,Exodus,20,18,"And all the people were seeing the voice and the torches and the sound of the trumpet and the mountain smoking. And all the people were afraid and stood far off,","And all the people perceived the thundering, and the flashes, and the voice of the trumpet, and the mountain smoking; and all the people feared and stood afar off,",no,1,1,high
Exodus 20:19,Exodus,20,19,"and they said to Moses, ""You speak to us, and let not God speak to us, lest we die.""","and said to Moses, Speak thou to us, and let not God speak to us, lest we die.",no,0,0,low
Exodus 20:20,Exodus,20,20,"And Moses said to them, ""Take courage, for God has come for the sake of testing you, so that his fear may be among you, so that you may not sin.""","And Moses says to them, Be of good courage, for God is come to you to try you, that his fear may be among you, that ye sin not.",no,1,1,high
Exodus 20:21,Exodus,20,21,"And the people stood far off, but Moses entered into the gloom where God was.","And the people stood afar off, and Moses went into the darkness where God was.",no,1,1,high
Exodus 20:22,Exodus,20,22,"Then the Lord said to Moses, ""These things you shall say to the house of Jacob, and you shall announce to the sons of Israel: You yourselves have seen that from heaven I have spoken to you.""","And the Lord said to Moses, Thus shalt thou say to the house of Jacob, and thou shalt report it to the children of Israel, Ye have seen that I have spoken to you from heaven.",no,0,0,low
Exodus 20:23,Exodus,20,23,"""You shall not make for yourselves gods of silver, and gods of gold you shall not make for yourselves.""","Ye shall not make to yourselves gods of silver, and gods of gold ye shall not make to yourselves.",no,0,0,low
Exodus 20:24,Exodus,20,24,"""You shall make me an altar of earth, and upon it you shall sacrifice your whole burnt offerings and your offerings of salvation, your sheep and your calves. In every place where I name my name, there I will come to you and bless you.""","Ye shall make to me an altar of earth; and upon it ye shall sacrifice your whole burnt-offerings, and your peace-offerings, and your sheep and your calves in every place, where I shall record my name; and I will come to thee and bless thee.",no,2,2,high
Exodus 20:25,Exodus,20,25,"""But if you make me an altar of stones, you shall not build them cut, for you have laid your tool upon them, and they have been defiled.""","And if thou wilt make to me an altar of stones, thou shalt not build them hewn stones; for thou hast lifted up thy tool upon them, and they are defiled.",no,1,1,high
Exodus 20:26,Exodus,20,26,"""And you shall not go up by steps to my altar, so that you do not uncover your indecency upon it.""","Thou shalt not go up to my altar by steps, that thou mayest not uncover thy nakedness upon it.",no,0,0,low
Exodus 21:1,Exodus,21,1,And these are the ordinances that you shall set before them.,And these are the ordinances which thou shalt set before them.,no,0,0,low
Exodus 21:2,Exodus,21,2,"If you buy a Hebrew servant, six years he shall serve you, and in the seventh year he shall go out free for nothing.","If thou buy a Hebrew servant, six years shall he serve thee, and in the seventh year he shall go forth free for nothing.",no,0,0,low
Exodus 21:3,Exodus,21,3,"If he comes in alone, he shall also go out alone. But if his wife comes in with him, his wife shall also go out with him.","If he should have come in alone, he shall also go forth alone; and if his wife should have gone in together with him, his wife also shall go out.",no,0,0,low
Exodus 21:4,Exodus,21,4,"But if his master gives him a wife and she bears him sons or daughters, the wife and the children shall belong to his master, and he alone shall go out.","Moreover, if his master give him a wife, and she have born him sons or daughters, the wife and the children shall be his master's; and he shall go forth alone.",no,0,0,low
Exodus 21:5,Exodus,21,5,"But if the servant answers and says, ""I have loved my master and my wife and my children. I will not run away free,""","And if the servant should answer and say, I love my master and wife and children, I will not go away free;",no,0,0,low
Exodus 21:6,Exodus,21,6,"then his master shall bring him to the judgment-seat of God. Then he shall bring him to the door, to the doorpost, and his master shall pierce his ear with an awl, and he shall serve him forever.","his master shall bring him to the judgment-seat of God, and then shall he bring him to the door,—to the door-post, and his master shall bore his ear through with an awl, and he shall serve him for ever.",no,1,1,high
Exodus 21:7,Exodus,21,7,"If someone sells his own daughter as a household servant, she shall not go out as the female servants go out.","And if any one sell his daughter as a domestic, she shall not depart as the maid-servants depart.",no,0,0,low
Exodus 21:8,Exodus,21,8,"If she does not please her master, to whom she had been promised, he shall let her be redeemed. He has no authority to sell her to a foreign nation, because he has broken faith with her.","If she be not pleasing to her master, after she has betrothed herself to him, he shall let her go free; but he is not at liberty to sell her to a foreign nation, because he has trifled with her.",no,1,1,high
Exodus 21:9,Exodus,21,9,"But if he promises her to his son, he shall treat her according to the right of daughters.","And if he should have betrothed her to his son, he shall do to her according to the right of daughters.",no,0,0,low
Exodus 21:10,Exodus,21,10,"But if he takes another woman for himself, he shall not deprive her of what is needed, or of clothing, or of her companionship.","And if he take another to himself, he shall not deprive her of necessaries and her apparel, and her companionship with him.",no,1,1,high
Exodus 21:11,Exodus,21,11,"But if he does not do these three things for her, she shall go out free, without money.","And if he will not do these three things to her, she shall go out free without money.",no,0,0,low
Exodus 21:12,Exodus,21,12,"If someone strikes a person and he dies, let him certainly be put to death.","And if any man smite another and he die, let him be certainly put to death.",no,0,0,medium
Exodus 21:13,Exodus,21,13,"But if he did not do it willingly, and God delivered him into his hands, I will give you a place where the killer may flee.","But as for him that did it not willingly, but God delivered him into his hands, I will give thee a place whither the slayer may flee.",no,0,0,low
Exodus 21:14,Exodus,21,14,"But if someone attacks his neighbor to kill him with deceit, and he flees to my altar, you shall take him from there to put him to death.","And if any one lie in wait for his neighbour to slay him by craft, and he go for refuge, thou shalt take him from my altar to put him to death.",no,0,0,low
Exodus 21:15,Exodus,21,15,"Whoever strikes his father or his mother, let him certainly be put to death.","Whoever smites his father or his mother, let him be certainly put to death.",no,0,0,low
Exodus 21:16,Exodus,21,16,Whoever reviles his father or his mother shall surely die.,He that reviles his father or his mother shall surely die.,no,0,0,low
Exodus 21:17,Exodus,21,17,"Whoever steals one of the sons of Israel, and after overpowering him sells him, and he is found in his hand, let him certainly be put to death.","Whosoever shall steal one of the children of Israel, and prevail over him and sell him, and he be found with him, let him certainly die.",no,0,0,low
Exodus 21:18,Exodus,21,18,"If two men revile each other and one strikes his neighbor with a stone or with his fist and he does not die but is laid in bed,","And if two men revile each other and smite the one the other with a stone or his fist, and he die not, but be laid upon his bed;",no,0,0,low
Exodus 21:19,Exodus,21,19,"if the man rises and walks about outside on his staff, the one who struck him shall be clear. Yet he shall pay for his idleness and for his healing.","if the man arise and walk abroad on his staff, he that smote him shall be clear; only he shall pay for his loss of time, and for his healing.",no,0,0,medium
Exodus 21:20,Exodus,21,20,"If someone strikes his male servant or his female servant with a rod and the servant dies under his hands, let justice be exacted.","And if a man smite his man-servant or his maid-servant, with a rod, and the party die under his hands, he shall be surely punished.",no,0,0,medium
Exodus 21:21,Exodus,21,21,"But if the servant lives a day or two, he shall not be avenged, for he is his money.","But if the servant continue to live a day or two, let not the master be punished; for he is his money.",no,0,0,low
Exodus 21:22,Exodus,21,22,"If two men fight and strike a pregnant woman, and her child comes out not yet formed, he shall pay a penalty according as the woman's husband lays upon him. He shall pay with assessment.","And if two men strive and smite a woman with child, and her child be born imperfectly formed, he shall be forced to pay a penalty: as the woman's husband may lay upon him, he shall pay with a valuation.",no,0,0,medium
Exodus 21:23,Exodus,21,23,"But if it is formed, he shall give life for life,","But if it be perfectly formed, he shall give life for life,",no,0,0,low
Exodus 21:24,Exodus,21,24,"eye for eye, tooth for tooth, hand for hand, foot for foot,","eye for eye, tooth for tooth, hand for hand, foot for foot,",yes,0,0,none
Exodus 21:25,Exodus,21,25,"burn for burn, wound for wound, bruise for bruise.","burning for burning, wound for wound, stripe for stripe.",no,0,0,low
Exodus 21:26,Exodus,21,26,"If someone strikes the eye of his servant or the eye of his female servant and blinds it, he shall send them out free for their eye.","And if one smite the eye of his man-servant, or the eye of his maid-servant, and put it out, he shall let them go free for their eye's sake.",no,0,0,medium
Exodus 21:27,Exodus,21,27,"And if he knocks out the tooth of his servant or the tooth of his female servant, he shall send them out free for their tooth.","And if he should smite out the tooth of his man-servant, or the tooth of his maid-servant, he shall send them away free for their tooth's sake.",no,0,0,medium
Exodus 21:28,Exodus,21,28,"If a bull gores a man or a woman and they die, the bull shall be stoned with stones, and its flesh shall not be eaten. But the bull's owner shall be clear.","And if a bull gore a man or woman and they die, the bull shall be stoned with stones, and his flesh shall not be eaten; but the owner of the bull shall be clear.",no,0,0,medium
Exodus 21:29,Exodus,21,29,"But if the bull has been a gorer since yesterday and the third day, and they have testified to its owner and he has not confined it, and it kills a man or a woman, the bull shall be stoned, and its owner shall also die.","But if the bull should have been given to goring in former time, and men should have told his owner, and he have not removed him, but he should have slain a man or woman, the bull shall be stoned, and his owner shall die also.",no,0,0,medium
Exodus 21:30,Exodus,21,30,"But if a ransom is laid upon him, he shall give a ransom for his life, whatever they lay upon him.","And if a ransom should be imposed on him, he shall pay for the ransom of his soul as much as they shall lay upon him.",no,0,0,medium
Exodus 21:31,Exodus,21,31,"If it gores a son or a daughter, they shall do to him according to this ordinance.","And if the bull gore a son or daughter, let them do to him according to this ordinance.",no,0,0,low
Exodus 21:32,Exodus,21,32,"But if the bull gores a male servant or a female servant, he shall give thirty silver didrachms to their master, and the bull shall be stoned.","And if the bull gore a man-servant or maid-servant, he shall pay to their master thirty silver didrachms, and the bull shall be stoned.",no,1,1,high
Exodus 21:33,Exodus,21,33,"If someone opens a pit or quarries a pit and does not cover it, and an ox or a donkey falls in there,","And if any one open a pit or dig a cavity in stone, and cover it not, and an ox or an ass fall in there,",no,0,0,low
Exodus 21:34,Exodus,21,34,"the owner of the pit shall make compensation. He shall give silver to their owner, and the dead animal shall be his.","the owner of the pit shall make compensation; he shall give money to their owner, and the dead shall be his own.",no,0,0,low
Exodus 21:35,Exodus,21,35,"If one person's bull gores the bull of his neighbor and it dies, they shall sell the living bull and divide its silver, and they shall divide the dead one.","And if any man's bull gore the bull of his neighbour, and it die, they shall sell the living bull and divide the money, and they shall divide the dead bull.",no,0,0,medium
Exodus 21:36,Exodus,21,36,"But if it is known that the bull has been a gorer since yesterday and the third day, and testimony had been made to its owner, and he did not confine it, he shall repay bull for bull, and the dead one shall be his.","But if the bull be known to have been given to goring in time past, and they have testified to his owner, and he have not removed him, he shall repay bull for bull, but the dead shall be his own.",no,0,0,low
Exodus 21:37,Exodus,21,37,"If someone steals an ox or a sheep and slaughters it or sells it, he shall repay five oxen for the ox and four sheep for the sheep.","And if one steal an ox or a sheep, and kill it or sell it, he shall pay five calves for a calf, and four sheep for a sheep.",no,0,0,low
Exodus 22:1,Exodus,22,1,"If the thief is found in the breach and is struck and dies, there is no bloodguilt for him.","And if the thief be found in the breach made by himself and be smitten and die, there shall not be blood shed for him.",no,0,0,low
Exodus 22:2,Exodus,22,2,"But if the sun rises on him, there is guilt. He shall die in return. But if he has nothing, let him be sold for what was stolen.","But if the sun be risen upon him, he is guilty, he shall die instead; and if a thief have nothing, let him be sold in compensation for what he has stolen.",no,0,0,low
Exodus 22:3,Exodus,22,3,"If the stolen thing is found alive in his hand, whether donkey or sheep, he shall repay them double.","And if the thing stolen be left and be in his hand alive, whether ox or sheep, he shall restore them two-fold.",no,0,0,low
Exodus 22:4,Exodus,22,4,"If someone lets a field or vineyard be grazed and lets his beast graze another field, he shall repay from his own field according to its produce. But if it grazes the whole field, he shall repay the best of his own field and the best of his vineyard.","And if any one should feed down a field or a vineyard, and should send in his beast to feed down another field, he shall make compensation of his own field according to his produce; and if he shall have fed down the whole field, he shall pay for compensation the best of his own field and the best of his vineyard.",no,0,0,low
Exodus 22:5,Exodus,22,5,"If fire goes out and finds thorns and sets aflame a threshing floor or sheaves or a field, the one who kindled the fire shall make repayment.","And if fire have gone forth and caught thorns, and should also set on fire threshing-floors or ears of corn or a field, he that kindled the fire shall make compensation.",no,0,0,low
Exodus 22:6,Exodus,22,6,"If someone gives his neighbor silver or goods to keep, and it is stolen from the man's house, if the thief is found, he shall repay double.","And if any one give to his neighbour money or goods to keep, and they be stolen out of the man's house, if the thief be found, he shall repay double.",no,0,0,medium
Exodus 22:7,Exodus,22,7,"But if the thief is not found, the master of the house shall come before God and swear that he has surely not acted wickedly against any part of his neighbor's deposit.","But if the thief be not found, the master of the house shall come forward before God, and shall swear that surely he has not wrought wickedly in regard of any part of his neighbour's deposit,",no,0,0,low
Exodus 22:8,Exodus,22,8,"In every matter of wrongdoing, concerning an ox and a beast of burden and a sheep and a garment and every alleged loss, whatever it may be, the judgment of both shall come before God, and the one convicted through God shall repay double to his neighbor.","according to every injury alleged, both concerning a calf, and an ass, and a sheep, and a garment, and every alleged loss, whatsoever in fact it may be,—the judgment of both shall proceed before God, and he that is convicted by God shall repay to his neighbour double.",no,0,0,low
Exodus 22:9,Exodus,22,9,"If someone gives his neighbor a beast of burden or an ox or a sheep or any livestock to keep, and it is injured or dies or is taken captive, and no one knows,","And if any one give to his neighbour to keep a calf or sheep or any beast, and it be wounded or die or be taken, and no one know,",no,0,0,low
Exodus 22:10,Exodus,22,10,"an oath of God shall be between both of them, that he surely has not acted wickedly against any part of his neighbor's deposit. So its owner shall accept it, and he shall not repay.","an oath of God shall be between both, each swearing that he has surely not at all been guilty in the matter of his neighbour's deposit; and so his master shall hold him guiltless, and he shall not make compensation.",no,0,0,low
Exodus 22:11,Exodus,22,11,"But if it is stolen from him, he shall repay its owner.","And if it be stolen from him, he shall make compensation to the owner.",no,0,0,low
Exodus 22:12,Exodus,22,12,"But if it becomes beast-torn, he shall bring it as evidence of the prey, and he shall not repay.","And if it be seized of beasts, he shall bring him to witness the prey, and he shall not make compensation.",no,1,1,high
Exodus 22:13,Exodus,22,13,"If someone borrows from his neighbor, and it is injured or dies or is taken captive, and its owner is not with it, he shall repay.","And if any one borrow ought of his neighbour, and it be wounded or die or be carried away, and the owner of it be not with it, he shall make compensation.",no,0,0,low
Exodus 22:14,Exodus,22,14,"But if the owner is with it, he shall not repay. But if it is hired, it shall stand for its hire.","But if the owner be with it, he shall not make compensation: but if it be a hired thing, there shall be a compensation to him instead of his hire.",no,0,0,low
Exodus 22:15,Exodus,22,15,"If someone entices an unbetrothed virgin and lies with her, he shall surely pay the bride-price and take her as wife for himself.","And if any one deceive a virgin that is not betrothed, and lie with her, he shall surely endow her for a wife to himself.",no,0,0,low
Exodus 22:16,Exodus,22,16,"But if her father utterly refuses and does not wish to give her to him as wife, he shall pay silver to her father according to the bride-price of virgins.","And if her father positively refuse, and will not consent to give her to him for a wife, he shall pay compensation to her father according to the amount of the dowry of virgins.",no,0,0,low
Exodus 22:17,Exodus,22,17,You shall not preserve sorcerers alive.,Ye shall not save the lives of sorcerers.,no,1,1,high
Exodus 22:18,Exodus,22,18,"Everyone who lies with an animal, you shall certainly put them to death.",Every one that lies with a beast ye shall surely put to death.,no,0,0,low
Exodus 22:19,Exodus,22,19,"The one sacrificing to gods shall be destroyed by death, except to the Lord alone.","He that sacrifices to any gods but to the Lord alone, shall be destroyed by death.",no,0,0,low
Exodus 22:20,Exodus,22,20,"You shall not mistreat a newcomer, nor oppress him, for you were newcomers in the land of Egypt.","And ye shall not hurt a stranger, nor afflict him; for ye were strangers in the land of Egypt.",no,1,1,high
Exodus 22:21,Exodus,22,21,You shall mistreat no widow or orphan.,Ye shall hurt no widow or orphan.,no,0,0,low
Exodus 22:22,Exodus,22,22,"But if by evil-treatment you mistreat them, and crying out they cry to me, I will surely hear their voice.","And if ye should afflict them by ill-treatment, and they should cry aloud to me, I will surely hear their voice.",no,0,0,low
Exodus 22:23,Exodus,22,23,"And I will become angry with wrath and kill you with the sword, and your wives shall be widows and your children orphans.","And I will be very angry, and will slay you with the sword, and your wives shall be widows and your children orphans.",no,0,0,low
Exodus 22:24,Exodus,22,24,"If you lend silver to your poor brother beside you, you shall not press him hard, nor lay interest upon him.","And if thou shouldest lend money to thy poor brother who is by thee, thou shalt not be hard upon him, thou shalt not exact usury of him.",no,0,0,low
Exodus 22:25,Exodus,22,25,"If you take your neighbor's garment as a pledge, you shall give it back to him before sunset.","And if thou take thy neighbour's garment for a pledge, thou shalt restore it to him before sunset.",no,0,0,low
Exodus 22:26,Exodus,22,26,"For this alone is his covering; this is the garment of his nakedness. In what shall he sleep? So if he cries out to me, I will hear him, for I am merciful.","For this is his clothing, this is the only covering of his nakedness; wherein shall he sleep? If then he shall cry to me, I will hearken to him, for I am merciful.",no,0,0,low
Exodus 22:27,Exodus,22,27,"You shall not revile gods, and you shall not speak evil of a ruler of your people.","Thou shalt not revile the gods, nor speak ill of the ruler of thy people.",no,1,1,high
Exodus 22:28,Exodus,22,28,You shall not delay the firstfruits of your threshing floor and your winepress. You shall give me the firstborn of your sons.,Thou shalt not keep back the first-fruits of thy threshing floor and press. The first-born of thy sons thou shalt give to me.,no,0,0,low
Exodus 22:29,Exodus,22,29,"So you shall do with your ox and your sheep and your beast of burden. Seven days it shall be under its mother, and on the eighth day you shall give it to me.","So shalt thou do with thy calf and thy sheep and thine ass; seven days shall it be under the mother, and the eighth day thou shalt give it to me.",no,0,0,low
Exodus 22:30,Exodus,22,30,"And you shall be holy men to me, and you shall not eat flesh torn by beasts; you shall throw it to the dog.","And ye shall be holy men to me; and ye shall not eat flesh taken of beasts, ye shall cast it to the dog.",no,0,0,low
Exodus 23:1,Exodus,23,1,You shall not accept a vain report. You shall not join with the unjust to become an unjust witness.,Thou shalt not receive a vain report: thou shalt not agree with the unjust man to become an unjust witness.,no,0,0,medium
Exodus 23:2,Exodus,23,2,You shall not be with the many for evil. You shall not side with a crowd to turn aside with the many so as to bend justice.,Thou shalt not associate with the multitude for evil; thou shalt not join thyself with a multitude to turn aside with the majority so as to shut out judgment.,no,1,1,high
Exodus 23:3,Exodus,23,3,And you shall not spare a poor man in judgment.,And thou shalt not spare a poor man in judgment.,no,0,0,medium
Exodus 23:4,Exodus,23,4,"If you meet your enemy's ox or his beast of burden wandering, you shall surely turn it back and return it to him.","And if thou meet thine enemy's ox or his ass going astray, thou shalt turn them back and restore them to him.",no,0,0,low
Exodus 23:5,Exodus,23,5,"If you see your enemy's beast of burden fallen under its load, you shall not pass it by, but you shall help raise it with him.","And if thou see thine enemy's ass fallen under its burden, thou shalt not pass by it, but shalt help to raise it with him.",no,0,0,low
Exodus 23:6,Exodus,23,6,You shall not pervert the judgment of a poor man in his case.,Thou shalt not wrest the sentence of the poor in his judgment.,no,0,0,medium
Exodus 23:7,Exodus,23,7,"Keep far from every unjust word. You shall not kill the innocent and the righteous, and you shall not justify the ungodly for gifts.","Thou shalt abstain from every unjust thing: thou shalt not slay the innocent and just, and thou shalt not justify the wicked for gifts.",no,0,0,low
Exodus 23:8,Exodus,23,8,"You shall not take gifts, for gifts blind the eyes of those who see and destroy just words.","And thou shalt not receive gifts; for gifts blind the eyes of the seeing, and corrupt just words.",no,0,0,low
Exodus 23:9,Exodus,23,9,"You shall not oppress a newcomer, for you know the soul of the newcomer, because you were newcomers in the land of Egypt.","And ye shall not afflict a stranger, for ye know the heart of a stranger; for ye were yourselves strangers in the land of Egypt.",no,1,1,high
Exodus 23:10,Exodus,23,10,Six years you shall sow your land and gather its produce.,"Six years thou shalt sow thy land, and gather in the fruits of it.",no,0,0,low
Exodus 23:11,Exodus,23,11,"But in the seventh you shall make a release and let it rest, and the poor of your nation shall eat, and what they leave the wild beasts shall eat. So you shall do with your vineyard and your oliveyard.","But in the seventh year thou shalt let it rest, and leave it, and the poor of thy nation shall feed; and the wild beasts of the field shall eat that which remains: thus shalt thou do to thy vineyard and to thine oliveyard.",no,0,0,low
Exodus 23:12,Exodus,23,12,"Six days you shall do your works, but on the seventh day there shall be rest, so that your ox and your beast of burden may rest, and the son of your female servant and the newcomer may be refreshed.","Six days shalt thou do thy works, and on the seventh day there shall be rest, that thine ox and thine ass may rest, and that the son of thy maid-servant and the stranger may be refreshed.",no,0,0,medium
Exodus 23:13,Exodus,23,13,"Guard all that I have said to you, and you shall not mention the name of other gods, nor shall it be heard from your mouth.","Observe all things whatsoever I have commanded you; and ye shall make no mention of the name of other gods, neither shall they be heard out of your mouth.",no,0,0,medium
Exodus 23:14,Exodus,23,14,Three times of the year celebrate a feast to me.,Keep ye a feast to me three times in the year.,no,0,0,low
Exodus 23:15,Exodus,23,15,"Keep the feast of unleavened bread. Seven days you shall eat unleavened bread, just as I commanded you, at the time of the month of new grain, for in it you came out from Egypt. You shall not appear before me empty.","Take heed to keep the feast of unleavened bread: seven days ye shall eat unleavened bread, as I charged thee at the season of the month of new corn, for in it thou camest out of Egypt: thou shalt not appear before me empty.",no,0,0,medium
Exodus 23:16,Exodus,23,16,"And you shall keep the feast of harvest of the first produce of your labors, whatever you sow in your field, and the feast of completion at the going out of the year, in the gathering of your labors from your field.","And thou shalt keep the feast of the harvest of first-fruits of thy labours, whatsoever thou shalt have sown in thy field, and the feast of completion at the end of the year in the gathering in of thy fruits out of thy field.",no,0,0,medium
Exodus 23:17,Exodus,23,17,Three times of the year every male of yours shall appear before the Lord your God.,Three times in the year shall all thy males appear before the Lord thy God.,no,0,0,low
Exodus 23:18,Exodus,23,18,"For when I cast out nations from before you and widen your borders, you shall not sacrifice the blood of my sacrifice with leaven, nor shall the fat of my feast lie down until morning.","For when I shall have cast out the nations from before thee, and shall have widened thy borders, thou shalt not offer the blood of my sacrifice with leaven, neither must the fat of my feast abide till the morning.",no,0,0,low
Exodus 23:19,Exodus,23,19,You shall bring the firstfruits of the first produce of your land into the house of the Lord your God. You shall not boil a lamb in its mother's milk.,Thou shalt bring the first-offerings of the first-fruits of thy land into the house of the Lord thy God. Thou shalt not seethe a lamb in its mother's milk.,no,0,0,low
Exodus 23:20,Exodus,23,20,"And behold, I send my messenger before your face to keep you on the way, so that he may bring you into the land that I have prepared for you.","And, behold, I send my angel before thy face, that he may keep thee in the way, that he may bring thee into the land which I have prepared for thee.",no,1,1,high
Exodus 23:21,Exodus,23,21,"Pay attention to yourself and listen to him, and do not disobey him, for he will never yield to you, because my name is upon him.","Take heed to thyself and hearken to him, and disobey him not; for he will not give way to thee, for my name is on him.",no,1,1,high
Exodus 23:22,Exodus,23,22,"If you truly hear my voice and do all that I command you and keep my covenant, you shall be for me a people of special possession out of all nations, for all the earth is mine. And you shall be for me a royal priesthood and a holy nation. These are the words you shall speak to the sons of Israel. If you truly hear my voice and do all that I say to you, I will be hostile to your enemies and oppose those who oppose you.","If ye will indeed hear my voice, and if thou wilt do all the things I shall charge thee with, and keep my covenant, ye shall be to me a peculiar people above all nations, for the whole earth is mine; and ye shall be to me a royal priesthood, and a holy nation: these words shall ye speak to the children of Israel, If ye shall indeed hear my voice, and do all the things I shall tell thee, I will be an enemy to thine enemies, and an adversary to thine adversaries.",no,1,1,high
Exodus 23:23,Exodus,23,23,"For my messenger shall go leading you and bring you to the Amorite and Hittite and Perizzite and Canaanite and Girgashite and Hivite and Jebusite, and I will wipe them out.","For my angel shall go as thy leader, and shall bring thee to the Amorite, and Chettite, and Pherezite, and Chananite, and Gergesite, and Evite, and Jebusite, and I will destroy them.",no,0,0,low
Exodus 23:24,Exodus,23,24,"You shall not worship their gods, nor serve them. You shall not do according to their works, but by pulling down you shall pull down, and by breaking you shall break their pillars.","Thou shalt not worship their gods, nor serve them: thou shalt not do according to their works, but shalt utterly destroy them, and break to pieces their pillars.",no,1,1,high
Exodus 23:25,Exodus,23,25,"And you shall serve the Lord your God, and I will bless your bread and your wine and your water, and I will turn sickness away from you.","And thou shalt serve the Lord thy God, and I will bless thy bread and thy wine and thy water, and I will turn away sickness from you.",no,0,0,low
Exodus 23:26,Exodus,23,26,None shall be barren or sterile in your land. I will fill up the number of your days.,There shall not be on thy land one that is impotent or barren. I will surely fulfil the number of thy days.,no,0,0,low
Exodus 23:27,Exodus,23,27,"And I will send fear ahead of you and throw into confusion all the nations among whom you enter, and I will make all your adversaries flee.","And I will send terror before thee, and I will strike with amazement all the nations to which thou shalt come, and I will make all thine enemies to flee.",no,0,0,low
Exodus 23:28,Exodus,23,28,"And I will send hornets ahead of you, and they shall drive out the Amorites and the Hivites and the Canaanites and the Hittites from before you.","And I will send hornets before thee, and thou shalt cast out the Amorites and the Evites, and the Chananites and the Chettites from thee.",no,0,0,low
Exodus 23:29,Exodus,23,29,"I will not drive them out in one year, lest the land become desolate and the beasts of the earth multiply against you.","I will not cast them out in one year, lest the land become desolate, and the beasts of the field multiply against thee.",no,0,0,low
Exodus 23:30,Exodus,23,30,"Little by little I will drive them out from before you, until you increase and inherit the land.","By little and little I will cast them out from before thee, until thou shalt be increased and inherit the earth.",no,0,0,low
Exodus 23:31,Exodus,23,31,"And I will set your borders from the Red Sea to the Sea of the Philistines, and from the wilderness to the great river Euphrates. And I will give the inhabitants of the land into your hands, and I will drive them out from before you.","And I will set thy borders from the Red Sea, to the sea of the Phylistines, and from the wilderness to the great river Euphrates; and I will give into your hand those that dwell in the land, and will cast them out from thee.",no,0,0,low
Exodus 23:32,Exodus,23,32,You shall make no covenant with them or with their gods.,Thou shalt make no covenant with them and their gods.,no,0,0,low
Exodus 23:33,Exodus,23,33,"They shall not dwell in your land, lest they make you sin against me. For if you serve their gods, these will be a stumbling block to you.","And they shall not dwell in thy land, lest they cause thee to sin against me; for if thou shouldest serve their gods, these will be an offence to thee.",no,0,0,low
Exodus 24:1,Exodus,24,1,"And to Moses he said, ""Come up to the Lord, you and Aaron and Nadab and Abihu and seventy of the elders of Israel, and worship from far off.""","And to Moses he said, Go up to the Lord, thou and Aaron and Nadab and Abiud, and seventy of the elders of Israel: and they shall worship the Lord from a distance.",no,0,0,low
Exodus 24:2,Exodus,24,2,"And Moses alone shall come near to God. But they shall not come near, and the people shall not come up with them.","And Moses alone shall draw nigh to God; and they shall not draw nigh, and the people shall not come up with them.",no,0,0,low
Exodus 24:3,Exodus,24,3,"And Moses went in and related to the people all the words of God and the ordinances. And all the people answered with one voice, saying, ""All the words that the Lord has spoken we will do and we will hear.""","And Moses went in and related to the people all the words of God and the ordinances; and all the people answered with one voice, saying, All the words which the Lord has spoken, we will do and be obedient.",no,0,0,low
Exodus 24:4,Exodus,24,4,"And Moses wrote all the words of the Lord. Rising early in the morning, Moses built an altar under the mountain, and twelve stones for the twelve tribes of Israel.","And Moses wrote all the words of the Lord; and Moses rose up early in the morning, and built an altar under the mountain, and set up twelve stones for the twelve tribes of Israel.",no,0,0,low
Exodus 24:5,Exodus,24,5,"And he sent the young men of the sons of Israel, and they offered whole burnt offerings and sacrificed calves as offerings of salvation to God.","And he sent forth the young men of the children of Israel, and they offered whole burnt-offerings, and they sacrificed young calves as a peace-offering to God.",no,1,1,high
Exodus 24:6,Exodus,24,6,"And Moses took half the blood and poured it into bowls, and half the blood he poured out upon the altar.","And Moses took half the blood and poured it into bowls, and half the blood he poured out upon the altar.",yes,0,0,none
Exodus 24:7,Exodus,24,7,"And taking the book of the covenant, he read it in the hearing of the people, and they said, ""All that the Lord has spoken we will do and we will hear.""","And he took the book of the covenant and read it in the ears of the people, and they said, All things whatsoever the Lord has spoken we will do and hearken therein.",no,0,0,low
Exodus 24:8,Exodus,24,8,"And Moses took the blood and splashed it on the people and said, ""Behold, the blood of the covenant that the Lord has made with you concerning all these words.""","And Moses took the blood and sprinkled it upon the people, and said, Behold the blood of the covenant, which the Lord has made with you concerning all these words.",no,0,0,low
Exodus 24:9,Exodus,24,9,Then Moses and Aaron and Nadab and Abihu and seventy from the council of Israel went up.,"And Moses went up, and Aaron, and Nadab and Abiud, and seventy of the elders of Israel.",no,0,0,low
Exodus 24:10,Exodus,24,10,"And they saw the place where the God of Israel had stood. And under his feet was like work of sapphire brick, and like the appearance of the firmament of heaven in purity.","And they saw the place where the God of Israel stood; and under his feet was as it were a work of sapphire slabs, and as it were the appearance of the firmament of heaven in its purity.",no,1,1,high
Exodus 24:11,Exodus,24,11,"And of the chosen ones of Israel not even one was missing. And they appeared in the place of God, and they ate and drank.","And of the chosen ones of Israel there was not even one missing, and they appeared in the place of God, and did eat and drink.",no,0,0,low
Exodus 24:12,Exodus,24,12,"And the Lord said to Moses, ""Come up to me on the mountain and stay there, and I will give you the stone tablets, the law and the commandments that I wrote to give them law.""","And the Lord said to Moses, Come up to me into the mountain, and be there; and I will give thee the tables of stone, the law and the commandments, which I have written to give them laws.",no,1,1,high
Exodus 24:13,Exodus,24,13,"And Moses rose, and Joshua who stood beside him, and they went up into the mountain of God.","And Moses rose up and Joshua his attendant, and they went up into the mount of God.",no,0,0,low
Exodus 24:14,Exodus,24,14,"And to the elders they said, ""Stay still there until we return to you. And look, Aaron and Hur are with you. If any matter of judgment happens to anyone, let them go to them.""","And to the elders they said, Rest there till we return to you; and behold, Aaron and Or are with you: if any man have a cause to be tried, let them go to them.",no,0,0,medium
Exodus 24:15,Exodus,24,15,"And Moses and Joshua went up into the mountain, and the cloud covered the mountain.","And Moses and Joshua went up to the mountain, and the cloud covered the mountain.",no,0,0,low
Exodus 24:16,Exodus,24,16,"And the glory of God came down upon Mount Sinai, and the cloud covered it six days. And on the seventh day the Lord called Moses from the midst of the cloud.","And the glory of God came down upon the mount Sina, and the cloud covered it six days; and the Lord called Moses on the seventh day out of the midst of the cloud.",no,0,0,low
Exodus 24:17,Exodus,24,17,And the appearance of the glory of the Lord was like burning fire on the top of the mountain before the sons of Israel.,"And the appearance of the glory of the Lord was as burning fire on the top of the mountain, before the children of Israel.",no,0,0,low
Exodus 24:18,Exodus,24,18,And Moses entered into the midst of the cloud and went up into the mountain. And he was there on the mountain forty days and forty nights.,"And Moses went into the midst of the cloud, and went up to the mountain, and was there in the mountain forty days and forty nights.",no,0,0,low
Exodus 25:1,Exodus,25,1,"And the Lord spoke to Moses, saying,","And the Lord spoke to Moses, saying,",yes,0,0,none
Exodus 25:2,Exodus,25,2,"""Tell the sons of Israel to take contributions for me. From everyone whose heart deems it good, you shall take my contributions.""","Speak to the children of Israel, and take first-fruits of all, who may be disposed in their heart to give; and ye shall take my first-fruits.",no,0,0,low
Exodus 25:3,Exodus,25,3,"And this is the contribution that you shall take from them: gold and silver and bronze,","And this is the offering which ye shall take of them; gold and silver and brass,",no,0,0,low
Exodus 25:4,Exodus,25,4,"and blue and purple and doubled scarlet and spun fine linen and goat hair,","and blue, and purple, and double scarlet, and fine spun linen, and goats' hair,",no,0,0,low
Exodus 25:5,Exodus,25,5,"and rams' skins dyed red and blue skins and incorruptible wood,","and rams' skins dyed red, and blue skins, and incorruptible wood,",yes,0,0,none
Exodus 25:7,Exodus,25,7,"and sardius stones and stones for engraving, for the ephod and the robe.","and sardius stones, and stones for the carved work of the breast-plate, and the full-length robe.",no,0,0,low
Exodus 25:8,Exodus,25,8,"And you shall make me a holy place, and I will be seen among you.","And thou shalt make me a sanctuary, and I will appear among you.",no,1,1,high
Exodus 25:9,Exodus,25,9,And you shall make them for me according to all that I show you on the mountain: the pattern of the tent and the pattern of all its furnishings. So you shall make them.,"And thou shalt make for me according to all things which I shew thee in the mountain; even the pattern of the tabernacle, and the pattern of all its furniture: so shalt thou make it.",no,0,0,low
Exodus 25:10,Exodus,25,10,"And you shall make an ark of testimony of incorruptible wood: two and a half cubits its length, one and a half cubits its breadth, and one and a half cubits its height.","And thou shalt make the ark of testimony of incorruptible wood; the length of two cubits and a half, and the breadth of a cubit and a half, and the height of a cubit and a half.",no,0,0,low
Exodus 25:11,Exodus,25,11,"And you shall overlay it with pure gold. Inside and outside you shall overlay it, and you shall make for it twisted golden moldings all around.","And thou shalt gild it with pure gold, thou shalt gild it within and without; and thou shalt make for it golden wreaths twisted round about.",no,0,0,low
Exodus 25:12,Exodus,25,12,"And you shall cast for it four golden rings and place them on its four sides, two rings on one side and two rings on the second side.","And thou shalt cast for it four golden rings, and shalt put them on the four sides; two rings on the one side, and two rings on the other side.",no,0,0,low
Exodus 25:13,Exodus,25,13,And you shall make carrying-poles of incorruptible wood and overlay them with gold.,"And thou shalt make staves of incorruptible wood, and shalt gild them with gold.",no,0,0,low
Exodus 25:14,Exodus,25,14,"And you shall put the poles into the rings on the sides of the ark, to carry the ark by them.","And thou shalt put the staves into the rings on the sides of the ark, to bear the ark with them.",no,0,0,low
Exodus 25:15,Exodus,25,15,The poles shall stay fixed in the rings of the ark.,The staves shall remain fixed in the rings of the ark.,no,0,0,low
Exodus 25:16,Exodus,25,16,And you shall put into the ark the testimonies that I shall give you.,And thou shalt put into the ark the testimonies which I shall give thee.,no,0,0,low
Exodus 25:17,Exodus,25,17,"And you shall make a propitiatory lid of pure gold: two and a half cubits its length, and one and a half cubits its breadth.","And thou shalt make a propitiatory, a lid of pure gold; the length of two cubits and a half, and the breadth of a cubit and a half.",no,1,1,high
Exodus 25:18,Exodus,25,18,"And you shall make two cherubim of beaten gold, and you shall place them on both ends of the propitiatory.","And thou shalt make two cherubs graven in gold, and thou shalt put them on both sides of the propitiatory.",no,0,0,low
Exodus 25:19,Exodus,25,19,One cherub shall be made on this end and one cherub on the second end of the propitiatory. You shall make the two cherubim on the two ends.,"They shall be made, one cherub on this side, and another cherub on the other side of the propitiatory; and thou shalt make the two cherubs on the two sides.",no,0,0,low
Exodus 25:20,Exodus,25,20,"And the cherubim shall be stretching out their wings above, overshadowing the propitiatory with their wings, and their faces shall be toward one another. The faces of the cherubim shall be toward the propitiatory.","The cherubs shall stretch forth their wings above, overshadowing the propitiatory with their wings; and their faces shall be toward each other, the faces of the cherubs shall be toward the propitiatory.",no,0,0,low
Exodus 25:21,Exodus,25,21,"And you shall place the propitiatory on top of the ark, and into the ark you shall put the testimonies that I shall give you.","And thou shalt set the propitiatory on the ark above, and thou shalt put into the ark the testimonies which I shall give thee.",no,0,0,low
Exodus 25:22,Exodus,25,22,"And I will make myself known to you there, and I will speak to you from above the propitiatory, from between the two cherubim that are on the ark of testimony, according to all that I shall command you for the sons of Israel.","And I will make myself known to thee from thence, and I will speak to thee above the propitiatory between the two cherubs, which are upon the ark of testimony, even in all things which I shall charge thee concerning the children of Israel.",no,1,1,high
Exodus 25:23,Exodus,25,23,"And you shall make a table of pure gold: two cubits its length, one cubit its breadth, and one and a half cubits its height.","And thou shalt make a golden table of pure gold, in length two cubits, and in breadth a cubit, and in height a cubit and a half.",no,0,0,low
Exodus 25:24,Exodus,25,24,And you shall make for it twisted golden moldings all around.,"And thou shalt make for it golden wreaths twisted round about, and thou shalt make for it a crown of an hand-breadth round about.",no,0,0,low
Exodus 25:25,Exodus,25,25,"And you shall make for it a rim a handbreadth around it, and you shall make a twisted molding around the rim.",And thou shalt make a twisted wreath for the crown round about.,no,0,0,low
Exodus 25:26,Exodus,25,26,And you shall make four golden rings and place the rings on the four parts of its feet.,And thou shalt make four golden rings; and thou shalt put the four rings upon the four parts of its feet under the crown.,no,0,0,low
Exodus 25:27,Exodus,25,27,"The rings shall be under the rim, as holders for the carrying-poles, so that the table may be carried by them.","And the rings shall be for bearings for the staves, that they may bear the table with them.",no,0,0,low
Exodus 25:28,Exodus,25,28,"And you shall make the poles of incorruptible wood and overlay them with pure gold, and the table shall be carried by them.","And thou shalt make the staves of incorruptible wood, and thou shalt gild them with pure gold; and the table shall be borne with them.",no,0,0,low
Exodus 25:29,Exodus,25,29,And you shall make its dishes and censers and libation bowls and cups with which you shall pour offerings. You shall make them of pure gold.,"And thou shalt make its dishes and its censers, and its bowls, and its cups, with which thou shalt offer drink-offerings: of pure gold shalt thou make them.",no,0,0,low
Exodus 25:30,Exodus,25,30,And you shall set on the table loaves before my face continually.,And thou shalt set upon the table shewbread before me continually.,no,0,0,low
Exodus 25:31,Exodus,25,31,"And you shall make a lampstand of pure gold. Beaten work shall you make the lampstand: its shaft and its branches, its bowls and knobs and lilies shall be from it.","And thou shalt make a candlestick of pure gold; thou shalt make the candlestick of graven work: its stem and its branches, and its bowls and its knops and its lilies shall be of one piece.",no,0,0,low
Exodus 25:32,Exodus,25,32,Six branches shall come out from its sides: three branches of the lampstand from one side and three branches of the lampstand from the second side.,"And six branches proceeding sideways, three branches of the candlestick from one side of it, and three branches of the candlestick from the other side.",no,0,0,low
Exodus 25:33,Exodus,25,33,"Three almond-shaped bowls on one branch, with knob and lily. So also on the six branches that come out from the lampstand.","And three bowls fashioned like almonds, on each branch a knop and a lily; so to the six branches proceeding from the candlestick,",no,0,0,low
Exodus 25:34,Exodus,25,34,"And on the lampstand four almond-shaped bowls, with its knobs and its lilies.","and in the candlestick four bowls fashioned like almonds, in each branch knops and the flowers of the same.",no,0,0,low
Exodus 25:35,Exodus,25,35,"A knob under two branches from it, and a knob under four branches from it, so also for the six branches that come out from the lampstand.","A knop under two branches out of it, and a knop under four branches out of it; so to the six branches proceeding from the candlestick; and in the candlestick four bowls fashioned like almonds.",no,0,0,low
Exodus 25:36,Exodus,25,36,Their knobs and their branches shall be from it. All shall be one beaten piece of pure gold.,"Let the knops and the branches be of one piece, altogether graven of one piece of pure gold.",no,0,0,low
Exodus 25:37,Exodus,25,37,"And you shall make its seven lamps. And you shall set up the lamps, and they shall shine from the one front.","And thou shalt make its seven lamps: and thou shalt set on it the lamps, and they shall shine from one front.",no,0,0,low
Exodus 25:38,Exodus,25,38,And you shall make its snuffers and its trays of pure gold.,And thou shalt make its funnel and its snuff-dishes of pure gold.,no,0,0,low
Exodus 25:39,Exodus,25,39,All these utensils shall be one talent of pure gold.,All these articles shall be a talent of pure gold.,no,0,0,low
Exodus 25:40,Exodus,25,40,See that you make them according to the pattern shown you on the mountain.,"See, thou shalt make them according to the pattern shewed thee in the mount.",no,0,0,low
Exodus 26:1,Exodus,26,1,"And the tent you shall make with ten curtains of woven fine linen and blue and purple and spun scarlet. You shall make them with cherubim, woven work.","And thou shalt make the tabernacle, ten curtains of fine linen spun, and blue and purple, and scarlet spun with cherubs; thou shalt make them with work of a weaver.",no,0,0,low
Exodus 26:2,Exodus,26,2,"The length of one curtain shall be twenty-eight cubits, and the breadth of one curtain four cubits. One measure shall belong to all the curtains.","The length of one curtain shall be eight and twenty cubits, and one curtain shall be the breadth of four cubits: there shall be the same measure to all the curtains.",no,0,0,low
Exodus 26:3,Exodus,26,3,"Five curtains shall be joined one to another, and five curtains shall be held together one to another.","And the five curtains shall be joined one to another, and the other five curtains shall be closely connected the one with the other.",no,0,0,low
Exodus 26:4,Exodus,26,4,"And you shall make blue loops on the edge of one curtain on one side for the coupling, and so you shall make on the edge of the outer curtain for the second coupling.","And thou shalt make for them loops of blue on the edge of one curtain, on one side for the coupling, and so shalt thou make on the edge of the outer curtain for the second coupling.",no,0,0,low
Exodus 26:5,Exodus,26,5,"Fifty loops you shall make on the one curtain, and fifty loops on the part of the curtain at the coupling of the second, matching one another.","Fifty loops shalt thou make for one curtain, and fifty loops shalt thou make on the part of the curtain answering to the coupling of the second, opposite each other, corresponding to each other at each point.",no,0,0,low
Exodus 26:6,Exodus,26,6,"And you shall make fifty gold clasps and join the curtains one to another with the clasps, and the tent shall be one.","And thou shalt make fifty golden rings; and thou shalt join the curtains to each other with the rings, and it shall be one tabernacle.",no,0,0,low
Exodus 26:7,Exodus,26,7,And you shall make goat-hair coverings as a covering over the tent. Eleven coverings you shall make.,"And thou shalt make for a covering of the tabernacle skins with the hair on, thou shalt make them eleven skins.",no,0,0,low
Exodus 26:8,Exodus,26,8,"The length of one covering shall be thirty cubits, and the breadth of one covering four cubits. One measure shall belong to the eleven coverings.","The length of one skin thirty cubits, and the breadth of one skin four cubits: there shall be the same measure to the eleven skins.",no,0,0,low
Exodus 26:9,Exodus,26,9,"And you shall join the five coverings together and the six coverings together, and you shall fold the sixth covering over at the front of the tent.","And thou shalt join the five skins together, and the six skins together; and thou shalt double the sixth skin in front of the tabernacle.",no,0,0,low
Exodus 26:10,Exodus,26,10,"And you shall make fifty loops on the edge of the one covering that is in the middle at the joining, and fifty loops on the edge of the second covering that joins it.","And thou shalt make fifty loops on the border of one skin, which is in the midst for the joinings; and thou shalt make fifty loops on the edge of the second skin that joins it.",no,0,0,low
Exodus 26:11,Exodus,26,11,"And you shall make fifty bronze clasps, and you shall join the clasps through the loops and join the coverings, and it shall be one.","And thou shalt make fifty brazen rings; and thou shalt join the rings by the loops, and thou shalt join the skins, and they shall be one.",no,0,0,low
Exodus 26:12,Exodus,26,12,"And the extra part in the coverings of the tent, the half-covering that remains, you shall let hang over the back of the tent.","And thou shalt fix at the end that which is over in the skins of the tabernacle; the half of the skin that is left shalt thou fold over, according to the overplus of the skins of the tabernacle; thou shalt fold it over behind the tabernacle.",no,0,0,low
Exodus 26:13,Exodus,26,13,"A cubit on this side and a cubit on that side, from the excess in the length of the tent coverings, shall hang over the sides of the tent on this side and that side to cover it.","A cubit on this side, and a cubit on that side of that which remains of the skins, of the length of the skins of the tabernacle: it shall be folding over the sides of the tabernacle on this side and that side, that it may cover it.",no,0,0,low
Exodus 26:14,Exodus,26,14,"And you shall make for the tent a covering of red-dyed rams' skins, and coverings of blue skins above.","And thou shalt make for a covering of the tabernacle rams' skins dyed red, and blue skins as coverings above.",no,0,0,low
Exodus 26:15,Exodus,26,15,And you shall make uprights for the tent of incorruptible wood.,And thou shalt make the posts of the tabernacle of incorruptible wood.,no,0,0,low
Exodus 26:16,Exodus,26,16,"Ten cubits shall you make one upright, and one and a half cubits the breadth of one upright.","Of ten cubits shalt thou make one post, and the breadth of one post of a cubit and a half.",no,0,0,low
Exodus 26:17,Exodus,26,17,"Two tenons for each upright, corresponding one to another. So you shall do for all the uprights of the tent.","Two joints shalt thou make in one post, answering the one to the other: so shalt thou do to all the posts of the tabernacle.",no,0,0,low
Exodus 26:18,Exodus,26,18,"And you shall make the uprights for the tent, twenty uprights on the side toward the north.","And thou shalt make posts to the tabernacle, twenty posts on the north side.",no,0,0,low
Exodus 26:19,Exodus,26,19,"And you shall make forty silver bases for the twenty uprights, two bases for one upright on its two sides and two bases for the next upright on its two sides.","And thou shalt make to the twenty posts forty silver sockets; two sockets to one post on both its sides, and two sockets to the other post on both its sides.",no,0,0,low
Exodus 26:20,Exodus,26,20,"And on the second side, the side toward the south, twenty uprights.","And for the next side, toward the south, twenty posts,",no,0,0,low
Exodus 26:21,Exodus,26,21,"And their forty silver bases, two bases for one upright on its two sides and two bases for the next upright on its two sides.","and their forty silver sockets: two sockets to one post on both its sides, and two sockets to the other post on both its sides.",no,0,0,low
Exodus 26:22,Exodus,26,22,"And at the back of the tent, at the side toward the sea, you shall make six uprights.",And on the back of the tabernacle at the part which is toward the west thou shalt make six posts.,no,0,0,low
Exodus 26:23,Exodus,26,23,And you shall make two uprights for the corners of the tent at the back.,And thou shalt make two posts on the corners of the tabernacle behind.,no,0,0,low
Exodus 26:24,Exodus,26,24,"And they shall be equal below, and together they shall be equal up to the tops for one joining. So you shall make them for both, for the two corners.","And it shall be equal below, they shall be equal toward the same part from the heads to one joining; so shalt thou make to both the two corners, let them be equal.",no,0,0,low
Exodus 26:25,Exodus,26,25,"And there shall be eight uprights, and their silver bases sixteen: two bases for one upright on its two sides and two bases for the next upright.","And there shall be eight posts, and their sixteen silver sockets; two sockets to one post on both its sides, and two sockets to the other post.",no,0,0,low
Exodus 26:26,Exodus,26,26,"And you shall make bars of incorruptible wood, five for the uprights on one side of the tent,","And thou shalt make bars of incorruptible wood; five to one post on one side of the tabernacle,",no,0,0,low
Exodus 26:27,Exodus,26,27,"and five bars for the uprights on the second side of the tent, and five bars for the hindmost uprights on the side of the tent toward the sea.","and five bars to one post on the second side of the tabernacle, and five bars to the hinder posts, on the side of the tabernacle toward the sea.",no,0,0,low
Exodus 26:28,Exodus,26,28,"And the middle bar, in the midst of the uprights, shall pass through from one side to the other.",And let the bar in the middle between the posts go through from the one side to the other side.,no,0,0,low
Exodus 26:29,Exodus,26,29,"And you shall overlay the uprights with gold, and you shall make gold rings into which you shall bring in the bars, and you shall overlay the bars with gold.","And thou shalt gild the posts with gold; and thou shalt make golden rings, into which thou shalt introduce the bars, and thou shalt gild the bars with gold.",no,0,0,low
Exodus 26:30,Exodus,26,30,And you shall set up the tent according to the pattern shown you on the mountain.,And thou shalt set up the tabernacle according to the pattern shewed thee in the mount.,no,0,0,low
Exodus 26:31,Exodus,26,31,"And you shall make a curtain of blue and purple and spun scarlet and woven fine linen. You shall make it with cherubim, woven work.","And thou shalt make a veil of blue and purple and scarlet woven, and fine linen spun: thou shalt make it cherubs in woven work.",no,0,0,low
Exodus 26:32,Exodus,26,32,"And you shall place it on four incorruptible posts overlaid with gold, their capitals gold, and their four bases silver.","And thou shalt set it upon four posts of incorruptible wood overlaid with gold; and their tops shall be gold, and their four sockets shall be of silver.",no,0,0,low
Exodus 26:33,Exodus,26,33,"And you shall put the curtain on the posts, and within the curtain you shall bring in there the ark of testimony. And the curtain shall divide for you between the Holy Place and the Holy of Holies.","And thou shalt put the veil on the posts, and thou shalt carry in thither within the veil the ark of the testimony; and the veil shall make a separation for you between the holy and the holy of holies.",no,0,0,low
Exodus 26:34,Exodus,26,34,And with the curtain you shall cover the ark of testimony in the Holy of Holies.,And thou shalt screen with the veil the ark of the testimony in the holy of holies.,no,0,0,low
Exodus 26:35,Exodus,26,35,"And you shall place the table outside the curtain, and the lampstand opposite the table on the south side of the tent. And you shall put the table on the north side of the tent.","And thou shalt set the table outside the veil, and the candlestick opposite the table on the south side of the tabernacle; and thou shalt put the table on the north side of the tabernacle.",no,0,0,low
Exodus 26:36,Exodus,26,36,"And you shall make a screen for the entrance of the tent, of blue and purple and spun scarlet and woven fine linen, embroidered work.","And thou shalt make a screen for the door of the tabernacle of blue, and purple, and spun scarlet and fine linen spun, the work of the embroiderer.",no,0,0,low
Exodus 26:37,Exodus,26,37,"And you shall make for the screen five posts and overlay them with gold, and their capitals gold, and you shall cast for them five bronze bases.","And thou shalt make for the veil five posts, and thou shalt gild them with gold; and their chapiters shall be gold; and thou shalt cast for them five brazen sockets.",no,0,0,low
Exodus 27:1,Exodus,27,1,"And you shall make the altar of incorruptible wood, five cubits its length and five cubits its breadth. The altar shall be square, and its height three cubits.","And thou shalt make an altar of incorruptible wood, of five cubits in the length, and five cubits in the breadth; the altar shall be square, and the height of it shall be of three cubits.",no,0,0,low
Exodus 27:2,Exodus,27,2,"And you shall make the horns upon its four corners. The horns shall be from it, and you shall cover them with bronze.","And thou shalt make the horns on the four corners; the horns shall be of the same piece, and thou shalt overlay them with brass.",no,0,0,low
Exodus 27:3,Exodus,27,3,"And you shall make a rim for the altar, and its pans and its bowls and its flesh-hooks and its fire-pan. All its utensils you shall make of bronze.","And thou shalt make a rim for the altar; and its covering and its cups, and its flesh-hooks, and its fire-pan, and all its vessels shalt thou make of brass.",no,0,0,low
Exodus 27:4,Exodus,27,4,"And you shall make for it a bronze grate of net-work, and you shall make for the grate four bronze rings on its four sides.",And thou shalt make for it a brazen grate with net-work; and thou shalt make for the grate four brazen rings under the four sides.,no,0,0,low
Exodus 27:5,Exodus,27,5,"And you shall set them under the grate of the altar below, and the grate shall reach to the middle of the altar.","And thou shalt put them below under the grate of the altar, and the grate shall extend to the middle of the altar.",no,0,0,low
Exodus 27:6,Exodus,27,6,"And you shall make poles for the altar of incorruptible wood, and you shall overlay them with bronze.","And thou shalt make for the altar staves of incorruptible wood, and thou shalt overlay them with brass.",no,0,0,low
Exodus 27:7,Exodus,27,7,"And you shall bring the poles into the rings, and the poles shall be on the sides of the altar when it is carried.",And thou shalt put the staves into the rings; and let the staves be on the sides of the altar to carry it.,no,0,0,low
Exodus 27:8,Exodus,27,8,"Hollow, of boards, you shall make it. According to what was shown you on the mountain, so you shall make it.","Thou shalt make it hollow with boards: according to what was shewed thee in the mount, so thou shalt make it.",no,0,0,low
Exodus 27:9,Exodus,27,9,"And you shall make a court for the tent. On the side toward the south wind, hangings of woven fine linen, one hundred cubits long for one side.","And thou shalt make a court for the tabernacle, curtains of the court of fine linen spun on the south side, the length of a hundred cubits for one side.",no,0,0,medium
Exodus 27:10,Exodus,27,10,"And their pillars twenty, and their twenty bronze bases, and their hooks and fastenings of silver.","And their pillars twenty, and twenty brazen sockets for them, and their rings and their clasps of silver.",no,0,0,low
Exodus 27:11,Exodus,27,11,"So also for the side toward the east wind, hangings one hundred cubits long, and their pillars twenty, and their twenty bronze bases, and the hooks and fastenings of the pillars silver-covered.","Thus shall there be to the side toward the north curtains of a hundred cubits in length; and their pillars twenty, and their sockets twenty of brass, and the rings and the clasps of the pillars, and their sockets overlaid with silver.",no,0,0,medium
Exodus 27:12,Exodus,27,12,"And on the breadth of the court toward the sea, hangings fifty cubits, their pillars ten and their bases ten.","And in the breadth of the tabernacle toward the west curtains of fifty cubits, their pillars ten and their sockets ten.",no,0,0,low
Exodus 27:13,Exodus,27,13,"And on the breadth of the court toward the south, hangings fifty cubits, their pillars ten and their bases ten.","And in the breadth of the tabernacle toward the south, curtains of fifty cubits; their pillars ten, and their sockets ten.",no,0,0,low
Exodus 27:14,Exodus,27,14,"And the hangings shall be fifteen cubits high on one side, their pillars three and their bases three.","And the height of the curtains shall be of fifteen cubits for the one side of the gate; their pillars three, and their sockets three.",no,0,0,low
Exodus 27:15,Exodus,27,15,"And for the second side, fifteen cubits the height of the hangings, their pillars three and their bases three.","And for the second side the height of the curtains shall be of fifteen cubits; their pillars three, and their sockets three.",no,0,0,low
Exodus 27:16,Exodus,27,16,"And for the gate of the court, a screen twenty cubits long, of blue and purple and spun scarlet and woven fine linen, worked by an embroiderer, their pillars four and their bases four.","And a veil for the door of the court, the height of it of twenty cubits of blue linen, and of purple, and spun scarlet, and of fine linen spun with the art of the embroiderer; their pillars four, and their sockets four.",no,0,0,low
Exodus 27:17,Exodus,27,17,"All the pillars of the court all around silver-covered, their capitals silver, and their bases bronze.","All the pillars of the court round about overlaid with silver, and their chapiters silver and their brass sockets.",no,0,0,low
Exodus 27:18,Exodus,27,18,"And the length of the court shall be one hundred by one hundred, and the breadth fifty by fifty, and the height five cubits, of woven fine linen, and their bases bronze.","And the length of the court shall be a hundred cubits on each side, and the breadth fifty on each side, and the height five cubits of fine linen spun, and their sockets of brass.",no,0,0,low
Exodus 27:19,Exodus,27,19,And all the furnishing and all the implements and the pegs of the court shall be bronze.,And all the furniture and all the instruments and the pins of the court shall be of brass.,no,0,0,low
Exodus 27:20,Exodus,27,20,"And you shall charge the sons of Israel, and let them bring you pure beaten olive oil for the light, that a lamp may burn continually.","And do thou charge the children of Israel, and let them take for thee refined pure olive-oil beaten to burn for light, that a lamp may burn continually",no,0,0,low
Exodus 27:21,Exodus,27,21,"In the tent of testimony, outside the curtain that is over the covenant, Aaron and his sons shall tend it from evening until morning before the Lord. This is an everlasting ordinance throughout your generations from the sons of Israel.","in the tabernacle of the testimony, without the veil that is before the ark of the covenant, shall Aaron and his sons burn it from evening until morning, before the Lord: it is a perpetual ordinance throughout your generations of the children of Israel.",no,0,0,low
Exodus 28:1,Exodus,28,1,"And you, bring near to yourself Aaron your brother and his sons with him from among the sons of Israel to serve as priests to me: Aaron and Nadab and Abihu and Eleazar and Ithamar, Aaron's sons.","And do thou take to thyself both Aaron thy brother, and his sons, even them of the children of Israel; so that Aaron, and Nadab and Abiud, and Eleazar and Ithamar, sons of Aaron, may minister to me.",no,0,0,low
Exodus 28:2,Exodus,28,2,"And you shall make holy apparel for Aaron your brother, for honor and glory.","And thou shalt make holy apparel for Aaron thy brother, for honour and glory.",no,0,0,low
Exodus 28:3,Exodus,28,3,"And you shall speak to all the wise in mind, whom I have filled with a spirit of perception, and they shall make Aaron's holy apparel for the sanctuary, in which he shall serve as priest to me.","And speak thou to all those who are wise in understanding, whom I have filled with the spirit of wisdom and perception; and they shall make the holy apparel of Aaron for the sanctuary, in which apparel he shall minister to me as priest.",no,0,0,medium
Exodus 28:4,Exodus,28,4,And these are the garments they shall make: the breastpiece and the ephod and the robe and the fringed tunic and the turban and the sash. And they shall make holy garments for Aaron and his sons to serve as priests to me.,"And these are the garments which they shall make: the breast-plate, and the shoulder-piece, and the full-length robe, and the tunic with a fringe, and the tire, and the girdle; and they shall make holy garments for Aaron and his sons to minister to me as priests.",no,0,0,low
Exodus 28:5,Exodus,28,5,And they shall take the gold and the blue and the purple and the scarlet and the fine linen.,"And they shall take the gold, and the blue, and the purple, and the scarlet, and the fine linen.",yes,0,0,none
Exodus 28:6,Exodus,28,6,"And they shall make the ephod of woven fine linen, work of an embroiderer.","And they shall make the shoulder-piece of fine linen spun, the woven work of the embroiderer.",no,0,0,low
Exodus 28:7,Exodus,28,7,"It shall have two shoulder-pieces joined together, fastened on the two sides.","It shall have two shoulder-pieces joined together, fastened on the two sides.",yes,0,0,none
Exodus 28:8,Exodus,28,8,"And the woven band of the shoulder-pieces that is upon it shall be of one piece with it, of gold and blue and purple and spun scarlet and woven fine linen.","And the woven work of the shoulder-pieces which is upon it, shall be of one piece according to the work, of pure gold and blue and purple, and spun scarlet and fine twined linen.",no,0,0,low
Exodus 28:9,Exodus,28,9,"And you shall take the two emerald stones and engrave on them the names of the sons of Israel,","And thou shalt take the two stones, the stones of emerald, and thou shalt grave on them the names of the children of Israel.",no,0,0,low
Exodus 28:10,Exodus,28,10,"six names on one stone and the remaining six names on the second stone, according to their births.","Six names on the first stone, and the other six names on the second stone, according to their births.",no,0,0,low
Exodus 28:11,Exodus,28,11,"As a stonecutter engraves a seal, so you shall engrave the two stones with the names of the sons of Israel.",It shall be the work of the stone-engraver's art; as the graving of a seal thou shalt engrave the two stones with the names of the children of Israel.,no,0,0,low
Exodus 28:12,Exodus,28,12,And you shall place the two stones on the shoulders of the ephod. They are memorial stones for the sons of Israel. And Aaron shall bear the names of the sons of Israel before the Lord on his two shoulders as a memorial concerning them.,"And thou shalt put the two stones on the shoulders of the shoulder-piece: they are memorial-stones for the children of Israel: and Aaron shall bear the names of the children of Israel before the Lord on his two shoulders, a memorial for them.",no,0,0,low
Exodus 28:13,Exodus,28,13,"And you shall make settings of pure gold,",And thou shalt make circlets of pure gold;,no,0,0,low
Exodus 28:14,Exodus,28,14,"and two braided cords of pure gold, mixed in floral work, woven. And you shall place the woven cords on the settings by their shoulder-pieces at the front.","and thou shalt make two fringes of pure gold, variegated with flowers, wreathen work; and thou shalt put the wreathen fringes on the circlets, fastening them on their shoulder-pieces in front.",no,0,0,low
Exodus 28:15,Exodus,28,15,"And you shall make a breastpiece of judgments, embroidered work. According to the pattern of the ephod you shall make it, of gold and blue and purple and spun scarlet and woven fine linen.","And thou shalt make the oracle of judgment, the work of the embroiderer: in keeping with the ephod, thou shalt make it of gold, and blue and purple, and spun scarlet, and fine linen spun.",no,1,1,high
Exodus 28:16,Exodus,28,16,"It shall be square and doubled, a span its length and a span its breadth.","Thou shalt make it square: it shall be double; of a span the length of it, and of a span the breadth.",no,0,0,low
Exodus 28:17,Exodus,28,17,"And you shall weave into it a setting of four rows of stones. The first row: sardius, topaz, emerald.","And thou shalt interweave with it a texture of four rows of stone; there shall be a row of stones, a sardius, a topaz, an emerald, the first row.",no,0,0,low
Exodus 28:18,Exodus,28,18,"And the second row: carbuncle, sapphire, jasper.","And the second row, a carbuncle, a sapphire, and a jasper.",no,0,0,low
Exodus 28:19,Exodus,28,19,"And the third row: ligure, agate, amethyst.","And the third row, a ligure, an agate, an amethyst:",no,0,0,low
Exodus 28:20,Exodus,28,20,"And the fourth row: chrysolite, beryl, onyx, encircled and bound in gold according to their row.","and the fourth row, a chrysolite, and a beryl, and an onyx stone, set round with gold, bound together with gold: let them be according to their row.",no,0,0,low
Exodus 28:21,Exodus,28,21,"And the stones shall correspond to the names of the sons of Israel, twelve according to their names, engravings of seals, each according to its name for the twelve tribes.","And let the stones of the names of the children of Israel be twelve according to their names, engravings as of seals: let them be for the twelve tribes each according to the name.",no,0,0,low
Exodus 28:22,Exodus,28,22,"And you shall make on the breastpiece braided cords, chainwork of pure gold.","And thou shalt make on the oracle woven fringes, a chain-work of pure gold.",no,0,0,low
Exodus 28:29,Exodus,28,29,"And Aaron shall bear the names of the sons of Israel on the breastpiece of judgments upon his chest when he goes into the holy place, as a memorial before God.","And Aaron shall take the names of the children of Israel, on the oracle of judgment on his breast; a memorial before God for him as he goes into the sanctuary.",no,0,0,low
Exodus 28:30,Exodus,28,30,"And you shall put on the breastpiece of judgments the Manifestation and the Truth, and it shall be on Aaron's chest when he goes into the holy place before the Lord. And Aaron shall bear the judgments of the sons of Israel upon his chest before the Lord continually.","and thou shalt put the two circlets on both the shoulders of the ephod in front. And thou shalt put the Manifestation and the Truth on the oracle of judgment; and it shall be on the breast of Aaron, when he goes into the holy place before the Lord; and Aaron shall bear the judgments of the children of Israel on his breast before the Lord continually.",no,1,1,high
Exodus 28:31,Exodus,28,31,And you shall make the robe under the ephod all blue.,And thou shalt make the full-length tunic all of blue.,no,0,0,low
Exodus 28:32,Exodus,28,32,"And its opening shall be in the middle, with a woven border all around the opening, joined from the same work so that it may not tear.","And the opening of it shall be in the middle having a fringe round about the opening, the work of the weaver, woven together in the joining of the same piece that it might not be rent.",no,0,0,low
Exodus 28:33,Exodus,28,33,"And on the hem of the robe below you shall make pomegranates like blossoming pomegranate fruit, of blue and purple and spun scarlet and woven fine linen, on the hem of the robe all around; and golden pomegranates and bells all around between them.","And under the fringe of the robe below thou shalt make as it were pomegranates of a flowering pomegranate tree, of blue, and purple, and spun scarlet, and fine linen spun, under the fringe of the robe round about: golden pomegranates of the same shape, and bells round about between these.",no,0,0,low
Exodus 28:34,Exodus,28,34,"A golden bell beside a pomegranate, and blossom-work on the hem of the robe all around.","A bell by the side of a golden pomegranate, and flower-work on the fringe of the robe round about.",no,0,0,low
Exodus 28:35,Exodus,28,35,"And Aaron shall wear it when he ministers, and its sound shall be heard when he goes into the holy place before the Lord and when he comes out, so that he may not die.","And the sound of Aaron shall be audible when he ministers, as he goes into the sanctuary before the Lord, and as he goes out, that he die not.",no,0,0,low
Exodus 28:36,Exodus,28,36,"And you shall make a pure gold plate, and engrave on it like the engraving of a seal, ""Holiness of the Lord.""","And thou shalt make a plate of pure gold, and thou shalt grave on it as the graving of a signet, Holiness of the Lord.",no,0,0,low
Exodus 28:37,Exodus,28,37,"And you shall place it on a blue cord, and it shall be on the turban; it shall be on the front of the turban.","And thou shalt put it on the spun blue cloth, and it shall be on the mitre: it shall be in the front of the mitre.",no,0,0,low
Exodus 28:38,Exodus,28,38,"And it shall be on Aaron's forehead, and Aaron shall bear away the sins of the holy things, whatever holy gifts the sons of Israel sanctify. And it shall be on Aaron's forehead continually, acceptable for them before the Lord.","And it shall be on the forehead of Aaron; and Aaron shall bear away the sins of their holy things, all that the children of Israel shall sanctify of every gift of their holy things, and it shall be on the forehead of Aaron continually acceptable for them before the Lord.",no,0,0,low
Exodus 28:39,Exodus,28,39,"And the fringes of the tunics shall be of fine linen, and you shall make a fine linen turban, and you shall make a sash, work of an embroiderer.","And the fringes of the garments shall be of fine linen; and thou shalt make a tire of fine linen, and thou shalt make a girdle, the work of the embroiderer.",no,0,0,low
Exodus 28:40,Exodus,28,40,"And for Aaron's sons you shall make tunics and sashes, and you shall make turbans for them, for honor and glory.","And for the sons of Aaron thou shalt make tunics and girdles, and thou shalt make for them tires for honour and glory.",no,0,0,low
Exodus 28:41,Exodus,28,41,"And you shall clothe Aaron your brother and his sons with him, and you shall anoint them and fill their hands and sanctify them, that they may serve as priests to me.","And thou shalt put them on Aaron thy brother, and his sons with him, and thou shalt anoint them and fill their hands: and thou shalt sanctify them, that they may minister to me in the priest's office.",no,0,0,low
Exodus 28:42,Exodus,28,42,And you shall make for them linen undergarments to cover the nakedness of their flesh; they shall reach from loins to thighs.,And thou shalt make for them linen drawers to cover the nakedness of their flesh; they shall reach from the loins to the thighs.,no,0,0,low
Exodus 28:43,Exodus,28,43,"And Aaron shall wear them, and his sons, whenever they enter the tent of testimony or approach the altar to minister in the holy place, so that they may not bring sin upon themselves and die. An everlasting statute for him and for his seed after him.","And Aaron shall have them, and his sons, whenever they enter into the tabernacle of witness, or when they shall advance to the altar of the sanctuary to minister, so they shall not bring sin upon themselves, lest they die: it is a perpetual statute for him, and for his seed after him.",no,0,0,low
Exodus 29:1,Exodus,29,1,"And these are the things that you shall do for them to sanctify them, so that they may serve as priests to me: take one young bull from the herd and two flawless rams,","And these are the things which thou shalt do to them: thou shalt sanctify them, so that they shall serve me in the priesthood; and thou shalt take one young calf from the herd, and two unblemished rams;",no,0,0,low
Exodus 29:2,Exodus,29,2,and unleavened loaves kneaded with oil and unleavened cakes anointed with oil. You shall make them of fine wheat flour.,"and unleavened loaves kneaded with oil, and unleavened cakes anointed with oil: thou shalt make them of fine flour of wheat.",no,0,0,low
Exodus 29:3,Exodus,29,3,"And you shall put them on one basket, and you shall bring them on the basket, and the young bull and the two rams.","And thou shalt put them on one basket, and thou shalt offer them on the basket, and the young calf and the two rams.",no,0,0,low
Exodus 29:4,Exodus,29,4,"And Aaron and his sons you shall bring to the doors of the tent of testimony, and you shall wash them with water.","And thou shalt bring Aaron and his sons to the doors of the tabernacle of testimony, and thou shalt wash them with water.",no,0,0,low
Exodus 29:5,Exodus,29,5,"And taking the garments, you shall clothe Aaron your brother with the tunic and the robe and the ephod and the breastpiece, and you shall fasten the breastpiece to the ephod for him.","And having taken the garments, thou shalt put on Aaron thy brother both the full-length robe and the ephod and the oracle; and thou shalt join for him the oracle to the ephod.",no,0,0,low
Exodus 29:6,Exodus,29,6,"And you shall put the turban on his head, and you shall put the holy plate on the turban.","And thou shalt put the mitre on his head; and thou shalt put the plate, even the Holiness, on the mitre.",no,0,0,low
Exodus 29:7,Exodus,29,7,And you shall take the anointing oil and pour it on his head and anoint him.,"And thou shalt take of the anointing oil, and thou shalt pour it on his head, and shalt anoint him,",no,0,0,low
Exodus 29:8,Exodus,29,8,And you shall bring his sons and clothe them with tunics.,"and thou shalt bring his sons, and put garments on them.",no,0,0,low
Exodus 29:9,Exodus,29,9,"And you shall gird them with sashes and put the turbans on them, and they shall have a priesthood for me forever. And you shall fill the hands of Aaron and the hands of his sons.","And thou shalt gird them with the girdles, and put the tires upon them, and they shall have a priestly office to me for ever; and thou shalt fill the hands of Aaron and the hands of his sons.",no,0,0,low
Exodus 29:10,Exodus,29,10,"And you shall bring the young bull to the doors of the tent of testimony, and Aaron and his sons shall lay their hands on the head of the young bull before the Lord by the doors of the tent of testimony.","And thou shalt bring the calf to the door of the tabernacle of witness; and Aaron and his sons shall lay their hands on the head of the calf, before the Lord, by the doors of the tabernacle of witness.",no,0,0,low
Exodus 29:11,Exodus,29,11,And you shall slaughter the young bull before the Lord by the doors of the tent of testimony.,"And thou shalt slay the calf before the Lord, by the doors of the tabernacle of witness.",no,0,0,low
Exodus 29:12,Exodus,29,12,"And you shall take some of the blood of the young bull and put it on the horns of the altar with your finger, and all the rest of the blood you shall pour out beside the base of the altar.","And thou shalt take of the blood of the calf, and put it on the horns of the altar with thy finger, but all the rest of the blood thou shalt pour out at the foot of the altar.",no,0,0,low
Exodus 29:13,Exodus,29,13,"And you shall take all the fat on the belly and the lobe of the liver and the two kidneys and the fat on them, and you shall place them on the altar.","And thou shalt take all the fat that is on the belly, and the lobe of the liver, and the two kidneys, and the fat that is upon them, and shalt put them upon the altar.",no,0,0,low
Exodus 29:14,Exodus,29,14,"But the flesh of the young bull and its skin and its dung you shall burn with fire outside the camp, for it is a sin offering.","But the flesh of the calf, and his skin, and his dung, shalt thou burn with fire without the camp; for it is an offering on account of sin.",no,0,0,low
Exodus 29:15,Exodus,29,15,"And you shall take the one ram, and Aaron and his sons shall lay their hands on the head of the ram.","And thou shalt take one ram, and Aaron and his sons shall lay their hands on the head of the ram.",no,0,0,low
Exodus 29:16,Exodus,29,16,"And you shall slaughter it and, taking the blood, pour it around the altar.","And thou shalt kill it, and take the blood and pour it on the altar round about.",no,0,0,low
Exodus 29:17,Exodus,29,17,"And you shall divide the ram by its limbs, and you shall wash the inward parts and the feet with water, and place them upon the divided pieces with the head.","And thou shalt divide the ram by his several limbs, and thou shalt wash the inward parts and the feet with water, and thou shalt put them on the divided parts with the head.",no,0,0,low
Exodus 29:18,Exodus,29,18,"And you shall offer up the whole ram on the altar. It is a whole burnt offering to the Lord, a smell of sweet fragrance, an offering to the Lord.","And thou shalt offer the whole ram on the altar, a whole burnt-offering to the Lord for a sweet-smelling savour: it is an offering of incense to the Lord.",no,0,0,low
Exodus 29:19,Exodus,29,19,"And you shall take the second ram, and Aaron and his sons shall lay their hands on the head of the ram.","And thou shalt take the second ram, and Aaron and his sons shall lay their hands on the head of the ram.",no,0,0,low
Exodus 29:20,Exodus,29,20,"And you shall slaughter it and take some of its blood and place it on the tip of Aaron's right ear and on the thumb of his right hand and on the great toe of his right foot, and on the right earlobes of his sons and on the thumbs of their right hands and on the great toes of their right feet.","And thou shalt kill it, and take of the blood of it, and put it on the tip of Aaron's right ear, and on the thumb of his right hand, and on the great toe of his right foot, and on the tips of the right ears of his sons, and on the thumbs of their right hands, and on the great toes of their right feet.",no,0,0,low
Exodus 29:21,Exodus,29,21,"And you shall take some of the blood from the altar and some of the anointing oil, and you shall sprinkle it on Aaron and on his garment and on his sons and on the garments of his sons with him, and he shall be sanctified, and his garment, and his sons, and the garments of his sons with him. And the blood of the ram you shall pour around the altar.","And thou shalt take of the blood from the altar, and of the anointing oil; and thou shalt sprinkle it upon Aaron and on his garments, and on his sons and on his sons' garments with him; and he shall be sanctified and his apparel, and his sons and his sons' apparel with him: but the blood of the ram thou shalt pour round about upon the altar.",no,0,0,low
Exodus 29:22,Exodus,29,22,"And you shall take from the ram its fat and the fat covering the belly and the lobe of the liver and the two kidneys and the fat on them and the right arm, for this is an ordination.","And thou shalt take from the ram its fat, both the fat that covers the belly, and the lobe of the liver, and the two kidneys, and the fat that is upon them, and the right shoulder, for this is a consecration.",no,0,0,low
Exodus 29:23,Exodus,29,23,And one loaf of oil bread and one cake from the basket of unleavened bread set before the Lord.,"And one cake made with oil, and one cake from the basket of unleavened bread set forth before the Lord.",no,0,0,low
Exodus 29:24,Exodus,29,24,"And you shall place all these on the hands of Aaron and on the hands of his sons, and you shall separate them as a separated offering before the Lord.","And thou shalt put them all on the hands of Aaron, and on the hands of his sons, and thou shalt separate them as a separate offering before the Lord.",no,0,0,low
Exodus 29:25,Exodus,29,25,"And you shall take them from their hands and offer them on the altar upon the whole burnt offering, as a smell of sweet fragrance before the Lord. It is an offering to the Lord.","And thou shalt take them from their hands, and shalt offer them up on the altar of whole burnt-offering for a sweet-smelling savour before the Lord: it is an offering to the Lord.",no,0,0,low
Exodus 29:26,Exodus,29,26,"And you shall take the breast from the ram of ordination that belongs to Aaron, and you shall separate it as a separated offering before the Lord, and it shall be your portion.","And thou shalt take the breast from the ram of consecration which is Aaron's, and thou shalt separate it as a separate offering before the Lord, and it shall be to thee for a portion.",no,0,0,low
Exodus 29:27,Exodus,29,27,"And you shall sanctify the breast of the separated offering and the arm of the removal offering, that which was separated and that which was removed from the ram of ordination, from Aaron and from his sons.","And thou shalt sanctify the separated breast and the shoulder of removal which has been separated, and which has been removed from the ram of consecration, of the portion of Aaron and of that of his sons.",no,0,0,low
Exodus 29:28,Exodus,29,28,"And it shall be for Aaron and for his sons an everlasting statute from the sons of Israel. For this is a removal offering, and it shall be a removal offering from the sons of Israel, from the sacrifices of salvation of the sons of Israel, a removal offering to the Lord.","And it shall be a perpetual statute of the children of Israel to Aaron and his sons, for this is a separate offering; and it shall be a special offering from the children of Israel, from the peace-offerings of the children of Israel, a special offering to the Lord.",no,0,0,low
Exodus 29:29,Exodus,29,29,"And the holy garments that are Aaron's shall belong to his sons after him, that they may be anointed in them and their hands filled in them.","And the apparel of the sanctuary which is Aaron's shall be his sons' after him, for them to be anointed in them, and to fill their hands.",no,0,0,low
Exodus 29:30,Exodus,29,30,"Seven days the priest who succeeds him from among his sons, who enters the tent of testimony to minister in the holy place, shall wear them.","The priest his successor from among his sons who shall go into the tabernacle of witness to minister in the holies, shall put them on seven days.",no,0,0,low
Exodus 29:31,Exodus,29,31,And you shall take the ram of ordination and boil its flesh in a holy place.,"And thou shalt take the ram of consecration, and thou shalt boil the flesh in the holy place.",no,0,0,low
Exodus 29:32,Exodus,29,32,And Aaron and his sons shall eat the flesh of the ram and the bread in the basket by the doors of the tent of testimony.,"And Aaron and his sons shall eat the flesh of the ram, and the loaves in the basket, by the doors of the tabernacle of witness.",no,0,0,low
Exodus 29:33,Exodus,29,33,"They shall eat those things by which they were sanctified, to fill their hands, to sanctify them. But an outsider shall not eat of them, for they are holy.","They shall eat the offerings with which they were sanctified to fill their hands, to sanctify them; and a stranger shall not eat of them, for they are holy.",no,0,0,low
Exodus 29:34,Exodus,29,34,"If any of the flesh of the sacrifice of ordination or of the bread remains until morning, you shall burn the remainder with fire. It shall not be eaten, for it is holy.","And if aught be left of the flesh of the sacrifice of consecration and of the loaves until the morning, thou shalt burn the remainder with fire: it shall not be eaten, for it is a holy thing.",no,0,0,low
Exodus 29:35,Exodus,29,35,And thus you shall do for Aaron and for his sons according to all that I commanded you. Seven days you shall fill their hands.,And thus shalt thou do for Aaron and for his sons according to all things that I have commanded thee; seven days shalt thou fill their hands.,no,0,0,medium
Exodus 29:36,Exodus,29,36,"And you shall offer the young bull of the sin offering on the day of purification, and you shall purify the altar when you sanctify it upon it, and you shall anoint it so as to sanctify it.","And thou shalt sacrifice the calf of the sin-offering on the day of purification, and thou shalt purify the altar when thou dost perform consecration upon it, and thou shalt anoint it so as to sanctify it.",no,0,0,low
Exodus 29:37,Exodus,29,37,"Seven days you shall purify the altar and sanctify it, and the altar shall be most holy. Everyone touching the altar shall be sanctified.","Seven days shalt thou purify the altar and sanctify it; and the altar shall be most holy, every one that touches the altar shall be hallowed.",no,0,0,low
Exodus 29:38,Exodus,29,38,"And these are the things that you shall offer upon the altar: two year-old flawless lambs each day upon the altar continually, a continual offering.","And these are the offerings which thou shalt offer upon the altar; two unblemished lambs of a year old daily on the altar continually, a constant offering.",no,0,0,low
Exodus 29:39,Exodus,29,39,"The one lamb you shall offer in the morning, and the second lamb you shall offer at evening.","One lamb thou shalt offer in the morning, and the second lamb thou shalt offer in the evening.",no,0,0,low
Exodus 29:40,Exodus,29,40,"And with the one lamb, a tenth of fine flour kneaded in a quarter-hin of beaten oil, and a drink offering, a quarter-hin of wine.","And a tenth measure of fine flour mingled with the fourth part of an hin of beaten oil, and a drink-offering the fourth part of a hin of wine for one lamb.",no,0,0,low
Exodus 29:41,Exodus,29,41,"And the second lamb you shall offer at evening. According to the morning sacrifice and according to its drink offering you shall offer it, as a smell of sweet fragrance, an offering to the Lord.","And thou shalt offer the second lamb in the evening, after the manner of the morning-offering, and according to the drink-offering of the morning lamb; thou shalt offer it an offering to the Lord for a sweet-smelling savour,",no,0,0,medium
Exodus 29:42,Exodus,29,42,"A continual sacrifice throughout your generations at the doors of the tent of testimony before the Lord, where I will make myself known to you there so as to speak to you.","a perpetual sacrifice throughout your generations, at the door of the tabernacle of witness before the Lord; wherein I will be known to thee from thence, so as to speak to thee.",no,1,0,high
Exodus 29:43,Exodus,29,43,"And there I will appoint things for the sons of Israel, and I will be sanctified in my glory.","And I will there give orders to the children of Israel, and I will be sanctified in my glory.",no,0,0,low
Exodus 29:44,Exodus,29,44,"And I will sanctify the tent of testimony and the altar, and Aaron and his sons I will sanctify to serve as priests to me.","And I will sanctify the tabernacle of testimony and the altar, and I will sanctify Aaron and his sons, to minister as priests to me.",no,0,0,low
Exodus 29:45,Exodus,29,45,"And I will be called upon among the sons of Israel, and I will be their God.","And I will be called upon among the children of Israel, and will be their God.",no,1,1,high
Exodus 29:46,Exodus,29,46,"And they shall know that I am the Lord their God, who brought them out of the land of Egypt to be called upon by them and to be their God.","And they shall know that I am the Lord their God, who brought them forth out of the land of Egypt, to be called upon by them, and to be their God.",no,0,0,low
Exodus 30:1,Exodus,30,1,"And you shall make an altar of incense of incorruptible wood, and you shall make it",And thou shalt make the altar of incense of incorruptible wood.,no,0,0,low
Exodus 30:2,Exodus,30,2,"one cubit its length and one cubit its breadth. It shall be square, and its height two cubits. Its horns shall be from it.","And thou shalt make it a cubit in length, and a cubit in breadth: it shall be square; and the height of it shall be of two cubits, its horns shall be of the same piece.",no,0,0,low
Exodus 30:3,Exodus,30,3,"And you shall overlay it with pure gold, its top and its walls all around and its horns, and you shall make for it a twisted golden border all around.","And thou shalt gild its grate with pure gold, and its sides round about, and its horns; and thou shalt make for it a wreathen border of gold round-about.",no,0,0,low
Exodus 30:4,Exodus,30,4,"And you shall make two rings of pure gold under its twisted border. On its two sides you shall make them at the two corners, and they shall be holders for the poles, to carry it by them.","And thou shalt make under its wreathen border two rings of pure gold; thou shalt make it to the two corners on the two sides, and they shall be bearings for the staves, so as to bear it with them.",no,0,0,low
Exodus 30:5,Exodus,30,5,And you shall make poles of incorruptible wood and overlay them with gold.,"And thou shalt make the staves of incorruptible wood, and shalt gild them with gold.",no,0,0,low
Exodus 30:6,Exodus,30,6,"And you shall place it opposite the curtain that is over the ark of testimonies, where I will make myself known to you there.","And thou shalt set it before the veil that is over the ark of the testimonies, wherein I will make myself known to thee from thence.",no,0,0,low
Exodus 30:7,Exodus,30,7,"And Aaron shall burn on it compounded fine incense every morning. When he trims the lamps, he shall burn incense on it.",And Aaron shall burn upon it fine compound incense every morning; whensoever he trims the lamps he shall burn incense upon it.,no,0,0,low
Exodus 30:8,Exodus,30,8,"And when Aaron lights the lamps at evening, he shall burn incense on it, a continual incense before the Lord throughout their generations.","And when Aaron lights the lamps in the evening, he shall burn incense upon it; a constant incense-offering always before the Lord for their generations.",no,0,0,low
Exodus 30:9,Exodus,30,9,"And you shall not offer on it different incense, or an offering, or a sacrifice, and you shall not pour a drink offering on it.","And thou shalt not offer strange incense upon it, nor an offering made by fire, nor a sacrifice; and thou shalt not pour a drink-offering upon it.",no,0,0,low
Exodus 30:10,Exodus,30,10,"And Aaron shall make atonement upon its horns once each year. From the blood of purification for sins, from the atonement, once each year he shall cleanse it throughout their generations. It is Holy of Holies to the Lord.","And once in the year Aaron shall make atonement on its horns, he shall purge it with the blood of purification for their generations: it is most holy to the Lord.",no,0,0,low
Exodus 30:11,Exodus,30,11,"And the Lord spoke to Moses, saying,","And the Lord spoke to Moses, saying,",yes,0,0,none
Exodus 30:12,Exodus,30,12,"If you take the numbering of the sons of Israel at their visitation, each shall give a ransom for his life to the Lord, and there shall be no plague among them at their visitation.","If thou take account of the children of Israel in the surveying of them, and they shall give every one a ransom for his soul to the Lord, then there shall not be among them a destruction in the visiting of them.",no,1,0,high
Exodus 30:13,Exodus,30,13,"And this is what they shall give, all who pass through the visitation: half the didrachm, according to the didrachm of the sanctuary. Twenty obols to the didrachm. But the half-didrachm is an offering to the Lord.","And this is what they shall give, as many as pass the survey, half a didrachm which is according to the didrachm of the sanctuary: twenty oboli go to the didrachm, but the half of the didrachm is the offering to the Lord.",no,1,1,high
Exodus 30:14,Exodus,30,14,"Everyone who passes through the visitation, from twenty years old and above, shall give the offering to the Lord.",Every one that passes the survey from twenty years old and upwards shall give the offering to the Lord.,no,0,0,low
Exodus 30:15,Exodus,30,15,"The rich shall not add and the poor shall not lessen from the half-didrachm in giving the offering to the Lord, to make atonement for your lives.","The rich shall not give more, and the poor shall not give less than the half didrachm in giving the offering to the Lord, to make atonement for your souls.",no,0,0,medium
Exodus 30:16,Exodus,30,16,"And you shall take the silver of the offering from the sons of Israel and give it for the work of the tent of testimony, and it shall be a memorial before the Lord for the sons of Israel, to make atonement for your lives.","And thou shalt take the money of the offering from the children of Israel, and shalt give it for the service of the tabernacle of testimony; and it shall be to the children of Israel a memorial before the Lord, to make atonement for your souls.",no,0,0,medium
Exodus 30:17,Exodus,30,17,"And the Lord spoke to Moses, saying,","And the Lord spoke to Moses, saying,",yes,0,0,none
Exodus 30:18,Exodus,30,18,"Make a bronze laver and a bronze base for it for washing, and you shall place it between the tent of testimony and the altar, and you shall pour water into it.","Make a brazen laver, and a brazen base for it, for washing; and thou shalt put it between the tabernacle of witness and the altar, and thou shalt pour forth water into it.",no,0,0,low
Exodus 30:19,Exodus,30,19,And Aaron and his sons shall wash from it their hands and feet with water.,And Aaron and his sons shall wash their hands and their feet with water from it.,no,0,0,low
Exodus 30:20,Exodus,30,20,"When they enter into the tent of testimony, they shall wash with water and not die; or when they approach the altar to minister and offer the whole burnt offerings to the Lord.","Whensoever they shall go into the tabernacle of witness, they shall wash themselves with water, so they shall not die, whensoever they advance to the altar to do service and to offer the whole burnt-offerings to the Lord.",no,0,0,low
Exodus 30:21,Exodus,30,21,"They shall wash their hands and feet with water when they enter into the tent of testimony, so that they may not die. And it shall be an everlasting statute for them, for him and for his generations after him.","They shall wash their hands and feet with water, whensoever they shall go into the tabernacle of witness; they shall wash themselves with water, that they die not; and it shall be for them a perpetual statute, for him and his posterity after him.",no,0,0,low
Exodus 30:22,Exodus,30,22,"And the Lord spoke to Moses, saying,","And the Lord spoke to Moses, saying,",yes,0,0,none
Exodus 30:23,Exodus,30,23,"And you, take sweet spices: five hundred shekels of choice-flowing myrrh, and half that amount, two hundred fifty of sweet cinnamon, and two hundred fifty of sweet calamus,","Do thou also take sweet herbs, the flower of choice myrrh five hundred shekels, and the half of this two hundred and fifty shekels of sweet-smelling cinnamon, and two hundred and fifty shekels of sweet-smelling calamus,",no,0,0,low
Exodus 30:24,Exodus,30,24,"and five hundred shekels of cassia by the sanctuary shekel, and a hin of olive oil.","and of cassia five hundred shekels of the sanctuary, and a hin of olive oil.",no,0,0,low
Exodus 30:25,Exodus,30,25,"And you shall make it holy anointing oil, perfumed ointment, work of a perfumer. It shall be holy anointing oil.","And thou shalt make it a holy anointing oil, a perfumed ointment tempered by the art of the perfumer: it shall be a holy anointing oil.",no,0,0,low
Exodus 30:26,Exodus,30,26,"And you shall anoint with it the tent of testimony and the ark of testimony,","And thou shalt anoint with it the tabernacle of witness, and the ark of the tabernacle of witness,",no,0,0,low
Exodus 30:27,Exodus,30,27,"and the lampstand and all its utensils and the altar of incense,","and all its furniture, and the candlestick and all its furniture, and the altar of incense,",no,0,0,low
Exodus 30:28,Exodus,30,28,and the altar of whole burnt offerings and all its utensils and the table and all its utensils and the laver and its base.,"and the altar of whole burnt-offerings and all its furniture, and the table and all its furniture, and the laver.",no,0,0,low
Exodus 30:29,Exodus,30,29,"And you shall sanctify them, and they shall be Holy of Holies. Everyone touching them shall be sanctified.","And thou shalt sanctify them, and they shall be most holy: every one that touches them shall be hallowed.",no,0,0,low
Exodus 30:30,Exodus,30,30,And you shall anoint Aaron and his sons and sanctify them to serve as priests to me.,"And thou shalt anoint Aaron and his sons, and sanctify them that they may minister to me as priests.",no,0,0,low
Exodus 30:31,Exodus,30,31,"And you shall speak to the sons of Israel, saying, ""This shall be holy oil of anointing for you throughout your generations.","And thou shalt speak to the children of Israel, saying, This shall be to you a holy anointing oil throughout your generations.",no,0,0,low
Exodus 30:32,Exodus,30,32,"It shall not be poured on human flesh, and according to this composition you shall not make any for yourselves in the same way. It is holy, and it shall be holiness for you.","On man's flesh it shall not be poured, and ye shall not make any for yourselves according to this composition: it is holy, and shall be holiness to you.",no,0,0,medium
Exodus 30:33,Exodus,30,33,"Whoever makes any like it, and whoever gives some of it to an outsider, shall be destroyed from his people.""","Whosoever shall make it in like manner, and whosoever shall give of it to a stranger, shall be destroyed from among his people.",no,0,0,medium
Exodus 30:34,Exodus,30,34,"And the Lord said to Moses, ""Take for yourself sweet spices: stacte, onycha, sweet galbanum, and pure frankincense. There shall be equal amounts of each.","And the Lord said to Moses, Take for thyself sweet herbs, stacte, onycha, sweet galbanum, and transparent frankincense; there shall be an equal weight of each.",no,0,0,low
Exodus 30:35,Exodus,30,35,"And they shall make from it incense, perfumed compound, work of a perfumer, mixed, pure, holy.","And they shall make with it perfumed incense, tempered with the art of a perfumer, a pure holy work.",no,0,0,low
Exodus 30:36,Exodus,30,36,"And you shall beat some of it very fine and place it before the testimonies in the tent of testimony, where I will make myself known to you there. It shall be Holy of Holies for you.","And of these thou shalt beat some small, and thou shalt put it before the testimonies in the tabernacle of testimony, whence I will make myself known to thee: it shall be to you a most holy incense.",no,0,0,low
Exodus 30:37,Exodus,30,37,And incense according to this composition you shall not make for yourselves. It shall be a holy thing for you to the Lord.,Ye shall not make any for yourselves according to this composition; it shall be to you a holy thing for the Lord.,no,0,0,low
Exodus 30:38,Exodus,30,38,"Whoever makes any like it to smell it shall perish from his people.""","Whosoever shall make any in like manner, so as to smell it, shall perish from his people.",no,0,0,medium
Exodus 31:1,Exodus,31,1,"And the Lord spoke to Moses, saying,","And the Lord spoke to Moses, saying,",yes,0,0,none
Exodus 31:2,Exodus,31,2,"""Look, I have called by name Bezalel son of Uri son of Hur, of the tribe of Judah.","Behold, I have called by name Beseleel the son of Urias the son of Or, of the tribe of Juda.",no,0,0,low
Exodus 31:3,Exodus,31,3,"And I have filled him with a divine spirit of wisdom and understanding and knowledge in every work,","And I have filled him with a divine spirit of wisdom, and understanding, and knowledge, to invent in every work,",no,1,1,high
Exodus 31:4,Exodus,31,4,"to devise and design, to work gold and silver and bronze, and blue and purple and spun scarlet and woven fine linen,","and to frame works, to labour in gold, and silver, and brass, and blue, and purple, and spun scarlet,",no,0,0,medium
Exodus 31:5,Exodus,31,5,"and in stone-cutting and woodwork, to work in every task.","and works in stone, and for artificers' work in wood, to work at all works.",no,0,0,medium
Exodus 31:6,Exodus,31,6,"And I, behold, have appointed with him Oholiab son of Ahisamach, of the tribe of Dan. And to everyone wise in heart I have given understanding, and they shall make all that I commanded you:","And I have appointed him and Eliab the son of Achisamach of the tribe of Dan, and to every one understanding in heart I have given understanding; and they shall make all things as many as I have appointed thee,—",no,0,0,medium
Exodus 31:7,Exodus,31,7,"the tent of testimony and the ark of the covenant and the propitiatory upon it and the furnishings of the tent,","the tabernacle of witness, and the ark of the covenant, and the propitiatory that is upon it, and the furniture of the tabernacle,",no,0,0,low
Exodus 31:8,Exodus,31,8,"and the altars and the table and all its utensils and the pure lampstand and all its utensils,","and the altars, and the table and all its furniture,",no,0,0,low
Exodus 31:9,Exodus,31,9,"and the laver and its base,","and the pure candlestick and all its furniture, and the laver and its base,",no,0,0,low
Exodus 31:10,Exodus,31,10,"and the ministering garments of Aaron and the garments of his sons to serve as priests to me,","and Aaron's robes of ministry, and the robes of his sons to minister to me as priests,",no,0,0,low
Exodus 31:11,Exodus,31,11,"and the anointing oil and the compounded incense of the holy place. According to all that I commanded you, they shall make them.""",and the anointing oil and the compound incense of the sanctuary; according to all that I have commanded thee shall they make them.,no,0,0,medium
Exodus 31:12,Exodus,31,12,"And the Lord spoke to Moses, saying,","And the Lord spoke to Moses, saying,",yes,0,0,none
Exodus 31:13,Exodus,31,13,"""And you, command the sons of Israel, saying, See that you keep my Sabbaths, for it is a sign between me and you throughout your generations, that you may know that I am the Lord who sanctifies you.","Do thou also charge the children of Israel, saying, Take heed and keep my sabbaths; for they are a sign with me and among you throughout your generations, that ye may know that I am the Lord that sanctifies you.",no,0,0,medium
Exodus 31:14,Exodus,31,14,"And you shall keep the Sabbaths, because this is holy to the Lord for you. The one profaning it shall certainly be put to death. Everyone who does work on it, that life shall be destroyed from the midst of his people.","And ye shall keep the sabbaths, because this is holy to the Lord for you; he that profanes it shall surely be put to death: every one who shall do a work on it, that soul shall be destroyed from the midst of his people.",no,0,0,medium
Exodus 31:15,Exodus,31,15,"Six days you shall do works, but on the seventh day is Sabbath rest, holy to the Lord. Everyone who does work on the seventh day shall certainly be put to death.","Six days thou shalt do works, but the seventh day is the sabbath, a holy rest to the Lord; every one who shall do a work on the seventh day shall be put to death.",no,0,0,medium
Exodus 31:16,Exodus,31,16,"And the sons of Israel shall keep the Sabbaths, to do them throughout their generations, an everlasting covenant.","And the children of Israel shall keep the sabbaths, to observe them throughout their generations.",no,0,0,low
Exodus 31:17,Exodus,31,17,"Between me and the sons of Israel it is an everlasting sign, because in six days the Lord made heaven and earth, and on the seventh day he ceased and rested.""","It is a perpetual covenant with me and the children of Israel, it is a perpetual sign with me; for in six days the Lord made the heaven and the earth, and on the seventh day he ceased, and rested.",no,1,1,high
Exodus 31:18,Exodus,31,18,"And when he finished speaking to him on Mount Sinai, he gave Moses the two tablets of testimony, stone tablets written with the finger of God.","And he gave to Moses when he left off speaking to him in mount Sina the two tables of testimony, tables of stone written upon with the finger of God.",no,0,0,low
Exodus 32:1,Exodus,32,1,"And when the people saw that Moses had delayed to come down from the mountain, the people gathered against Aaron and said to him, ""Rise up and make gods for us who will go before us. For as for this Moses, the man who brought us up from Egypt, we do not know what has happened to him.""","And when the people saw that Moses delayed to come down from the mountain, the people combined against Aaron, and said to him, Arise and make us gods who shall go before us; for this Moses, the man who brought us forth out of the land of Egypt—we do not know what is become of him.",no,0,0,medium
Exodus 32:2,Exodus,32,2,"And Aaron said to them, ""Strip off the gold earrings in the ears of your wives and daughters and bring them to me.""","And Aaron says to them, Take off the golden ear-rings which are in the ears of your wives and daughters, and bring them to me.",no,0,0,low
Exodus 32:3,Exodus,32,3,And all the people stripped off the gold earrings in their ears and brought them to Aaron.,"And all the people took off the golden ear-rings that were in their ears, and brought them to Aaron.",no,0,0,low
Exodus 32:4,Exodus,32,4,"And he took them from their hands and formed them with the graving tool and made them a molten calf. And he said, ""These are your gods, Israel, who brought you up from Egypt.""","And he received them at their hands, and formed them with a graving tool; and he made them a molten calf, and said, These are thy gods, O Israel, which have brought thee up out of the land of Egypt.",no,0,0,low
Exodus 32:5,Exodus,32,5,"And Aaron, seeing, built an altar before it, and Aaron proclaimed, saying, ""Tomorrow is a feast of the Lord.""","And Aaron having seen it built an altar before it, and Aaron made proclamation saying, To-morrow is a feast of the Lord.",no,0,0,low
Exodus 32:6,Exodus,32,6,"And rising early the next day, he offered whole burnt offerings and brought sacrifices of salvation. And the people sat down to eat and drink and rose up to play.","And having risen early on the morrow, he offered whole burnt-offerings, and offered a peace-offering; and the people sat down to eat and drink, and rose up to play.",no,0,0,low
Exodus 32:7,Exodus,32,7,"And the Lord spoke to Moses, saying, ""Go, hurry down from here, for your people whom you brought up from Egypt have acted lawlessly.","And the Lord spoke to Moses, saying, Go quickly, descend hence, for thy people whom thou broughtest out of the land of Egypt have transgressed;",no,0,0,low
Exodus 32:8,Exodus,32,8,"They have quickly turned aside from the way that I commanded them. They have made for themselves a calf and have worshiped it and sacrificed to it and said, 'These are your gods, Israel, who brought you up from Egypt.'""","they have quickly gone out of the way which thou commandedst; they have made for themselves a calf, and worshipped it, and sacrificed to it, and said, These are thy gods, O Israel, who brought thee up out of the land of Egypt.",no,0,0,medium
Exodus 32:10,Exodus,32,10,"And now let me alone, and in anger I will destroy them, and I will make you a great nation.","And now let me alone, and I will be very angry with them and consume them, and I will make thee a great nation.",no,0,0,low
Exodus 32:11,Exodus,32,11,"And Moses entreated before the Lord God and said, ""Why, Lord, does angry wrath burn against your people whom you brought out from Egypt with great strength and with your high arm?","And Moses prayed before the Lord God, and said, Wherefore, O Lord, art thou very angry with thy people, whom thou broughtest out of the land of Egypt with great strength, and with thy high arm?",no,0,0,low
Exodus 32:12,Exodus,32,12,"Let not the Egyptians ever say, 'He brought them out with evil intent, to kill them in the mountains and consume them from the earth.' Stop from the anger of your wrath and be merciful concerning the evil of your people.","Take heed lest at any time the Egyptians speak, saying, With evil intent he brought them out to slay them in the mountains, and to consume them from off the earth; cease from thy wrathful anger, and be merciful to the sin of thy people,",no,0,0,low
Exodus 32:13,Exodus,32,13,"Remember Abraham and Isaac and Jacob your servants, to whom you swore by yourself and spoke to them, saying, 'I will greatly multiply your seed like the stars of heaven in multitude, and all this land that I said I would give to your seed, and they shall possess it forever.'""","remembering Abraam and Isaac and Jacob thy servants, to whom thou hast sworn by thyself, and hast spoken to them, saying, I will greatly multiply your seed as the stars of heaven for multitude, and all this land which thou spokest of to give to them, so that they shall possess it for ever.",no,0,0,low
Exodus 32:14,Exodus,32,14,And the Lord was propitiated concerning the evil that he had said he would do to his people.,And the Lord was prevailed upon to preserve his people.,no,1,1,high
Exodus 32:15,Exodus,32,15,"And Moses turned and went down from the mountain, and the two tablets of testimony were in his hands, stone tablets inscribed on both their sides, written on this side and that side.","And Moses turned and went down from the mountain, and the two tables of testimony were in his hands, tables of stone written on both their sides: they were written within and without.",no,0,0,low
Exodus 32:16,Exodus,32,16,"And the tablets were God's work, and the writing was God's writing, engraved upon the tablets.","And the tables were the work of God, and the writing the writing of God written on the tables.",no,0,0,low
Exodus 32:17,Exodus,32,17,"And Joshua, hearing the voice of the people crying out, said to Moses, ""A sound of war is in the camp.""","And Joshua having heard the voice of the people crying, says to Moses, There is a noise of war in the camp.",no,0,0,low
Exodus 32:18,Exodus,32,18,"And he said, ""It is not the sound of those shouting in strength, nor the sound of those shouting in rout, but the sound of those striking up wine-song that I hear.""","And Moses says, It is not the voice of them that begin the battle, nor the voice of them that begin the cry of defeat, but the voice of them that begin the banquet of wine do I hear.",no,0,0,low
Exodus 32:19,Exodus,32,19,"And when he drew near to the camp, he saw the calf and the dances. And Moses, burning with anger, threw the two tablets from his hands and shattered them at the foot of the mountain.","And when he drew nigh to the camp, he sees the calf and the dances; and Moses being very angry cast the two tables out of his hands, and broke them to pieces under the mountain.",no,0,0,medium
Exodus 32:20,Exodus,32,20,"And taking the calf that they had made, he burned it in fire and ground it fine and scattered it on the water and made the sons of Israel drink it.","And having taken the calf which they made, he consumed it with fire, and ground it very small, and scattered it on the water, and made the children of Israel to drink it.",no,0,0,low
Exodus 32:21,Exodus,32,21,"And Moses said to Aaron, ""What did this people do to you that you brought a great sin upon them?""","And Moses said to Aaron, What has this people done to thee, that thou hast brought upon them a great sin?",no,0,0,low
Exodus 32:22,Exodus,32,22,"And Aaron said to Moses, ""Do not be angry, my lord. You know the rush of this people.","And Aaron said to Moses, Be not angry, my lord, for thou knowest the impetuosity of this people.",no,0,0,low
Exodus 32:23,Exodus,32,23,"For they say to me, 'Make gods for us who will go before us. For as for this Moses, the man who brought us up from Egypt, we do not know what has happened to him.'","For they say to me, Make us gods, which shall go before us; for as for this man Moses, who brought us out of Egypt, we do not know what is become of him.",no,0,0,medium
Exodus 32:24,Exodus,32,24,"And I said to them, 'Whoever has gold ornaments, strip them off.' And they gave them to me, and I threw them into the fire, and out came this calf.""","And I said to them, If any one has golden ornaments, take them off; and they gave them me, and I cast them into the fire, and there came out this calf.",no,0,0,low
Exodus 32:25,Exodus,32,25,"And Moses, seeing that the people were scattered, for Aaron had scattered them into mockery for their enemies,","And when Moses saw that the people was scattered,—for Aaron had scattered them so as to be a rejoicing to their enemies,—",no,0,0,low
Exodus 32:26,Exodus,32,26,"stood at the gate of the camp and said, ""Who is for the Lord? Let him come to me."" Then all the sons of Levi gathered to him.","then stood Moses at the gate of the camp, and said, Who is on the Lord's side? let him come to me. Then all the sons of Levi came to him.",no,0,0,low
Exodus 32:27,Exodus,32,27,"And he said to them, ""Thus says the Lord God of Israel: Let each put his sword upon his thigh and go through and return from gate to gate through the camp, and let each kill his brother and each his neighbor and each his nearest one.""","And he says to them, Thus saith the Lord God of Israel, Put every one his sword on his thigh, and go through and return from gate to gate through the camp, and slay every one his brother, and every one his neighbour, and every one him that is nearest to him.",no,0,0,low
Exodus 32:28,Exodus,32,28,"And the sons of Levi did as Moses spoke to them, and about three thousand men from the people fell that day.","And the sons of Levi did as Moses spoke to them, and there fell of the people in that day to the number of three thousand men.",no,0,0,low
Exodus 32:29,Exodus,32,29,"And Moses said to them, ""You have filled your hands today to the Lord, each one against his son or his brother, so that blessing may be given upon you.""","And Moses said to them, Ye have filled your hands this day to the Lord each one on his son or on his brother, so that blessing should be given to you.",no,1,0,high
Exodus 32:30,Exodus,32,30,"And it came about on the next day that Moses said to the people, ""You have sinned a great sin. And now I will go up to God, so that I may make atonement for your sin.""","And it came to pass after the morrow had begun, that Moses said to the people, Ye have sinned a great sin; and now I will go up to God, that I may make atonement for your sin.",no,0,0,low
Exodus 32:31,Exodus,32,31,"And Moses returned to the Lord and said, ""I beg, Lord, this people has sinned a great sin, and they made for themselves gods of gold.","And Moses returned to the Lord and said, I pray, O Lord, this people has sinned a great sin, and they have made for themselves golden gods.",no,0,0,low
Exodus 32:32,Exodus,32,32,"And now, if indeed you forgive their sin, forgive. But if not, blot me out from your book that you wrote.""","And now if thou wilt forgive their sin, forgive it; and if not, blot me out of thy book, which thou hast written.",no,1,1,high
Exodus 32:33,Exodus,32,33,"And the Lord said to Moses, ""Whoever has sinned before me, him I will blot out from my book.","And the Lord said to Moses, If any one has sinned against me, I will blot them out of my book.",no,0,0,low
Exodus 32:34,Exodus,32,34,"And now go, descend, and lead this people to the place of which I spoke to you. Behold, my messenger goes before your face. But in the day when I visit, I will bring their sin upon them.""","And now go, descend, and lead this people into the place of which I spoke to thee: behold, my angel shall go before thy face; and in the day when I shall visit I will bring upon them their sin.",no,0,0,low
Exodus 32:35,Exodus,32,35,And the Lord struck the people because of the making of the calf that Aaron made.,"And the Lord smote the people for the making of the calf, which Aaron made.",no,0,0,low
Exodus 33:1,Exodus,33,1,"And the Lord said to Moses, ""Go, go up from here, you and your people whom you brought out of Egypt, to the land that I swore to Abraham and Isaac and Jacob, saying, 'To your seed I will give it.'","And the Lord said to Moses, Go forward, go up hence, thou and thy people, whom thou broughtest out of the land of Egypt, into the land which I swore to Abraam, and Isaac, and Jacob, saying, I will give it to your seed.",no,0,0,low
Exodus 33:2,Exodus,33,2,And I will send my messenger with you and drive out the Amorite and Hittite and Perizzite and Girgashite and Hivite and Jebusite.,"And I will send at the same time my angel before thy face, and he shall cast out the Amorite and the Chettite, and the Pherezite and Gergesite, and Evite, and Jebusite, and Chananite.",no,0,0,low
Exodus 33:3,Exodus,33,3,"And I will bring you into a land flowing with milk and honey, but I will certainly not go up with you, because you are a stiff-necked people, lest I consume you on the way.""","And I will bring thee into a land flowing with milk and honey; for I will not go up with thee, because thou art a stiff-necked people, lest I consume thee by the way.",no,0,0,low
Exodus 33:4,Exodus,33,4,"And when the people heard this evil word, they mourned in mourning clothes.","And the people having heard this grievous saying, mourned in mourning apparel.",no,0,0,low
Exodus 33:5,Exodus,33,5,"And the Lord said to the sons of Israel, ""You are a stiff-necked people. See that I do not bring another plague upon you and consume you. Now then strip off your glorious garments and ornaments, and I will show you what I will do to you.""","For the Lord said to the children of Israel, Ye are a stiff-necked people; take heed lest I bring on you another plague, and destroy you: now then put off your glorious apparel, and your ornaments, and I will shew thee what I will do to thee.",no,0,0,low
Exodus 33:6,Exodus,33,6,So the sons of Israel stripped off their ornaments and their array from Mount Horeb onward.,So the sons of Israel took off their ornaments and their array at the mount of Choreb.,no,0,0,low
Exodus 33:7,Exodus,33,7,"And Moses took his tent and pitched it outside the camp, far from the camp, and it was called Tent of Testimony. And everyone seeking the Lord went out to the tent outside the camp.","And Moses took his tabernacle and pitched it without the camp, at a distance from the camp; and it was called the Tabernacle of Testimony: and it came to pass that every one that sought the Lord went forth to the tabernacle which was without the camp.",no,0,0,low
Exodus 33:8,Exodus,33,8,"And whenever Moses went into the tent outside the camp, all the people stood watching, each at the door of his tent, and they gazed after Moses until he entered the tent.","And whenever Moses went into the tabernacle without the camp, all the people stood every one watching by the doors of his tent; and when Moses departed, they took notice until he entered into the tabernacle.",no,0,0,medium
Exodus 33:9,Exodus,33,9,"And when Moses entered the tent, the pillar of the cloud came down and stood at the door of the tent, and he spoke with Moses.","And when Moses entered into the tabernacle, the pillar of the cloud descended, and stood at the door of the tabernacle, and God talked to Moses.",no,0,0,low
Exodus 33:10,Exodus,33,10,"And all the people saw the pillar of the cloud standing at the door of the tent, and all the people stood and worshiped, each from the door of his tent.","And all the people saw the pillar of the cloud standing by the door of the tabernacle, and all the people stood and worshipped every one at the door of his tent.",no,0,0,low
Exodus 33:11,Exodus,33,11,"And the Lord spoke to Moses face to face, as if one would speak to his own friend. And he would return to the camp. But his servant Joshua son of Nun, a young man, would not depart from the tent.","And the Lord spoke to Moses face to face, as if one should speak to his friend; and he retired into the camp: but his servant Joshua the son of Naue, a young man, departed not forth from the tabernacle.",no,1,1,high
Exodus 33:12,Exodus,33,12,"And Moses said to the Lord, ""See, you say to me, 'Lead up this people,' but you have not made clear to me whom you will send with me. Yet you have said to me, 'I know you above all, and you have favor with me.'","And Moses said to the Lord, Lo! thou sayest to me, Lead on this people; but thou hast not shewed me whom thou wilt send with me, but thou hast said to me, I know thee above all, and thou hast favour with me.",no,0,0,low
Exodus 33:13,Exodus,33,13,"If then I have found favor before you, reveal yourself to me plainly, that I may see you, so that I may continue finding favor before you, and so that I may know that this great nation is your people.""","If then I have found favour in thy sight, reveal thyself to me, that I may evidently see thee; that I may find favour in thy sight, and that I may know that this great nation is thy people.",no,1,1,high
Exodus 33:14,Exodus,33,14,"And he said, ""I myself will go before you and give you rest.""","And he says, I myself will go before thee, and give thee rest.",no,0,0,low
Exodus 33:15,Exodus,33,15,"And he said to him, ""If you yourself do not go with us, do not lead me up from here.","And he says to him, If thou go not up with us thyself, bring me not up hence.",no,0,0,low
Exodus 33:16,Exodus,33,16,"For how shall it truly become known that both I and your people have found favor with you, except when you go with us? Then both I and your people will be glorified beyond all the nations that are on the earth.""","And how shall it be surely known, that both I and this people have found favour with thee, except only if thou go with us? So both I and thy people shall be glorified beyond all the nations, as many as are upon the earth.",no,0,0,medium
Exodus 33:17,Exodus,33,17,"And the Lord said to Moses, ""I will also do this word that you have spoken, for you have found favor before me, and I know you above all.""","And the Lord said to Moses, I will also do for thee this thing, which thou hast spoken; for thou hast found grace before me, and I know thee above all.",no,0,0,low
Exodus 33:18,Exodus,33,18,"And he said, ""Show me your own glory.""","And Moses says, Manifest thyself to me.",no,0,0,medium
Exodus 33:19,Exodus,33,19,"And he said, ""I will pass before you in my glory, and I will call on my name, 'Lord,' before you. And I will have mercy on whom I have mercy, and I will pity whom I pity.""","And God said, I will pass by before thee with my glory, and I will call by my name, the Lord, before thee; and I will have mercy on whom I will have mercy, and will have pity on whom I will have pity.",no,0,0,low
Exodus 33:20,Exodus,33,20,"And he said, ""You cannot see my face, for no human shall see my face and live.""","And God said, Thou shalt not be able to see my face; for no man shall see my face, and live.",no,0,0,medium
Exodus 33:21,Exodus,33,21,"And the Lord said, ""Behold, a place is beside me. Stand upon the rock.","And the Lord said, Behold, there is a place by me: thou shalt stand upon the rock;",no,0,0,low
Exodus 33:22,Exodus,33,22,"And when my glory passes by, I will put you in a hollow of the rock and cover you with my hand until I pass by.","and when my glory shall pass by, then I will put thee into a hole of the rock; and I will cover thee over with my hand, until I shall have passed by.",no,0,0,low
Exodus 33:23,Exodus,33,23,"And I will remove my hand, and then you shall see my back, but my face shall not be seen by you.""","And I will remove my hand, and then shalt thou see my back parts; but my face shall not appear to thee.",no,1,1,high
Exodus 34:1,Exodus,34,1,"And the Lord said to Moses, ""Hew for yourself two stone tablets like the first, and come up to me on the mountain, and I will write on the tablets the words that were on the first tablets which you shattered.","And the Lord said to Moses, Hew for thyself two tables of stone, as also the first were, and come up to me to the mountain; and I will write upon the tables the words, which were on the first tables, which thou brokest.",no,0,0,low
Exodus 34:2,Exodus,34,2,"And be ready for the morning, and you shall come up to Mount Sinai and stand there for me on the top of the mountain.","And be ready by the morning, and thou shalt go up to the mount Sina, and shalt stand there for me on the top of the mountain.",no,0,0,low
Exodus 34:3,Exodus,34,3,"And let no one come up with you, nor be seen on all the mountain, and let not the sheep and the oxen graze near that mountain.""","And let no one go up with thee, nor be seen in all the mountain; and let not the sheep and oxen feed near that mountain.",no,0,0,low
Exodus 34:4,Exodus,34,4,"And he hewed two stone tablets like the first. And Moses, rising early, went up to Mount Sinai, just as the Lord had appointed him, and Moses took the two stone tablets.","And Moses hewed two tables of stone, as also the first were; and Moses having arisen early, went up to the mount Sina, as the Lord appointed him; and Moses took the two tables of stone.",no,0,0,low
Exodus 34:5,Exodus,34,5,And the Lord came down in a cloud and stood with him there and called on the name of the Lord.,"And the Lord descended in a cloud, and stood near him there, and called by the name of the Lord.",no,0,0,low
Exodus 34:6,Exodus,34,6,"And the Lord passed before his face and proclaimed, ""The Lord God, compassionate and merciful, slow to anger and very merciful and true,","And the Lord passed by before his face, and proclaimed, The Lord God, pitiful and merciful, longsuffering and very compassionate, and true,",no,0,0,low
Exodus 34:7,Exodus,34,7,"keeping righteousness and showing mercy to thousands, taking away lawlessness and unrighteousness and sins, and he will not clear the guilty, bringing fathers' lawlessness upon children and upon children's children, to the third and fourth generation.""","and keeping justice and mercy for thousands, taking away iniquity, and unrighteousness, and sins; and he will not clear the guilty; bringing the iniquity of the fathers upon the children, and to the children's children, to the third and fourth generation.",no,0,0,low
Exodus 34:8,Exodus,34,8,"And Moses hurried, bowed to the earth, and worshiped.","And Moses hasted, and bowed to the earth and worshipped;",no,0,0,low
Exodus 34:9,Exodus,34,9,"And he said, ""If I have found favor before you, let my Lord go with us, for the people is stiff-necked, and you will take away our sins and our lawlessnesses, and we will be yours.""","and said, If I have found grace before thee, let my Lord go with us; for the people is stiff-necked: and thou shalt take away our sins and our iniquities, and we will be thine.",no,0,0,low
Exodus 34:10,Exodus,34,10,"And the Lord said to Moses, ""Behold, I establish a covenant for you. Before all your people I will do glorious things that have not been done in all the earth or in any nation, and all the people among whom you are shall see the works of the Lord, because the things that I will do for you are wonderful.","And the Lord said to Moses, Behold, I establish a covenant for thee in the presence of all thy people; I will do glorious things, which have not been done in all the earth, or in any nation; and all the people among whom thou art shall see the works of the Lord, that they are wonderful, which I will do for thee.",no,0,0,medium
Exodus 34:11,Exodus,34,11,"Pay attention to all that I command you. Behold, I drive out before you the Amorite and Canaanite and Hittite and Perizzite and Hivite and Girgashite and Jebusite.","Do thou take heed to all things whatsoever I command thee: behold, I cast out before your face the Amorite and the Chananite and the Pherezite, and the Chettite, and Evite, and Gergesite and Jebusite:",no,0,0,medium
Exodus 34:12,Exodus,34,12,"Pay attention to yourself, lest you make a covenant with those settled on the land into which you are entering, lest it become a stumbling block among you.","take heed to thyself, lest at any time thou make a covenant with the dwellers on the land, into which thou art entering, lest it be to thee a stumbling-block among you.",no,0,0,low
Exodus 34:13,Exodus,34,13,"You shall tear down their altars and break in pieces their pillars and cut down their groves, and the carved images of their gods you shall burn with fire.","Ye shall destroy their altars, and break in pieces their pillars, and ye shall cut down their groves, and the graven images of their gods ye shall burn with fire.",no,0,0,medium
Exodus 34:14,Exodus,34,14,"For you shall certainly not worship another god, for the Lord God, Jealous is his name; he is a jealous God.","For ye shall not worship strange gods, for the Lord God, a jealous name, is a jealous God;",no,1,1,high
Exodus 34:15,Exodus,34,15,"Lest you make a covenant with those settled on the land, and they prostitute themselves after their gods and sacrifice to their gods and invite you and you eat from their sacrifices,","lest at any time thou make a covenant with the dwellers on the land, and they go a whoring after their gods, and sacrifice to their gods, and they call thee, and thou shouldest eat of their feasts,",no,0,0,low
Exodus 34:16,Exodus,34,16,"and you take some of their daughters for your sons and give some of your daughters to their sons, and your daughters prostitute themselves after their gods and make your sons prostitute themselves after their gods.","and thou shouldest take of their daughters to thy sons, and thou shouldest give of thy daughters to their sons; and thy daughters should go a whoring after their gods, and thy sons should go a whoring after their gods.",no,0,0,low
Exodus 34:17,Exodus,34,17,And you shall not make molten gods for yourself.,And thou shalt not make to thyself molten gods.,no,0,0,low
Exodus 34:18,Exodus,34,18,"And you shall keep the feast of unleavened bread. Seven days you shall eat unleavened bread, as I commanded you, at the appointed time in the month of new grain, for in the month of new grain you came out from Egypt.","And thou shalt keep the feast of unleavened bread: seven days shalt thou eat unleavened bread, as I have charged thee, at the season in the month of new corn; for in the month of new corn thou camest out from Egypt.",no,0,0,medium
Exodus 34:19,Exodus,34,19,"Everything opening the womb is mine, every male firstborn of ox and every firstborn of sheep.","The males are mine, everything that opens the womb; every first-born of oxen, and every first-born of sheep.",no,0,0,low
Exodus 34:20,Exodus,34,20,"And the firstborn of a beast of burden you shall redeem with a sheep. And if you do not redeem it, you shall pay a price. Every firstborn of your sons you shall redeem. You shall not appear before me empty.","And the first-born of an ass thou shalt redeem with a sheep, and if thou wilt not redeem it thou shalt pay a price: every first-born of thy sons shalt thou redeem: thou shalt not appear before me empty.",no,0,0,low
Exodus 34:21,Exodus,34,21,"Six days you shall work, and on the seventh you shall rest; in seedtime and harvest you shall rest.","Six days thou shalt work, but on the seventh day thou shalt rest: there shall be rest in seed-time and harvest.",no,0,0,low
Exodus 34:22,Exodus,34,22,"And you shall keep for me the feast of weeks, the first of wheat harvest, and the feast of ingathering in the middle of the year.","And thou shalt keep to me the feast of weeks, the beginning of wheat-harvest; and the feast of ingathering in the middle of the year.",no,0,0,low
Exodus 34:23,Exodus,34,23,Three times in the year every male of yours shall appear before the Lord God of Israel.,Three times in the year shall every male of thine appear before the Lord the God of Israel.,no,0,0,low
Exodus 34:24,Exodus,34,24,"For when I cast out the nations before your face and enlarge your borders, no one shall desire your land when you go up to appear before the Lord your God three times in the year.","For when I shall have cast out the nations before thy face, and shall have enlarged thy coasts, no one shall desire thy land, whenever thou mayest go up to appear before the Lord thy God, three times in the year.",no,0,0,medium
Exodus 34:25,Exodus,34,25,"You shall not slaughter the blood of my offerings with leaven, and the sacrifice of Passover shall not lie down until morning.","Thou shalt not offer the blood of my sacrifices with leaven, neither shall the sacrifices of the feast of the passover remain till the morning.",no,0,0,low
Exodus 34:26,Exodus,34,26,The first produce of your land you shall place in the house of the Lord your God. You shall not offer a lamb in its mother's milk.,The first-fruits of thy land shalt thou put into the house of the Lord thy God: thou shalt not boil a lamb in his mother's milk.,no,1,1,high
Exodus 34:27,Exodus,34,27,"And the Lord said to Moses, ""Write these words for yourself, for on these words I have established a covenant with you and with Israel.""","And the Lord said to Moses, Write these words for thyself, for on these words I have established a covenant with thee and with Israel.",no,0,0,low
Exodus 34:28,Exodus,34,28,"And Moses was there before the Lord forty days and forty nights. He did not eat bread and did not drink water. And he wrote on the tablets the words of the covenant, the ten sayings.","And Moses was there before the Lord forty days, and forty nights; he did not eat bread, and he did not drink water; and he wrote upon the tables these words of the covenant, the ten sayings.",no,1,1,high
Exodus 34:29,Exodus,34,29,"And when Moses came down from the mountain, the two tablets were in Moses' hands. And as he came down from the mountain, Moses did not know that the appearance of the skin of his face had been glorified when God spoke with him.","And when Moses went down from the mountain, there were the two tables in the hands of Moses,—as then he went down from the mountain, Moses knew not that the appearance of the skin of his face was glorified, when God spoke to him.",no,1,1,high
Exodus 34:30,Exodus,34,30,"And Aaron and all the elders of Israel saw Moses, and the appearance of the skin of his face had been glorified, and they feared to come near him.","And Aaron and all the elders of Israel saw Moses, and the appearance of the skin of his face was made glorious, and they feared to approach him.",no,0,0,low
Exodus 34:31,Exodus,34,31,"And Moses called them, and Aaron and all the rulers of the congregation turned back to him, and Moses spoke to them.","And Moses called them, and Aaron and all the rulers of the synagogue turned towards him, and Moses spoke to them.",no,0,0,low
Exodus 34:32,Exodus,34,32,"And after these things all the sons of Israel came near to him, and he commanded them all that the Lord had spoken to him on Mount Sinai.","And afterwards all the children of Israel came to him, and he commanded them all things, whatsoever the Lord had commanded him in the mount of Sina.",no,0,0,medium
Exodus 34:33,Exodus,34,33,"And when he ceased speaking to them, he put a veil on his face.","And when he ceased speaking to them, he put a veil on his face.",yes,0,0,none
Exodus 34:34,Exodus,34,34,"Whenever Moses went in before the Lord to speak with him, he removed the veil until he came out, and coming out he spoke to all the sons of Israel whatever the Lord had commanded him.","And whenever Moses went in before the Lord to speak to him, he took off the veil till he went out, and he went forth and spoke to all the children of Israel whatsoever the Lord commanded him.",no,0,0,medium
Exodus 34:35,Exodus,34,35,"And the sons of Israel saw the face of Moses, that it had been glorified, and Moses put the veil on his face until he went in to speak with him.","And the children of Israel saw the face of Moses, that it was glorified; and Moses put the veil over his face, till he went in to speak with him.",no,0,0,low
Exodus 35:1,Exodus,35,1,"And Moses gathered all the congregation of the sons of Israel and said to them, ""These are the words that the Lord spoke, to do them.","And Moses gathered all the congregation of the children of Israel together, and said, These are the words which the Lord has spoken for you to do them.",no,0,0,low
Exodus 35:2,Exodus,35,2,"Six days you shall do works, but on the seventh day there shall be rest, holy Sabbath rest to the Lord. Everyone doing work on it shall die.","Six days shalt thou perform works, but on the seventh day shall be rest—a holy sabbath—a rest for the Lord: every one that does work on it, let him die.",no,0,0,medium
Exodus 35:3,Exodus,35,3,"You shall not burn fire in any of your dwellings on the day of the Sabbaths. I am the Lord.""",Ye shall not burn a fire in any of your dwellings on the sabbath-day; I am the Lord.,no,0,0,low
Exodus 35:4,Exodus,35,4,"And Moses said to all the congregation of the sons of Israel, saying, ""This is the word that the Lord commanded, saying,","And Moses spoke to all the congregation of the children of Israel, saying, This is the thing which the Lord has appointed you, saying,",no,0,0,medium
Exodus 35:5,Exodus,35,5,"Take from yourselves a contribution to the Lord. Everyone accepting it in heart shall bring the Lord's first-contributions: gold, silver, bronze,","Take of yourselves an offering for the Lord: every one that engages in his heart shall bring the first-fruits to the Lord; gold, silver, brass,",no,0,0,low
Exodus 35:6,Exodus,35,6,"blue, purple, doubled scarlet spun, woven fine linen, and goat hair,","blue, purple, double scarlet spun, and fine linen spun, and goats' hair,",no,0,0,low
Exodus 35:7,Exodus,35,7,"and rams' skins dyed red and blue skins and incorruptible wood,","and rams' skins dyed red, and skins dyed blue, and incorruptible wood,",no,0,0,low
Exodus 35:9,Exodus,35,9,"and sardius stones and stones for engraving, for the ephod and the robe.","and sardine stones, and stones for engraving for the shoulder-piece and full-length robe.",no,0,0,low
Exodus 35:10,Exodus,35,10,"And every wise-hearted person among you, let him come and make all that the Lord has commanded:","And every man that is wise in heart among you, let him come and work all things whatsoever the Lord has commanded.",no,0,0,medium
Exodus 35:11,Exodus,35,11,"the tent and the hangings and the coverings and the rings and the bars and the posts,","The tabernacle, and the cords, and the coverings, and the rings, and the bars, and the posts,",no,0,0,low
Exodus 35:12,Exodus,35,12,"and the ark of testimony and its poles and its propitiatory and the curtain,","and the ark of the testimony, and its staves, and its propitiatory, and the veil,",no,0,0,low
Exodus 35:13,Exodus,35,13,"and the table and all its utensils,","and the table and all its furniture,",no,0,0,low
Exodus 35:14,Exodus,35,14,"and the lampstand of light and all its utensils,","and the candlestick for the light and all its furniture,",no,0,0,low
Exodus 35:16,Exodus,35,16,"and the altar and all its utensils,",and the altar and all its furniture;,no,0,0,low
Exodus 35:19,Exodus,35,19,"and the holy garments of Aaron the priest and the garments in which they shall minister, and the tunics for Aaron's sons for the priesthood, and the anointing oil and the compounded incense.""","and the holy garments of Aaron the priest, and the garments in which they shall do service; and the garments of priesthood for the sons of Aaron and the anointing oil, and the compound incense.",no,0,0,low
Exodus 35:20,Exodus,35,20,And all the congregation of the sons of Israel went out from Moses.,"And all the congregation of the children of Israel went out from Moses. And they brought, they whose heart prompted them, and they to whomsoever it seemed good in their mind, each an offering:",no,0,0,low
Exodus 35:21,Exodus,35,21,"And each one whose heart brought him, and each one to whom it seemed good in soul, brought the Lord's contribution for all the works of the tent of testimony and for all its services and for all the holy garments.","and they brought an offering to the Lord for all the works of the tabernacle of witness, and all its services, and for all the robes of the sanctuary.",no,0,0,medium
Exodus 35:22,Exodus,35,22,"And the men brought from among the women—everyone to whom it seemed good in mind—they brought seals and earrings and rings and necklaces and bracelets, every gold vessel. And all who brought gold contributions to the Lord brought them.","And the men, even every one to whom it seemed good in his heart, brought from the women, even brought seals and ear-rings, and finger-rings, and necklaces, and bracelets, every article of gold.",no,0,0,low
Exodus 35:23,Exodus,35,23,"And everyone with whom fine linen and blue skins and red-dyed rams' skins were found, brought them.","And all as many as brought ornaments of gold to the Lord, and with whomsoever fine linen was found; and they brought skins dyed blue, and rams' skins dyed red.",no,0,0,medium
Exodus 35:24,Exodus,35,24,"And everyone offering a silver or bronze contribution brought the Lord's contributions, and those with whom incorruptible wood was found for all the works of preparation brought it.","And every one that offered an offering brought silver and brass, the offerings to the Lord; and they with whom was found incorruptible wood; and they brought offerings for all the works of the preparation.",no,0,0,medium
Exodus 35:25,Exodus,35,25,And every woman wise in mind spun with her hands and brought what was spun: the blue and the purple and the scarlet and the fine linen.,"And every woman skilled in her heart to spin with her hands, brought spun articles, the blue, and purple, and scarlet and fine linen.",no,0,0,medium
Exodus 35:26,Exodus,35,26,And all the women whose mind moved them in wisdom spun the goat hair.,"And all the women to whom it seemed good in their heart in their wisdom, spun the goats' hair.",no,0,0,low
Exodus 35:27,Exodus,35,27,"And the rulers brought the sardius stones and the stones of filling for the ephod and for the breastpiece,","And the rulers brought the emerald stones, and the stones for setting in the ephod, and the oracle,",no,0,0,low
Exodus 35:28,Exodus,35,28,and the spices and the oil of anointing and the compounded incense.,"and the compounds both for the anointing oil, and the composition of the incense.",no,0,0,low
Exodus 35:29,Exodus,35,29,Every man and woman whose mind moved them to come in and do all the works that the Lord had commanded to be done through Moses—the sons of Israel brought a contribution to the Lord.,And every man and woman whose mind inclined them to come in and do all the works as many as the Lord appointed them to do by Moses—they the children of Israel brought an offering to the Lord.,no,0,0,medium
Exodus 35:30,Exodus,35,30,"And Moses said to the sons of Israel, ""Look, God has called by name Bezalel son of Uri son of Hur, of the tribe of Judah,","And Moses said to the children of Israel, Behold, God has called by name Beseleel the son of Urias the son of Or, of the tribe of Juda,",no,0,0,low
Exodus 35:31,Exodus,35,31,"and has filled him with a divine spirit of wisdom and understanding and knowledge of all things,","and has filled him with a divine spirit of wisdom and understanding, and knowledge of all things,",yes,0,0,medium
Exodus 35:32,Exodus,35,32,"to devise skillfully in all works of craftsmanship, to make gold and silver and bronze,","to labour skilfully in all works of cunning workmanship, to form the gold and the silver and the brass,",no,0,0,medium
Exodus 35:33,Exodus,35,33,and to cut stone and work wood and do every work of wisdom.,"and to work in stone, and to fashion the wood, and to work in every work of wisdom.",no,0,0,low
Exodus 35:34,Exodus,35,34,"And he gave improvement in understanding in his mind, both to him and to Oholiab son of Ahisamach, of the tribe of Dan.","And God gave improvement in understanding both to him, and to Eliab the son of Achisamach of the tribe of Dan.",no,0,0,low
Exodus 35:35,Exodus,35,35,"He filled them with wisdom, understanding, and insight to understand and do all the works of the holy place, and to weave woven and variegated work with the scarlet and fine linen, to do every work of craftsmanship and embroidery.""","And God filled them with wisdom, understanding and perception, to understand to work all the works of the sanctuary, and to weave the woven and embroidered work with scarlet and fine linen, to do all work of curious workmanship and embroidery.",no,0,0,medium
Exodus 36:1,Exodus,36,1,"And Bezalel and Oholiab and every wise-hearted one to whom wisdom and knowledge were given, to understand how to do all the works of the holy duties, did all that the Lord commanded.","And Beseleel wrought, and Eliab and every one wise in understanding, to whom was given wisdom and knowledge, to understand to do all the works according to the holy offices, according to all things which the Lord appointed.",no,0,0,medium
Exodus 36:2,Exodus,36,2,"And Moses called Bezalel and Oholiab and all those having wisdom, to whom God gave knowledge in heart, and all who willingly wanted to come near to the works to perform them.","And Moses called Beseleel and Eliab, and all that had wisdom, to whom God gave knowledge in their heart, and all who were freely willing to come forward to the works, to perform them.",no,0,0,medium
Exodus 36:3,Exodus,36,3,And they received from Moses all the contributions that the sons of Israel had brought for all the works of the holy place to do them. And they were still receiving what was brought by those bringing it each morning.,"And they received from Moses all the offerings, which the children of Israel brought for all the works of the sanctuary to do them; and they continued to receive the gifts brought, from those who brought them in the morning.",no,0,0,medium
Exodus 36:4,Exodus,36,4,"And all the wise men doing the works of the holy place came, each from his own work that he was doing,","And there came all the wise men who wrought the works of the sanctuary, each according to his own work, which they wrought.",no,0,0,medium
Exodus 36:5,Exodus,36,5,"and they said to Moses, ""The people are bringing more than enough for the works that the Lord commanded to be done.""","And one said to Moses, The people bring an abundance too great in proportion to all the works which the Lord has appointed them to do.",no,0,0,medium
Exodus 36:6,Exodus,36,6,"And Moses commanded, and proclamation was made in the camp, saying, ""Let neither man nor woman work any longer for the first-contributions of the holy place."" So the people were restrained from bringing more.","And Moses commanded, and proclaimed in the camp, saying, Let neither man nor woman any longer labour for the offerings of the sanctuary; and the people were restrained from bringing any more.",no,0,0,medium
Exodus 36:7,Exodus,36,7,"And the works they had were sufficient for the making, and there was some left over.","And they had materials sufficient for making the furniture, and they left some besides.",no,0,0,medium
Exodus 36:8,Exodus,36,8,"And every wise one among those working made the holy garments that belong to Aaron the priest, as the Lord commanded Moses.","And every wise one among those that wrought made the robes of the holy places, which belong to Aaron the priest, as the Lord commanded Moses.",no,0,0,medium
Exodus 36:9,Exodus,36,9,And they made the ephod of gold and blue and purple and spun scarlet and woven fine linen.,"And he made the ephod of gold, and blue, and purple, and spun scarlet, and fine linen twined.",no,0,0,low
Exodus 36:10,Exodus,36,10,"And the plates of gold were cut into threads, so that they might be woven with the blue and the purple and the spun scarlet and the woven fine linen, a woven work.","And the plates were divided, the threads of gold, so as to interweave with the blue and purple, and with the spun scarlet, and the fine linen twined, they made it a woven work;",no,0,0,low
Exodus 36:11,Exodus,36,11,They made shoulder-pieces joined from both sides.,"shoulder-pieces joined from both sides, a work woven by mutual twisting of the parts into one another.",no,0,0,low
Exodus 36:12,Exodus,36,12,"A woven work intertwined into one another they made from the same material, of gold and blue and purple and spun scarlet and woven fine linen, just as the Lord commanded Moses.","They made it of the same material according to the making of it, of gold, and blue, and purple, and spun scarlet, and fine linen twined, as the Lord commanded Moses;",no,0,0,medium
Exodus 36:13,Exodus,36,13,"And they made the two emerald stones clasped and encircled in gold, engraved and carved like the carving of a seal, with the names of the sons of Israel.","and they made the two emerald stones clasped together and set in gold, graven and cut after the cutting of a seal with the names of the children of Israel;",no,0,0,low
Exodus 36:14,Exodus,36,14,"And he placed them on the shoulders of the ephod, as memorial stones of the sons of Israel, as the Lord commanded Moses.","and he put them on the shoulder-pieces of the ephod, as stones of memorial of the children of Israel, as the Lord appointed Moses.",no,0,0,medium
Exodus 36:15,Exodus,36,15,"And they made the breastpiece, embroidered work, according to the work of the ephod, of gold and blue and purple and spun scarlet and woven fine linen.","And they made the oracle, a work woven with embroidery, according to the work of the ephod, of gold, and blue, and purple, and spun scarlet, and fine linen twined.",no,0,0,low
Exodus 36:16,Exodus,36,16,"They made the breastpiece square and doubled, a span its length and a span its breadth, doubled.","They made the oracle square and double, the length of a span, and the breadth of a span,—double.",no,0,0,low
Exodus 36:17,Exodus,36,17,"And a setting of four rows of stones was woven into it: sardius and topaz and emerald, the first row.","And there was interwoven with it a woven work of four rows of stones, a series of stones, the first row, a sardius and topaz and emerald;",no,0,0,low
Exodus 36:18,Exodus,36,18,And the second row: carbuncle and sapphire and jasper.,"and the second row, a carbuncle and sapphire and jasper;",no,0,0,low
Exodus 36:19,Exodus,36,19,And the third row: ligure and agate and amethyst.,"and the third row, a ligure and agate and amethyst;",no,0,0,low
Exodus 36:20,Exodus,36,20,"And the fourth row: chrysolite and beryl and onyx, encircled with gold and bound in gold.","and the fourth row a chrysolite and beryl and onyx set round about with gold, and fastened with gold.",no,0,0,low
Exodus 36:21,Exodus,36,21,"And the stones were twelve according to the names of the sons of Israel, engraved like seals, each with its own name for the twelve tribes.","And the stones were twelve according to the names of the children of Israel, graven according to their names like seals, each according to his own name for the twelve tribes.",no,0,0,low
Exodus 36:22,Exodus,36,22,"And they made on the breastpiece braided cords, woven chainwork of pure gold.","And they made on the oracle turned wreaths, wreathen work, of pure gold,",no,0,0,low
Exodus 36:23,Exodus,36,23,And they made two gold settings and two gold rings and placed the two gold rings on both ends of the breastpiece.,and they made two golden circlets and two golden rings. And they put the two golden rings on both the upper corners of the oracle;,no,0,0,low
Exodus 36:24,Exodus,36,24,And they placed the gold woven cords on the rings at both sides of the breastpiece.,"and they put the golden wreaths on the rings on both sides of the oracle,",no,0,0,low
Exodus 36:25,Exodus,36,25,"And the two woven cords they set into the two couplings, and they placed them on the two settings, and they placed them on the shoulders of the ephod opposite each other at the front.","and the two wreaths into the two couplings. And they put them on the two circlets, and they put them on the shoulders of the ephod opposite each other in front.",no,0,0,low
Exodus 36:26,Exodus,36,26,"And they made two gold rings and placed them on the two wings at the edge of the breastpiece, on the inner edge of the back of the ephod.","And they made two golden rings, and put them on the two projections on the top of the oracle, and on the top of the hinder part of the ephod within.",no,0,0,low
Exodus 36:27,Exodus,36,27,"And they made two gold rings and placed them on both shoulders of the ephod beneath it, at the front, by the joining above the woven band of the ephod.","And they made two golden rings, and put them on both the shoulders of the ephod under it, in front by the coupling above the connexion of the ephod.",no,0,0,low
Exodus 36:28,Exodus,36,28,"And he fastened the breastpiece from its rings to the rings of the ephod, joined with blue woven cord to the woven band of the ephod, so that the breastpiece might not loosen from the ephod, as the Lord commanded Moses.","And he fastened the oracle by the rings that were on it to the rings of the ephod, which were fastened with a string of blue, joined together with the woven work of the ephod; that the oracle should not be loosed from the ephod, as the Lord commanded Moses.",no,0,0,medium
Exodus 36:29,Exodus,36,29,"And they made the robe under the ephod, woven work, all blue.","And they made the tunic under the ephod, woven work, all of blue.",no,0,0,low
Exodus 36:30,Exodus,36,30,"And the opening of the robe in the middle was woven close together, with a border around the opening, not to be torn.","And the opening of the tunic in the midst woven closely together, the opening having a fringe round about, that it might not be rent.",no,0,0,low
Exodus 36:31,Exodus,36,31,"And on the hem of the robe below they made pomegranates like blossoming pomegranate fruit, of blue and purple and spun scarlet and woven fine linen.","And they made on the border of the tunic below pomegranates as of a flowering pomegranate tree, of blue, and purple, and spun scarlet, and fine linen twined.",no,0,0,low
Exodus 36:32,Exodus,36,32,"And they made gold bells and placed the bells on the hem of the robe all around between the pomegranates,","And they made golden bells, and put the bells on the border of the tunic round about between the pomegranates:",no,0,0,low
Exodus 36:33,Exodus,36,33,"a gold bell and a pomegranate on the hem of the robe all around, for ministering, as the Lord commanded Moses.","a golden bell and a pomegranate on the border of the tunic round about, for the ministration, as the Lord commanded Moses.",no,0,0,medium
Exodus 36:34,Exodus,36,34,"And they made woven fine linen tunics for Aaron and his sons,","And they made vestments of fine linen, a woven work, for Aaron and his sons,",no,0,0,low
Exodus 36:35,Exodus,36,35,"and the turbans of fine linen and the headdress of fine linen and the undergarments of woven fine linen,","and the tires of fine linen, and the mitre of fine linen, and the drawers of fine linen twined;",no,0,0,low
Exodus 36:36,Exodus,36,36,"and their sashes of fine linen and blue and purple and spun scarlet, embroidered work, as the Lord commanded Moses.","and their girdles of fine linen, and blue, and purple, and scarlet spun, the work of an embroiderer, according as the Lord commanded Moses.",no,0,0,medium
Exodus 36:37,Exodus,36,37,"And they made the gold plate, the separated thing of the holy place, of pure gold, and wrote on it engraved letters like the engraving of a seal: ""Holiness to the Lord.""","And they made the golden plate, a dedicated thing of the sanctuary, of pure gold; and he wrote upon it graven letters as of a seal, Holiness to the Lord.",no,0,0,low
Exodus 36:38,Exodus,36,38,"And they placed on it a blue cord so that it would be on the turban above, as the Lord commanded Moses.","And they put it on the border of blue, so that it should be on the mitre above, as the Lord commanded Moses.",no,0,0,medium
Exodus 37:1,Exodus,37,1,And they made ten curtains for the tent.,And they made ten curtains for the tabernacle;,no,0,0,low
Exodus 37:2,Exodus,37,2,"The length of one curtain was twenty-eight cubits; one measure belonged to all of them, and the breadth of one curtain was four cubits.","of eight and twenty cubits the length of one curtain: the same measure was to all, and the breadth of one curtain was of four cubits.",no,0,0,low
Exodus 37:3,Exodus,37,3,"And they made the curtain of blue and purple and spun scarlet and woven fine linen, woven work with cherubim.","And they made the veil of blue, and purple, and spun scarlet, and fine linen twined, the woven work with cherubs.",no,0,0,low
Exodus 37:4,Exodus,37,4,"And they placed it on four incorruptible posts overlaid with gold, and their capitals gold, and their four bases silver.","And they put it on four posts of incorruptible wood overlaid with gold; and their chapiters were gold, and their four sockets were silver.",no,0,0,low
Exodus 37:5,Exodus,37,5,"And they made the curtain of the door of the tent of testimony of blue and purple and spun scarlet and woven fine linen, woven work with cherubim.","And they made the veil of the door of the tabernacle of witness of blue, and purple, and spun scarlet, and fine linen twined, woven work with cherubs,",no,0,0,low
Exodus 37:6,Exodus,37,6,"And its five posts and rings, and they overlaid their capitals and clasps with gold, and their five bases were bronze.","and their posts five, and the rings; and they gilded their chapiters and their clasps with gold, and they had five sockets of brass.",no,0,0,low
Exodus 37:7,Exodus,37,7,"And they made the court. Toward the south wind were hangings of the court of woven fine linen, one hundred by one hundred.","And they made the court toward the south; the curtains of the court of fine linen twined, a hundred cubits every way,",no,0,0,medium
Exodus 37:8,Exodus,37,8,And their pillars twenty and their bases twenty.,"and their posts twenty, and their sockets twenty;",no,0,0,low
Exodus 37:9,Exodus,37,9,"And on the side toward the north, one hundred by one hundred, and their pillars twenty and their bases twenty.","and on the north side a hundred every way, and on the south side a hundred every way, and their posts twenty and their sockets twenty.",no,0,0,low
Exodus 37:10,Exodus,37,10,"And on the side toward the sea, curtains of fifty cubits, their pillars ten and their bases ten.","And on the west side curtains of fifty cubits, their posts ten and their sockets ten.",no,0,0,low
Exodus 37:11,Exodus,37,11,"And on the side toward the east, fifty cubits.","And on the east side curtains of fifty cubits of fifteen cubits behind,",no,0,0,low
Exodus 37:12,Exodus,37,12,"Hangings fifteen cubits at the back, and their pillars three and their bases three.","and their pillars three, and their sockets three.",no,0,0,low
Exodus 37:13,Exodus,37,13,"And on the second back, on this side and that, by the gate of the court, hangings fifteen cubits, and their pillars three and their bases three.","And at the second back on this side and on that by the gate of the court, curtains of fifteen cubits, their pillars three and their sockets three;",no,0,0,low
Exodus 37:14,Exodus,37,14,All the hangings of the court were of woven fine linen.,all the curtains of the tabernacle of fine linen twined.,no,0,0,low
Exodus 37:15,Exodus,37,15,"And the bases of their pillars were bronze, and their hooks silver, and their capitals silver-covered, and all the pillars of the court were silver-covered.","And the sockets of their pillars of brass, and their hooks of silver, and their chapiters overlaid with silver, and all the posts of the court overlaid with silver:",no,0,0,low
Exodus 37:16,Exodus,37,16,"And the curtain of the gate of the court, embroidered work, of blue and purple and spun scarlet and woven fine linen, was twenty cubits long, and its height and breadth five cubits, equal to the hangings of the court.","and the veil of the gate of the court, the work of an embroiderer of blue, and purple, and spun scarlet, and fine linen twined; the length of twenty cubits, and the height and the breadth of five cubits, made equal to the curtains of the court;",no,0,0,low
Exodus 37:17,Exodus,37,17,"And their pillars four and their bases four bronze, and their hooks silver, and their capitals silver-covered.","and their pillars four, and their sockets four of brass, and their hooks of silver, and their chapiters overlaid with silver.",no,0,0,low
Exodus 37:18,Exodus,37,18,"They also were silver-covered, and all the pegs of the court all around were bronze.","And all the pins of the court round about of brass, and they were overlaid with silver.",no,0,0,low
Exodus 37:19,Exodus,37,19,"And this was the ordering of the tent of testimony, as it was arranged by Moses for the service of the Levites through Ithamar son of Aaron the priest.","And this was the construction of the tabernacle of witness, accordingly as it was appointed to Moses; so that the public service should belong to the Levites, through Ithamar the son of Aaron the priest.",no,0,0,low
Exodus 37:20,Exodus,37,20,"And Bezalel son of Uri, of the tribe of Judah, made as the Lord commanded Moses.","And Beseleel the son of Urias of the tribe of Juda, did as the Lord commanded Moses.",no,0,0,medium
Exodus 37:21,Exodus,37,21,"And Oholiab son of Ahisamach, of the tribe of Dan, was there, chief craftsman in woven works and embroidery and variegated weaving with scarlet and fine linen.","And Eliab the son of Achisamach of the tribe of Dan was there, who was chief artificer in the woven works and needle-works and embroideries, in weaving with the scarlet and fine linen.",no,0,0,medium
Exodus 38:1,Exodus,38,1,"And Bezalel made the ark,","And Beseleel made the ark,",no,0,0,low
Exodus 38:2,Exodus,38,2,and overlaid it with pure gold inside and outside.,and overlaid it with pure gold within and without;,no,0,0,low
Exodus 38:3,Exodus,38,3,"And he cast for it four gold rings, two on one side and two on the second side,","and he cast for it four golden rings, two on the one side, and two on the other,",no,0,0,low
Exodus 38:4,Exodus,38,4,"broad enough for the poles, so that they might carry it by them.","wide enough for the staves, so that men should bear the ark with them.",no,0,0,low
Exodus 38:5,Exodus,38,5,"And he made the propitiatory above the ark of pure gold,","And he made the propitiatory over the ark of pure gold,",no,0,0,low
Exodus 38:6,Exodus,38,6,"and the two gold cherubim,",and the two cherubs of gold;,no,0,0,low
Exodus 38:7,Exodus,38,7,"one cherub on one end of the propitiatory and one cherub on the second end of the propitiatory,","one cherub on the one end of the propitiatory, and another cherub on the other end of the propitiatory,",no,0,0,low
Exodus 38:8,Exodus,38,8,overshadowing the propitiatory with their wings.,overshadowing the propitiatory with their wings.,yes,0,0,none
Exodus 38:9,Exodus,38,9,"And he made the presentation table of pure gold,","And he made the set table of pure gold,",no,0,0,low
Exodus 38:10,Exodus,38,10,"and cast for it four rings, two on one side and two on the second side, broad enough so that it might be lifted with the poles in them.","and cast for it four rings: two on the one side and two on the other side, broad, so that men should lift it with the staves in them.",no,0,0,low
Exodus 38:11,Exodus,38,11,And he made the poles of the ark and of the table and overlaid them with gold.,"And he made the staves of the ark and of the table, and gilded them with gold.",no,0,0,low
Exodus 38:12,Exodus,38,12,"And he made the utensils of the table, both the dishes and the censers and the cups and the bowls in which he would pour offerings, of gold.","And he made the furniture of the table, both the dishes, and the censers, and the cups, and the bowls with which he should offer drink-offerings, of gold.",no,0,0,low
Exodus 38:13,Exodus,38,13,"And he made the lampstand that gives light, of solid gold, the shaft","And he made the candlestick which gives light, of gold;",no,0,0,low
Exodus 38:14,Exodus,38,14,"and the branches from both sides of it,","the stem solid, and the branches from both its sides;",no,0,0,low
Exodus 38:15,Exodus,38,15,"and buds springing out from its branches, three on this side and three on that, matching one another.","and blossoms proceeding from its branches, three on this side, and three on the other, made equal to each other.",no,0,0,low
Exodus 38:16,Exodus,38,16,"And as for the lamps that are at the ends, nut-like cups came from them, and sockets from them, so that the lamps might rest on them; and the seventh socket, at the top of the lampstand, at the summit above, was wholly solid gold.","And as to their lamps, which are on the ends, knops proceeded from them; and sockets proceeding from them, that the lamps might be upon them; and the seventh socket, on the top of the candlestick, on the summit above, entirely of solid gold.",no,0,0,low
Exodus 38:17,Exodus,38,17,"And on the lampstand were seven gold lamps, and its snuffers gold, and their trays gold.","And on the candlestick seven golden lamps, and its snuffers gold, and its funnels gold.",no,0,0,low
Exodus 38:18,Exodus,38,18,He silver-covered the posts and cast gold rings for each post and overlaid the bars with gold. He overlaid the posts of the curtain with gold and made gold hooks.,"He overlaid the posts with silver, and cast for each post golden rings, and gilded the bars with gold; and he gilded the posts of the veil with gold, and made the hooks of gold.",no,0,0,low
Exodus 38:19,Exodus,38,19,"He also made the rings of the tent gold, and the rings of the court, and rings for drawing out the upper covering, bronze.","He made also the rings of the tabernacle of gold; and the rings of the court, and the rings for drawing out the veil above of brass.",no,0,0,low
Exodus 38:20,Exodus,38,20,"He cast the silver capitals of the tent and the bronze capitals of the door of the tent and the gate of the court, and he made silver hooks for the posts and silver-covered them on the posts.","He cast the silver chapiters of the tabernacle, and the brazen chapiters of the door of the tabernacle, and the gate of the court; and he made silver hooks for the posts, he overlaid them with silver on the posts.",no,0,0,low
Exodus 38:21,Exodus,38,21,"He made the pegs of the tent and the pegs of the court, bronze.",He made the pins of the tabernacle and the pins of the court of brass.,no,0,0,low
Exodus 38:22,Exodus,38,22,He made the bronze altar from the bronze fire-pans that belonged to the men who stirred up revolt with the company of Korah.,"He made the brazen altar of the brazen censers, which belonged to the men engaged in sedition with the gathering of Core.",no,0,0,low
Exodus 38:23,Exodus,38,23,He made all the utensils of the altar and its fire-pan and the base and the bowls and the bronze flesh-hooks.,"He made all the vessels of the altar and its grate, and its base, and its bowls, and the brazen flesh-hooks.",no,0,0,low
Exodus 38:24,Exodus,38,24,"He made for the altar a surrounding frame of net-work beneath its fire-pan underneath it as far as its middle, and he fixed to it four bronze rings on the four sides of the frame of the altar, wide enough for the bars, so that the altar might be carried by them.","He made an appendage for the altar of network under the grate, beneath it as far as the middle of it; and he fastened to it four brazen rings on the four parts of the appendage of the altar, wide enough for the bars, so as to bear the altar with them.",no,0,0,low
Exodus 38:25,Exodus,38,25,"He made the holy anointing oil and the pure compounded incense, work of a perfumer.","He made the holy anointing oil and the composition of the incense, the pure work of the perfumer.",no,0,0,low
Exodus 38:26,Exodus,38,26,"He made the bronze laver and its bronze base from the mirrors of the women who fasted, who fasted by the doors of the tent of testimony on the day it was set up.","He made the brazen laver, and the brazen base of it of the mirrors of the women that fasted, who fasted by the doors of the tabernacle of witness, in the day in which he set it up.",no,0,0,low
Exodus 38:27,Exodus,38,27,"And he made the laver so that Moses and Aaron and his sons might wash their hands and feet from it. Whenever they entered the tent of testimony or approached the altar to minister, they washed from it, just as the Lord commanded Moses.","And he made the laver, that at it Moses and Aaron and his sons might wash their hands and their feet: when they went into the tabernacle of witness, or whensoever they should advance to the altar to do service, they washed at it, as the Lord commanded Moses.",no,0,0,medium
Exodus 39:1,Exodus,39,1,"All the gold that was worked for the works, for all the labor of the holy things, was gold from the contribution, twenty-nine talents and seven hundred twenty shekels by the holy shekel.","All the gold that was employed for the works according to all the fabrication of the holy things, was of the gold of the offerings, twenty-nine talents, and seven hundred and twenty shekels according to the holy shekel.",no,0,0,medium
Exodus 39:2,Exodus,39,2,"And the silver contribution from the men counted in the congregation was one hundred talents and one thousand seven hundred seventy-five shekels,","And the offering of silver from the men that were numbered of the congregation a hundred talents, and a thousand seven hundred and seventy-five shekels, one drachm apiece, even the half shekel, according to the holy shekel.",no,0,0,low
Exodus 39:3,Exodus,39,3,"one drachma per head, half the shekel by the holy shekel, for everyone passing through the visitation, from twenty years and above, six hundred three thousand five hundred fifty.","Every one that passed the survey from twenty years old and upwards to the number of six hundred thousand, and three thousand five hundred and fifty.",no,0,0,low
Exodus 39:4,Exodus,39,4,"And the one hundred talents of silver became the casting of the one hundred capitals of the tent and the capitals of the curtain, one hundred capitals for the one hundred talents, a talent per capital.","And the hundred talents of silver went to the casting of the hundred chapiters of the tabernacle, and to the chapiters of the veil;",no,0,0,low
Exodus 39:5,Exodus,39,5,"And the one thousand seven hundred seventy-five shekels they made into hooks for the posts, and he overlaid their capitals and adorned them.","a hundred chapiters to the hundred talents, a talent to a chapiter.",no,0,0,low
Exodus 39:6,Exodus,39,6,And the bronze of the contribution was seventy talents and one thousand five hundred shekels.,"And the thousand seven hundred and seventy-five shekels he formed into hooks for the pillars, and he gilt their chapiters and adorned them.",no,0,0,low
Exodus 39:7,Exodus,39,7,"And from it he made the bases of the door of the tent of testimony,","And the brass of the offering was seventy talents, and a thousand five hundred shekels;",no,0,0,low
Exodus 39:8,Exodus,39,8,"and the bases of the court all around and the bases of the gate of the court and the pegs of the tent and the pegs of the court all around,","and they made of it the bases of the door of the tabernacle of witness,",no,0,0,low
Exodus 39:9,Exodus,39,9,and the bronze frame of the altar and all the utensils of the altar and all the instruments of the tent of testimony.,"and the bases of the court round about, and the bases of the gate of the court, and the pins of the tabernacle, and the pins of the court round about;",no,0,0,low
Exodus 39:10,Exodus,39,10,And the sons of Israel did as the Lord commanded Moses; so they did.,"and the brazen appendage of the altar, and all the vessels of the altar, and all the instruments of the tabernacle of witness.",no,0,0,medium
Exodus 39:11,Exodus,39,11,And from the gold that remained of the contribution they made vessels to minister with before the Lord.,"And the children of Israel did as the Lord commanded Moses, so did they.",no,0,0,medium
Exodus 39:12,Exodus,39,12,"And the remaining blue and purple and scarlet they made into ministering garments for Aaron, so that he might minister with them in the holy place.",And of the gold that remained of the offering they made vessels to minister with before the Lord.,no,0,0,low
Exodus 39:13,Exodus,39,13,"And they brought the garments to Moses, and the tent and its utensils and its bases and its bars and the posts,","And the blue that was left, and the purple, and the scarlet they made into garments of ministry for Aaron, so that he should minister with them in the sanctuary;",no,0,0,low
Exodus 39:14,Exodus,39,14,"and the ark of the covenant and its carrying-poles,","and they brought the garments to Moses, and the tabernacle, and its furniture, its bases and its bars and the posts;",no,0,0,low
Exodus 39:15,Exodus,39,15,"and the altar and all its utensils and the anointing oil and the compounded incense,","and the ark of the covenant, and its bearers, and the altar and all its furniture.",no,0,0,low
Exodus 39:16,Exodus,39,16,"and the pure lampstand and its lamps, lamps for burning, and the oil of light,","And they made the anointing oil, and the incense of composition, and the pure candlestick,",no,0,0,low
Exodus 39:17,Exodus,39,17,"and the presentation table and all its utensils and the loaves laid out,","and its lamps, lamps for burning, and oil for the light,",no,0,0,low
Exodus 39:18,Exodus,39,18,"and the holy garments that belong to Aaron and the garments of his sons for the priesthood,","and the table of shewbread, and all its furniture, and the shewbread upon it,",no,0,0,low
Exodus 39:19,Exodus,39,19,"and the hangings of the court and the posts and the curtain of the door of the tent and of the gate of the court and all the utensils of the tent and all its instruments,","and the garments of the sanctuary which belong to Aaron, and the garments of his sons, for the priestly ministry;",no,0,0,low
Exodus 39:20,Exodus,39,20,"and the red-dyed rams' skins and the blue skin coverings and the coverings for the remaining things,","and the curtains of the court, and the posts, and the veil of the door of the tabernacle, and the gate of the court,",no,0,0,low
Exodus 39:21,Exodus,39,21,and the pegs and all the instruments for the works of the tent of testimony.,"and all the vessels of the tabernacle and all its instruments: and the skins, even rams' skins dyed red, and the blue coverings, and the coverings of the other things, and the pins, and all the instruments for the works of the tabernacle of witness.",no,0,0,medium
Exodus 39:22,Exodus,39,22,"As the Lord commanded Moses, so the sons of Israel made all the equipment.","Whatsoever things the Lord appointed Moses, so did the children of Israel make all the furniture.",no,0,0,medium
Exodus 39:23,Exodus,39,23,"And Moses saw all the works, and they had done them just as the Lord commanded Moses. So they made them, and Moses blessed them.","And Moses saw all the works; and they had done them all as the Lord commanded Moses, so had they made them; and Moses blessed them.",no,0,0,medium
Exodus 40:1,Exodus,40,1,"And the Lord spoke to Moses, saying,","And the Lord spoke to Moses, saying,",yes,0,0,none
Exodus 40:2,Exodus,40,2,"""On one day, the new moon of the first month, you shall set up the tent of testimony.","On the first day of the first month, at the new moon, thou shalt set up the tabernacle of witness,",no,0,0,low
Exodus 40:3,Exodus,40,3,And you shall place the ark of testimony and cover the ark with the curtain.,"and thou shalt place in it the ark of the testimony, and shalt cover the ark with the veil,",no,0,0,low
Exodus 40:4,Exodus,40,4,"And you shall bring in the table and arrange its arrangement, and you shall bring in the lampstand and place its lamps.",and thou shalt bring in the table and shalt set forth that which is to be set forth on it; and thou shalt bring in the candlestick and place its lamps on it.,no,0,0,low
Exodus 40:5,Exodus,40,5,"And you shall place the gold altar for incense before the ark, and you shall place the curtain-screen on the door of the tent of testimony.","And thou shalt place the golden altar, to burn incense before the ark; and thou shalt put a covering of a veil on the door of the tabernacle of witness.",no,0,0,low
Exodus 40:6,Exodus,40,6,And you shall place the altar of offerings by the doors of the tent of testimony.,"And thou shalt put the altar of burnt-offerings by the doors of the tabernacle of witness,",no,0,0,low
Exodus 40:8,Exodus,40,8,And you shall set the tent around it and sanctify all that belongs to it all around.,"and thou shalt set up the tabernacle round about, and thou shalt hallow all that belongs to it round about.",no,0,0,low
Exodus 40:9,Exodus,40,9,"And you shall take the anointing oil and anoint the tent and all that is in it, and you shall sanctify it and all its utensils, and it shall be holy.","And thou shalt take the anointing oil, and shalt anoint the tabernacle, and all things in it; and shalt sanctify it, and all its furniture, and it shall be holy.",no,0,0,low
Exodus 40:10,Exodus,40,10,"And you shall anoint the altar of offerings and all its utensils, and you shall sanctify the altar, and the altar shall be Holy of Holies.","And thou shalt anoint the altar of burnt-offerings, and all its furniture; and thou shalt hallow the altar, and the altar shall be most holy.",no,0,0,low
Exodus 40:12,Exodus,40,12,And you shall bring Aaron and his sons to the doors of the tent of testimony and wash them with water.,"And thou shalt bring Aaron and his sons to the doors of the tabernacle of witness, and thou shalt wash them with water.",no,0,0,low
Exodus 40:13,Exodus,40,13,"And you shall clothe Aaron with the holy garments and anoint him and sanctify him, and he shall serve as priest to me.","And thou shalt put on Aaron the holy garments, and thou shalt anoint him, and thou shalt sanctify him, and he shall minister to me as priest.",no,0,0,low
Exodus 40:14,Exodus,40,14,And you shall bring his sons and clothe them with tunics.,"And thou shalt bring up his sons, and shalt put garments on them.",no,0,0,low
Exodus 40:15,Exodus,40,15,"And you shall anoint them just as you anointed their father, and they shall serve as priests to me. And it shall be for them an anointing of priesthood forever throughout their generations.""","And thou shalt anoint them as thou didst anoint their father, and they shall minister to me as priests; and it shall be that they shall have an everlasting anointing of priesthood, throughout their generations.",no,0,0,low
Exodus 40:16,Exodus,40,16,And Moses did all that the Lord commanded him; so he did.,"And Moses did all things whatsoever the Lord commanded him, so did he.",no,0,0,medium
Exodus 40:17,Exodus,40,17,"And it came about in the first month, in the second year after they went out from Egypt, at the new moon, that the tent was set up.","And it came to pass in the first month, in the second year after their going forth out of Egypt, at the new moon, that the tabernacle was set up.",no,0,0,low
Exodus 40:18,Exodus,40,18,And Moses set up the tent and put on the capitals and inserted the bars and set up the posts.,"And Moses set up the tabernacle, and put on the chapiters, and put the bars into their places, and set up the posts.",no,0,0,low
Exodus 40:19,Exodus,40,19,"And he stretched out the curtains over the tent and put the covering of the tent above it, as the Lord commanded Moses.","And he stretched out the curtains over the tabernacle, and put the veil of the tabernacle on it above as the Lord commanded Moses.",no,0,0,medium
Exodus 40:20,Exodus,40,20,"And taking the testimonies, he put them into the ark and placed the poles beside the ark.","And he took the testimonies, and put them into the ark; and he put the staves by the sides of the ark.",no,0,0,low
Exodus 40:21,Exodus,40,21,"And he brought the ark into the tent and put on the curtain-covering and covered the ark of testimony, just as the Lord commanded Moses.","And he brought the ark into the tabernacle, and put on it the covering of the veil, and covered the ark of the testimony, as the Lord commanded Moses.",no,0,0,medium
Exodus 40:22,Exodus,40,22,"And he placed the table in the tent of testimony on the north side of the tent, outside the curtain of the tent.","And he put the table in the tabernacle of witness, on the north side without the veil of the tabernacle.",no,0,0,low
Exodus 40:23,Exodus,40,23,"And he set upon it the loaves of presentation before the Lord, just as the Lord commanded Moses.","And he put on it the shewbread before the Lord, as the Lord commanded Moses.",no,0,0,medium
Exodus 40:24,Exodus,40,24,And he placed the lampstand in the tent of testimony on the south side of the tent.,"And he put the candlestick into the tabernacle of witness, on the side of the tabernacle toward the south.",no,0,0,low
Exodus 40:25,Exodus,40,25,"And he placed its lamps before the Lord, just as the Lord commanded Moses.","And he put on it its lamps before the Lord, as the Lord had commanded Moses.",no,0,0,medium
Exodus 40:26,Exodus,40,26,And he placed the golden altar in the tent of testimony opposite the curtain.,And he put the golden altar in the tabernacle of witness before the veil;,no,0,0,low
Exodus 40:27,Exodus,40,27,"And he burned on it the compounded incense, just as the Lord commanded Moses.","and he burnt on it incense of composition, as the Lord commanded Moses.",no,0,0,medium
Exodus 40:29,Exodus,40,29,And he placed the altar of offerings by the doors of the tent.,And he put the altar of the burnt-offerings by the doors of the tabernacle.,no,0,0,low
Exodus 40:33,Exodus,40,33,"And he set up the court around the tent and the altar, and Moses finished all the works.",And he set up the court round about the tabernacle and the altar; and Moses accomplished all the works.,no,0,0,medium
Exodus 40:34,Exodus,40,34,"And the cloud covered the tent of testimony, and the tent was filled with the glory of the Lord.","And the cloud covered the tabernacle of witness, and the tabernacle was filled with the glory of the Lord.",no,0,0,low
Exodus 40:35,Exodus,40,35,"And Moses was not able to enter into the tent of testimony, because the cloud overshadowed it, and the tent was filled with the glory of the Lord.","And Moses was not able to enter into the tabernacle of testimony, because the cloud overshadowed it, and the tabernacle was filled with the glory of the Lord.",no,0,0,low
Exodus 40:36,Exodus,40,36,"And whenever the cloud went up from the tent, the sons of Israel set out with all their baggage.","And when the cloud went up from the tabernacle, the children of Israel prepared to depart with their baggage.",no,0,0,low
Exodus 40:37,Exodus,40,37,"But if the cloud did not go up, they did not set out until the day the cloud went up.","And if the cloud went not up, they did not prepare to depart, till the day when the cloud went up.",no,0,0,low
Exodus 40:38,Exodus,40,38,"For cloud was upon the tent by day, and fire upon it by night, before all Israel in all their journeys.""","For a cloud was on the tabernacle by day, and fire was on it by night before all Israel, in all their journeyings.",no,0,0,low
Genesis 1:1,Genesis,1,1,"At the beginning, God made heaven and earth.",In the beginning God made the heaven and the earth.,no,3,1,high
Genesis 1:2,Genesis,1,2,"Now the earth was unseen and unformed, darkness was over the abyss, and a wind from God was moving over the water.","But the earth was unsightly and unfurnished, and darkness was over the deep, and the Spirit of God moved over the water.",no,4,1,high
Genesis 1:3,Genesis,1,3,"And God said, 'Let light come to be.' And light came to be.","And God said, Let there be light, and there was light.",no,3,1,high
Genesis 1:4,Genesis,1,4,"And God saw the light, that it was good. And God separated the light from the darkness.","And God saw the light that it was good, and God divided between the light and the darkness.",no,2,0,high
Genesis 1:5,Genesis,1,5,"And God called the light Day, and the darkness he called Night. And evening came, and morning came: day one.","And God called the light Day, and the darkness he called Night, and there was evening and there was morning, the first day.",no,2,1,high
Genesis 1:6,Genesis,1,6,"And God said, 'Let a firm span come to be in the middle of the water, and let it divide water from water.' And it came to be so.","And God said, Let there be a firmament in the midst of the water, and let it be a division between water and water, and it was so.",no,2,1,high
Genesis 1:7,Genesis,1,7,"And God made the firm span, and God separated the water below the firm span from the water above the firm span.","And God made the firmament, and God divided between the water which was under the firmament and the water which was above the firmament.",no,1,0,high
Genesis 1:8,Genesis,1,8,"And God called the firm span Heaven. And God saw that it was good. And evening came, and morning came: second day.","And God called the firmament Heaven, and God saw that it was good, and there was evening and there was morning, the second day.",no,2,0,high
Genesis 1:9,Genesis,1,9,"And God said, 'Let the water below Heaven be gathered into one gathering, and let the dry land appear.' And it came to be so. And the water below Heaven was gathered into collections, and the dry land appeared.","And God said, Let the water which is under the heaven be collected into one place, and let the dry land appear, and it was so. And the water which was under the heaven was collected into its places, and the dry land appeared.",no,2,1,high
Genesis 1:10,Genesis,1,10,"And God called the dry land Earth, and the gathered waters he called Seas. And God saw that it was good.","And God called the dry land Earth, and the gatherings of the waters he called Seas, and God saw that it was good.",no,2,1,high
Genesis 1:11,Genesis,1,11,"And God said, 'Let the earth sprout seed-bearing grass and herb according to kind and likeness, and fruit-bearing trees making fruit with their seed in them according to kind upon the earth.' And it came to be so.","And God said, Let the earth bring forth the herb of grass bearing seed according to its kind and according to its likeness, and the fruit-tree bearing fruit whose seed is in it, according to its kind on the earth, and it was so.",no,1,1,high
Genesis 1:12,Genesis,1,12,"And the earth brought forth seed-bearing grass and herb according to kind and likeness, and fruit-bearing trees making fruit with their seed in them according to kind upon the earth. And God saw that it was good.","And the earth brought forth the herb of grass bearing seed according to its kind and according to its likeness, and the fruit tree bearing fruit whose seed is in it, according to its kind on the earth, and God saw that it was good.",no,1,0,high
Genesis 1:13,Genesis,1,13,"And evening came, and morning came: third day.","And there was evening and there was morning, the third day.",no,1,0,high
Genesis 1:14,Genesis,1,14,"And God said, 'Let light-bearers come to be in the firm span of Heaven for shining on the earth, to divide day from night. And let them be for signs and for seasons and for days and for years.'","And God said, Let there be lights in the firmament of the heaven to give light upon the earth, to divide between day and night, and let them be for signs and for seasons and for days and for years.",no,1,1,high
Genesis 1:15,Genesis,1,15,And let them be for shining in the firm span of Heaven so as to shine on the earth. And it came to be so.,"And let them be for light in the firmament of the heaven, so as to shine upon the earth, and it was so.",no,1,0,high
Genesis 1:16,Genesis,1,16,"And God made the two great light-bearers, the greater light-bearer for the dominion of the day and the lesser light-bearer for the dominion of the night, and the stars.","And God made the two great lights, the greater light for regulating the day and the lesser light for regulating the night, the stars also.",no,1,1,high
Genesis 1:17,Genesis,1,17,And God placed them in the firm span of Heaven so as to shine on the earth.,"And God placed them in the firmament of the heaven, so as to shine upon the earth,",no,1,0,high
Genesis 1:18,Genesis,1,18,And they were to rule day and night and to divide light from darkness. And God saw that it was good.,"and to regulate day and night, and to divide between the light and the darkness. And God saw that it was good.",no,1,0,high
Genesis 1:19,Genesis,1,19,"And evening came, and morning came: fourth day.","And there was evening and there was morning, the fourth day.",no,0,0,low
Genesis 1:20,Genesis,1,20,"And God said, 'Let the waters bring forth swarming living creatures and winged birds flying over the earth across the firm span of Heaven.' And it came to be so.","And God said, Let the waters bring forth reptiles having life, and winged creatures flying above the earth in the firmament of heaven, and it was so.",no,1,1,high
Genesis 1:21,Genesis,1,21,"And God made the great sea-creatures and every living creature among the swarming things that the waters brought forth according to their kinds, and every winged bird according to kind. And God saw that they were good.","And God made great whales, and every living reptile, which the waters brought forth according to their kinds, and every creature that flies with wings according to its kind, and God saw that they were good.",no,1,0,high
Genesis 1:22,Genesis,1,22,"And God blessed them, saying, 'Increase and multiply and fill the waters in the seas, and let the birds multiply on the earth.'","And God blessed them, saying, Increase and multiply and fill the waters in the seas, and let the creatures that fly be multiplied on the earth.",no,1,0,high
Genesis 1:23,Genesis,1,23,"And evening came, and morning came: fifth day.","And there was evening and there was morning, the fifth day.",no,0,0,low
Genesis 1:24,Genesis,1,24,"And God said, 'Let the earth bring forth living creatures according to kind: four-footed animals and creeping things and wild beasts of the earth according to kind.' And it came to be so.","And God said, Let the earth bring forth the living creature according to its kind, quadrupeds and reptiles and wild beasts of the earth according to their kind, and it was so.",no,1,0,high
Genesis 1:25,Genesis,1,25,"And God made the wild beasts of the earth according to kind, and the livestock according to their kind, and every creeping thing of the earth according to its kind. And God saw that they were good.","And God made the wild beasts of the earth according to their kind, and cattle according to their kind, and all the reptiles of the earth according to their kind, and God saw that they were good.",no,1,0,high
Genesis 1:26,Genesis,1,26,"And God said, 'Let us make humankind according to our image and according to likeness, and let them rule the fish of the sea and the birds of Heaven and the livestock and all the earth and every creeping thing that creeps on the earth.'","And God said, Let us make man according to our image and likeness, and let them have dominion over the fish of the sea, and over the flying creatures of heaven, and over the cattle and all the earth, and over all the reptiles that creep on the earth.",no,2,1,high
Genesis 1:27,Genesis,1,27,And God made humankind; according to God's image he made humankind. Male and female he made them.,"And God made man, according to the image of God he made him, male and female he made them.",no,1,0,high
Genesis 1:28,Genesis,1,28,"And God blessed them, saying, 'Increase and multiply and fill the earth and subdue it, and rule the fish of the sea and the birds of Heaven and all the livestock and all the earth and every creeping thing that creeps on the earth.'","And God blessed them, saying, Increase and multiply, and fill the earth and subdue it, and have dominion over the fish of the seas and flying creatures of heaven, and all the cattle and all the earth, and all the reptiles that creep on the earth.",no,1,1,high
Genesis 1:29,Genesis,1,29,"And God said, 'Look, I have given you every seed-bearing plant that sows seed on all the earth, and every tree that has in itself fruit with seed for sowing. It will be food for you.'","And God said, Behold I have given to you every seed-bearing herb sowing seed which is upon all the earth, and every tree which has in itself the fruit of seed that is sown, to you it shall be for food.",no,1,0,high
Genesis 1:30,Genesis,1,30,"And to every wild beast of the earth and every bird of Heaven and every creeping thing that creeps on the earth, everything that has in itself living breath, I have given every green plant for food. And it came to be so.","And to all the wild beasts of the earth, and to all the flying creatures of heaven, and to every reptile creeping on the earth, which has in itself the breath of life, even every green plant for food; and it was so.",no,1,1,high
Genesis 1:31,Genesis,1,31,"And God saw all that he had made, and look, it was very good. And evening came, and morning came: sixth day.","And God saw all the things that he had made, and, behold, they were very good. And there was evening and there was morning, the sixth day.",no,1,1,high
Genesis 2:1,Genesis,2,1,"And Heaven and Earth were completed, and all their ordered array.","And the heavens and the earth were finished, and the whole world of them.",no,1,1,high
Genesis 2:2,Genesis,2,2,"And God completed his works, the works he had made, on the sixth day, and he rested on the seventh day from all his works that he had made.","And God finished on the sixth day his works which he made, and he ceased on the seventh day from all his works which he made.",no,2,1,high
Genesis 2:3,Genesis,2,3,"And God blessed the seventh day and made it holy, because on it he rested from all his works, the works God had begun to make.","And God blessed the seventh day and sanctified it, because in it he ceased from all his works which God began to do.",no,2,1,high
Genesis 2:4,Genesis,2,4,"This is the book of the origin of Heaven and Earth, when they came to be, on the day the Lord God made Heaven and Earth.","This is the book of the generation of heaven and earth, when they were made, in the day in which the Lord God made the heaven and the earth,",no,1,1,high
Genesis 2:5,Genesis,2,5,"And every green thing of the field was there before it came to be on the earth, and every grass of the field before it sprang up; for God had not rained on the earth, and there was no human to work it.","and every herb of the field before it was on the earth, and all the grass of the field before it sprang up, for God had not rained on the earth, and there was not a man to cultivate it.",no,1,0,high
Genesis 2:6,Genesis,2,6,But a spring was rising from the earth and watering the whole face of the ground.,"But there rose a fountain out of the earth, and watered the whole face of the earth.",no,1,1,high
Genesis 2:7,Genesis,2,7,"And God formed the human from dust of the earth and breathed into his face the breath of life, and the human became a living being.","And God formed the man of dust of the earth, and breathed upon his face the breath of life, and the man became a living soul.",no,2,1,high
Genesis 2:8,Genesis,2,8,"And God planted a garden in Eden toward the east, and he placed there the human whom he formed.","And God planted a garden eastward in Edem, and placed there the man whom he had formed.",no,1,1,high
Genesis 2:9,Genesis,2,9,"And God still caused every tree to spring up from the earth, beautiful to look at and good for food, and the tree of life in the middle of the garden, and the tree of knowing good and evil.","And God made to spring up also out of the earth every tree beautiful to the eye and good for food, and the tree of life in the midst of the garden, and the tree of learning the knowledge of good and evil.",no,1,1,high
Genesis 2:10,Genesis,2,10,But a river goes out from Eden to water the garden; from there it is divided into four heads.,"And a river proceeds out of Edem to water the garden, thence it divides itself into four heads.",no,1,1,high
Genesis 2:11,Genesis,2,11,"The name of the first is Pishon; this is the one that circles all the land of Havilah, where the gold is.","The name of the one, Phisom, this it is which encircles the whole land of Evilat, where there is gold.",no,0,0,low
Genesis 2:12,Genesis,2,12,And the gold of that land is good; and there too are the carbuncle and the green stone.,"And the gold of that land is good, there also is carbuncle and emerald.",no,0,0,low
Genesis 2:13,Genesis,2,13,And the name of the second river is Gihon; this is the one that circles all the land of Ethiopia.,"And the name of the second river is Geon, this it is which encircles the whole land of Ethiopia.",no,0,0,low
Genesis 2:14,Genesis,2,14,And the third river is Tigris; this is the one that goes opposite the Assyrians. And the fourth river is Euphrates.,"And the third river is Tigris, this is that which flows forth over against the Assyrians. And the fourth river is Euphrates.",no,0,0,low
Genesis 2:15,Genesis,2,15,"And the Lord God took the human whom he had formed and placed him in the garden of delight, to work it and to keep it.","And the Lord God took the man whom he had formed, and placed him in the garden of Delight, to cultivate and keep it.",no,0,0,medium
Genesis 2:16,Genesis,2,16,"And the Lord God commanded Adam, saying that from every tree in the garden he might surely eat,","And the Lord God gave a charge to Adam, saying, Of every tree which is in the garden thou mayest freely eat,",no,0,0,medium
Genesis 2:17,Genesis,2,17,"but from the tree of knowing good and evil, he was not to eat from it; on the day he ate from it, he would certainly die.","but of the tree of the knowledge of good and evil—of it ye shall not eat, but in whatsoever day ye eat of it, ye shall surely die.",no,0,0,low
Genesis 2:18,Genesis,2,18,"And the Lord God said, 'It is not good for the human to be alone. Let us make for him a helper corresponding to him.'","And the Lord God said, It is not good that the man should be alone, let us make for him a help suitable to him.",no,1,1,high
Genesis 2:19,Genesis,2,19,"And God still formed from the earth all the beasts of the field and all the birds of Heaven, and brought them to Adam to see what he would call them. And whatever Adam called each living creature, that was its name.","And God formed yet farther out of the earth all the wild beasts of the field, and all the birds of the sky, and he brought them to Adam, to see what he would call them, and whatever Adam called any living creature, that was the name of it.",no,0,0,low
Genesis 2:20,Genesis,2,20,And Adam gave names to all the livestock and to all the birds of Heaven and to all the beasts of the field. But for Adam no helper like him was found.,"And Adam gave names to all the cattle and to all the birds of the sky, and to all the wild beasts of the field, but for Adam there was not found a help like to himself.",no,0,0,low
Genesis 2:21,Genesis,2,21,"And God cast an ecstasy on Adam, and he slept; and he took one of his sides and filled flesh in its place.","And God brought a trance upon Adam, and he slept, and he took one of his ribs, and filled up the flesh instead thereof.",no,1,1,high
Genesis 2:22,Genesis,2,22,And God built the side that he had taken from Adam into a woman and brought her to Adam.,"And God formed the rib which he took from Adam into a woman, and brought her to Adam.",no,0,0,medium
Genesis 2:23,Genesis,2,23,"And Adam said, 'This now is bone from my bones and flesh from my flesh. She shall be called woman, because she was taken from her man.'","And Adam said, This now is bone of my bones, and flesh of my flesh; she shall be called woman, because she was taken out of her husband.",no,1,1,high
Genesis 2:24,Genesis,2,24,"Because of this, a man will leave his father and his mother and be joined to his wife, and the two will become one flesh.","Therefore shall a man leave his father and his mother and shall cleave to his wife, and they two shall be one flesh.",no,0,0,medium
Genesis 2:25,Genesis,2,25,"And the two were naked, Adam and his wife, and they were not ashamed.","And the two were naked, both Adam and his wife, and were not ashamed.",no,0,0,low
Genesis 3:1,Genesis,3,1,"Now the serpent was the most shrewd of all the beasts on the earth that the Lord God had made. And the serpent said to the woman, 'Why is it that God said, ""You shall not eat from every tree of the garden""?'","Now the serpent was the most crafty of all the brutes on the earth, which the Lord God made, and the serpent said to the woman, Wherefore has God said, Eat not of every tree of the garden?",no,1,1,high
Genesis 3:2,Genesis,3,2,"And the woman said to the serpent that they would eat from the fruit of the trees of the garden,","And the woman said to the serpent, We may eat of the fruit of the trees of the garden,",no,0,0,medium
Genesis 3:3,Genesis,3,3,"but from the fruit of the tree that is in the middle of the garden, God had said they should not eat from it, nor indeed touch it, lest they die.","but of the fruit of the tree which is in the midst of the garden, God said, Ye shall not eat of it, neither shall ye touch it, lest ye die.",no,0,0,low
Genesis 3:4,Genesis,3,4,And the serpent said to the woman that they would certainly not die.,"And the serpent said to the woman, Ye shall not surely die.",no,0,0,medium
Genesis 3:5,Genesis,3,5,"For God knew that on the day you eat from it, your eyes will be opened and you will be like gods, knowing good and evil.'","For God knew that in whatever day ye should eat of it your eyes would be opened, and ye would be as gods, knowing good and evil.",no,0,0,low
Genesis 3:6,Genesis,3,6,"And the woman saw that the tree was good for food and pleasing to the eyes to look at, and that it was beautiful for understanding. And taking from its fruit, she ate; and she gave also to her husband with her, and they ate.","And the woman saw that the tree was good for food, and that it was pleasant to the eyes to look upon and beautiful to contemplate, and having taken of its fruit she ate, and she gave to her husband also with her, and they ate.",no,0,0,medium
Genesis 3:7,Genesis,3,7,"And the eyes of the two were opened, and they knew that they were naked, and they sewed fig leaves together and made loincloths for themselves.","And the eyes of both were opened, and they perceived that they were naked, and they sewed fig leaves together, and made themselves aprons to go round them.",no,0,0,low
Genesis 3:8,Genesis,3,8,"And they heard the sound of the Lord God walking in the garden at evening, and Adam and his wife hid themselves from the face of the Lord God among the trees of the garden.",And they heard the voice of the Lord God walking in the garden in the afternoon; and both Adam and his wife hid themselves from the face of the Lord God in the midst of the trees of the garden.,no,0,0,low
Genesis 3:9,Genesis,3,9,"And the Lord God called Adam and said to him, 'Adam, where are you?'","And the Lord God called Adam and said to him, Adam, where art thou?",no,0,0,low
Genesis 3:10,Genesis,3,10,"And he said to him, 'I heard your sound as you were walking in the garden, and I was afraid because I am naked, and I hid myself.'","And he said to him, I heard thy voice as thou walkedst in the garden, and I feared because I was naked and I hid myself.",no,0,0,low
Genesis 3:11,Genesis,3,11,"And God said to him, 'Who told you that you are naked, unless you have eaten from the tree from which alone I commanded you not to eat?'","And God said to him, Who told thee that thou wast naked, unless thou hast eaten of the tree concerning which I charged thee of it alone not to eat?",no,0,0,medium
Genesis 3:12,Genesis,3,12,"And Adam said, 'The woman whom you gave with me, she gave me from the tree, and I ate.'","And Adam said, The woman whom thou gavest to be with me—she gave me of the tree and I ate.",no,0,0,medium
Genesis 3:13,Genesis,3,13,"And the Lord God said to the woman, 'What is this you have done?' And the woman said, 'The serpent deceived me, and I ate.'","And the Lord God said to the woman, Why hast thou done this? And the woman said, The serpent deceived me and I ate.",no,0,0,medium
Genesis 3:14,Genesis,3,14,"And the Lord God said to the serpent that because you did this, you are cursed above all livestock and above all the beasts on the earth. On your chest and your belly you will go, and earth you will eat all the days of your life.","And the Lord God said to the serpent, Because thou hast done this thou art cursed above all cattle and all the brutes of the earth, on thy breast and belly thou shalt go, and thou shalt eat earth all the days of thy life.",no,0,0,low
Genesis 3:15,Genesis,3,15,"And he would put enmity between you and the woman, and between your seed and her seed. He will watch your head, and you will watch his heel.","And I will put enmity between thee and the woman and between thy seed and her seed, he shall watch against thy head, and thou shalt watch against his heel.",no,1,1,high
Genesis 3:16,Genesis,3,16,"And to the woman he said that multiplying he would multiply your pains and your groaning. In pains you will bear children, and your turning will be toward your husband, and he will rule over you.","And to the woman he said, I will greatly multiply thy pains and thy groanings; in pain thou shalt bring forth children, and thy submission shall be to thy husband, and he shall rule over thee.",no,1,1,high
Genesis 3:17,Genesis,3,17,"And to Adam he said that because you listened to the voice of your wife and ate from the tree from which alone he commanded you not to eat, the ground is cursed in your labors. In pains you will eat from it all the days of your life.","And to Adam he said, Because thou hast hearkened to the voice of thy wife, and eaten of the tree concerning which I charged thee of it only not to eat—of that thou hast eaten, cursed is the ground in thy labours, in pain shalt thou eat of it all the days of thy life.",no,0,0,medium
Genesis 3:18,Genesis,3,18,"It will bring forth thorns and thistles for you, and you will eat the grass of the field.","Thorns and thistles shall it bring forth to thee, and thou shalt eat the herb of the field.",no,0,0,low
Genesis 3:19,Genesis,3,19,"By the sweat of your face you will eat your bread, until you return to the earth from which you were taken; because earth you are, and to earth you will depart.","In the sweat of thy face shalt thou eat thy bread until thou return to the earth out of which thou wast taken, for earth thou art and to earth thou shalt return.",no,0,0,low
Genesis 3:20,Genesis,3,20,"And Adam called the name of his wife Life, because she is the mother of all the living.","And Adam called the name of his wife Life, because she was the mother of all living.",no,0,0,low
Genesis 3:21,Genesis,3,21,"And the Lord God made skin tunics for Adam and for his wife, and clothed them.","And the Lord God made for Adam and his wife garments of skin, and clothed them.",no,1,1,high
Genesis 3:22,Genesis,3,22,"And God said, 'Look, Adam has become like one of us, to know good and evil. And now, lest perhaps he stretch out his hand and take from the tree of life and eat and live forever.'","And God said, Behold, Adam is become as one of us, to know good and evil, and now lest at any time he stretch forth his hand, and take of the tree of life and eat, and so he shall live for ever—",no,0,0,low
Genesis 3:23,Genesis,3,23,And the Lord God sent him out from the garden of delight to work the earth from which he had been taken.,So the Lord God sent him forth out of the garden of Delight to cultivate the ground out of which he was taken.,no,0,0,low
Genesis 3:24,Genesis,3,24,"And he cast Adam out and settled him opposite the garden of delight, and he stationed the Cherubim and the flaming turning sword to guard the way of the tree of life.","And he cast out Adam and caused him to dwell over against the garden of Delight, and stationed the cherubs and the fiery sword that turns about to keep the way of the tree of life.",no,0,0,medium
