order,ref,book_name,importance,priority_score,themes,reasons,fresh_translation,brenton_translation,review_status,decision,review_notes
1,1 Kings 2:35,1 Kings,high,26,"anthropology, ritual, kingship, death/afterlife","decisions=1; footnotes=1; importance=high; keywords=altar, being, hades, king, lord, peace","And the king gave Banaiou son of Iodae in his place over the generalship, and the kingdom was being set right in Ierousalem, and the king gave Sadok the priest as first priest instead of Abiathar. And the Lord gave understanding to Solomon and very much wisdom and breadth of heart like the sand that is beside the sea. And the understanding of Solomon was multiplied greatly beyond the understanding of all the ancients and beyond all the wise of Egypt. And he took the daughter of Pharao and brought her into the City of David until he finished his own house and the house of the Lord first and the wall of Ierousalem all around. In seven years he made it and finished it. And Solomon had seventy thousand carrying burdens and eighty thousand stonecutters in the mountain. And Solomon made the Sea and the bases and the great basins and the pillars and the fountain of the court and the bronze sea. And he built the citadel and its battlements and cut through the City of David. Thus the daughter of Pharao was going up from the City of David into her house that he built for her. Then he built the citadel. And Solomon offered up three times in the year whole burnt offerings and peace offerings on the altar that he built to the Lord and was burning incense before the Lord and finished the house. And these were the rulers set over the works of Solomon, three thousand six hundred overseers of the people doing the works. And he built Assour and Magdo and Gazer and upper Baithoron and Baalath. But after he built the house of the Lord and the wall of Ierousalem all around, after these things he built these cities. And while David was still living he commanded Solomon, saying, Behold, with you is Semei son of Gera, son of the seed of the Jeminaian from Chebron. He cursed me with a grievous curse on the day when I was going to the Camps, and he came down to meet me at the Jordan, and I swore to him by the Lord, saying, He shall not be put to death by the sword. And now do not hold him guiltless, because you are a prudent man and you will know what you will do to him, and you will bring his gray hair down in blood to Hades.","And the king appointed Banæas son of Jodae in his place over the host; and the kingdom was established in Jerusalem; and as for Sadoc the priest, the king appointed him to be high priest in the room of Abiathar. And Solomon son of David reigned over Israel and Juda in Jerusalem:",pending,,
2,Exodus 20:24,Exodus,high,25,"theology, ritual, kingship, textual/lexical","decisions=2; footnotes=2; importance=high; keywords=altar, name, peace, sacrifice, salvation","""You shall make me an altar of earth, and upon it you shall sacrifice your whole burnt offerings and your offerings of salvation, your sheep and your calves. In every place where I name my name, there I will come to you and bless you.""","Ye shall make to me an altar of earth; and upon it ye shall sacrifice your whole burnt-offerings, and your peace-offerings, and your sheep and your calves in every place, where I shall record my name; and I will come to thee and bless thee.",pending,,
3,1 Kings 12:24,1 Kings,high,22,"theology, anthropology, kingship","decisions=1; footnotes=1; importance=high; keywords=being, god, king, lord, name, servant","Thus says the Lord: You shall not go up nor fight with your brothers, sons of Israel. Let each return to his own house, because this word has happened from me. And they heard the word of the Lord and stopped from going according to the word of the Lord. And King Solomon sleeps with his fathers and is buried with his fathers in the City of David, and Roboam his son reigned in place of him in Ierousalem, being sixteen years old when he began to reign, and he reigned twelve years in Ierousalem, and the name of his mother was Naanan daughter of Anan son of Naas king of the sons of Ammon, and he did evil before the Lord and did not walk in the way of David his father. And there was a man from the hill country of Ephraim, servant to Solomon, and his name was Ieroboam, and his mother's name was Sarira, a prostitute woman, and Solomon gave him as chief officer of the staff over the burdens of the house of Ioseph, and he built for Solomon Sarira in the hill country of Ephraim, and he had three hundred chariots of horses. This one built the citadel among the burdens of the house of Ephraim. This one closed up the City of David and was being lifted up against the kingdom. And Solomon sought to put him to death, and he feared and fled to Sousakim king of Egypt and was with him until Solomon died. And Ieroboam heard in Egypt that Solomon died, and he spoke into the ears of Sousakim king of Egypt, saying, Send me away, and I will depart to my land. And Sousakim said to him, Ask what request and I will give it to you. And Sousakim gave to Ieroboam the elder sister of Thekemina, his own wife, for a wife. She was great among the daughters of the king and bore to Ieroboam Abia his son. And Ieroboam said to Sousakim, Truly send me away, and I will depart. And Ieroboam went out from Egypt and came to the land of Sarira in the hill country of Ephraim and gathered there all the scepter of Ephraim and built a fort there. And his young child became very sick with a very severe sickness, and Ieroboam went to inquire concerning the child, and he said to Ano his wife, Rise and go inquire of God concerning the child, whether he will live from his sickness. And there was a man in Selom, and his name was Achias, and he was sixty years old, and the word of the Lord was with him. And Ieroboam said to his wife, Rise and take in your hand to the man of God loaves and cakes for his children and grapes and a jar of honey. And the woman rose and took in her hand loaves and two cakes and grapes and a jar of honey for Achias, and the man was old and his eyes were dim from seeing. And she rose from Sarira and went. And it came to be when she entered the city to Achias the Selonite, Achias said to his young servant, Go out now to meet Ano wife of Ieroboam and say to her, Come in and do not stand still, because thus says the Lord: Hard things I am sending upon you. And Ano entered to the man of God, and Achias said to her, Why have you brought me loaves and grapes and cakes and a jar of honey? Thus says the Lord: Behold, you will depart from me, and it will be when you enter the gate into Sarira and your maidens come out to meet you and say to you, The child has died, because thus says the Lord: Behold, I will destroy from Ieroboam one urinating against a wall, and those dying of Ieroboam in the city dogs will devour, and the one dying in the field the birds of heaven will devour, and for the child they will mourn. Alas, Lord, because a good word concerning the Lord was found in him. And the woman departed when she heard, and it came to be when she entered into Sarira, the child died and the cry went out to meet her. And Ieroboam went to Sikima in the hill country of Ephraim and gathered there the tribes of Israel, and Roboam son of Solomon went up there. And the word of the Lord came to Samaias the Elamite, saying, Take for yourself a new garment not yet entered into water and tear it into twelve pieces, and give them to Ieroboam and say to him, Thus says the Lord: Take for yourself ten pieces to put on, and Ieroboam took them, and Samaias said, Thus says the Lord concerning the ten tribes of Israel. And the people said to Roboam son of Solomon, Your father made his yoke heavy upon us and made the foods of his table heavy. And now, if you lighten things upon us, we will serve you. And Roboam said to the people, In three days I will answer you a word. And he said, Bring in to me the elders and I will take counsel with them what word I should answer the people on the third day. And Roboam spoke into their ears, just as the people sent to him, and the elders said, Thus the people spoke to you. And Roboam scattered their counsel, and it was not pleasing before him, and he sent and brought in his companions and spoke these same things to them: Thus the people sent to me. And his companions said, Thus you will speak to the people, saying, My littleness is thicker than my father's loin. My father whipped you with whips, but I will rule you with scorpions. And the word was pleasing before Roboam, and he answered the people just as his companions, the young men, counseled him. And all the people cried out as one man, each to his neighbor, and they all cried aloud, saying, There is no share for us in David and no inheritance in the son of Iessai. To your tents, Israel, because this man is not for ruler nor for leader. And all the people were scattered from Sikim and each went to his tent, and Roboam prevailed and went and mounted his chariot and entered into Ierousalem, and all the scepter of Iouda and all the scepter of Benjamin went after him. And it came to be at the turn of the year, and Roboam gathered all the men of Iouda and Benjamin and went up to war against Ieroboam at Sikima. And the word of the Lord came to Samaias the man of God, saying, Speak to Roboam king of Iouda and to all the house of Iouda and Benjamin and to the remnant of the people, saying, Thus says the Lord: You shall not go up nor fight against your brothers the sons of Israel. Return each to his house, because this word has happened from me. And they heard the word of the Lord and held back from going according to the word of the Lord.","Thus saith the Lord, Ye shall not go up, neither shall ye fight with your brethren the sons of Israel: return each man to his own home; for this thing is from me; and they hearkened to the word of the Lord, and they ceased from going up, according to the word of the Lord.",pending,,
4,Genesis 1:2,Genesis,high,21,"anthropology, textual/lexical","decisions=4; footnotes=1; importance=high; keywords=abyss, god, spirit, wind","Now the earth was unseen and unformed, darkness was over the abyss, and a wind from God was moving over the water.","But the earth was unsightly and unfurnished, and darkness was over the deep, and the Spirit of God moved over the water.",pending,,
5,2 Samuel 14:17,2 Samuel,high,20,"theology, ritual, kingship","decisions=1; footnotes=1; importance=high; keywords=angel, god, king, lord, sacrifice","And the woman said, Let the word of my lord the king now be for sacrifice, because as an angel of God so is my lord the king, to hear the good and the evil, and the Lord your God will be with you.","And the woman said, If now the word of my lord the king be gracious,—well: for as an angel of God, so is my lord the king, to hear good and evil: and the Lord thy God shall be with thee.",pending,,
6,Genesis 2:7,Genesis,high,19,"anthropology, textual/lexical","decisions=2; footnotes=1; importance=high; keywords=being, god, soul","And God formed the human from dust of the earth and breathed into his face the breath of life, and the human became a living being.","And God formed the man of dust of the earth, and breathed upon his face the breath of life, and the man became a living soul.",pending,,
7,Joshua 9:2,Joshua,medium,19,"covenant/law, ritual, kingship","importance=medium; keywords=altar, covenant, god, law, lord, sacrifice","they gathered together at one place to make war with Joshua and Israel together, all of them. Then Joshua built an altar to the Lord God of Israel on Mount Gaibal, just as Moses servant of the Lord commanded the sons of Israel, as it is written in the law of Moses, an altar of whole stones on which no iron was placed, and he brought up whole burnt offerings there to the Lord and a sacrifice of salvation. And Joshua wrote on the stones the second law of Moses, the law that he wrote before the sons of Israel. And all Israel and their elders and their judges and their scribes were passing on this side and on that side of the ark opposite it, and the priests and the Levites carried the ark of the covenant of the Lord, and the proselyte and the native-born, those half near Mount Garizin and those half near Mount Gaibal, just as Moses servant of the Lord commanded, to bless the people at the first. And after these things Joshua thus read all the words of this law, the blessings and the curses, according to everything written in the law of Moses. There was no word of all that Moses commanded Joshua that Joshua did not read into the ears of the whole assembly of the sons of Israel, to the men and the women and the children and the proselytes who went along with Israel.",they came all together at the same time to make war against Joshua and Israel.,pending,,
8,1 Samuel 20:42,1 Samuel,high,18,"theology, anthropology, kingship","decisions=1; footnotes=1; importance=high; keywords=lord, name, peace, seed","And Iōnathan said, Go in peace, and as we two swore in the name of the Lord, saying, The Lord will be witness between me and you and between my seed and between your seed forever.","And Jonathan said to David, Go in peace, and as we have both sworn in the name of the Lord, saying, The Lord shall be witness between me and thee, and between my seed and thy seed for ever—even so let it be.",pending,,
9,Deuteronomy 2:30,Deuteronomy,high,18,"anthropology, kingship","decisions=1; footnotes=1; importance=high; keywords=god, king, lord, spirit","And Sihon king of Heshbon was not willing to let us pass through him, because the Lord our God hardened his spirit and strengthened his heart, so that he might be handed into your hands, as at this day.","And Seon king of Esebon would not that we should pass by him, because the Lord our God hardened his spirit, and made his heart stubborn, that he might be delivered into thy hands, as on this day.",pending,,
10,Exodus 28:30,Exodus,high,18,"theology, covenant/law, ritual","decisions=1; footnotes=1; importance=high; keywords=holy, judgment, lord, truth","And you shall put on the breastpiece of judgments the Manifestation and the Truth, and it shall be on Aaron's chest when he goes into the holy place before the Lord. And Aaron shall bear the judgments of the sons of Israel upon his chest before the Lord continually.","and thou shalt put the two circlets on both the shoulders of the ephod in front. And thou shalt put the Manifestation and the Truth on the oracle of judgment; and it shall be on the breast of Aaron, when he goes into the holy place before the Lord; and Aaron shall bear the judgments of the children of Israel on his breast before the Lord continually.",pending,,
11,Exodus 3:2,Exodus,high,18,"theology, anthropology","decisions=1; footnotes=1; importance=high; keywords=angel, being, lord, messenger","Then a messenger of the Lord appeared to him in a flame of fire out of the bush. And he sees that the bush burns with fire, but the bush was not being consumed.","And an angel of the Lord appeared to him in flaming fire out of the bush, and he sees that the bush burns with fire,—but the bush was not consumed.",pending,,
12,Exodus 6:3,Exodus,high,18,"theology, anthropology","decisions=1; footnotes=1; importance=high; keywords=being, god, lord, name","And I appeared to Abraham and Isaac and Jacob as their God, but my name, Lord, I did not make known to them.","And I appeared to Abraam and Isaac and Jacob, being their God, but I did not manifest to them my name Lord.",pending,,
13,Genesis 18:19,Genesis,high,18,covenant/law,"decisions=1; footnotes=1; importance=high; keywords=judgment, justice, lord, righteousness","For I knew him, that he will direct his sons and his house after him, and they will keep the ways of the Lord, to do righteousness and judgment, so that the Lord may bring upon Abraham all that he spoke to him.","For I know that he will order his sons, and his house after him, and they will keep the ways of the Lord, to do justice and judgment, that the Lord may bring upon Abraam all things whatsoever he has spoken to him.",pending,,
14,Genesis 24:27,Genesis,high,18,"theology, covenant/law","decisions=1; footnotes=1; importance=high; keywords=god, lord, righteousness, truth","Blessed be the Lord, the God of my lord Abraham, who has not withheld his righteousness and his truth from my lord. And the Lord guided me well to the house of my lord's brother.","and said, Blessed be the Lord the God of my master Abraam, who has not suffered his righteousness to fail, nor his truth from my master, and the Lord has brought me prosperously to the house of the brother of my lord.",pending,,
15,Genesis 32:10,Genesis,high,18,"theology, covenant/law, kingship","decisions=1; importance=high; keywords=god, lord, righteousness, servant, truth","Let there be enough for me from all the righteousness and from all the truth that you did for your servant, for with this staff I crossed this Jordan, and now I have become two camps.","And Jacob said, God of my father Abraam, and God of my father Isaac, O Lord, thou art he that said to me, Depart quickly to the land of thy birth, and I will do thee good.",pending,,
16,Leviticus 18:21,Leviticus,high,18,"theology, anthropology, ritual, kingship","decisions=1; footnotes=1; importance=high; keywords=holy, lord, name, seed","And from your seed you shall not give to serve a ruler, and you shall not profane my holy name. I am the Lord.",And thou shalt not give of thy seed to serve a ruler; and thou shalt not profane my holy name; I am the Lord.,pending,,
17,Leviticus 24:22,Leviticus,high,18,covenant/law,"decisions=1; footnotes=1; importance=high; keywords=god, judgment, lord, righteous","One righteous judgment shall be for the newcomer and for the native-born, because I am the Lord your God.","There shall be one judgment for the stranger and the native, for I am the Lord your God.",pending,,
18,Leviticus 2:13,Leviticus,high,18,"covenant/law, ritual","decisions=1; footnotes=1; importance=high; keywords=covenant, god, lord, sacrifice",And every gift of your sacrifice shall be salted with salt. You shall not let the salt of the covenant of the Lord cease from your sacrifices. On every gift of yours you shall bring salt to the Lord your God.,And every gift of your sacrifice shall be seasoned with salt; omit not the salt of the covenant of the Lord from your sacrifices: on every gift of yours ye shall offer salt to the Lord your God.,pending,,
19,Leviticus 3:1,Leviticus,high,18,"ritual, kingship","decisions=1; footnotes=1; importance=high; keywords=lord, peace, sacrifice, salvation","And if his gift to the Lord is a sacrifice of salvation, if he brings it from the cattle, whether male or female, he shall bring it without blemish before the Lord.","And if his gift to the Lord be a peace-offering, if he should bring it of the oxen, whether it be male or whether it be female, he shall bring it unblemished before the Lord.",pending,,
20,Leviticus 4:3,Leviticus,high,18,"covenant/law, ritual, kingship","decisions=1; footnotes=1; importance=high; keywords=anointed, lord, priest, sin","if the anointed high priest sins so as to make the people sin, then he shall bring for his sin that he sinned a calf from the cattle, without blemish, to the Lord for his sin.","if the anointed priest sin so as to cause the people to sin, then shall he bring for his sin, which he has sinned, an unblemished calf of the herd to the Lord for his sin.",pending,,
21,Leviticus 5:15,Leviticus,high,18,"theology, anthropology, covenant/law, ritual","decisions=1; footnotes=1; importance=high; keywords=holy, lord, sin, soul","If a person is overtaken by forgetfulness and sins unintentionally in the holy things of the Lord, then he shall bring for his trespass to the Lord a ram without blemish from the sheep, valued in silver shekels by the sanctuary shekel, for the thing in which he trespassed.","The soul which shall be really unconscious, and shall sin unwillingly in any of the holy things of the Lord, shall even bring to the Lord for his transgression, a ram of the flock without blemish, valued according to shekels of silver according to the shekel of the sanctuary, for his transgression wherein he transgressed.",pending,,
22,Numbers 18:19,Numbers,high,18,"theology, anthropology, covenant/law, ritual, kingship","decisions=1; footnotes=1; importance=high; keywords=covenant, holy, lord, seed","All the contributions of the holy things, whatever the sons of Israel remove for the Lord, I have given to you and to your sons and your daughters with you, an everlasting statute. It is a covenant of everlasting salt before the Lord for you and for your seed after you.","Every special offering of the holy things, whatsoever the children of Israel shall specially offer to the Lord, I have given to thee and to thy sons and to thy daughters with thee, a perpetual ordinance: it is a covenant of salt for ever before the Lord, for thee and thy seed after thee.",pending,,
23,Numbers 22:22,Numbers,high,18,theology,"decisions=1; footnotes=1; importance=high; keywords=angel, god, lord, messenger","And God was enraged in anger because he went, and the messenger of God rose up to oppose him. And he was riding on his donkey, and his two servants were with him.","And God was very angry because he went; and the angel of the Lord rose up to withstand him. Now he had mounted his ass, and his two servants were with him.",pending,,
24,Genesis 1:5,Genesis,high,17,"anthropology, textual/lexical","decisions=2; footnotes=1; importance=high; keywords=day one, god","And God called the light Day, and the darkness he called Night. And evening came, and morning came: day one.","And God called the light Day, and the darkness he called Night, and there was evening and there was morning, the first day.",pending,,
25,1 Kings 16:28,1 Kings,high,16,"theology, kingship","decisions=1; footnotes=1; importance=high; keywords=king, lord, name","And Ambri slept with his fathers and was buried in Samaria, and Achaab his son reigned in place of him. And in the eleventh year of Ambri, Iosaphat son of Asa reigned, thirty-five years old in his reign, and he reigned twenty-five years in Ierousalem, and his mother's name was Gazouba daughter of Selei. And he walked in the way of Asa his father and did not turn aside from it, doing what was right before the Lord, except the high places they did not remove; they sacrificed on the high places and burned incense. And the rest of the alliances that Iosaphat made and all the dominion that he exercised and those against whom he fought, behold, are these not written in the Book of the Matters of the Days of the kings of Iouda? And the rest of the entanglements that were imposed in the days of Asa his father he removed from the land. And there was no king in Syria, only a deputy. And King Iosaphat made a ship for Tharsis to go to Sophir for gold, and it did not go because the ship was broken at Gasiongaber. Then the king of Israel said to Iosaphat, I will send your servants and my servants in the ship, and Iosaphat was not willing. And Iosaphat slept with his fathers and was buried with his fathers in the City of David, and Ioram his son reigned in place of him.","And Ambri slept with his fathers, and is buried in Samaria; and Achaab his son reigns in his stead.",pending,,
26,1 Kings 2:46,1 Kings,high,16,"ritual, kingship","decisions=1; footnotes=1; importance=high; keywords=king, peace, priest","And King Solomon commanded Banaias son of Iodae, and he went out and struck him and he died. And King Solomon was very understanding and wise, and Iouda and Israel were exceedingly many, like the sand on the sea in multitude, eating and drinking and rejoicing. And Solomon was ruler over all the kingdoms, and they were bringing gifts and serving Solomon all the days of his life. And Solomon began opening the domains of Lebanon. And he built Thermai in the wilderness. And this was Solomon's provision: thirty cors of fine flour and sixty cors of beaten flour, ten choice calves and twenty pasture-fed cattle and one hundred sheep, besides deer and gazelles and choice fatted birds. For he was ruler over everything beyond the river, from Raphi to Gaza, over all the kings beyond the river. And he had peace from all his sides all around, and Iouda and Israel lived trusting, each under his vine and under his fig tree, eating and drinking, from Dan to Bersabee, all the days of Solomon. And these were the chiefs of Solomon: Azariou son of Sadok the priest, and Orniou son of Nathan, chief of the overseers, and Edram over his house, and Souba secretary, and Basa son of Achithalam recorder, and Abi son of Ioab commander in chief, and Achire son of Edrai over the levies, and Banaia son of Iodae over the court guard and over the brickwork, and Zachour son of Nathan the counselor. And Solomon had forty thousand brood mares for chariots and twelve thousand horsemen. And he was ruler in all the kingdoms from the river to the land of the foreigners and to the borders of Egypt. Solomon son of David reigned over Israel and Iouda in Ierousalem.","And Solomon commanded Banæas the son of Jodae, and he went forth and slew him.",pending,,
27,1 Kings 8:53,1 Kings,high,16,kingship,"decisions=1; footnotes=1; importance=high; keywords=god, lord, servant","because you set them apart to yourself for an inheritance from all the peoples of the earth, just as you spoke by the hand of your servant Moyses, when you brought out our fathers from the land of Egypt, O Lord, Lord. Then Solomon spoke concerning the house, as he finished building it: The sun the Lord made known in heaven. He said he would dwell in gloom. Build my house, a splendid house for yourself, for dwelling in newness. Behold, is not this written in the Book of the Song?","Because thou hast set them apart for an inheritance to thyself out of all the nations of the earth, as thou spokest by the hand of thy servant Moses, when thou broughtest our fathers out of the land of Egypt, O Lord God.—",pending,,
28,1 Samuel 30:6,1 Samuel,high,16,anthropology,"decisions=1; footnotes=1; importance=high; keywords=god, lord, soul","And David was greatly distressed, because the people spoke of stoning him, because the soul of all the people was bitter, each for his sons and for his daughters. And David strengthened himself in the Lord his God.","And David was greatly distressed, because the people spoke of stoning him, because the soul of all the people was grieved, each for his sons and his daughters: but David strengthened himself in the Lord his God.",pending,,
29,2 Kings 1:18,2 Kings,high,16,"covenant/law, ritual, kingship","decisions=1; footnotes=1; importance=high; keywords=king, lord, sin","And the rest of the matters of Ochozias, what he did, behold, are these not written in the Book of the Matters of the Days of the kings of Israel? And Iōram son of Achaab reigned over Israel in Samaria twelve years, in the eighteenth year of Iosaphat king of Iouda. And he did evil before the Lord, yet not like his brothers nor like his mother. And he removed the pillars of Baal that his father made and shattered them. Yet in the sins of the house of Ieroboam, who made Israel sin, he clung and did not depart from them. And the anger of the Lord was enraged against the house of Achaab.","And the rest of the acts of Ochozias which he did, behold, are they not written in the book of the chronicles of the kings of Israel?",pending,,
30,2 Samuel 23:1,2 Samuel,high,16,kingship,"decisions=1; footnotes=1; importance=high; keywords=anointed, god, lord","And these are the last words of David: Faithful is David son of Iessai, and faithful the man whom the Lord raised up concerning the anointed of the God of Iakob, and beautiful are the psalms of Israel.",And these are the last words of David.,pending,,
31,2 Samuel 24:25,2 Samuel,high,16,"ritual, kingship","decisions=1; footnotes=1; importance=high; keywords=altar, lord, peace","And David built there an altar to the Lord and offered whole burnt offerings and peace offerings, and afterward Solomon added to the altar, because it had been small at first. And the Lord listened to the land, and the plague was restrained from over Israel.","And David built there an altar to the Lord, and offered up whole-burnt-offerings and peace-offerings: and Solomon made an addition to the altar afterwards, for it was little at first. And the Lord hearkened to the land, and the plague was stayed from Israel.",pending,,
32,2 Samuel 7:19,2 Samuel,high,16,"covenant/law, kingship","decisions=1; footnotes=1; importance=high; keywords=law, lord, servant","And this was made a very small thing before you, my Lord, O Lord, and you spoke concerning the house of your servant for a long way. And this is the law of the human, my Lord, O Lord.","Whereas I was very little before thee, O Lord, my Lord, yet thou spokest concerning the house of thy servant for a long time to come. And is this the law of man, O Lord, my Lord?",pending,,
33,Deuteronomy 3:24,Deuteronomy,high,16,kingship,"decisions=1; footnotes=1; importance=high; keywords=god, lord, servant","Lord, Lord, you began to show your servant your strength and your power and your mighty hand and your high arm. For what god is there in heaven or on earth who will do as you did and according to your strength?","Lord God, thou hast begun to shew to thy servant thy strength, and thy power, and thy mighty hand, and thy high arm: for what God is there in heaven or on the earth, who will do as thou hast done, and according to thy might?",pending,,
34,Deuteronomy 5:11,Deuteronomy,high,16,theology,"decisions=1; footnotes=1; importance=high; keywords=god, lord, name","You shall not take the name of the Lord your God on emptiness, because the Lord shall certainly not clear the one taking his name on emptiness.","Thou shalt not take the name of the Lord thy God in vain, for the Lord thy God will certainly not acquit him that takes his name in vain.",pending,,
35,Exodus 3:18,Exodus,high,16,"ritual, kingship","decisions=1; footnotes=1; importance=high; keywords=god, king, sacrifice","And they will listen to your voice, and you and the elders of Israel shall go in to Pharaoh king of Egypt, and you shall say to him, 'The God of the Hebrews has summoned us. Let us go then a journey of three days into the wilderness so that we may sacrifice to our God.'","And they shall hearken to thy voice, and thou and the elders of Israel shall go in to Pharao king of Egypt, and thou shalt say to him, The God of the Hebrews has called us; we will go then a journey of three days into the wilderness, that we may sacrifice to our God.",pending,,
36,Exodus 4:11,Exodus,high,16,anthropology,"decisions=1; footnotes=1; importance=high; keywords=being, god, lord","And the Lord said to Moses, 'Who gave a mouth to a human being? And who made one hard of hearing and deaf, seeing and blind? Is it not I, God?'","And the Lord said to Moses, Who has given a mouth to man, and who has made the very hard of hearing, and the deaf, the seeing and the blind? have not I, God?",pending,,
37,Numbers 12:8,Numbers,high,16,"theology, kingship","decisions=1; footnotes=1; importance=high; keywords=glory, lord, servant","Mouth to mouth I will speak to him, in visible form and not by riddles, and he has seen the glory of the Lord. And why were you not afraid to speak against my servant Moses?","I will speak to him mouth to mouth apparently, and not in dark speeches; and he has seen the glory of the Lord; and why were ye not afraid to speak against my servant Moses?",pending,,
38,Numbers 5:18,Numbers,high,16,ritual,"decisions=1; footnotes=1; importance=high; keywords=lord, priest, sacrifice","And the priest shall set the woman before the Lord and uncover the woman's head and put upon her hands the sacrifice of memorial, the sacrifice of jealousy. And in the priest's hand shall be the water of reproof, this cursed water.","And the priest shall cause the woman to stand before the Lord, and shall uncover the head of the woman, and shall put into her hands the sacrifice of memorial, the sacrifice of jealousy; and in the hand of the priest shall be the water of this conviction that brings the curse.",pending,,
39,Numbers 7:89,Numbers,high,16,theology,"decisions=1; footnotes=1; importance=high; keywords=god, lord, mercy","When Moses entered into the tent of testimony to speak with him, he heard the voice of the Lord speaking to him from above the mercy seat that is upon the ark of testimony, from between the two cherubim, and he spoke to him.","When Moses went into the tabernacle of witness to speak to God, then he heard the voice of the Lord speaking to him from off the mercy-seat, which is upon the ark of the testimony, between the two cherubs; and he spoke to him.",pending,,
40,Numbers 9:13,Numbers,high,16,"anthropology, covenant/law, ritual","decisions=1; footnotes=1; importance=high; keywords=lord, sin, soul","But the man who is clean and is not on a far journey and yet neglects to keep the Passover, that soul shall be cut off from its people, because he did not bring the Lord's gift at its appointed time. That man shall bear his sin.","And whatsoever man shall be clean, and is not far off on a journey, and shall fail to keep the passover, that soul shall be cut off from his people, because he has not offered the gift to the Lord in its season: that man shall bear his iniquity.",pending,,
41,1 Chronicles 22:19,1 Chronicles,medium,15,"theology, anthropology, covenant/law, ritual","importance=medium; keywords=being, covenant, god, holy, lord, name","Now give your hearts and your souls to seek Lord your God, and rise and build sanctuary to Lord your God, to bring ark of covenant of Lord and holy vessels of God into house being built for name of Lord.","Now set your hearts and souls to seek after the Lord your God: and rise, and build a sanctuary to your God to carry in the ark of the covenant of the Lord, and the holy vessels of God, into the house that is to be built to the name of the Lord.",pending,,
42,1 Samuel 2:10,1 Samuel,medium,15,"theology, covenant/law, ritual, kingship","importance=medium; keywords=anointed, holy, judgment, justice, lord, righteousness","The Lord will make his adversary weak; the Lord is holy. Let not the wise boast in his wisdom, and let not the strong boast in his strength, and let not the rich boast in his wealth, but in this let the boasting one boast: to understand and know the Lord and to do judgment and righteousness in the midst of the earth. The Lord went up into the heavens and thundered; he will judge the ends of the earth and gives strength to our kings and will lift up the horn of his anointed.","The Lord will weaken his adversary; the Lord is holy. Let not the wise man boast in his wisdom, nor let the mighty man boast in his strength, and let not the rich man boast in his wealth; but let him that boasts boast in this, to understand and know the Lord, and to execute judgment and justice in the midst of the earth. The Lord has gone up to the heavens, and has thundered: he will judge the extremities of the earth, and he gives strength to our kings, and will exalt the horn of his Christ.",pending,,
43,2 Chronicles 35:19,2 Chronicles,medium,15,"theology, anthropology, covenant/law, ritual, kingship","importance=medium; keywords=king, law, lord, name, priest, soul","In eighteenth year of reign of Iōsias. And king Iōsias burned the ventriloquists and the knowing ones and the theraphin and the idols and the carved things which were in land of Iouda and in Ierousalem, so that he might establish words of law written in book which Chelkias the priest found in house of Lord. None like him came to be before him, who turned to Lord with all his heart and with all his soul and with all his strength according to all law of Mōusēs, and after him none arose like him. Yet Lord did not turn from greatness of anger of his wrath with which Lord was angered in Iouda because of all provocations with which Manassēs provoked him. And Lord said, I will also remove Iouda from my face, as I removed Israel, and I rejected city which I chose, Ierousalem, and house of which I said, My name shall be there.","In the eighteenth year of the reign of Josias this passover was kept, after all these things that Josias did in the house.",pending,,
44,2 Chronicles 9:8,2 Chronicles,medium,15,"covenant/law, kingship","importance=medium; keywords=god, judgment, justice, king, lord, righteousness","Let Lord your God be blessed, who desired you to give you upon his throne as king for Lord your God. Because Lord your God loved Israel to establish him forever, he gave you over them as king to do judgment and righteousness.","Blessed be the Lord thy God, who took pleasure in thee, to set thee upon his throne for a king, to the Lord thy God: forasmuch as the Lord thy God loved Israel to establish them for ever, therefore he has set thee over them for a king to execute judgment and justice.",pending,,
45,Daniel 4:37,Daniel,medium,15,"theology, anthropology, ritual, kingship","importance=medium; keywords=god, holy, king, lord, sacrifice, soul","I confess and praise the Most High, the one who made heaven and earth and seas and rivers and all in them. I confess and praise because he is God of gods and Lord of lords and King of kings, because he works signs and wonders and changes times and seasons, removing kingdom from kings and setting others in their place. From now on I will serve him, and fear of him has seized me, and I praise all his holy ones. Gods of nations have no power in themselves to turn kingdom of a king to another king, or to kill and make alive, or to do great and fearsome signs and wonders, or to change exceedingly great things, as God of heaven did in me and changed great things upon me. All days of my kingdom I will offer sacrifices concerning my soul to the Most High as sweet smell to the Lord, and I and my people and my nation and my lands under my authority will do what is pleasing before him. And whoever speaks against God of heaven, and whoever is caught speaking, I will condemn to death. King Nebuchadnezzar wrote a circular letter to all nations and lands and languages dwelling in all regions and generations: Praise Lord God of heaven and offer sacrifice and offering to him gloriously. I, king of kings, confess him gloriously, because this day he has done thus with me and seated me on my throne, and my authority and kingdom were restored to me. It seemed good to me to show you and your wise men that there is a God and his wonders are great. His kingdom is a kingdom forever, his authority from generations to generations. And he sent letters concerning all things that happened to him in his kingdom to all nations under his kingdom.",,pending,,
46,Joshua 22:29,Joshua,medium,15,"anthropology, ritual, kingship","importance=medium; keywords=altar, being, lord, peace, sacrifice, salvation","May it never be for us to turn away from the Lord in these days, to revolt from the Lord, so as to build for ourselves an altar for offerings and sacrifices of well-being and the sacrifice of salvation besides the altar of the Lord that is before his tent.","Far be it from us therefore that we should turn away from the Lord this day so as to apostatize from the Lord, so as that we should build an altar for burnt-offerings, and for peace-offerings, besides the altar of the Lord which is before his tabernacle.",pending,,
47,1 Kings 3:9,1 Kings,high,14,"covenant/law, kingship","decisions=1; footnotes=1; importance=high; keywords=righteousness, servant","And you will give your servant a heart that hears and discerns your people in righteousness, to understand between good and evil. For who will be able to judge this heavy people of yours?","Thou shalt give therefore to thy servant a heart to hear and to judge thy people justly, and to discern between good and evil: for who will be able to judge this thy great people?",pending,,
48,1 Samuel 10:6,1 Samuel,high,14,anthropology,"decisions=1; footnotes=1; importance=high; keywords=lord, spirit","And the Spirit of the Lord will rush upon you, and you will prophesy with them, and you will be turned into another man.","And the Spirit of the Lord shall come upon thee, and thou shalt prophesy with them, and shalt be turned into another man.",pending,,
49,1 Samuel 12:17,1 Samuel,high,14,kingship,"decisions=1; footnotes=1; importance=high; keywords=king, lord","Is it not wheat harvest today? I will call upon the Lord, and he will give voices and rain, and know and see that your evil is great, which you did before the Lord, asking a king for yourselves.","Is it not wheat-harvest to-day? I will call upon the Lord, and he shall send thunder and rain; and know ye and see, that your wickedness is great which ye have wrought before the Lord, having asked for yourselves a king.",pending,,
50,1 Samuel 15:22,1 Samuel,high,14,ritual,"decisions=1; footnotes=1; importance=high; keywords=lord, sacrifice","And Samouēl said, Is it acceptable to the Lord, whole burnt offerings and sacrifices, as hearing the voice of the Lord? Behold, hearing is better than sacrifice, and listening than the fat of rams.","And Samuel said, Does the Lord take pleasure in whole-burnt-offerings and sacrifices, as in hearing the words of the Lord? behold, obedience is better than a good sacrifice, and hearkening than the fat of rams.",pending,,
51,2 Chronicles 33:16,2 Chronicles,low,14,"ritual, kingship","importance=low; keywords=altar, god, lord, peace, sacrifice, salvation","And he restored altar of Lord and sacrificed upon it sacrifice of salvation and of praise, and told Iouda to serve Lord God of Israel.","And he repaired the altar of the Lord, and offered upon it a sacrifice of peace-offering and thank-offering, and he told Juda to serve the Lord God of Israel.",pending,,
52,2 Samuel 12:13,2 Samuel,high,14,"covenant/law, ritual","decisions=1; footnotes=1; importance=high; keywords=lord, sin","And David said to Nathan, I have sinned against the Lord. And Nathan said to David, And the Lord has caused your sin to pass over; you certainly will not die.","And David said to Nathan, I have sinned against the Lord. And Nathan said to David, And the Lord has put away thy sin; thou shalt not die.",pending,,
53,2 Samuel 15:6,2 Samuel,high,14,"covenant/law, kingship","decisions=1; footnotes=1; importance=high; keywords=judgment, king","And Abessalōm did according to this word to all Israel who were coming for judgment to the king, and Abessalōm was stealing the heart of the men of Israel.",And Abessalom did after this manner to all Israel that came to the king for judgment; and Abessalom gained the hearts of the men of Israel.,pending,,
54,Deuteronomy 1:31,Deuteronomy,high,14,textual/lexical,"decisions=1; footnotes=1; importance=high; keywords=god, lord","and in this wilderness which you saw, how the Lord your God carried you as someone would carry his son, throughout all the road that you traveled until you came to this place.","and in this wilderness which ye saw, by the way of the mountain of the Amorite; how the Lord thy God will bear thee as a nursling, as if any man should nurse his child, through all the way which ye have gone until ye came to this place.",pending,,
55,Deuteronomy 2:7,Deuteronomy,high,14,textual/lexical,"decisions=1; footnotes=1; importance=high; keywords=god, lord","For the Lord our God blessed you in every work of your hands. Know how you passed through that great and fearful wilderness. Behold, forty years the Lord your God is with you. You lacked no thing.","For the Lord our God has blessed thee in every work of thy hands. Consider how thou wentest through that great and terrible wilderness: behold, the Lord thy God has been with thee forty years; thou didst not lack any thing.",pending,,
56,Deuteronomy 4:24,Deuteronomy,high,14,textual/lexical,"decisions=1; footnotes=1; importance=high; keywords=god, lord","Because the Lord your God is a consuming fire, a jealous God.","For the Lord thy God is a consuming fire, a jealous God.",pending,,
57,Joshua 22:23,Joshua,low,14,"ritual, kingship","importance=low; keywords=altar, god, lord, peace, sacrifice, salvation","And if we built for ourselves an altar so as to turn away from the Lord our God, so as to offer on it sacrifices of whole burnt offerings or so as to make on it a sacrifice of salvation, the Lord himself shall require it.","And if we have built to ourselves an altar, so as to apostatize from the Lord our God, so as to offer upon it a sacrifice of whole-burnt-offerings, so as to offer upon it a sacrifice of peace-offering,—the Lord shall require it.",pending,,
58,Nehemiah 9:8,Nehemiah,low,14,"anthropology, covenant/law, ritual, kingship","importance=low; keywords=covenant, god, lord, righteous, salvation, seed","And now the Lord our God dealt gently with us, to leave us a remnant for salvation and give us a foothold in place of his sanctuary, to enlighten our eyes and give us a little reviving in our slavery.","and thou foundest his heart faithful before thee, and didst make a covenant with him to give to him and to his seed the land of the Chananites, and the Chettites, and Amorites, and Pherezites, and Jebusites, and Gergesites; and thou hast confirmed thy words, for thou art righteous.",pending,,
59,Psalms 83:12,Psalms,low,14,theology,"importance=low; keywords=glory, god, grace, lord, mercy, truth",Because Lord God loves mercy and truth; Lord will give grace and glory; he will not withhold good things from those walking in innocence.,,pending,,
60,1 Chronicles 16:40,1 Chronicles,medium,13,"covenant/law, ritual, kingship","importance=medium; keywords=altar, god, law, lord, servant","to offer whole burnt offerings to Lord on altar of whole burnt offerings continually, morning and evening, and according to all things written in law of Lord, whatever he commanded upon sons of Israel by hand of Moyses servant of God,","to offer up whole-burnt-offerings to the Lord on the altar of whole-burnt-offerings continually morning and evening, and according to all things written in the law of the Lord, which he commanded the children of Israel by Moses the servant of God.",pending,,
61,1 Chronicles 6:34,1 Chronicles,medium,13,"theology, ritual, kingship","importance=medium; keywords=altar, god, holy, lord, servant","And Aaron and his sons were burning incense upon the altar of the whole-burnt-offerings and upon the altar of incense for every work of the holy of holies and to make atonement for Israel, according to all that Moses child of God commanded.","And Aaron and his sons were to burn incense on the altar of whole-burnt-offerings, and on the altar of incense, for all the ministry in the holy of holies, and to make atonement for Israel, according to all things that Moses the servant of the Lord commanded.",pending,,
62,2 Kings 23:24,2 Kings,medium,13,"anthropology, covenant/law, ritual, kingship","importance=medium; keywords=king, law, lord, priest, spirit","And indeed the spirit-mediums and the knowers and the theraphin and the idols and all the abominations that had appeared in the land of Judah and in Jerusalem king Iōsias removed, to establish the words of the law written upon the book which Chelkias the priest found in the house of the Lord.","Moreover Josias removed the sorcerers, and the wizards, and the theraphin, and the idols, and all the abominations that had been set up in the land of Juda and in Jerusalem, that he might keep the words of the law that were written in the book, which Chelcias the priest found in the house of the Lord.",pending,,
63,Isaiah 49:7,Isaiah,medium,13,"theology, anthropology, ritual, kingship","importance=medium; keywords=god, holy, lord, servant, soul","Thus says Lord, one rescuing you, God of Israel: Sanctify one despising his own soul, one abhorred by nations, servant of rulers. Kings will see him and rise, rulers also, and will worship him, because of Lord, because Holy One of Israel is faithful, and I chose you.",,pending,,
64,Isaiah 54:10,Isaiah,medium,13,"theology, anthropology, covenant/law, kingship","importance=medium; keywords=being, covenant, lord, mercy, peace","Mountains may be moved and your hills shaken, but mercy from me will not fail you, nor covenant of your peace be moved, says Lord, being gracious to you.",,pending,,
65,Joshua 22:5,Joshua,medium,13,"anthropology, covenant/law, kingship","importance=medium; keywords=god, law, lord, servant, soul","Only take great care to do the commandments and the law that Moses the servant of the Lord commanded us to do: to love the Lord your God, to walk in all his ways, to keep his commandments, and to cling to him and serve him with all your mind and with all your soul.","But take great heed to do the commands and the law, which Moses the servant of the Lord commanded you to do; to love the Lord our God, to walk in all his ways, to keep his commands, and to cleave to him, and serve him with all your mind, and with all your soul.",pending,,
66,Joshua 24:19,Joshua,medium,13,"theology, anthropology, covenant/law, ritual","importance=medium; keywords=being, forgive, god, holy, lord","And Joshua said to the people, You will not be able to serve the Lord, because he is a holy God and zealous; he will not forgive your sins and your lawless deeds.","And Joshua said to the people, Indeed ye will not be able to serve the Lord, for God is holy; and he being jealous will not forgive your sins and your transgressions.",pending,,
67,Nehemiah 11:11,Nehemiah,medium,13,"theology, kingship","importance=medium; keywords=god, king, lord, name, servant","Please, Lord, let your ear be attentive to prayer of your servant and to prayer of your servants who desire to fear your name, and prosper your servant today and give him for compassions before this man. And I was cupbearer to the king.","Saraia, son of Elchia, son of Mesulam, son of Sadduc, son of Marioth, son of Aetoth, was over the house of God.",pending,,
68,Nehemiah 1:11,Nehemiah,medium,13,"theology, kingship","importance=medium; keywords=king, lord, mercy, name, servant","All the vessels, in gold and silver, were five thousand four hundred. Sasabasar brought them all up with those coming up from captivity, from Babylon to Ierousalem.","Turn not away, I pray thee, O Lord, but let thine ear be attentive to the prayer of thy servant, and to the prayer of thy servants, who desire to fear thy name: and prosper, I pray thee, thy servant this day, and cause him to find mercy in the sight of this man. Now I was the king's cup-bearer.",pending,,
69,Nehemiah 1:5,Nehemiah,medium,13,"theology, anthropology, covenant/law","importance=medium; keywords=covenant, god, lord, mercy, spirit","Then heads of father-houses of Iouda and Beniamin rose up, and priests and Levites, all whose spirit God stirred to go up to build house of the Lord in Ierousalem.","And I said, Nay, I pray thee, O Lord God of heaven, the mighty, the great and terrible, keeping thy covenant and mercy to them that love him, and to those that keep his commandments:",pending,,
70,Nehemiah 1:7,Nehemiah,medium,13,"covenant/law, kingship","importance=medium; keywords=covenant, god, king, lord, servant","And King Cyrus brought out vessels of house of the Lord, which Nabouchodonosor took from Ierousalem and placed in house of his god.","We have altogether broken covenant with thee, and we have not kept the commandments, and the ordinances, and the judgments, which thou didst command thy servant Moses.",pending,,
71,Zechariah 12:10,Zechariah,medium,13,"theology, anthropology, kingship","importance=medium; keywords=beloved, compassion, firstborn, grace, spirit","And I will pour out upon house of David and upon inhabitants of Jerusalem spirit of grace and compassion, and they will look toward me because they danced insultingly, and they will mourn for him with mourning as for beloved one and grieve over him as over firstborn.",,pending,,
72,1 Chronicles 16:35,1 Chronicles,low,12,"theology, ritual, kingship","importance=low; keywords=glory, god, holy, name, salvation","And say, Save us, God of our salvation, and deliver us from nations, to praise your holy name and to boast in your praises.","And say ye, Save us, O God of our salvation, and gather us, and rescue us from among the heathen, that we may praise thy holy name, and glory in thy praises.",pending,,
73,2 Chronicles 26:18,2 Chronicles,low,12,"theology, ritual, kingship","importance=low; keywords=glory, god, king, lord, sacrifice","And they stood against Ozia the king and said to him, Not for you, Ozia, to burn incense to Lord, but for priests, sons of Aaron, those sanctified to burn incense. Go out from sanctuary, because you rebelled from Lord, and this shall not be for glory to you from Lord God.","And they withstood Ozias the king, and said to him, It is not for thee, Ozias, to burn incense to the Lord, but only for the priests the sons of Aaron, who are consecrated to sacrifice: go forth of the sanctuary, for thou hast departed from the Lord; and this shall not be for glory to thee from the Lord God.",pending,,
74,2 Kings 2:9,2 Kings,high,12,anthropology,decisions=1; footnotes=1; importance=high; keywords=spirit,"And it came to be when they crossed over, Elijah said to Elisaie, Ask what I should do for you before I am taken up from you. And Elisaie said, Let a double share of your spirit now be upon me.","And it came to pass while they were crossing over, that Eliu said to Elisaie, Ask what I shall do for thee before I am taken up from thee. And Elisaie said, Let there be, I pray thee, a double portion of thy spirit upon me.",pending,,
75,Ezekiel 39:25,Ezekiel,low,12,"theology, ritual","importance=low; keywords=god, holy, lord, mercy, name",Therefore thus says Lord God: Now I will turn back captivity of Jacob and have mercy on house of Israel and be jealous for my holy name.,,pending,,
76,Ezra 6:12,Ezra,low,12,"theology, anthropology, kingship","importance=low; keywords=created, god, king, lord, name","And they answered us, saying, We are servants of Lord who created heaven and earth.","And may the God whose name dwells there, overthrow every king and people who shall stretch out his hand to alter or destroy the house of God which is in Jerusalem. I Darius have made a decree; let it be diligently attended to.",pending,,
77,Isaiah 12:2,Isaiah,low,12,"theology, ritual, kingship","importance=low; keywords=glory, god, lord, salvation, savior","Behold, my God my savior; Lord, I will trust in him and be saved in him, and I will not fear, because my glory and my praise = Lord, and he became salvation to me.",,pending,,
78,Isaiah 48:1,Isaiah,low,12,"theology, covenant/law","importance=low; keywords=god, lord, name, righteousness, truth","Hear these things, house of Jacob, those called by name of Israel and come out of Judah, swearing by name of Lord God of Israel, remembering not with truth nor with righteousness.",,pending,,
79,Isaiah 56:1,Isaiah,low,12,"theology, covenant/law, ritual, kingship","importance=low; keywords=judgment, lord, mercy, righteousness, salvation","Thus says Lord: Keep judgment. Do righteousness, because my salvation draws near to come and my mercy to be revealed.",,pending,,
80,Isaiah 5:16,Isaiah,low,12,"theology, covenant/law, ritual","importance=low; keywords=god, holy, judgment, lord, righteousness","And Lord Sabaoth will be exalted in judgment, and Holy God will be glorified in righteousness.",,pending,,
81,Jeremiah 23:5,Jeremiah,low,12,"covenant/law, kingship","importance=low; keywords=judgment, king, lord, righteous, righteousness","Behold, days come, says Lord, and I will raise for David righteous rising, and king will reign and understand and do judgment and righteousness upon earth.",,pending,,
82,Jeremiah 4:2,Jeremiah,low,12,"theology, covenant/law","importance=low; keywords=god, judgment, lord, righteousness, truth","and swears, As Lord lives, with truth and in judgment and in righteousness, then nations will bless in him and in him will praise God in Jerusalem.",,pending,,
83,Micah 5:3,Micah,low,12,"theology, kingship","importance=low; keywords=glory, god, lord, name, shepherd","And he will stand and see and shepherd his flock in strength of Lord and in glory of name of Lord their God. They will exist, because now he will be made great to ends of earth.",,pending,,
84,Nehemiah 8:9,Nehemiah,low,12,"theology, covenant/law, ritual","importance=low; keywords=god, holy, law, lord, priest","and from sons of Ioab, Abdia son of Iiel, and with him two hundred eighteen males;","And Neemias, and Esdras the priest and scribe, and the Levites, and they that instructed the people, spoke and said to all the people, It is a holy day to the Lord our God; do not mourn, nor weep. For all the people wept when they heard the words of the law.",pending,,
85,Psalms 113:9,Psalms,low,12,theology,"importance=low; keywords=glory, lord, mercy, name, truth","Not to us, Lord, not to us, but to your name give glory, upon your mercy and your truth.",,pending,,
86,Psalms 68:14,Psalms,low,12,"theology, ritual, kingship","importance=low; keywords=god, lord, mercy, salvation, truth","But I, with my prayer to you, Lord: time of good pleasure. O God, in multitude of your mercy hear me in truth of your salvation.",,pending,,
87,Psalms 78:9,Psalms,low,12,"theology, kingship","importance=low; keywords=glory, god, lord, name, savior","Help us, God our savior, for sake of glory of your name. Lord, rescue us and propitiate our sins for sake of your name.",,pending,,
88,Zechariah 7:9,Zechariah,low,12,"theology, covenant/law","importance=low; keywords=compassion, judgment, lord, mercy, righteous","Thus says Lord Almighty: Judge righteous judgment, and do mercy and compassion, each toward his brother.",,pending,,
89,1 Chronicles 15:29,1 Chronicles,medium,11,"anthropology, covenant/law, kingship","importance=medium; keywords=covenant, king, lord, soul","And it came to pass, ark of covenant of Lord came as far as City of Dauid, and Melchol daughter of Saul looked through window and saw king Dauid dancing and playing, and she despised him in her soul.","And the ark of the covenant of the Lord arrived, and came to the city of David; and Melchol the daughter of Saul looked down through the window, and saw king David dancing and playing: and she despised him in her heart.",pending,,
90,1 Chronicles 22:7,1 Chronicles,medium,11,"theology, anthropology","importance=medium; keywords=god, lord, name, soul","And Dauid said, Salomon, my child, it came upon my soul to build house to name of Lord God,","And David said to Solomon, My child, it was in my heart to build a house to the name of the Lord God.",pending,,
91,2 Chronicles 15:3,2 Chronicles,medium,11,"theology, covenant/law, ritual","importance=medium; keywords=god, law, priest, truth",And many days Israel was without true God and without priest showing way and without law.,"And Israel has been a long time without the true God, and without a priest to expound the truth, and without the law.",pending,,
92,2 Chronicles 6:16,2 Chronicles,medium,11,"covenant/law, kingship","importance=medium; keywords=god, law, lord, servant","And now, Lord God of Israel, keep for your servant Dauid my father what you spoke to him, saying, Man shall not fail for you from before me sitting on throne of Israel, if only your sons keep their way to walk in my law as you walked before me.","And now, Lord God of Israel, keep with thy servant David my father the things which thou spokest to him, saying, There shall not fail thee a man before me sitting on the throne of Israel, if only thy sons will take heed to their way to walk in my law, as thou didst walk before me.",pending,,
93,2 Kings 16:15,2 Kings,medium,11,"ritual, kingship","importance=medium; keywords=altar, king, priest, sacrifice","And king Achaz commanded Ourias the priest, saying, Upon the great altar offer the morning whole-burnt-offering and the evening sacrifice and the whole-burnt-offering of the king and his sacrifice and the whole-burnt-offerings of all the people of the land and their sacrifices and their drink-offerings, and pour on it all the blood of the whole-burnt-offering and all the blood of the sacrifice, but the bronze altar will be for me to inquire by.","And king Achaz charged Urias the priest, saying, Offer upon the great altar the whole-burnt-offering in the morning and the meat-offering in the evening, and the whole-burnt-offering of the king, and his meat-offering, and the whole-burnt-offering of all the people, and their meat-offering, and their drink-offering; and thou shalt pour all the blood of the whole-burnt-offering, and all the blood of any other sacrifice upon it: and the brazen altar shall be for me in the morning.",pending,,
94,2 Kings 17:34,2 Kings,medium,11,"theology, covenant/law","importance=medium; keywords=judgment, law, lord, name","Until this day they act according to their custom. They do not fear, and they do not act according to their ordinances and according to their judgment and according to the law and according to the commandment which the Lord commanded the sons of Iakōb, whom he named Israel.","Until this day they did according to their manner: they fear the Lord, and they do according to their customs, and according to their manner, and according to the law, and according to the commandment which the Lord commanded the sons of Jacob, whose name he made Israel.",pending,,
95,2 Kings 18:12,2 Kings,medium,11,"covenant/law, kingship","importance=medium; keywords=covenant, god, lord, servant","because they did not listen to the voice of the Lord their God and transgressed his covenant, all that Moses the servant of the Lord commanded, and they did not listen and did not do it.","because they hearkened not to the voice of the Lord their God, and transgressed his covenant, even in all things that Moses the servant of the Lord commanded, and hearkened not to them, nor did them.",pending,,
96,Amos 4:13,Amos,medium,11,"theology, anthropology","importance=medium; keywords=god, lord, name, spirit","Because behold, I am one establishing thunder and creating spirit and declaring to humans his Christ, making dawn and mist and stepping upon heights of the earth; Lord God Almighty is his name.",,pending,,
97,Amos 9:1,Amos,medium,11,"theology, anthropology, ritual","importance=medium; keywords=altar, being, lord, mercy","I saw the Lord standing upon the altar, and he said, Strike upon the mercy-seat, and the foregates will be shaken; cut through into heads of all, and the remnant of them I will kill with sword. No one fleeing from them will flee away, and no one being rescued from them will be saved.",,pending,,
98,Daniel 3:28,Daniel,medium,11,"theology, kingship","importance=medium; keywords=angel, god, king, lord","And king Nebuchadnezzar answered and said, Blessed is Lord God of Shadrach, Meshach, and Abednego, who sent his angel and saved his servants who hoped in him. For they set aside command of the king and gave their bodies over to burning so that they would not serve or worship another god except their own God.",,pending,,
99,Daniel 4:22,Daniel,medium,11,"theology, anthropology, ritual, kingship","importance=medium; keywords=being, god, holy, king","And as for that tree being lifted up and coming near heaven and its trunk touching clouds, you, king, were exalted above all humans on face of whole earth. Your heart was lifted up in pride, and in strength your works were shown against the Holy One and his angels, because you laid waste house of living God because of sins of his consecrated people.",,pending,,
100,Daniel 4:33,Daniel,medium,11,"anthropology, kingship","importance=medium; keywords=god, king, lord, soul","By morning all these things will be completed upon you, Nebuchadnezzar king of Babylon, and none of them will fail. I, Nebuchadnezzar king of Babylon, was bound for seven years; they fed me grass like an ox, and I ate from herbs of the earth. And after seven years I gave my soul to prayer and begged concerning my sins before Lord God of heaven, and concerning my ignorances I prayed to God of gods, the great one. And my hair became like eagle feathers, and my nails like those of a lion. My flesh was changed, and my heart; I walked naked among beasts of the earth. I saw a dream, and thoughts seized me, and after a time much sleep took me and drowsiness fell upon me.",,pending,,
101,Daniel 9:4,Daniel,medium,11,"theology, covenant/law","importance=medium; keywords=covenant, god, lord, mercy","And I prayed to Lord God and confessed and said, Behold, Lord, you are the great God and the mighty and fearsome one, keeping covenant and mercy for those loving you and keeping your commands.",,pending,,
102,Ezra 1:1,Ezra,medium,11,"anthropology, kingship","importance=medium; keywords=god, king, lord, spirit","And Iōsias brought Passover in Ierousalem to Lord his God, and sacrificed the Passover on fourteenth day of first month.","Now in the first year of Cyrus king of the Persians, that the word of the Lord by the mouth of Jeremias might be fulfilled, the Lord stirred up the spirit of Cyrus king of the Persians, and he issued a proclamation through all his kingdom, and that in writing, saying,",pending,,
103,Ezra 1:16,Ezra,medium,11,"ritual, kingship","importance=medium; keywords=altar, king, lord, sacrifice","And things of sacrifice of Lord were completed on that day, so that the Passover might be brought and sacrifices might be offered upon altar of Lord according to command of king Iōsias.",,pending,,
104,Ezra 6:8,Ezra,medium,11,"anthropology, kingship","importance=medium; keywords=being, god, king, lord","To king Darius, greetings in all things. Let it be known to our lord king that when we came into land of Ioudaia and entered Ierousalem city, we found elders of captivity of Ioudaioi in Ierousalem city building great new house to Lord from carved costly stones, timbers being laid in walls.","Also a decree has been made by me, if haply ye may do somewhat in concert with the elders of the Jews for the building of that house of God: to wit, out of the king's property, even the tributes beyond the river, let there be money to defray the expenses carefully granted to those men, so that they be not hindered.",pending,,
105,Haggai 1:14,Haggai,medium,11,"anthropology, ritual","importance=medium; keywords=god, lord, priest, spirit","Lord stirred spirit of Zerubbabel son of Salathiel from tribe of Judah, and spirit of Jeshua son of Josedek the great priest, and spirit of remnant of all people, and they entered and were doing works in house of Lord Almighty their God,",,pending,,
106,Haggai 2:9,Haggai,medium,11,"theology, anthropology, kingship","importance=medium; keywords=glory, lord, peace, soul","Latter glory of this house will be greater than first, says Lord Almighty, and in this place I will give peace, says Lord Almighty, and peace of soul for preservation to everyone building to raise this temple.",,pending,,
107,Jeremiah 33:16,Jeremiah,medium,11,"theology, covenant/law","importance=medium; keywords=god, judgment, lord, name","And rulers and all people said to priests and to false prophets, There is no judgment of death for this man, because in name of Lord our God he spoke to us.",,pending,,
108,Jeremiah 39:28,Jeremiah,medium,11,"anthropology, kingship","importance=medium; keywords=being, god, king, lord","Therefore thus said Lord God of Israel: This city in being given over will be handed into hands of king of Babylon, and he will take it.",,pending,,
109,Joshua 22:34,Joshua,medium,11,"theology, ritual","importance=medium; keywords=altar, god, lord, name","And Joshua named the altar of the Reubenites and the Gadites and the half tribe of Manasseh, and said, It is a witness between them that the Lord is their God.","And Joshua gave a name to the altar of the children of Ruben, and the children of Gad, and of the half tribe of Manasse; and said, It is a testimony in the midst of them, that the Lord is their God.",pending,,
110,Micah 6:7,Micah,medium,11,"anthropology, covenant/law, ritual, kingship","importance=medium; keywords=firstborn, lord, sin, soul","Will Lord accept thousands of rams or tens of thousands of torrents of fat? Shall I give my firstborn for impiety, fruit of my womb for sin of my soul?",,pending,,
111,Micah 6:8,Micah,medium,11,"theology, covenant/law","importance=medium; keywords=god, judgment, lord, mercy","It was told you, human, what good is, or what Lord seeks from you: but to do judgment and love mercy and be ready to walk with Lord your God.",,pending,,
112,Psalms 26:1,Psalms,medium,11,"anthropology, kingship","importance=medium; keywords=anointed, being, lord, savior","Of David, before being anointed. Lord my illumination and my savior; whom shall I fear? Lord defender of my life; from whom shall I be cowardly?",,pending,,
113,Psalms 30:6,Psalms,medium,11,"theology, anthropology","importance=medium; keywords=god, lord, spirit, truth","Into your hands I will entrust my spirit. You redeemed me, Lord, God of truth.",,pending,,
114,Amos 5:15,Amos,low,10,"theology, covenant/law","importance=low; keywords=god, judgment, lord, mercy","We hated evil things and loved good things, and restore judgment in gates, so that Lord God Almighty may show mercy to remnant of Joseph.",,pending,,
115,Daniel 4:23,Daniel,low,10,"theology, covenant/law","importance=low; keywords=angel, god, judgment, lord","And the vision you saw, that an angel in power was sent from Lord and said to remove the tree and cut it down, means judgment of great God will come upon you.",,pending,,
116,Ezekiel 20:39,Ezekiel,low,10,"theology, ritual","importance=low; keywords=god, holy, lord, name","And you, house of Israel, thus says Lord God: Each one, cast away his practices, and after these things, if you do not listen to me, you will no longer profane my holy name with your gifts and with your practices.",,pending,,
117,Ezekiel 42:13,Ezekiel,low,10,"theology, covenant/law, ritual","importance=low; keywords=holy, lord, sacrifice, sin","And he said to me, The chambers toward north and the chambers toward south opposite the intervals, these are the holy chambers in which priests, sons of Zadok, drawing near to Lord, will eat the holy of holies, and there they will place the holy of holies and the sacrifice and the things for sin and the things for ignorance, because the place is holy.",,pending,,
118,Ezekiel 43:19,Ezekiel,low,10,"anthropology, covenant/law, ritual, kingship","importance=low; keywords=god, lord, seed, sin","And you will give to the Levitical priests, from seed of Zadok, those drawing near to me to minister to me, says Lord God, a young bull from the herd for sin.",,pending,,
119,Ezekiel 44:15,Ezekiel,low,10,"theology, ritual","importance=low; keywords=god, holy, lord, sacrifice","But the Levitical priests, sons of Zadok, who kept charges of my holy things when house of Israel went astray from me, they will come near me to minister to me and stand before me to offer me sacrifice, fat and blood, says Lord God.",,pending,,
120,Ezekiel 45:9,Ezekiel,low,10,covenant/law,"importance=low; keywords=god, judgment, lord, righteousness","Thus says Lord God: Enough for you, rulers of Israel. Remove injustice and misery; do judgment and righteousness; remove oppression from my people, says Lord God.",,pending,,
121,Ezra 1:3,Ezra,low,10,"theology, ritual, kingship","importance=low; keywords=god, holy, king, lord","And he said to Levites, temple-servants of Israel, to sanctify themselves to Lord in setting holy ark of Lord in house which Salōmōn son of Dauid the king built. It will not be for you to bear it on shoulders.","Who is there among you of all his people? for his God shall be with him, and he shall go up to Jerusalem that is in Judea, and let him build the house of the God of Israel: he is the God that is in Jerusalem.",pending,,
122,Ezra 1:46,Ezra,low,10,"theology, kingship","importance=low; keywords=god, king, lord, name","And though sworn by king Nabouchodonosor in name of Lord, after swearing falsely he rebelled, and hardening his neck and strengthening his heart he transgressed laws of Lord God of Israel.",,pending,,
123,Habakkuk 1:12,Habakkuk,low,10,"theology, covenant/law, ritual","importance=low; keywords=god, holy, judgment, lord","Are you not from beginning, Lord my God, my Holy One? We will certainly not die. Lord, you appointed him for judgment, and you formed me to reprove his correction.",,pending,,
124,Hosea 13:4,Hosea,low,10,"anthropology, kingship","importance=low; keywords=created, god, lord, savior","But I am Lord your God, establishing heaven and creating earth, whose hands created all army of heaven, and I did not show them to you for you to go after them. And I brought you up from land of Egypt, and besides me you will know no god, and there is no savior except me.",,pending,,
125,Hosea 4:1,Hosea,low,10,theology,"importance=low; keywords=god, lord, mercy, truth","Hear word of Lord, sons of Israel, because Lord has a case against inhabitants of the land, because there is no truth nor mercy nor knowledge of God upon the land.",,pending,,
126,Jeremiah 9:23,Jeremiah,low,10,"theology, covenant/law","importance=low; keywords=judgment, lord, mercy, righteousness","but in this let one boasting boast: to understand and know that I am Lord, doing mercy and judgment and righteousness on earth, because in these is my will, says Lord.",,pending,,
127,Joel 2:14,Joel,low,10,"covenant/law, ritual","importance=low; keywords=god, lord, repent, sacrifice","Who knows whether he will turn and repent and leave behind him blessing, sacrifice and drink offering to Lord our God?",,pending,,
128,Malachi 2:7,Malachi,low,10,"theology, covenant/law, ritual","importance=low; keywords=law, lord, messenger, priest","Because lips of priest will guard knowledge, and law they will seek from his mouth, because he is messenger of Lord Almighty.",,pending,,
129,Proverbs 20:28,Proverbs,low,10,"theology, covenant/law, kingship","importance=low; keywords=king, mercy, righteousness, truth","Mercy and truth guard king, and in righteousness they encircle his throne.",,pending,,
130,Proverbs 3:16,Proverbs,low,10,"theology, covenant/law","importance=low; keywords=glory, law, mercy, righteousness","For length of life and years of life in her right hand; in her left riches and glory. From her mouth comes righteousness, and law and mercy she carries on her tongue.",,pending,,
131,Zechariah 14:5,Zechariah,low,10,"theology, ritual, kingship","importance=low; keywords=god, holy, king, lord","And ravine of my mountains will be blocked up, and ravine of mountains will cling together as far as Iasol, and it will be blocked as it was blocked in days of earthquake in days of Uzziah king of Judah, and Lord my God will come and all holy ones with him.",,pending,,
132,Amos 2:7,Amos,medium,9,"theology, kingship","importance=medium; keywords=god, name, servant","Those trampling on dust of the earth and striking heads of poor with fists and turning aside way of humble, and son and father were going in to same servant-girl so as to profane name of their God.",,pending,,
133,Amos 5:8,Amos,medium,9,theology,"importance=medium; keywords=god, lord, name","making all things and transforming, turning shadow of death into morning and darkening day into night, calling water of sea and pouring it on face of earth; Lord God Almighty is his name,",,pending,,
134,Ecclesiastes 6:2,Ecclesiastes,medium,9,"theology, anthropology","importance=medium; keywords=glory, god, soul","Man to whom God gives wealth and possessions and glory, and his soul lacks nothing from all he desires, yet God will not empower him to eat from it, because foreign man will eat it; this vanity and evil sickness.",,pending,,
135,Esther 2:12,Esther,medium,9,"anthropology, kingship","importance=medium; keywords=anointed, being, king","And this was time of a girl going in to the king, when she completed twelve months, for thus days of treatment are completed: six months being anointed in oil of myrrh and six months in spices and in cosmetics of the women.",,pending,,
136,Habakkuk 2:4,Habakkuk,medium,9,"anthropology, covenant/law","importance=medium; keywords=faith, righteous, soul","If he shrinks back, my soul takes no pleasure in him; but righteous one will live by my faith.",,pending,,
137,Habakkuk 3:2,Habakkuk,medium,9,"theology, anthropology","importance=medium; keywords=lord, mercy, soul","Lord, I heard your report and feared. I considered your works and was astonished. In midst of two living things you will be known; when years draw near you will be recognized; when time is present you will be shown. When my soul is troubled, in wrath you will remember mercy.",,pending,,
138,Hosea 13:2,Hosea,medium,9,"anthropology, covenant/law, ritual","importance=medium; keywords=image, sacrifice, sin","And they added still to sin and made for themselves molten image from their silver according to likeness of idols, works of craftsmen completed for them. They say, Sacrifice humans, for calves are lacking.",,pending,,
139,Hosea 3:4,Hosea,medium,9,"ritual, kingship","importance=medium; keywords=altar, king, sacrifice",Because many days sons of Israel will sit without king and without ruler and without sacrifice and without altar and without priesthood and without manifestations.,,pending,,
140,Hosea 5:4,Hosea,medium,9,anthropology,"importance=medium; keywords=god, lord, spirit","They did not give their counsels to return to their God, because spirit of whoredom is in them, and they did not know the Lord.",,pending,,
141,Jeremiah 4:10,Jeremiah,medium,9,"anthropology, kingship","importance=medium; keywords=lord, peace, soul","And I said, O Master Lord, then deceiving you deceived this people and Jerusalem, saying, Peace will be to you. And see, sword touched even to their soul.",,pending,,
142,Job 1:1,Job,medium,9,"theology, covenant/law","importance=medium; keywords=god, name, righteous","There was a certain man in land of Ausitis, whose name was Iōb, and that man was true, blameless, righteous, god-fearing, holding back from every evil thing.",,pending,,
143,Job 1:8,Job,medium,9,kingship,"importance=medium; keywords=god, lord, servant","And the Lord said to him, Did you set your mind against my servant Iōb, because there is no man like him on the earth, blameless, true, god-fearing, holding back from every evil thing?",,pending,,
144,Job 2:3,Job,medium,9,kingship,"importance=medium; keywords=god, lord, servant","And the Lord said to the slanderer, Did you then give attention to my servant Iōb, because there is no man like him on the earth, harmless, true, blameless, god-fearing, holding back from every evil, and he still holds fast innocence? Yet you spoke against his possessions to destroy them for nothing.",,pending,,
145,Job 42:17,Job,medium,9,"theology, kingship","importance=medium; keywords=king, lord, name","And Iōb died old and full of days. And it is written that he will rise again with those whom Lord raises up. This man, interpreted from Syriac book, dwelt in land Ausitis on borders of Idumaia and Arabia, and his former name was Iōbab. Taking Arabian wife, he fathered son whose name was Ennon. And he himself was son of Zare, one of sons of Esau, from mother Bosorra, so as to be fifth from Abraham. And these were kings who reigned in Edom, over which he also first ruled: Balak son of Beōr, and name of his city was Dennaba; after Balak, Iōbab called Iōb; after him Asom, ruler from country of Thaimanitis; after him Adad son of Barad, who cut down Madiam in plain of Mōab, and name of his city was Geththaim. And friends coming to him were Eliphas king of sons of Esau from Thaimanites, Baldad tyrant of Sauchites, and Sophar king of Minaians.",,pending,,
146,Joel 3:5,Joel,medium,9,"theology, anthropology","importance=medium; keywords=being, lord, name","And it will be that everyone who calls on name of Lord will be saved, because on mount Zion and in Jerusalem there will be one escaping, as Lord said, and those being brought good news whom Lord has called.",,pending,,
147,Jonah 1:4,Jonah,medium,9,anthropology,"importance=medium; keywords=being, lord, wind","Lord stirred up a wind on sea, and a great surge happened on sea, and ship was in danger of being broken.",,pending,,
148,Jonah 2:8,Jonah,medium,9,"theology, anthropology, ritual","importance=medium; keywords=holy, lord, soul","When my soul was failing from me, I remembered Lord, and may my prayer come to you, into your holy temple.",,pending,,
149,Judges 13:6,Judges,medium,9,theology,"importance=medium; keywords=angel, god, name","And the woman came and said to her husband, saying, A man of God came to me, and his appearance was like the appearance of an angel of God, very glorious, and I asked where he was from, and he did not tell me his name.","And the woman went in, and spoke to her husband, saying, A man of God came to me, and his appearance was as of an angel of God, very dreadful; and I did not ask him whence he was, and he did not tell me his name.",pending,,
150,Judges 13:8,Judges,medium,9,anthropology,"importance=medium; keywords=being, god, lord","And Manōe prayed to the Lord and said, In me, Lord, may the man of God whom you sent to us please come to us again and enlighten us what we should do for the child being born.","And Manoë prayed to the Lord and said, I pray thee, O Lord my Lord, concerning the man of God whom thou sentest; let him now come to us once more, and teach us what we shall do to the child about to be born.",pending,,
151,Judges 2:8,Judges,medium,9,"anthropology, kingship","importance=medium; keywords=being, lord, servant","And Joshua son of Naue, servant of the Lord, died, being one hundred ten years old.","And Joshua the son of Naue, the servant of the Lord, died, a hundred and ten years old.",pending,,
152,Judges 3:10,Judges,medium,9,"anthropology, kingship","importance=medium; keywords=king, lord, spirit","And the Spirit of the Lord came upon him, and he judged Israel and went out to war, and the Lord gave Chousarsathōm king of Syria into his hand, and his hand grew strong over Chousarsathōm.","And the Spirit of the Lord came upon him, and he judged Israel; and he went out to war against Chusarsathaim: and the Lord delivered into his hand Chusarsathaim king of Syria of the rivers, and his hand prevailed against Chusarsathaim.",pending,,
153,Judges 3:15,Judges,medium,9,kingship,"importance=medium; keywords=king, lord, savior","And the sons of Israel cried out to the Lord, and the Lord raised up for them a savior, Aōd son of Gēra, son of the Jeminite, an ambidextrous man. And the sons of Israel sent gifts by his hand to Eglom king of Moab.","And the children of Israel cried to the Lord; and he raised up to them a saviour, Aod the son of Gera a son of Jemeni, a man who used both hands alike: and the children of Israel sent gifts by his hand to Eglom king of Moab.",pending,,
154,Judges 6:34,Judges,medium,9,anthropology,"importance=medium; keywords=god, lord, spirit","And the Spirit of God clothed Gideon, and he sounded the horn, and Abiezer cried out after him.","And the Spirit of the Lord came upon Gedeon, and he blew with the horn, and Abiezer came to help after him.",pending,,
155,Malachi 1:14,Malachi,medium,9,"theology, kingship","importance=medium; keywords=king, lord, name","Cursed is one who had power, and there was a male in his flock, and his vow was on him, yet he sacrifices to Lord a corrupted thing. Because I am great King, says Lord Almighty, and my name is manifest among nations.",,pending,,
156,Malachi 2:13,Malachi,medium,9,ritual,"importance=medium; keywords=altar, lord, sacrifice",This second thing you did: you covered altar of Lord with tears and weeping and groaning from labors. It is no longer worthy to look upon sacrifice or receive what is acceptable from your hands.,,pending,,
157,Malachi 2:15,Malachi,medium,9,"anthropology, kingship","importance=medium; keywords=god, seed, spirit","Did not another make? And remnant of his spirit. And you said, What else but seed does God seek? Guard yourselves in your spirit, and do not abandon wife of your youth.",,pending,,
158,Malachi 2:6,Malachi,medium,9,"theology, covenant/law, kingship","importance=medium; keywords=law, peace, truth","Law of truth was in his mouth, and injustice was not found on his lips. In peace he walked straight with me and turned many from injustice.",,pending,,
159,Malachi 2:8,Malachi,medium,9,covenant/law,"importance=medium; keywords=covenant, law, lord","But you turned aside from way and made many weak in law. You corrupted covenant of Levi, says Lord Almighty.",,pending,,
160,Micah 3:8,Micah,medium,9,"anthropology, covenant/law","importance=medium; keywords=judgment, lord, spirit","Unless I fill with strength in Spirit of Lord and judgment and power, to declare to Jacob his impiety and to Israel his sins.",,pending,,
161,Micah 4:2,Micah,medium,9,covenant/law,"importance=medium; keywords=god, law, lord","And many nations will go and say, Come, let us go up to mountain of Lord and to house of God of Jacob, and they will show us his way and we will walk in his paths, because law will go out from Zion and word of Lord from Jerusalem.",,pending,,
162,Nahum 1:14,Nahum,medium,9,theology,"importance=medium; keywords=god, lord, name","Lord will command concerning you: your name will no longer be sown. From house of your god I will destroy carved and cast images. I will make your grave, because you are swift.",,pending,,
163,Proverbs 10:3,Proverbs,medium,9,"anthropology, covenant/law","importance=medium; keywords=lord, righteous, soul","Lord will not starve righteous soul, but life of ungodly he will overthrow.",,pending,,
164,Proverbs 11:18,Proverbs,medium,9,"theology, anthropology, covenant/law, kingship","importance=medium; keywords=righteous, seed, truth","Ungodly does works unjust, but seed of righteous reward of truth.",,pending,,
165,Proverbs 12:13,Proverbs,medium,9,"theology, covenant/law, ritual","importance=medium; keywords=mercy, righteous, sin","Through sin of lips sinner falls into snares, but righteous escapes them. One seeing gentle things will receive mercy, but one meeting at gates will crush souls.",,pending,,
166,Proverbs 3:9,Proverbs,medium,9,covenant/law,"importance=medium; keywords=lord, righteous, righteousness",Honor Lord from your righteous labors and offer firstfruits to him from fruits of your righteousness.,,pending,,
167,Ruth 2:20,Ruth,medium,9,"theology, covenant/law","importance=medium; keywords=law, lord, mercy","And Noemin said to her daughter-in-law, Blessed is he to the Lord, because he did not forsake his mercy with the living and with the dead. And Noemin said to her, The man is near to us; he is from those redeeming us.","And Noemin said to her daughter-in-law, Blessed is he of the Lord, because he has not failed in his mercy with the living and with the dead: and Noemin said to her, The man is near akin to us, he is one of our relations.",pending,,
168,Zechariah 7:12,Zechariah,medium,9,"anthropology, covenant/law","importance=medium; keywords=law, lord, spirit","And they made their hearts disobedient so as not to hear my law and words that Lord Almighty sent by his Spirit by hand of former prophets, and great wrath came from Lord Almighty.",,pending,,
169,Zephaniah 3:4,Zephaniah,medium,9,"theology, anthropology, covenant/law, ritual","importance=medium; keywords=holy, law, spirit","Her prophets are spirit-borne men, contemptuous; her priests profane holy things and act impiously against law.",,pending,,
170,Amos 4:5,Amos,low,8,covenant/law,"importance=low; keywords=god, law, lord","And they read out law outside and called for confessions. Declare that sons of Israel loved these things, says Lord God.",,pending,,
171,Habakkuk 1:4,Habakkuk,low,8,covenant/law,"importance=low; keywords=judgment, law, righteous","Because of this law has been scattered and judgment does not go forth to the end, because impious one overpowers righteous one; because of this judgment will go forth perverted.",,pending,,
172,Habakkuk 3:18,Habakkuk,low,8,kingship,"importance=low; keywords=god, lord, savior",But I will exult in Lord; I will rejoice in God my savior.,,pending,,
173,Haggai 1:1,Haggai,low,8,"ritual, kingship","importance=low; keywords=king, lord, priest","In second year of Darius king, in sixth month, on first day of month, word of Lord came by hand of Haggai prophet, saying: Speak now to Zerubbabel son of Salathiel from tribe of Judah, and to Jeshua son of Josedek, the great priest, saying,",,pending,,
174,Haggai 1:12,Haggai,low,8,ritual,"importance=low; keywords=god, lord, priest","Zerubbabel son of Salathiel, from tribe of Judah, and Jeshua son of Josedek, the great priest, and all remnant of people, listened to voice of Lord their God and to words of Haggai prophet, because Lord their God sent him to them, and people feared before Lord.",,pending,,
175,Hosea 1:7,Hosea,low,8,theology,"importance=low; keywords=god, lord, mercy","But sons of Judah I will show mercy to and save them in Lord their God, and I will not save them by bow nor by sword nor by war nor by chariots nor by horses nor by horsemen.",,pending,,
176,Job 34:5,Job,low,8,covenant/law,"importance=low; keywords=judgment, lord, righteous","For Iōb said, I am righteous; Lord removed my judgment.",,pending,,
177,Job 9:2,Job,low,8,"theology, covenant/law","importance=low; keywords=lord, righteous, truth",In truth I know that it is so; for how will mortal be righteous before Lord?,,pending,,
178,Joel 1:13,Joel,low,8,ritual,"importance=low; keywords=altar, god, sacrifice","Gird yourselves and beat yourselves, priests; lament, those serving at altar. Enter, sleep in sackcloth, those serving God, because sacrifice and drink offering have been kept back from house of your God.",,pending,,
179,Joel 1:9,Joel,low,8,ritual,"importance=low; keywords=altar, lord, sacrifice","Sacrifice and drink offering were removed from house of Lord. Mourn, priests serving at altar.",,pending,,
180,Joel 2:13,Joel,low,8,theology,"importance=low; keywords=god, lord, mercy","And tear your hearts and not your garments, and return to Lord your God, because he is merciful and compassionate, long-suffering and rich in mercy and repenting over evils.",,pending,,
181,Joel 2:17,Joel,low,8,ritual,"importance=low; keywords=altar, god, lord","Between base of altar the priests serving Lord will weep and say, Spare, Lord, your people, and do not give your inheritance to reproach for nations to rule them, so that they may not say among nations, Where is their God?",,pending,,
182,Jonah 1:9,Jonah,low,8,kingship,"importance=low; keywords=god, lord, servant","He said to them, I am servant of Lord, and I worship Lord God of heaven, who made sea and dry land.",,pending,,
183,Jonah 2:10,Jonah,low,8,"ritual, kingship","importance=low; keywords=lord, sacrifice, salvation","But I, with voice of praise and confession, will sacrifice to you. Whatever I vowed I will repay to you. Salvation belongs to Lord.",,pending,,
184,Jonah 2:3,Jonah,low,8,death/afterlife,"importance=low; keywords=god, hades, lord","He said, I cried in my distress to Lord my God, and he heard me. From belly of Hades you heard voice of my cry.",,pending,,
185,Lamentations 2:6,Lamentations,low,8,"ritual, kingship","importance=low; keywords=king, lord, priest",He spread out his tent like vine. He destroyed his feast. Lord forgot in Zion feast and sabbath and provoked in crash of his anger king and priest and ruler.,,pending,,
186,Lamentations 2:9,Lamentations,low,8,"covenant/law, kingship","importance=low; keywords=king, law, lord","Her gates sank into ground. He destroyed and broke her bars. Her king and her rulers among nations. There is no law, and even her prophets did not see vision from Lord.",,pending,,
187,Micah 4:5,Micah,low,8,theology,"importance=low; keywords=god, lord, name","Because all peoples will walk, each his own way, but we will walk in name of Lord our God forever and beyond.",,pending,,
188,Ruth 1:8,Ruth,low,8,"theology, covenant/law","importance=low; keywords=law, lord, mercy","And Noemin said to her daughters-in-law, Go now, return each to her mother's house. May the Lord deal with you in mercy, as you dealt with the dead and with me.","And Noemin said to her daughters-in-law, Go now, return each to the house of her mother: the Lord deal mercifully with you, as ye have dealt with the dead, and with me.",pending,,
189,Ruth 2:13,Ruth,low,8,"theology, kingship","importance=low; keywords=grace, lord, servant","And she said, May I find favor in your eyes, lord, because you comforted me and because you spoke to the heart of your servant, and behold, I shall be as one of your maidservants.","And she said, Let me find grace in thy sight, my lord, because thou hast comforted me, and because thou hast spoken kindly to thy handmaid, and behold, I shall be as one of thy servants.",pending,,
190,Ruth 3:10,Ruth,low,8,theology,"importance=low; keywords=god, lord, mercy","And he said, Blessed are you to the Lord God, daughter, because you made your latter mercy better than the first, not going after young men, whether poor or rich.","And Booz said, Blessed be thou of the Lord God, my daughter, for thou hast made thy latter kindness greater than the former, in that thou followest not after young men, whether any be poor or rich.",pending,,
191,Ruth 4:12,Ruth,low,8,"anthropology, kingship","importance=low; keywords=lord, seed, servant","And may your house become like the house of Phares, whom Thamar bore to Judah, from the seed that the Lord will give you from this servant girl.","And let thy house be as the house of Phares, whom Thamar bore to Juda, of the seed which the Lord shall give thee of this handmaid.",pending,,
192,Zechariah 1:12,Zechariah,low,8,theology,"importance=low; keywords=angel, lord, mercy","And angel of Lord answered and said, Lord Almighty, how long will you certainly not have mercy on Jerusalem and cities of Judah, which you overlooked this seventieth year?",,pending,,
193,Zechariah 1:17,Zechariah,low,8,theology,"importance=low; keywords=angel, lord, mercy","And angel speaking in me said to me, Cry out, saying, Thus says Lord Almighty: Cities will still overflow with good things, and Lord will still have mercy on Zion and still choose Jerusalem.",,pending,,
194,Zephaniah 1:7,Zephaniah,low,8,ritual,"importance=low; keywords=god, lord, sacrifice","Fear from face of Lord God, because day of Lord is near, because Lord prepared his sacrifice; he consecrated his called ones.",,pending,,
195,Zephaniah 1:8,Zephaniah,low,8,"ritual, kingship","importance=low; keywords=king, lord, sacrifice","It will be in day of Lord's sacrifice, I will avenge upon rulers and upon king's house and upon all wearing foreign garments.",,pending,,
196,Zephaniah 2:3,Zephaniah,low,8,covenant/law,"importance=low; keywords=judgment, lord, righteousness","Seek Lord, all humble of earth; work judgment and seek righteousness and answer these things, so that you may be sheltered in day of Lord's wrath.",,pending,,
197,Zephaniah 3:5,Zephaniah,low,8,covenant/law,"importance=low; keywords=judgment, lord, righteous","But Lord righteous in her midst and will certainly not do injustice. Morning by morning he will give his judgment to light, and it was not hidden; injustice did not know exaction, nor injustice for strife.",,pending,,
198,Ecclesiastes 2:24,Ecclesiastes,medium,7,anthropology,"importance=medium; keywords=god, soul","There is no good in man except that he should eat and drink and show his soul good in his toil; and this too I saw, that it is from hand of God.",,pending,,
199,Ecclesiastes 2:26,Ecclesiastes,medium,7,anthropology,"importance=medium; keywords=god, spirit","Because to man good before his face he gave wisdom and knowledge and gladness, but to sinner he gave distraction, to add and gather in order to give to one good before face of God; because this too vanity and choice of spirit.",,pending,,
200,Ecclesiastes 5:5,Ecclesiastes,medium,7,"covenant/law, ritual","importance=medium; keywords=god, sin","Do not give your mouth to make your flesh sin, and do not say before face of God that it was ignorance, lest God grow angry at your voice and ruin works of your hands.",,pending,,
201,Ecclesiastes 5:7,Ecclesiastes,medium,7,covenant/law,"importance=medium; keywords=judgment, righteousness","If you see slander of poor man and robbery of judgment and righteousness in province, do not marvel over matter, because high one watches over high one, and high ones over them.",,pending,,
202,Ecclesiastes 6:9,Ecclesiastes,medium,7,anthropology,"importance=medium; keywords=soul, spirit",Better sight of eyes than wandering of soul; this too vanity and choice of spirit.,,pending,,
203,Esther 1:20,Esther,medium,7,"covenant/law, kingship","importance=medium; keywords=king, law","And let the law which the king makes be heard in his kingdom, and thus all women will give honor to their husbands, from poor to rich.",,pending,,
204,Esther 4:11,Esther,medium,7,"ritual, kingship","importance=medium; keywords=king, salvation","all nations of the kingdom know that every man or woman who enters to the king in the inner court uncalled has no salvation, except the one to whom the king stretches out the golden scepter, that one will be saved. And I have not been called to go in to the king these thirty days.",,pending,,
205,Esther 4:8,Esther,medium,7,kingship,"importance=medium; keywords=king, lord","And he gave him copy of the notice posted in Sousa for their destruction, to show Esther, and he told him to command her, after going in, to plead with the king and urge him for the people, remembering days of your humiliation, how you were nourished in my hand, because Aman, the second to the kingdom, has spoken against us for death. Call upon the Lord and speak to the king concerning us and rescue us from death.",,pending,,
206,Esther 8:8,Esther,medium,7,"theology, kingship","importance=medium; keywords=king, name","Write also yourselves in my name as seems good to you, and seal it with my ring. For whatever is written when the king commands and sealed with my ring, there is no speaking against it.",,pending,,
207,Habakkuk 1:2,Habakkuk,medium,7,anthropology,"importance=medium; keywords=being, lord","How long, Lord, will I cry out and you certainly not hear? I will shout to you while being wronged, and you will not save.",,pending,,
208,Jonah 1:14,Jonah,medium,7,covenant/law,"importance=medium; keywords=lord, righteous","They cried to Lord and said, By no means, Lord, let us not perish for life of this man, and do not put righteous blood on us, because you, Lord, have done as you wished.",,pending,,
209,Lamentations 1:11,Lamentations,medium,7,anthropology,"importance=medium; keywords=lord, soul","All her people groaning seek bread. They gave their desirable things for food, to restore soul. See, Lord, and look, because I became dishonored.",,pending,,
210,Lamentations 1:15,Lamentations,medium,7,textual/lexical,"importance=medium; keywords=lord, virgin",Lord took away all my mighty ones from midst of me. He called time against me to crush my chosen ones. Lord trod winepress for virgin daughter Judah. Over these things I weep.,,pending,,
211,Lamentations 2:5,Lamentations,medium,7,anthropology,"importance=medium; keywords=being, lord",Lord became like enemy. He sank Israel. He sank all her palaces. He destroyed his strongholds and multiplied for daughter Judah humiliation and being humbled.,,pending,,
212,Lamentations 3:17,Lamentations,medium,7,"anthropology, kingship","importance=medium; keywords=peace, soul",And he thrust my soul away from peace. I forgot good things.,,pending,,
213,Ruth 1:13,Ruth,medium,7,anthropology,"importance=medium; keywords=being, lord","would you wait for them until they grow up? Or would you be restrained on account of them from becoming a husband? No, my daughters, because it has become very bitter for me concerning you, because the hand of the Lord has gone out against me.","would ye wait for them till they should be grown? or would ye refrain from being married for their sakes? Not so, my daughters; for I am grieved for you, that the hand of the Lord has gone forth against me.",pending,,
214,Song of Solomon 1:7,Song of Solomon,medium,7,"anthropology, kingship","importance=medium; keywords=shepherd, soul","Tell me, you whom my soul loved, where do you shepherd, where do you rest at noon, lest I become as one veiled over flocks of your companions?",,pending,,
215,Song of Solomon 5:6,Song of Solomon,medium,7,"anthropology, kingship","importance=medium; keywords=beloved, soul","I opened, I, to my beloved; my beloved passed by. My soul went out at his word. I sought him and did not find him; I called him and he did not listen to me.",,pending,,
216,Esther 1:8,Esther,low,6,"covenant/law, kingship","importance=low; keywords=king, law","And this drinking was not according to fixed law, for thus the king willed, and he ordered the stewards to do his pleasure and that of the men.",,pending,,
217,Haggai 1:13,Haggai,low,6,theology,"importance=low; keywords=lord, messenger","Haggai messenger of Lord said to people, I am with you, says Lord.",,pending,,
218,Haggai 2:4,Haggai,low,6,ritual,"importance=low; keywords=lord, priest","But now be strong, Zerubbabel, says Lord, and be strong, Jeshua son of Josedek, the great priest, and let all people of land be strong, says Lord, and act, because I am with you, says Lord Almighty.",,pending,,
219,Nahum 1:2,Nahum,low,6,,"importance=low; keywords=god, lord","God jealous and avenging, Lord avenging with wrath; Lord avenges his adversaries, and he removes his enemies.",,pending,,
220,Nahum 3:5,Nahum,low,6,,"importance=low; keywords=god, lord","Behold, I am against you, says Lord God Almighty, and I will uncover your backside to your face and show nations your shame and kingdoms your dishonor.",,pending,,
221,Obadiah 1:1,Obadiah,low,6,,"importance=low; keywords=god, lord","Vision of Obadiah. Thus says Lord God to Idumea: I heard a report from Lord, and he sent a message to nations: Rise, and let us rise against her for war.",,pending,,
222,Obadiah 1:17,Obadiah,low,6,"theology, ritual, kingship","importance=low; keywords=holy, salvation","But on mount Zion there will be salvation, and it will be holy, and house of Jacob will inherit those who inherited them.",,pending,,
223,Song of Solomon 6:2,Song of Solomon,low,6,kingship,"importance=low; keywords=beloved, shepherd","My beloved went down into his garden, into bowls of spice, to shepherd in gardens and gather lilies.",,pending,,
224,Zephaniah 1:1,Zephaniah,low,6,kingship,"importance=low; keywords=king, lord","Word of Lord that came to Zephaniah son of Cushi, son of Godolias, son of Amarias, son of Hezekias, in days of Josiah son of Amon king of Judah.",,pending,,
225,Nahum 1:12,Nahum,medium,5,textual/lexical,importance=medium; keywords=lord,"Thus says Lord, ruling many waters: Thus they will be scattered, and your report will no longer be heard.",,pending,,
226,Nahum 2:14,Nahum,medium,5,textual/lexical,importance=medium; keywords=lord,"Behold, I am against you, says Lord Almighty, and I will burn your multitude in smoke, and sword will devour your lions, and I will destroy your prey from earth, and your works will no longer be heard.",,pending,,
227,Song of Solomon 2:3,Song of Solomon,medium,5,kingship,importance=medium; keywords=beloved,"As apple tree among trees of grove, so my beloved in midst of sons. In his shadow I desired and sat, and his fruit sweet in my throat.",,pending,,
228,Song of Solomon 2:9,Song of Solomon,medium,5,kingship,importance=medium; keywords=beloved,"My beloved is like gazelle or fawn of deer on mountains of Bethel. Look, he stands behind our wall, peering through windows, looking through nets.",,pending,,
229,Song of Solomon 3:1,Song of Solomon,medium,5,anthropology,importance=medium; keywords=soul,On my bed in nights I sought one my soul loved; I sought him and did not find him; I called him and he did not listen to me.,,pending,,
230,Nahum 1:3,Nahum,low,4,,importance=low; keywords=lord,"Lord long-suffering, and great his strength, and acquitting he will not acquit. Lord's way is in completion and in upheaval, and clouds are dust of his feet.",,pending,,
231,Obadiah 1:15,Obadiah,low,4,,importance=low; keywords=lord,"Because day of Lord is near upon all nations. As you did, so it will be to you; your repayment will be returned on your head.",,pending,,
232,Obadiah 1:4,Obadiah,low,4,,importance=low; keywords=lord,"If you soar high like eagle and set your nest among stars, from there I will bring you down, says Lord.",,pending,,
233,Obadiah 1:7,Obadiah,low,4,covenant/law,importance=low; keywords=covenant,"To your borders they sent you away, all men of your covenant. Your peaceful men opposed you and prevailed against you. They set ambush under you; there is no understanding in them.",,pending,,
234,Obadiah 1:8,Obadiah,low,4,,importance=low; keywords=lord,"In that day, says Lord, I will destroy wise men from Idumea and understanding from mount of Esau.",,pending,,
