ref,book_name,chapter,verse,importance,priority_score,decision_count,footnote_count,nt_parallel_count,nt_parallel_weight,nt_parallel_refs,crossref_top_vote,crossref_nt_count,crossref_shared_family_hits,english_witness_checked,english_witness_fresh_support,english_witness_brenton_support,english_witness_mt_support,english_witness_differs_all,english_witness_split_or_mixed,english_witness_signals,english_witness_recommendation,nt_english_checked,nt_english_support_family,nt_english_softens_family,nt_english_mixed,nt_english_signals,nt_english_recommendation,logos_local_checked,logos_local_scopes,logos_local_source_tools,logos_local_signals,logos_local_supports,logos_local_confidence,logos_local_recommendation,consensus_recommendation,keyword_hits,reasons,fresh_translation,brenton_translation
Genesis 1:1,Genesis,1,1,high,19,3,1,0,0,,361,5,0,0,0,0,0,0,0,,keep,0,0,0,0,,,0,,,,,,,keep,god,decisions=3; footnotes=1; reviewed_decisions=3; importance=high; keywords=god; crossref_top_vote=361; eng_reco=keep; reco=keep,"At the beginning, God made heaven and earth.",In the beginning God made the heaven and the earth.
Genesis 1:2,Genesis,1,2,high,21,4,1,0,0,,97,0,0,0,0,0,0,0,0,,,0,0,0,0,,,1,Genesis 1:2,AutoComplete.db WordSense; recent history; local index inspection,lexical_support,Spirit of God rendering,medium,keep,keep,"abyss, god, spirit","decisions=4; footnotes=1; reviewed_decisions=1; importance=high; keywords=abyss, god, spirit; crossref_top_vote=97; logos=1; logos_reco=keep; logos_flags=lexical_support; logos_support=Spirit of God rendering; reco=keep","Now the earth was unseen and unformed, darkness was over the abyss, and the Spirit of God moved over the water.","But the earth was unsightly and unfurnished, and darkness was over the deep, and the Spirit of God moved over the water."
Genesis 1:5,Genesis,1,5,high,19,2,1,0,0,,26,1,0,0,0,0,0,0,0,,keep,0,0,0,0,,,0,,,,,,,keep,"day one, god","decisions=2; footnotes=1; reviewed_decisions=2; importance=high; keywords=day one, god; crossref_top_vote=26; eng_reco=keep; reco=keep","And God called the light Day, and the darkness he called Night. And evening came, and morning came: day one.","And God called the light Day, and the darkness he called Night, and there was evening and there was morning, the first day."
Genesis 1:26,Genesis,1,26,high,20,2,1,0,0,,82,3,0,2,2,0,0,0,0,,keep,0,0,0,0,,,0,,,,,,,keep,"god, image","decisions=2; footnotes=1; reviewed_decisions=2; importance=high; keywords=god, image; crossref_top_vote=82; eng=fresh:2/brenton:0/mt:0; eng_reco=keep; reco=keep","And God said, 'Let us make humankind according to our image and according to likeness, and let them rule the fish of the sea and the birds of Heaven and the livestock and all the earth and every creeping thing that creeps on the earth.'","And God said, Let us make man according to our image and likeness, and let them have dominion over the fish of the sea, and over the flying creatures of heaven, and over the cattle and all the earth, and over all the reptiles that creep on the earth."
Genesis 2:7,Genesis,2,7,high,28,3,2,1,3,1 Corinthians 15:45,41,3,0,2,1,0,0,0,1,unclear,,3,2,0,1,"literal_support, smoothing",keep,1,into-living-soul-formula,AutoComplete.db WordSense; milestones/headwords; local index inspection,lexical_support,living soul rendering,medium,keep,keep,"god, soul","decisions=3; footnotes=2; reviewed_decisions=3; importance=high; keywords=god, soul; nt=1 Corinthians 15:45; crossref_top_vote=41; eng=fresh:1/brenton:0/mt:0; eng_flags=unclear; nt_eng=support:2/soften:0/mixed:1; nt_eng_reco=keep; nt_eng_flags=literal_support, smoothing; logos=1; logos_reco=keep; logos_flags=lexical_support; logos_support=living soul rendering; reco=keep","And God formed the human from dust of the earth and breathed into his face the breath of life, and the human became a living soul.","And God formed the man of dust of the earth, and breathed upon his face the breath of life, and the man became a living soul."
Genesis 18:19,Genesis,18,19,high,19,1,1,0,0,,18,3,0,2,2,0,0,0,0,,keep,0,0,0,0,,,0,,,,,,,keep,"judgment, justice, lord, righteousness","decisions=1; footnotes=1; reviewed_decisions=1; importance=high; keywords=judgment, justice, lord, righteousness; crossref_top_vote=18; eng=fresh:2/brenton:0/mt:0; eng_reco=keep; reco=keep","For I know that he will direct his sons and his household after him, and they will keep the ways of the Lord, to do righteousness and judgment, so that the Lord may bring upon Abraham all that he spoke to him.","For I know that he will order his sons, and his house after him, and they will keep the ways of the Lord, to do justice and judgment, that the Lord may bring upon Abraam all things whatsoever he has spoken to him."
Exodus 3:2,Exodus,3,2,high,19,1,1,0,0,,17,3,0,2,1,0,0,0,1,unclear,keep,0,0,0,0,,,0,,,,,,,keep,"angel, being, lord","decisions=1; footnotes=1; reviewed_decisions=1; importance=high; keywords=angel, being, lord; crossref_top_vote=17; eng=fresh:1/brenton:0/mt:0; eng_reco=keep; eng_flags=unclear; reco=keep","Then an angel of the Lord appeared to him in a flame of fire out of the bush. And he saw that the bush burned with fire, but the bush was not being consumed.","And an angel of the Lord appeared to him in flaming fire out of the bush, and he sees that the bush burns with fire,—but the bush was not consumed."
Exodus 6:3,Exodus,6,3,high,20,1,1,0,0,,14,0,0,2,1,0,0,0,1,unclear,keep,0,0,0,0,,,0,,,,,,,keep,"being, god, lord, name","decisions=1; footnotes=1; reviewed_decisions=1; importance=high; keywords=being, god, lord, name; crossref_top_vote=14; eng=fresh:1/brenton:0/mt:0; eng_reco=keep; eng_flags=unclear; reco=keep","And I appeared to Abraham and Isaac and Jacob as their God, but my name, Lord, I did not make known to them.","And I appeared to Abraam and Isaac and Jacob, being their God, but I did not manifest to them my name Lord."
Exodus 20:7,Exodus,20,7,high,18,1,1,0,0,,39,3,0,3,3,0,0,0,0,,keep,0,0,0,0,,,0,,,,,,,keep,"god, lord, name","decisions=1; footnotes=1; reviewed_decisions=1; importance=high; keywords=god, lord, name; crossref_top_vote=39; eng=fresh:3/brenton:0/mt:0; eng_reco=keep; reco=keep","""You shall not take the name of the Lord your God in vain, for the Lord will certainly not clear the one who takes his name in vain.""",Thou shalt not take the name of the Lord thy God in vain; for the Lord thy God will not acquit him that takes his name in vain.
Exodus 20:24,Exodus,20,24,high,35,2,2,3,3,"Acts 15:17, James 2:7, Romans 2:17",43,0,4,2,1,0,0,0,1,unclear,,9,3,3,3,"literal_support, smoothing, translation_tradition",keep,1,soteria-sacrifice-formula,AutoComplete.db WordSense; Bible Word Study; Factbook; recent history,lexical_support,salvation-shaped rendering,high,keep,keep,"altar, name, peace, sacrifice, salvation","decisions=2; footnotes=2; reviewed_decisions=2; importance=high; keywords=altar, name, peace, sacrifice, salvation; nt=Acts 15:17, James 2:7, Romans 2:17; crossref_top_vote=43; crossref_shared_family=4; eng=fresh:1/brenton:0/mt:0; eng_flags=unclear; nt_eng=support:3/soften:3/mixed:3; nt_eng_reco=keep; nt_eng_flags=literal_support, smoothing, translation_tradition; logos=1; logos_reco=keep; logos_flags=lexical_support; logos_support=salvation-shaped rendering; reco=keep","""You shall make me an altar of earth, and upon it you shall sacrifice your whole burnt offerings and your offerings of salvation, your sheep and your calves. In every place where I cause my name to be called, I will come to you and bless you.""","Ye shall make to me an altar of earth; and upon it ye shall sacrifice your whole burnt-offerings, and your peace-offerings, and your sheep and your calves in every place, where I shall record my name; and I will come to thee and bless thee."
Exodus 24:5,Exodus,24,5,high,19,1,1,0,0,,3,0,2,2,1,1,0,0,0,smoothing_issue,,0,0,0,0,,,1,soteria-sacrifice-formula,AutoComplete.db WordSense; Bible Word Study; Factbook; recent history,lexical_support,salvation-shaped rendering,high,keep,keep,"god, peace, salvation","decisions=1; footnotes=1; reviewed_decisions=1; importance=high; keywords=god, peace, salvation; crossref_top_vote=3; crossref_shared_family=2; eng=fresh:1/brenton:1/mt:0; eng_flags=smoothing_issue; logos=1; logos_reco=keep; logos_flags=lexical_support; logos_support=salvation-shaped rendering; reco=keep","And he sent the young men of the sons of Israel, and they offered whole burnt offerings and sacrificed calves as offerings of salvation to God.","And he sent forth the young men of the children of Israel, and they offered whole burnt-offerings, and they sacrificed young calves as a peace-offering to God."
Exodus 28:30,Exodus,28,30,high,21,1,1,0,0,,9,1,0,2,1,0,0,1,0,unclear,,0,0,0,0,,,1,Exodus 28:30,Bible Word Study; linked commentary snippets,lexical_support,Disclosure and Truth rendering,high,keep,keep,"holy, judgment, lord, truth","decisions=1; footnotes=1; reviewed_decisions=1; importance=high; keywords=holy, judgment, lord, truth; crossref_top_vote=9; eng=fresh:1/brenton:0/mt:0; eng_flags=unclear; logos=1; logos_reco=keep; logos_flags=lexical_support; logos_support=Disclosure and Truth rendering; reco=keep","And you shall put on the breastpiece of judgments the Disclosure and the Truth, and it shall be on Aaron's chest when he goes into the holy place before the Lord. And Aaron shall bear the judgments of the sons of Israel upon his chest before the Lord continually.","and thou shalt put the two circlets on both the shoulders of the ephod in front. And thou shalt put the Manifestation and the Truth on the oracle of judgment; and it shall be on the breast of Aaron, when he goes into the holy place before the Lord; and Aaron shall bear the judgments of the children of Israel on his breast before the Lord continually."
Leviticus 2:13,Leviticus,2,13,high,19,1,1,0,0,,18,3,0,0,0,0,0,0,0,,keep,0,0,0,0,,,0,,,,,,,keep,"covenant, god, lord, sacrifice","decisions=1; footnotes=1; reviewed_decisions=1; importance=high; keywords=covenant, god, lord, sacrifice; crossref_top_vote=18; eng_reco=keep; reco=keep",And every gift of your sacrifice shall be salted with salt. You shall not let the salt of the covenant of the Lord cease from your sacrifices. On every gift of yours you shall bring salt to the Lord your God.,And every gift of your sacrifice shall be seasoned with salt; omit not the salt of the covenant of the Lord from your sacrifices: on every gift of yours ye shall offer salt to the Lord your God.
Leviticus 3:1,Leviticus,3,1,high,23,1,1,0,0,,4,4,3,2,1,0,0,0,1,unclear,,0,0,0,0,,,1,soteria-sacrifice-formula,AutoComplete.db WordSense; Bible Word Study; Factbook; recent history,lexical_support,salvation-shaped rendering,high,keep,keep,"lord, peace, sacrifice, salvation","decisions=1; footnotes=1; reviewed_decisions=1; importance=high; keywords=lord, peace, sacrifice, salvation; crossref_top_vote=4; crossref_shared_family=3; eng=fresh:1/brenton:0/mt:0; eng_flags=unclear; logos=1; logos_reco=keep; logos_flags=lexical_support; logos_support=salvation-shaped rendering; reco=keep","And if his gift to the Lord is a sacrifice of salvation, if he brings it from the cattle, whether male or female, he shall bring it without blemish before the Lord.","And if his gift to the Lord be a peace-offering, if he should bring it of the oxen, whether it be male or whether it be female, he shall bring it unblemished before the Lord."
Leviticus 4:3,Leviticus,4,3,high,19,1,1,0,0,,5,3,0,0,0,0,0,0,0,,keep,0,0,0,0,,,0,,,,,,,keep,"anointed, lord, priest, sin","decisions=1; footnotes=1; reviewed_decisions=1; importance=high; keywords=anointed, lord, priest, sin; crossref_top_vote=5; eng_reco=keep; reco=keep","if the anointed high priest sins so as to make the people sin, then he shall bring for his sin that he sinned a calf from the cattle, without blemish, to the Lord for his sin.","if the anointed priest sin so as to cause the people to sin, then shall he bring for his sin, which he has sinned, an unblemished calf of the herd to the Lord for his sin."
Leviticus 4:31,Leviticus,4,31,low,21,0,0,0,0,,6,2,2,2,1,0,0,1,0,unclear,,0,0,0,0,,,1,soteria-sacrifice-formula,AutoComplete.db WordSense; Bible Word Study; Factbook; recent history,lexical_support,salvation-shaped rendering,high,keep,keep,"altar, lord, peace, priest, sacrifice, salvation, sin","importance=low; keywords=altar, lord, peace, priest, sacrifice, salvation; crossref_top_vote=6; crossref_shared_family=2; eng=fresh:1/brenton:0/mt:0; eng_flags=unclear; logos=1; logos_reco=keep; logos_flags=lexical_support; logos_support=salvation-shaped rendering; reco=keep","And he shall remove all the fat, just as the fat is removed from the sacrifice of salvation, and the priest shall offer it on the altar as an aroma of sweet fragrance to the Lord. And the priest shall make atonement for him, and it shall be forgiven him.","And he shall take away all the fat, as the fat is taken away from the sacrifice of peace-offering, and the priest shall offer it on the altar for a smell of sweet savour to the Lord; and the priest shall make atonement for him, and his sin shall be forgiven him."
Leviticus 7:32,Leviticus,7,32,high,21,1,1,0,0,,5,1,2,2,0,0,0,0,2,unclear,keep,0,0,0,0,,,1,soteria-sacrifice-formula,AutoComplete.db WordSense; Bible Word Study; Factbook; recent history,lexical_support,salvation-shaped rendering,high,keep,keep,"peace, priest, salvation","decisions=1; footnotes=1; reviewed_decisions=1; importance=high; keywords=peace, priest, salvation; crossref_top_vote=5; crossref_shared_family=2; eng=fresh:0/brenton:0/mt:0; eng_reco=keep; eng_flags=unclear; logos=1; logos_reco=keep; logos_flags=lexical_support; logos_support=salvation-shaped rendering; reco=keep",And you shall give the right arm as a contribution to the priest from your sacrifices of salvation.,and ye shall give the right shoulder for a choice piece to the priest of your sacrifices of peace-offering.
Leviticus 18:21,Leviticus,18,21,high,19,1,1,0,0,,10,1,0,0,0,0,0,0,0,,keep,0,0,0,0,,,0,,,,,,,keep,"holy, lord, name, seed","decisions=1; footnotes=1; reviewed_decisions=1; importance=high; keywords=holy, lord, name, seed; crossref_top_vote=10; eng_reco=keep; reco=keep","And from your seed you shall not give to serve a ruler, and you shall not profane my holy name. I am the Lord.",And thou shalt not give of thy seed to serve a ruler; and thou shalt not profane my holy name; I am the Lord.
Numbers 5:18,Numbers,5,18,high,17,1,1,0,0,,2,3,0,0,0,0,0,0,0,,,0,0,0,0,,,0,,,,,,,,"lord, priest, sacrifice","decisions=1; footnotes=1; importance=high; keywords=lord, priest, sacrifice; crossref_top_vote=2","And the priest shall set the woman before the Lord and uncover the woman's head and put upon her hands the sacrifice of memorial, the sacrifice of jealousy. And in the priest's hand shall be the water of reproof, this cursed water.","And the priest shall cause the woman to stand before the Lord, and shall uncover the head of the woman, and shall put into her hands the sacrifice of memorial, the sacrifice of jealousy; and in the hand of the priest shall be the water of this conviction that brings the curse."
Numbers 7:89,Numbers,7,89,high,17,1,1,0,0,,11,2,0,0,0,0,0,0,0,,,0,0,0,0,,,0,,,,,,,,"god, lord, mercy","decisions=1; footnotes=1; importance=high; keywords=god, lord, mercy; crossref_top_vote=11","When Moses entered into the tent of testimony to speak with him, he heard the voice of the Lord speaking to him from above the mercy seat that is upon the ark of testimony, from between the two cherubim, and he spoke to him.","When Moses went into the tabernacle of witness to speak to God, then he heard the voice of the Lord speaking to him from off the mercy-seat, which is upon the ark of the testimony, between the two cherubs; and he spoke to him."
Numbers 9:13,Numbers,9,13,high,17,1,1,0,0,,5,3,0,0,0,0,0,0,0,,,0,0,0,0,,,0,,,,,,,,"lord, sin, soul","decisions=1; footnotes=1; importance=high; keywords=lord, sin, soul; crossref_top_vote=5","But the man who is clean and is not on a far journey and yet neglects to keep the Passover, that soul shall be cut off from its people, because he did not bring the Lord's gift at its appointed time. That man shall bear his sin.","And whatsoever man shall be clean, and is not far off on a journey, and shall fail to keep the passover, that soul shall be cut off from his people, because he has not offered the gift to the Lord in its season: that man shall bear his iniquity."
Numbers 12:8,Numbers,12,8,high,17,1,1,0,0,,14,4,0,0,0,0,0,0,0,,,0,0,0,0,,,0,,,,,,,,"glory, lord, servant","decisions=1; footnotes=1; importance=high; keywords=glory, lord, servant; crossref_top_vote=14","Mouth to mouth I will speak to him, in visible form and not by riddles, and he has seen the glory of the Lord. And why were you not afraid to speak against my servant Moses?","I will speak to him mouth to mouth apparently, and not in dark speeches; and he has seen the glory of the Lord; and why were ye not afraid to speak against my servant Moses?"
Numbers 18:19,Numbers,18,19,high,18,1,1,0,0,,6,0,0,3,3,0,0,0,0,,keep,0,0,0,0,,,0,,,,,,,keep,"covenant, holy, lord, seed","decisions=1; footnotes=1; reviewed_decisions=1; importance=high; keywords=covenant, holy, lord, seed; crossref_top_vote=6; eng=fresh:3/brenton:0/mt:0; eng_reco=keep; reco=keep","All the contributions of the holy things, whatever the sons of Israel remove for the Lord, I have given to you and to your sons and your daughters with you, an everlasting statute. It is a covenant of everlasting salt before the Lord for you and for your seed after you.","Every special offering of the holy things, whatsoever the children of Israel shall specially offer to the Lord, I have given to thee and to thy sons and to thy daughters with thee, a perpetual ordinance: it is a covenant of salt for ever before the Lord, for thee and thy seed after thee."
Numbers 25:13,Numbers,25,13,high,17,1,1,0,0,,5,3,0,0,0,0,0,0,0,,,0,0,0,0,,,0,,,,,,,,"covenant, god, seed","decisions=1; footnotes=1; importance=high; keywords=covenant, god, seed; crossref_top_vote=5","And it shall be to him and to his seed after him a covenant of everlasting priesthood, because he was jealous for his God and made atonement for the sons of Israel.","and he and his seed after him shall have a perpetual covenant of priesthood, because he was zealous for his God, and made atonement for the children of Israel."
Deuteronomy 2:30,Deuteronomy,2,30,high,19,1,1,0,0,,8,1,0,0,0,0,0,0,0,,keep,0,0,0,0,,,0,,,,,,,keep,"god, king, lord, spirit","decisions=1; footnotes=1; reviewed_decisions=1; importance=high; keywords=god, king, lord, spirit; crossref_top_vote=8; eng_reco=keep; reco=keep","And Sihon king of Heshbon was not willing to let us pass through him, because the Lord our God hardened his spirit and strengthened his heart, so that he might be handed into your hands, as at this day.","And Seon king of Esebon would not that we should pass by him, because the Lord our God hardened his spirit, and made his heart stubborn, that he might be delivered into thy hands, as on this day."
Deuteronomy 5:11,Deuteronomy,5,11,high,18,1,1,0,0,,38,2,0,3,3,0,0,0,0,,keep,0,0,0,0,,,0,,,,,,,keep,"god, lord, name","decisions=1; footnotes=1; reviewed_decisions=1; importance=high; keywords=god, lord, name; crossref_top_vote=38; eng=fresh:3/brenton:0/mt:0; eng_reco=keep; reco=keep","You shall not take the name of the Lord your God in vain, because the Lord shall certainly not clear the one taking his name in vain.","Thou shalt not take the name of the Lord thy God in vain, for the Lord thy God will certainly not acquit him that takes his name in vain."
Deuteronomy 12:11,Deuteronomy,12,11,medium,17,0,0,3,3,"Acts 15:17, James 2:7, Romans 2:17",5,1,3,0,0,0,0,0,0,,,9,3,3,3,"literal_support, smoothing, translation_tradition",keep,0,,,,,,,keep,"god, lord, name","importance=medium; keywords=god, lord, name; nt=Acts 15:17, James 2:7, Romans 2:17; crossref_top_vote=5; crossref_shared_family=3; nt_eng=support:3/soften:3/mixed:3; nt_eng_reco=keep; nt_eng_flags=literal_support, smoothing, translation_tradition; reco=keep","And it shall be, the place that the Lord your God chooses for his name to be called there, there you shall bring everything that I command you today, your whole burnt offerings and your sacrifices and your tithes and the firstfruits of your hands and every choice gift that you vow to your God.","And there shall be a place which the Lord thy God shall choose for his name to be called there, thither shall ye bring all things that I order you to-day; your whole-burnt-offerings, and your sacrifices, and your tithes, and the first-fruits of your hands, and every choice gift of yours, whatsoever ye shall vow to the Lord your God."
Deuteronomy 12:21,Deuteronomy,12,21,medium,18,0,0,3,3,"Acts 15:17, James 2:7, Romans 2:17",3,0,6,2,2,0,0,0,0,,keep,9,3,3,3,"literal_support, smoothing, translation_tradition",keep,0,,,,,,,keep,"god, lord, name, soul","importance=medium; keywords=god, lord, name, soul; nt=Acts 15:17, James 2:7, Romans 2:17; crossref_top_vote=3; crossref_shared_family=6; eng=fresh:2/brenton:0/mt:0; eng_reco=keep; nt_eng=support:3/soften:3/mixed:3; nt_eng_reco=keep; nt_eng_flags=literal_support, smoothing, translation_tradition; reco=keep","And if the place that the Lord your God chooses for his name to be called there is farther from you, then you shall slaughter from your cattle and from your sheep that God gave you, in the way I commanded you, and you shall eat in your cities according to the desire of your soul.","And if the place be far from thee, which the Lord thy God shall choose for himself, that his name be called upon it, then thou shalt kill of thy herd and of thy flock which God shall have given thee, even as I commanded thee, and thou shalt eat in thy cities according to the desire of thy soul."
Deuteronomy 12:26,Deuteronomy,12,26,low,17,0,0,3,3,"Acts 15:17, James 2:7, Romans 2:17",4,0,2,0,0,0,0,0,0,,,9,3,3,3,"literal_support, smoothing, translation_tradition",keep,0,,,,,,,keep,"god, holy, lord, name","importance=low; keywords=god, holy, lord, name; nt=Acts 15:17, James 2:7, Romans 2:17; crossref_top_vote=4; crossref_shared_family=2; nt_eng=support:3/soften:3/mixed:3; nt_eng_reco=keep; nt_eng_flags=literal_support, smoothing, translation_tradition; reco=keep","Except your holy things that you may have, and your vows, taking them you shall come to the place that the Lord your God chooses for his name to be called there.","But thou shalt take thy holy things, if thou hast any, and thy vowed-offerings, and come to the place which the Lord thy God shall choose to have his name named upon it."
Deuteronomy 16:2,Deuteronomy,16,2,low,18,0,0,3,3,"Acts 15:17, James 2:7, Romans 2:17",5,5,2,2,2,0,0,0,0,,keep,9,3,3,3,"literal_support, smoothing, translation_tradition",keep,0,,,,,,,keep,"god, lord, name, sacrifice","importance=low; keywords=god, lord, name, sacrifice; nt=Acts 15:17, James 2:7, Romans 2:17; crossref_top_vote=5; crossref_shared_family=2; eng=fresh:2/brenton:0/mt:0; eng_reco=keep; nt_eng=support:3/soften:3/mixed:3; nt_eng_reco=keep; nt_eng_flags=literal_support, smoothing, translation_tradition; reco=keep","And you shall sacrifice the Passover to the Lord your God, sheep and cattle, in the place that the Lord your God chooses for his name to be called there.","And thou shalt sacrifice the passover to the Lord thy God, sheep and oxen in the place which the Lord thy God shall choose to have his name called upon it."
Joshua 22:5,Joshua,22,5,medium,15,0,0,0,0,,49,4,0,0,0,0,0,0,0,,,0,0,0,0,,,0,,,,,,,,"god, law, lord, servant, soul","importance=medium; keywords=god, law, lord, servant, soul; crossref_top_vote=49","Only take great care to do the commandments and the law that Moses the servant of the Lord commanded us to do: to love the Lord your God, to walk in all his ways, to keep his commandments, and to cling to him and serve him with all your mind and with all your soul.","But take great heed to do the commands and the law, which Moses the servant of the Lord commanded you to do; to love the Lord our God, to walk in all his ways, to keep his commands, and to cleave to him, and serve him with all your mind, and with all your soul."
Joshua 22:23,Joshua,22,23,low,14,0,0,0,0,,4,0,0,0,0,0,0,0,0,,,0,0,0,0,,,1,soteria-sacrifice-formula,AutoComplete.db WordSense; Bible Word Study; Factbook; recent history,lexical_support,salvation-shaped rendering,high,keep,keep,"altar, god, lord, peace, sacrifice, salvation","importance=low; keywords=altar, god, lord, peace, sacrifice, salvation; crossref_top_vote=4; logos=1; logos_reco=keep; logos_flags=lexical_support; logos_support=salvation-shaped rendering; reco=keep","And if we built for ourselves an altar so as to turn away from the Lord our God, so as to offer on it sacrifices of whole burnt offerings or so as to make on it a sacrifice of salvation, the Lord himself shall require it.","And if we have built to ourselves an altar, so as to apostatize from the Lord our God, so as to offer upon it a sacrifice of whole-burnt-offerings, so as to offer upon it a sacrifice of peace-offering,—the Lord shall require it."
Joshua 22:29,Joshua,22,29,medium,15,0,0,0,0,,4,0,0,0,0,0,0,0,0,,,0,0,0,0,,,1,soteria-sacrifice-formula,AutoComplete.db WordSense; Bible Word Study; Factbook; recent history,lexical_support,salvation-shaped rendering,high,keep,keep,"altar, being, lord, peace, sacrifice, salvation","importance=medium; keywords=altar, being, lord, peace, sacrifice, salvation; crossref_top_vote=4; logos=1; logos_reco=keep; logos_flags=lexical_support; logos_support=salvation-shaped rendering; reco=keep","May it never be for us to turn away from the Lord in these days, to revolt from the Lord, so as to build for ourselves an altar for offerings and sacrifices of well-being and the sacrifice of salvation besides the altar of the Lord that is before his tent.","Far be it from us therefore that we should turn away from the Lord this day so as to apostatize from the Lord, so as that we should build an altar for burnt-offerings, and for peace-offerings, besides the altar of the Lord which is before his tabernacle."
Joshua 22:34,Joshua,22,34,medium,12,0,0,0,0,,4,1,0,0,0,0,0,0,0,,,0,0,0,0,,,0,,,,,,,,"altar, god, lord, name","importance=medium; keywords=altar, god, lord, name; crossref_top_vote=4","And Joshua named the altar of the Reubenites and the Gadites and the half tribe of Manasseh, and said, It is a witness between them that the Lord is their God.","And Joshua gave a name to the altar of the children of Ruben, and the children of Gad, and of the half tribe of Manasse; and said, It is a testimony in the midst of them, that the Lord is their God."
Joshua 24:19,Joshua,24,19,medium,15,0,0,0,0,,8,0,0,2,1,0,0,0,1,unclear,,0,0,0,0,,,0,,,,,,,,"being, forgive, god, holy, lord","importance=medium; keywords=being, forgive, god, holy, lord; crossref_top_vote=8; eng=fresh:1/brenton:0/mt:0; eng_flags=unclear","And Joshua said to the people, You will not be able to serve the Lord, because he is a holy and jealous God; he will not forgive your sins and your lawless deeds.","And Joshua said to the people, Indeed ye will not be able to serve the Lord, for God is holy; and he being jealous will not forgive your sins and your transgressions."
Joshua 24:33,Joshua,24,33,low,11,0,0,0,0,,3,3,0,0,0,0,0,0,0,,,0,0,0,0,,,0,,,,,,,,"god, king, lord, priest","importance=low; keywords=god, king, lord, priest; crossref_top_vote=3","And after these things Eleazar son of Aaron the high priest died, and they buried him in Gabaath of Phinehas his son, which he gave him in the hill-country of Ephraim. On that day the sons of Israel took the ark of God and carried it among themselves, and Phinehas served as priest in place of Eleazar his father until he died, and he was buried in his own Gabaath. And the sons of Israel went away each to his own place and to his own city, and the sons of Israel worshiped Astarte and Astaroth and the gods of the nations around them, and the Lord gave them into the hands of Eglom king of Moab, and he ruled over them eighteen years.","And it came to pass afterwards that Eleazar the high-priest the son of Aaron died, and was buried in Gabaar of Phinees his son, which he gave him in mount Ephraim."
Judges 6:34,Judges,6,34,medium,10,0,0,0,0,,8,2,0,0,0,0,0,0,0,,,0,0,0,0,,,0,,,,,,,,"god, lord, spirit","importance=medium; keywords=god, lord, spirit; crossref_top_vote=8","And the Spirit of God clothed Gideon, and he sounded the horn, and Abiezer cried out after him.","And the Spirit of the Lord came upon Gedeon, and he blew with the horn, and Abiezer came to help after him."
Judges 13:6,Judges,13,6,medium,10,0,0,0,0,,7,3,0,0,0,0,0,0,0,,,0,0,0,0,,,0,,,,,,,,"angel, god, name","importance=medium; keywords=angel, god, name; crossref_top_vote=7","And the woman came and said to her husband, saying, A man of God came to me, and his appearance was like the appearance of an angel of God, very awe-inspiring, and I asked where he was from, and he did not tell me his name.","And the woman went in, and spoke to her husband, saying, A man of God came to me, and his appearance was as of an angel of God, very dreadful; and I did not ask him whence he was, and he did not tell me his name."
Judges 13:8,Judges,13,8,medium,10,0,0,0,0,,6,1,0,0,0,0,0,0,0,,,0,0,0,0,,,0,,,,,,,,"being, god, lord","importance=medium; keywords=being, god, lord; crossref_top_vote=6","And Manōe prayed to the Lord and said, I beg, Lord, may the man of God whom you sent to us please come to us again and instruct us what we should do for the child being born.","And Manoë prayed to the Lord and said, I pray thee, O Lord my Lord, concerning the man of God whom thou sentest; let him now come to us once more, and teach us what we shall do to the child about to be born."
Judges 13:9,Judges,13,9,medium,10,0,0,0,0,,6,1,0,0,0,0,0,0,0,,,0,0,0,0,,,0,,,,,,,,"angel, god, lord","importance=medium; keywords=angel, god, lord; crossref_top_vote=6","And God listened to the voice of Manōe, and the angel of God came again to the woman while she was sitting in the field, and Manōe her husband was not with her.","And the Lord heard the voice of Manoë, and the angel of God came yet again to the woman; and she sat in the field, and Manoë her husband was not with her."
Judges 13:20,Judges,13,20,medium,10,0,0,0,0,,8,2,0,0,0,0,0,0,0,,,0,0,0,0,,,0,,,,,,,,"altar, angel, lord","importance=medium; keywords=altar, angel, lord; crossref_top_vote=8","And it came to be when the flame went up from the altar to heaven, the angel of the Lord went up in the flame, and Manōe and his wife were watching, and they fell on their faces to the ground.","And it came to pass when the flame went up above the altar toward heaven, that the angel of the Lord went up in the flame; and Manoë and his wife were looking, and they fell upon their face to the earth."
Judges 21:4,Judges,21,4,low,10,0,0,0,0,,5,1,1,0,0,0,0,0,0,,,0,0,0,0,,,1,soteria-sacrifice-formula,AutoComplete.db WordSense; Bible Word Study; Factbook; recent history,lexical_support,salvation-shaped rendering,high,keep,keep,"altar, peace, salvation","importance=low; keywords=altar, peace, salvation; crossref_top_vote=5; crossref_shared_family=1; logos=1; logos_reco=keep; logos_flags=lexical_support; logos_support=salvation-shaped rendering; reco=keep","And it came to be on the next day, the people rose early and built there an altar and offered whole burnt offerings of salvation.","And it came to pass on the morrow that the people rose up early, and built there an altar, and offered up whole-burnt-offerings and peace-offerings."
Ruth 1:8,Ruth,1,8,low,9,0,0,0,0,,8,5,0,0,0,0,0,0,0,,,0,0,0,0,,,0,,,,,,,,"law, lord, mercy","importance=low; keywords=law, lord, mercy; crossref_top_vote=8","And Noemin said to her daughters-in-law, Go now, return each to her mother's house. May the Lord deal with you in mercy, as you dealt with the dead and with me.","And Noemin said to her daughters-in-law, Go now, return each to the house of her mother: the Lord deal mercifully with you, as ye have dealt with the dead, and with me."
Ruth 2:12,Ruth,2,12,low,8,0,0,0,0,,29,1,0,0,0,0,0,0,0,,,0,0,0,0,,,0,,,,,,,,"god, lord","importance=low; keywords=god, lord; crossref_top_vote=29","May the Lord repay your work, and may your wage be full from the Lord God of Israel, under whose wings you came to trust.","The Lord recompense thy work: may a full reward be given thee of the Lord God of Israel, to whom thou hast come to trust under his wings."
Ruth 2:13,Ruth,2,13,low,9,0,0,0,0,,8,1,0,0,0,0,0,0,0,,,0,0,0,0,,,0,,,,,,,,"grace, lord, servant","importance=low; keywords=grace, lord, servant; crossref_top_vote=8","And she said, May I find favor in your eyes, lord, because you comforted me and because you spoke to the heart of your servant, and behold, I shall be as one of your maidservants.","And she said, Let me find grace in thy sight, my lord, because thou hast comforted me, and because thou hast spoken kindly to thy handmaid, and behold, I shall be as one of thy servants."
Ruth 2:20,Ruth,2,20,medium,10,0,0,0,0,,7,1,0,0,0,0,0,0,0,,,0,0,0,0,,,0,,,,,,,,"law, lord, mercy","importance=medium; keywords=law, lord, mercy; crossref_top_vote=7","And Noemin said to her daughter-in-law, Blessed is he by the Lord, because he did not forsake his mercy with the living and with the dead. And Noemin said to her, The man is near to us; he is from those redeeming us.","And Noemin said to her daughter-in-law, Blessed is he of the Lord, because he has not failed in his mercy with the living and with the dead: and Noemin said to her, The man is near akin to us, he is one of our relations."
Ruth 3:10,Ruth,3,10,low,9,0,0,0,0,,9,1,0,0,0,0,0,0,0,,,0,0,0,0,,,0,,,,,,,,"god, lord, mercy","importance=low; keywords=god, lord, mercy; crossref_top_vote=9","And he said, Blessed are you by the Lord God, daughter, because you made your latter mercy better than the first, by not going after young men, whether poor or rich.","And Booz said, Blessed be thou of the Lord God, my daughter, for thou hast made thy latter kindness greater than the former, in that thou followest not after young men, whether any be poor or rich."
Ruth 4:12,Ruth,4,12,low,9,0,0,0,0,,5,1,0,0,0,0,0,0,0,,,0,0,0,0,,,0,,,,,,,,"lord, seed, servant","importance=low; keywords=lord, seed, servant; crossref_top_vote=5","And may your house become like the house of Phares, whom Thamar bore to Judah, from the seed that the Lord will give you from this servant girl.","And let thy house be as the house of Phares, whom Thamar bore to Juda, of the seed which the Lord shall give thee of this handmaid."
1 Samuel 2:10,1 Samuel,2,10,medium,15,0,0,0,0,,9,0,0,0,0,0,0,0,0,,,0,0,0,0,,,0,,,,,,,,"anointed, holy, judgment, justice, lord, righteousness","importance=medium; keywords=anointed, holy, judgment, justice, lord, righteousness; crossref_top_vote=9","The Lord will make his adversary weak; the Lord is holy. Let not the wise boast in his wisdom, and let not the strong boast in his strength, and let not the rich boast in his wealth, but in this let the boasting one boast: to understand and know the Lord and to do judgment and righteousness in the midst of the earth. The Lord went up into the heavens and thundered; he will judge the ends of the earth and gives strength to our kings and will lift up the horn of his anointed.","The Lord will weaken his adversary; the Lord is holy. Let not the wise man boast in his wisdom, nor let the mighty man boast in his strength, and let not the rich man boast in his wealth; but let him that boasts boast in this, to understand and know the Lord, and to execute judgment and justice in the midst of the earth. The Lord has gone up to the heavens, and has thundered: he will judge the extremities of the earth, and he gives strength to our kings, and will exalt the horn of his Christ."
1 Samuel 15:22,1 Samuel,15,22,high,18,1,1,0,0,,418,2,0,0,0,0,0,0,0,,keep,0,0,0,0,,,0,,,,,,,keep,"lord, sacrifice","decisions=1; footnotes=1; reviewed_decisions=1; importance=high; keywords=lord, sacrifice; crossref_top_vote=418; eng_reco=keep; reco=keep","And Samouēl said, Is it acceptable to the Lord, whole burnt offerings and sacrifices, as hearing the voice of the Lord? Behold, hearing is better than sacrifice, and listening than the fat of rams.","And Samuel said, Does the Lord take pleasure in whole-burnt-offerings and sacrifices, as in hearing the words of the Lord? behold, obedience is better than a good sacrifice, and hearkening than the fat of rams."
1 Samuel 16:7,1 Samuel,16,7,high,18,1,1,0,0,,146,3,0,0,0,0,0,0,0,,keep,0,0,0,0,,,0,,,,,,,keep,"god, lord","decisions=1; footnotes=1; reviewed_decisions=1; importance=high; keywords=god, lord; crossref_top_vote=146; eng_reco=keep; reco=keep","And the Lord said to Samouēl, Do not look on his appearance, nor on the condition of his stature, because I have counted him as nothing. For God will not see as a human sees, because a human sees into the face, but God sees into the heart.","But the Lord said to Samuel, Look not on his appearance, nor on his stature, for I have rejected him; for God sees not as a man looks; for man looks at the outward appearance, but God looks at the heart."
1 Samuel 20:42,1 Samuel,20,42,high,19,1,1,0,0,,5,2,0,0,0,0,0,0,0,,keep,0,0,0,0,,,0,,,,,,,keep,"lord, name, peace, seed","decisions=1; footnotes=1; reviewed_decisions=1; importance=high; keywords=lord, name, peace, seed; crossref_top_vote=5; eng_reco=keep; reco=keep","And Iōnathan said, Go in peace, and as we two swore in the name of the Lord, saying, The Lord will be witness between me and you and between my seed and between your seed forever.","And Jonathan said to David, Go in peace, and as we have both sworn in the name of the Lord, saying, The Lord shall be witness between me and thee, and between my seed and thy seed for ever—even so let it be."
1 Samuel 23:16,1 Samuel,23,16,high,16,1,1,0,0,,205,5,0,3,3,0,0,0,0,,keep,0,0,0,0,,,0,,,,,,,keep,lord,decisions=1; footnotes=1; reviewed_decisions=1; importance=high; keywords=lord; crossref_top_vote=205; eng=fresh:3/brenton:0/mt:0; eng_reco=keep; reco=keep,And Iōnathan son of Saoul rose and went to David into the New Place and strengthened his hands in the Lord.,"And Jonathan son of Saul rose, and went to David to Cæne, and strengthened his hands in the Lord."
1 Samuel 30:6,1 Samuel,30,6,high,18,1,1,0,0,,33,1,0,0,0,0,0,0,0,,keep,0,0,0,0,,,0,,,,,,,keep,"god, lord, soul","decisions=1; footnotes=1; reviewed_decisions=1; importance=high; keywords=god, lord, soul; crossref_top_vote=33; eng_reco=keep; reco=keep","And David was greatly distressed, because the people spoke of stoning him, because the soul of all the people was bitter, each for his sons and for his daughters. And David strengthened himself in the Lord his God.","And David was greatly distressed, because the people spoke of stoning him, because the soul of all the people was grieved, each for his sons and his daughters: but David strengthened himself in the Lord his God."
2 Samuel 7:19,2 Samuel,7,19,high,17,1,1,0,0,,5,2,0,0,0,0,0,0,0,,,0,0,0,0,,,0,,,,,,,,"law, lord, servant","decisions=1; footnotes=1; importance=high; keywords=law, lord, servant; crossref_top_vote=5","And this was made a very small thing before you, my Lord, O Lord, and you spoke concerning the house of your servant for a long time to come. And this is the law of the human, my Lord, O Lord.","Whereas I was very little before thee, O Lord, my Lord, yet thou spokest concerning the house of thy servant for a long time to come. And is this the law of man, O Lord, my Lord?"
2 Samuel 12:13,2 Samuel,12,13,high,15,1,1,0,0,,15,1,0,0,0,0,0,0,0,,,0,0,0,0,,,0,,,,,,,,"lord, sin","decisions=1; footnotes=1; importance=high; keywords=lord, sin; crossref_top_vote=15","And David said to Nathan, I have sinned against the Lord. And Nathan said to David, And the Lord has caused your sin to pass over; you certainly will not die.","And David said to Nathan, I have sinned against the Lord. And Nathan said to David, And the Lord has put away thy sin; thou shalt not die."
2 Samuel 14:17,2 Samuel,14,17,high,21,1,1,0,0,,5,2,0,2,1,0,0,0,1,unclear,keep,0,0,0,0,,,0,,,,,,,keep,"angel, god, king, lord","decisions=1; footnotes=1; reviewed_decisions=1; importance=high; keywords=angel, god, king, lord; crossref_top_vote=5; eng=fresh:1/brenton:0/mt:0; eng_reco=keep; eng_flags=unclear; reco=keep","And the woman said, Let the word of my lord the king now be as an offering, because as an angel of God so is my lord the king, to hear the good and the evil, and the Lord your God will be with you.","And the woman said, If now the word of my lord the king be gracious,—well: for as an angel of God, so is my lord the king, to hear good and evil: and the Lord thy God shall be with thee."
2 Samuel 15:6,2 Samuel,15,6,high,15,1,1,0,0,,6,2,0,0,0,0,0,0,0,,,0,0,0,0,,,0,,,,,,,,"judgment, king","decisions=1; footnotes=1; importance=high; keywords=judgment, king; crossref_top_vote=6","And Abessalōm did according to this word to all Israel who were coming for judgment to the king, and Abessalōm was stealing the heart of the men of Israel.",And Abessalom did after this manner to all Israel that came to the king for judgment; and Abessalom gained the hearts of the men of Israel.
2 Samuel 23:1,2 Samuel,23,1,high,17,1,1,0,0,,7,2,0,2,2,0,0,0,0,,keep,0,0,0,0,,,0,,,,,,,keep,"anointed, god, lord","decisions=1; footnotes=1; reviewed_decisions=1; importance=high; keywords=anointed, god, lord; crossref_top_vote=7; eng=fresh:2/brenton:0/mt:0; eng_reco=keep; reco=keep","And these are the last words of David: Faithful is David son of Iessai, and faithful the man whom the Lord raised up to be the anointed of the God of Iakob, and beautiful are the psalms of Israel.",And these are the last words of David.
2 Samuel 24:25,2 Samuel,24,25,high,17,1,1,0,0,,5,0,0,2,1,1,0,0,0,smoothing_issue,,0,0,0,0,,,0,,,,,,,,"altar, lord, peace","decisions=1; footnotes=1; importance=high; keywords=altar, lord, peace; crossref_top_vote=5; eng=fresh:1/brenton:1/mt:0; eng_flags=smoothing_issue","And David built there an altar to the Lord and offered whole burnt offerings and peace offerings, and afterward Solomon added to the altar, because it had been small at first. And the Lord listened to the land, and the plague was restrained from over Israel.","And David built there an altar to the Lord, and offered up whole-burnt-offerings and peace-offerings: and Solomon made an addition to the altar afterwards, for it was little at first. And the Lord hearkened to the land, and the plague was stayed from Israel."
1 Kings 2:35,1 Kings,2,35,high,27,1,1,0,0,,5,1,0,2,2,0,0,0,0,,keep,0,0,0,0,,,0,,,,,,,keep,"altar, being, hades, king, lord, peace, priest, seed","decisions=1; footnotes=1; reviewed_decisions=1; importance=high; keywords=altar, being, hades, king, lord, peace; crossref_top_vote=5; eng=fresh:2/brenton:0/mt:0; eng_reco=keep; reco=keep","And the king gave Banaiou son of Iodae in his place over the generalship, and the kingdom was being set right in Ierousalem, and the king gave Sadok the priest as first priest instead of Abiathar. And the Lord gave understanding to Solomon and very much wisdom and breadth of heart like the sand that is beside the sea. And the understanding of Solomon was multiplied greatly beyond the understanding of all the ancients and beyond all the wise of Egypt. And he took the daughter of Pharao and brought her into the City of David until he finished his own house and the house of the Lord first and the wall of Ierousalem all around. In seven years he made it and finished it. And Solomon had seventy thousand carrying burdens and eighty thousand stonecutters in the mountain. And Solomon made the Sea and the bases and the great basins and the pillars and the fountain of the court and the bronze sea. And he built the citadel and its battlements and cut through the City of David. Thus the daughter of Pharao was going up from the City of David into her house that he built for her. Then he built the citadel. And Solomon offered up three times in the year whole burnt offerings and peace offerings on the altar that he built to the Lord and was burning incense before the Lord and finished the house. And these were the rulers set over the works of Solomon, three thousand six hundred overseers of the people doing the works. And he built Assour and Magdo and Gazer and upper Baithoron and Baalath. But after he built the house of the Lord and the wall of Ierousalem all around, after these things he built these cities. And while David was still living he commanded Solomon, saying, Behold, with you is Semei son of Gera, son of the seed of the Jeminaian from Chebron. He cursed me with a grievous curse on the day when I was going to the Camps, and he came down to meet me at the Jordan, and I swore to him by the Lord, saying, He shall not be put to death by the sword. And now do not hold him guiltless, because you are a prudent man and you will know what you will do to him, and you will bring his gray hair down in blood to Hades.","And the king appointed Banæas son of Jodae in his place over the host; and the kingdom was established in Jerusalem; and as for Sadoc the priest, the king appointed him to be high priest in the room of Abiathar. And Solomon son of David reigned over Israel and Juda in Jerusalem:"
1 Kings 2:46,1 Kings,2,46,high,16,1,1,0,0,,5,0,0,0,0,0,0,0,0,,,0,0,0,0,,,0,,,,,,,,"king, peace, priest","decisions=1; footnotes=1; importance=high; keywords=king, peace, priest; crossref_top_vote=5","And King Solomon commanded Banaias son of Iodae, and he went out and struck him and he died. And King Solomon was very understanding and wise, and Iouda and Israel were exceedingly many, like the sand on the sea in multitude, eating and drinking and rejoicing. And Solomon was ruler over all the kingdoms, and they were bringing gifts and serving Solomon all the days of his life. And Solomon began opening the domains of Lebanon. And he built Thermai in the wilderness. And this was Solomon's provision: thirty cors of fine flour and sixty cors of beaten flour, ten choice calves and twenty pasture-fed cattle and one hundred sheep, besides deer and gazelles and choice fatted birds. For he was ruler over everything beyond the river, from Raphi to Gaza, over all the kings beyond the river. And he had peace from all his sides all around, and Iouda and Israel lived trusting, each under his vine and under his fig tree, eating and drinking, from Dan to Bersabee, all the days of Solomon. And these were the chiefs of Solomon: Azariou son of Sadok the priest, and Orniou son of Nathan, chief of the overseers, and Edram over his house, and Souba secretary, and Basa son of Achithalam recorder, and Abi son of Ioab commander in chief, and Achire son of Edrai over the levies, and Banaia son of Iodae over the court guard and over the brickwork, and Zachour son of Nathan the counselor. And Solomon had forty thousand brood mares for chariots and twelve thousand horsemen. And he was ruler in all the kingdoms from the river to the land of the foreigners and to the borders of Egypt. Solomon son of David reigned over Israel and Iouda in Ierousalem.","And Solomon commanded Banæas the son of Jodae, and he went forth and slew him."
1 Kings 3:9,1 Kings,3,9,high,16,1,1,0,0,,29,3,0,0,0,0,0,0,0,,,0,0,0,0,,,0,,,,,,,,"righteousness, servant","decisions=1; footnotes=1; importance=high; keywords=righteousness, servant; crossref_top_vote=29","And you will give your servant a heart that hears and discerns your people in righteousness, to understand between good and evil. For who will be able to judge this heavy people of yours?","Thou shalt give therefore to thy servant a heart to hear and to judge thy people justly, and to discern between good and evil: for who will be able to judge this thy great people?"
1 Kings 8:53,1 Kings,8,53,high,21,1,1,0,0,,5,2,0,3,0,0,0,0,3,unclear,defer,0,0,0,0,,,0,,,,,,,defer,"god, lord, servant","decisions=1; footnotes=1; importance=high; keywords=god, lord, servant; crossref_top_vote=5; eng=fresh:0/brenton:0/mt:0; eng_reco=defer; eng_flags=unclear; reco=defer","because you set them apart to yourself for an inheritance from all the peoples of the earth, just as you spoke by the hand of your servant Moyses, when you brought out our fathers from the land of Egypt, O Lord, Lord. Then Solomon spoke concerning the house, as he finished building it: The sun the Lord made known in heaven. He said he would dwell in gloom. Build my house, a splendid house for yourself, for dwelling in newness. Behold, is not this written in the Book of the Song?","Because thou hast set them apart for an inheritance to thyself out of all the nations of the earth, as thou spokest by the hand of thy servant Moses, when thou broughtest our fathers out of the land of Egypt, O Lord God.—"
1 Kings 12:24,1 Kings,12,24,high,22,1,1,0,0,,4,0,0,2,2,0,0,0,0,,keep,0,0,0,0,,,0,,,,,,,keep,"being, god, king, lord, name, servant","decisions=1; footnotes=1; reviewed_decisions=1; importance=high; keywords=being, god, king, lord, name, servant; crossref_top_vote=4; eng=fresh:2/brenton:0/mt:0; eng_reco=keep; reco=keep","Thus says the Lord: You shall not go up nor fight with your brothers, sons of Israel. Let each return to his own house, because this word has happened from me. And they heard the word of the Lord and stopped from going according to the word of the Lord. And King Solomon sleeps with his fathers and is buried with his fathers in the City of David, and Roboam his son reigned in place of him in Ierousalem, being sixteen years old when he began to reign, and he reigned twelve years in Ierousalem, and the name of his mother was Naanan daughter of Anan son of Naas king of the sons of Ammon, and he did evil before the Lord and did not walk in the way of David his father. And there was a man from the hill country of Ephraim, servant to Solomon, and his name was Ieroboam, and his mother's name was Sarira, a prostitute woman, and Solomon gave him as chief officer of the staff over the burdens of the house of Ioseph, and he built for Solomon Sarira in the hill country of Ephraim, and he had three hundred chariots of horses. This one built the citadel among the burdens of the house of Ephraim. This one closed up the City of David and was being lifted up against the kingdom. And Solomon sought to put him to death, and he feared and fled to Sousakim king of Egypt and was with him until Solomon died. And Ieroboam heard in Egypt that Solomon died, and he spoke into the ears of Sousakim king of Egypt, saying, Send me away, and I will depart to my land. And Sousakim said to him, Ask what request and I will give it to you. And Sousakim gave to Ieroboam the elder sister of Thekemina, his own wife, for a wife. She was great among the daughters of the king and bore to Ieroboam Abia his son. And Ieroboam said to Sousakim, Truly send me away, and I will depart. And Ieroboam went out from Egypt and came to the land of Sarira in the hill country of Ephraim and gathered there all the scepter of Ephraim and built a fort there. And his young child became very sick with a very severe sickness, and Ieroboam went to inquire concerning the child, and he said to Ano his wife, Rise and go inquire of God concerning the child, whether he will live from his sickness. And there was a man in Selom, and his name was Achias, and he was sixty years old, and the word of the Lord was with him. And Ieroboam said to his wife, Rise and take in your hand to the man of God loaves and cakes for his children and grapes and a jar of honey. And the woman rose and took in her hand loaves and two cakes and grapes and a jar of honey for Achias, and the man was old and his eyes were dim from seeing. And she rose from Sarira and went. And it came to be when she entered the city to Achias the Selonite, Achias said to his young servant, Go out now to meet Ano wife of Ieroboam and say to her, Come in and do not stand still, because thus says the Lord: Hard things I am sending upon you. And Ano entered to the man of God, and Achias said to her, Why have you brought me loaves and grapes and cakes and a jar of honey? Thus says the Lord: Behold, you will depart from me, and it will be when you enter the gate into Sarira and your maidens come out to meet you and say to you, The child has died, because thus says the Lord: Behold, I will destroy from Ieroboam one urinating against a wall, and those dying of Ieroboam in the city dogs will devour, and the one dying in the field the birds of heaven will devour, and for the child they will mourn. Alas, Lord, because a good word concerning the Lord was found in him. And the woman departed when she heard, and it came to be when she entered into Sarira, the child died and the cry went out to meet her. And Ieroboam went to Sikima in the hill country of Ephraim and gathered there the tribes of Israel, and Roboam son of Solomon went up there. And the word of the Lord came to Samaias the Elamite, saying, Take for yourself a new garment not yet entered into water and tear it into twelve pieces, and give them to Ieroboam and say to him, Thus says the Lord: Take for yourself ten pieces to put on, and Ieroboam took them, and Samaias said, Thus says the Lord concerning the ten tribes of Israel. And the people said to Roboam son of Solomon, Your father made his yoke heavy upon us and made the foods of his table heavy. And now, if you lighten things upon us, we will serve you. And Roboam said to the people, In three days I will answer you a word. And he said, Bring in to me the elders and I will take counsel with them what word I should answer the people on the third day. And Roboam spoke into their ears, just as the people sent to him, and the elders said, Thus the people spoke to you. And Roboam scattered their counsel, and it was not pleasing before him, and he sent and brought in his companions and spoke these same things to them: Thus the people sent to me. And his companions said, Thus you will speak to the people, saying, My littleness is thicker than my father's loin. My father whipped you with whips, but I will rule you with scorpions. And the word was pleasing before Roboam, and he answered the people just as his companions, the young men, counseled him. And all the people cried out as one man, each to his neighbor, and they all cried aloud, saying, There is no share for us in David and no inheritance in the son of Iessai. To your tents, Israel, because this man is not for ruler nor for leader. And all the people were scattered from Sikim and each went to his tent, and Roboam prevailed and went and mounted his chariot and entered into Ierousalem, and all the scepter of Iouda and all the scepter of Benjamin went after him. And it came to be at the turn of the year, and Roboam gathered all the men of Iouda and Benjamin and went up to war against Ieroboam at Sikima. And the word of the Lord came to Samaias the man of God, saying, Speak to Roboam king of Iouda and to all the house of Iouda and Benjamin and to the remnant of the people, saying, Thus says the Lord: You shall not go up nor fight against your brothers the sons of Israel. Return each to his house, because this word has happened from me. And they heard the word of the Lord and held back from going according to the word of the Lord.","Thus saith the Lord, Ye shall not go up, neither shall ye fight with your brethren the sons of Israel: return each man to his own home; for this thing is from me; and they hearkened to the word of the Lord, and they ceased from going up, according to the word of the Lord."
1 Kings 16:28,1 Kings,16,28,high,16,1,1,0,0,,0,0,0,0,0,0,0,0,0,,,0,0,0,0,,,0,,,,,,,,"king, lord, name","decisions=1; footnotes=1; importance=high; keywords=king, lord, name","And Ambri slept with his fathers and was buried in Samaria, and Achaab his son reigned in place of him. And in the eleventh year of Ambri, Iosaphat son of Asa reigned, thirty-five years old in his reign, and he reigned twenty-five years in Ierousalem, and his mother's name was Gazouba daughter of Selei. And he walked in the way of Asa his father and did not turn aside from it, doing what was right before the Lord, except the high places they did not remove; they sacrificed on the high places and burned incense. And the rest of the alliances that Iosaphat made and all the dominion that he exercised and those against whom he fought, behold, are these not written in the Book of the Matters of the Days of the kings of Iouda? And the rest of the entanglements that were imposed in the days of Asa his father he removed from the land. And there was no king in Syria, only a deputy. And King Iosaphat made a ship for Tharsis to go to Sophir for gold, and it did not go because the ship was broken at Gasiongaber. Then the king of Israel said to Iosaphat, I will send your servants and my servants in the ship, and Iosaphat was not willing. And Iosaphat slept with his fathers and was buried with his fathers in the City of David, and Ioram his son reigned in place of him.","And Ambri slept with his fathers, and is buried in Samaria; and Achaab his son reigns in his stead."
2 Kings 1:3,2 Kings,1,3,low,11,0,0,0,0,,7,3,0,0,0,0,0,0,0,,,0,0,0,0,,,0,,,,,,,,"angel, god, king, lord","importance=low; keywords=angel, god, king, lord; crossref_top_vote=7","And angel of the Lord spoke to Elijah the Thesbite, saying, Rise, come to meet the messengers of Ochozias king of Samaria, and you will speak to them, Is it because there is no God in Israel that you are going to seek in Baal of flies, god of Akkarōn?","And an angel of the Lord called Eliu the Thesbite, saying, Arise, and go to meet the messengers of Ochozias king of Samaria, and thou shalt say to them, Is it because there is no God in Israel, that ye go to enquire of Baal fly, the god of Accaron? but it shall not be so."
2 Kings 1:18,2 Kings,1,18,high,16,1,1,0,0,,2,0,0,0,0,0,0,0,0,,,0,0,0,0,,,0,,,,,,,,"king, lord, sin","decisions=1; footnotes=1; importance=high; keywords=king, lord, sin; crossref_top_vote=2","And the rest of the matters of Ochozias, what he did, behold, are these not written in the Book of the Matters of the Days of the kings of Israel? And Iōram son of Achaab reigned over Israel in Samaria twelve years, in the eighteenth year of Iosaphat king of Iouda. And he did evil before the Lord, yet not like his brothers nor like his mother. And he removed the pillars of Baal that his father made and shattered them. Yet in the sins of the house of Ieroboam, who made Israel sin, he clung and did not depart from them. And the anger of the Lord was enraged against the house of Achaab.","And the rest of the acts of Ochozias which he did, behold, are they not written in the book of the chronicles of the kings of Israel?"
2 Kings 2:9,2 Kings,2,9,high,13,1,1,0,0,,12,4,0,2,2,0,0,0,0,,keep,0,0,0,0,,,0,,,,,,,keep,spirit,decisions=1; footnotes=1; reviewed_decisions=1; importance=high; keywords=spirit; crossref_top_vote=12; eng=fresh:2/brenton:0/mt:0; eng_reco=keep; reco=keep,"And it came to be when they crossed over, Elijah said to Elisaie, Ask what I should do for you before I am taken up from you. And Elisaie said, Let a double share of your spirit now be upon me.","And it came to pass while they were crossing over, that Eliu said to Elisaie, Ask what I shall do for thee before I am taken up from thee. And Elisaie said, Let there be, I pray thee, a double portion of thy spirit upon me."
2 Kings 18:12,2 Kings,18,12,medium,12,0,0,0,0,,2,4,0,0,0,0,0,0,0,,,0,0,0,0,,,0,,,,,,,,"covenant, god, lord, servant","importance=medium; keywords=covenant, god, lord, servant; crossref_top_vote=2","because they did not listen to the voice of the Lord their God and transgressed his covenant, all that Moses the servant of the Lord commanded, and they did not listen and did not do it.","because they hearkened not to the voice of the Lord their God, and transgressed his covenant, even in all things that Moses the servant of the Lord commanded, and hearkened not to them, nor did them."
2 Kings 23:24,2 Kings,23,24,medium,13,0,0,0,0,,7,0,0,0,0,0,0,0,0,,,0,0,0,0,,,0,,,,,,,,"king, law, lord, priest, spirit","importance=medium; keywords=king, law, lord, priest, spirit; crossref_top_vote=7","And indeed the spirit-mediums and the knowers and the theraphin and the idols and all the abominations that had appeared in the land of Judah and in Jerusalem king Iōsias removed, to establish the words of the law written upon the book which Chelkias the priest found in the house of the Lord.","Moreover Josias removed the sorcerers, and the wizards, and the theraphin, and the idols, and all the abominations that had been set up in the land of Juda and in Jerusalem, that he might keep the words of the law that were written in the book, which Chelcias the priest found in the house of the Lord."
2 Kings 23:25,2 Kings,23,25,medium,12,0,0,0,0,,6,1,0,0,0,0,0,0,0,,,0,0,0,0,,,0,,,,,,,,"king, law, lord, soul","importance=medium; keywords=king, law, lord, soul; crossref_top_vote=6","Like him there was no king before him who turned to the Lord with all his heart and with all his soul and with all his strength according to all the law of Moses, and after him none like him arose.","There was no king like him before him, who turned to the Lord with all his heart, and with all his soul, and with all his strength, according to all the law of Moses; and after him there rose not one like him."
1 Chronicles 6:34,1 Chronicles,6,34,medium,13,0,0,0,0,,0,0,0,0,0,0,0,0,0,,,0,0,0,0,,,0,,,,,,,,"altar, god, holy, lord, servant","importance=medium; keywords=altar, god, holy, lord, servant","And Aaron and his sons were burning incense upon the altar of the whole-burnt-offerings and upon the altar of incense for every work of the holy of holies and to make atonement for Israel, according to all that Moses child of God commanded.","And Aaron and his sons were to burn incense on the altar of whole-burnt-offerings, and on the altar of incense, for all the ministry in the holy of holies, and to make atonement for Israel, according to all things that Moses the servant of the Lord commanded."
1 Chronicles 15:29,1 Chronicles,15,29,medium,12,0,0,0,0,,5,2,0,0,0,0,0,0,0,,,0,0,0,0,,,0,,,,,,,,"covenant, king, lord, soul","importance=medium; keywords=covenant, king, lord, soul; crossref_top_vote=5","And it came to pass, ark of covenant of Lord came as far as City of Dauid, and Melchol daughter of Saul looked through window and saw king Dauid dancing and playing, and she despised him in her soul.","And the ark of the covenant of the Lord arrived, and came to the city of David; and Melchol the daughter of Saul looked down through the window, and saw king David dancing and playing: and she despised him in her heart."
1 Chronicles 16:35,1 Chronicles,16,35,low,13,0,0,0,0,,8,4,0,0,0,0,0,0,0,,,0,0,0,0,,,0,,,,,,,,"glory, god, holy, name, salvation","importance=low; keywords=glory, god, holy, name, salvation; crossref_top_vote=8","And say, Save us, God of our salvation, and deliver us from nations, to praise your holy name and to boast in your praises.","And say ye, Save us, O God of our salvation, and gather us, and rescue us from among the heathen, that we may praise thy holy name, and glory in thy praises."
1 Chronicles 16:40,1 Chronicles,16,40,medium,15,0,0,0,0,,4,0,0,2,0,0,0,0,2,unclear,keep,0,0,0,0,,,0,,,,,,,keep,"altar, god, law, lord, servant","importance=medium; keywords=altar, god, law, lord, servant; crossref_top_vote=4; eng=fresh:0/brenton:0/mt:0; eng_reco=keep; eng_flags=unclear; reco=keep","to offer whole burnt offerings to the Lord on the altar of whole burnt offerings continually, morning and evening, and according to all things written in the law of the Lord, whatever he commanded for the sons of Israel by the hand of Moyses servant of God,","to offer up whole-burnt-offerings to the Lord on the altar of whole-burnt-offerings continually morning and evening, and according to all things written in the law of the Lord, which he commanded the children of Israel by Moses the servant of God."
1 Chronicles 22:19,1 Chronicles,22,19,medium,17,0,0,0,0,,12,0,0,2,1,0,0,0,1,unclear,,0,0,0,0,,,0,,,,,,,,"being, covenant, god, holy, lord, name","importance=medium; keywords=being, covenant, god, holy, lord, name; crossref_top_vote=12; eng=fresh:1/brenton:0/mt:0; eng_flags=unclear","Now set your hearts and your souls to seek the Lord your God, and rise and build a sanctuary to the Lord your God, to bring the ark of the covenant of the Lord and the holy vessels of God into the house being built for the name of the Lord.","Now set your hearts and souls to seek after the Lord your God: and rise, and build a sanctuary to your God to carry in the ark of the covenant of the Lord, and the holy vessels of God, into the house that is to be built to the name of the Lord."
1 Chronicles 28:9,1 Chronicles,28,9,medium,13,0,0,0,0,,326,2,0,0,0,0,0,0,0,,,0,0,0,0,,,0,,,,,,,,"god, lord, soul","importance=medium; keywords=god, lord, soul; crossref_top_vote=326","And now, Salomon my son, know God of your fathers and serve him with complete heart and willing soul, because Lord examines all hearts and knows every thought. If you seek him, he will be found by you; and if you forsake him, he will forsake you to end.","And now, my son Solomon, know the God of thy fathers, and serve him with a perfect heart and willing soul: for the Lord searches all hearts, and knows every thought: if thou seek him, he will be found of thee; but if thou shouldest forsake him, he will forsake thee for ever."
2 Chronicles 6:20,2 Chronicles,6,20,low,13,0,0,3,3,"Acts 15:17, James 2:7, Romans 2:17",5,0,2,0,0,0,0,0,0,,,9,3,3,3,"literal_support, smoothing, translation_tradition",keep,0,,,,,,,keep,"name, servant","importance=low; keywords=name, servant; nt=Acts 15:17, James 2:7, Romans 2:17; crossref_top_vote=5; crossref_shared_family=2; nt_eng=support:3/soften:3/mixed:3; nt_eng_reco=keep; nt_eng_flags=literal_support, smoothing, translation_tradition; reco=keep","that your eyes may be open upon this house day and night, upon this place where you said your name would be called there, to hear prayer which your servant prays toward this place.","so that thine eyes should be open over this house by day and by night, towards this place, whereon thou saidst thy name should be called, so as to hear the prayer which thy servant prays towards this house."
2 Chronicles 7:14,2 Chronicles,7,14,low,15,0,0,2,3,"Acts 15:17, James 2:7",297,1,0,0,0,0,0,0,0,,,6,1,3,2,"literal_support, smoothing, translation_tradition",keep,0,,,,,,,keep,"name, repent","importance=low; keywords=name, repent; nt=Acts 15:17, James 2:7; crossref_top_vote=297; nt_eng=support:1/soften:3/mixed:2; nt_eng_reco=keep; nt_eng_flags=literal_support, smoothing, translation_tradition; reco=keep","and my people upon whom my name has been called are put to shame, and they pray and seek my face and turn from their evil ways, then I will hear from heaven and be merciful to their sins and heal their land.","then if my people, on whom my name is called, should repent, and pray, and seek my face, and turn from their evil ways, I also will hear from heaven, and I will be merciful to their sins, and I will heal their land."
2 Chronicles 9:8,2 Chronicles,9,8,low,15,0,0,0,0,,5,1,0,2,2,0,0,0,0,,keep,0,0,0,0,,,0,,,,,,,keep,"god, judgment, justice, king, lord, righteousness","importance=low; keywords=god, judgment, justice, king, lord, righteousness; crossref_top_vote=5; eng=fresh:2/brenton:0/mt:0; eng_reco=keep; reco=keep","Blessed be the Lord your God, who delighted in you to set you on his throne as king for the Lord your God. Because the Lord your God loved Israel to establish him forever, he gave you over them as king to do judgment and righteousness.","Blessed be the Lord thy God, who took pleasure in thee, to set thee upon his throne for a king, to the Lord thy God: forasmuch as the Lord thy God loved Israel to establish them for ever, therefore he has set thee over them for a king to execute judgment and justice."
2 Chronicles 12:13,2 Chronicles,12,13,high,23,1,0,3,3,"Acts 15:17, James 2:7, Romans 2:17",5,0,3,2,1,0,0,1,0,unclear,,9,3,3,3,"literal_support, smoothing, translation_tradition",keep,0,,,,,,,keep,"king, lord, name","decisions=1; reviewed_decisions=1; importance=high; keywords=king, lord, name; nt=Acts 15:17, James 2:7, Romans 2:17; crossref_top_vote=5; crossref_shared_family=3; eng=fresh:1/brenton:0/mt:0; eng_flags=unclear; nt_eng=support:3/soften:3/mixed:3; nt_eng_reco=keep; nt_eng_flags=literal_support, smoothing, translation_tradition; reco=keep","And Rehoboam was strengthened in Jerusalem and reigned. Rehoboam was forty-one years old when he began to reign, and he reigned seventeen years in Jerusalem, in the city which the Lord chose from all the tribes of the sons of Israel to have his name called there, and his mother's name was Naamah the Ammonite.","So king Roboam strengthened himself in Jerusalem, and reigned: and Roboam was forty and one years old when he began to reign, and he reigned seventeen years in Jerusalem, in the city which the Lord chose out of all the tribes of the children of Israel to call his name there: and his mother's name was Noomma the Ammanitess."
2 Chronicles 26:18,2 Chronicles,26,18,low,13,0,0,0,0,,7,2,0,0,0,0,0,0,0,,,0,0,0,0,,,0,,,,,,,,"glory, god, king, lord, sacrifice","importance=low; keywords=glory, god, king, lord, sacrifice; crossref_top_vote=7","And they stood against Ozia the king and said to him, Not for you, Ozia, to burn incense to Lord, but for priests, sons of Aaron, those sanctified to burn incense. Go out from sanctuary, because you rebelled from Lord, and this shall not be for glory to you from Lord God.","And they withstood Ozias the king, and said to him, It is not for thee, Ozias, to burn incense to the Lord, but only for the priests the sons of Aaron, who are consecrated to sacrifice: go forth of the sanctuary, for thou hast departed from the Lord; and this shall not be for glory to thee from the Lord God."
2 Chronicles 33:16,2 Chronicles,33,16,low,18,0,0,0,0,,2,0,2,2,1,0,0,0,1,unclear,,0,0,0,0,,,1,soteria-sacrifice-formula,AutoComplete.db WordSense; Bible Word Study; Factbook; recent history,lexical_support,salvation-shaped rendering,high,keep,keep,"altar, god, lord, peace, sacrifice, salvation","importance=low; keywords=altar, god, lord, peace, sacrifice, salvation; crossref_top_vote=2; crossref_shared_family=2; eng=fresh:1/brenton:0/mt:0; eng_flags=unclear; logos=1; logos_reco=keep; logos_flags=lexical_support; logos_support=salvation-shaped rendering; reco=keep","And he restored the altar of the Lord and sacrificed upon it a sacrifice of salvation and of praise, and told Iouda to serve the Lord God of Israel.","And he repaired the altar of the Lord, and offered upon it a sacrifice of peace-offering and thank-offering, and he told Juda to serve the Lord God of Israel."
Ezra 1:1,Ezra,1,1,medium,10,0,0,0,0,,34,0,0,0,0,0,0,0,0,,,0,0,0,0,,,0,,,,,,,,"king, lord, spirit","importance=medium; keywords=king, lord, spirit; crossref_top_vote=34","And in first year of Cyrus king of Persians, for fulfillment of word of the Lord from mouth of Ieremias, the Lord stirred spirit of Cyrus king of Persians, and he proclaimed with a voice through all his kingdom, also in writing, saying,","Now in the first year of Cyrus king of the Persians, that the word of the Lord by the mouth of Jeremias might be fulfilled, the Lord stirred up the spirit of Cyrus king of the Persians, and he issued a proclamation through all his kingdom, and that in writing, saying,"
Ezra 1:5,Ezra,1,5,medium,10,0,0,0,0,,7,4,0,0,0,0,0,0,0,,,0,0,0,0,,,0,,,,,,,,"god, lord, spirit","importance=medium; keywords=god, lord, spirit; crossref_top_vote=7","Then heads of father-houses of Iouda and Beniamin rose up, and priests and Levites, all whose spirit God stirred to go up to build house of the Lord in Ierousalem.","Then the chiefs of the families of Juda and Benjamin arose, and the priests, and the Levites, all whose spirit the Lord stirred up to go up to build the house of the Lord that is in Jerusalem."
Ezra 6:3,Ezra,6,3,low,11,0,0,0,0,,4,1,0,0,0,0,0,0,0,,,0,0,0,0,,,0,,,,,,,,"god, holy, king, sacrifice","importance=low; keywords=god, holy, king, sacrifice; crossref_top_vote=4","In first year of King Cyrus, Cyrus the king set decree concerning house of God in Ierousalem: Let the house be built, and the place where they sacrifice the offerings. And he set its height at sixty cubits and its breadth at sixty cubits,","In the first year of king Cyrus, Cyrus the king made a decree concerning the holy house of God that was in Jerusalem, saying, Let the house be built, and the place where they sacrifice the sacrifices. (Also he appointed its elevation, in height sixty cubits; its breadth was of sixty cubits.)"
Ezra 7:6,Ezra,7,6,low,11,0,0,0,0,,13,1,0,0,0,0,0,0,0,,,0,0,0,0,,,0,,,,,,,,"god, king, law, lord","importance=low; keywords=god, king, law, lord; crossref_top_vote=13","This Ezra came up from Babylon, and he was a quick scribe in law of Moses, which Lord God of Israel gave, and the king gave to him because hand of Lord his God was upon him in all he sought.","This Esdras went up out of Babylon; and he was a ready scribe in the law of Moses, which the Lord God of Israel gave: and the king gave him leave, for the hand of the Lord his God was upon him in all things which he sought."
Ezra 7:12,Ezra,7,12,low,11,0,0,0,0,,5,1,0,0,0,0,0,0,0,,,0,0,0,0,,,0,,,,,,,,"god, king, law, lord","importance=low; keywords=god, king, law, lord; crossref_top_vote=5","Arthasastha, king of kings, to Ezra, scribe of law of God of heaven: the matter is settled, and this the answer.","Arthasastha, king of kings, to Esdras, the scribe of the law of the Lord God of heaven, Let the order and the answer be accomplished."
Ezra 10:3,Ezra,10,3,medium,12,0,0,0,0,,8,1,0,0,0,0,0,0,0,,,0,0,0,0,,,0,,,,,,,,"covenant, god, law, offspring","importance=medium; keywords=covenant, god, law, offspring; crossref_top_vote=8","And now let us make a covenant with our God to put out all the women and those born from them, according to your counsel. Rise and warn them in commandments of our God, and let it be according to law.","Now then let us make a covenant with our God to put away all the wives, and their offspring, as thou shalt advise:"
Nehemiah 1:5,Nehemiah,1,5,medium,13,0,0,0,0,,25,1,0,0,0,0,0,0,0,,,0,0,0,0,,,0,,,,,,,,"covenant, god, lord, mercy","importance=medium; keywords=covenant, god, lord, mercy; crossref_top_vote=25","And I said, Please, Lord God of heaven, strong, great, and fearful, keeping the covenant and the mercy for those loving him and keeping his commandments,","And I said, Nay, I pray thee, O Lord God of heaven, the mighty, the great and terrible, keeping thy covenant and mercy to them that love him, and to those that keep his commandments:"
Nehemiah 1:11,Nehemiah,1,11,medium,15,0,0,0,0,,21,1,0,0,0,0,0,0,0,,,0,0,0,0,,,0,,,,,,,,"king, lord, mercy, name, servant","importance=medium; keywords=king, lord, mercy, name, servant; crossref_top_vote=21","Please, Lord, let your ear be attentive to prayer of your servant and to prayer of your servants who desire to fear your name, and prosper your servant today and give him for compassions before this man. And I was cupbearer to the king.","Turn not away, I pray thee, O Lord, but let thine ear be attentive to the prayer of thy servant, and to the prayer of thy servants, who desire to fear thy name: and prosper, I pray thee, thy servant this day, and cause him to find mercy in the sight of this man. Now I was the king's cup-bearer."
Nehemiah 8:9,Nehemiah,8,9,low,12,0,0,0,0,,6,0,0,0,0,0,0,0,0,,,0,0,0,0,,,0,,,,,,,,"god, holy, law, lord, priest","importance=low; keywords=god, holy, law, lord, priest; crossref_top_vote=6","And Nehemias and Ezra the priest and scribe and the Levites teaching the people said to all the people, This day is holy to the Lord our God. Do not mourn and do not weep. For all the people were weeping as they heard words of the law.","And Neemias, and Esdras the priest and scribe, and the Levites, and they that instructed the people, spoke and said to all the people, It is a holy day to the Lord our God; do not mourn, nor weep. For all the people wept when they heard the words of the law."
Nehemiah 9:5,Nehemiah,9,5,low,11,0,0,0,0,,5,3,0,0,0,0,0,0,0,,,0,0,0,0,,,0,,,,,,,,"glory, god, lord, name","importance=low; keywords=glory, god, lord, name; crossref_top_vote=5","And the Levites, Iesous and Kadmiel, said, Rise, bless the Lord your God from age to age, and they will bless name of your glory and will exalt it above every blessing and praise.","And the Levites, Jesus and Cadmiel, said, Rise up, bless the Lord our God forever and ever: and let them bless thy glorious name, and exalt it with all blessing and praise."
Nehemiah 10:29,Nehemiah,10,29,medium,12,0,0,0,0,,6,3,0,0,0,0,0,0,0,,,0,0,0,0,,,0,,,,,,,,"god, law, lord, servant","importance=medium; keywords=god, law, lord, servant; crossref_top_vote=6","And the rest of the people, the priests, the Levites, the gatekeepers, the singers, the nethinim, and everyone joining from peoples of the land to law of God, their wives, their sons, their daughters, everyone knowing and understanding,","were urgent with their brethren, and bound them under a curse, and entered into a curse, and into an oath, to walk in the law of God, which was given by the hand of Moses, the servant of God; to keep and to do all the commandments of the Lord, and his judgments, and his ordinances;"
Nehemiah 10:34,Nehemiah,10,34,medium,18,0,0,0,0,,6,1,0,0,0,0,0,0,0,,,0,0,0,0,,,0,,,,,,,,"altar, god, holy, law, lord, sacrifice, sin","importance=medium; keywords=altar, god, holy, law, lord, sacrifice; crossref_top_vote=6","for bread of the presence and sacrifice of the continual offering and for continual whole burnt offering of the Sabbaths, of the new moons, for the feasts and for the holy things and for the sin offerings to make atonement concerning Israel, and for works of house of our God.","And we cast lots for the office of wood-bearing, we the priests, and the Levites, and the people, to bring wood into the house of our God, according to the house of our families, at certain set times, year by year, to burn on the altar of the Lord our God, as it is written in the law:"
Esther 1:13,Esther,1,13,low,7,0,0,0,0,,6,2,0,0,0,0,0,0,0,,,0,0,0,0,,,0,,,,,,,,"judgment, law","importance=low; keywords=judgment, law; crossref_top_vote=6","And he said to his friends, Thus Astin has spoken. So make law and judgment concerning this.",
Esther 1:20,Esther,1,20,medium,8,0,0,0,0,,6,4,0,0,0,0,0,0,0,,,0,0,0,0,,,0,,,,,,,,"king, law","importance=medium; keywords=king, law; crossref_top_vote=6","And let the law which the king makes be heard in his kingdom, and thus all women will give honor to their husbands, from poor to rich.",
Esther 2:12,Esther,2,12,medium,10,0,0,0,0,,5,2,0,0,0,0,0,0,0,,,0,0,0,0,,,0,,,,,,,,"anointed, being, king","importance=medium; keywords=anointed, being, king; crossref_top_vote=5","And this was the time for a girl to go in to the king, when she completed twelve months, for thus the days of treatment are completed: six months being anointed with oil of myrrh and six months with spices and with the women's cosmetics.",
Esther 4:8,Esther,4,8,medium,8,0,0,0,0,,5,2,0,0,0,0,0,0,0,,,0,0,0,0,,,0,,,,,,,,"king, lord","importance=medium; keywords=king, lord; crossref_top_vote=5","And he gave him copy of the notice posted in Sousa for their destruction, to show Esther, and he told him to command her, after going in, to plead with the king and urge him for the people, remembering days of your humiliation, how you were nourished in my hand, because Aman, the second to the kingdom, has spoken against us for death. Call upon the Lord and speak to the king concerning us and rescue us from death.",
Esther 4:11,Esther,4,11,medium,8,0,0,0,0,,7,1,0,0,0,0,0,0,0,,,0,0,0,0,,,0,,,,,,,,"king, salvation","importance=medium; keywords=king, salvation; crossref_top_vote=7","all nations of the kingdom know that every man or woman who enters to the king in the inner court uncalled has no salvation, except the one to whom the king stretches out the golden scepter, that one will be saved. And I have not been called to go in to the king these thirty days.",
Esther 8:8,Esther,8,8,medium,8,0,0,0,0,,9,2,0,0,0,0,0,0,0,,,0,0,0,0,,,0,,,,,,,,"king, name","importance=medium; keywords=king, name; crossref_top_vote=9","Write also yourselves in my name as seems good to you, and seal it with my ring. For whatever is written when the king commands and sealed with my ring, there is no contradicting it.",
Job 1:1,Job,1,1,medium,12,0,0,0,0,,51,1,0,0,0,0,0,0,0,,,0,0,0,0,,,0,,,,,,,,"god, name, righteous","importance=medium; keywords=god, name, righteous; crossref_top_vote=51","There was a certain man in the land of Ausitis, whose name was Iōb, and that man was true, blameless, righteous, god-fearing, turning away from every evil thing.",
Job 1:8,Job,1,8,medium,9,0,0,0,0,,12,0,0,0,0,0,0,0,0,,,0,0,0,0,,,0,,,,,,,,"god, lord, servant","importance=medium; keywords=god, lord, servant; crossref_top_vote=12","And the Lord said to him, Did you set your mind against my servant Iōb, because there is no man like him on the earth, blameless, true, god-fearing, turning away from every evil thing?",
Job 2:3,Job,2,3,medium,10,0,0,0,0,,7,4,0,0,0,0,0,0,0,,,0,0,0,0,,,0,,,,,,,,"god, lord, servant","importance=medium; keywords=god, lord, servant; crossref_top_vote=7","And the Lord said to the slanderer, Did you then give attention to my servant Iōb, because there is no man like him on the earth, innocent, true, blameless, god-fearing, turning away from every evil, and he still holds fast his innocence? Yet you spoke against his possessions to destroy them for nothing.",
Job 9:2,Job,9,2,low,9,0,0,0,0,,8,1,0,0,0,0,0,0,0,,,0,0,0,0,,,0,,,,,,,,"lord, righteous, truth","importance=low; keywords=lord, righteous, truth; crossref_top_vote=8",In truth I know that it is so; for how will a mortal be righteous before the Lord?,
Job 35:2,Job,35,2,low,9,0,0,0,0,,3,1,0,0,0,0,0,0,0,,,0,0,0,0,,,0,,,,,,,,"judgment, lord, righteous","importance=low; keywords=judgment, lord, righteous; crossref_top_vote=3","What is this you counted in judgment, you who said, I am righteous before Lord?",
Job 42:17,Job,42,17,medium,9,0,0,0,0,,11,0,0,0,0,0,0,0,0,,,0,0,0,0,,,0,,,,,,,,"king, lord, name","importance=medium; keywords=king, lord, name; crossref_top_vote=11","And Iōb died old and full of days. And it is written that he will rise again with those whom Lord raises up. This man, interpreted from Syriac book, dwelt in land Ausitis on borders of Idumaia and Arabia, and his former name was Iōbab. Taking Arabian wife, he fathered son whose name was Ennon. And he himself was son of Zare, one of sons of Esau, from mother Bosorra, so as to be fifth from Abraham. And these were kings who reigned in Edom, over which he also first ruled: Balak son of Beōr, and name of his city was Dennaba; after Balak, Iōbab called Iōb; after him Asom, ruler from country of Thaimanitis; after him Adad son of Barad, who cut down Madiam in plain of Mōab, and name of his city was Geththaim. And friends coming to him were Eliphas king of sons of Esau from Thaimanites, Baldad tyrant of Sauchites, and Sophar king of Minaians.",
Psalms 19:7,Psalms,19,7,low,13,0,0,0,0,,52,2,0,0,0,0,0,0,0,,,0,0,0,0,,,0,,,,,,,,"anointed, holy, lord, salvation","importance=low; keywords=anointed, holy, lord, salvation; crossref_top_vote=52",Now I knew that Lord saved his Anointed; he will hear him from his holy heaven. Salvation of his right hand is in acts of power.,
Psalms 23:5,Psalms,23,5,low,13,0,0,0,0,,84,3,0,0,0,0,0,0,0,,,0,0,0,0,,,0,,,,,,,,"god, lord, mercy, savior","importance=low; keywords=god, lord, mercy, savior; crossref_top_vote=84",This one will receive blessing from Lord and mercy from God his savior.,
Psalms 24:1,Psalms,24,1,medium,12,0,0,0,0,,92,1,0,0,0,0,0,0,0,,,0,0,0,0,,,0,,,,,,,,"god, lord, soul","importance=medium; keywords=god, lord, soul; crossref_top_vote=92","Psalm of David. To you, Lord, I lifted my soul, O my God.",
Psalms 83:12,Psalms,83,12,low,14,0,0,0,0,,5,0,0,0,0,0,0,0,0,,,0,0,0,0,,,0,,,,,,,,"glory, god, grace, lord, mercy, truth","importance=low; keywords=glory, god, grace, lord, mercy, truth; crossref_top_vote=5",Because the Lord God loves mercy and truth; the Lord will give grace and glory; he will not withhold good things from those walking in innocence.,
Psalms 84:11,Psalms,84,11,low,14,0,0,0,0,,106,3,0,0,0,0,0,0,0,,,0,0,0,0,,,0,,,,,,,,"mercy, peace, righteousness, truth","importance=low; keywords=mercy, peace, righteousness, truth; crossref_top_vote=106",Mercy and truth met together; righteousness and peace kissed.,
Psalms 113:9,Psalms,113,9,low,13,0,0,0,0,,15,2,0,0,0,0,0,0,0,,,0,0,0,0,,,0,,,,,,,,"glory, lord, mercy, name, truth","importance=low; keywords=glory, lord, mercy, name, truth; crossref_top_vote=15","Not to us, Lord, not to us, but to your name give glory, upon your mercy and your truth.",
Proverbs 3:9,Proverbs,3,9,medium,11,0,0,0,0,,33,3,0,0,0,0,0,0,0,,,0,0,0,0,,,0,,,,,,,,"lord, righteous, righteousness","importance=medium; keywords=lord, righteous, righteousness; crossref_top_vote=33",Honor Lord from your righteous labors and offer firstfruits to him from fruits of your righteousness.,
Proverbs 3:16,Proverbs,3,16,low,11,0,0,0,0,,14,4,0,0,0,0,0,0,0,,,0,0,0,0,,,0,,,,,,,,"glory, law, mercy, righteousness","importance=low; keywords=glory, law, mercy, righteousness; crossref_top_vote=14","For length of life and years of life are in her right hand; in her left are riches and glory. From her mouth comes righteousness, and law and mercy she carries on her tongue.",
Proverbs 9:10,Proverbs,9,10,low,11,0,0,0,0,,72,2,0,0,0,0,0,0,0,,,0,0,0,0,,,0,,,,,,,,"holy, law, lord","importance=low; keywords=holy, law, lord; crossref_top_vote=72","Beginning of wisdom fear of Lord, and counsel of holy ones understanding. For knowing law belongs to good mind.",
Proverbs 10:3,Proverbs,10,3,medium,11,0,0,0,0,,20,2,0,0,0,0,0,0,0,,,0,0,0,0,,,0,,,,,,,,"lord, righteous, soul","importance=medium; keywords=lord, righteous, soul; crossref_top_vote=20","Lord will not starve righteous soul, but life of ungodly he will overthrow.",
Proverbs 15:29,Proverbs,15,29,medium,11,0,0,0,0,,27,5,0,0,0,0,0,0,0,,,0,0,0,0,,,0,,,,,,,,"god, righteous, righteousness","importance=medium; keywords=god, righteous, righteousness; crossref_top_vote=27","God far from ungodly, but prayers of righteous he hears. Better little taking with righteousness than much produce with injustice. Let heart of man reckon righteous things, so that his steps may be corrected by God.",
Proverbs 26:11,Proverbs,26,11,medium,11,0,0,0,0,,26,2,0,0,0,0,0,0,0,,,0,0,0,0,,,0,,,,,,,,"glory, grace, sin","importance=medium; keywords=glory, grace, sin; crossref_top_vote=26","As dog when it returns to its own vomit and becomes hateful, so fool, turning in his own evil, returns to his own sin. There is shame bringing sin, and there is shame = glory and grace.",
Ecclesiastes 2:24,Ecclesiastes,2,24,medium,8,0,0,0,0,,17,2,0,0,0,0,0,0,0,,,0,0,0,0,,,0,,,,,,,,"god, soul","importance=medium; keywords=god, soul; crossref_top_vote=17","There is no good in man except that he should eat and drink and show his soul good in his toil; and this too I saw, that it is from hand of God.",
Ecclesiastes 2:26,Ecclesiastes,2,26,medium,9,0,0,0,0,,43,2,0,0,0,0,0,0,0,,,0,0,0,0,,,0,,,,,,,,"god, spirit","importance=medium; keywords=god, spirit; crossref_top_vote=43","Because to the man who is good before him he gave wisdom and knowledge and gladness, but to the sinner he gave distraction, to add and to gather in order to give to one good before the face of God; because this too is vanity and choice of spirit.",
Ecclesiastes 6:2,Ecclesiastes,6,2,medium,10,0,0,0,0,,10,1,0,0,0,0,0,0,0,,,0,0,0,0,,,0,,,,,,,,"glory, god, soul","importance=medium; keywords=glory, god, soul; crossref_top_vote=10","A man to whom God gives wealth and possessions and glory, so that his soul lacks nothing of all he desires, yet God does not empower him to eat from it, because a foreign man will eat it. This is vanity and grievous sickness.",
Ecclesiastes 7:20,Ecclesiastes,7,20,medium,9,0,0,0,0,,28,3,0,0,0,0,0,0,0,,,0,0,0,0,,,0,,,,,,,,"righteous, sin","importance=medium; keywords=righteous, sin; crossref_top_vote=28",Because there is not righteous man on earth who will do good and not sin.,
Ecclesiastes 11:5,Ecclesiastes,11,5,medium,9,0,0,0,0,,22,2,0,0,0,0,0,0,0,,,0,0,0,0,,,0,,,,,,,,"god, spirit","importance=medium; keywords=god, spirit; crossref_top_vote=22","As you do not know what way of spirit, as bones in womb of pregnant woman, so you will not know works of God, who will make all things.",
Ecclesiastes 11:9,Ecclesiastes,11,9,medium,9,0,0,0,0,,45,3,0,0,0,0,0,0,0,,,0,0,0,0,,,0,,,,,,,,"god, judgment","importance=medium; keywords=god, judgment; crossref_top_vote=45","Rejoice, young man, in your youth, and let your heart do you good in days of youth, and walk in ways of your heart and in sight of your eyes, and know that for all these God will bring you in judgment.",
Song of Solomon 1:7,Song of Solomon,1,7,medium,8,0,0,0,0,,8,3,0,0,0,0,0,0,0,,,0,0,0,0,,,0,,,,,,,,"shepherd, soul","importance=medium; keywords=shepherd, soul; crossref_top_vote=8","Tell me, you whom my soul loved, where do you shepherd, where do you rest at noon, lest I become as one veiled over flocks of your companions?",
Song of Solomon 2:3,Song of Solomon,2,3,medium,6,0,0,0,0,,7,4,0,0,0,0,0,0,0,,,0,0,0,0,,,0,,,,,,,,beloved,importance=medium; keywords=beloved; crossref_top_vote=7,"As an apple tree among trees of the grove, so my beloved in midst of sons. In his shadow I desired and sat, and his fruit was sweet to my palate.",
Song of Solomon 2:9,Song of Solomon,2,9,medium,6,0,0,0,0,,6,5,0,0,0,0,0,0,0,,,0,0,0,0,,,0,,,,,,,,beloved,importance=medium; keywords=beloved; crossref_top_vote=6,"My beloved is like gazelle or fawn of deer on mountains of Bethel. Look, he stands behind our wall, peering through windows, looking through lattices.",
Song of Solomon 3:1,Song of Solomon,3,1,medium,6,0,0,0,0,,10,1,0,0,0,0,0,0,0,,,0,0,0,0,,,0,,,,,,,,soul,importance=medium; keywords=soul; crossref_top_vote=10,On my bed by nights I sought the one my soul loved; I sought him and did not find him; I called him and he did not answer me.,
Song of Solomon 5:6,Song of Solomon,5,6,medium,8,0,0,0,0,,5,1,0,0,0,0,0,0,0,,,0,0,0,0,,,0,,,,,,,,"beloved, soul","importance=medium; keywords=beloved, soul; crossref_top_vote=5","I opened, I, to my beloved; my beloved passed by. My soul went out at his word. I sought him and did not find him; I called him and he did not answer me.",
Song of Solomon 6:2,Song of Solomon,6,2,low,7,0,0,0,0,,7,2,0,0,0,0,0,0,0,,,0,0,0,0,,,0,,,,,,,,"beloved, shepherd","importance=low; keywords=beloved, shepherd; crossref_top_vote=7","My beloved went down into his garden, into bowls of spice, to shepherd in gardens and gather lilies.",
Isaiah 9:6,Isaiah,9,6,low,14,0,0,0,0,,177,6,0,0,0,0,0,0,0,,,0,0,0,0,,,0,,,,,,,,"judgment, lord, peace, righteousness","importance=low; keywords=judgment, lord, peace, righteousness; crossref_top_vote=177","Great his rule, and his peace has no boundary, upon throne of David and his kingdom, to make it prosper and uphold it in righteousness and judgment from now and forever. Zeal of Lord Sabaoth will do these things.",
Isaiah 12:2,Isaiah,12,2,low,15,0,0,0,0,,54,1,0,2,2,0,0,0,0,,keep,0,0,0,0,,,0,,,,,,,keep,"glory, god, lord, salvation, savior","importance=low; keywords=glory, god, lord, salvation, savior; crossref_top_vote=54; eng=fresh:2/brenton:0/mt:0; eng_reco=keep; reco=keep","Behold, my God is my savior. I will trust in the Lord and be saved in him, and I will not fear, because the Lord is my glory and my praise, and he became salvation to me.",
Isaiah 44:2,Isaiah,44,2,low,14,0,0,0,0,,200,1,0,0,0,0,0,0,0,,,0,0,0,0,,,0,,,,,,,,"beloved, god, lord, servant","importance=low; keywords=beloved, god, lord, servant; crossref_top_vote=200","Thus says Lord God, one making you and shaping you from womb: You will still be helped. Do not fear, my servant Jacob, beloved Israel whom I chose.",
Isaiah 49:7,Isaiah,49,7,medium,14,0,0,0,0,,12,2,0,0,0,0,0,0,0,,,0,0,0,0,,,0,,,,,,,,"god, holy, lord, servant, soul","importance=medium; keywords=god, holy, lord, servant, soul; crossref_top_vote=12","Thus says Lord, the one rescuing you, the God of Israel: to the one despised in soul, to the one abhorred by nations, to servant of rulers: Kings will see and rise, rulers also, and will worship, because of Lord, because Holy One of Israel is faithful, and he chose you.",
Isaiah 54:10,Isaiah,54,10,medium,16,0,0,0,0,,56,3,0,0,0,0,0,0,0,,keep,0,0,0,0,,,0,,,,,,,keep,"being, covenant, lord, mercy, peace","importance=medium; keywords=being, covenant, lord, mercy, peace; crossref_top_vote=56; eng_reco=keep; reco=keep","Mountains may be moved and your hills shaken, but my mercy for you will not fail, and the covenant of your peace will not be moved, says the Lord, being gracious to you.",
Isaiah 59:21,Isaiah,59,21,medium,15,0,0,0,0,,320,3,0,0,0,0,0,0,0,,,0,0,0,0,,,0,,,,,,,,"covenant, lord, seed, spirit","importance=medium; keywords=covenant, lord, seed, spirit; crossref_top_vote=320","And this covenant from me with them, said Lord: My Spirit which is on you and words I put in your mouth will not fail from your mouth nor from mouth of your seed, said Lord, from now and forever.",
Jeremiah 4:2,Jeremiah,4,2,low,13,0,0,0,0,,8,3,0,2,2,0,0,0,0,,keep,0,0,0,0,,,0,,,,,,,keep,"god, judgment, lord, righteousness, truth","importance=low; keywords=god, judgment, lord, righteousness, truth; crossref_top_vote=8; eng=fresh:2/brenton:0/mt:0; eng_reco=keep; reco=keep","and one swears, As the Lord lives, with truth and in judgment and in righteousness, then nations will bless in him, and in him they will praise God in Jerusalem.",
Jeremiah 7:11,Jeremiah,7,11,low,12,0,0,3,3,"Acts 15:17, James 2:7, Romans 2:17",10,5,0,0,0,0,0,0,0,,,15,4,6,5,"literal_support, smoothing, translation_tradition",keep,0,,,,,,,keep,"lord, name","importance=low; keywords=lord, name; nt=Acts 15:17, James 2:7, Romans 2:17; crossref_top_vote=10; nt_eng=support:4/soften:6/mixed:5; nt_eng_reco=keep; nt_eng_flags=literal_support, smoothing, translation_tradition; reco=keep","has my house over which my name has been called become den of robbers there before you? And I, behold, have seen, says Lord.",
Jeremiah 9:23,Jeremiah,9,23,low,13,0,0,0,0,,57,4,0,0,0,0,0,0,0,,keep,0,0,0,0,,,0,,,,,,,keep,"judgment, lord, mercy, righteousness","importance=low; keywords=judgment, lord, mercy, righteousness; crossref_top_vote=57; eng_reco=keep; reco=keep","but in this let the one boasting boast: to understand and know that I am the Lord, doing mercy and judgment and righteousness on the earth, because in these is my will, says the Lord.",
Jeremiah 14:9,Jeremiah,14,9,medium,14,0,0,2,3,"Acts 15:17, James 2:7",5,1,1,0,0,0,0,0,0,,,6,1,3,2,"literal_support, smoothing, translation_tradition",keep,0,,,,,,,keep,"lord, name","importance=medium; keywords=lord, name; nt=Acts 15:17, James 2:7; crossref_top_vote=5; crossref_shared_family=1; nt_eng=support:1/soften:3/mixed:2; nt_eng_reco=keep; nt_eng_flags=literal_support, smoothing, translation_tradition; reco=keep","Do not be like sleeping man or like man unable to save. And you are in us, Lord, and your name is called upon us; do not forget us.",
Jeremiah 15:16,Jeremiah,15,16,low,15,0,0,2,3,"Acts 15:17, James 2:7",549,1,0,0,0,0,0,0,0,,,6,1,3,2,"literal_support, smoothing, translation_tradition",keep,0,,,,,,,keep,"lord, name","importance=low; keywords=lord, name; nt=Acts 15:17, James 2:7; crossref_top_vote=549; nt_eng=support:1/soften:3/mixed:2; nt_eng_reco=keep; nt_eng_flags=literal_support, smoothing, translation_tradition; reco=keep","By those rejecting your words, consume them. And your word will be to me joy and gladness of my heart, because your name is called upon me, Lord Almighty.",
Jeremiah 23:5,Jeremiah,23,5,low,14,0,0,0,0,,23,1,0,0,0,0,0,0,0,,,0,0,0,0,,,0,,,,,,,,"judgment, king, lord, righteous, righteousness","importance=low; keywords=judgment, king, lord, righteous, righteousness; crossref_top_vote=23","Behold, days come, says Lord, and I will raise up for David a righteous dawning, and a king will reign and understand and do judgment and righteousness upon earth.",
Lamentations 1:15,Lamentations,1,15,medium,8,0,0,0,0,,5,4,0,0,0,0,0,0,0,,,0,0,0,0,,,0,,,,,,,,"lord, virgin","importance=medium; keywords=lord, virgin; crossref_top_vote=5",Lord took away all my mighty ones from midst of me. He called time against me to crush my chosen ones. Lord trod winepress for virgin daughter Judah. Over these things I weep.,
Lamentations 2:1,Lamentations,2,1,low,7,0,0,0,0,,5,2,0,0,0,0,0,0,0,,,0,0,0,0,,,0,,,,,,,,"glory, lord","importance=low; keywords=glory, lord; crossref_top_vote=5",How Lord darkened daughter Zion in his anger. He cast down from heaven to earth glory of Israel and did not remember footstool of his feet in day of his anger.,
Lamentations 2:6,Lamentations,2,6,low,8,0,0,0,0,,5,0,0,0,0,0,0,0,0,,,0,0,0,0,,,0,,,,,,,,"king, lord, priest","importance=low; keywords=king, lord, priest; crossref_top_vote=5",He scattered his tent like a vine. He destroyed his feast. Lord forgot in Zion feast and sabbath and provoked in crash of his anger king and priest and ruler.,
Lamentations 2:9,Lamentations,2,9,low,8,0,0,0,0,,7,0,0,0,0,0,0,0,0,,,0,0,0,0,,,0,,,,,,,,"king, law, lord","importance=low; keywords=king, law, lord; crossref_top_vote=7","Her gates sank into the ground. He destroyed and broke her bars. Her king and her rulers are among the nations. There is no law, and even her prophets did not see a vision from the Lord.",
Lamentations 3:25,Lamentations,3,25,medium,9,0,0,0,0,,56,0,0,0,0,0,0,0,0,,,0,0,0,0,,,0,,,,,,,,"lord, soul","importance=medium; keywords=lord, soul; crossref_top_vote=56","Lord good to those waiting for him, soul that seeks him, good.",
Lamentations 3:26,Lamentations,3,26,low,8,0,0,0,0,,35,3,0,0,0,0,0,0,0,,,0,0,0,0,,,0,,,,,,,,"lord, salvation","importance=low; keywords=lord, salvation; crossref_top_vote=35",And he waits and is quiet for salvation of Lord.,
Ezekiel 18:20,Ezekiel,18,20,medium,11,0,0,0,0,,39,2,0,0,0,0,0,0,0,,,0,0,0,0,,,0,,,,,,,,"righteous, righteousness, soul","importance=medium; keywords=righteous, righteousness, soul; crossref_top_vote=39","And soul sinning will die, but son will not bear injustice of his father, nor father bear injustice of his son. Righteousness of righteous one will be upon him, and lawlessness of lawless one will be upon him.",
Ezekiel 20:39,Ezekiel,20,39,low,11,0,0,0,0,,3,1,0,0,0,0,0,0,0,,,0,0,0,0,,,0,,,,,,,,"god, holy, lord, name","importance=low; keywords=god, holy, lord, name; crossref_top_vote=3","And you, house of Israel, thus says Lord God: Each one, cast away his practices, and after these things, if you do not listen to me, you will no longer profane my holy name with your gifts and with your practices.",
Ezekiel 39:25,Ezekiel,39,25,low,12,0,0,0,0,,6,0,0,0,0,0,0,0,0,,,0,0,0,0,,,0,,,,,,,,"god, holy, lord, mercy, name","importance=low; keywords=god, holy, lord, mercy, name; crossref_top_vote=6",Therefore thus says Lord God: Now I will turn back captivity of Jacob and have mercy on house of Israel and be jealous for my holy name.,
Ezekiel 43:19,Ezekiel,43,19,low,11,0,0,0,0,,5,1,0,0,0,0,0,0,0,,,0,0,0,0,,,0,,,,,,,,"god, lord, seed, sin","importance=low; keywords=god, lord, seed, sin; crossref_top_vote=5","And you will give to the Levitical priests, from seed of Zadok, those drawing near to me to minister to me, says Lord God, a young bull from the herd for sin.",
Ezekiel 44:15,Ezekiel,44,15,low,11,0,0,0,0,,5,1,0,0,0,0,0,0,0,,,0,0,0,0,,,0,,,,,,,,"god, holy, lord, sacrifice","importance=low; keywords=god, holy, lord, sacrifice; crossref_top_vote=5","But the Levitical priests, sons of Zadok, who kept the charges of my holy things when the house of Israel went astray from me, they will come near me to minister to me and stand before me to offer me sacrifice, fat and blood, says Lord God.",
Ezekiel 45:9,Ezekiel,45,9,low,11,0,0,0,0,,6,2,0,0,0,0,0,0,0,,,0,0,0,0,,,0,,,,,,,,"god, judgment, lord, righteousness","importance=low; keywords=god, judgment, lord, righteousness; crossref_top_vote=6","Thus says Lord God: Enough for you, rulers of Israel. Remove injustice and misery; do judgment and righteousness; remove oppression from my people, says Lord God.",
Daniel 3:28,Daniel,3,28,medium,12,0,0,0,0,,14,3,0,0,0,0,0,0,0,,,0,0,0,0,,,0,,,,,,,,"angel, god, king, lord","importance=medium; keywords=angel, god, king, lord; crossref_top_vote=14","And king Nebuchadnezzar answered and said, Blessed is Lord God of Shadrach, Meshach, and Abednego, who sent his angel and saved his servants who hoped in him. For they set aside command of the king and gave their bodies over to burning so that they would not serve or worship another god except their own God.",
Daniel 4:22,Daniel,4,22,medium,12,0,0,0,0,,4,1,0,0,0,0,0,0,0,,,0,0,0,0,,,0,,,,,,,,"being, god, holy, king","importance=medium; keywords=being, god, holy, king; crossref_top_vote=4","And as for that tree being lifted up and coming near heaven and its trunk touching clouds, you, king, were exalted above all humans on face of whole earth. Your heart was lifted up in pride, and in strength your works were shown against the Holy One and his angels, because you laid waste house of living God because of sins of his consecrated people.",
Daniel 4:33,Daniel,4,33,medium,12,0,0,0,0,,3,1,0,0,0,0,0,0,0,,,0,0,0,0,,,0,,,,,,,,"god, king, lord, soul","importance=medium; keywords=god, king, lord, soul; crossref_top_vote=3","By morning all these things will be completed upon you, Nebuchadnezzar king of Babylon, and none of them will fail. I, Nebuchadnezzar king of Babylon, was bound for seven years; they fed me grass like an ox, and I ate from herbs of the earth. And after seven years I gave my soul to prayer and begged concerning my sins before Lord God of heaven, and concerning my ignorances I prayed to God of gods, the great one. And my hair became like eagle feathers, and my nails like those of a lion. My flesh was changed, and my heart; I walked naked among beasts of the earth. I saw a dream, and thoughts seized me, and after a time much sleep took me and drowsiness fell upon me.",
Daniel 4:34,Daniel,4,34,low,11,0,0,0,0,,9,1,0,0,0,0,0,0,0,,,0,0,0,0,,,0,,,,,,,,"angel, glory, god, holy","importance=low; keywords=angel, glory, god, holy; crossref_top_vote=9","And at completion of the seven years, time of my release came, and my sins and my ignorances were filled up before God of heaven, and I prayed concerning my ignorances to God of gods, the great one, and behold, an angel called to me from heaven, saying, Nebuchadnezzar, serve God of heaven, the Holy One, and give glory to the Most High; kingdom of your nation is restored to you.",
Daniel 4:37,Daniel,4,37,medium,16,0,0,0,0,,16,3,0,0,0,0,0,0,0,,,0,0,0,0,,,0,,,,,,,,"god, holy, king, lord, sacrifice, soul","importance=medium; keywords=god, holy, king, lord, sacrifice, soul; crossref_top_vote=16","I confess and praise the Most High, the one who made heaven and earth and seas and rivers and all in them. I confess and praise because he is God of gods and Lord of lords and King of kings, because he works signs and wonders and changes times and seasons, removing kingdom from kings and setting others in their place. From now on I will serve him, and fear of him has seized me, and I praise all his holy ones. Gods of nations have no power in themselves to turn kingdom of a king to another king, or to kill and make alive, or to do great and fearsome signs and wonders, or to change exceedingly great things, as God of heaven did in me and changed great things upon me. All days of my kingdom I will offer sacrifices concerning my soul to the Most High as sweet smell to the Lord, and I and my people and my nation and my lands under my authority will do what is pleasing before him. And whoever speaks against God of heaven, and whoever is caught speaking, I will condemn to death. King Nebuchadnezzar wrote a circular letter to all nations and lands and languages dwelling in all regions and generations: Praise Lord God of heaven and offer sacrifice and offering to him gloriously. I, king of kings, confess him gloriously, because this day he has done thus with me and seated me on my throne, and my authority and kingdom were restored to me. It seemed good to me to show you and your wise men that there is a God and his wonders are great. His kingdom is a kingdom forever, his authority from generations to generations. And he sent letters concerning all things that happened to him in his kingdom to all nations under his kingdom.",
Daniel 9:4,Daniel,9,4,medium,13,0,0,0,0,,26,1,0,0,0,0,0,0,0,,,0,0,0,0,,,0,,,,,,,,"covenant, god, lord, mercy","importance=medium; keywords=covenant, god, lord, mercy; crossref_top_vote=26","And I prayed to Lord God and confessed and said, Behold, Lord, you are the great God and the mighty and fearsome one, keeping covenant and mercy for those loving you and keeping your commands.",
Hosea 3:4,Hosea,3,4,medium,10,0,0,0,0,,6,1,0,0,0,0,0,0,0,,,0,0,0,0,,,0,,,,,,,,"altar, king, sacrifice","importance=medium; keywords=altar, king, sacrifice; crossref_top_vote=6",Because many days sons of Israel will sit without king and without ruler and without sacrifice and without altar and without priesthood and without manifestations.,
Hosea 4:1,Hosea,4,1,low,11,0,0,0,0,,7,1,0,0,0,0,0,0,0,,,0,0,0,0,,,0,,,,,,,,"god, lord, mercy, truth","importance=low; keywords=god, lord, mercy, truth; crossref_top_vote=7","Hear word of Lord, sons of Israel, because Lord has a case against inhabitants of the land, because there is no truth nor mercy nor knowledge of God upon the land.",
Hosea 4:6,Hosea,4,6,low,11,0,0,0,0,,84,2,0,0,0,0,0,0,0,,,0,0,0,0,,,0,,,,,,,,"god, law, priest","importance=low; keywords=god, law, priest; crossref_top_vote=84","My people became like those having no knowledge. Because you rejected knowledge, I also will reject you from serving as priest to me. And you forgot law of your God; I also will forget your children.",
Hosea 5:4,Hosea,5,4,medium,10,0,0,0,0,,7,2,0,0,0,0,0,0,0,,,0,0,0,0,,,0,,,,,,,,"god, lord, spirit","importance=medium; keywords=god, lord, spirit; crossref_top_vote=7","They have not set their counsels toward returning to their God, because a spirit of whoredom is in them, and they did not know the Lord.",
Hosea 6:6,Hosea,6,6,low,11,0,0,0,0,,62,2,0,0,0,0,0,0,0,,,0,0,0,0,,,0,,,,,,,,"god, mercy, sacrifice","importance=low; keywords=god, mercy, sacrifice; crossref_top_vote=62","Because I want mercy and not sacrifice, and knowledge of God rather than burnt offerings.",
Hosea 13:4,Hosea,13,4,low,11,0,0,0,0,,13,1,0,0,0,0,0,0,0,,,0,0,0,0,,,0,,,,,,,,"created, god, lord, savior","importance=low; keywords=created, god, lord, savior; crossref_top_vote=13","But I am Lord your God, establishing heaven and creating earth, whose hands created all army of heaven, and I did not show them to you for you to go after them. And I brought you up from land of Egypt, and besides me you will know no god, and there is no savior except me.",
Joel 1:13,Joel,1,13,low,9,0,0,0,0,,7,1,0,0,0,0,0,0,0,,,0,0,0,0,,,0,,,,,,,,"altar, god, sacrifice","importance=low; keywords=altar, god, sacrifice; crossref_top_vote=7","Gird yourselves and beat yourselves, priests; lament, those serving at altar. Enter, spend the night in sackcloth, those serving God, because sacrifice and drink offering have been kept back from house of your God.",
Joel 2:13,Joel,2,13,low,10,0,0,0,0,,29,2,0,0,0,0,0,0,0,,,0,0,0,0,,,0,,,,,,,,"god, lord, mercy","importance=low; keywords=god, lord, mercy; crossref_top_vote=29","And tear your hearts and not your garments, and return to the Lord your God, because he is merciful and compassionate, long-suffering and rich in mercy and relenting over calamities.",
Joel 2:14,Joel,2,14,low,10,0,0,0,0,,11,0,0,0,0,0,0,0,0,,,0,0,0,0,,,0,,,,,,,,"god, lord, repent, sacrifice","importance=low; keywords=god, lord, repent, sacrifice; crossref_top_vote=11","Who knows whether he will turn and repent and leave behind him blessing, sacrifice, and drink offering to the Lord our God?",
Joel 2:23,Joel,2,23,low,10,0,0,0,0,,49,2,0,0,0,0,0,0,0,,,0,0,0,0,,,0,,,,,,,,"god, lord, righteousness","importance=low; keywords=god, lord, righteousness; crossref_top_vote=49","And children of Zion, rejoice and be glad in Lord your God, because he gave you foods in righteousness, and he will rain on you early and latter rain as before.",
Joel 2:26,Joel,2,26,low,9,0,0,0,0,,12,3,0,0,0,0,0,0,0,,,0,0,0,0,,,0,,,,,,,,"god, lord, name","importance=low; keywords=god, lord, name; crossref_top_vote=12","And eating you will eat and be filled and praise name of Lord your God, who did wonders with you, and my people will never be put to shame forever.",
Joel 3:5,Joel,3,5,low,9,0,0,4,3,"Acts 2:21, Romans 10:13, 1 Corinthians 1:2, 2 Timothy 2:22",4,0,0,0,0,0,0,0,0,,,12,12,0,0,literal_support,keep,0,,,,,,,keep,"lord, name","importance=low; keywords=lord, name; nt=Acts 2:21, Romans 10:13, 1 Corinthians 1:2, 2 Timothy 2:22; crossref_top_vote=4; nt_eng=support:12/soften:0/mixed:0; nt_eng_reco=keep; nt_eng_flags=literal_support; reco=keep","And it will be that everyone who calls on name of Lord will be saved, because on mount Zion and in Jerusalem there will be survivors, as Lord said, and those bearing good news whom Lord has called.",
Amos 2:7,Amos,2,7,medium,10,0,0,0,0,,5,1,0,0,0,0,0,0,0,,,0,0,0,0,,,0,,,,,,,,"god, name, servant","importance=medium; keywords=god, name, servant; crossref_top_vote=5","Those trampling heads of the poor into the dust of the earth and turning aside way of humble, and son and father were going in to same servant-girl so as to profane name of their God.",
Amos 3:7,Amos,3,7,low,9,0,0,0,0,,66,3,0,0,0,0,0,0,0,,,0,0,0,0,,,0,,,,,,,,"god, lord","importance=low; keywords=god, lord; crossref_top_vote=66",Because Lord God will never do a thing unless he reveals his discipline to his servants the prophets.,
Amos 4:13,Amos,4,13,medium,13,0,0,0,0,,16,0,0,0,0,0,0,0,0,,,0,0,0,0,,,0,,,,,,,,"anointed, god, lord, name, wind","importance=medium; keywords=anointed, god, lord, name, wind; crossref_top_vote=16","For, behold, I am he that strengthens the thunder and creates the wind and proclaims to humans his anointed one, forming the morning and the darkness and mounting on the high places of the earth; the Lord God Almighty is his name.",
Amos 5:15,Amos,5,15,low,11,0,0,0,0,,11,4,0,0,0,0,0,0,0,,,0,0,0,0,,,0,,,,,,,,"god, judgment, lord, mercy","importance=low; keywords=god, judgment, lord, mercy; crossref_top_vote=11","We hated evil things and loved good things, and restore judgment in gates, so that Lord God Almighty may show mercy to remnant of Joseph.",
Amos 9:1,Amos,9,1,medium,12,0,0,0,0,,5,2,0,0,0,0,0,0,0,,,0,0,0,0,,,0,,,,,,,,"altar, being, lord, mercy","importance=medium; keywords=altar, being, lord, mercy; crossref_top_vote=5","I saw the Lord standing upon the altar, and he said, Strike upon the mercy-seat, and the foregates will be shaken; cut through into heads of all, and the remnant of them I will kill with sword. No one fleeing from them will flee away, and no one being rescued from them will be saved.",
Amos 9:12,Amos,9,12,low,15,0,0,2,3,"Acts 15:17, James 2:7",7,1,1,0,0,0,0,0,0,,,6,1,3,2,"literal_support, smoothing, translation_tradition",keep,0,,,,,,,keep,"god, lord, name","importance=low; keywords=god, lord, name; nt=Acts 15:17, James 2:7; crossref_top_vote=7; crossref_shared_family=1; nt_eng=support:1/soften:3/mixed:2; nt_eng_reco=keep; nt_eng_flags=literal_support, smoothing, translation_tradition; reco=keep","so that remnant of men and all nations upon whom my name was called upon them may seek, says Lord God who does these things.",
Obadiah 1:1,Obadiah,1,1,low,6,0,0,0,0,,8,0,0,0,0,0,0,0,0,,,0,0,0,0,,,0,,,,,,,,"god, lord","importance=low; keywords=god, lord; crossref_top_vote=8","Vision of Obadiah. Thus says Lord God to Idumea: I heard a report from Lord, and he sent a message to nations: Rise, and let us rise against her for war.",
Obadiah 1:7,Obadiah,1,7,low,5,0,0,0,0,,6,1,0,0,0,0,0,0,0,,,0,0,0,0,,,0,,,,,,,,covenant,importance=low; keywords=covenant; crossref_top_vote=6,"To your borders they sent you away, all men of your covenant. Your peaceful men opposed you and prevailed against you. They set ambush under you; there is no understanding in them.",
Obadiah 1:8,Obadiah,1,8,low,5,0,0,0,0,,7,1,0,0,0,0,0,0,0,,,0,0,0,0,,,0,,,,,,,,lord,importance=low; keywords=lord; crossref_top_vote=7,"In that day, says Lord, I will destroy wise men from Idumea and understanding from mount of Esau.",
Obadiah 1:15,Obadiah,1,15,low,5,0,0,0,0,,11,2,0,0,0,0,0,0,0,,,0,0,0,0,,,0,,,,,,,,lord,importance=low; keywords=lord; crossref_top_vote=11,"Because day of Lord is near upon all nations. As you did, so it will be to you; your repayment will be returned on your head.",
Obadiah 1:16,Obadiah,1,16,low,5,0,0,0,0,,5,1,0,0,0,0,0,0,0,,,0,0,0,0,,,0,,,,,,,,holy,importance=low; keywords=holy; crossref_top_vote=5,"Because as you drank on my holy mountain, all nations will drink wine; they will drink and go down, and they will be as though not existing.",
Obadiah 1:17,Obadiah,1,17,low,7,0,0,0,0,,15,1,0,0,0,0,0,0,0,,,0,0,0,0,,,0,,,,,,,,"holy, salvation","importance=low; keywords=holy, salvation; crossref_top_vote=15","But on mount Zion there will be salvation, and it will be holy, and house of Jacob will inherit those who inherited them.",
Jonah 1:4,Jonah,1,4,medium,10,0,0,0,0,,10,1,0,0,0,0,0,0,0,,,0,0,0,0,,,0,,,,,,,,"being, lord, wind","importance=medium; keywords=being, lord, wind; crossref_top_vote=10","Lord stirred up a wind on sea, and a great surge happened on sea, and ship was in danger of being broken.",
Jonah 1:9,Jonah,1,9,low,8,0,0,0,0,,7,0,0,0,0,0,0,0,0,,,0,0,0,0,,,0,,,,,,,,"god, lord, servant","importance=low; keywords=god, lord, servant; crossref_top_vote=7","He said to them, I am servant of Lord, and I worship Lord God of heaven, who made sea and dry land.",
Jonah 1:14,Jonah,1,14,medium,8,0,0,0,0,,10,1,0,0,0,0,0,0,0,,,0,0,0,0,,,0,,,,,,,,"lord, righteous","importance=medium; keywords=lord, righteous; crossref_top_vote=10","They cried to the Lord and said, By no means, Lord, let us not perish on account of the life of this man, and do not put righteous blood on us, because you, Lord, have done as you wished.",
Jonah 2:2,Jonah,2,2,low,8,0,0,0,0,,25,2,0,0,0,0,0,0,0,,,0,0,0,0,,,0,,,,,,,,"god, lord","importance=low; keywords=god, lord; crossref_top_vote=25",Jonah prayed to Lord his God from belly of sea-creature.,
Jonah 2:8,Jonah,2,8,medium,9,0,0,0,0,,13,0,0,0,0,0,0,0,0,,,0,0,0,0,,,0,,,,,,,,"holy, lord, soul","importance=medium; keywords=holy, lord, soul; crossref_top_vote=13","When my soul was failing from me, I remembered Lord, and may my prayer come to you, into your holy temple.",
Jonah 2:10,Jonah,2,10,low,9,0,0,0,0,,10,2,0,0,0,0,0,0,0,,,0,0,0,0,,,1,soteria-sacrifice-formula,AutoComplete.db WordSense; Bible Word Study; Factbook; recent history,lexical_support,salvation-shaped rendering,high,keep,keep,"lord, sacrifice, salvation","importance=low; keywords=lord, sacrifice, salvation; crossref_top_vote=10; logos=1; logos_reco=keep; logos_flags=lexical_support; logos_support=salvation-shaped rendering; reco=keep","But I, with a voice of praise and confession, will sacrifice to you. Whatever I vowed I will repay to you. Salvation belongs to the Lord.",
Micah 3:8,Micah,3,8,medium,10,0,0,0,0,,11,5,0,0,0,0,0,0,0,,,0,0,0,0,,,0,,,,,,,,"judgment, lord, spirit","importance=medium; keywords=judgment, lord, spirit; crossref_top_vote=11","But I am filled with strength by the Spirit of the Lord and with judgment and power, to declare to Jacob his impiety and to Israel his sins.",
Micah 4:2,Micah,4,2,medium,10,0,0,0,0,,13,1,0,0,0,0,0,0,0,,,0,0,0,0,,,0,,,,,,,,"god, law, lord","importance=medium; keywords=god, law, lord; crossref_top_vote=13","And many nations will go and say, Come, let us go up to mountain of Lord and to house of God of Jacob, and they will show us his way and we will walk in his paths, because law will go out from Zion and word of Lord from Jerusalem.",
Micah 5:3,Micah,5,3,low,13,0,0,0,0,,11,4,0,0,0,0,0,0,0,,keep,0,0,0,0,,,0,,,,,,,keep,"glory, god, lord, name, shepherd","importance=low; keywords=glory, god, lord, name, shepherd; crossref_top_vote=11; eng_reco=keep; reco=keep","And he will stand and see and shepherd his flock in strength of the Lord and in glory of the name of the Lord their God. They will remain, because now he will be made great to the ends of the earth.",
Micah 6:7,Micah,6,7,medium,11,0,0,0,0,,7,0,0,0,0,0,0,0,0,,,0,0,0,0,,,0,,,,,,,,"firstborn, lord, sin, soul","importance=medium; keywords=firstborn, lord, sin, soul; crossref_top_vote=7","Will Lord accept thousands of rams or tens of thousands of torrents of fat? Shall I give my firstborn for impiety, fruit of my womb for sin of my soul?",
Micah 6:8,Micah,6,8,medium,15,0,0,0,0,,186,2,0,2,2,0,0,0,0,,keep,0,0,0,0,,,0,,,,,,,keep,"god, judgment, lord, mercy","importance=medium; keywords=god, judgment, lord, mercy; crossref_top_vote=186; eng=fresh:2/brenton:0/mt:0; eng_reco=keep; reco=keep","He told you, human, what is good, or what the Lord seeks from you: but to do judgment and love mercy and be ready to walk with the Lord your God.",
Micah 7:7,Micah,7,7,low,10,0,0,0,0,,45,1,0,0,0,0,0,0,0,,,0,0,0,0,,,0,,,,,,,,"god, lord, savior","importance=low; keywords=god, lord, savior; crossref_top_vote=45",But I will look to Lord; I will wait for God my savior; my God will hear me.,
Nahum 1:2,Nahum,1,2,low,7,0,0,0,0,,9,1,0,0,0,0,0,0,0,,,0,0,0,0,,,0,,,,,,,,"god, lord","importance=low; keywords=god, lord; crossref_top_vote=9","God is jealous and avenging; the Lord avenges with wrath. The Lord avenges his adversaries, and he removes his enemies.",
Nahum 1:3,Nahum,1,3,medium,6,0,0,0,0,,16,1,0,0,0,0,0,0,0,,,0,0,0,0,,,0,,,,,,,,lord,importance=medium; keywords=lord; crossref_top_vote=16,"The Lord is long-suffering, and great is his strength, and acquitting he will not acquit. The Lord's way is in destruction and in the whirlwind, and clouds are dust of his feet.",
Nahum 1:7,Nahum,1,7,low,7,0,0,0,0,,75,3,0,0,0,0,0,0,0,,,0,0,0,0,,,0,,,,,,,,lord,importance=low; keywords=lord; crossref_top_vote=75,"Lord good to those waiting for him in day of distress, and knowing those revering him.",
Nahum 1:9,Nahum,1,9,low,6,0,0,0,0,,22,1,0,0,0,0,0,0,0,,,0,0,0,0,,,0,,,,,,,,lord,importance=low; keywords=lord; crossref_top_vote=22,What do you plot against Lord? He himself will make an end; he will not take vengeance twice upon same thing in distress.,
Nahum 1:14,Nahum,1,14,medium,9,0,0,0,0,,6,0,0,0,0,0,0,0,0,,,0,0,0,0,,,0,,,,,,,,"god, lord, name","importance=medium; keywords=god, lord, name; crossref_top_vote=6","And the Lord will command concerning you: your name will no longer be sown. From house of your god I will destroy carved and cast images. I will make your grave, because you are vile.",
Nahum 3:5,Nahum,3,5,low,6,0,0,0,0,,8,0,0,0,0,0,0,0,0,,,0,0,0,0,,,0,,,,,,,,"god, lord","importance=low; keywords=god, lord; crossref_top_vote=8","Behold, I am against you, says Lord God Almighty, and I will uncover your backside to your face and show nations your shame and kingdoms your dishonor.",
Habakkuk 1:2,Habakkuk,1,2,medium,8,0,0,0,0,,9,1,0,0,0,0,0,0,0,,,0,0,0,0,,,0,,,,,,,,"being, lord","importance=medium; keywords=being, lord; crossref_top_vote=9","How long, Lord, will I cry out and you not hear? I will shout to you while being wronged, and you will not save.",
Habakkuk 1:12,Habakkuk,1,12,low,10,0,0,0,0,,10,0,0,0,0,0,0,0,0,,,0,0,0,0,,,0,,,,,,,,"god, holy, judgment, lord","importance=low; keywords=god, holy, judgment, lord; crossref_top_vote=10","Are you not from the beginning, Lord my God, my Holy One? And surely we shall not die. Lord, you appointed him for judgment, and he formed me to reprove his discipline.",
Habakkuk 2:4,Habakkuk,2,4,medium,12,0,0,0,0,,68,7,0,0,0,0,0,0,0,,,0,0,0,0,,,0,,,,,,,,"faith, righteous, soul","importance=medium; keywords=faith, righteous, soul; crossref_top_vote=68","If he should draw back, my soul has no pleasure in him; but the righteous one will live by my faith.",
Habakkuk 2:14,Habakkuk,2,14,low,9,0,0,0,0,,51,1,0,0,0,0,0,0,0,,,0,0,0,0,,,0,,,,,,,,"glory, lord","importance=low; keywords=glory, lord; crossref_top_vote=51",Because earth will be filled to know glory of Lord as water will cover them.,
Habakkuk 3:2,Habakkuk,3,2,medium,10,0,0,0,0,,28,0,0,0,0,0,0,0,0,,,0,0,0,0,,,0,,,,,,,,"lord, mercy, soul","importance=medium; keywords=lord, mercy, soul; crossref_top_vote=28","Lord, I heard your report and feared. I considered your works and was astonished. You will be known between the two living creatures; you will be acknowledged when the years draw near; you will be manifested when the time is come. When my soul is troubled, in wrath you will remember mercy.",
Habakkuk 3:18,Habakkuk,3,18,low,10,0,0,0,0,,33,2,0,0,0,0,0,0,0,,,0,0,0,0,,,0,,,,,,,,"god, lord, savior","importance=low; keywords=god, lord, savior; crossref_top_vote=33",But I will exult in Lord; I will rejoice in God my savior.,
Zephaniah 1:7,Zephaniah,1,7,low,8,0,0,0,0,,13,0,0,0,0,0,0,0,0,,,0,0,0,0,,,0,,,,,,,,"god, lord, sacrifice","importance=low; keywords=god, lord, sacrifice; crossref_top_vote=13","Stand in awe before the Lord God, because day of the Lord is near, because the Lord prepared his sacrifice; he consecrated his called ones.",
Zephaniah 1:8,Zephaniah,1,8,low,8,0,0,0,0,,6,0,0,0,0,0,0,0,0,,,0,0,0,0,,,0,,,,,,,,"king, lord, sacrifice","importance=low; keywords=king, lord, sacrifice; crossref_top_vote=6",And it will be in day of the Lord's sacrifice: I will take vengeance on the rulers and on the king's house and on all wearing foreign garments.,
Zephaniah 2:3,Zephaniah,2,3,low,9,0,0,0,0,,31,0,0,0,0,0,0,0,0,,,0,0,0,0,,,0,,,,,,,,"judgment, lord, righteousness","importance=low; keywords=judgment, lord, righteousness; crossref_top_vote=31","Seek Lord, all humble of earth, who have done his judgment. Seek righteousness; seek humility. It may be that you will be sheltered in day of Lord's wrath.",
Zephaniah 3:4,Zephaniah,3,4,medium,9,0,0,0,0,,6,0,0,0,0,0,0,0,0,,,0,0,0,0,,,0,,,,,,,,"holy, law, spirit","importance=medium; keywords=holy, law, spirit; crossref_top_vote=6","Her prophets are spirit-borne men, contemptuous; her priests profane holy things and act impiously against law.",
Zephaniah 3:5,Zephaniah,3,5,low,8,0,0,0,0,,11,0,0,0,0,0,0,0,0,,,0,0,0,0,,,0,,,,,,,,"judgment, lord, righteous","importance=low; keywords=judgment, lord, righteous; crossref_top_vote=11","But the Lord is righteous in her midst and will certainly not do injustice. Morning by morning he gives his judgment to the light; it does not fail, but unjust one knows no shame.",
Zephaniah 3:17,Zephaniah,3,17,low,9,0,0,0,0,,93,1,0,0,0,0,0,0,0,,,0,0,0,0,,,0,,,,,,,,"god, lord","importance=low; keywords=god, lord; crossref_top_vote=93","Lord your God in you, mighty, will save you; he will bring joy upon you and renew you in his love and rejoice over you in delight as on feast day.",
Haggai 1:1,Haggai,1,1,low,8,0,0,0,0,,6,0,0,0,0,0,0,0,0,,,0,0,0,0,,,0,,,,,,,,"king, lord, priest","importance=low; keywords=king, lord, priest; crossref_top_vote=6","In second year of Darius king, in sixth month, on first day of month, word of Lord came by hand of Haggai prophet, saying: Speak now to Zerubbabel son of Salathiel from tribe of Judah, and to Jeshua son of Josedek, the great priest, saying,",
Haggai 1:12,Haggai,1,12,low,8,0,0,0,0,,7,0,0,0,0,0,0,0,0,,,0,0,0,0,,,0,,,,,,,,"god, lord, priest","importance=low; keywords=god, lord, priest; crossref_top_vote=7","Zerubbabel son of Salathiel, from tribe of Judah, and Jeshua son of Josedek, the great priest, and all remnant of people, listened to voice of Lord their God and to words of Haggai prophet, because Lord their God sent him to them, and people feared before Lord.",
Haggai 1:13,Haggai,1,13,low,7,0,0,0,0,,7,3,0,0,0,0,0,0,0,,,0,0,0,0,,,0,,,,,,,,"lord, messenger","importance=low; keywords=lord, messenger; crossref_top_vote=7","Haggai, messenger of the Lord, said to the people, I am with you, says the Lord.",
Haggai 1:14,Haggai,1,14,medium,12,0,0,0,0,,6,1,0,2,2,0,0,0,0,,keep,0,0,0,0,,,0,,,,,,,keep,"god, lord, priest, spirit","importance=medium; keywords=god, lord, priest, spirit; crossref_top_vote=6; eng=fresh:2/brenton:0/mt:0; eng_reco=keep; reco=keep","The Lord stirred the spirit of Zerubbabel son of Salathiel from tribe of Judah, and the spirit of Jeshua son of Josedek the great priest, and the spirit of remnant of all the people, and they entered and were doing works in the house of the Lord Almighty their God,",
Haggai 2:4,Haggai,2,4,low,7,0,0,0,0,,14,2,0,0,0,0,0,0,0,,,0,0,0,0,,,0,,,,,,,,"lord, priest","importance=low; keywords=lord, priest; crossref_top_vote=14","But now be strong, Zerubbabel, says Lord, and be strong, Jeshua son of Josedek, the great priest, and let all people of land be strong, says Lord, and act, because I am with you, says Lord Almighty.",
Haggai 2:9,Haggai,2,9,medium,12,0,0,0,0,,18,4,0,0,0,0,0,0,0,,,0,0,0,0,,,0,,,,,,,,"glory, lord, peace, soul","importance=medium; keywords=glory, lord, peace, soul; crossref_top_vote=18","Latter glory of this house will be greater than first, says Lord Almighty, and in this place I will give peace, says Lord Almighty, and peace of soul for preservation to everyone building to raise this temple.",
Zechariah 4:6,Zechariah,4,6,medium,11,0,0,0,0,,170,2,0,0,0,0,0,0,0,,,0,0,0,0,,,0,,,,,,,,"lord, spirit","importance=medium; keywords=lord, spirit; crossref_top_vote=170","And he answered and said to me: This is word of Lord to Zerubbabel, saying: Not by great power nor by might, but by my Spirit, says Lord Almighty.",
Zechariah 7:9,Zechariah,7,9,low,13,0,0,0,0,,12,2,0,0,0,0,0,0,0,,,0,0,0,0,,,0,,,,,,,,"compassion, judgment, lord, mercy, righteous","importance=low; keywords=compassion, judgment, lord, mercy, righteous; crossref_top_vote=12","Thus says Lord Almighty: Judge righteous judgment, and do mercy and compassion, each toward his brother.",
Zechariah 7:12,Zechariah,7,12,medium,10,0,0,0,0,,7,2,0,0,0,0,0,0,0,,,0,0,0,0,,,0,,,,,,,,"law, lord, spirit","importance=medium; keywords=law, lord, spirit; crossref_top_vote=7","And they set their hearts in disobedience so as not to hear my law and the words that the Lord Almighty sent by his Spirit through the former prophets, and great wrath came from the Lord Almighty.",
Zechariah 12:10,Zechariah,12,10,medium,15,0,0,0,0,,34,4,0,0,0,0,0,0,0,,,0,0,0,0,,,0,,,,,,,,"beloved, compassion, firstborn, grace, spirit","importance=medium; keywords=beloved, compassion, firstborn, grace, spirit; crossref_top_vote=34","And I will pour out upon house of David and upon inhabitants of Jerusalem spirit of grace and compassion, and they will look toward me because they mocked, and they will mourn for him with mourning as for beloved one and grieve over him as over firstborn.",
Zechariah 13:9,Zechariah,13,9,low,15,0,0,4,3,"Acts 2:21, Romans 10:13, 1 Corinthians 1:2, 2 Timothy 2:22",132,2,0,0,0,0,0,0,0,,,12,12,0,0,literal_support,keep,0,,,,,,,keep,"god, lord, name","importance=low; keywords=god, lord, name; nt=Acts 2:21, Romans 10:13, 1 Corinthians 1:2, 2 Timothy 2:22; crossref_top_vote=132; nt_eng=support:12/soften:0/mixed:0; nt_eng_reco=keep; nt_eng_flags=literal_support; reco=keep","And I will bring third through fire and refine them as silver is refined and test them as gold is tested. He will call on my name, and I will hear him, and I will say, This is my people, and he will say, Lord is my God.",
Zechariah 14:5,Zechariah,14,5,low,11,0,0,0,0,,9,5,0,0,0,0,0,0,0,,,0,0,0,0,,,0,,,,,,,,"god, holy, king, lord","importance=low; keywords=god, holy, king, lord; crossref_top_vote=9","And ravine of my mountains will be blocked up, and ravine of mountains will cling together as far as Iasol, and it will be blocked as it was blocked in days of earthquake in days of Uzziah king of Judah, and Lord my God will come and all holy ones with him.",
Malachi 1:6,Malachi,1,6,low,11,0,0,0,0,,61,4,0,0,0,0,0,0,0,,,0,0,0,0,,,0,,,,,,,,"lord, name, servant","importance=low; keywords=lord, name, servant; crossref_top_vote=61","A son honors father and a servant his master. If I am father, where is my honor? And if I am Lord, where is my fear? says Lord Almighty to you, priests despising my name. And you said, In what have we despised your name?",
Malachi 1:14,Malachi,1,14,medium,10,0,0,0,0,,8,3,0,0,0,0,0,0,0,,,0,0,0,0,,,0,,,,,,,,"king, lord, name","importance=medium; keywords=king, lord, name; crossref_top_vote=8","Cursed is one who was able, and there was a male in his flock, and his vow was upon him, yet he sacrifices to the Lord a spoiled thing. Because I am a great King, says the Lord Almighty, and my name is manifest among the nations.",
Malachi 2:6,Malachi,2,6,medium,10,0,0,0,0,,12,6,0,0,0,0,0,0,0,,,0,0,0,0,,,0,,,,,,,,"law, peace, truth","importance=medium; keywords=law, peace, truth; crossref_top_vote=12","Law of truth was in his mouth, and injustice was not found on his lips. In peace he walked straight with me and turned many from injustice.",
Malachi 2:7,Malachi,2,7,low,11,0,0,0,0,,13,5,0,0,0,0,0,0,0,,,0,0,0,0,,,0,,,,,,,,"law, lord, messenger, priest","importance=low; keywords=law, lord, messenger, priest; crossref_top_vote=13","Because lips of priest will guard knowledge, and law they will seek from his mouth, because he is messenger of Lord Almighty.",
Malachi 2:10,Malachi,2,10,low,10,0,0,0,0,,42,3,0,0,0,0,0,0,0,,,0,0,0,0,,,0,,,,,,,,"covenant, create, god","importance=low; keywords=covenant, create, god; crossref_top_vote=42","Did not one God create you? Is not one father of all you? Why does each abandon his brother, to profane covenant of your fathers?",
Malachi 3:5,Malachi,3,5,medium,11,0,0,0,0,,28,5,0,0,0,0,0,0,0,,,0,0,0,0,,,0,,,,,,,,"judgment, lord, name","importance=medium; keywords=judgment, lord, name; crossref_top_vote=28","And I will come near to you in judgment and be swift witness against sorceresses and adulteresses and those swearing falsely by my name and those withholding wage of hired worker and oppressing widow and striking orphan and turning aside judgment of sojourner and not fearing me, says Lord Almighty.",
