name,kind,first_reference,source,footnote,occurrences,sample_refs,reason
Assyrians,people_group,Genesis 2:14,ot,Ethnic or group proper noun; retained as a people-name rather than translated as ordinary vocabulary.,110,Genesis 2:14; Genesis 25:18; Numbers 24:22; 2 Kings 15:19; 2 Kings 15:20; 2 Kings 15:29; 2 Kings 16:7; 2 Kings 16:9,logos_primary_entity
Gaidad,person,Genesis 4:18,ot,Source text carries this as a personal name; retained as a proper noun rather than translated as ordinary vocabulary.,2,Genesis 4:18,logos_alias_entity
Ada,person,Genesis 4:19,ot,Source text carries this as a personal name; retained as a proper noun rather than translated as ordinary vocabulary.,9,Genesis 4:19; Genesis 4:20; Genesis 4:23; Genesis 36:2; Genesis 36:4; Genesis 36:10; Genesis 36:12; Genesis 36:16,logos_alias_entity
Iobel,person,Genesis 4:20,ot,Source text carries this as a personal name; retained as a proper noun rather than translated as ordinary vocabulary.,1,Genesis 4:20,logos_alias_entity
Enos,person,Genesis 4:26,ot,Source text carries this as a personal name; retained as a proper noun rather than translated as ordinary vocabulary.,7,Genesis 4:26; Genesis 5:6; Genesis 5:7; Genesis 5:9; Genesis 5:10; Genesis 5:11; 1 Chronicles 1:1,logos_alias_entity
Cainan,person,Genesis 5:9,ot,Source text carries this as a personal name; retained as a proper noun rather than translated as ordinary vocabulary.,12,Genesis 5:9; Genesis 5:10; Genesis 5:12; Genesis 5:13; Genesis 5:14; Genesis 10:22; Genesis 10:24; Genesis 11:12,logos_primary_entity
Madai,person,Genesis 10:2,ot,Source text carries this as a personal name; retained as a proper noun rather than translated as ordinary vocabulary.,2,Genesis 10:2; 1 Chronicles 1:5,logos_primary_entity
Riphath,person,Genesis 10:3,ot,Source text carries this as a personal name; retained as a proper noun rather than translated as ordinary vocabulary.,2,Genesis 10:3; 1 Chronicles 1:6,logos_primary_entity
Phylistieim,people_group,Genesis 10:14,ot,Ethnic or group proper noun; retained as a people-name rather than translated as ordinary vocabulary.,1,Genesis 10:14,logos_alias_entity
Gergesite,people_group,Genesis 10:16,ot,Ethnic or group proper noun; retained as a people-name rather than translated as ordinary vocabulary.,4,Genesis 10:16; Deuteronomy 7:1; Deuteronomy 20:17; Joshua 3:10,logos_alias_entity
Canaanites,people_group,Genesis 10:18,ot,Ethnic or group proper noun; retained as a people-name rather than translated as ordinary vocabulary.,30,Genesis 10:18; Genesis 10:19; Genesis 12:6; Genesis 13:7; Genesis 15:21; Genesis 24:3; Genesis 24:37; Genesis 28:1,logos_primary_entity
Arphaxad,person,Genesis 10:22,ot,Source text carries this as a personal name; retained as a proper noun rather than translated as ordinary vocabulary.,7,Genesis 10:22; Genesis 10:24; Genesis 11:10; Genesis 11:11; Genesis 11:12; Genesis 11:13; 1 Chronicles 1:17,logos_alias_entity
Sala,person,Genesis 10:24,ot,Source text carries this as a personal name; retained as a proper noun rather than translated as ordinary vocabulary.,7,Genesis 10:24; Genesis 11:13; Genesis 11:14; Genesis 11:15; 1 Chronicles 1:24,logos_alias_entity
Abimael,person,Genesis 10:27,ot,Source text carries this as a personal name; retained as a proper noun rather than translated as ordinary vocabulary.,1,Genesis 10:27,logos_primary_entity
Jobab,person,Genesis 10:28,ot,Source text carries this as a personal name; retained as a proper noun rather than translated as ordinary vocabulary.,4,Genesis 10:28; Genesis 36:33; Genesis 36:34; Joshua 11:1,logos_alias_entity
Chaldeans,people_group,Genesis 11:28,ot,Ethnic or group proper noun; retained as a people-name rather than translated as ordinary vocabulary.,74,Genesis 11:28; Genesis 11:31; Genesis 15:7; 2 Kings 24:2; 2 Kings 25:4; 2 Kings 25:5; 2 Kings 25:10; 2 Kings 25:13,logos_primary_entity
Sychem,transliterated_form,Genesis 12:6,ot,High-frequency LXX-style proper noun form; retained here pending a context-by-context normalization decision.,27,Genesis 12:6; Genesis 33:19; Genesis 34:2; Genesis 34:4; Genesis 34:6; Genesis 34:8; Genesis 34:11; Genesis 34:13,manual_high_frequency_lxx_form
Egyptians,people_group,Genesis 12:12,ot,Ethnic or group proper noun; retained as a people-name rather than translated as ordinary vocabulary.,114,Genesis 12:12; Genesis 12:14; Genesis 41:55; Genesis 41:56; Genesis 43:32; Genesis 45:2; Genesis 46:34; Genesis 47:15,logos_primary_entity
Perizzites,people_group,Genesis 13:7,ot,Ethnic or group proper noun; retained as a people-name rather than translated as ordinary vocabulary.,7,Genesis 13:7; Genesis 15:20; Genesis 34:30; Exodus 3:8; Exodus 3:17; Exodus 13:5; Nehemiah 9:8,logos_primary_entity
Arioch,person,Genesis 14:1,ot,Source text carries this as a personal name; retained as a proper noun rather than translated as ordinary vocabulary.,2,Genesis 14:1; Genesis 14:9,logos_alias_entity
Balak,person,Genesis 14:2,ot,Source text carries this as a personal name; retained as a proper noun rather than translated as ordinary vocabulary.,50,Genesis 14:2; Genesis 14:8; Numbers 22:2; Numbers 22:4; Numbers 22:7; Numbers 22:10; Numbers 22:13; Numbers 22:14,logos_primary_entity
Ommaeans,people_group,Genesis 14:5,ot,Ethnic or group proper noun; retained as a people-name rather than translated as ordinary vocabulary.,1,Genesis 14:5,logos_alias_entity
Seir,person,Genesis 14:6,ot,Source text carries this as a personal name; retained as a proper noun rather than translated as ordinary vocabulary.,37,Genesis 14:6; Genesis 32:3; Genesis 33:14; Genesis 33:16; Genesis 36:8; Genesis 36:9; Genesis 36:20; Genesis 36:21,logos_primary_entity
Amalek,person,Genesis 14:7,ot,Source text carries this as a personal name; retained as a proper noun rather than translated as ordinary vocabulary.,46,Genesis 14:7; Genesis 36:12; Genesis 36:16; Exodus 17:8; Exodus 17:9; Exodus 17:10; Exodus 17:11; Exodus 17:13,logos_primary_entity
Amorites,people_group,Genesis 14:7,ot,Ethnic or group proper noun; retained as a people-name rather than translated as ordinary vocabulary.,46,Genesis 14:7; Genesis 15:16; Genesis 15:21; Genesis 48:22; Exodus 3:8; Exodus 3:17; Exodus 13:5; Exodus 23:28,logos_primary_entity
Hebrew,person,Genesis 14:13,ot,Source text carries this as a personal name; retained as a proper noun rather than translated as ordinary vocabulary.,15,Genesis 14:13; Genesis 39:14; Genesis 39:17; Genesis 41:12; Exodus 1:15; Exodus 1:16; Exodus 1:19; Exodus 2:11,logos_alias_entity
Amorite,people_group,Genesis 14:13,ot,Ethnic or group proper noun; retained as a people-name rather than translated as ordinary vocabulary.,41,Genesis 14:13; Exodus 23:23; Exodus 33:2; Exodus 34:11; Numbers 13:29; Numbers 21:13; Numbers 21:32; Numbers 22:2,logos_alias_entity
Eliezer,person,Genesis 15:2,ot,Source text carries this as a personal name; retained as a proper noun rather than translated as ordinary vocabulary.,14,Genesis 15:2; Exodus 18:4; 2 Samuel 24:5; 1 Chronicles 7:8; 1 Chronicles 15:24; 1 Chronicles 23:15; 1 Chronicles 23:17; 1 Chronicles 26:25,logos_alias_entity
Kenites,people_group,Genesis 15:19,ot,Ethnic or group proper noun; retained as a people-name rather than translated as ordinary vocabulary.,1,Genesis 15:19,logos_primary_entity
Hittites,people_group,Genesis 15:20,ot,Ethnic or group proper noun; retained as a people-name rather than translated as ordinary vocabulary.,10,Genesis 15:20; Exodus 3:8; Exodus 3:17; Exodus 13:5; Exodus 23:28; Joshua 9:1; Joshua 11:3; Judges 1:26,logos_primary_entity
Hivites,people_group,Genesis 15:21,ot,Ethnic or group proper noun; retained as a people-name rather than translated as ordinary vocabulary.,8,Genesis 15:21; Exodus 3:8; Exodus 3:17; Exodus 13:5; Exodus 23:28; Joshua 9:1; Joshua 11:3; Isaiah 17:9,logos_primary_entity
Jebusites,people_group,Genesis 15:21,ot,Ethnic or group proper noun; retained as a people-name rather than translated as ordinary vocabulary.,8,Genesis 15:21; Exodus 3:8; Exodus 3:17; Exodus 13:5; Joshua 9:1; Joshua 10:5; Joshua 11:3; Joshua 15:63,logos_primary_entity
Egyptian,people_group,Genesis 16:1,ot,Ethnic or group proper noun; retained as a people-name rather than translated as ordinary vocabulary.,25,Genesis 16:1; Genesis 16:3; Genesis 21:9; Genesis 25:12; Genesis 39:1; Genesis 39:2; Genesis 39:5; Exodus 2:11,logos_alias_entity
Kadesh,transliterated_form,Genesis 16:14,ot,High-frequency LXX-style proper noun form; retained here pending a context-by-context normalization decision.,17,Genesis 16:14; Genesis 20:1; Numbers 13:26; Numbers 20:1; Numbers 20:14; Numbers 20:16; Numbers 20:22; Numbers 27:14,manual_high_frequency_lxx_form
Moabites,people_group,Genesis 19:37,ot,Ethnic or group proper noun; retained as a people-name rather than translated as ordinary vocabulary.,7,Genesis 19:37; Exodus 15:15; Deuteronomy 2:9; Deuteronomy 2:11; Deuteronomy 2:29; 1 Kings 11:1; Nehemiah 13:1,logos_primary_entity
Philistines,people_group,Genesis 21:32,ot,Ethnic or group proper noun; retained as a people-name rather than translated as ordinary vocabulary.,53,Genesis 21:32; Genesis 21:34; Genesis 26:1; Genesis 26:14; Genesis 26:15; Genesis 26:18; Exodus 13:17; Exodus 15:14,logos_primary_entity
Syrians,people_group,Genesis 22:21,ot,Ethnic or group proper noun; retained as a people-name rather than translated as ordinary vocabulary.,15,Genesis 22:21; 2 Samuel 8:5; 1 Kings 11:1; 2 Kings 8:28; 2 Kings 9:15; 1 Chronicles 18:5; 1 Chronicles 19:10; 1 Chronicles 19:12,logos_primary_entity
Bathouel,person,Genesis 22:22,ot,Source text carries this as a personal name; retained as a proper noun rather than translated as ordinary vocabulary.,4,Genesis 22:22; Genesis 22:23; 1 Chronicles 4:30; Joel 1:1,logos_alias_entity
Rebecca,person,Genesis 22:23,ot,Source text carries this as a personal name; retained as a proper noun rather than translated as ordinary vocabulary.,2,Genesis 22:23; Genesis 49:31,logos_alias_entity
Tabek,person,Genesis 22:24,ot,Source text carries this as a personal name; retained as a proper noun rather than translated as ordinary vocabulary.,1,Genesis 22:24,logos_alias_entity
Tochos,person,Genesis 22:24,ot,Source text carries this as a personal name; retained as a proper noun rather than translated as ordinary vocabulary.,1,Genesis 22:24,logos_alias_entity
Heth,person,Genesis 23:3,ot,Source text carries this as a personal name; retained as a proper noun rather than translated as ordinary vocabulary.,12,Genesis 23:3; Genesis 23:5; Genesis 23:7; Genesis 23:10; Genesis 23:16; Genesis 23:18; Genesis 23:20; Genesis 25:10,logos_primary_entity
Hittite,people_group,Genesis 23:10,ot,Ethnic or group proper noun; retained as a people-name rather than translated as ordinary vocabulary.,29,Genesis 23:10; Genesis 25:9; Genesis 26:34; Genesis 36:2; Genesis 49:29; Genesis 49:30; Genesis 50:13; Exodus 23:23,logos_alias_entity
Put,person,Genesis 24:2,ot,Source text carries this as a personal name; retained as a proper noun rather than translated as ordinary vocabulary.,15,Genesis 24:2; Genesis 48:18; Exodus 4:6; Exodus 4:7; Numbers 17:25; Judges 14:13; 1 Samuel 1:14; 2 Samuel 13:9,logos_primary_entity
Milcah,person,Genesis 24:15,ot,Source text carries this as a personal name; retained as a proper noun rather than translated as ordinary vocabulary.,3,Genesis 24:15; Genesis 24:24; Genesis 24:47,logos_alias_entity
Thaiman,transliterated_form,Genesis 25:3,ot,High-frequency LXX-style proper noun form; retained here pending a context-by-context normalization decision.,15,Genesis 25:3; Genesis 25:15; Genesis 36:11; Genesis 36:15; Genesis 36:42; 1 Chronicles 1:30; 1 Chronicles 1:36; 1 Chronicles 1:53,manual_high_frequency_lxx_form
Syrian,person,Genesis 25:20,ot,Source text carries this as a personal name; retained as a proper noun rather than translated as ordinary vocabulary.,19,Genesis 25:20; Genesis 28:5; Genesis 29:1; Genesis 31:20; Genesis 31:22; Genesis 31:24; Genesis 46:20; Judges 3:8,logos_alias_entity
Judith,person,Genesis 26:34,ot,Source text carries this as a personal name; retained as a proper noun rather than translated as ordinary vocabulary.,1,Genesis 26:34,logos_alias_entity
Basemath,person,Genesis 26:34,ot,Source text carries this as a personal name; retained as a proper noun rather than translated as ordinary vocabulary.,6,Genesis 26:34; Genesis 36:3; Genesis 36:4; Genesis 36:10; Genesis 36:13; Genesis 36:17,logos_alias_entity
Helon,person,Genesis 26:34,ot,Source text carries this as a personal name; retained as a proper noun rather than translated as ordinary vocabulary.,6,Genesis 26:34; Numbers 1:9; Numbers 2:7; Numbers 7:24; Numbers 7:29; Numbers 10:16,logos_primary_entity
Dinah,person,Genesis 30:21,ot,Source text carries this as a personal name; retained as a proper noun rather than translated as ordinary vocabulary.,10,Genesis 30:21; Genesis 34:1; Genesis 34:3; Genesis 34:5; Genesis 34:13; Genesis 34:14; Genesis 34:25; Genesis 34:26,logos_primary_entity
Hivite,people_group,Genesis 34:2,ot,Ethnic or group proper noun; retained as a people-name rather than translated as ordinary vocabulary.,14,Genesis 34:2; Genesis 36:2; Exodus 23:23; Exodus 33:2; Exodus 34:11; Numbers 13:29; Deuteronomy 7:1; Deuteronomy 20:17,logos_alias_entity
Deborah,person,Genesis 35:8,ot,Source text carries this as a personal name; retained as a proper noun rather than translated as ordinary vocabulary.,13,Genesis 35:8; Judges 4:4; Judges 4:5; Judges 4:6; Judges 4:9; Judges 4:10; Judges 4:14; Judges 5:1,logos_alias_entity
Ana,transliterated_form,Genesis 36:2,ot,High-frequency LXX-style proper noun form; retained here pending a context-by-context normalization decision.,15,Genesis 36:2; Genesis 36:14; Genesis 36:18; Genesis 36:20; Genesis 36:24; Genesis 36:25; Genesis 36:29; 1 Kings 15:10,manual_high_frequency_lxx_form
Eliphas,transliterated_form,Genesis 36:4,ot,High-frequency LXX-style proper noun form; retained here pending a context-by-context normalization decision.,16,Genesis 36:4; Genesis 36:10; Genesis 36:11; Genesis 36:12; Genesis 36:15; Genesis 36:16; 1 Chronicles 1:35; 1 Chronicles 1:36,manual_high_frequency_lxx_form
Kore,person,Genesis 36:5,ot,Source text carries this as a personal name; retained as a proper noun rather than translated as ordinary vocabulary.,11,Genesis 36:5; Genesis 36:14; Genesis 36:16; Genesis 36:18; Numbers 26:58; 1 Chronicles 1:35; 1 Chronicles 2:43; 1 Chronicles 6:7,logos_alias_entity
Omar,person,Genesis 36:11,ot,Source text carries this as a personal name; retained as a proper noun rather than translated as ordinary vocabulary.,4,Genesis 36:11; Genesis 36:15; Genesis 36:23; 1 Chronicles 1:36,logos_primary_entity
Lotan,person,Genesis 36:20,ot,Source text carries this as a personal name; retained as a proper noun rather than translated as ordinary vocabulary.,6,Genesis 36:20; Genesis 36:22; Genesis 36:29; 1 Chronicles 1:38; 1 Chronicles 1:39,logos_primary_entity
Ithran,person,Genesis 36:26,ot,Source text carries this as a personal name; retained as a proper noun rather than translated as ordinary vocabulary.,1,Genesis 36:26,logos_alias_entity
Aran,person,Genesis 36:28,ot,Source text carries this as a personal name; retained as a proper noun rather than translated as ordinary vocabulary.,2,Genesis 36:28; 1 Chronicles 2:25,logos_primary_entity
Asom,person,Genesis 36:34,ot,Source text carries this as a personal name; retained as a proper noun rather than translated as ordinary vocabulary.,10,Genesis 36:34; Genesis 36:35; Genesis 46:23; Joshua 15:29; Joshua 19:3; 1 Chronicles 1:45; 1 Chronicles 1:46; 1 Chronicles 2:15,logos_alias_entity
Maizoob,person,Genesis 36:39,ot,Source text carries this as a personal name; retained as a proper noun rather than translated as ordinary vocabulary.,1,Genesis 36:39,logos_alias_entity
Jether,person,Genesis 36:40,ot,Source text carries this as a personal name; retained as a proper noun rather than translated as ordinary vocabulary.,3,Genesis 36:40; Joshua 15:48; Judges 8:20,logos_alias_entity
Zilpah,person,Genesis 37:2,ot,Source text carries this as a personal name; retained as a proper noun rather than translated as ordinary vocabulary.,2,Genesis 37:2; Genesis 46:18,logos_primary_entity
Ishmaelite,people_group,Genesis 37:25,ot,Ethnic or group proper noun; retained as a people-name rather than translated as ordinary vocabulary.,1,Genesis 37:25,logos_alias_entity
Ishmaelites,people_group,Genesis 37:27,ot,Ethnic or group proper noun; retained as a people-name rather than translated as ordinary vocabulary.,5,Genesis 37:27; Genesis 37:28; Genesis 39:1; Judges 8:24; Psalms 82:7,logos_primary_entity
Midianite,people_group,Genesis 37:28,ot,Ethnic or group proper noun; retained as a people-name rather than translated as ordinary vocabulary.,5,Genesis 37:28; Numbers 10:29; Numbers 25:6; Numbers 25:14; Numbers 25:15,logos_alias_entity
Midianites,people_group,Genesis 37:36,ot,Ethnic or group proper noun; retained as a people-name rather than translated as ordinary vocabulary.,3,Genesis 37:36; Numbers 25:17; Numbers 31:2,logos_primary_entity
Potiphar,person,Genesis 37:36,ot,Source text carries this as a personal name; retained as a proper noun rather than translated as ordinary vocabulary.,2,Genesis 37:36; Genesis 39:1,logos_primary_entity
Adullamite,people_group,Genesis 38:1,ot,Ethnic or group proper noun; retained as a people-name rather than translated as ordinary vocabulary.,3,Genesis 38:1; Genesis 38:12; Genesis 38:20,logos_alias_entity
Hirah,person,Genesis 38:1,ot,Source text carries this as a personal name; retained as a proper noun rather than translated as ordinary vocabulary.,2,Genesis 38:1; Genesis 38:12,logos_primary_entity
Canaanite,people_group,Genesis 38:2,ot,Ethnic or group proper noun; retained as a people-name rather than translated as ordinary vocabulary.,43,Genesis 38:2; Genesis 46:10; Exodus 23:23; Exodus 34:11; Numbers 13:29; Numbers 14:25; Numbers 14:43; Numbers 14:45,logos_alias_entity
Shua,person,Genesis 38:2,ot,Source text carries this as a personal name; retained as a proper noun rather than translated as ordinary vocabulary.,2,Genesis 38:2; Genesis 38:12,logos_alias_entity
Er,person,Genesis 38:3,ot,Source text carries this as a personal name; retained as a proper noun rather than translated as ordinary vocabulary.,10,Genesis 38:3; Genesis 38:6; Genesis 38:7; Genesis 46:12; Numbers 26:15; 1 Chronicles 2:3; 1 Chronicles 4:21,logos_alias_entity
Onan,person,Genesis 38:4,ot,Source text carries this as a personal name; retained as a proper noun rather than translated as ordinary vocabulary.,5,Genesis 38:4; Genesis 38:8; Genesis 38:9; Numbers 26:15,logos_primary_entity
Shelah,person,Genesis 38:5,ot,Source text carries this as a personal name; retained as a proper noun rather than translated as ordinary vocabulary.,5,Genesis 38:5; Genesis 38:11; Genesis 38:14; Genesis 38:26; Numbers 26:16,logos_alias_entity
Perez,person,Genesis 38:29,ot,Source text carries this as a personal name; retained as a proper noun rather than translated as ordinary vocabulary.,1,Genesis 38:29,logos_primary_entity
Zerah,person,Genesis 38:30,ot,Source text carries this as a personal name; retained as a proper noun rather than translated as ordinary vocabulary.,2,Genesis 38:30; Numbers 26:16,logos_alias_entity
Hebrews,people_group,Genesis 40:15,ot,Ethnic or group proper noun; retained as a people-name rather than translated as ordinary vocabulary.,17,Genesis 40:15; Genesis 43:32; Exodus 1:22; Exodus 2:6; Exodus 2:7; Exodus 3:18; Exodus 5:3; Exodus 7:16,logos_primary_entity
Jemuel,person,Genesis 46:10,ot,Source text carries this as a personal name; retained as a proper noun rather than translated as ordinary vocabulary.,3,Genesis 46:10; Genesis 46:12; Exodus 6:15,logos_alias_entity
Jamin,person,Genesis 46:10,ot,Source text carries this as a personal name; retained as a proper noun rather than translated as ordinary vocabulary.,5,Genesis 46:10; Exodus 6:15; Numbers 26:12; Numbers 26:28; Joshua 17:7,logos_alias_entity
Jachin,person,Genesis 46:10,ot,Source text carries this as a personal name; retained as a proper noun rather than translated as ordinary vocabulary.,3,Genesis 46:10; Exodus 6:15; Numbers 26:12,logos_alias_entity
Merari,person,Genesis 46:11,ot,Source text carries this as a personal name; retained as a proper noun rather than translated as ordinary vocabulary.,39,Genesis 46:11; Exodus 6:16; Exodus 6:19; Numbers 3:17; Numbers 3:20; Numbers 3:33; Numbers 3:35; Numbers 3:36,logos_primary_entity
Selom,person,Genesis 46:12,ot,Source text carries this as a personal name; retained as a proper noun rather than translated as ordinary vocabulary.,5,Genesis 46:12; 1 Kings 2:27; 1 Kings 12:24; 1 Chronicles 2:3; 1 Chronicles 4:21,logos_alias_entity
Sered,person,Genesis 46:14,ot,Source text carries this as a personal name; retained as a proper noun rather than translated as ordinary vocabulary.,1,Genesis 46:14,logos_primary_entity
Allon,person,Genesis 46:14,ot,Source text carries this as a personal name; retained as a proper noun rather than translated as ordinary vocabulary.,3,Genesis 46:14; Numbers 26:22; 1 Chronicles 4:37,logos_primary_entity
Machir,person,Genesis 46:20,ot,Source text carries this as a personal name; retained as a proper noun rather than translated as ordinary vocabulary.,25,Genesis 46:20; Genesis 50:23; Numbers 26:33; Numbers 27:1; Numbers 32:39; Numbers 32:40; Numbers 36:1; Deuteronomy 3:15,logos_alias_entity
Galaad,transliterated_form,Genesis 46:20,ot,High-frequency LXX-style proper noun form; retained here pending a context-by-context normalization decision.,42,Genesis 46:20; Joshua 22:11; 1 Samuel 11:1; 1 Samuel 13:7; 2 Samuel 17:26; 2 Samuel 21:12; 2 Samuel 24:6; 1 Kings 4:13,manual_high_frequency_lxx_form
Gera,person,Genesis 46:21,ot,Source text carries this as a personal name; retained as a proper noun rather than translated as ordinary vocabulary.,9,Genesis 46:21; 2 Samuel 19:17; 2 Samuel 19:19; 1 Kings 2:8; 1 Kings 2:35; 1 Chronicles 8:3; 1 Chronicles 8:5; 1 Chronicles 8:7,logos_alias_entity
Asiel,person,Genesis 46:24,ot,Source text carries this as a personal name; retained as a proper noun rather than translated as ordinary vocabulary.,3,Genesis 46:24; Numbers 26:48; 1 Chronicles 4:35,logos_primary_entity
Raguel,person,Exodus 2:18,ot,Source text carries this as a personal name; retained as a proper noun rather than translated as ordinary vocabulary.,1,Exodus 2:18,logos_alias_entity
Girgashites,people_group,Exodus 3:8,ot,Ethnic or group proper noun; retained as a people-name rather than translated as ordinary vocabulary.,3,Exodus 3:8; Exodus 3:17; Exodus 13:5,logos_primary_entity
Levite,people_group,Exodus 4:14,ot,Ethnic or group proper noun; retained as a people-name rather than translated as ordinary vocabulary.,28,Exodus 4:14; Numbers 18:23; Deuteronomy 12:12; Deuteronomy 12:19; Deuteronomy 14:27; Deuteronomy 14:29; Deuteronomy 16:11; Deuteronomy 16:14,manual_high_frequency_people_group
Semei,person,Exodus 6:17,ot,Source text carries this as a personal name; retained as a proper noun rather than translated as ordinary vocabulary.,45,Exodus 6:17; 2 Samuel 16:5; 2 Samuel 16:7; 2 Samuel 16:13; 2 Samuel 19:17; 2 Samuel 19:19; 2 Samuel 19:22; 2 Samuel 19:24,logos_alias_entity
Chebron,transliterated_form,Exodus 6:18,ot,High-frequency LXX-style proper noun form; retained here pending a context-by-context normalization decision.,18,Exodus 6:18; 1 Kings 2:11; 1 Kings 2:35; 1 Chronicles 2:42; 1 Chronicles 2:43; 1 Chronicles 3:1; 1 Chronicles 3:4; 1 Chronicles 5:28,manual_high_frequency_lxx_form
Oziel,person,Exodus 6:18,ot,Source text carries this as a personal name; retained as a proper noun rather than translated as ordinary vocabulary.,5,Exodus 6:18; Exodus 6:22; Numbers 3:19; Numbers 3:30; 1 Chronicles 4:42,logos_primary_entity
Zechri,person,Exodus 6:21,ot,Source text carries this as a personal name; retained as a proper noun rather than translated as ordinary vocabulary.,9,Exodus 6:21; 1 Chronicles 8:19; 1 Chronicles 8:23; 1 Chronicles 8:27; 1 Chronicles 9:15; 1 Chronicles 26:25; 1 Chronicles 27:16; Nehemiah 11:9,logos_alias_entity
Aminadab,person,Exodus 6:23,ot,Source text carries this as a personal name; retained as a proper noun rather than translated as ordinary vocabulary.,21,Exodus 6:23; Ruth 4:19; Ruth 4:20; 1 Samuel 7:1; 1 Samuel 16:8; 1 Samuel 31:2; 2 Samuel 6:3; 1 Chronicles 2:10,logos_alias_entity
Abiud,person,Exodus 6:23,ot,Source text carries this as a personal name; retained as a proper noun rather than translated as ordinary vocabulary.,1,Exodus 6:23,logos_primary_entity
Eleazar,person,Exodus 6:23,ot,Source text carries this as a personal name; retained as a proper noun rather than translated as ordinary vocabulary.,73,Exodus 6:23; Exodus 6:25; Exodus 28:1; Leviticus 10:6; Leviticus 10:12; Leviticus 10:16; Numbers 3:2; Numbers 3:4,logos_alias_entity
Abiasaph,person,Exodus 6:24,ot,Source text carries this as a personal name; retained as a proper noun rather than translated as ordinary vocabulary.,5,Exodus 6:24; 1 Chronicles 6:8; 1 Chronicles 6:22; 1 Chronicles 9:19; 1 Chronicles 26:1,logos_alias_entity
Phinees,transliterated_form,Exodus 6:25,ot,High-frequency LXX-style proper noun form; retained here pending a context-by-context normalization decision.,14,Exodus 6:25; 1 Samuel 1:3; 1 Samuel 2:34; 1 Samuel 4:4; 1 Samuel 4:11; 1 Samuel 4:19; 1 Samuel 14:3; 1 Chronicles 5:30,manual_high_frequency_lxx_form
Levites,people_group,Exodus 6:25,ot,Ethnic or group proper noun; retained as a people-name rather than translated as ordinary vocabulary.,240,Exodus 6:25; Exodus 37:19; Leviticus 25:32; Leviticus 25:33; Numbers 1:47; Numbers 1:50; Numbers 1:51; Numbers 1:53,manual_high_frequency_people_group
Miriam,person,Exodus 15:20,ot,Source text carries this as a personal name; retained as a proper noun rather than translated as ordinary vocabulary.,12,Exodus 15:20; Exodus 15:21; Numbers 12:1; Numbers 12:4; Numbers 12:5; Numbers 12:10; Numbers 12:15; Numbers 20:1,logos_alias_entity
Sin,transliterated_form,Exodus 16:1,ot,High-frequency LXX-style proper noun form; retained here pending a context-by-context normalization decision.,14,Exodus 16:1; Exodus 17:1; Numbers 13:21; Numbers 20:1; Numbers 27:14; Numbers 33:11; Numbers 33:12; Numbers 33:36,manual_high_frequency_lxx_form
Hur,person,Exodus 17:10,ot,Source text carries this as a personal name; retained as a proper noun rather than translated as ordinary vocabulary.,5,Exodus 17:10; Exodus 17:12; Exodus 24:14; Exodus 31:2; Exodus 35:30,logos_alias_entity
Jethro,person,Exodus 18:1,ot,Source text carries this as a personal name; retained as a proper noun rather than translated as ordinary vocabulary.,8,Exodus 18:1; Exodus 18:2; Exodus 18:5; Exodus 18:6; Exodus 18:9; Exodus 18:10; Exodus 18:12; Exodus 18:14,logos_primary_entity
Zipporah,person,Exodus 18:2,ot,Source text carries this as a personal name; retained as a proper noun rather than translated as ordinary vocabulary.,1,Exodus 18:2,logos_primary_entity
Perizzite,people_group,Exodus 23:23,ot,Ethnic or group proper noun; retained as a people-name rather than translated as ordinary vocabulary.,9,Exodus 23:23; Exodus 33:2; Exodus 34:11; Joshua 24:11; Judges 1:4; Judges 1:5; Judges 3:5; 1 Samuel 6:18,logos_alias_entity
Girgashite,people_group,Exodus 23:23,ot,Ethnic or group proper noun; retained as a people-name rather than translated as ordinary vocabulary.,4,Exodus 23:23; Exodus 33:2; Exodus 34:11; Joshua 24:11,logos_alias_entity
Abihu,person,Exodus 24:1,ot,Source text carries this as a personal name; retained as a proper noun rather than translated as ordinary vocabulary.,6,Exodus 24:1; Exodus 24:9; Exodus 28:1; Leviticus 10:1; Numbers 3:2; Numbers 3:4,logos_primary_entity
Bezalel,person,Exodus 31:2,ot,Source text carries this as a personal name; retained as a proper noun rather than translated as ordinary vocabulary.,6,Exodus 31:2; Exodus 35:30; Exodus 36:1; Exodus 36:2; Exodus 37:20; Exodus 38:1,logos_alias_entity
Uri,person,Exodus 31:2,ot,Source text carries this as a personal name; retained as a proper noun rather than translated as ordinary vocabulary.,3,Exodus 31:2; Exodus 35:30; Exodus 37:20,logos_alias_entity
Oholiab,person,Exodus 31:6,ot,Source text carries this as a personal name; retained as a proper noun rather than translated as ordinary vocabulary.,5,Exodus 31:6; Exodus 35:34; Exodus 36:1; Exodus 36:2; Exodus 37:21,logos_primary_entity
Ahisamach,person,Exodus 31:6,ot,Source text carries this as a personal name; retained as a proper noun rather than translated as ordinary vocabulary.,3,Exodus 31:6; Exodus 35:34; Exodus 37:21,logos_primary_entity
Nun,person,Exodus 33:11,ot,Source text carries this as a personal name; retained as a proper noun rather than translated as ordinary vocabulary.,20,Exodus 33:11; Numbers 11:28; Numbers 14:6; Numbers 14:30; Numbers 14:38; Numbers 26:65; Numbers 27:18; Numbers 32:12,logos_primary_entity
Korah,person,Exodus 38:22,ot,Source text carries this as a personal name; retained as a proper noun rather than translated as ordinary vocabulary.,27,Exodus 38:22; Numbers 16:1; Numbers 16:5; Numbers 16:6; Numbers 16:8; Numbers 16:16; Numbers 16:19; Numbers 16:24,logos_alias_entity
Uzziel,person,Leviticus 10:4,ot,Source text carries this as a personal name; retained as a proper noun rather than translated as ordinary vocabulary.,16,Leviticus 10:4; 1 Chronicles 5:28; 1 Chronicles 6:3; 1 Chronicles 7:7; 1 Chronicles 15:10; 1 Chronicles 15:18; 1 Chronicles 15:20; 1 Chronicles 16:6,logos_alias_entity
Israelite,people_group,Leviticus 24:10,ot,Ethnic or group proper noun; retained as a people-name rather than translated as ordinary vocabulary.,10,Leviticus 24:10; Leviticus 24:11; Numbers 25:8; Numbers 25:14; 2 Samuel 17:25; Psalms 87:1; Psalms 88:1,logos_alias_entity
Shelomith,person,Leviticus 24:11,ot,Source text carries this as a personal name; retained as a proper noun rather than translated as ordinary vocabulary.,1,Leviticus 24:11,logos_alias_entity
Dibri,person,Leviticus 24:11,ot,Source text carries this as a personal name; retained as a proper noun rather than translated as ordinary vocabulary.,1,Leviticus 24:11,logos_primary_entity
Elizur,person,Numbers 1:5,ot,Source text carries this as a personal name; retained as a proper noun rather than translated as ordinary vocabulary.,5,Numbers 1:5; Numbers 2:10; Numbers 7:30; Numbers 7:35; Numbers 10:18,logos_primary_entity
Shedeur,person,Numbers 1:5,ot,Source text carries this as a personal name; retained as a proper noun rather than translated as ordinary vocabulary.,5,Numbers 1:5; Numbers 2:10; Numbers 7:30; Numbers 7:35; Numbers 10:18,logos_primary_entity
Shelumiel,person,Numbers 1:6,ot,Source text carries this as a personal name; retained as a proper noun rather than translated as ordinary vocabulary.,5,Numbers 1:6; Numbers 2:12; Numbers 7:36; Numbers 7:41; Numbers 10:19,logos_primary_entity
Zurishaddai,person,Numbers 1:6,ot,Source text carries this as a personal name; retained as a proper noun rather than translated as ordinary vocabulary.,5,Numbers 1:6; Numbers 2:12; Numbers 7:36; Numbers 7:41; Numbers 10:19,logos_primary_entity
Nahshon,person,Numbers 1:7,ot,Source text carries this as a personal name; retained as a proper noun rather than translated as ordinary vocabulary.,5,Numbers 1:7; Numbers 2:3; Numbers 7:12; Numbers 7:17; Numbers 10:14,logos_primary_entity
Amminadab,person,Numbers 1:7,ot,Source text carries this as a personal name; retained as a proper noun rather than translated as ordinary vocabulary.,6,Numbers 1:7; Numbers 2:3; Numbers 7:12; Numbers 7:17; Numbers 10:14; Song of Solomon 6:12,logos_alias_entity
Nethanel,person,Numbers 1:8,ot,Source text carries this as a personal name; retained as a proper noun rather than translated as ordinary vocabulary.,5,Numbers 1:8; Numbers 2:5; Numbers 7:18; Numbers 7:23; Numbers 10:15,logos_alias_entity
Zuar,person,Numbers 1:8,ot,Source text carries this as a personal name; retained as a proper noun rather than translated as ordinary vocabulary.,5,Numbers 1:8; Numbers 2:5; Numbers 7:18; Numbers 7:23; Numbers 10:15,logos_primary_entity
Eliab,person,Numbers 1:9,ot,Source text carries this as a personal name; retained as a proper noun rather than translated as ordinary vocabulary.,23,Numbers 1:9; Numbers 2:7; Numbers 7:24; Numbers 7:29; Numbers 10:16; Numbers 16:1; Numbers 16:12; Numbers 26:8,logos_alias_entity
Elishama,person,Numbers 1:10,ot,Source text carries this as a personal name; retained as a proper noun rather than translated as ordinary vocabulary.,8,Numbers 1:10; Numbers 2:18; Numbers 7:48; Numbers 7:53; Numbers 10:22; Jeremiah 43:12; Jeremiah 43:20; Jeremiah 43:21,logos_alias_entity
Ammihud,person,Numbers 1:10,ot,Source text carries this as a personal name; retained as a proper noun rather than translated as ordinary vocabulary.,5,Numbers 1:10; Numbers 2:18; Numbers 7:48; Numbers 7:53; Numbers 10:22,logos_alias_entity
Pedahzur,person,Numbers 1:10,ot,Source text carries this as a personal name; retained as a proper noun rather than translated as ordinary vocabulary.,5,Numbers 1:10; Numbers 2:20; Numbers 7:54; Numbers 7:59; Numbers 10:23,logos_primary_entity
Abidan,person,Numbers 1:11,ot,Source text carries this as a personal name; retained as a proper noun rather than translated as ordinary vocabulary.,5,Numbers 1:11; Numbers 2:22; Numbers 7:60; Numbers 7:65; Numbers 10:24,logos_primary_entity
Gideoni,person,Numbers 1:11,ot,Source text carries this as a personal name; retained as a proper noun rather than translated as ordinary vocabulary.,5,Numbers 1:11; Numbers 2:22; Numbers 7:60; Numbers 7:65; Numbers 10:24,logos_primary_entity
Ahiezer,person,Numbers 1:12,ot,Source text carries this as a personal name; retained as a proper noun rather than translated as ordinary vocabulary.,5,Numbers 1:12; Numbers 2:25; Numbers 7:66; Numbers 7:71; Numbers 10:25,logos_alias_entity
Ammishaddai,person,Numbers 1:12,ot,Source text carries this as a personal name; retained as a proper noun rather than translated as ordinary vocabulary.,5,Numbers 1:12; Numbers 2:25; Numbers 7:66; Numbers 7:71; Numbers 10:25,logos_primary_entity
Pagiel,person,Numbers 1:13,ot,Source text carries this as a personal name; retained as a proper noun rather than translated as ordinary vocabulary.,5,Numbers 1:13; Numbers 2:27; Numbers 7:72; Numbers 7:77; Numbers 10:26,logos_primary_entity
Eliasaph,person,Numbers 1:14,ot,Source text carries this as a personal name; retained as a proper noun rather than translated as ordinary vocabulary.,5,Numbers 1:14; Numbers 2:14; Numbers 7:42; Numbers 7:47; Numbers 10:20,logos_alias_entity
Reuel,person,Numbers 1:14,ot,Source text carries this as a personal name; retained as a proper noun rather than translated as ordinary vocabulary.,6,Numbers 1:14; Numbers 2:14; Numbers 7:42; Numbers 7:47; Numbers 10:20; Numbers 10:29,logos_alias_entity
Ahira,person,Numbers 1:15,ot,Source text carries this as a personal name; retained as a proper noun rather than translated as ordinary vocabulary.,5,Numbers 1:15; Numbers 2:29; Numbers 7:78; Numbers 7:83; Numbers 10:27,logos_primary_entity
Enan,person,Numbers 1:15,ot,Source text carries this as a personal name; retained as a proper noun rather than translated as ordinary vocabulary.,5,Numbers 1:15; Numbers 2:29; Numbers 7:78; Numbers 7:83; Numbers 10:27,logos_primary_entity
Gershon,person,Numbers 3:17,ot,Source text carries this as a personal name; retained as a proper noun rather than translated as ordinary vocabulary.,15,Numbers 3:17; Numbers 3:18; Numbers 3:21; Numbers 3:23; Numbers 3:24; Numbers 3:25; Numbers 4:22; Numbers 4:24,logos_primary_entity
Kohath,person,Numbers 3:17,ot,Source text carries this as a personal name; retained as a proper noun rather than translated as ordinary vocabulary.,16,Numbers 3:17; Numbers 3:19; Numbers 3:27; Numbers 3:29; Numbers 3:30; Numbers 4:2; Numbers 4:4; Numbers 4:15,logos_primary_entity
Shimei,person,Numbers 3:18,ot,Source text carries this as a personal name; retained as a proper noun rather than translated as ordinary vocabulary.,2,Numbers 3:18; Numbers 3:21,logos_alias_entity
Amram,person,Numbers 3:19,ot,Source text carries this as a personal name; retained as a proper noun rather than translated as ordinary vocabulary.,4,Numbers 3:19; Numbers 26:58; Numbers 26:59; Ezra 10:34,logos_alias_entity
Mushi,person,Numbers 3:20,ot,Source text carries this as a personal name; retained as a proper noun rather than translated as ordinary vocabulary.,1,Numbers 3:20,logos_primary_entity
Lael,person,Numbers 3:24,ot,Source text carries this as a personal name; retained as a proper noun rather than translated as ordinary vocabulary.,1,Numbers 3:24,logos_primary_entity
Amramites,people_group,Numbers 3:27,ot,Ethnic or group proper noun; retained as a people-name rather than translated as ordinary vocabulary.,1,Numbers 3:27,logos_primary_entity
Hebronites,people_group,Numbers 3:27,ot,Ethnic or group proper noun; retained as a people-name rather than translated as ordinary vocabulary.,1,Numbers 3:27,logos_primary_entity
Mushites,people_group,Numbers 3:33,ot,Ethnic or group proper noun; retained as a people-name rather than translated as ordinary vocabulary.,1,Numbers 3:33,logos_primary_entity
Abichail,person,Numbers 3:35,ot,Source text carries this as a personal name; retained as a proper noun rather than translated as ordinary vocabulary.,3,Numbers 3:35; 1 Chronicles 2:29; 1 Chronicles 5:14,logos_alias_entity
Hobab,person,Numbers 10:29,ot,Source text carries this as a personal name; retained as a proper noun rather than translated as ordinary vocabulary.,1,Numbers 10:29,logos_primary_entity
Eldad,person,Numbers 11:26,ot,Source text carries this as a personal name; retained as a proper noun rather than translated as ordinary vocabulary.,3,Numbers 11:26; Numbers 11:27; Numbers 34:21,logos_primary_entity
Salamiēl,transliterated_form,Numbers 13:4,ot,Transliterated source-form proper noun; retained here because a single conventional English equivalent is not yet assigned in this context.,2,Numbers 13:4; Numbers 34:20,macronized_source_form
Souri,person,Numbers 13:5,ot,Source text carries this as a personal name; retained as a proper noun rather than translated as ordinary vocabulary.,2,Numbers 13:5; 1 Chronicles 25:3,logos_alias_entity
Jephonnē,transliterated_form,Numbers 13:6,ot,Transliterated source-form proper noun; retained here because a single conventional English equivalent is not yet assigned in this context.,4,Numbers 13:6; Numbers 14:6; Numbers 14:30; Numbers 14:38,macronized_source_form
Ausē,transliterated_form,Numbers 13:8,ot,Transliterated source-form proper noun; retained here because a single conventional English equivalent is not yet assigned in this context.,2,Numbers 13:8; Numbers 13:16,macronized_source_form
Nauē,transliterated_form,Numbers 13:8,ot,Transliterated source-form proper noun; retained here because a single conventional English equivalent is not yet assigned in this context.,3,Numbers 13:8; Numbers 13:16; 1 Kings 16:34,macronized_source_form
Goudiēl,transliterated_form,Numbers 13:10,ot,Transliterated source-form proper noun; retained here because a single conventional English equivalent is not yet assigned in this context.,2,Numbers 13:10; Numbers 13:15,macronized_source_form
Gaddi,person,Numbers 13:11,ot,Source text carries this as a personal name; retained as a proper noun rather than translated as ordinary vocabulary.,5,Numbers 13:11; 2 Samuel 23:36; 2 Kings 15:14; 2 Kings 15:17; 1 Chronicles 5:26,logos_primary_entity
Amiēl,transliterated_form,Numbers 13:12,ot,Transliterated source-form proper noun; retained here because a single conventional English equivalent is not yet assigned in this context.,4,Numbers 13:12; 2 Samuel 9:4; 2 Samuel 9:5; 1 Chronicles 26:5,macronized_source_form
Gamali,person,Numbers 13:12,ot,Source text carries this as a personal name; retained as a proper noun rather than translated as ordinary vocabulary.,1,Numbers 13:12,logos_alias_entity
Michael,supernatural_being,Numbers 13:13,ot,Source text carries this as a divine or supernatural name/title; retained as a proper noun.,13,Numbers 13:13; 1 Chronicles 5:13; 1 Chronicles 5:14; 1 Chronicles 6:25; 1 Chronicles 7:3; 1 Chronicles 8:16; 1 Chronicles 12:21; 1 Chronicles 27:18,logos_alias_entity
Iabi,person,Numbers 13:14,ot,Source text carries this as a personal name; retained as a proper noun rather than translated as ordinary vocabulary.,1,Numbers 13:14,logos_alias_entity
Anak,person,Numbers 13:22,ot,Source text carries this as a personal name; retained as a proper noun rather than translated as ordinary vocabulary.,6,Numbers 13:22; Numbers 13:28; Deuteronomy 9:2; Joshua 15:13; Joshua 15:14,logos_primary_entity
Dathan,person,Numbers 16:1,ot,Source text carries this as a personal name; retained as a proper noun rather than translated as ordinary vocabulary.,7,Numbers 16:1; Numbers 16:12; Numbers 16:25; Numbers 16:27; Numbers 26:9; Deuteronomy 11:6; Psalms 105:17,logos_primary_entity
Abiram,person,Numbers 16:1,ot,Source text carries this as a personal name; retained as a proper noun rather than translated as ordinary vocabulary.,6,Numbers 16:1; Numbers 16:12; Numbers 16:25; Numbers 16:27; Numbers 26:9; Deuteronomy 11:6,logos_alias_entity
Phaleth,person,Numbers 16:1,ot,Source text carries this as a personal name; retained as a proper noun rather than translated as ordinary vocabulary.,2,Numbers 16:1; 1 Chronicles 2:33,logos_alias_entity
Sihon,person,Numbers 21:21,ot,Source text carries this as a personal name; retained as a proper noun rather than translated as ordinary vocabulary.,31,Numbers 21:21; Numbers 21:23; Numbers 21:26; Numbers 21:27; Numbers 21:28; Numbers 21:29; Numbers 21:34; Numbers 32:33,logos_primary_entity
Chemosh,supernatural_being,Numbers 21:29,ot,Source text carries this as a divine or supernatural name/title; retained as a proper noun.,3,Numbers 21:29; Jeremiah 31:7; Jeremiah 31:13,logos_primary_entity
Og,person,Numbers 21:33,ot,Source text carries this as a personal name; retained as a proper noun rather than translated as ordinary vocabulary.,23,Numbers 21:33; Numbers 24:23; Numbers 32:33; Deuteronomy 1:4; Deuteronomy 3:1; Deuteronomy 3:3; Deuteronomy 3:4; Deuteronomy 3:10,logos_primary_entity
Zippor,person,Numbers 22:2,ot,Source text carries this as a personal name; retained as a proper noun rather than translated as ordinary vocabulary.,5,Numbers 22:2; Numbers 22:4; Numbers 22:10; Numbers 22:16; Numbers 23:18,logos_primary_entity
Gog,people_group,Numbers 24:7,ot,Ethnic or group proper noun; retained as a people-name rather than translated as ordinary vocabulary.,14,Numbers 24:7; Ezekiel 38:2; Ezekiel 38:3; Ezekiel 38:14; Ezekiel 38:17; Ezekiel 38:18; Ezekiel 39:1; Ezekiel 39:6,logos_primary_entity
Kittim,people_group,Numbers 24:24,ot,Ethnic or group proper noun; retained as a people-name rather than translated as ordinary vocabulary.,5,Numbers 24:24; Isaiah 23:1; Isaiah 23:12; Jeremiah 2:10; Ezekiel 27:6,logos_primary_entity
Phinehas,person,Numbers 25:7,ot,Source text carries this as a personal name; retained as a proper noun rather than translated as ordinary vocabulary.,10,Numbers 25:7; Numbers 25:11; Numbers 31:6; Joshua 22:13; Joshua 22:30; Joshua 22:31; Joshua 22:32; Joshua 24:33,logos_alias_entity
Zambri,person,Numbers 25:14,ot,Source text carries this as a personal name; retained as a proper noun rather than translated as ordinary vocabulary.,15,Numbers 25:14; Joshua 7:1; Joshua 7:18; 1 Kings 16:9; 1 Kings 16:10; 1 Kings 16:15; 1 Kings 16:16; 1 Kings 16:18,logos_alias_entity
Salu,person,Numbers 25:14,ot,Source text carries this as a personal name; retained as a proper noun rather than translated as ordinary vocabulary.,1,Numbers 25:14,logos_primary_entity
Hanochite,people_group,Numbers 26:5,ot,Ethnic or group proper noun; retained as a people-name rather than translated as ordinary vocabulary.,1,Numbers 26:5,logos_alias_entity
Hezronite,people_group,Numbers 26:6,ot,Ethnic or group proper noun; retained as a people-name rather than translated as ordinary vocabulary.,2,Numbers 26:6; Numbers 26:17,logos_alias_entity
Carmi,person,Numbers 26:6,ot,Source text carries this as a personal name; retained as a proper noun rather than translated as ordinary vocabulary.,1,Numbers 26:6,logos_alias_entity
Jachinite,people_group,Numbers 26:12,ot,Ethnic or group proper noun; retained as a people-name rather than translated as ordinary vocabulary.,1,Numbers 26:12,logos_alias_entity
Shelanite,people_group,Numbers 26:16,ot,Ethnic or group proper noun; retained as a people-name rather than translated as ordinary vocabulary.,1,Numbers 26:16,logos_alias_entity
Zerahite,people_group,Numbers 26:16,ot,Ethnic or group proper noun; retained as a people-name rather than translated as ordinary vocabulary.,1,Numbers 26:16,logos_alias_entity
Jashub,person,Numbers 26:20,ot,Source text carries this as a personal name; retained as a proper noun rather than translated as ordinary vocabulary.,1,Numbers 26:20,logos_alias_entity
Jashubite,people_group,Numbers 26:20,ot,Ethnic or group proper noun; retained as a people-name rather than translated as ordinary vocabulary.,1,Numbers 26:20,logos_alias_entity
Sared,person,Numbers 26:22,ot,Source text carries this as a personal name; retained as a proper noun rather than translated as ordinary vocabulary.,2,Numbers 26:22; 1 Samuel 9:1,logos_alias_entity
Addi,person,Numbers 26:25,ot,Source text carries this as a personal name; retained as a proper noun rather than translated as ordinary vocabulary.,2,Numbers 26:25; 1 Chronicles 6:6,logos_primary_entity
Melchiel,person,Numbers 26:29,ot,Source text carries this as a personal name; retained as a proper noun rather than translated as ordinary vocabulary.,1,Numbers 26:29,logos_primary_entity
Gileadite,people_group,Numbers 26:33,ot,Ethnic or group proper noun; retained as a people-name rather than translated as ordinary vocabulary.,5,Numbers 26:33; Judges 10:3; Judges 11:1; Judges 11:40; Judges 12:7,logos_alias_entity
Esriel,person,Numbers 26:35,ot,Source text carries this as a personal name; retained as a proper noun rather than translated as ordinary vocabulary.,2,Numbers 26:35; Jeremiah 43:26,logos_alias_entity
Thersa,transliterated_form,Numbers 26:37,ot,High-frequency LXX-style proper noun form; retained here pending a context-by-context normalization decision.,15,Numbers 26:37; Numbers 27:1; Numbers 36:11; Joshua 17:3; 1 Kings 15:21; 1 Kings 15:33; 1 Kings 16:6; 1 Kings 16:8,manual_high_frequency_lxx_form
Adar,transliterated_form,Numbers 26:44,ot,High-frequency LXX-style proper noun form; retained here pending a context-by-context normalization decision.,14,Numbers 26:44; Ezra 6:15; Esther 2:16; Esther 3:7; Esther 3:13; Esther 8:12; Esther 9:1; Esther 9:15,manual_high_frequency_lxx_form
Kaath,transliterated_form,Numbers 26:57,ot,High-frequency LXX-style proper noun form; retained here pending a context-by-context normalization decision.,24,Numbers 26:57; Numbers 26:58; Joshua 21:4; Joshua 21:5; Joshua 21:10; Joshua 21:20; Joshua 21:26; 1 Chronicles 5:27,manual_high_frequency_lxx_form
Jephunneh,person,Numbers 26:65,ot,Source text carries this as a personal name; retained as a proper noun rather than translated as ordinary vocabulary.,4,Numbers 26:65; Numbers 32:12; Numbers 34:19; Deuteronomy 1:36,logos_alias_entity
Naboth,person,Numbers 32:42,ot,Source text carries this as a personal name; retained as a proper noun rather than translated as ordinary vocabulary.,1,Numbers 32:42,logos_primary_entity
Dephrōn,transliterated_form,Numbers 34:9,ot,Transliterated source-form proper noun; retained here because a single conventional English equivalent is not yet assigned in this context.,1,Numbers 34:9,macronized_source_form
Chaslōn,transliterated_form,Numbers 34:21,ot,Transliterated source-form proper noun; retained here because a single conventional English equivalent is not yet assigned in this context.,1,Numbers 34:21,macronized_source_form
Aniēl,transliterated_form,Numbers 34:23,ot,Transliterated source-form proper noun; retained here because a single conventional English equivalent is not yet assigned in this context.,2,Numbers 34:23; 1 Chronicles 7:39,macronized_source_form
Kamouēl,transliterated_form,Numbers 34:24,ot,Transliterated source-form proper noun; retained here because a single conventional English equivalent is not yet assigned in this context.,2,Numbers 34:24; 1 Chronicles 27:17,macronized_source_form
Phaltiēl,transliterated_form,Numbers 34:26,ot,Transliterated source-form proper noun; retained here because a single conventional English equivalent is not yet assigned in this context.,2,Numbers 34:26; 2 Samuel 3:15,macronized_source_form
Achiōr,transliterated_form,Numbers 34:27,ot,Transliterated source-form proper noun; retained here because a single conventional English equivalent is not yet assigned in this context.,1,Numbers 34:27,macronized_source_form
Phadaēl,transliterated_form,Numbers 34:28,ot,Transliterated source-form proper noun; retained here because a single conventional English equivalent is not yet assigned in this context.,1,Numbers 34:28,macronized_source_form
Anakim,people_group,Deuteronomy 2:10,ot,Ethnic or group proper noun; retained as a people-name rather than translated as ordinary vocabulary.,8,Deuteronomy 2:10; Deuteronomy 2:11; Deuteronomy 2:21; Joshua 11:21; Joshua 11:22; Joshua 14:12; Joshua 14:15; Joshua 21:11,logos_primary_entity
Raphain,person,Deuteronomy 2:11,ot,Source text carries this as a personal name; retained as a proper noun rather than translated as ordinary vocabulary.,6,Deuteronomy 2:11; Deuteronomy 2:20; Deuteronomy 3:11; Deuteronomy 3:13; Joshua 15:8,logos_primary_entity
Argob,person,Deuteronomy 3:4,ot,Source text carries this as a personal name; retained as a proper noun rather than translated as ordinary vocabulary.,4,Deuteronomy 3:4; Deuteronomy 3:13; Deuteronomy 3:14; 2 Kings 15:25,logos_primary_entity
Phasga,person,Deuteronomy 3:17,ot,Source text carries this as a personal name; retained as a proper noun rather than translated as ordinary vocabulary.,5,Deuteronomy 3:17; Deuteronomy 34:1; Joshua 12:3; Joshua 13:20; Esther 9:7,logos_alias_entity
Moabite,people_group,Deuteronomy 23:4,ot,Ethnic or group proper noun; retained as a people-name rather than translated as ordinary vocabulary.,13,Deuteronomy 23:4; Ruth 1:4; Ruth 2:6; 1 Chronicles 11:46; 2 Chronicles 24:26; Ezra 9:1; Nehemiah 13:23; Isaiah 15:1,logos_alias_entity
Galgala,transliterated_form,Joshua 4:19,ot,High-frequency LXX-style proper noun form; retained here pending a context-by-context normalization decision.,33,Joshua 4:19; Joshua 4:20; Joshua 5:9; Joshua 9:6; Joshua 10:6; Joshua 10:7; Joshua 10:9; Joshua 13:5,manual_high_frequency_lxx_form
Sabaoth,transliterated_form,Joshua 6:17,ot,High-frequency LXX-style proper noun form; retained here pending a context-by-context normalization decision.,56,Joshua 6:17; 2 Kings 10:16; Isaiah 1:9; Isaiah 1:24; Isaiah 2:12; Isaiah 3:1; Isaiah 5:7; Isaiah 5:9,manual_high_frequency_lxx_form
Abiron,person,Joshua 6:26,ot,Source text carries this as a personal name; retained as a proper noun rather than translated as ordinary vocabulary.,2,Joshua 6:26; Psalms 105:17,logos_alias_entity
Achar,person,Joshua 7:1,ot,Source text carries this as a personal name; retained as a proper noun rather than translated as ordinary vocabulary.,8,Joshua 7:1; Joshua 7:18; Joshua 7:19; Joshua 7:20; Joshua 7:24; Joshua 7:25; Joshua 22:20; 1 Chronicles 2:7,logos_alias_entity
Adonibezek,person,Joshua 10:1,ot,Source text carries this as a personal name; retained as a proper noun rather than translated as ordinary vocabulary.,5,Joshua 10:1; Joshua 10:3; Judges 1:5; Judges 1:6; Judges 1:7,logos_primary_entity
Jerimoth,person,Joshua 10:3,ot,Source text carries this as a personal name; retained as a proper noun rather than translated as ordinary vocabulary.,4,Joshua 10:3; Joshua 10:5; Joshua 10:23; Joshua 12:11,logos_alias_entity
Jabin,person,Joshua 11:1,ot,Source text carries this as a personal name; retained as a proper noun rather than translated as ordinary vocabulary.,7,Joshua 11:1; Judges 4:2; Judges 4:7; Judges 4:17; Judges 4:23; Judges 4:24; Psalms 82:10,logos_alias_entity
Gittite,people_group,Joshua 13:3,ot,Ethnic or group proper noun; retained as a people-name rather than translated as ordinary vocabulary.,1,Joshua 13:3,logos_alias_entity
Sidonians,people_group,Joshua 13:4,ot,Ethnic or group proper noun; retained as a people-name rather than translated as ordinary vocabulary.,13,Joshua 13:4; Joshua 13:6; Judges 10:12; Judges 18:7; Judges 18:9; Judges 18:28; 1 Kings 5:20; 1 Kings 11:6,logos_primary_entity
Ara,person,Joshua 15:21,ot,Source text carries this as a personal name; retained as a proper noun rather than translated as ordinary vocabulary.,2,Joshua 15:21; 1 Chronicles 7:38,logos_primary_entity
Gabaa,transliterated_form,Joshua 15:57,ot,High-frequency LXX-style proper noun form; retained here pending a context-by-context normalization decision.,32,Joshua 15:57; Joshua 18:24; Judges 19:12; Judges 19:13; Judges 19:14; Judges 19:15; Judges 19:16; Judges 20:4,manual_high_frequency_lxx_form
Aptalim,people_group,Joshua 16:3,ot,Ethnic or group proper noun; retained as a people-name rather than translated as ordinary vocabulary.,1,Joshua 16:3,logos_alias_entity
Jezer,person,Joshua 17:2,ot,Source text carries this as a personal name; retained as a proper noun rather than translated as ordinary vocabulary.,1,Joshua 17:2,logos_primary_entity
Jeziel,person,Joshua 17:2,ot,Source text carries this as a personal name; retained as a proper noun rather than translated as ordinary vocabulary.,1,Joshua 17:2,logos_primary_entity
Anath,person,Joshua 17:7,ot,Source text carries this as a personal name; retained as a proper noun rather than translated as ordinary vocabulary.,3,Joshua 17:7; Judges 3:31; Judges 5:6,logos_primary_entity
Jezrael,transliterated_form,Joshua 17:16,ot,High-frequency LXX-style proper noun form; retained here pending a context-by-context normalization decision.,15,Joshua 17:16; Judges 6:33; 2 Kings 8:29; 2 Kings 9:10; 2 Kings 9:15; 2 Kings 9:16; 2 Kings 9:17; 2 Kings 9:30,manual_high_frequency_lxx_form
Baithsamyis,transliterated_form,Joshua 18:17,ot,High-frequency LXX-style proper noun form; retained here pending a context-by-context normalization decision.,14,Joshua 18:17; Joshua 19:12; Joshua 19:22; Joshua 21:16; Judges 1:33; 1 Samuel 6:9; 1 Samuel 6:12; 1 Samuel 6:13,manual_high_frequency_lxx_form
Rama,transliterated_form,Joshua 18:25,ot,High-frequency LXX-style proper noun form; retained here pending a context-by-context normalization decision.,23,Joshua 18:25; Joshua 19:29; Judges 4:5; Judges 19:13; 1 Samuel 19:18; 1 Samuel 19:19; 1 Samuel 19:22; 1 Samuel 19:23,manual_high_frequency_lxx_form
Bersabee,transliterated_form,Joshua 19:2,ot,High-frequency LXX-style proper noun form; retained here pending a context-by-context normalization decision.,25,Joshua 19:2; Judges 20:1; 1 Samuel 3:20; 1 Samuel 8:2; 2 Samuel 17:11; 2 Samuel 24:2; 2 Samuel 24:7; 2 Samuel 24:15,manual_high_frequency_lxx_form
Kerōe,transliterated_form,Joshua 19:38,ot,Transliterated source-form proper noun; retained here because a single conventional English equivalent is not yet assigned in this context.,1,Joshua 19:38,macronized_source_form
Azor,person,Joshua 19:45,ot,Source text carries this as a personal name; retained as a proper noun rather than translated as ordinary vocabulary.,2,Joshua 19:45; Jeremiah 35:1,logos_primary_entity
Arēmōth,transliterated_form,Joshua 20:8,ot,Transliterated source-form proper noun; retained here because a single conventional English equivalent is not yet assigned in this context.,1,Joshua 20:8,macronized_source_form
Dabbōn,transliterated_form,Joshua 21:30,ot,Transliterated source-form proper noun; retained here because a single conventional English equivalent is not yet assigned in this context.,1,Joshua 21:30,macronized_source_form
Themmōn,transliterated_form,Joshua 21:32,ot,Transliterated source-form proper noun; retained here because a single conventional English equivalent is not yet assigned in this context.,1,Joshua 21:32,macronized_source_form
Iazēr,transliterated_form,Joshua 21:36,ot,Transliterated source-form proper noun; retained here because a single conventional English equivalent is not yet assigned in this context.,3,Joshua 21:36; Joshua 21:39; 1 Chronicles 26:31,macronized_source_form
Dekmōn,transliterated_form,Joshua 21:37,ot,Transliterated source-form proper noun; retained here because a single conventional English equivalent is not yet assigned in this context.,1,Joshua 21:37,macronized_source_form
Esebōn,transliterated_form,Joshua 21:39,ot,Transliterated source-form proper noun; retained here because a single conventional English equivalent is not yet assigned in this context.,3,Joshua 21:39; Judges 12:8; Judges 12:10,macronized_source_form
Reubenites,people_group,Joshua 22:34,ot,Ethnic or group proper noun; retained as a people-name rather than translated as ordinary vocabulary.,1,Joshua 22:34,logos_primary_entity
Gadites,people_group,Joshua 22:34,ot,Ethnic or group proper noun; retained as a people-name rather than translated as ordinary vocabulary.,2,Joshua 22:34; 1 Chronicles 12:9,logos_primary_entity
Sepphor,person,Joshua 24:9,ot,Source text carries this as a personal name; retained as a proper noun rather than translated as ordinary vocabulary.,2,Joshua 24:9; Judges 11:25,logos_alias_entity
Enak,person,Judges 1:10,ot,Source text carries this as a personal name; retained as a proper noun rather than translated as ordinary vocabulary.,2,Judges 1:10; Judges 1:20,logos_alias_entity
Gothoniēl,transliterated_form,Judges 1:13,ot,Transliterated source-form proper noun; retained here because a single conventional English equivalent is not yet assigned in this context.,4,Judges 1:13; Judges 3:9; Judges 3:11; 1 Chronicles 27:15,macronized_source_form
Jōbab,transliterated_form,Judges 1:16,ot,Transliterated source-form proper noun; retained here because a single conventional English equivalent is not yet assigned in this context.,2,Judges 1:16; Judges 4:11,macronized_source_form
Rēchab,transliterated_form,Judges 1:19,ot,Transliterated source-form proper noun; retained here because a single conventional English equivalent is not yet assigned in this context.,5,Judges 1:19; 2 Samuel 4:2; 2 Samuel 4:5; 2 Samuel 4:6; 2 Samuel 4:9,macronized_source_form
Scythians,people_group,Judges 1:27,ot,Ethnic or group proper noun; retained as a people-name rather than translated as ordinary vocabulary.,1,Judges 1:27,logos_primary_entity
Magedō,transliterated_form,Judges 1:27,ot,Transliterated source-form proper noun; retained here because a single conventional English equivalent is not yet assigned in this context.,1,Judges 1:27,macronized_source_form
Akchō,transliterated_form,Judges 1:31,ot,Transliterated source-form proper noun; retained here because a single conventional English equivalent is not yet assigned in this context.,1,Judges 1:31,macronized_source_form
Dōr,transliterated_form,Judges 1:31,ot,Transliterated source-form proper noun; retained here because a single conventional English equivalent is not yet assigned in this context.,1,Judges 1:31,macronized_source_form
Roōb,transliterated_form,Judges 1:31,ot,Transliterated source-form proper noun; retained here because a single conventional English equivalent is not yet assigned in this context.,2,Judges 1:31; Judges 18:28,macronized_source_form
Myrsinōn,transliterated_form,Judges 1:35,ot,Transliterated source-form proper noun; retained here because a single conventional English equivalent is not yet assigned in this context.,1,Judges 1:35,macronized_source_form
Sidonian,people_group,Judges 3:3,ot,Ethnic or group proper noun; retained as a people-name rather than translated as ordinary vocabulary.,1,Judges 3:3,logos_alias_entity
Lobōēmath,transliterated_form,Judges 3:3,ot,Transliterated source-form proper noun; retained here because a single conventional English equivalent is not yet assigned in this context.,1,Judges 3:3,macronized_source_form
Chousarsathōm,transliterated_form,Judges 3:8,ot,Transliterated source-form proper noun; retained here because a single conventional English equivalent is not yet assigned in this context.,3,Judges 3:8; Judges 3:10,macronized_source_form
Ehud,person,Judges 3:15,ot,Source text carries this as a personal name; retained as a proper noun rather than translated as ordinary vocabulary.,10,Judges 3:15; Judges 3:16; Judges 3:18; Judges 3:19; Judges 3:20; Judges 3:21; Judges 3:23; Judges 3:26,logos_alias_entity
Gēra,transliterated_form,Judges 3:15,ot,Transliterated source-form proper noun; retained here because a single conventional English equivalent is not yet assigned in this context.,2,Judges 3:15; 2 Samuel 16:5,macronized_source_form
Seirōtha,transliterated_form,Judges 3:26,ot,Transliterated source-form proper noun; retained here because a single conventional English equivalent is not yet assigned in this context.,1,Judges 3:26,macronized_source_form
Sisara,transliterated_form,Judges 4:2,ot,High-frequency LXX-style proper noun form; retained here pending a context-by-context normalization decision.,21,Judges 4:2; Judges 4:7; Judges 4:9; Judges 4:12; Judges 4:13; Judges 4:14; Judges 4:15; Judges 4:16,manual_high_frequency_lxx_form
Arisōth,transliterated_form,Judges 4:2,ot,Transliterated source-form proper noun; retained here because a single conventional English equivalent is not yet assigned in this context.,2,Judges 4:2; Judges 4:13,macronized_source_form
Lapidōth,transliterated_form,Judges 4:4,ot,Transliterated source-form proper noun; retained here because a single conventional English equivalent is not yet assigned in this context.,1,Judges 4:4,macronized_source_form
Barak,person,Judges 4:6,ot,Source text carries this as a personal name; retained as a proper noun rather than translated as ordinary vocabulary.,14,Judges 4:6; Judges 4:8; Judges 4:9; Judges 4:10; Judges 4:12; Judges 4:14; Judges 4:15; Judges 4:16,logos_primary_entity
Kishōn,transliterated_form,Judges 4:7,ot,Transliterated source-form proper noun; retained here because a single conventional English equivalent is not yet assigned in this context.,4,Judges 4:7; Judges 4:13; Judges 5:21,macronized_source_form
Jael,person,Judges 4:17,ot,Source text carries this as a personal name; retained as a proper noun rather than translated as ordinary vocabulary.,6,Judges 4:17; Judges 4:18; Judges 4:21; Judges 4:22; Judges 5:6; Judges 5:24,logos_primary_entity
Mageddō,transliterated_form,Judges 5:19,ot,Transliterated source-form proper noun; retained here because a single conventional English equivalent is not yet assigned in this context.,4,Judges 5:19; 2 Kings 23:29; 2 Kings 23:30; 2 Chronicles 35:22,macronized_source_form
Marōz,transliterated_form,Judges 5:23,ot,Transliterated source-form proper noun; retained here because a single conventional English equivalent is not yet assigned in this context.,1,Judges 5:23,macronized_source_form
Joash,person,Judges 6:11,ot,Source text carries this as a personal name; retained as a proper noun rather than translated as ordinary vocabulary.,29,Judges 6:11; Judges 6:29; Judges 6:30; Judges 6:31; Judges 7:14; Judges 8:13; Judges 8:29; Judges 8:32,logos_alias_entity
Ezri,person,Judges 6:24,ot,Source text carries this as a personal name; retained as a proper noun rather than translated as ordinary vocabulary.,2,Judges 6:24; Nehemiah 11:15,logos_primary_entity
Arōed,transliterated_form,Judges 7:1,ot,Transliterated source-form proper noun; retained here because a single conventional English equivalent is not yet assigned in this context.,1,Judges 7:1,macronized_source_form
Abōr,transliterated_form,Judges 7:1,ot,Transliterated source-form proper noun; retained here because a single conventional English equivalent is not yet assigned in this context.,3,Judges 7:1; 2 Kings 17:6; 2 Kings 18:11,macronized_source_form
Ōrēb,transliterated_form,Judges 7:25,ot,Transliterated source-form proper noun; retained here because a single conventional English equivalent is not yet assigned in this context.,4,Judges 7:25; Judges 8:3,macronized_source_form
Zēb,transliterated_form,Judges 7:25,ot,Transliterated source-form proper noun; retained here because a single conventional English equivalent is not yet assigned in this context.,4,Judges 7:25; Judges 8:3,macronized_source_form
Jakephzēb,transliterated_form,Judges 7:25,ot,Transliterated source-form proper noun; retained here because a single conventional English equivalent is not yet assigned in this context.,1,Judges 7:25,macronized_source_form
Zebah,person,Judges 8:5,ot,Source text carries this as a personal name; retained as a proper noun rather than translated as ordinary vocabulary.,12,Judges 8:5; Judges 8:6; Judges 8:7; Judges 8:10; Judges 8:11; Judges 8:12; Judges 8:15; Judges 8:18,logos_primary_entity
Phanouēl,transliterated_form,Judges 8:8,ot,Transliterated source-form proper noun; retained here because a single conventional English equivalent is not yet assigned in this context.,4,Judges 8:8; Judges 8:9; Judges 8:17,macronized_source_form
Jōatham,transliterated_form,Judges 9:5,ot,Transliterated source-form proper noun; retained here because a single conventional English equivalent is not yet assigned in this context.,4,Judges 9:5; Judges 9:7; Judges 9:21; Judges 9:57,macronized_source_form
Maallōn,transliterated_form,Judges 9:6,ot,Transliterated source-form proper noun; retained here because a single conventional English equivalent is not yet assigned in this context.,3,Judges 9:6; Judges 9:20,macronized_source_form
Gaal,person,Judges 9:26,ot,Source text carries this as a personal name; retained as a proper noun rather than translated as ordinary vocabulary.,9,Judges 9:26; Judges 9:28; Judges 9:30; Judges 9:31; Judges 9:35; Judges 9:36; Judges 9:37; Judges 9:39,logos_primary_entity
Emmōr,transliterated_form,Judges 9:28,ot,Transliterated source-form proper noun; retained here because a single conventional English equivalent is not yet assigned in this context.,1,Judges 9:28,macronized_source_form
Selmōn,transliterated_form,Judges 9:48,ot,Transliterated source-form proper noun; retained here because a single conventional English equivalent is not yet assigned in this context.,1,Judges 9:48,macronized_source_form
Thōla,transliterated_form,Judges 10:1,ot,Transliterated source-form proper noun; retained here because a single conventional English equivalent is not yet assigned in this context.,1,Judges 10:1,macronized_source_form
Rammō,transliterated_form,Judges 10:5,ot,Transliterated source-form proper noun; retained here because a single conventional English equivalent is not yet assigned in this context.,1,Judges 10:5,macronized_source_form
Astarōths,transliterated_form,Judges 10:6,ot,Transliterated source-form proper noun; retained here because a single conventional English equivalent is not yet assigned in this context.,1,Judges 10:6,macronized_source_form
Tōb,transliterated_form,Judges 11:3,ot,Transliterated source-form proper noun; retained here because a single conventional English equivalent is not yet assigned in this context.,2,Judges 11:3; Judges 11:5,macronized_source_form
Sēōn,transliterated_form,Judges 11:19,ot,Transliterated source-form proper noun; retained here because a single conventional English equivalent is not yet assigned in this context.,4,Judges 11:19; Judges 11:20; Judges 11:21,macronized_source_form
Jazēr,transliterated_form,Judges 11:26,ot,Transliterated source-form proper noun; retained here because a single conventional English equivalent is not yet assigned in this context.,1,Judges 11:26,macronized_source_form
Aroēr,transliterated_form,Judges 11:33,ot,Transliterated source-form proper noun; retained here because a single conventional English equivalent is not yet assigned in this context.,3,Judges 11:33; 1 Samuel 30:28; 2 Kings 10:33,macronized_source_form
Semōith,transliterated_form,Judges 11:33,ot,Transliterated source-form proper noun; retained here because a single conventional English equivalent is not yet assigned in this context.,1,Judges 11:33,macronized_source_form
Ailōn,transliterated_form,Judges 12:11,ot,Transliterated source-form proper noun; retained here because a single conventional English equivalent is not yet assigned in this context.,3,Judges 12:11; Judges 12:12; 2 Chronicles 28:18,macronized_source_form
Zebulunite,people_group,Judges 12:11,ot,Ethnic or group proper noun; retained as a people-name rather than translated as ordinary vocabulary.,2,Judges 12:11; Judges 12:12,logos_alias_entity
Labdōn,transliterated_form,Judges 12:13,ot,Transliterated source-form proper noun; retained here because a single conventional English equivalent is not yet assigned in this context.,2,Judges 12:13; Judges 12:15,macronized_source_form
Sellēm,transliterated_form,Judges 12:13,ot,Transliterated source-form proper noun; retained here because a single conventional English equivalent is not yet assigned in this context.,5,Judges 12:13; Judges 12:15; 2 Kings 22:14; 2 Chronicles 28:12; 2 Chronicles 34:22,macronized_source_form
Phraathōnite,transliterated_form,Judges 12:13,ot,Transliterated source-form proper noun; retained here because a single conventional English equivalent is not yet assigned in this context.,2,Judges 12:13; Judges 12:15,macronized_source_form
Phraathōn,transliterated_form,Judges 12:15,ot,Transliterated source-form proper noun; retained here because a single conventional English equivalent is not yet assigned in this context.,1,Judges 12:15,macronized_source_form
Manoah,person,Judges 13:2,ot,Source text carries this as a personal name; retained as a proper noun rather than translated as ordinary vocabulary.,18,Judges 13:2; Judges 13:8; Judges 13:9; Judges 13:11; Judges 13:12; Judges 13:13; Judges 13:15; Judges 13:16,logos_primary_entity
Nazirite,people_group,Judges 13:5,ot,Ethnic or group proper noun; retained as a people-name rather than translated as ordinary vocabulary.,3,Judges 13:5; Judges 13:7; Judges 16:17,logos_alias_entity
Gazites,people_group,Judges 16:2,ot,Ethnic or group proper noun; retained as a people-name rather than translated as ordinary vocabulary.,1,Judges 16:2,logos_primary_entity
Sōrēch,transliterated_form,Judges 16:4,ot,Transliterated source-form proper noun; retained here because a single conventional English equivalent is not yet assigned in this context.,1,Judges 16:4,macronized_source_form
Dagon,supernatural_being,Judges 16:23,ot,Source text carries this as a divine or supernatural name/title; retained as a proper noun.,15,Judges 16:23; 1 Samuel 5:2; 1 Samuel 5:3; 1 Samuel 5:4; 1 Samuel 5:5; 1 Samuel 5:7; 1 Chronicles 10:10; Isaiah 46:1,logos_primary_entity
Micha,person,Judges 17:1,ot,Source text carries this as a personal name; retained as a proper noun rather than translated as ordinary vocabulary.,36,Judges 17:1; Judges 17:4; Judges 17:5; Judges 17:8; Judges 17:9; Judges 17:10; Judges 17:12; Judges 17:13,logos_alias_entity
Gērsōm,transliterated_form,Judges 18:30,ot,Transliterated source-form proper noun; retained here because a single conventional English equivalent is not yet assigned in this context.,1,Judges 18:30,macronized_source_form
Belial,supernatural_being,Judges 20:13,ot,Source text carries this as a divine or supernatural name/title; retained as a proper noun.,1,Judges 20:13,logos_alias_entity
Lebōna,transliterated_form,Judges 21:19,ot,Transliterated source-form proper noun; retained here because a single conventional English equivalent is not yet assigned in this context.,1,Judges 21:19,macronized_source_form
Ephrathites,people_group,Ruth 1:2,ot,Ethnic or group proper noun; retained as a people-name rather than translated as ordinary vocabulary.,1,Ruth 1:2,logos_primary_entity
Ōbēd,transliterated_form,Ruth 4:17,ot,Transliterated source-form proper noun; retained here because a single conventional English equivalent is not yet assigned in this context.,6,Ruth 4:17; Ruth 4:21; Ruth 4:22; 1 Chronicles 26:7; 2 Chronicles 23:1; Nehemiah 11:17,macronized_source_form
Esrōn,transliterated_form,Ruth 4:18,ot,Transliterated source-form proper noun; retained here because a single conventional English equivalent is not yet assigned in this context.,2,Ruth 4:18; Ruth 4:19,macronized_source_form
Naassōn,transliterated_form,Ruth 4:20,ot,Transliterated source-form proper noun; retained here because a single conventional English equivalent is not yet assigned in this context.,2,Ruth 4:20,macronized_source_form
Siphā,transliterated_form,1 Samuel 1:1,ot,Transliterated source-form proper noun; retained here because a single conventional English equivalent is not yet assigned in this context.,1,1 Samuel 1:1,macronized_source_form
Ieremeēl,transliterated_form,1 Samuel 1:1,ot,Transliterated source-form proper noun; retained here because a single conventional English equivalent is not yet assigned in this context.,1,1 Samuel 1:1,macronized_source_form
Sabaōth,transliterated_form,1 Samuel 1:3,ot,Transliterated source-form proper noun; retained here because a single conventional English equivalent is not yet assigned in this context.,5,1 Samuel 1:3; 1 Samuel 1:11; 1 Samuel 1:20; 1 Samuel 15:2; 1 Samuel 17:45,macronized_source_form
Shilō,transliterated_form,1 Samuel 1:3,ot,Transliterated source-form proper noun; retained here because a single conventional English equivalent is not yet assigned in this context.,2,1 Samuel 1:3; 1 Samuel 1:9,macronized_source_form
Adōnai,transliterated_form,1 Samuel 1:11,ot,Transliterated source-form proper noun; retained here because a single conventional English equivalent is not yet assigned in this context.,1,1 Samuel 1:11,macronized_source_form
Elōai,transliterated_form,1 Samuel 1:11,ot,Transliterated source-form proper noun; retained here because a single conventional English equivalent is not yet assigned in this context.,1,1 Samuel 1:11,macronized_source_form
Abenezēr,transliterated_form,1 Samuel 4:1,ot,Transliterated source-form proper noun; retained here because a single conventional English equivalent is not yet assigned in this context.,2,1 Samuel 4:1; 1 Samuel 7:12,macronized_source_form
Barchabōth,transliterated_form,1 Samuel 4:21,ot,Transliterated source-form proper noun; retained here because a single conventional English equivalent is not yet assigned in this context.,1,1 Samuel 4:21,macronized_source_form
Abennezēr,transliterated_form,1 Samuel 5:1,ot,Transliterated source-form proper noun; retained here because a single conventional English equivalent is not yet assigned in this context.,1,1 Samuel 5:1,macronized_source_form
Gittites,people_group,1 Samuel 5:8,ot,Ethnic or group proper noun; retained as a people-name rather than translated as ordinary vocabulary.,2,1 Samuel 5:8; 1 Samuel 5:9,logos_primary_entity
Ōsēe,transliterated_form,1 Samuel 6:14,ot,Transliterated source-form proper noun; retained here because a single conventional English equivalent is not yet assigned in this context.,10,1 Samuel 6:14; 1 Samuel 6:18; 2 Kings 15:30; 2 Kings 17:1; 2 Kings 17:3; 2 Kings 17:4; 2 Kings 17:6; 2 Kings 18:1,macronized_source_form
Astarōth,transliterated_form,1 Samuel 7:4,ot,Transliterated source-form proper noun; retained here because a single conventional English equivalent is not yet assigned in this context.,1,1 Samuel 7:4,macronized_source_form
Helper,supernatural_being,1 Samuel 7:12,ot,Source text carries this as a divine or supernatural name/title; retained as a proper noun.,1,1 Samuel 7:12,logos_alias_entity
Jōēl,transliterated_form,1 Samuel 8:2,ot,Transliterated source-form proper noun; retained here because a single conventional English equivalent is not yet assigned in this context.,1,1 Samuel 8:2,macronized_source_form
Abia,transliterated_form,1 Samuel 8:2,ot,High-frequency LXX-style proper noun form; retained here pending a context-by-context normalization decision.,25,1 Samuel 8:2; 2 Samuel 14:27; 1 Kings 12:24; 2 Kings 12:2; 1 Chronicles 2:24; 1 Chronicles 3:10; 1 Chronicles 6:13; 1 Chronicles 24:10,manual_high_frequency_lxx_form
Kis,transliterated_form,1 Samuel 9:1,ot,High-frequency LXX-style proper noun form; retained here pending a context-by-context normalization decision.,20,1 Samuel 9:1; 1 Samuel 9:3; 1 Samuel 10:11; 1 Samuel 10:21; 1 Samuel 14:51; 2 Samuel 21:14; 1 Chronicles 8:30; 1 Chronicles 8:33,manual_high_frequency_lxx_form
Abiēl,transliterated_form,1 Samuel 9:1,ot,Transliterated source-form proper noun; retained here because a single conventional English equivalent is not yet assigned in this context.,2,1 Samuel 9:1; 1 Samuel 14:51,macronized_source_form
Bachir,person,1 Samuel 9:1,ot,Source text carries this as a personal name; retained as a proper noun rather than translated as ordinary vocabulary.,4,1 Samuel 9:1; 1 Chronicles 7:6; 1 Chronicles 7:8,logos_alias_entity
Mattari,people_group,1 Samuel 10:21,ot,Ethnic or group proper noun; retained as a people-name rather than translated as ordinary vocabulary.,2,1 Samuel 10:21,logos_alias_entity
Ammanite,people_group,1 Samuel 11:1,ot,Ethnic or group proper noun; retained as a people-name rather than translated as ordinary vocabulary.,7,1 Samuel 11:1; 1 Samuel 11:2; 1 Samuel 11:10; 2 Samuel 23:37; 1 Kings 14:21; Nehemiah 3:35,logos_alias_entity
Iabis,transliterated_form,1 Samuel 11:1,ot,High-frequency LXX-style proper noun form; retained here pending a context-by-context normalization decision.,18,1 Samuel 11:1; 1 Samuel 11:3; 1 Samuel 11:5; 1 Samuel 11:9; 1 Samuel 11:10; 1 Samuel 31:11; 1 Samuel 31:12; 1 Samuel 31:13,manual_high_frequency_lxx_form
Asōr,transliterated_form,1 Samuel 12:9,ot,Transliterated source-form proper noun; retained here because a single conventional English equivalent is not yet assigned in this context.,2,1 Samuel 12:9; 2 Kings 15:29,macronized_source_form
Baithōn,transliterated_form,1 Samuel 13:5,ot,Transliterated source-form proper noun; retained here because a single conventional English equivalent is not yet assigned in this context.,2,1 Samuel 13:5; 1 Samuel 14:23,macronized_source_form
Sōgal,transliterated_form,1 Samuel 13:17,ot,Transliterated source-form proper noun; retained here because a single conventional English equivalent is not yet assigned in this context.,1,1 Samuel 13:17,macronized_source_form
Baithōrōn,transliterated_form,1 Samuel 13:18,ot,Transliterated source-form proper noun; retained here because a single conventional English equivalent is not yet assigned in this context.,4,1 Samuel 13:18; 2 Chronicles 8:5; 2 Chronicles 25:13,macronized_source_form
Magdōn,transliterated_form,1 Samuel 14:2,ot,Transliterated source-form proper noun; retained here because a single conventional English equivalent is not yet assigned in this context.,1,1 Samuel 14:2,macronized_source_form
Achia,transliterated_form,1 Samuel 14:3,ot,High-frequency LXX-style proper noun form; retained here pending a context-by-context normalization decision.,14,1 Samuel 14:3; 1 Samuel 14:18; 2 Samuel 8:16; 1 Kings 4:3; 1 Kings 15:27; 1 Kings 15:29; 1 Kings 15:33; 1 Kings 20:22,manual_high_frequency_lxx_form
Ahitub,person,1 Samuel 14:3,ot,Source text carries this as a personal name; retained as a proper noun rather than translated as ordinary vocabulary.,6,1 Samuel 14:3; 1 Samuel 22:9; 1 Samuel 22:11; 1 Samuel 22:12; 1 Samuel 22:20; 2 Samuel 8:17,logos_alias_entity
Iōchabēd,transliterated_form,1 Samuel 14:3,ot,Transliterated source-form proper noun; retained here because a single conventional English equivalent is not yet assigned in this context.,1,1 Samuel 14:3,macronized_source_form
Sēlōm,transliterated_form,1 Samuel 14:3,ot,Transliterated source-form proper noun; retained here because a single conventional English equivalent is not yet assigned in this context.,1,1 Samuel 14:3,macronized_source_form
Geththēm,transliterated_form,1 Samuel 14:33,ot,Transliterated source-form proper noun; retained here because a single conventional English equivalent is not yet assigned in this context.,1,1 Samuel 14:33,macronized_source_form
Baithōr,transliterated_form,1 Samuel 14:47,ot,Transliterated source-form proper noun; retained here because a single conventional English equivalent is not yet assigned in this context.,1,1 Samuel 14:47,macronized_source_form
Melchol,transliterated_form,1 Samuel 14:49,ot,High-frequency LXX-style proper noun form; retained here pending a context-by-context normalization decision.,17,1 Samuel 14:49; 1 Samuel 18:20; 1 Samuel 18:27; 1 Samuel 19:11; 1 Samuel 19:12; 1 Samuel 19:13; 1 Samuel 19:17; 1 Samuel 25:44,manual_high_frequency_lxx_form
Achimaas,transliterated_form,1 Samuel 14:50,ot,High-frequency LXX-style proper noun form; retained here pending a context-by-context normalization decision.,15,1 Samuel 14:50; 2 Samuel 15:27; 2 Samuel 15:36; 2 Samuel 17:17; 2 Samuel 17:20; 2 Samuel 18:19; 2 Samuel 18:22; 2 Samuel 18:23,manual_high_frequency_lxx_form
Ner,person,1 Samuel 14:50,ot,Source text carries this as a personal name; retained as a proper noun rather than translated as ordinary vocabulary.,17,1 Samuel 14:50; 1 Samuel 14:51; 1 Samuel 26:5; 2 Samuel 2:8; 2 Samuel 2:12; 2 Samuel 3:23; 2 Samuel 3:25; 2 Samuel 3:28,logos_primary_entity
Agag,person,1 Samuel 15:8,ot,Source text carries this as a personal name; retained as a proper noun rather than translated as ordinary vocabulary.,8,1 Samuel 15:8; 1 Samuel 15:9; 1 Samuel 15:20; 1 Samuel 15:32; 1 Samuel 15:33,logos_alias_entity
Karmēlos,transliterated_form,1 Samuel 15:12,ot,Transliterated source-form proper noun; retained here because a single conventional English equivalent is not yet assigned in this context.,1,1 Samuel 15:12,macronized_source_form
Iessai,transliterated_form,1 Samuel 16:1,ot,High-frequency LXX-style proper noun form; retained here pending a context-by-context normalization decision.,31,1 Samuel 16:1; 1 Samuel 16:3; 1 Samuel 16:5; 1 Samuel 16:8; 1 Samuel 16:9; 1 Samuel 16:10; 1 Samuel 16:11; 1 Samuel 16:18,manual_high_frequency_lxx_form
Bēthleemite,transliterated_form,1 Samuel 16:18,ot,Transliterated source-form proper noun; retained here because a single conventional English equivalent is not yet assigned in this context.,1,1 Samuel 16:18,macronized_source_form
Socoh,person,1 Samuel 17:1,ot,Source text carries this as a personal name; retained as a proper noun rather than translated as ordinary vocabulary.,3,1 Samuel 17:1; 2 Chronicles 11:7,logos_primary_entity
Azēka,transliterated_form,1 Samuel 17:1,ot,Transliterated source-form proper noun; retained here because a single conventional English equivalent is not yet assigned in this context.,2,1 Samuel 17:1; 2 Chronicles 11:9,macronized_source_form
Goliath,person,1 Samuel 17:4,ot,Source text carries this as a personal name; retained as a proper noun rather than translated as ordinary vocabulary.,6,1 Samuel 17:4; 1 Samuel 21:10; 1 Samuel 22:10; 2 Samuel 21:19; 1 Chronicles 20:5; Psalms 143:1,logos_primary_entity
Askalōn,transliterated_form,1 Samuel 17:52,ot,Transliterated source-form proper noun; retained here because a single conventional English equivalent is not yet assigned in this context.,2,1 Samuel 17:52; 2 Samuel 1:20,macronized_source_form
Akkarōn,transliterated_form,1 Samuel 17:52,ot,Transliterated source-form proper noun; retained here because a single conventional English equivalent is not yet assigned in this context.,5,1 Samuel 17:52; 2 Kings 1:2; 2 Kings 1:3; 2 Kings 1:6; 2 Kings 1:16,macronized_source_form
Dōēk,transliterated_form,1 Samuel 21:8,ot,Transliterated source-form proper noun; retained here because a single conventional English equivalent is not yet assigned in this context.,5,1 Samuel 21:8; 1 Samuel 22:9; 1 Samuel 22:18; 1 Samuel 22:22,macronized_source_form
Ela,person,1 Samuel 21:10,ot,Source text carries this as a personal name; retained as a proper noun rather than translated as ordinary vocabulary.,10,1 Samuel 21:10; 2 Samuel 23:29; 1 Kings 16:6; 1 Kings 16:8; 1 Kings 16:13; 1 Kings 16:14; 2 Kings 15:30; 2 Kings 17:1,logos_primary_entity
Anchous,transliterated_form,1 Samuel 21:11,ot,High-frequency LXX-style proper noun form; retained here pending a context-by-context normalization decision.,21,1 Samuel 21:11; 1 Samuel 21:12; 1 Samuel 21:13; 1 Samuel 21:15; 1 Samuel 27:2; 1 Samuel 27:3; 1 Samuel 27:5; 1 Samuel 27:9,manual_high_frequency_lxx_form
Keila,transliterated_form,1 Samuel 23:1,ot,High-frequency LXX-style proper noun form; retained here pending a context-by-context normalization decision.,17,1 Samuel 23:1; 1 Samuel 23:2; 1 Samuel 23:3; 1 Samuel 23:4; 1 Samuel 23:5; 1 Samuel 23:6; 1 Samuel 23:7; 1 Samuel 23:8,manual_high_frequency_lxx_form
Ziphites,people_group,1 Samuel 23:19,ot,Ethnic or group proper noun; retained as a people-name rather than translated as ordinary vocabulary.,4,1 Samuel 23:19; 1 Samuel 23:24; 1 Samuel 26:1; Psalms 53:2,logos_primary_entity
Abigaia,transliterated_form,1 Samuel 25:3,ot,High-frequency LXX-style proper noun form; retained here pending a context-by-context normalization decision.,14,1 Samuel 25:3; 1 Samuel 25:14; 1 Samuel 25:18; 1 Samuel 25:23; 1 Samuel 25:32; 1 Samuel 25:36; 1 Samuel 25:39; 1 Samuel 25:40,manual_high_frequency_lxx_form
Iezraēl,transliterated_form,1 Samuel 25:43,ot,Transliterated source-form proper noun; retained here because a single conventional English equivalent is not yet assigned in this context.,4,1 Samuel 25:43; 1 Samuel 29:1; 2 Samuel 2:9; 2 Samuel 4:4,macronized_source_form
Abessa,transliterated_form,1 Samuel 26:6,ot,High-frequency LXX-style proper noun form; retained here pending a context-by-context normalization decision.,25,1 Samuel 26:6; 1 Samuel 26:7; 1 Samuel 26:8; 1 Samuel 26:9; 2 Samuel 2:18; 2 Samuel 2:24; 2 Samuel 3:30; 2 Samuel 10:10,manual_high_frequency_lxx_form
Sarouia,transliterated_form,1 Samuel 26:6,ot,High-frequency LXX-style proper noun form; retained here pending a context-by-context normalization decision.,27,1 Samuel 26:6; 2 Samuel 2:13; 2 Samuel 2:18; 2 Samuel 3:39; 2 Samuel 8:16; 2 Samuel 14:1; 2 Samuel 16:9; 2 Samuel 16:10,manual_high_frequency_lxx_form
Ammach,person,1 Samuel 27:2,ot,Source text carries this as a personal name; retained as a proper noun rather than translated as ordinary vocabulary.,1,1 Samuel 27:2,logos_alias_entity
Jezreelite,people_group,1 Samuel 27:3,ot,Ethnic or group proper noun; retained as a people-name rather than translated as ordinary vocabulary.,11,1 Samuel 27:3; 1 Samuel 30:5; 2 Samuel 2:2; 2 Samuel 3:2; 1 Kings 20:1; 1 Kings 20:6; 1 Kings 20:7; 1 Kings 20:15,logos_alias_entity
Amalēkite,transliterated_form,1 Samuel 27:8,ot,Transliterated source-form proper noun; retained here because a single conventional English equivalent is not yet assigned in this context.,4,1 Samuel 27:8; 1 Samuel 30:13; 2 Samuel 1:8; 2 Samuel 1:13,macronized_source_form
Iesmega,people_group,1 Samuel 27:10,ot,Ethnic or group proper noun; retained as a people-name rather than translated as ordinary vocabulary.,1,1 Samuel 27:10,logos_alias_entity
Sōman,transliterated_form,1 Samuel 28:4,ot,Transliterated source-form proper noun; retained here because a single conventional English equivalent is not yet assigned in this context.,2,1 Samuel 28:4; 2 Kings 4:8,macronized_source_form
Aendōr,transliterated_form,1 Samuel 28:7,ot,Transliterated source-form proper noun; retained here because a single conventional English equivalent is not yet assigned in this context.,2,1 Samuel 28:7; 1 Samuel 29:1,macronized_source_form
Amalēkites,transliterated_form,1 Samuel 30:18,ot,Transliterated source-form proper noun; retained here because a single conventional English equivalent is not yet assigned in this context.,1,1 Samuel 30:18,macronized_source_form
Ieramēli,transliterated_form,1 Samuel 30:29,ot,Transliterated source-form proper noun; retained here because a single conventional English equivalent is not yet assigned in this context.,1,1 Samuel 30:29,macronized_source_form
Galaaditēs,transliterated_form,1 Samuel 31:11,ot,Transliterated source-form proper noun; retained here because a single conventional English equivalent is not yet assigned in this context.,4,1 Samuel 31:11; 2 Samuel 2:4; 2 Samuel 2:5; 2 Samuel 2:9,macronized_source_form
Asahel,person,2 Samuel 2:18,ot,Source text carries this as a personal name; retained as a proper noun rather than translated as ordinary vocabulary.,13,2 Samuel 2:18; 2 Samuel 2:19; 2 Samuel 2:20; 2 Samuel 2:21; 2 Samuel 2:22; 2 Samuel 2:23; 2 Samuel 2:30; 2 Samuel 2:32,logos_alias_entity
Amnon,person,2 Samuel 3:2,ot,Source text carries this as a personal name; retained as a proper noun rather than translated as ordinary vocabulary.,31,2 Samuel 3:2; 2 Samuel 13:1; 2 Samuel 13:2; 2 Samuel 13:3; 2 Samuel 13:4; 2 Samuel 13:6; 2 Samuel 13:7; 2 Samuel 13:8,logos_alias_entity
Abital,person,2 Samuel 3:4,ot,Source text carries this as a personal name; retained as a proper noun rather than translated as ordinary vocabulary.,2,2 Samuel 3:4; 1 Chronicles 3:3,logos_primary_entity
Ial,person,2 Samuel 3:7,ot,Source text carries this as a personal name; retained as a proper noun rather than translated as ordinary vocabulary.,1,2 Samuel 3:7,logos_alias_entity
Sellēs,transliterated_form,2 Samuel 3:15,ot,Transliterated source-form proper noun; retained here because a single conventional English equivalent is not yet assigned in this context.,1,2 Samuel 3:15,macronized_source_form
Baana,person,2 Samuel 4:2,ot,Source text carries this as a personal name; retained as a proper noun rather than translated as ordinary vocabulary.,13,2 Samuel 4:2; 2 Samuel 4:5; 2 Samuel 4:6; 2 Samuel 4:9; 2 Samuel 23:29; 1 Kings 4:16; 1 Chronicles 2:25; 1 Chronicles 8:37,logos_alias_entity
Remmōn,transliterated_form,2 Samuel 4:2,ot,Transliterated source-form proper noun; retained here because a single conventional English equivalent is not yet assigned in this context.,3,2 Samuel 4:2; 2 Samuel 4:5; 2 Samuel 4:9,macronized_source_form
Bērōthaite,transliterated_form,2 Samuel 4:2,ot,Transliterated source-form proper noun; retained here because a single conventional English equivalent is not yet assigned in this context.,3,2 Samuel 4:2; 2 Samuel 4:5; 2 Samuel 4:9,macronized_source_form
Bērōth,transliterated_form,2 Samuel 4:2,ot,Transliterated source-form proper noun; retained here because a single conventional English equivalent is not yet assigned in this context.,1,2 Samuel 4:2,macronized_source_form
Bērōthaites,transliterated_form,2 Samuel 4:3,ot,Transliterated source-form proper noun; retained here because a single conventional English equivalent is not yet assigned in this context.,1,2 Samuel 4:3,macronized_source_form
Chiram,transliterated_form,2 Samuel 5:11,ot,High-frequency LXX-style proper noun form; retained here pending a context-by-context normalization decision.,35,2 Samuel 5:11; 1 Kings 5:15; 1 Kings 5:16; 1 Kings 5:21; 1 Kings 5:22; 1 Kings 5:24; 1 Kings 5:25; 1 Kings 5:26,manual_high_frequency_lxx_form
Sōbab,transliterated_form,2 Samuel 5:14,ot,Transliterated source-form proper noun; retained here because a single conventional English equivalent is not yet assigned in this context.,1,2 Samuel 5:14,macronized_source_form
Thēsous,transliterated_form,2 Samuel 5:16,ot,Transliterated source-form proper noun; retained here because a single conventional English equivalent is not yet assigned in this context.,1,2 Samuel 5:16,macronized_source_form
Gazēra,transliterated_form,2 Samuel 5:25,ot,Transliterated source-form proper noun; retained here because a single conventional English equivalent is not yet assigned in this context.,1,2 Samuel 5:25,macronized_source_form
Nōdab,transliterated_form,2 Samuel 6:6,ot,Transliterated source-form proper noun; retained here because a single conventional English equivalent is not yet assigned in this context.,1,2 Samuel 6:6,macronized_source_form
Adraazar,transliterated_form,2 Samuel 8:3,ot,High-frequency LXX-style proper noun form; retained here pending a context-by-context normalization decision.,21,2 Samuel 8:3; 2 Samuel 8:5; 2 Samuel 8:7; 2 Samuel 8:8; 2 Samuel 8:9; 2 Samuel 8:10; 2 Samuel 8:12; 2 Samuel 10:16,manual_high_frequency_lxx_form
Solōmōn,transliterated_form,2 Samuel 8:7,ot,Transliterated source-form proper noun; retained here because a single conventional English equivalent is not yet assigned in this context.,1,2 Samuel 8:7,macronized_source_form
Jehoshaphat,person,2 Samuel 8:16,ot,Source text carries this as a personal name; retained as a proper noun rather than translated as ordinary vocabulary.,45,2 Samuel 8:16; 2 Chronicles 17:1; 2 Chronicles 17:3; 2 Chronicles 17:5; 2 Chronicles 17:10; 2 Chronicles 17:11; 2 Chronicles 17:12; 2 Chronicles 18:1,logos_alias_entity
Banaias,person,2 Samuel 8:18,ot,Source text carries this as a personal name; retained as a proper noun rather than translated as ordinary vocabulary.,28,2 Samuel 8:18; 2 Samuel 20:23; 2 Samuel 23:20; 2 Samuel 23:22; 2 Samuel 23:30; 1 Kings 1:8; 1 Kings 1:26; 1 Kings 1:32,logos_alias_entity
Jehoiada,person,2 Samuel 8:18,ot,Source text carries this as a personal name; retained as a proper noun rather than translated as ordinary vocabulary.,30,2 Samuel 8:18; 2 Kings 11:4; 2 Kings 11:9; 2 Kings 11:15; 2 Kings 11:17; 2 Kings 12:3; 2 Kings 12:8; 2 Kings 12:10,logos_alias_entity
Siba,transliterated_form,2 Samuel 9:2,ot,High-frequency LXX-style proper noun form; retained here pending a context-by-context normalization decision.,16,2 Samuel 9:2; 2 Samuel 9:3; 2 Samuel 9:4; 2 Samuel 9:9; 2 Samuel 9:10; 2 Samuel 9:11; 2 Samuel 9:12; 2 Samuel 16:1,manual_high_frequency_lxx_form
Anōn,transliterated_form,2 Samuel 10:1,ot,Transliterated source-form proper noun; retained here because a single conventional English equivalent is not yet assigned in this context.,4,2 Samuel 10:1; 2 Samuel 10:2; 2 Samuel 10:3; 2 Samuel 10:4,macronized_source_form
Baithroōb,transliterated_form,2 Samuel 10:6,ot,Transliterated source-form proper noun; retained here because a single conventional English equivalent is not yet assigned in this context.,1,2 Samuel 10:6,macronized_source_form
Istōb,transliterated_form,2 Samuel 10:6,ot,Transliterated source-form proper noun; retained here because a single conventional English equivalent is not yet assigned in this context.,2,2 Samuel 10:6; 2 Samuel 10:8,macronized_source_form
Rōōb,transliterated_form,2 Samuel 10:8,ot,Transliterated source-form proper noun; retained here because a single conventional English equivalent is not yet assigned in this context.,1,2 Samuel 10:8,macronized_source_form
Sōbak,transliterated_form,2 Samuel 10:16,ot,Transliterated source-form proper noun; retained here because a single conventional English equivalent is not yet assigned in this context.,2,2 Samuel 10:16; 2 Samuel 10:18,macronized_source_form
Bathsheba,person,2 Samuel 11:3,ot,Source text carries this as a personal name; retained as a proper noun rather than translated as ordinary vocabulary.,2,2 Samuel 11:3; 2 Samuel 12:24,logos_primary_entity
Iōnadab,transliterated_form,2 Samuel 13:3,ot,Transliterated source-form proper noun; retained here because a single conventional English equivalent is not yet assigned in this context.,5,2 Samuel 13:3; 2 Samuel 13:5; 2 Samuel 13:32; 2 Samuel 13:35,macronized_source_form
Belasōr,transliterated_form,2 Samuel 13:23,ot,Transliterated source-form proper noun; retained here because a single conventional English equivalent is not yet assigned in this context.,1,2 Samuel 13:23,macronized_source_form
Ōrōnēn,transliterated_form,2 Samuel 13:34,ot,Transliterated source-form proper noun; retained here because a single conventional English equivalent is not yet assigned in this context.,1,2 Samuel 13:34,macronized_source_form
Thekōe,transliterated_form,2 Samuel 14:2,ot,Transliterated source-form proper noun; retained here because a single conventional English equivalent is not yet assigned in this context.,3,2 Samuel 14:2; 2 Chronicles 11:6; 2 Chronicles 20:20,macronized_source_form
Thekōite,transliterated_form,2 Samuel 14:4,ot,Transliterated source-form proper noun; retained here because a single conventional English equivalent is not yet assigned in this context.,2,2 Samuel 14:4; 2 Samuel 14:9,macronized_source_form
Achitophel,transliterated_form,2 Samuel 15:12,ot,High-frequency LXX-style proper noun form; retained here pending a context-by-context normalization decision.,20,2 Samuel 15:12; 2 Samuel 15:31; 2 Samuel 15:34; 2 Samuel 16:15; 2 Samuel 16:20; 2 Samuel 16:21; 2 Samuel 16:23; 2 Samuel 17:1,manual_high_frequency_lxx_form
Gelmōnaian,transliterated_form,2 Samuel 15:12,ot,Transliterated source-form proper noun; retained here because a single conventional English equivalent is not yet assigned in this context.,1,2 Samuel 15:12,macronized_source_form
Gōla,transliterated_form,2 Samuel 15:12,ot,Transliterated source-form proper noun; retained here because a single conventional English equivalent is not yet assigned in this context.,1,2 Samuel 15:12,macronized_source_form
Zadok,person,2 Samuel 15:24,ot,Source text carries this as a personal name; retained as a proper noun rather than translated as ordinary vocabulary.,12,2 Samuel 15:24; 2 Samuel 15:25; 2 Samuel 15:27; 2 Samuel 15:29; 2 Samuel 15:35; 2 Samuel 15:36; Ezekiel 40:46; Ezekiel 42:13,logos_alias_entity
Chousi,person,2 Samuel 15:32,ot,Source text carries this as a personal name; retained as a proper noun rather than translated as ordinary vocabulary.,22,2 Samuel 15:32; 2 Samuel 15:37; 2 Samuel 16:16; 2 Samuel 16:17; 2 Samuel 16:18; 2 Samuel 17:5; 2 Samuel 17:6; 2 Samuel 17:7,logos_alias_entity
Ionathan,transliterated_form,2 Samuel 17:17,ot,High-frequency LXX-style proper noun form; retained here pending a context-by-context normalization decision.,31,2 Samuel 17:17; 2 Samuel 17:20; 2 Samuel 19:25; 2 Samuel 21:7; 2 Samuel 21:12; 2 Samuel 21:13; 2 Samuel 21:14; 2 Samuel 21:21,manual_high_frequency_lxx_form
Ammiel,person,2 Samuel 17:27,ot,Source text carries this as a personal name; retained as a proper noun rather than translated as ordinary vocabulary.,1,2 Samuel 17:27,logos_alias_entity
Cherethite,people_group,2 Samuel 20:7,ot,Ethnic or group proper noun; retained as a people-name rather than translated as ordinary vocabulary.,4,2 Samuel 20:7; 2 Samuel 20:23; 1 Kings 1:38; 1 Kings 1:44,logos_alias_entity
Iodae,transliterated_form,2 Samuel 20:23,ot,High-frequency LXX-style proper noun form; retained here pending a context-by-context normalization decision.,21,2 Samuel 20:23; 2 Samuel 23:20; 2 Samuel 23:22; 1 Kings 1:8; 1 Kings 1:26; 1 Kings 1:32; 1 Kings 1:36; 1 Kings 1:38,manual_high_frequency_lxx_form
Adoniram,person,2 Samuel 20:24,ot,Source text carries this as a personal name; retained as a proper noun rather than translated as ordinary vocabulary.,4,2 Samuel 20:24; 1 Kings 4:6; 1 Kings 5:28; 1 Kings 12:18,logos_primary_entity
Iosaphat,transliterated_form,2 Samuel 20:24,ot,High-frequency LXX-style proper noun form; retained here pending a context-by-context normalization decision.,44,2 Samuel 20:24; 1 Kings 4:3; 1 Kings 4:19; 1 Kings 15:24; 1 Kings 16:28; 1 Kings 16:29; 1 Kings 22:2; 1 Kings 22:4,manual_high_frequency_lxx_form
Achilouth,person,2 Samuel 20:24,ot,Source text carries this as a personal name; retained as a proper noun rather than translated as ordinary vocabulary.,1,2 Samuel 20:24,logos_alias_entity
Sousa,transliterated_form,2 Samuel 20:25,ot,High-frequency LXX-style proper noun form; retained here pending a context-by-context normalization decision.,17,2 Samuel 20:25; 1 Chronicles 18:16; Esther 1:2; Esther 2:3; Esther 2:5; Esther 2:8; Esther 3:15; Esther 4:8,manual_high_frequency_lxx_form
Ira,person,2 Samuel 20:26,ot,Source text carries this as a personal name; retained as a proper noun rather than translated as ordinary vocabulary.,2,2 Samuel 20:26; 1 Chronicles 11:40,logos_alias_entity
Aia,person,2 Samuel 21:8,ot,Source text carries this as a personal name; retained as a proper noun rather than translated as ordinary vocabulary.,8,2 Samuel 21:8; 2 Samuel 21:10; 2 Samuel 21:11; 2 Kings 17:24; 1 Chronicles 1:40; Ezra 2:28; Nehemiah 7:32; Nehemiah 10:27,logos_alias_entity
Rapha,person,2 Samuel 21:16,ot,Source text carries this as a personal name; retained as a proper noun rather than translated as ordinary vocabulary.,5,2 Samuel 21:16; 2 Samuel 21:18; 2 Samuel 21:20; 2 Samuel 21:22; 1 Chronicles 20:8,logos_primary_entity
Elika,person,2 Samuel 23:25,ot,Source text carries this as a personal name; retained as a proper noun rather than translated as ordinary vocabulary.,1,2 Samuel 23:25,logos_primary_entity
Netophathite,people_group,2 Samuel 23:28,ot,Ethnic or group proper noun; retained as a people-name rather than translated as ordinary vocabulary.,6,2 Samuel 23:28; 2 Samuel 23:29; 2 Kings 25:23; 1 Chronicles 11:30; Jeremiah 47:8,logos_alias_entity
Abiel,person,2 Samuel 23:31,ot,Source text carries this as a personal name; retained as a proper noun rather than translated as ordinary vocabulary.,2,2 Samuel 23:31; 1 Chronicles 11:32,logos_alias_entity
Orna,transliterated_form,2 Samuel 24:16,ot,High-frequency LXX-style proper noun form; retained here pending a context-by-context normalization decision.,23,2 Samuel 24:16; 2 Samuel 24:18; 2 Samuel 24:20; 2 Samuel 24:21; 2 Samuel 24:22; 2 Samuel 24:23; 2 Samuel 24:24; 1 Chronicles 2:18,manual_high_frequency_lxx_form
Adonias,transliterated_form,1 Kings 1:5,ot,High-frequency LXX-style proper noun form; retained here pending a context-by-context normalization decision.,20,1 Kings 1:5; 1 Kings 1:9; 1 Kings 1:11; 1 Kings 1:13; 1 Kings 1:18; 1 Kings 1:24; 1 Kings 1:25; 1 Kings 1:41,manual_high_frequency_lxx_form
Moyses,transliterated_form,1 Kings 2:3,ot,High-frequency LXX-style proper noun form; retained here pending a context-by-context normalization decision.,20,1 Kings 2:3; 1 Kings 8:9; 1 Kings 8:53; 1 Kings 8:56; 1 Kings 9:6; 1 Chronicles 15:15; 1 Chronicles 16:40; 1 Chronicles 21:29,manual_high_frequency_lxx_form
Eli,person,1 Kings 2:27,ot,Source text carries this as a personal name; retained as a proper noun rather than translated as ordinary vocabulary.,2,1 Kings 2:27; 1 Chronicles 11:29,logos_primary_entity
Assour,transliterated_form,1 Kings 2:35,ot,High-frequency LXX-style proper noun form; retained here pending a context-by-context normalization decision.,19,1 Kings 2:35; 1 Kings 10:22; 1 Chronicles 1:17; 1 Chronicles 5:6; 1 Chronicles 5:26; 2 Chronicles 28:16; 2 Chronicles 28:20; 2 Chronicles 28:21,manual_high_frequency_lxx_form
Abi,person,1 Kings 2:46,ot,Source text carries this as a personal name; retained as a proper noun rather than translated as ordinary vocabulary.,1,1 Kings 2:46,logos_alias_entity
Achilid,person,1 Kings 4:3,ot,Source text carries this as a personal name; retained as a proper noun rather than translated as ordinary vocabulary.,2,1 Kings 4:3; 1 Kings 4:12,logos_alias_entity
Saph,person,1 Kings 4:6,ot,Source text carries this as a personal name; retained as a proper noun rather than translated as ordinary vocabulary.,1,1 Kings 4:6,logos_primary_entity
Ephra,person,1 Kings 4:6,ot,Source text carries this as a personal name; retained as a proper noun rather than translated as ordinary vocabulary.,1,1 Kings 4:6,logos_alias_entity
Benor,person,1 Kings 4:8,ot,Source text carries this as a personal name; retained as a proper noun rather than translated as ordinary vocabulary.,1,1 Kings 4:8,logos_alias_entity
Rechab,person,1 Kings 4:9,ot,Source text carries this as a personal name; retained as a proper noun rather than translated as ordinary vocabulary.,13,1 Kings 4:9; 2 Kings 10:15; 2 Kings 10:23; 1 Chronicles 2:55; 1 Chronicles 4:8; Nehemiah 3:14; Jeremiah 42:2; Jeremiah 42:3,logos_alias_entity
Adai,person,1 Kings 4:18,ot,Source text carries this as a personal name; retained as a proper noun rather than translated as ordinary vocabulary.,1,1 Kings 4:18,logos_alias_entity
Darda,person,1 Kings 5:11,ot,Source text carries this as a personal name; retained as a proper noun rather than translated as ordinary vocabulary.,1,1 Kings 5:11,logos_primary_entity
Mal,person,1 Kings 5:11,ot,Source text carries this as a personal name; retained as a proper noun rather than translated as ordinary vocabulary.,1,1 Kings 5:11,logos_alias_entity
Ammonites,people_group,1 Kings 11:1,ot,Ethnic or group proper noun; retained as a people-name rather than translated as ordinary vocabulary.,1,1 Kings 11:1,logos_primary_entity
Idumeans,people_group,1 Kings 11:1,ot,Ethnic or group proper noun; retained as a people-name rather than translated as ordinary vocabulary.,3,1 Kings 11:1; 2 Kings 16:6; Psalms 82:7,logos_primary_entity
Ader,transliterated_form,1 Kings 11:14,ot,High-frequency LXX-style proper noun form; retained here pending a context-by-context normalization decision.,35,1 Kings 11:14; 1 Kings 11:17; 1 Kings 11:18; 1 Kings 11:19; 1 Kings 11:20; 1 Kings 11:21; 1 Kings 11:22; 1 Kings 11:25,manual_high_frequency_lxx_form
Eliadae,person,1 Kings 11:14,ot,Source text carries this as a personal name; retained as a proper noun rather than translated as ordinary vocabulary.,1,1 Kings 11:14,logos_alias_entity
Nabat,person,1 Kings 11:26,ot,Source text carries this as a personal name; retained as a proper noun rather than translated as ordinary vocabulary.,29,1 Kings 11:26; 1 Kings 11:43; 1 Kings 12:15; 1 Kings 15:1; 1 Kings 15:34; 1 Kings 16:3; 1 Kings 16:19; 1 Kings 16:26,logos_alias_entity
Ephrathite,people_group,1 Kings 11:26,ot,Ethnic or group proper noun; retained as a people-name rather than translated as ordinary vocabulary.,1,1 Kings 11:26,logos_alias_entity
Samaias,transliterated_form,1 Kings 12:22,ot,High-frequency LXX-style proper noun form; retained here pending a context-by-context normalization decision.,17,1 Kings 12:22; 1 Kings 12:24; 1 Chronicles 9:14; 1 Chronicles 12:4; 1 Chronicles 15:8; 1 Chronicles 24:6; 1 Chronicles 26:4; 1 Chronicles 27:19,manual_high_frequency_lxx_form
Anan,person,1 Kings 12:24,ot,Source text carries this as a personal name; retained as a proper noun rather than translated as ordinary vocabulary.,16,1 Kings 12:24; 1 Chronicles 4:20; 1 Chronicles 8:23; 1 Chronicles 8:38; 1 Chronicles 9:44; 1 Chronicles 11:43; 1 Chronicles 19:1; 1 Chronicles 19:2,logos_primary_entity
Elamite,people_group,1 Kings 12:24,ot,Ethnic or group proper noun; retained as a people-name rather than translated as ordinary vocabulary.,1,1 Kings 12:24,logos_alias_entity
Baasa,transliterated_form,1 Kings 15:16,ot,High-frequency LXX-style proper noun form; retained here pending a context-by-context normalization decision.,24,1 Kings 15:16; 1 Kings 15:17; 1 Kings 15:19; 1 Kings 15:21; 1 Kings 15:22; 1 Kings 15:27; 1 Kings 15:28; 1 Kings 15:33,manual_high_frequency_lxx_form
Azin,person,1 Kings 15:18,ot,Source text carries this as a personal name; retained as a proper noun rather than translated as ordinary vocabulary.,1,1 Kings 15:18,logos_alias_entity
Anani,person,1 Kings 16:1,ot,Source text carries this as a personal name; retained as a proper noun rather than translated as ordinary vocabulary.,10,1 Kings 16:1; 1 Kings 16:7; 1 Chronicles 3:24; 1 Chronicles 25:4; 1 Chronicles 25:25; 2 Chronicles 16:7; 2 Chronicles 19:2; 2 Chronicles 20:34,logos_primary_entity
Osa,person,1 Kings 16:9,ot,Source text carries this as a personal name; retained as a proper noun rather than translated as ordinary vocabulary.,1,1 Kings 16:9,logos_alias_entity
Ambri,transliterated_form,1 Kings 16:16,ot,High-frequency LXX-style proper noun form; retained here pending a context-by-context normalization decision.,15,1 Kings 16:16; 1 Kings 16:17; 1 Kings 16:21; 1 Kings 16:22; 1 Kings 16:23; 1 Kings 16:24; 1 Kings 16:25; 1 Kings 16:27,manual_high_frequency_lxx_form
Gonath,person,1 Kings 16:21,ot,Source text carries this as a personal name; retained as a proper noun rather than translated as ordinary vocabulary.,2,1 Kings 16:21; 1 Kings 16:22,logos_alias_entity
Ioram,transliterated_form,1 Kings 16:22,ot,High-frequency LXX-style proper noun form; retained here pending a context-by-context normalization decision.,17,1 Kings 16:22; 1 Kings 16:28; 2 Kings 9:14; 2 Kings 9:15; 2 Kings 9:16; 2 Kings 9:17; 2 Kings 9:21; 2 Kings 9:22,manual_high_frequency_lxx_form
Semerōn,transliterated_form,1 Kings 16:24,ot,Transliterated source-form proper noun; retained here because a single conventional English equivalent is not yet assigned in this context.,1,1 Kings 16:24,macronized_source_form
Semēr,transliterated_form,1 Kings 16:24,ot,Transliterated source-form proper noun; retained here because a single conventional English equivalent is not yet assigned in this context.,2,1 Kings 16:24,macronized_source_form
Saemērōn,transliterated_form,1 Kings 16:24,ot,Transliterated source-form proper noun; retained here because a single conventional English equivalent is not yet assigned in this context.,1,1 Kings 16:24,macronized_source_form
Iezabel,transliterated_form,1 Kings 16:31,ot,High-frequency LXX-style proper noun form; retained here pending a context-by-context normalization decision.,15,1 Kings 16:31; 1 Kings 18:4; 1 Kings 18:13; 1 Kings 18:19; 1 Kings 19:1; 1 Kings 19:2; 1 Kings 20:5; 1 Kings 20:7,manual_high_frequency_lxx_form
Achiēl,transliterated_form,1 Kings 16:34,ot,Transliterated source-form proper noun; retained here because a single conventional English equivalent is not yet assigned in this context.,1,1 Kings 16:34,macronized_source_form
Baithēlite,transliterated_form,1 Kings 16:34,ot,Transliterated source-form proper noun; retained here because a single conventional English equivalent is not yet assigned in this context.,1,1 Kings 16:34,macronized_source_form
Abirōn,transliterated_form,1 Kings 16:34,ot,Transliterated source-form proper noun; retained here because a single conventional English equivalent is not yet assigned in this context.,1,1 Kings 16:34,macronized_source_form
Iēsous,transliterated_form,1 Kings 16:34,ot,Transliterated source-form proper noun; retained here because a single conventional English equivalent is not yet assigned in this context.,3,1 Kings 16:34; 2 Kings 23:8; 2 Chronicles 31:15,macronized_source_form
Abdiou,person,1 Kings 18:3,ot,Source text carries this as a personal name; retained as a proper noun rather than translated as ordinary vocabulary.,10,1 Kings 18:3; 1 Kings 18:4; 1 Kings 18:5; 1 Kings 18:6; 1 Kings 18:7; 1 Kings 18:9; 1 Kings 18:16; 1 Chronicles 27:19,logos_alias_entity
Kisōn,transliterated_form,1 Kings 18:40,ot,Transliterated source-form proper noun; retained here because a single conventional English equivalent is not yet assigned in this context.,1,1 Kings 18:40,macronized_source_form
Chōrēb,transliterated_form,1 Kings 19:8,ot,Transliterated source-form proper noun; retained here because a single conventional English equivalent is not yet assigned in this context.,2,1 Kings 19:8; 2 Chronicles 5:10,macronized_source_form
Azaēl,transliterated_form,1 Kings 19:15,ot,Transliterated source-form proper noun; retained here because a single conventional English equivalent is not yet assigned in this context.,4,1 Kings 19:15; 1 Kings 19:17; 2 Chronicles 22:5; 2 Chronicles 22:6,macronized_source_form
Nabouthai,transliterated_form,1 Kings 20:1,ot,High-frequency LXX-style proper noun form; retained here pending a context-by-context normalization decision.,19,1 Kings 20:1; 1 Kings 20:2; 1 Kings 20:3; 1 Kings 20:6; 1 Kings 20:7; 1 Kings 20:8; 1 Kings 20:9; 1 Kings 20:12,manual_high_frequency_lxx_form
Michaias,transliterated_form,1 Kings 22:8,ot,High-frequency LXX-style proper noun form; retained here pending a context-by-context normalization decision.,21,1 Kings 22:8; 1 Kings 22:9; 1 Kings 22:13; 1 Kings 22:14; 1 Kings 22:15; 1 Kings 22:17; 1 Kings 22:19; 1 Kings 22:24,manual_high_frequency_lxx_form
Iemla,person,1 Kings 22:8,ot,Source text carries this as a personal name; retained as a proper noun rather than translated as ordinary vocabulary.,4,1 Kings 22:8; 1 Kings 22:9; 2 Chronicles 18:7; 2 Chronicles 18:8,logos_alias_entity
Emēr,transliterated_form,1 Kings 22:26,ot,Transliterated source-form proper noun; retained here because a single conventional English equivalent is not yet assigned in this context.,2,1 Kings 22:26; 2 Chronicles 18:25,macronized_source_form
Ochozias,transliterated_form,1 Kings 22:40,ot,High-frequency LXX-style proper noun form; retained here pending a context-by-context normalization decision.,37,1 Kings 22:40; 1 Kings 22:52; 2 Kings 1:2; 2 Kings 1:3; 2 Kings 1:18; 2 Kings 8:24; 2 Kings 8:25; 2 Kings 8:26,manual_high_frequency_lxx_form
Jehoram,person,1 Kings 22:51,ot,Source text carries this as a personal name; retained as a proper noun rather than translated as ordinary vocabulary.,12,1 Kings 22:51; 2 Kings 8:16; 2 Chronicles 17:8; 2 Chronicles 21:1; 2 Chronicles 21:3; 2 Chronicles 21:4; 2 Chronicles 21:5; 2 Chronicles 21:9,logos_alias_entity
Joram,person,2 Kings 1:18,ot,Source text carries this as a personal name; retained as a proper noun rather than translated as ordinary vocabulary.,21,2 Kings 1:18; 2 Kings 3:1; 2 Kings 3:6; 2 Kings 8:16; 2 Kings 8:21; 2 Kings 8:23; 2 Kings 8:24; 2 Kings 8:25,logos_alias_entity
Giezi,transliterated_form,2 Kings 4:12,ot,High-frequency LXX-style proper noun form; retained here pending a context-by-context normalization decision.,14,2 Kings 4:12; 2 Kings 4:14; 2 Kings 4:25; 2 Kings 4:27; 2 Kings 4:29; 2 Kings 4:31; 2 Kings 4:36; 2 Kings 4:41,manual_high_frequency_lxx_form
Sōmanite,transliterated_form,2 Kings 4:12,ot,Transliterated source-form proper noun; retained here because a single conventional English equivalent is not yet assigned in this context.,3,2 Kings 4:12; 2 Kings 4:25; 2 Kings 4:36,macronized_source_form
Naiman,transliterated_form,2 Kings 5:1,ot,High-frequency LXX-style proper noun form; retained here pending a context-by-context normalization decision.,15,2 Kings 5:1; 2 Kings 5:2; 2 Kings 5:5; 2 Kings 5:6; 2 Kings 5:8; 2 Kings 5:9; 2 Kings 5:11; 2 Kings 5:14,manual_high_frequency_lxx_form
Remman,supernatural_being,2 Kings 5:18,ot,Source text carries this as a divine or supernatural name/title; retained as a proper noun.,4,2 Kings 5:18; Amos 4:3,logos_alias_entity
Ben-hadad,person,2 Kings 6:24,ot,Source text carries this as a personal name; retained as a proper noun rather than translated as ordinary vocabulary.,3,2 Kings 6:24; 2 Kings 8:7; 2 Kings 8:9,logos_alias_entity
Shaphat,person,2 Kings 6:31,ot,Source text carries this as a personal name; retained as a proper noun rather than translated as ordinary vocabulary.,1,2 Kings 6:31,logos_alias_entity
Hazael,person,2 Kings 8:8,ot,Source text carries this as a personal name; retained as a proper noun rather than translated as ordinary vocabulary.,19,2 Kings 8:8; 2 Kings 8:9; 2 Kings 8:12; 2 Kings 8:13; 2 Kings 8:15; 2 Kings 8:28; 2 Kings 8:29; 2 Kings 9:14,logos_primary_entity
Gotholia,transliterated_form,2 Kings 8:26,ot,High-frequency LXX-style proper noun form; retained here pending a context-by-context normalization decision.,15,2 Kings 8:26; 2 Kings 11:1; 2 Kings 11:2; 2 Kings 11:3; 2 Kings 11:13; 2 Kings 11:14; 2 Kings 11:20; 2 Chronicles 22:2,manual_high_frequency_lxx_form
Iou,transliterated_form,2 Kings 9:2,ot,High-frequency LXX-style proper noun form; retained here pending a context-by-context normalization decision.,51,2 Kings 9:2; 2 Kings 9:5; 2 Kings 9:11; 2 Kings 9:13; 2 Kings 9:14; 2 Kings 9:15; 2 Kings 9:16; 2 Kings 9:17,manual_high_frequency_lxx_form
Manasse,transliterated_form,2 Kings 10:33,ot,High-frequency LXX-style proper noun form; retained here pending a context-by-context normalization decision.,21,2 Kings 10:33; 1 Chronicles 6:46; 1 Chronicles 6:47; 1 Chronicles 6:55; 1 Chronicles 6:56; 1 Chronicles 12:20; 1 Chronicles 12:21; 1 Chronicles 12:32,manual_high_frequency_lxx_form
Ioachas,transliterated_form,2 Kings 10:35,ot,High-frequency LXX-style proper noun form; retained here pending a context-by-context normalization decision.,17,2 Kings 10:35; 2 Kings 13:1; 2 Kings 13:4; 2 Kings 13:7; 2 Kings 13:8; 2 Kings 13:9; 2 Kings 13:10; 2 Kings 13:22,manual_high_frequency_lxx_form
Ioas,transliterated_form,2 Kings 11:2,ot,High-frequency LXX-style proper noun form; retained here pending a context-by-context normalization decision.,40,2 Kings 11:2; 2 Kings 12:1; 2 Kings 12:2; 2 Kings 12:3; 2 Kings 12:5; 2 Kings 12:7; 2 Kings 12:8; 2 Kings 12:19,manual_high_frequency_lxx_form
Matthan,person,2 Kings 11:18,ot,Source text carries this as a personal name; retained as a proper noun rather than translated as ordinary vocabulary.,2,2 Kings 11:18; 2 Chronicles 23:17,logos_primary_entity
Sōmēr,transliterated_form,2 Kings 12:22,ot,Transliterated source-form proper noun; retained here because a single conventional English equivalent is not yet assigned in this context.,1,2 Kings 12:22,macronized_source_form
Amessias,transliterated_form,2 Kings 12:22,ot,High-frequency LXX-style proper noun form; retained here pending a context-by-context normalization decision.,16,2 Kings 12:22; 2 Kings 13:12; 2 Kings 14:1; 2 Kings 14:8; 2 Kings 14:9; 2 Kings 14:11; 2 Kings 14:13; 2 Kings 14:15,manual_high_frequency_lxx_form
Gai-melē,transliterated_form,2 Kings 14:7,ot,Transliterated source-form proper noun; retained here because a single conventional English equivalent is not yet assigned in this context.,1,2 Kings 14:7,macronized_source_form
Kathoēl,transliterated_form,2 Kings 14:7,ot,Transliterated source-form proper noun; retained here because a single conventional English equivalent is not yet assigned in this context.,1,2 Kings 14:7,macronized_source_form
Azarias,transliterated_form,2 Kings 14:21,ot,High-frequency LXX-style proper noun form; retained here pending a context-by-context normalization decision.,24,2 Kings 14:21; 2 Kings 14:29; 2 Kings 15:1; 2 Kings 15:6; 2 Kings 15:7; 2 Kings 15:8; 2 Kings 15:13; 2 Kings 15:17,manual_high_frequency_lxx_form
Iōnas,transliterated_form,2 Kings 14:25,ot,Transliterated source-form proper noun; retained here because a single conventional English equivalent is not yet assigned in this context.,1,2 Kings 14:25,macronized_source_form
Jotham,person,2 Kings 15:5,ot,Source text carries this as a personal name; retained as a proper noun rather than translated as ordinary vocabulary.,18,2 Kings 15:5; 2 Kings 15:7; 2 Kings 15:30; 2 Kings 15:32; 2 Kings 15:36; 2 Kings 15:38; 2 Kings 16:1; 1 Chronicles 5:17,logos_alias_entity
Menahem,person,2 Kings 15:14,ot,Source text carries this as a personal name; retained as a proper noun rather than translated as ordinary vocabulary.,8,2 Kings 15:14; 2 Kings 15:16; 2 Kings 15:17; 2 Kings 15:19; 2 Kings 15:20; 2 Kings 15:21; 2 Kings 15:22; 2 Kings 15:23,logos_alias_entity
Ianōch,transliterated_form,2 Kings 15:29,ot,Transliterated source-form proper noun; retained here because a single conventional English equivalent is not yet assigned in this context.,1,2 Kings 15:29,macronized_source_form
Sadōk,transliterated_form,2 Kings 15:33,ot,Transliterated source-form proper noun; retained here because a single conventional English equivalent is not yet assigned in this context.,1,2 Kings 15:33,macronized_source_form
Uzziah,person,2 Kings 15:34,ot,Source text carries this as a personal name; retained as a proper noun rather than translated as ordinary vocabulary.,16,2 Kings 15:34; 1 Chronicles 15:18; 1 Chronicles 15:21; 2 Chronicles 26:3; 2 Chronicles 26:9; 2 Chronicles 26:11; 2 Chronicles 26:14; 2 Chronicles 26:19,logos_alias_entity
Raassōn,transliterated_form,2 Kings 15:37,ot,Transliterated source-form proper noun; retained here because a single conventional English equivalent is not yet assigned in this context.,4,2 Kings 15:37; 2 Kings 16:5; 2 Kings 16:6; 2 Kings 16:9,macronized_source_form
Ahaz,person,2 Kings 15:38,ot,Source text carries this as a personal name; retained as a proper noun rather than translated as ordinary vocabulary.,38,2 Kings 15:38; 2 Kings 16:1; 2 Kings 16:2; 2 Kings 16:5; 2 Kings 16:7; 2 Kings 16:8; 2 Kings 16:10; 2 Kings 16:11,logos_alias_entity
Sēgōr,transliterated_form,2 Kings 17:4,ot,Transliterated source-form proper noun; retained here because a single conventional English equivalent is not yet assigned in this context.,1,2 Kings 17:4,macronized_source_form
Gōzan,transliterated_form,2 Kings 17:6,ot,Transliterated source-form proper noun; retained here because a single conventional English equivalent is not yet assigned in this context.,3,2 Kings 17:6; 2 Kings 18:11; 2 Kings 19:12,macronized_source_form
Medes,people_group,2 Kings 17:6,ot,Ethnic or group proper noun; retained as a people-name rather than translated as ordinary vocabulary.,16,2 Kings 17:6; 2 Kings 18:11; 2 Chronicles 36:20; Ezra 6:2; Esther 1:14; Esther 1:19; Isaiah 13:17; Jeremiah 28:11,logos_primary_entity
Samaritans,people_group,2 Kings 17:29,ot,Ethnic or group proper noun; retained as a people-name rather than translated as ordinary vocabulary.,1,2 Kings 17:29,logos_primary_entity
Sokkōthbainith,transliterated_form,2 Kings 17:30,ot,Transliterated source-form proper noun; retained here because a single conventional English equivalent is not yet assigned in this context.,1,2 Kings 17:30,macronized_source_form
Nērigel,transliterated_form,2 Kings 17:30,ot,Transliterated source-form proper noun; retained here because a single conventional English equivalent is not yet assigned in this context.,1,2 Kings 17:30,macronized_source_form
Sennacherib,person,2 Kings 18:13,ot,Source text carries this as a personal name; retained as a proper noun rather than translated as ordinary vocabulary.,12,2 Kings 18:13; 2 Kings 19:16; 2 Kings 19:20; 2 Kings 19:36; 2 Chronicles 32:1; 2 Chronicles 32:2; 2 Chronicles 32:9; 2 Chronicles 32:10,logos_primary_entity
Rabshakeh,person,2 Kings 18:17,ot,Source text carries this as a personal name; retained as a proper noun rather than translated as ordinary vocabulary.,15,2 Kings 18:17; 2 Kings 18:19; 2 Kings 18:26; 2 Kings 18:27; 2 Kings 18:28; 2 Kings 18:37; 2 Kings 19:4; 2 Kings 19:8,logos_primary_entity
Eliakim,person,2 Kings 18:18,ot,Source text carries this as a personal name; retained as a proper noun rather than translated as ordinary vocabulary.,12,2 Kings 18:18; 2 Kings 18:26; 2 Kings 18:37; 2 Kings 19:2; 2 Kings 23:34; 2 Chronicles 36:4; Nehemiah 12:41; Isaiah 22:20,logos_alias_entity
Chelkias,person,2 Kings 18:18,ot,Source text carries this as a personal name; retained as a proper noun rather than translated as ordinary vocabulary.,21,2 Kings 18:18; 2 Kings 18:26; 2 Kings 18:37; 2 Kings 22:4; 2 Kings 22:8; 2 Kings 22:10; 2 Kings 22:12; 2 Kings 22:14,logos_primary_entity
Joah,person,2 Kings 18:18,ot,Source text carries this as a personal name; retained as a proper noun rather than translated as ordinary vocabulary.,6,2 Kings 18:18; 2 Kings 18:26; 2 Kings 18:37; Isaiah 36:3; Isaiah 36:11; Isaiah 36:22,logos_alias_entity
Asaph,person,2 Kings 18:18,ot,Source text carries this as a personal name; retained as a proper noun rather than translated as ordinary vocabulary.,44,2 Kings 18:18; 2 Kings 18:37; 1 Chronicles 6:24; 1 Chronicles 9:15; 1 Chronicles 15:17; 1 Chronicles 15:19; 1 Chronicles 16:5; 1 Chronicles 16:7,logos_alias_entity
Judean,person,2 Kings 18:26,ot,Source text carries this as a personal name; retained as a proper noun rather than translated as ordinary vocabulary.,5,2 Kings 18:26; 2 Kings 18:28; Isaiah 36:11; Isaiah 36:13; Daniel 3:12,logos_alias_entity
Amoz,person,2 Kings 19:2,ot,Source text carries this as a personal name; retained as a proper noun rather than translated as ordinary vocabulary.,11,2 Kings 19:2; 2 Kings 19:20; 2 Kings 20:1; 2 Chronicles 32:20; 2 Chronicles 32:32; Isaiah 1:1; Isaiah 2:1; Isaiah 13:1,logos_primary_entity
Ethiopians,people_group,2 Kings 19:9,ot,Ethnic or group proper noun; retained as a people-name rather than translated as ordinary vocabulary.,14,2 Kings 19:9; Psalms 71:9; Psalms 86:4; Isaiah 20:3; Isaiah 20:4; Isaiah 20:5; Isaiah 37:9; Isaiah 45:14,logos_primary_entity
Nineuē,transliterated_form,2 Kings 19:36,ot,Transliterated source-form proper noun; retained here because a single conventional English equivalent is not yet assigned in this context.,1,2 Kings 19:36,macronized_source_form
Marōdachbaladan,transliterated_form,2 Kings 20:12,ot,Transliterated source-form proper noun; retained here because a single conventional English equivalent is not yet assigned in this context.,1,2 Kings 20:12,macronized_source_form
Baladan,person,2 Kings 20:12,ot,Source text carries this as a personal name; retained as a proper noun rather than translated as ordinary vocabulary.,1,2 Kings 20:12,logos_primary_entity
Amon,supernatural_being,2 Kings 21:18,ot,Source text carries this as a divine or supernatural name/title; retained as a proper noun.,14,2 Kings 21:18; 2 Kings 21:19; 2 Kings 21:23; 2 Kings 21:24; 2 Kings 21:25; 1 Chronicles 3:14; 2 Chronicles 33:20; 2 Chronicles 33:21,logos_alias_entity
Arōs,transliterated_form,2 Kings 21:19,ot,Transliterated source-form proper noun; retained here because a single conventional English equivalent is not yet assigned in this context.,1,2 Kings 21:19,macronized_source_form
Basourōth,transliterated_form,2 Kings 22:1,ot,Transliterated source-form proper noun; retained here because a single conventional English equivalent is not yet assigned in this context.,1,2 Kings 22:1,macronized_source_form
Achobōr,transliterated_form,2 Kings 22:12,ot,Transliterated source-form proper noun; retained here because a single conventional English equivalent is not yet assigned in this context.,2,2 Kings 22:12; 2 Kings 22:14,macronized_source_form
Moloch,supernatural_being,2 Kings 23:10,ot,Source text carries this as a divine or supernatural name/title; retained as a proper noun.,3,2 Kings 23:10; Jeremiah 39:35; Amos 5:26,logos_alias_entity
Astartē,transliterated_form,2 Kings 23:13,ot,Transliterated source-form proper noun; retained here because a single conventional English equivalent is not yet assigned in this context.,1,2 Kings 23:13,macronized_source_form
Chamōs,transliterated_form,2 Kings 23:13,ot,Transliterated source-form proper noun; retained here because a single conventional English equivalent is not yet assigned in this context.,1,2 Kings 23:13,macronized_source_form
Ioakim,person,2 Kings 23:34,ot,Source text carries this as a personal name; retained as a proper noun rather than translated as ordinary vocabulary.,16,2 Kings 23:34; 2 Kings 23:35; 2 Kings 23:36; 2 Kings 24:1; 2 Kings 24:5; 2 Kings 24:6; 2 Kings 24:8; 2 Kings 24:12,logos_alias_entity
Johanan,person,2 Kings 25:23,ot,Source text carries this as a personal name; retained as a proper noun rather than translated as ordinary vocabulary.,16,2 Kings 25:23; Nehemiah 12:22; Nehemiah 12:23; Jeremiah 47:8; Jeremiah 47:13; Jeremiah 47:15; Jeremiah 47:16; Jeremiah 48:11,logos_alias_entity
Karēe,transliterated_form,2 Kings 25:23,ot,Transliterated source-form proper noun; retained here because a single conventional English equivalent is not yet assigned in this context.,1,2 Kings 25:23,macronized_source_form
Euilmarōdach,transliterated_form,2 Kings 25:27,ot,Transliterated source-form proper noun; retained here because a single conventional English equivalent is not yet assigned in this context.,1,2 Kings 25:27,macronized_source_form
Abida,person,1 Chronicles 1:33,ot,Source text carries this as a personal name; retained as a proper noun rather than translated as ordinary vocabulary.,1,1 Chronicles 1:33,logos_primary_entity
Onam,person,1 Chronicles 1:40,ot,Source text carries this as a personal name; retained as a proper noun rather than translated as ordinary vocabulary.,1,1 Chronicles 1:40,logos_alias_entity
Iram,person,1 Chronicles 1:54,ot,Source text carries this as a personal name; retained as a proper noun rather than translated as ordinary vocabulary.,2,1 Chronicles 1:54; Nehemiah 10:6,logos_primary_entity
Beniamin,transliterated_form,1 Chronicles 2:2,ot,High-frequency LXX-style proper noun form; retained here pending a context-by-context normalization decision.,43,1 Chronicles 2:2; 1 Chronicles 6:45; 1 Chronicles 7:6; 1 Chronicles 7:10; 1 Chronicles 8:1; 1 Chronicles 8:40; 1 Chronicles 9:3; 1 Chronicles 9:7,manual_high_frequency_lxx_form
Dara,person,1 Chronicles 2:6,ot,Source text carries this as a personal name; retained as a proper noun rather than translated as ordinary vocabulary.,1,1 Chronicles 2:6,logos_primary_entity
Ram,person,1 Chronicles 2:9,ot,Source text carries this as a personal name; retained as a proper noun rather than translated as ordinary vocabulary.,4,1 Chronicles 2:9; 1 Chronicles 2:25; 1 Chronicles 2:27; Job 32:2,logos_alias_entity
Salmon,person,1 Chronicles 2:11,ot,Source text carries this as a personal name; retained as a proper noun rather than translated as ordinary vocabulary.,2,1 Chronicles 2:11,logos_primary_entity
Obed,person,1 Chronicles 2:12,ot,Source text carries this as a personal name; retained as a proper noun rather than translated as ordinary vocabulary.,8,1 Chronicles 2:12; 1 Chronicles 2:37; 1 Chronicles 2:38; 1 Chronicles 5:13; 1 Chronicles 8:12; 1 Chronicles 8:22; 1 Chronicles 11:47,logos_alias_entity
Nathanael,person,1 Chronicles 2:14,ot,Source text carries this as a personal name; retained as a proper noun rather than translated as ordinary vocabulary.,8,1 Chronicles 2:14; 1 Chronicles 15:24; 1 Chronicles 24:6; 1 Chronicles 26:4; 2 Chronicles 17:7; 2 Chronicles 35:9; Ezra 10:22; Nehemiah 12:21,logos_primary_entity
Raddai,person,1 Chronicles 2:14,ot,Source text carries this as a personal name; retained as a proper noun rather than translated as ordinary vocabulary.,1,1 Chronicles 2:14,logos_primary_entity
Abigail,person,1 Chronicles 2:16,ot,Source text carries this as a personal name; retained as a proper noun rather than translated as ordinary vocabulary.,3,1 Chronicles 2:16; 1 Chronicles 2:17; 1 Chronicles 3:1,logos_alias_entity
Ephrath,person,1 Chronicles 2:19,ot,Source text carries this as a personal name; retained as a proper noun rather than translated as ordinary vocabulary.,1,1 Chronicles 2:19,logos_primary_entity
Iadae,person,1 Chronicles 2:28,ot,Source text carries this as a personal name; retained as a proper noun rather than translated as ordinary vocabulary.,2,1 Chronicles 2:28; 1 Chronicles 2:32,logos_alias_entity
Molid,person,1 Chronicles 2:29,ot,Source text carries this as a personal name; retained as a proper noun rather than translated as ordinary vocabulary.,1,1 Chronicles 2:29,logos_primary_entity
Zabed,person,1 Chronicles 2:36,ot,Source text carries this as a personal name; retained as a proper noun rather than translated as ordinary vocabulary.,5,1 Chronicles 2:36; 1 Chronicles 2:37; 1 Chronicles 7:21; 2 Chronicles 24:26; Ezra 10:33,logos_alias_entity
Eleasa,person,1 Chronicles 2:39,ot,Source text carries this as a personal name; retained as a proper noun rather than translated as ordinary vocabulary.,4,1 Chronicles 2:39; 1 Chronicles 2:40; 1 Chronicles 9:43; Jeremiah 36:3,logos_alias_entity
Saloum,person,1 Chronicles 2:40,ot,Source text carries this as a personal name; retained as a proper noun rather than translated as ordinary vocabulary.,7,1 Chronicles 2:40; 1 Chronicles 2:41; 1 Chronicles 3:15; Ezra 2:42; Ezra 7:2; Ezra 10:42; Nehemiah 7:45,logos_alias_entity
Carmelite,people_group,1 Chronicles 3:1,ot,Ethnic or group proper noun; retained as a people-name rather than translated as ordinary vocabulary.,1,1 Chronicles 3:1,logos_alias_entity
Amiel,person,1 Chronicles 3:5,ot,Source text carries this as a personal name; retained as a proper noun rather than translated as ordinary vocabulary.,1,1 Chronicles 3:5,logos_alias_entity
Eliada,person,1 Chronicles 3:8,ot,Source text carries this as a personal name; retained as a proper noun rather than translated as ordinary vocabulary.,2,1 Chronicles 3:8; 2 Chronicles 17:17,logos_alias_entity
Amaziah,person,1 Chronicles 3:12,ot,Source text carries this as a personal name; retained as a proper noun rather than translated as ordinary vocabulary.,23,1 Chronicles 3:12; 2 Chronicles 17:16; 2 Chronicles 24:27; 2 Chronicles 25:1; 2 Chronicles 25:5; 2 Chronicles 25:9; 2 Chronicles 25:10; 2 Chronicles 25:11,logos_alias_entity
Mosollamos,person,1 Chronicles 3:19,ot,Source text carries this as a personal name; retained as a proper noun rather than translated as ordinary vocabulary.,1,1 Chronicles 3:19,logos_alias_entity
Joel,person,1 Chronicles 3:22,ot,Source text carries this as a personal name; retained as a proper noun rather than translated as ordinary vocabulary.,20,1 Chronicles 3:22; 1 Chronicles 4:35; 1 Chronicles 5:4; 1 Chronicles 5:7; 1 Chronicles 5:8; 1 Chronicles 5:12; 1 Chronicles 6:18; 1 Chronicles 6:21,logos_alias_entity
Dalaia,person,1 Chronicles 3:24,ot,Source text carries this as a personal name; retained as a proper noun rather than translated as ordinary vocabulary.,5,1 Chronicles 3:24; 1 Chronicles 24:18; Ezra 2:60; Nehemiah 6:10; Nehemiah 7:62,logos_alias_entity
Ieth,person,1 Chronicles 4:2,ot,Source text carries this as a personal name; retained as a proper noun rather than translated as ordinary vocabulary.,5,1 Chronicles 4:2; 1 Chronicles 23:10; 1 Chronicles 23:11; 2 Chronicles 34:12,logos_alias_entity
Ethnan,person,1 Chronicles 4:7,ot,Source text carries this as a personal name; retained as a proper noun rather than translated as ordinary vocabulary.,1,1 Chronicles 4:7,logos_primary_entity
Gothoniel,person,1 Chronicles 4:13,ot,Source text carries this as a personal name; retained as a proper noun rather than translated as ordinary vocabulary.,2,1 Chronicles 4:13,logos_primary_entity
Saraia,person,1 Chronicles 4:13,ot,Source text carries this as a personal name; retained as a proper noun rather than translated as ordinary vocabulary.,7,1 Chronicles 4:13; 1 Chronicles 4:14; 1 Chronicles 4:35; 1 Chronicles 5:40; Nehemiah 11:11; Nehemiah 12:1; Nehemiah 12:12,logos_alias_entity
Iephonne,person,1 Chronicles 4:15,ot,Source text carries this as a personal name; retained as a proper noun rather than translated as ordinary vocabulary.,2,1 Chronicles 4:15; 1 Chronicles 6:41,logos_alias_entity
Era,person,1 Chronicles 4:15,ot,Source text carries this as a personal name; retained as a proper noun rather than translated as ordinary vocabulary.,1,1 Chronicles 4:15,logos_alias_entity
Saraph,person,1 Chronicles 4:22,ot,Source text carries this as a personal name; retained as a proper noun rather than translated as ordinary vocabulary.,1,1 Chronicles 4:22,logos_primary_entity
Elioenai,person,1 Chronicles 4:36,ot,Source text carries this as a personal name; retained as a proper noun rather than translated as ordinary vocabulary.,3,1 Chronicles 4:36; Ezra 10:22; Ezra 10:27,logos_alias_entity
Zacharia,person,1 Chronicles 5:7,ot,Source text carries this as a personal name; retained as a proper noun rather than translated as ordinary vocabulary.,13,1 Chronicles 5:7; 1 Chronicles 9:37; 1 Chronicles 15:24; 1 Chronicles 24:25; 1 Chronicles 26:11; 1 Chronicles 26:14; 2 Chronicles 23:1; 2 Chronicles 29:1,logos_alias_entity
Abdiēl,transliterated_form,1 Chronicles 5:15,ot,Transliterated source-form proper noun; retained here because a single conventional English equivalent is not yet assigned in this context.,1,1 Chronicles 5:15,macronized_source_form
Manassē,transliterated_form,1 Chronicles 5:18,ot,Transliterated source-form proper noun; retained here because a single conventional English equivalent is not yet assigned in this context.,9,1 Chronicles 5:18; 1 Chronicles 5:23; 1 Chronicles 5:26; 1 Chronicles 7:14; 1 Chronicles 7:17; 1 Chronicles 7:29; 1 Chronicles 9:3; 2 Chronicles 34:6,macronized_source_form
Eliel,person,1 Chronicles 5:24,ot,Source text carries this as a personal name; retained as a proper noun rather than translated as ordinary vocabulary.,6,1 Chronicles 5:24; 1 Chronicles 6:19; 1 Chronicles 11:46; 1 Chronicles 15:9; 1 Chronicles 15:11; 2 Chronicles 31:13,logos_alias_entity
Esdriēl,transliterated_form,1 Chronicles 5:24,ot,Transliterated source-form proper noun; retained here because a single conventional English equivalent is not yet assigned in this context.,2,1 Chronicles 5:24; Nehemiah 11:13,macronized_source_form
Iediēl,transliterated_form,1 Chronicles 5:24,ot,Transliterated source-form proper noun; retained here because a single conventional English equivalent is not yet assigned in this context.,2,1 Chronicles 5:24; 1 Chronicles 11:45,macronized_source_form
Ioanas,person,1 Chronicles 5:36,ot,Source text carries this as a personal name; retained as a proper noun rather than translated as ordinary vocabulary.,1,1 Chronicles 5:36,logos_alias_entity
Iōsadak,transliterated_form,1 Chronicles 5:40,ot,Transliterated source-form proper noun; retained here because a single conventional English equivalent is not yet assigned in this context.,2,1 Chronicles 5:40; 1 Chronicles 5:41,macronized_source_form
Ouriel,supernatural_being,1 Chronicles 6:9,ot,Source text carries this as a divine or supernatural name/title; retained as a proper noun.,1,1 Chronicles 6:9,logos_alias_entity
Souphi,person,1 Chronicles 6:11,ot,Source text carries this as a personal name; retained as a proper noun rather than translated as ordinary vocabulary.,1,1 Chronicles 6:11,logos_alias_entity
Abdi,person,1 Chronicles 6:29,ot,Source text carries this as a personal name; retained as a proper noun rather than translated as ordinary vocabulary.,3,1 Chronicles 6:29; 1 Chronicles 24:27; 2 Chronicles 29:12,logos_alias_entity
Amasai,person,1 Chronicles 6:31,ot,Source text carries this as a personal name; retained as a proper noun rather than translated as ordinary vocabulary.,3,1 Chronicles 6:31; 1 Chronicles 12:19; 1 Chronicles 15:24,logos_alias_entity
Bani,person,1 Chronicles 6:31,ot,Source text carries this as a personal name; retained as a proper noun rather than translated as ordinary vocabulary.,6,1 Chronicles 6:31; Ezra 10:34; Nehemiah 3:17; Nehemiah 3:24; Nehemiah 10:16; Nehemiah 11:22,logos_alias_entity
Galemeth,person,1 Chronicles 6:45,ot,Source text carries this as a personal name; retained as a proper noun rather than translated as ordinary vocabulary.,2,1 Chronicles 6:45; 1 Chronicles 9:42,logos_alias_entity
Ieriēl,transliterated_form,1 Chronicles 7:2,ot,Transliterated source-form proper noun; retained here because a single conventional English equivalent is not yet assigned in this context.,1,1 Chronicles 7:2,macronized_source_form
Iadiēl,transliterated_form,1 Chronicles 7:6,ot,Transliterated source-form proper noun; retained here because a single conventional English equivalent is not yet assigned in this context.,3,1 Chronicles 7:6; 1 Chronicles 7:10; 1 Chronicles 7:11,macronized_source_form
Aēr,transliterated_form,1 Chronicles 7:12,ot,Transliterated source-form proper noun; retained here because a single conventional English equivalent is not yet assigned in this context.,1,1 Chronicles 7:12,macronized_source_form
Iasiēl,transliterated_form,1 Chronicles 7:13,ot,Transliterated source-form proper noun; retained here because a single conventional English equivalent is not yet assigned in this context.,1,1 Chronicles 7:13,macronized_source_form
Gōni,transliterated_form,1 Chronicles 7:13,ot,Transliterated source-form proper noun; retained here because a single conventional English equivalent is not yet assigned in this context.,1,1 Chronicles 7:13,macronized_source_form
Issiēr,transliterated_form,1 Chronicles 7:13,ot,Transliterated source-form proper noun; retained here because a single conventional English equivalent is not yet assigned in this context.,1,1 Chronicles 7:13,macronized_source_form
Aseriēl,transliterated_form,1 Chronicles 7:14,ot,Transliterated source-form proper noun; retained here because a single conventional English equivalent is not yet assigned in this context.,1,1 Chronicles 7:14,macronized_source_form
Oulam,person,1 Chronicles 7:16,ot,Source text carries this as a personal name; retained as a proper noun rather than translated as ordinary vocabulary.,2,1 Chronicles 7:16; 1 Chronicles 7:17,logos_alias_entity
Aniam,person,1 Chronicles 7:19,ot,Source text carries this as a personal name; retained as a proper noun rather than translated as ordinary vocabulary.,1,1 Chronicles 7:19,logos_primary_entity
Ezer,person,1 Chronicles 7:21,ot,Source text carries this as a personal name; retained as a proper noun rather than translated as ordinary vocabulary.,1,1 Chronicles 7:21,logos_primary_entity
Elead,person,1 Chronicles 7:21,ot,Source text carries this as a personal name; retained as a proper noun rather than translated as ordinary vocabulary.,1,1 Chronicles 7:21,logos_primary_entity
Laadan,person,1 Chronicles 7:26,ot,Source text carries this as a personal name; retained as a proper noun rather than translated as ordinary vocabulary.,2,1 Chronicles 7:26; Isaiah 39:1,logos_primary_entity
Iēsoue,transliterated_form,1 Chronicles 7:27,ot,Transliterated source-form proper noun; retained here because a single conventional English equivalent is not yet assigned in this context.,1,1 Chronicles 7:27,macronized_source_form
Melchiēl,transliterated_form,1 Chronicles 7:31,ot,Transliterated source-form proper noun; retained here because a single conventional English equivalent is not yet assigned in this context.,2,1 Chronicles 7:31; 1 Chronicles 8:35,macronized_source_form
Bamaēl,transliterated_form,1 Chronicles 7:33,ot,Transliterated source-form proper noun; retained here because a single conventional English equivalent is not yet assigned in this context.,1,1 Chronicles 7:33,macronized_source_form
Semmēr,transliterated_form,1 Chronicles 7:34,ot,Transliterated source-form proper noun; retained here because a single conventional English equivalent is not yet assigned in this context.,1,1 Chronicles 7:34,macronized_source_form
Baniēlam,transliterated_form,1 Chronicles 7:35,ot,Transliterated source-form proper noun; retained here because a single conventional English equivalent is not yet assigned in this context.,1,1 Chronicles 7:35,macronized_source_form
Selles,person,1 Chronicles 7:35,ot,Source text carries this as a personal name; retained as a proper noun rather than translated as ordinary vocabulary.,1,1 Chronicles 7:35,logos_alias_entity
Amal,person,1 Chronicles 7:35,ot,Source text carries this as a personal name; retained as a proper noun rather than translated as ordinary vocabulary.,1,1 Chronicles 7:35,logos_primary_entity
Imarē,transliterated_form,1 Chronicles 7:36,ot,Transliterated source-form proper noun; retained here because a single conventional English equivalent is not yet assigned in this context.,1,1 Chronicles 7:36,macronized_source_form
Beēra,transliterated_form,1 Chronicles 7:37,ot,Transliterated source-form proper noun; retained here because a single conventional English equivalent is not yet assigned in this context.,1,1 Chronicles 7:37,macronized_source_form
Sōpharphak,transliterated_form,1 Chronicles 8:5,ot,Transliterated source-form proper noun; retained here because a single conventional English equivalent is not yet assigned in this context.,1,1 Chronicles 8:5,macronized_source_form
Oded,person,1 Chronicles 8:15,ot,Source text carries this as a personal name; retained as a proper noun rather than translated as ordinary vocabulary.,1,1 Chronicles 8:15,logos_alias_entity
Zabdi,person,1 Chronicles 8:19,ot,Source text carries this as a personal name; retained as a proper noun rather than translated as ordinary vocabulary.,1,1 Chronicles 8:19,logos_alias_entity
Elioēnai,transliterated_form,1 Chronicles 8:20,ot,Transliterated source-form proper noun; retained here because a single conventional English equivalent is not yet assigned in this context.,1,1 Chronicles 8:20,macronized_source_form
Eliēli,transliterated_form,1 Chronicles 8:20,ot,Transliterated source-form proper noun; retained here because a single conventional English equivalent is not yet assigned in this context.,1,1 Chronicles 8:20,macronized_source_form
Adaia,person,1 Chronicles 8:21,ot,Source text carries this as a personal name; retained as a proper noun rather than translated as ordinary vocabulary.,5,1 Chronicles 8:21; 1 Chronicles 9:12; 2 Chronicles 23:1; Ezra 10:39; Nehemiah 11:5,logos_alias_entity
Eleēl,transliterated_form,1 Chronicles 8:22,ot,Transliterated source-form proper noun; retained here because a single conventional English equivalent is not yet assigned in this context.,1,1 Chronicles 8:22,macronized_source_form
Abadōn,transliterated_form,1 Chronicles 8:23,ot,Transliterated source-form proper noun; retained here because a single conventional English equivalent is not yet assigned in this context.,3,1 Chronicles 8:23; 1 Chronicles 8:30; 1 Chronicles 9:36,macronized_source_form
Anathōthia,transliterated_form,1 Chronicles 8:24,ot,Transliterated source-form proper noun; retained here because a single conventional English equivalent is not yet assigned in this context.,1,1 Chronicles 8:24,macronized_source_form
Pheliēl,transliterated_form,1 Chronicles 8:25,ot,Transliterated source-form proper noun; retained here because a single conventional English equivalent is not yet assigned in this context.,1,1 Chronicles 8:25,macronized_source_form
Gedour,person,1 Chronicles 8:31,ot,Source text carries this as a personal name; retained as a proper noun rather than translated as ordinary vocabulary.,2,1 Chronicles 8:31; 1 Chronicles 9:37,logos_alias_entity
Makalōth,transliterated_form,1 Chronicles 8:31,ot,Transliterated source-form proper noun; retained here because a single conventional English equivalent is not yet assigned in this context.,2,1 Chronicles 8:31; 1 Chronicles 8:32,macronized_source_form
Iōiada,transliterated_form,1 Chronicles 8:36,ot,Transliterated source-form proper noun; retained here because a single conventional English equivalent is not yet assigned in this context.,2,1 Chronicles 8:36,macronized_source_form
Maisa,person,1 Chronicles 8:36,ot,Source text carries this as a personal name; retained as a proper noun rather than translated as ordinary vocabulary.,2,1 Chronicles 8:36; 1 Chronicles 8:37,logos_alias_entity
Seloni,people_group,1 Chronicles 9:5,ot,Ethnic or group proper noun; retained as a people-name rather than translated as ordinary vocabulary.,1,1 Chronicles 9:5,logos_alias_entity
Jeuel,person,1 Chronicles 9:6,ot,Source text carries this as a personal name; retained as a proper noun rather than translated as ordinary vocabulary.,1,1 Chronicles 9:6,logos_primary_entity
Salō,transliterated_form,1 Chronicles 9:7,ot,Transliterated source-form proper noun; retained here because a single conventional English equivalent is not yet assigned in this context.,1,1 Chronicles 9:7,macronized_source_form
Massalēm,transliterated_form,1 Chronicles 9:8,ot,Transliterated source-form proper noun; retained here because a single conventional English equivalent is not yet assigned in this context.,1,1 Chronicles 9:8,macronized_source_form
Ragouēl,transliterated_form,1 Chronicles 9:8,ot,Transliterated source-form proper noun; retained here because a single conventional English equivalent is not yet assigned in this context.,1,1 Chronicles 9:8,macronized_source_form
Jedaiah,person,1 Chronicles 9:10,ot,Source text carries this as a personal name; retained as a proper noun rather than translated as ordinary vocabulary.,1,1 Chronicles 9:10,logos_alias_entity
Iōarim,transliterated_form,1 Chronicles 9:10,ot,Transliterated source-form proper noun; retained here because a single conventional English equivalent is not yet assigned in this context.,1,1 Chronicles 9:10,macronized_source_form
Adiēl,transliterated_form,1 Chronicles 9:12,ot,Transliterated source-form proper noun; retained here because a single conventional English equivalent is not yet assigned in this context.,1,1 Chronicles 9:12,macronized_source_form
Emmēr,transliterated_form,1 Chronicles 9:12,ot,Transliterated source-form proper noun; retained here because a single conventional English equivalent is not yet assigned in this context.,2,1 Chronicles 9:12; 1 Chronicles 24:14,macronized_source_form
Galal,person,1 Chronicles 9:15,ot,Source text carries this as a personal name; retained as a proper noun rather than translated as ordinary vocabulary.,2,1 Chronicles 9:15; 1 Chronicles 9:16,logos_alias_entity
Iiiēl,transliterated_form,1 Chronicles 9:35,ot,Transliterated source-form proper noun; retained here because a single conventional English equivalent is not yet assigned in this context.,1,1 Chronicles 9:35,macronized_source_form
Sir,person,1 Chronicles 9:36,ot,Source text carries this as a personal name; retained as a proper noun rather than translated as ordinary vocabulary.,1,1 Chronicles 9:36,logos_alias_entity
Phaithon,person,1 Chronicles 9:41,ot,Source text carries this as a personal name; retained as a proper noun rather than translated as ordinary vocabulary.,1,1 Chronicles 9:41,logos_alias_entity
Malach,person,1 Chronicles 9:41,ot,Source text carries this as a personal name; retained as a proper noun rather than translated as ordinary vocabulary.,1,1 Chronicles 9:41,logos_alias_entity
Tharach,person,1 Chronicles 9:41,ot,Source text carries this as a personal name; retained as a proper noun rather than translated as ordinary vocabulary.,1,1 Chronicles 9:41,logos_alias_entity
Iada,person,1 Chronicles 9:42,ot,Source text carries this as a personal name; retained as a proper noun rather than translated as ordinary vocabulary.,2,1 Chronicles 9:42,logos_alias_entity
Gazmoth,person,1 Chronicles 9:42,ot,Source text carries this as a personal name; retained as a proper noun rather than translated as ordinary vocabulary.,1,1 Chronicles 9:42,logos_alias_entity
Ahohite,person,1 Chronicles 11:12,ot,Source text carries this as a personal name; retained as a proper noun rather than translated as ordinary vocabulary.,2,1 Chronicles 11:12; 1 Chronicles 11:29,logos_alias_entity
Dodo,person,1 Chronicles 11:26,ot,Source text carries this as a personal name; retained as a proper noun rather than translated as ordinary vocabulary.,1,1 Chronicles 11:26,logos_alias_entity
Ribai,person,1 Chronicles 11:31,ot,Source text carries this as a personal name; retained as a proper noun rather than translated as ordinary vocabulary.,1,1 Chronicles 11:31,logos_primary_entity
Hararite,people_group,1 Chronicles 11:34,ot,Ethnic or group proper noun; retained as a people-name rather than translated as ordinary vocabulary.,3,1 Chronicles 11:34; 1 Chronicles 11:35; 1 Chronicles 11:44,logos_alias_entity
Achim,person,1 Chronicles 11:35,ot,Source text carries this as a personal name; retained as a proper noun rather than translated as ordinary vocabulary.,1,1 Chronicles 11:35,logos_primary_entity
Sachar,person,1 Chronicles 11:35,ot,Source text carries this as a personal name; retained as a proper noun rather than translated as ordinary vocabulary.,1,1 Chronicles 11:35,logos_alias_entity
Naarai,person,1 Chronicles 11:37,ot,Source text carries this as a personal name; retained as a proper noun rather than translated as ordinary vocabulary.,1,1 Chronicles 11:37,logos_alias_entity
Adina,person,1 Chronicles 11:42,ot,Source text carries this as a personal name; retained as a proper noun rather than translated as ordinary vocabulary.,1,1 Chronicles 11:42,logos_primary_entity
Reubenite,people_group,1 Chronicles 11:42,ot,Ethnic or group proper noun; retained as a people-name rather than translated as ordinary vocabulary.,2,1 Chronicles 11:42; 1 Chronicles 26:32,logos_alias_entity
Jehiel,person,1 Chronicles 11:44,ot,Source text carries this as a personal name; retained as a proper noun rather than translated as ordinary vocabulary.,11,1 Chronicles 11:44; 1 Chronicles 15:18; 1 Chronicles 15:20; 1 Chronicles 16:5; 1 Chronicles 23:8; 1 Chronicles 27:32; 1 Chronicles 29:8; 2 Chronicles 21:2,logos_alias_entity
Elnaam,person,1 Chronicles 11:46,ot,Source text carries this as a personal name; retained as a proper noun rather than translated as ordinary vocabulary.,1,1 Chronicles 11:46,logos_primary_entity
Aliēl,transliterated_form,1 Chronicles 11:47,ot,Transliterated source-form proper noun; retained here because a single conventional English equivalent is not yet assigned in this context.,1,1 Chronicles 11:47,macronized_source_form
Iesiēl,transliterated_form,1 Chronicles 11:47,ot,Transliterated source-form proper noun; retained here because a single conventional English equivalent is not yet assigned in this context.,1,1 Chronicles 11:47,macronized_source_form
Iēoul,transliterated_form,1 Chronicles 12:3,ot,Transliterated source-form proper noun; retained here because a single conventional English equivalent is not yet assigned in this context.,1,1 Chronicles 12:3,macronized_source_form
Ieziēl,transliterated_form,1 Chronicles 12:5,ot,Transliterated source-form proper noun; retained here because a single conventional English equivalent is not yet assigned in this context.,1,1 Chronicles 12:5,macronized_source_form
Eliazai,person,1 Chronicles 12:6,ot,Source text carries this as a personal name; retained as a proper noun rather than translated as ordinary vocabulary.,1,1 Chronicles 12:6,logos_alias_entity
Iarimouth,person,1 Chronicles 12:6,ot,Source text carries this as a personal name; retained as a proper noun rather than translated as ordinary vocabulary.,1,1 Chronicles 12:6,logos_alias_entity
Baalia,person,1 Chronicles 12:6,ot,Source text carries this as a personal name; retained as a proper noun rather than translated as ordinary vocabulary.,1,1 Chronicles 12:6,logos_alias_entity
Iēsouni,transliterated_form,1 Chronicles 12:7,ot,Transliterated source-form proper noun; retained here because a single conventional English equivalent is not yet assigned in this context.,1,1 Chronicles 12:7,macronized_source_form
Ozriēl,transliterated_form,1 Chronicles 12:7,ot,Transliterated source-form proper noun; retained here because a single conventional English equivalent is not yet assigned in this context.,1,1 Chronicles 12:7,macronized_source_form
Iōazar,transliterated_form,1 Chronicles 12:7,ot,Transliterated source-form proper noun; retained here because a single conventional English equivalent is not yet assigned in this context.,1,1 Chronicles 12:7,macronized_source_form
Masemannē,transliterated_form,1 Chronicles 12:11,ot,Transliterated source-form proper noun; retained here because a single conventional English equivalent is not yet assigned in this context.,1,1 Chronicles 12:11,macronized_source_form
Edna,person,1 Chronicles 12:21,ot,Source text carries this as a personal name; retained as a proper noun rather than translated as ordinary vocabulary.,2,1 Chronicles 12:21; Ezra 10:30,logos_primary_entity
Iodiēl,transliterated_form,1 Chronicles 12:21,ot,Transliterated source-form proper noun; retained here because a single conventional English equivalent is not yet assigned in this context.,1,1 Chronicles 12:21,macronized_source_form
Iōadae,transliterated_form,1 Chronicles 12:28,ot,Transliterated source-form proper noun; retained here because a single conventional English equivalent is not yet assigned in this context.,1,1 Chronicles 12:28,macronized_source_form
Danites,people_group,1 Chronicles 12:36,ot,Ethnic or group proper noun; retained as a people-name rather than translated as ordinary vocabulary.,1,1 Chronicles 12:36,logos_primary_entity
Ouriēl,transliterated_form,1 Chronicles 15:5,ot,Transliterated source-form proper noun; retained here because a single conventional English equivalent is not yet assigned in this context.,3,1 Chronicles 15:5; 1 Chronicles 15:11; 2 Chronicles 13:2,macronized_source_form
Gērsam,transliterated_form,1 Chronicles 15:7,ot,Transliterated source-form proper noun; retained here because a single conventional English equivalent is not yet assigned in this context.,4,1 Chronicles 15:7; 1 Chronicles 23:15; 1 Chronicles 23:16; 1 Chronicles 26:24,macronized_source_form
Jeiel,person,1 Chronicles 15:18,ot,Source text carries this as a personal name; retained as a proper noun rather than translated as ordinary vocabulary.,8,1 Chronicles 15:18; 1 Chronicles 15:21; 1 Chronicles 16:5; 1 Chronicles 23:9; 2 Chronicles 26:11; 2 Chronicles 29:13; 2 Chronicles 35:9,logos_alias_entity
Mattathias,person,1 Chronicles 15:21,ot,Source text carries this as a personal name; retained as a proper noun rather than translated as ordinary vocabulary.,5,1 Chronicles 15:21; 1 Chronicles 16:5; 1 Chronicles 25:3; 1 Chronicles 25:21; Nehemiah 8:4,logos_alias_entity
Ēlkana,transliterated_form,1 Chronicles 15:23,ot,Transliterated source-form proper noun; retained here because a single conventional English equivalent is not yet assigned in this context.,1,1 Chronicles 15:23,macronized_source_form
Metabēchas,transliterated_form,1 Chronicles 18:8,ot,Transliterated source-form proper noun; retained here because a single conventional English equivalent is not yet assigned in this context.,1,1 Chronicles 18:8,macronized_source_form
Thōa,transliterated_form,1 Chronicles 18:9,ot,Transliterated source-form proper noun; retained here because a single conventional English equivalent is not yet assigned in this context.,2,1 Chronicles 18:9; 1 Chronicles 18:10,macronized_source_form
Gedsōn,transliterated_form,1 Chronicles 23:6,ot,Transliterated source-form proper noun; retained here because a single conventional English equivalent is not yet assigned in this context.,1,1 Chronicles 23:6,macronized_source_form
Parosōm,transliterated_form,1 Chronicles 23:7,ot,Transliterated source-form proper noun; retained here because a single conventional English equivalent is not yet assigned in this context.,1,1 Chronicles 23:7,macronized_source_form
Salōmith,transliterated_form,1 Chronicles 23:9,ot,Transliterated source-form proper noun; retained here because a single conventional English equivalent is not yet assigned in this context.,1,1 Chronicles 23:9,macronized_source_form
Ziza,person,1 Chronicles 23:10,ot,Source text carries this as a personal name; retained as a proper noun rather than translated as ordinary vocabulary.,3,1 Chronicles 23:10; 1 Chronicles 23:11; 2 Chronicles 11:20,logos_alias_entity
Soubaēl,transliterated_form,1 Chronicles 23:16,ot,Transliterated source-form proper noun; retained here because a single conventional English equivalent is not yet assigned in this context.,6,1 Chronicles 23:16; 1 Chronicles 24:20; 1 Chronicles 25:4; 1 Chronicles 25:20; 1 Chronicles 26:24,macronized_source_form
Salōmōth,transliterated_form,1 Chronicles 23:18,ot,Transliterated source-form proper noun; retained here because a single conventional English equivalent is not yet assigned in this context.,6,1 Chronicles 23:18; 1 Chronicles 24:22; 1 Chronicles 26:25; 1 Chronicles 26:26; 1 Chronicles 26:28,macronized_source_form
Iarimōth,transliterated_form,1 Chronicles 23:23,ot,Transliterated source-form proper noun; retained here because a single conventional English equivalent is not yet assigned in this context.,2,1 Chronicles 23:23; 1 Chronicles 24:30,macronized_source_form
Charēm,transliterated_form,1 Chronicles 24:8,ot,Transliterated source-form proper noun; retained here because a single conventional English equivalent is not yet assigned in this context.,1,1 Chronicles 24:8,macronized_source_form
Seōrim,transliterated_form,1 Chronicles 24:8,ot,Transliterated source-form proper noun; retained here because a single conventional English equivalent is not yet assigned in this context.,1,1 Chronicles 24:8,macronized_source_form
Kōs,transliterated_form,1 Chronicles 24:10,ot,Transliterated source-form proper noun; retained here because a single conventional English equivalent is not yet assigned in this context.,1,1 Chronicles 24:10,macronized_source_form
Iēsou,transliterated_form,1 Chronicles 24:11,ot,Transliterated source-form proper noun; retained here because a single conventional English equivalent is not yet assigned in this context.,2,1 Chronicles 24:11; Nehemiah 11:26,macronized_source_form
Chēzir,transliterated_form,1 Chronicles 24:15,ot,Transliterated source-form proper noun; retained here because a single conventional English equivalent is not yet assigned in this context.,1,1 Chronicles 24:15,macronized_source_form
Ezekēl,transliterated_form,1 Chronicles 24:16,ot,Transliterated source-form proper noun; retained here because a single conventional English equivalent is not yet assigned in this context.,1,1 Chronicles 24:16,macronized_source_form
Maasai,person,1 Chronicles 24:18,ot,Source text carries this as a personal name; retained as a proper noun rather than translated as ordinary vocabulary.,1,1 Chronicles 24:18,logos_alias_entity
Iaziēl,transliterated_form,1 Chronicles 24:23,ot,Transliterated source-form proper noun; retained here because a single conventional English equivalent is not yet assigned in this context.,1,1 Chronicles 24:23,macronized_source_form
Samēr,transliterated_form,1 Chronicles 24:24,ot,Transliterated source-form proper noun; retained here because a single conventional English equivalent is not yet assigned in this context.,1,1 Chronicles 24:24,macronized_source_form
Iramaēl,transliterated_form,1 Chronicles 24:29,ot,Transliterated source-form proper noun; retained here because a single conventional English equivalent is not yet assigned in this context.,1,1 Chronicles 24:29,macronized_source_form
Eraēl,transliterated_form,1 Chronicles 25:2,ot,Transliterated source-form proper noun; retained here because a single conventional English equivalent is not yet assigned in this context.,1,1 Chronicles 25:2,macronized_source_form
Azaraēl,transliterated_form,1 Chronicles 25:4,ot,Transliterated source-form proper noun; retained here because a single conventional English equivalent is not yet assigned in this context.,1,1 Chronicles 25:4,macronized_source_form
Ierimōth,transliterated_form,1 Chronicles 25:4,ot,Transliterated source-form proper noun; retained here because a single conventional English equivalent is not yet assigned in this context.,4,1 Chronicles 25:4; 1 Chronicles 25:22; 1 Chronicles 27:19; 2 Chronicles 31:13,macronized_source_form
Ēliatha,transliterated_form,1 Chronicles 25:4,ot,Transliterated source-form proper noun; retained here because a single conventional English equivalent is not yet assigned in this context.,1,1 Chronicles 25:4,macronized_source_form
Rōmemthi-ōd,transliterated_form,1 Chronicles 25:4,ot,Transliterated source-form proper noun; retained here because a single conventional English equivalent is not yet assigned in this context.,2,1 Chronicles 25:4; 1 Chronicles 25:31,macronized_source_form
Mallēthi,transliterated_form,1 Chronicles 25:4,ot,Transliterated source-form proper noun; retained here because a single conventional English equivalent is not yet assigned in this context.,1,1 Chronicles 25:4,macronized_source_form
Ōthēri,transliterated_form,1 Chronicles 25:4,ot,Transliterated source-form proper noun; retained here because a single conventional English equivalent is not yet assigned in this context.,1,1 Chronicles 25:4,macronized_source_form
Meazōth,transliterated_form,1 Chronicles 25:4,ot,Transliterated source-form proper noun; retained here because a single conventional English equivalent is not yet assigned in this context.,2,1 Chronicles 25:4; 1 Chronicles 25:30,macronized_source_form
Iseriēl,transliterated_form,1 Chronicles 25:14,ot,Transliterated source-form proper noun; retained here because a single conventional English equivalent is not yet assigned in this context.,1,1 Chronicles 25:14,macronized_source_form
Iōsia,transliterated_form,1 Chronicles 25:15,ot,Transliterated source-form proper noun; retained here because a single conventional English equivalent is not yet assigned in this context.,1,1 Chronicles 25:15,macronized_source_form
Mellēthi,transliterated_form,1 Chronicles 25:26,ot,Transliterated source-form proper noun; retained here because a single conventional English equivalent is not yet assigned in this context.,1,1 Chronicles 25:26,macronized_source_form
Ēthir,transliterated_form,1 Chronicles 25:28,ot,Transliterated source-form proper noun; retained here because a single conventional English equivalent is not yet assigned in this context.,1,1 Chronicles 25:28,macronized_source_form
Korēim,transliterated_form,1 Chronicles 26:1,ot,Transliterated source-form proper noun; retained here because a single conventional English equivalent is not yet assigned in this context.,1,1 Chronicles 26:1,macronized_source_form
Korē,transliterated_form,1 Chronicles 26:1,ot,Transliterated source-form proper noun; retained here because a single conventional English equivalent is not yet assigned in this context.,4,1 Chronicles 26:1; 1 Chronicles 26:19; 2 Chronicles 20:19; 2 Chronicles 31:14,macronized_source_form
Idiēl,transliterated_form,1 Chronicles 26:2,ot,Transliterated source-form proper noun; retained here because a single conventional English equivalent is not yet assigned in this context.,1,1 Chronicles 26:2,macronized_source_form
Iethnouēl,transliterated_form,1 Chronicles 26:2,ot,Transliterated source-form proper noun; retained here because a single conventional English equivalent is not yet assigned in this context.,1,1 Chronicles 26:2,macronized_source_form
Ōlam,transliterated_form,1 Chronicles 26:3,ot,Transliterated source-form proper noun; retained here because a single conventional English equivalent is not yet assigned in this context.,1,1 Chronicles 26:3,macronized_source_form
Eliōēnai,transliterated_form,1 Chronicles 26:3,ot,Transliterated source-form proper noun; retained here because a single conventional English equivalent is not yet assigned in this context.,2,1 Chronicles 26:3; Nehemiah 12:41,macronized_source_form
Iōzabad,transliterated_form,1 Chronicles 26:4,ot,Transliterated source-form proper noun; retained here because a single conventional English equivalent is not yet assigned in this context.,3,1 Chronicles 26:4; 2 Chronicles 17:18; 2 Chronicles 35:9,macronized_source_form
Iōaa,transliterated_form,1 Chronicles 26:4,ot,Transliterated source-form proper noun; retained here because a single conventional English equivalent is not yet assigned in this context.,1,1 Chronicles 26:4,macronized_source_form
Sōchar,transliterated_form,1 Chronicles 26:4,ot,Transliterated source-form proper noun; retained here because a single conventional English equivalent is not yet assigned in this context.,1,1 Chronicles 26:4,macronized_source_form
Raphaēl,transliterated_form,1 Chronicles 26:7,ot,Transliterated source-form proper noun; retained here because a single conventional English equivalent is not yet assigned in this context.,1,1 Chronicles 26:7,macronized_source_form
Elzabad,person,1 Chronicles 26:7,ot,Source text carries this as a personal name; retained as a proper noun rather than translated as ordinary vocabulary.,1,1 Chronicles 26:7,logos_alias_entity
Isbakōm,transliterated_form,1 Chronicles 26:7,ot,Transliterated source-form proper noun; retained here because a single conventional English equivalent is not yet assigned in this context.,1,1 Chronicles 26:7,macronized_source_form
Ōsa,transliterated_form,1 Chronicles 26:10,ot,Transliterated source-form proper noun; retained here because a single conventional English equivalent is not yet assigned in this context.,3,1 Chronicles 26:10; 1 Chronicles 26:11; 1 Chronicles 26:16,macronized_source_form
Gērsōni,transliterated_form,1 Chronicles 26:21,ot,Transliterated source-form proper noun; retained here because a single conventional English equivalent is not yet assigned in this context.,1,1 Chronicles 26:21,macronized_source_form
Gērsōnite,transliterated_form,1 Chronicles 26:21,ot,Transliterated source-form proper noun; retained here because a single conventional English equivalent is not yet assigned in this context.,2,1 Chronicles 26:21; 1 Chronicles 29:8,macronized_source_form
Jehieli,person,1 Chronicles 26:21,ot,Source text carries this as a personal name; retained as a proper noun rather than translated as ordinary vocabulary.,2,1 Chronicles 26:21; 1 Chronicles 26:22,logos_alias_entity
Iōsaias,transliterated_form,1 Chronicles 26:25,ot,Transliterated source-form proper noun; retained here because a single conventional English equivalent is not yet assigned in this context.,1,1 Chronicles 26:25,macronized_source_form
Chōnenia,transliterated_form,1 Chronicles 26:29,ot,Transliterated source-form proper noun; retained here because a single conventional English equivalent is not yet assigned in this context.,1,1 Chronicles 26:29,macronized_source_form
Chebrōnite,transliterated_form,1 Chronicles 26:30,ot,Transliterated source-form proper noun; retained here because a single conventional English equivalent is not yet assigned in this context.,3,1 Chronicles 26:30; 1 Chronicles 26:31,macronized_source_form
Zabdiēl,transliterated_form,1 Chronicles 27:2,ot,Transliterated source-form proper noun; retained here because a single conventional English equivalent is not yet assigned in this context.,1,1 Chronicles 27:2,macronized_source_form
Dōdia,transliterated_form,1 Chronicles 27:4,ot,Transliterated source-form proper noun; retained here because a single conventional English equivalent is not yet assigned in this context.,2,1 Chronicles 27:4; 2 Chronicles 20:37,macronized_source_form
Echōchi,transliterated_form,1 Chronicles 27:4,ot,Transliterated source-form proper noun; retained here because a single conventional English equivalent is not yet assigned in this context.,1,1 Chronicles 27:4,macronized_source_form
Samaōth,transliterated_form,1 Chronicles 27:8,ot,Transliterated source-form proper noun; retained here because a single conventional English equivalent is not yet assigned in this context.,1,1 Chronicles 27:8,macronized_source_form
Ekkēs,transliterated_form,1 Chronicles 27:9,ot,Transliterated source-form proper noun; retained here because a single conventional English equivalent is not yet assigned in this context.,1,1 Chronicles 27:9,macronized_source_form
Chellēs,transliterated_form,1 Chronicles 27:10,ot,Transliterated source-form proper noun; retained here because a single conventional English equivalent is not yet assigned in this context.,1,1 Chronicles 27:10,macronized_source_form
Anathōth,transliterated_form,1 Chronicles 27:12,ot,Transliterated source-form proper noun; retained here because a single conventional English equivalent is not yet assigned in this context.,1,1 Chronicles 27:12,macronized_source_form
Mēēra,transliterated_form,1 Chronicles 27:13,ot,Transliterated source-form proper noun; retained here because a single conventional English equivalent is not yet assigned in this context.,1,1 Chronicles 27:13,macronized_source_form
Pharathōn,transliterated_form,1 Chronicles 27:14,ot,Transliterated source-form proper noun; retained here because a single conventional English equivalent is not yet assigned in this context.,1,1 Chronicles 27:14,macronized_source_form
Esriēl,transliterated_form,1 Chronicles 27:19,ot,Transliterated source-form proper noun; retained here because a single conventional English equivalent is not yet assigned in this context.,1,1 Chronicles 27:19,macronized_source_form
Ōsē,transliterated_form,1 Chronicles 27:20,ot,Transliterated source-form proper noun; retained here because a single conventional English equivalent is not yet assigned in this context.,1,1 Chronicles 27:20,macronized_source_form
Oziou,person,1 Chronicles 27:20,ot,Source text carries this as a personal name; retained as a proper noun rather than translated as ordinary vocabulary.,4,1 Chronicles 27:20; 1 Chronicles 27:25; 2 Chronicles 26:22; 2 Chronicles 27:2,logos_alias_entity
Phadaia,person,1 Chronicles 27:20,ot,Source text carries this as a personal name; retained as a proper noun rather than translated as ordinary vocabulary.,4,1 Chronicles 27:20; Nehemiah 3:25; Nehemiah 11:7; Nehemiah 13:13,logos_alias_entity
Zabdiou,person,1 Chronicles 27:21,ot,Source text carries this as a personal name; retained as a proper noun rather than translated as ordinary vocabulary.,1,1 Chronicles 27:21,logos_alias_entity
Asiēl,transliterated_form,1 Chronicles 27:21,ot,Transliterated source-form proper noun; retained here because a single conventional English equivalent is not yet assigned in this context.,2,1 Chronicles 27:21; 2 Chronicles 17:8,macronized_source_form
Azaraiēl,transliterated_form,1 Chronicles 27:22,ot,Transliterated source-form proper noun; retained here because a single conventional English equivalent is not yet assigned in this context.,1,1 Chronicles 27:22,macronized_source_form
Jeroham,person,1 Chronicles 27:22,ot,Source text carries this as a personal name; retained as a proper noun rather than translated as ordinary vocabulary.,2,1 Chronicles 27:22; 2 Chronicles 23:1,logos_alias_entity
Asmōth,transliterated_form,1 Chronicles 27:25,ot,Transliterated source-form proper noun; retained here because a single conventional English equivalent is not yet assigned in this context.,1,1 Chronicles 27:25,macronized_source_form
Ōdiēl,transliterated_form,1 Chronicles 27:25,ot,Transliterated source-form proper noun; retained here because a single conventional English equivalent is not yet assigned in this context.,1,1 Chronicles 27:25,macronized_source_form
Esdri,people_group,1 Chronicles 27:26,ot,Ethnic or group proper noun; retained as a people-name rather than translated as ordinary vocabulary.,1,1 Chronicles 27:26,logos_alias_entity
Choloub,person,1 Chronicles 27:26,ot,Source text carries this as a personal name; retained as a proper noun rather than translated as ordinary vocabulary.,1,1 Chronicles 27:26,logos_alias_entity
Sephni,people_group,1 Chronicles 27:27,ot,Ethnic or group proper noun; retained as a people-name rather than translated as ordinary vocabulary.,1,1 Chronicles 27:27,logos_alias_entity
Gedōrite,transliterated_form,1 Chronicles 27:28,ot,Transliterated source-form proper noun; retained here because a single conventional English equivalent is not yet assigned in this context.,1,1 Chronicles 27:28,macronized_source_form
Asidōn,transliterated_form,1 Chronicles 27:29,ot,Transliterated source-form proper noun; retained here because a single conventional English equivalent is not yet assigned in this context.,1,1 Chronicles 27:29,macronized_source_form
Sarōnite,transliterated_form,1 Chronicles 27:29,ot,Transliterated source-form proper noun; retained here because a single conventional English equivalent is not yet assigned in this context.,1,1 Chronicles 27:29,macronized_source_form
Sōphat,transliterated_form,1 Chronicles 27:29,ot,Transliterated source-form proper noun; retained here because a single conventional English equivalent is not yet assigned in this context.,1,1 Chronicles 27:29,macronized_source_form
Ōbil,transliterated_form,1 Chronicles 27:30,ot,Transliterated source-form proper noun; retained here because a single conventional English equivalent is not yet assigned in this context.,1,1 Chronicles 27:30,macronized_source_form
Ismaēlite,transliterated_form,1 Chronicles 27:30,ot,Transliterated source-form proper noun; retained here because a single conventional English equivalent is not yet assigned in this context.,1,1 Chronicles 27:30,macronized_source_form
Merathōn,transliterated_form,1 Chronicles 27:30,ot,Transliterated source-form proper noun; retained here because a single conventional English equivalent is not yet assigned in this context.,1,1 Chronicles 27:30,macronized_source_form
Beseleēl,transliterated_form,2 Chronicles 1:5,ot,Transliterated source-form proper noun; retained here because a single conventional English equivalent is not yet assigned in this context.,1,2 Chronicles 1:5,macronized_source_form
Ōr,transliterated_form,2 Chronicles 1:5,ot,Transliterated source-form proper noun; retained here because a single conventional English equivalent is not yet assigned in this context.,1,2 Chronicles 1:5,macronized_source_form
Ioppē,transliterated_form,2 Chronicles 2:15,ot,Transliterated source-form proper noun; retained here because a single conventional English equivalent is not yet assigned in this context.,1,2 Chronicles 2:15,macronized_source_form
Sōba,transliterated_form,2 Chronicles 8:3,ot,Transliterated source-form proper noun; retained here because a single conventional English equivalent is not yet assigned in this context.,1,2 Chronicles 8:3,macronized_source_form
Gasiōngaber,transliterated_form,2 Chronicles 8:17,ot,Transliterated source-form proper noun; retained here because a single conventional English equivalent is not yet assigned in this context.,2,2 Chronicles 8:17; 2 Chronicles 20:36,macronized_source_form
Sōphira,transliterated_form,2 Chronicles 8:18,ot,Transliterated source-form proper noun; retained here because a single conventional English equivalent is not yet assigned in this context.,1,2 Chronicles 8:18,macronized_source_form
Sēlōnite,transliterated_form,2 Chronicles 9:29,ot,Transliterated source-form proper noun; retained here because a single conventional English equivalent is not yet assigned in this context.,3,2 Chronicles 9:29; 2 Chronicles 10:15; Nehemiah 11:5,macronized_source_form
Iōēl,transliterated_form,2 Chronicles 9:29,ot,Transliterated source-form proper noun; retained here because a single conventional English equivalent is not yet assigned in this context.,2,2 Chronicles 9:29; Nehemiah 11:9,macronized_source_form
Adōniram,transliterated_form,2 Chronicles 10:18,ot,Transliterated source-form proper noun; retained here because a single conventional English equivalent is not yet assigned in this context.,1,2 Chronicles 10:18,macronized_source_form
Adōraim,transliterated_form,2 Chronicles 11:9,ot,Transliterated source-form proper noun; retained here because a single conventional English equivalent is not yet assigned in this context.,1,2 Chronicles 11:9,macronized_source_form
Aialōn,transliterated_form,2 Chronicles 11:10,ot,Transliterated source-form proper noun; retained here because a single conventional English equivalent is not yet assigned in this context.,1,2 Chronicles 11:10,macronized_source_form
Mōllath,transliterated_form,2 Chronicles 11:18,ot,Transliterated source-form proper noun; retained here because a single conventional English equivalent is not yet assigned in this context.,1,2 Chronicles 11:18,macronized_source_form
Roōllam,transliterated_form,2 Chronicles 11:19,ot,Transliterated source-form proper noun; retained here because a single conventional English equivalent is not yet assigned in this context.,1,2 Chronicles 11:19,macronized_source_form
Ieththi,person,2 Chronicles 11:20,ot,Source text carries this as a personal name; retained as a proper noun rather than translated as ordinary vocabulary.,1,2 Chronicles 11:20,logos_alias_entity
Emmōth,transliterated_form,2 Chronicles 11:20,ot,Transliterated source-form proper noun; retained here because a single conventional English equivalent is not yet assigned in this context.,1,2 Chronicles 11:20,macronized_source_form
Libyans,people_group,2 Chronicles 12:3,ot,Ethnic or group proper noun; retained as a people-name rather than translated as ordinary vocabulary.,8,2 Chronicles 12:3; 2 Chronicles 16:8; Jeremiah 26:9; Ezekiel 27:10; Ezekiel 30:5; Ezekiel 38:5; Daniel 11:43; Nahum 3:9,logos_primary_entity
Addō,transliterated_form,2 Chronicles 12:15,ot,Transliterated source-form proper noun; retained here because a single conventional English equivalent is not yet assigned in this context.,2,2 Chronicles 12:15; 2 Chronicles 13:22,macronized_source_form
Somorōn,transliterated_form,2 Chronicles 13:4,ot,Transliterated source-form proper noun; retained here because a single conventional English equivalent is not yet assigned in this context.,1,2 Chronicles 13:4,macronized_source_form
Ephrōn,transliterated_form,2 Chronicles 13:19,ot,Transliterated source-form proper noun; retained here because a single conventional English equivalent is not yet assigned in this context.,1,2 Chronicles 13:19,macronized_source_form
Gedōr,transliterated_form,2 Chronicles 14:12,ot,Transliterated source-form proper noun; retained here because a single conventional English equivalent is not yet assigned in this context.,2,2 Chronicles 14:12; 2 Chronicles 14:13,macronized_source_form
Ōdēd,transliterated_form,2 Chronicles 15:1,ot,Transliterated source-form proper noun; retained here because a single conventional English equivalent is not yet assigned in this context.,1,2 Chronicles 15:1,macronized_source_form
Iōn,transliterated_form,2 Chronicles 16:4,ot,Transliterated source-form proper noun; retained here because a single conventional English equivalent is not yet assigned in this context.,1,2 Chronicles 16:4,macronized_source_form
Semiramōth,transliterated_form,2 Chronicles 17:8,ot,Transliterated source-form proper noun; retained here because a single conventional English equivalent is not yet assigned in this context.,1,2 Chronicles 17:8,macronized_source_form
Adōnias,transliterated_form,2 Chronicles 17:8,ot,Transliterated source-form proper noun; retained here because a single conventional English equivalent is not yet assigned in this context.,1,2 Chronicles 17:8,macronized_source_form
Tōbias,transliterated_form,2 Chronicles 17:8,ot,Transliterated source-form proper noun; retained here because a single conventional English equivalent is not yet assigned in this context.,1,2 Chronicles 17:8,macronized_source_form
Arabs,people_group,2 Chronicles 17:11,ot,Ethnic or group proper noun; retained as a people-name rather than translated as ordinary vocabulary.,8,2 Chronicles 17:11; 2 Chronicles 21:16; 2 Chronicles 22:1; 2 Chronicles 26:7; Nehemiah 4:1; Isaiah 13:20; Isaiah 15:7; Isaiah 15:9,logos_alias_entity
Elēēl,transliterated_form,2 Chronicles 20:14,ot,Transliterated source-form proper noun; retained here because a single conventional English equivalent is not yet assigned in this context.,1,2 Chronicles 20:14,macronized_source_form
Ieriiēl,transliterated_form,2 Chronicles 20:16,ot,Transliterated source-form proper noun; retained here because a single conventional English equivalent is not yet assigned in this context.,1,2 Chronicles 20:16,macronized_source_form
Sali,person,2 Chronicles 20:31,ot,Source text carries this as a personal name; retained as a proper noun rather than translated as ordinary vocabulary.,1,2 Chronicles 20:31,logos_alias_entity
Ēlias,transliterated_form,2 Chronicles 21:12,ot,Transliterated source-form proper noun; retained here because a single conventional English equivalent is not yet assigned in this context.,1,2 Chronicles 21:12,macronized_source_form
Iōsabeath,transliterated_form,2 Chronicles 22:11,ot,Transliterated source-form proper noun; retained here because a single conventional English equivalent is not yet assigned in this context.,2,2 Chronicles 22:11,macronized_source_form
Iōzabed,transliterated_form,2 Chronicles 24:26,ot,Transliterated source-form proper noun; retained here because a single conventional English equivalent is not yet assigned in this context.,1,2 Chronicles 24:26,macronized_source_form
Sōmarōth,transliterated_form,2 Chronicles 24:26,ot,Transliterated source-form proper noun; retained here because a single conventional English equivalent is not yet assigned in this context.,1,2 Chronicles 24:26,macronized_source_form
Iōaden,transliterated_form,2 Chronicles 25:1,ot,Transliterated source-form proper noun; retained here because a single conventional English equivalent is not yet assigned in this context.,1,2 Chronicles 25:1,macronized_source_form
Iōachaz,transliterated_form,2 Chronicles 25:17,ot,Transliterated source-form proper noun; retained here because a single conventional English equivalent is not yet assigned in this context.,6,2 Chronicles 25:17; 2 Chronicles 25:25; 2 Chronicles 34:8; 2 Chronicles 36:1; 2 Chronicles 36:2; 2 Chronicles 36:4,macronized_source_form
Iabnē,transliterated_form,2 Chronicles 26:6,ot,Transliterated source-form proper noun; retained here because a single conventional English equivalent is not yet assigned in this context.,1,2 Chronicles 26:6,macronized_source_form
Azōtos,transliterated_form,2 Chronicles 26:6,ot,Transliterated source-form proper noun; retained here because a single conventional English equivalent is not yet assigned in this context.,2,2 Chronicles 26:6,macronized_source_form
Aphphousōth,transliterated_form,2 Chronicles 26:21,ot,Transliterated source-form proper noun; retained here because a single conventional English equivalent is not yet assigned in this context.,1,2 Chronicles 26:21,macronized_source_form
Iēssiou,transliterated_form,2 Chronicles 26:22,ot,Transliterated source-form proper noun; retained here because a single conventional English equivalent is not yet assigned in this context.,1,2 Chronicles 26:22,macronized_source_form
Romelia,person,2 Chronicles 28:6,ot,Source text carries this as a personal name; retained as a proper noun rather than translated as ordinary vocabulary.,1,2 Chronicles 28:6,logos_alias_entity
Odēd,transliterated_form,2 Chronicles 28:9,ot,Transliterated source-form proper noun; retained here because a single conventional English equivalent is not yet assigned in this context.,1,2 Chronicles 28:9,macronized_source_form
Iōanou,transliterated_form,2 Chronicles 28:12,ot,Transliterated source-form proper noun; retained here because a single conventional English equivalent is not yet assigned in this context.,1,2 Chronicles 28:12,macronized_source_form
Mosolamōth,transliterated_form,2 Chronicles 28:12,ot,Transliterated source-form proper noun; retained here because a single conventional English equivalent is not yet assigned in this context.,1,2 Chronicles 28:12,macronized_source_form
Gadērōth,transliterated_form,2 Chronicles 28:18,ot,Transliterated source-form proper noun; retained here because a single conventional English equivalent is not yet assigned in this context.,1,2 Chronicles 28:18,macronized_source_form
Sokchō,transliterated_form,2 Chronicles 28:18,ot,Transliterated source-form proper noun; retained here because a single conventional English equivalent is not yet assigned in this context.,1,2 Chronicles 28:18,macronized_source_form
Gamzō,transliterated_form,2 Chronicles 28:18,ot,Transliterated source-form proper noun; retained here because a single conventional English equivalent is not yet assigned in this context.,1,2 Chronicles 28:18,macronized_source_form
Maath,person,2 Chronicles 29:12,ot,Source text carries this as a personal name; retained as a proper noun rather than translated as ordinary vocabulary.,2,2 Chronicles 29:12; 2 Chronicles 31:13,logos_primary_entity
Iallēl,transliterated_form,2 Chronicles 29:12,ot,Transliterated source-form proper noun; retained here because a single conventional English equivalent is not yet assigned in this context.,1,2 Chronicles 29:12,macronized_source_form
Gedsōni,transliterated_form,2 Chronicles 29:12,ot,Transliterated source-form proper noun; retained here because a single conventional English equivalent is not yet assigned in this context.,1,2 Chronicles 29:12,macronized_source_form
Iōa,transliterated_form,2 Chronicles 29:12,ot,Transliterated source-form proper noun; retained here because a single conventional English equivalent is not yet assigned in this context.,1,2 Chronicles 29:12,macronized_source_form
Iōdan,transliterated_form,2 Chronicles 29:12,ot,Transliterated source-form proper noun; retained here because a single conventional English equivalent is not yet assigned in this context.,1,2 Chronicles 29:12,macronized_source_form
Iōacha,transliterated_form,2 Chronicles 29:12,ot,Transliterated source-form proper noun; retained here because a single conventional English equivalent is not yet assigned in this context.,1,2 Chronicles 29:12,macronized_source_form
Idithōn,transliterated_form,2 Chronicles 29:14,ot,Transliterated source-form proper noun; retained here because a single conventional English equivalent is not yet assigned in this context.,2,2 Chronicles 29:14; 2 Chronicles 35:15,macronized_source_form
Chōnenias,transliterated_form,2 Chronicles 31:12,ot,Transliterated source-form proper noun; retained here because a single conventional English equivalent is not yet assigned in this context.,2,2 Chronicles 31:12; 2 Chronicles 35:9,macronized_source_form
Iōzabath,transliterated_form,2 Chronicles 31:13,ot,Transliterated source-form proper noun; retained here because a single conventional English equivalent is not yet assigned in this context.,1,2 Chronicles 31:13,macronized_source_form
Chōneniou,transliterated_form,2 Chronicles 31:13,ot,Transliterated source-form proper noun; retained here because a single conventional English equivalent is not yet assigned in this context.,1,2 Chronicles 31:13,macronized_source_form
Giōn,transliterated_form,2 Chronicles 32:30,ot,Transliterated source-form proper noun; retained here because a single conventional English equivalent is not yet assigned in this context.,2,2 Chronicles 32:30; 2 Chronicles 33:14,macronized_source_form
Babylōnos,transliterated_form,2 Chronicles 32:31,ot,Transliterated source-form proper noun; retained here because a single conventional English equivalent is not yet assigned in this context.,1,2 Chronicles 32:31,macronized_source_form
Symeōn,transliterated_form,2 Chronicles 34:6,ot,Transliterated source-form proper noun; retained here because a single conventional English equivalent is not yet assigned in this context.,1,2 Chronicles 34:6,macronized_source_form
Iōach,transliterated_form,2 Chronicles 34:8,ot,Transliterated source-form proper noun; retained here because a single conventional English equivalent is not yet assigned in this context.,1,2 Chronicles 34:8,macronized_source_form
Abdōn,transliterated_form,2 Chronicles 34:20,ot,Transliterated source-form proper noun; retained here because a single conventional English equivalent is not yet assigned in this context.,1,2 Chronicles 34:20,macronized_source_form
Euphratēs,transliterated_form,2 Chronicles 35:20,ot,Transliterated source-form proper noun; retained here because a single conventional English equivalent is not yet assigned in this context.,1,2 Chronicles 35:20,macronized_source_form
Zechōra,transliterated_form,2 Chronicles 36:5,ot,Transliterated source-form proper noun; retained here because a single conventional English equivalent is not yet assigned in this context.,1,2 Chronicles 36:5,macronized_source_form
Nēriou,transliterated_form,2 Chronicles 36:5,ot,Transliterated source-form proper noun; retained here because a single conventional English equivalent is not yet assigned in this context.,1,2 Chronicles 36:5,macronized_source_form
Mōabitans,transliterated_form,2 Chronicles 36:5,ot,Transliterated source-form proper noun; retained here because a single conventional English equivalent is not yet assigned in this context.,1,2 Chronicles 36:5,macronized_source_form
Persians,people_group,2 Chronicles 36:22,ot,Ethnic or group proper noun; retained as a people-name rather than translated as ordinary vocabulary.,32,2 Chronicles 36:22; 2 Chronicles 36:23; Ezra 1:1; Ezra 1:2; Ezra 1:8; Ezra 3:7; Ezra 4:3; Ezra 4:5,logos_primary_entity
Phoros,person,Ezra 2:3,ot,Source text carries this as a personal name; retained as a proper noun rather than translated as ordinary vocabulary.,6,Ezra 2:3; Ezra 8:3; Ezra 10:25; Nehemiah 3:25; Nehemiah 7:8; Nehemiah 10:15,logos_alias_entity
Adonikam,person,Ezra 2:13,ot,Source text carries this as a personal name; retained as a proper noun rather than translated as ordinary vocabulary.,2,Ezra 2:13; Ezra 8:13,logos_primary_entity
Adin,person,Ezra 2:15,ot,Source text carries this as a personal name; retained as a proper noun rather than translated as ordinary vocabulary.,2,Ezra 2:15; Ezra 8:6,logos_primary_entity
Ater,person,Ezra 2:16,ot,Source text carries this as a personal name; retained as a proper noun rather than translated as ordinary vocabulary.,5,Ezra 2:16; Ezra 2:42; Nehemiah 7:21; Nehemiah 7:45; Nehemiah 10:18,logos_alias_entity
Baithel,supernatural_being,Ezra 2:28,ot,Source text carries this as a divine or supernatural name/title; retained as a proper noun.,1,Ezra 2:28,logos_alias_entity
Iesou,transliterated_form,Ezra 2:36,ot,High-frequency LXX-style proper noun form; retained here pending a context-by-context normalization decision.,14,Ezra 2:36; Ezra 2:40; Ezra 8:33; Nehemiah 3:19; Nehemiah 7:7; Nehemiah 7:11; Nehemiah 7:39; Nehemiah 7:43,manual_high_frequency_lxx_form
Kadmiel,person,Ezra 2:40,ot,Source text carries this as a personal name; retained as a proper noun rather than translated as ordinary vocabulary.,8,Ezra 2:40; Ezra 3:9; Nehemiah 7:43; Nehemiah 9:4; Nehemiah 9:5; Nehemiah 10:10; Nehemiah 12:8; Nehemiah 12:24,logos_primary_entity
Nekoda,person,Ezra 2:48,ot,Source text carries this as a personal name; retained as a proper noun rather than translated as ordinary vocabulary.,4,Ezra 2:48; Ezra 2:60; Nehemiah 7:50; Nehemiah 7:62,logos_alias_entity
Darkon,person,Ezra 2:56,ot,Source text carries this as a personal name; retained as a proper noun rather than translated as ordinary vocabulary.,1,Ezra 2:56,logos_primary_entity
Arthasastha,transliterated_form,Ezra 4:7,ot,High-frequency LXX-style proper noun form; retained here pending a context-by-context normalization decision.,15,Ezra 4:7; Ezra 4:8; Ezra 4:11; Ezra 4:23; Ezra 6:14; Ezra 7:1; Ezra 7:7; Ezra 7:11,manual_high_frequency_lxx_form
Tabeel,person,Ezra 4:7,ot,Source text carries this as a personal name; retained as a proper noun rather than translated as ordinary vocabulary.,2,Ezra 4:7; Isaiah 7:6,logos_alias_entity
Babylonians,people_group,Ezra 4:9,ot,Ethnic or group proper noun; retained as a people-name rather than translated as ordinary vocabulary.,2,Ezra 4:9; Isaiah 39:7,logos_primary_entity
Elamites,people_group,Ezra 4:9,ot,Ethnic or group proper noun; retained as a people-name rather than translated as ordinary vocabulary.,4,Ezra 4:9; Isaiah 11:11; Isaiah 21:2; Isaiah 22:6,logos_primary_entity
Ioudaioi,transliterated_form,Ezra 4:12,ot,High-frequency LXX-style proper noun form; retained here pending a context-by-context normalization decision.,49,Ezra 4:12; Ezra 5:1; Ezra 6:7; Ezra 6:8; Ezra 6:14; Nehemiah 2:16; Nehemiah 3:33; Nehemiah 3:34,manual_high_frequency_lxx_form
Aziel,person,Ezra 8:5,ot,Source text carries this as a personal name; retained as a proper noun rather than translated as ordinary vocabulary.,1,Ezra 8:5,logos_primary_entity
Elnathan,person,Ezra 8:16,ot,Source text carries this as a personal name; retained as a proper noun rather than translated as ordinary vocabulary.,4,Ezra 8:16; Jeremiah 43:12; Jeremiah 43:25,logos_alias_entity
Zabad,person,Ezra 10:27,ot,Source text carries this as a personal name; retained as a proper noun rather than translated as ordinary vocabulary.,1,Ezra 10:27,logos_alias_entity
Euzai,person,Nehemiah 3:25,ot,Source text carries this as a personal name; retained as a proper noun rather than translated as ordinary vocabulary.,1,Nehemiah 3:25,logos_alias_entity
Hanani,person,Nehemiah 7:2,ot,Source text carries this as a personal name; retained as a proper noun rather than translated as ordinary vocabulary.,1,Nehemiah 7:2,logos_alias_entity
Gēzam,transliterated_form,Nehemiah 7:51,ot,Transliterated source-form proper noun; retained here because a single conventional English equivalent is not yet assigned in this context.,1,Nehemiah 7:51,macronized_source_form
Bēsi,transliterated_form,Nehemiah 7:52,ot,Transliterated source-form proper noun; retained here because a single conventional English equivalent is not yet assigned in this context.,2,Nehemiah 7:52; Nehemiah 10:19,macronized_source_form
Meinōm,transliterated_form,Nehemiah 7:52,ot,Transliterated source-form proper noun; retained here because a single conventional English equivalent is not yet assigned in this context.,1,Nehemiah 7:52,macronized_source_form
Nephōsasim,transliterated_form,Nehemiah 7:52,ot,Transliterated source-form proper noun; retained here because a single conventional English equivalent is not yet assigned in this context.,1,Nehemiah 7:52,macronized_source_form
Emim,people_group,Nehemiah 7:59,ot,Ethnic or group proper noun; retained as a people-name rather than translated as ordinary vocabulary.,1,Nehemiah 7:59,logos_primary_entity
Bēbai,transliterated_form,Nehemiah 10:16,ot,Transliterated source-form proper noun; retained here because a single conventional English equivalent is not yet assigned in this context.,1,Nehemiah 10:16,macronized_source_form
Nōbai,transliterated_form,Nehemiah 10:20,ot,Transliterated source-form proper noun; retained here because a single conventional English equivalent is not yet assigned in this context.,1,Nehemiah 10:20,macronized_source_form
Magaphēs,transliterated_form,Nehemiah 10:21,ot,Transliterated source-form proper noun; retained here because a single conventional English equivalent is not yet assigned in this context.,1,Nehemiah 10:21,macronized_source_form
Hezir,person,Nehemiah 10:21,ot,Source text carries this as a personal name; retained as a proper noun rather than translated as ordinary vocabulary.,1,Nehemiah 10:21,logos_alias_entity
Mesōzebel,transliterated_form,Nehemiah 10:22,ot,Transliterated source-form proper noun; retained here because a single conventional English equivalent is not yet assigned in this context.,1,Nehemiah 10:22,macronized_source_form
Osēe,transliterated_form,Nehemiah 10:24,ot,Transliterated source-form proper noun; retained here because a single conventional English equivalent is not yet assigned in this context.,1,Nehemiah 10:24,macronized_source_form
Alōēs,transliterated_form,Nehemiah 10:25,ot,Transliterated source-form proper noun; retained here because a single conventional English equivalent is not yet assigned in this context.,1,Nehemiah 10:25,macronized_source_form
Sōbēk,transliterated_form,Nehemiah 10:25,ot,Transliterated source-form proper noun; retained here because a single conventional English equivalent is not yet assigned in this context.,1,Nehemiah 10:25,macronized_source_form
Thēzia,transliterated_form,Nehemiah 11:5,ot,Transliterated source-form proper noun; retained here because a single conventional English equivalent is not yet assigned in this context.,1,Nehemiah 11:5,macronized_source_form
Sēlō,transliterated_form,Nehemiah 11:7,ot,Transliterated source-form proper noun; retained here because a single conventional English equivalent is not yet assigned in this context.,1,Nehemiah 11:7,macronized_source_form
Iōad,transliterated_form,Nehemiah 11:7,ot,Transliterated source-form proper noun; retained here because a single conventional English equivalent is not yet assigned in this context.,1,Nehemiah 11:7,macronized_source_form
Kōlia,transliterated_form,Nehemiah 11:7,ot,Transliterated source-form proper noun; retained here because a single conventional English equivalent is not yet assigned in this context.,1,Nehemiah 11:7,macronized_source_form
Aithiēl,transliterated_form,Nehemiah 11:7,ot,Transliterated source-form proper noun; retained here because a single conventional English equivalent is not yet assigned in this context.,1,Nehemiah 11:7,macronized_source_form
Gēbi,transliterated_form,Nehemiah 11:8,ot,Transliterated source-form proper noun; retained here because a single conventional English equivalent is not yet assigned in this context.,1,Nehemiah 11:8,macronized_source_form
Sēli,transliterated_form,Nehemiah 11:8,ot,Transliterated source-form proper noun; retained here because a single conventional English equivalent is not yet assigned in this context.,1,Nehemiah 11:8,macronized_source_form
Iōirib,transliterated_form,Nehemiah 11:10,ot,Transliterated source-form proper noun; retained here because a single conventional English equivalent is not yet assigned in this context.,1,Nehemiah 11:10,macronized_source_form
Mariōth,transliterated_form,Nehemiah 11:11,ot,Transliterated source-form proper noun; retained here because a single conventional English equivalent is not yet assigned in this context.,2,Nehemiah 11:11; Nehemiah 12:15,macronized_source_form
Aitōb,transliterated_form,Nehemiah 11:11,ot,Transliterated source-form proper noun; retained here because a single conventional English equivalent is not yet assigned in this context.,1,Nehemiah 11:11,macronized_source_form
Badiēl,transliterated_form,Nehemiah 11:14,ot,Transliterated source-form proper noun; retained here because a single conventional English equivalent is not yet assigned in this context.,1,Nehemiah 11:14,macronized_source_form
Basēza,transliterated_form,Nehemiah 11:24,ot,Transliterated source-form proper noun; retained here because a single conventional English equivalent is not yet assigned in this context.,1,Nehemiah 11:24,macronized_source_form
Beērsabee,transliterated_form,Nehemiah 11:27,ot,Transliterated source-form proper noun; retained here because a single conventional English equivalent is not yet assigned in this context.,2,Nehemiah 11:27; Nehemiah 11:30,macronized_source_form
Joiakim,person,Nehemiah 12:10,ot,Source text carries this as a personal name; retained as a proper noun rather than translated as ordinary vocabulary.,4,Nehemiah 12:10; Nehemiah 12:12; Nehemiah 12:26,logos_alias_entity
Ganathōn,transliterated_form,Nehemiah 12:16,ot,Transliterated source-form proper noun; retained here because a single conventional English equivalent is not yet assigned in this context.,1,Nehemiah 12:16,macronized_source_form
Phēlti,transliterated_form,Nehemiah 12:17,ot,Transliterated source-form proper noun; retained here because a single conventional English equivalent is not yet assigned in this context.,1,Nehemiah 12:17,macronized_source_form
Iōiarib,transliterated_form,Nehemiah 12:19,ot,Transliterated source-form proper noun; retained here because a single conventional English equivalent is not yet assigned in this context.,1,Nehemiah 12:19,macronized_source_form
Sallai,person,Nehemiah 12:20,ot,Source text carries this as a personal name; retained as a proper noun rather than translated as ordinary vocabulary.,1,Nehemiah 12:20,logos_primary_entity
Kallai,person,Nehemiah 12:20,ot,Source text carries this as a personal name; retained as a proper noun rather than translated as ordinary vocabulary.,1,Nehemiah 12:20,logos_primary_entity
Iōada,transliterated_form,Nehemiah 12:22,ot,Transliterated source-form proper noun; retained here because a single conventional English equivalent is not yet assigned in this context.,2,Nehemiah 12:22; Nehemiah 13:28,macronized_source_form
Persian,people_group,Nehemiah 12:22,ot,Ethnic or group proper noun; retained as a people-name rather than translated as ordinary vocabulary.,2,Nehemiah 12:22; Daniel 6:29,logos_alias_entity
Hōsaia,transliterated_form,Nehemiah 12:32,ot,Transliterated source-form proper noun; retained here because a single conventional English equivalent is not yet assigned in this context.,1,Nehemiah 12:32,macronized_source_form
Hanan,person,Nehemiah 13:13,ot,Source text carries this as a personal name; retained as a proper noun rather than translated as ordinary vocabulary.,2,Nehemiah 13:13; Jeremiah 42:4,logos_alias_entity
Horonite,people_group,Nehemiah 13:28,ot,Ethnic or group proper noun; retained as a people-name rather than translated as ordinary vocabulary.,1,Nehemiah 13:28,logos_alias_entity
Tharra,person,Esther 1:10,ot,Source text carries this as a personal name; retained as a proper noun rather than translated as ordinary vocabulary.,1,Esther 1:10,logos_alias_entity
Borazē,transliterated_form,Esther 1:10,ot,Transliterated source-form proper noun; retained here because a single conventional English equivalent is not yet assigned in this context.,1,Esther 1:10,macronized_source_form
Malēsear,transliterated_form,Esther 1:14,ot,Transliterated source-form proper noun; retained here because a single conventional English equivalent is not yet assigned in this context.,1,Esther 1:14,macronized_source_form
Zōsara,transliterated_form,Esther 5:10,ot,Transliterated source-form proper noun; retained here because a single conventional English equivalent is not yet assigned in this context.,3,Esther 5:10; Esther 5:14; Esther 6:13,macronized_source_form
Delphōn,transliterated_form,Esther 9:7,ot,Transliterated source-form proper noun; retained here because a single conventional English equivalent is not yet assigned in this context.,1,Esther 9:7,macronized_source_form
Phardatha,person,Esther 9:8,ot,Source text carries this as a personal name; retained as a proper noun rather than translated as ordinary vocabulary.,1,Esther 9:8,logos_alias_entity
Barea,person,Esther 9:8,ot,Source text carries this as a personal name; retained as a proper noun rather than translated as ordinary vocabulary.,1,Esther 9:8,logos_alias_entity
Sarbacha,person,Esther 9:8,ot,Source text carries this as a personal name; retained as a proper noun rather than translated as ordinary vocabulary.,1,Esther 9:8,logos_alias_entity
Marmasima,person,Esther 9:9,ot,Source text carries this as a personal name; retained as a proper noun rather than translated as ordinary vocabulary.,1,Esther 9:9,logos_alias_entity
Arouphaios,person,Esther 9:9,ot,Source text carries this as a personal name; retained as a proper noun rather than translated as ordinary vocabulary.,1,Esther 9:9,logos_alias_entity
Arsaios,person,Esther 9:9,ot,Source text carries this as a personal name; retained as a proper noun rather than translated as ordinary vocabulary.,1,Esther 9:9,logos_alias_entity
Zabouthaithan,person,Esther 9:9,ot,Source text carries this as a personal name; retained as a proper noun rather than translated as ordinary vocabulary.,1,Esther 9:9,logos_alias_entity
Macedonian,people_group,Esther 9:24,ot,Ethnic or group proper noun; retained as a people-name rather than translated as ordinary vocabulary.,1,Esther 9:24,logos_alias_entity
Barachiēl,transliterated_form,Job 32:2,ot,Transliterated source-form proper noun; retained here because a single conventional English equivalent is not yet assigned in this context.,2,Job 32:2; Job 32:6,macronized_source_form
Iōbab,transliterated_form,Job 42:17,ot,Transliterated source-form proper noun; retained here because a single conventional English equivalent is not yet assigned in this context.,2,Job 42:17,macronized_source_form
Arabian,people_group,Job 42:17,ot,Ethnic or group proper noun; retained as a people-name rather than translated as ordinary vocabulary.,1,Job 42:17,logos_alias_entity
Beōr,transliterated_form,Job 42:17,ot,Transliterated source-form proper noun; retained here because a single conventional English equivalent is not yet assigned in this context.,1,Job 42:17,macronized_source_form
Kadēs,transliterated_form,Psalms 28:8,ot,Transliterated source-form proper noun; retained here because a single conventional English equivalent is not yet assigned in this context.,1,Psalms 28:8,macronized_source_form
Doeg,person,Psalms 51:2,ot,Source text carries this as a personal name; retained as a proper noun rather than translated as ordinary vocabulary.,1,Psalms 51:2,logos_primary_entity
Jeduthun,person,Psalms 61:1,ot,Source text carries this as a personal name; retained as a proper noun rather than translated as ordinary vocabulary.,2,Psalms 61:1; Psalms 76:1,logos_primary_entity
Jonadab,person,Psalms 70:1,ot,Source text carries this as a personal name; retained as a proper noun rather than translated as ordinary vocabulary.,8,Psalms 70:1; Jeremiah 42:6; Jeremiah 42:8; Jeremiah 42:10; Jeremiah 42:14; Jeremiah 42:16; Jeremiah 42:18; Jeremiah 42:19,logos_alias_entity
Arabians,people_group,Psalms 71:10,ot,Ethnic or group proper noun; retained as a people-name rather than translated as ordinary vocabulary.,1,Psalms 71:10,logos_primary_entity
Jesse,person,Psalms 71:20,ot,Source text carries this as a personal name; retained as a proper noun rather than translated as ordinary vocabulary.,3,Psalms 71:20; Isaiah 11:1; Isaiah 11:10,logos_primary_entity
Assyrian,people_group,Psalms 75:1,ot,Ethnic or group proper noun; retained as a people-name rather than translated as ordinary vocabulary.,5,Psalms 75:1; Psalms 79:1; Micah 5:4; Nahum 3:18; Zephaniah 2:13,logos_alias_entity
Sisera,person,Psalms 82:10,ot,Source text carries this as a personal name; retained as a proper noun rather than translated as ordinary vocabulary.,1,Psalms 82:10,logos_alias_entity
Oreb,person,Psalms 82:12,ot,Source text carries this as a personal name; retained as a proper noun rather than translated as ordinary vocabulary.,1,Psalms 82:12,logos_primary_entity
Zeeb,person,Psalms 82:12,ot,Source text carries this as a personal name; retained as a proper noun rather than translated as ordinary vocabulary.,1,Psalms 82:12,logos_primary_entity
Heman,person,Psalms 87:1,ot,Source text carries this as a personal name; retained as a proper noun rather than translated as ordinary vocabulary.,1,Psalms 87:1,logos_alias_entity
Ethan,person,Psalms 88:1,ot,Source text carries this as a personal name; retained as a proper noun rather than translated as ordinary vocabulary.,3,Psalms 88:1; Jeremiah 27:44; Jeremiah 30:13,logos_alias_entity
Rezin,person,Isaiah 7:1,ot,Source text carries this as a personal name; retained as a proper noun rather than translated as ordinary vocabulary.,2,Isaiah 7:1; Isaiah 8:6,logos_alias_entity
Pekah,person,Isaiah 7:1,ot,Source text carries this as a personal name; retained as a proper noun rather than translated as ordinary vocabulary.,1,Isaiah 7:1,logos_primary_entity
Remaliah,person,Isaiah 7:1,ot,Source text carries this as a personal name; retained as a proper noun rather than translated as ordinary vocabulary.,4,Isaiah 7:1; Isaiah 7:5; Isaiah 7:9; Isaiah 8:6,logos_primary_entity
Shear-jashub,person,Isaiah 7:3,ot,Source text carries this as a personal name; retained as a proper noun rather than translated as ordinary vocabulary.,1,Isaiah 7:3,logos_primary_entity
Uriah,person,Isaiah 8:2,ot,Source text carries this as a personal name; retained as a proper noun rather than translated as ordinary vocabulary.,4,Isaiah 8:2; Isaiah 21:8; Jeremiah 33:20; Jeremiah 33:21,logos_alias_entity
Barachiah,person,Isaiah 8:2,ot,Source text carries this as a personal name; retained as a proper noun rather than translated as ordinary vocabulary.,1,Isaiah 8:2,logos_alias_entity
Greeks,people_group,Isaiah 9:11,ot,Ethnic or group proper noun; retained as a people-name rather than translated as ordinary vocabulary.,6,Isaiah 9:11; Daniel 8:21; Daniel 10:20; Daniel 11:2; Joel 4:6; Zechariah 9:13,logos_primary_entity
Laish,person,Isaiah 10:30,ot,Source text carries this as a personal name; retained as a proper noun rather than translated as ordinary vocabulary.,1,Isaiah 10:30,logos_primary_entity
Jews,people_group,Isaiah 19:17,ot,Ethnic or group proper noun; retained as a people-name rather than translated as ordinary vocabulary.,1,Isaiah 19:17,logos_primary_entity
Tartan,person,Isaiah 20:1,ot,Source text carries this as a personal name; retained as a proper noun rather than translated as ordinary vocabulary.,1,Isaiah 20:1,logos_primary_entity
Hilkiah,person,Isaiah 22:20,ot,Source text carries this as a personal name; retained as a proper noun rather than translated as ordinary vocabulary.,5,Isaiah 22:20; Isaiah 36:3; Isaiah 36:22; Jeremiah 1:1; Jeremiah 36:3,logos_alias_entity
Marodach,supernatural_being,Isaiah 39:1,ot,Source text carries this as a divine or supernatural name/title; retained as a proper noun.,1,Isaiah 39:1,logos_alias_entity
Sabeans,people_group,Isaiah 45:14,ot,Ethnic or group proper noun; retained as a people-name rather than translated as ordinary vocabulary.,1,Isaiah 45:14,logos_primary_entity
Bel,supernatural_being,Isaiah 46:1,ot,Source text carries this as a divine or supernatural name/title; retained as a proper noun.,2,Isaiah 46:1; Jeremiah 27:2,logos_primary_entity
Ephah,person,Isaiah 60:6,ot,Source text carries this as a personal name; retained as a proper noun rather than translated as ordinary vocabulary.,1,Isaiah 60:6,logos_alias_entity
Nebaioth,person,Isaiah 60:7,ot,Source text carries this as a personal name; retained as a proper noun rather than translated as ordinary vocabulary.,1,Isaiah 60:7,logos_primary_entity
Pashhur,person,Jeremiah 20:1,ot,Source text carries this as a personal name; retained as a proper noun rather than translated as ordinary vocabulary.,5,Jeremiah 20:1; Jeremiah 20:3; Jeremiah 21:1; Jeremiah 45:1,logos_alias_entity
Maaseiah,person,Jeremiah 21:1,ot,Source text carries this as a personal name; retained as a proper noun rather than translated as ordinary vocabulary.,8,Jeremiah 21:1; Jeremiah 28:59; Jeremiah 36:25; Jeremiah 39:12; Jeremiah 42:4; Jeremiah 44:3; Jeremiah 49:1; Jeremiah 50:2,logos_alias_entity
Shallum,person,Jeremiah 22:11,ot,Source text carries this as a personal name; retained as a proper noun rather than translated as ordinary vocabulary.,4,Jeremiah 22:11; Jeremiah 39:7; Jeremiah 39:8; Jeremiah 42:4,logos_alias_entity
Jeconiah,person,Jeremiah 22:24,ot,Source text carries this as a personal name; retained as a proper noun rather than translated as ordinary vocabulary.,6,Jeremiah 22:24; Jeremiah 22:28; Jeremiah 24:1; Jeremiah 34:20; Jeremiah 35:4; Jeremiah 36:2,logos_alias_entity
Amos,person,Jeremiah 25:3,ot,Source text carries this as a personal name; retained as a proper noun rather than translated as ordinary vocabulary.,8,Jeremiah 25:3; Amos 1:1; Amos 7:8; Amos 7:10; Amos 7:11; Amos 7:12; Amos 7:14; Amos 8:2,logos_alias_entity
Neco,person,Jeremiah 26:2,ot,Source text carries this as a personal name; retained as a proper noun rather than translated as ordinary vocabulary.,2,Jeremiah 26:2; Jeremiah 26:17,logos_primary_entity
Greek,people_group,Jeremiah 26:16,ot,Ethnic or group proper noun; retained as a people-name rather than translated as ordinary vocabulary.,2,Jeremiah 26:16; Jeremiah 27:16,logos_alias_entity
Merodach,supernatural_being,Jeremiah 27:2,ot,Source text carries this as a divine or supernatural name/title; retained as a proper noun.,1,Jeremiah 27:2,logos_primary_entity
Seraiah,person,Jeremiah 28:59,ot,Source text carries this as a personal name; retained as a proper noun rather than translated as ordinary vocabulary.,7,Jeremiah 28:59; Jeremiah 28:61; Jeremiah 43:26; Jeremiah 44:13; Jeremiah 44:14; Jeremiah 47:8,logos_alias_entity
Neriah,person,Jeremiah 28:59,ot,Source text carries this as a personal name; retained as a proper noun rather than translated as ordinary vocabulary.,8,Jeremiah 28:59; Jeremiah 39:12; Jeremiah 39:16; Jeremiah 43:4; Jeremiah 43:14; Jeremiah 50:3; Jeremiah 50:6; Jeremiah 51:31,logos_primary_entity
Shemaiah,person,Jeremiah 33:20,ot,Source text carries this as a personal name; retained as a proper noun rather than translated as ordinary vocabulary.,5,Jeremiah 33:20; Jeremiah 36:24; Jeremiah 36:31; Jeremiah 36:32,logos_alias_entity
Ahikam,person,Jeremiah 33:24,ot,Source text carries this as a personal name; retained as a proper noun rather than translated as ordinary vocabulary.,6,Jeremiah 33:24; Jeremiah 46:14; Jeremiah 47:5; Jeremiah 47:11; Jeremiah 48:10; Jeremiah 50:6,logos_primary_entity
Shaphan,person,Jeremiah 33:24,ot,Source text carries this as a personal name; retained as a proper noun rather than translated as ordinary vocabulary.,8,Jeremiah 33:24; Jeremiah 36:3; Jeremiah 43:10; Jeremiah 43:11; Jeremiah 43:12; Jeremiah 46:14; Jeremiah 47:5; Ezekiel 8:11,logos_alias_entity
Hananiah,person,Jeremiah 35:1,ot,Source text carries this as a personal name; retained as a proper noun rather than translated as ordinary vocabulary.,14,Jeremiah 35:1; Jeremiah 35:5; Jeremiah 35:10; Jeremiah 35:11; Jeremiah 35:12; Jeremiah 35:13; Jeremiah 35:15; Jeremiah 43:12,logos_alias_entity
Chabasin,person,Jeremiah 42:3,ot,Source text carries this as a personal name; retained as a proper noun rather than translated as ordinary vocabulary.,1,Jeremiah 42:3,logos_alias_entity
Micaiah,person,Jeremiah 43:11,ot,Source text carries this as a personal name; retained as a proper noun rather than translated as ordinary vocabulary.,2,Jeremiah 43:11; Jeremiah 43:13,logos_alias_entity
Delaiah,person,Jeremiah 43:12,ot,Source text carries this as a personal name; retained as a proper noun rather than translated as ordinary vocabulary.,1,Jeremiah 43:12,logos_alias_entity
Shelemiah,person,Jeremiah 43:12,ot,Source text carries this as a personal name; retained as a proper noun rather than translated as ordinary vocabulary.,5,Jeremiah 43:12; Jeremiah 43:14; Jeremiah 44:3; Jeremiah 44:13; Jeremiah 45:1,logos_alias_entity
Jehudi,person,Jeremiah 43:14,ot,Source text carries this as a personal name; retained as a proper noun rather than translated as ordinary vocabulary.,3,Jeremiah 43:14; Jeremiah 43:21; Jeremiah 43:23,logos_primary_entity
Nethaniah,person,Jeremiah 43:14,ot,Source text carries this as a personal name; retained as a proper noun rather than translated as ordinary vocabulary.,3,Jeremiah 43:14; Jeremiah 47:8; Jeremiah 48:1,logos_alias_entity
Shephatiah,person,Jeremiah 45:1,ot,Source text carries this as a personal name; retained as a proper noun rather than translated as ordinary vocabulary.,1,Jeremiah 45:1,logos_alias_entity
Mattan,person,Jeremiah 45:1,ot,Source text carries this as a personal name; retained as a proper noun rather than translated as ordinary vocabulary.,1,Jeremiah 45:1,logos_alias_entity
Gedoliah,transliterated_form,Jeremiah 45:1,ot,High-frequency LXX-style proper noun form; retained here pending a context-by-context normalization decision.,20,Jeremiah 45:1; Jeremiah 46:14; Jeremiah 47:5; Jeremiah 47:6; Jeremiah 47:7; Jeremiah 47:8; Jeremiah 47:9; Jeremiah 47:11,manual_high_frequency_lxx_form
Malchiah,person,Jeremiah 45:6,ot,Source text carries this as a personal name; retained as a proper noun rather than translated as ordinary vocabulary.,1,Jeremiah 45:6,logos_alias_entity
Ebed-melech,person,Jeremiah 45:7,ot,Source text carries this as a personal name; retained as a proper noun rather than translated as ordinary vocabulary.,4,Jeremiah 45:7; Jeremiah 45:10; Jeremiah 45:11; Jeremiah 46:16,logos_primary_entity
Nebuzaradan,person,Jeremiah 47:1,ot,Source text carries this as a personal name; retained as a proper noun rather than translated as ordinary vocabulary.,4,Jeremiah 47:1; Jeremiah 50:6; Jeremiah 52:12; Jeremiah 52:26,logos_primary_entity
Kareah,person,Jeremiah 47:8,ot,Source text carries this as a personal name; retained as a proper noun rather than translated as ordinary vocabulary.,4,Jeremiah 47:8; Jeremiah 47:13; Jeremiah 48:11; Jeremiah 50:2,logos_primary_entity
Tanhumeth,person,Jeremiah 47:8,ot,Source text carries this as a personal name; retained as a proper noun rather than translated as ordinary vocabulary.,1,Jeremiah 47:8,logos_primary_entity
Baalis,person,Jeremiah 47:14,ot,Source text carries this as a personal name; retained as a proper noun rather than translated as ordinary vocabulary.,1,Jeremiah 47:14,logos_primary_entity
Baasha,person,Jeremiah 48:9,ot,Source text carries this as a personal name; retained as a proper noun rather than translated as ordinary vocabulary.,1,Jeremiah 48:9,logos_primary_entity
Azariah,supernatural_being,Jeremiah 49:1,ot,Source text carries this as a divine or supernatural name/title; retained as a proper noun.,8,Jeremiah 49:1; Jeremiah 50:2; Daniel 1:6; Daniel 1:7; Daniel 1:11; Daniel 1:19; Daniel 2:17; Daniel 3:23,logos_alias_entity
Hophra,person,Jeremiah 51:30,ot,Source text carries this as a personal name; retained as a proper noun rather than translated as ordinary vocabulary.,1,Jeremiah 51:30,logos_alias_entity
Nazirites,people_group,Lamentations 4:7,ot,Ethnic or group proper noun; retained as a people-name rather than translated as ordinary vocabulary.,1,Lamentations 4:7,logos_primary_entity
Joakim,person,Ezekiel 1:2,ot,Source text carries this as a personal name; retained as a proper noun rather than translated as ordinary vocabulary.,1,Ezekiel 1:2,logos_alias_entity
Buzi,person,Ezekiel 1:3,ot,Source text carries this as a personal name; retained as a proper noun rather than translated as ordinary vocabulary.,1,Ezekiel 1:3,logos_primary_entity
Jaazaniah,person,Ezekiel 8:11,ot,Source text carries this as a personal name; retained as a proper noun rather than translated as ordinary vocabulary.,2,Ezekiel 8:11; Ezekiel 11:1,logos_alias_entity
Tammuz,supernatural_being,Ezekiel 8:14,ot,Source text carries this as a divine or supernatural name/title; retained as a proper noun.,1,Ezekiel 8:14,logos_primary_entity
Azzur,person,Ezekiel 11:1,ot,Source text carries this as a personal name; retained as a proper noun rather than translated as ordinary vocabulary.,1,Ezekiel 11:1,logos_alias_entity
Pelatiah,person,Ezekiel 11:1,ot,Source text carries this as a personal name; retained as a proper noun rather than translated as ordinary vocabulary.,2,Ezekiel 11:1; Ezekiel 11:13,logos_alias_entity
Benaiah,person,Ezekiel 11:1,ot,Source text carries this as a personal name; retained as a proper noun rather than translated as ordinary vocabulary.,2,Ezekiel 11:1; Ezekiel 11:13,logos_alias_entity
Koa,people_group,Ezekiel 23:23,ot,Ethnic or group proper noun; retained as a people-name rather than translated as ordinary vocabulary.,1,Ezekiel 23:23,logos_primary_entity
Cretans,people_group,Ezekiel 25:16,ot,Ethnic or group proper noun; retained as a people-name rather than translated as ordinary vocabulary.,3,Ezekiel 25:16; Ezekiel 30:5; Zephaniah 2:5,logos_primary_entity
Elishah,person,Ezekiel 27:7,ot,Source text carries this as a personal name; retained as a proper noun rather than translated as ordinary vocabulary.,1,Ezekiel 27:7,logos_primary_entity
Uzal,person,Ezekiel 27:19,ot,Source text carries this as a personal name; retained as a proper noun rather than translated as ordinary vocabulary.,1,Ezekiel 27:19,logos_alias_entity
Gomer,person,Ezekiel 38:6,ot,Source text carries this as a personal name; retained as a proper noun rather than translated as ordinary vocabulary.,2,Ezekiel 38:6; Hosea 1:3,logos_alias_entity
Abiesdri,people_group,Daniel 1:3,ot,Ethnic or group proper noun; retained as a people-name rather than translated as ordinary vocabulary.,3,Daniel 1:3; Daniel 1:11; Daniel 1:16,logos_alias_entity
Mishael,person,Daniel 1:6,ot,Source text carries this as a personal name; retained as a proper noun rather than translated as ordinary vocabulary.,5,Daniel 1:6; Daniel 1:7; Daniel 1:11; Daniel 1:19; Daniel 2:17,logos_alias_entity
Belteshazzar,person,Daniel 1:7,ot,Source text carries this as a personal name; retained as a proper noun rather than translated as ordinary vocabulary.,3,Daniel 1:7; Daniel 2:26; Daniel 10:1,logos_alias_entity
Shadrach,person,Daniel 1:7,ot,Source text carries this as a personal name; retained as a proper noun rather than translated as ordinary vocabulary.,11,Daniel 1:7; Daniel 2:49; Daniel 3:12; Daniel 3:13; Daniel 3:14; Daniel 3:16; Daniel 3:20; Daniel 3:26,logos_primary_entity
Meshach,person,Daniel 1:7,ot,Source text carries this as a personal name; retained as a proper noun rather than translated as ordinary vocabulary.,11,Daniel 1:7; Daniel 2:49; Daniel 3:12; Daniel 3:13; Daniel 3:14; Daniel 3:16; Daniel 3:20; Daniel 3:26,logos_primary_entity
Abednego,person,Daniel 1:7,ot,Source text carries this as a personal name; retained as a proper noun rather than translated as ordinary vocabulary.,11,Daniel 1:7; Daniel 2:49; Daniel 3:12; Daniel 3:13; Daniel 3:14; Daniel 3:16; Daniel 3:20; Daniel 3:26,logos_primary_entity
Belshazzar,person,Daniel 5:0,ot,Source text carries this as a personal name; retained as a proper noun rather than translated as ordinary vocabulary.,8,Daniel 5:0; Daniel 5:1; Daniel 5:5; Daniel 5:29; Daniel 5:30; Daniel 7:1; Daniel 8:1,logos_primary_entity
Gabriel,supernatural_being,Daniel 8:16,ot,Source text carries this as a divine or supernatural name/title; retained as a proper noun.,2,Daniel 8:16; Daniel 9:21,logos_primary_entity
Xerxes,person,Daniel 9:1,ot,Source text carries this as a personal name; retained as a proper noun rather than translated as ordinary vocabulary.,1,Daniel 9:1,logos_alias_entity
Romans,people_group,Daniel 11:30,ot,Ethnic or group proper noun; retained as a people-name rather than translated as ordinary vocabulary.,1,Daniel 11:30,logos_primary_entity
Beeri,person,Hosea 1:1,ot,Source text carries this as a personal name; retained as a proper noun rather than translated as ordinary vocabulary.,1,Hosea 1:1,logos_alias_entity
Jehu,person,Hosea 1:4,ot,Source text carries this as a personal name; retained as a proper noun rather than translated as ordinary vocabulary.,1,Hosea 1:4,logos_alias_entity
Salaman,person,Hosea 10:14,ot,Source text carries this as a personal name; retained as a proper noun rather than translated as ordinary vocabulary.,1,Hosea 10:14,logos_alias_entity
Gileadites,people_group,Amos 1:3,ot,Ethnic or group proper noun; retained as a people-name rather than translated as ordinary vocabulary.,1,Amos 1:3,logos_primary_entity
Obadiah,person,Obadiah 1:1,ot,Source text carries this as a personal name; retained as a proper noun rather than translated as ordinary vocabulary.,1,Obadiah 1:1,logos_alias_entity
Cushi,person,Zephaniah 1:1,ot,Source text carries this as a personal name; retained as a proper noun rather than translated as ordinary vocabulary.,1,Zephaniah 1:1,logos_alias_entity
Zerubbabel,person,Haggai 1:1,ot,Source text carries this as a personal name; retained as a proper noun rather than translated as ordinary vocabulary.,11,Haggai 1:1; Haggai 1:12; Haggai 1:14; Haggai 2:2; Haggai 2:4; Haggai 2:21; Haggai 2:23; Zechariah 4:6,logos_primary_entity
Sophonias,person,Zechariah 6:10,ot,Source text carries this as a personal name; retained as a proper noun rather than translated as ordinary vocabulary.,2,Zechariah 6:10; Zechariah 6:14,logos_alias_entity
Tishbite,person,Malachi 3:22,ot,Source text carries this as a personal name; retained as a proper noun rather than translated as ordinary vocabulary.,1,Malachi 3:22,logos_alias_entity
