ref,book_name,chapter,verse,priority_score,importance,category,fresh_translation,mt_translation,brenton_translation,fresh_mt_ratio,fresh_brenton_ratio
2 Chronicles 6:20,2 Chronicles,6,20,21,high,different_from_both,"that your eyes may be open upon this house day and night, upon this place where you said your name would be called there, to hear prayer which your servant prays toward this place.","That yours eyes may be open upon this house day and night, upon the place whereof you have said that you would put your name there; to hearken unto the prayer which your servant prays toward this place.","so that thine eyes should be open over this house by day and by night, towards this place, whereon thou saidst thy name should be called, so as to hear the prayer which thy servant prays towards this house.",0.846,0.127
Genesis 24:40,Genesis,24,40,21,high,different_from_both,"And he said to me, The Lord God, before whom I have been well-pleasing, will himself send out his angel with you and prosper your way, and you shall take a wife for my son from my tribe and from my father's house.","And he said unto me, The LORD, before whom I walk, will send his angel with you, and prosper your way; and you shall take a wife for my son of my kindred, and of my father's house:","And he said to me, The Lord God to whom I have been acceptable in his presence, himself shall send out his angel with thee, and shall prosper thy journey, and thou shalt take a wife for my son of my tribe, and of the house of my father.",0.850,0.169
2 Samuel 5:2,2 Samuel,5,2,20,high,different_from_both,"And yesterday and the third day, while Saul was king over us, you were the one bringing out and bringing in Israel, and the Lord said to you, You will shepherd my people Israel, and you will be leader over Israel.","Also in time past, when Saul was king over us, you were he that led out and brought in Israel: and the LORD said to you, You shall feed my people Israel, and you shall be a captain over Israel.","And heretofore Saul being king over us, thou wast he that didst lead out and bring in Israel: and the Lord said to thee, Thou shalt feed my people Israel, and thou shalt be for a leader to my people Israel.",0.756,0.167
Zephaniah 2:3,Zephaniah,2,3,19,high,different_from_both,"Seek the Lord, all humble of earth, who have done his judgment. Seek righteousness; seek humility. It may be that you will be sheltered in the day of the Lord's wrath.","Seek all of you the LORD, all you meek of the earth, which have wrought his judgment; seek righteousness, seek meekness: it may be all of you shall be hid in the day of the LORD's anger.","Seek ye the Lord, all ye meek of the earth; do judgment, and seek justice, and answer accordingly; that ye may be hid in the day of the wrath of the Lord.",0.767,0.584
Zechariah 4:6,Zechariah,4,6,18,high,different_from_both,"And he answered and said to me: This is the word of the Lord to Zerubbabel, saying: Not by great power nor by might, but by my Spirit, says the Lord Almighty.","Then he answered and spoke unto me, saying, This is the word of the LORD unto Zerubbabel, saying, Not by might, nor by power, but by my spirit, says the LORD of hosts.","And he answered and spoke to me, saying, This is the word of the Lord to Zorobabel, saying,",0.817,0.619
Lamentations 2:9,Lamentations,2,9,16,high,different_from_both,"Her gates sank into the ground. He destroyed and broke her bars. Her king and her rulers are among the nations. There is no law, and even her prophets did not see a vision from the Lord.",Her gates are sunk into the ground; he has destroyed and broken her bars: her king and her princes are among the Gentiles: the law is no more; her prophets also find no vision from the LORD.,"Teth. Her gates are sunk into the ground: he has destroyed and broken to pieces her bars, and her king and her prince among the Gentiles: there is no law, nay, her prophets have seen no vision from the Lord.",0.836,0.383
Ruth 2:12,Ruth,2,12,16,high,different_from_both,"May the Lord repay your work, and may your wage be full from the Lord God of Israel, under whose wings you came to trust.","The LORD recompense your work, and a full reward be given you of the LORD God of Israel, under whose wings you are come to trust.","The Lord recompense thy work: may a full reward be given thee of the Lord God of Israel, to whom thou hast come to trust under his wings.",0.762,0.595
Song of Solomon 6:2,Song of Solomon,6,2,15,high,different_from_both,"My beloved went down into his garden, into bowls of spice, to shepherd in gardens and gather lilies.","My beloved is gone down into his garden, to the beds of spices, to feed in the gardens, and to gather lilies.","My kinsman is gone down to his garden, to the beds of spice, to feed his flock in the gardens, and to gather lilies.",0.832,0.689
Haggai 1:13,Haggai,1,13,15,high,different_from_both,"Haggai, messenger of the Lord, said to the people, I am with you, says the Lord.","Then spoke Haggai the LORD's messenger in the LORD's message unto the people, saying, I am with you, says the LORD.","And Aggæus the Lord's messenger spoke among the messengers of the Lord to the people, saying, I am with you, saith the Lord.",0.772,0.670
Amos 7:10,Amos,7,10,0,none,different_from_both,"And Amaziah priest of Bethel sent to Jeroboam king of Israel, saying, Amos is making conspiracies against you in midst of house of Israel; the land cannot bear all his words.","Then Amaziah the priest of Bethel sent to Jeroboam king of Israel, saying, Amos has conspired against you in the midst of the house of Israel: the land is not able to bear all his words.","Then Amasias the priest of Bæthel sent to Jeroboam king of Israel, saying, Amos is forming conspiracies against thee in the midst of the house of Israel: the land will be utterly unable to bear all his words.",0.869,0.027
Numbers 27:6,Numbers,27,6,0,none,different_from_both,"And the Lord spoke to Moses, saying,","And the LORD spoke unto Moses, saying,","The daughters of Salpaad have spoken rightly: thou shalt surely give them a possession of inheritance in the midst of their father's brethren, and thou shalt assign their father's inheritance to them.",0.971,0.131
Numbers 35:21,Numbers,35,21,0,none,different_from_both,"or in anger strikes him with the hand and he dies, the one striking shall surely be put to death. He is a murderer. The avenger of blood shall kill the murderer when he meets him.","Or in enmity strike him with his hand, that he die: he that stroke him shall surely be put to death; for he is a murderer: the revenger of blood shall slay the murderer, when he meet him.","or if he have smitten him with his hand through anger, and the man should die, let the man that smote him be put to death by all means, he is a murderer: let the murderer by all means be put to death: the avenger of blood shall slay the murderer when he meets him.",0.848,0.032
Numbers 16:14,Numbers,16,14,0,none,different_from_both,"Even if you had brought us into a land flowing with milk and honey and given us an inheritance of field and vineyards, would you gouge out the eyes of those men? We will not come up.","Moreover you have not brought us into a land that flows with milk and honey, or given us inheritance of fields and vineyards: will you put out the eyes of these men? we will not come up.","Thou art a prince, and hast thou brought us into a land flowing with milk and honey, and hast thou given us an inheritance of land and vineyards? wouldest thou have put out the eyes of those men? we will not go up.",0.870,0.067
2 Kings 6:22,2 Kings,6,22,0,none,different_from_both,"And he said, You shall not strike them down. Would you strike down those whom you have taken captive with your sword and with your bow? Set bread and water before them, and let them eat and drink and go to their lord.","And he answered, You shall not strike them: would you strike those whom you have taken captive with your sword and with your bow? set bread and water before them, that they may eat and drink, and go to their master.","And he said, Thou shalt not smite them, unless thou wouldest smite those whom thou hast taken captive with thy sword and with thy bow: set bread and water before them, and let them eat and drink, and depart to their master.",0.869,0.070
2 Kings 18:21,2 Kings,18,21,0,none,different_from_both,"Now behold, you have trusted for yourself on this broken reed staff, on Egypt, on which if a man leans it will go into his hand and pierce it. So is Pharaoh king of Egypt to all who trust in him.","Now, behold, you trust upon the staff of this bruised reed, even upon Egypt, on which if a man lean, it will go into his hand, and pierce it: so is Pharaoh king of Egypt unto all that trust on him.","See now, art thou trusting for thyself on this broken staff of reed, even upon Egypt? whosoever shall stay himself upon it, it shall even go into his hand, and pierce it: so is Pharao king of Egypt to all that trust on him.",0.850,0.064
Ezekiel 25:14,Ezekiel,25,14,0,none,different_from_both,"And I will place my vengeance upon Edom by the hand of my people Israel, and they will act in Edom according to my anger and according to my wrath, and they will know my vengeance, says the Lord.","And I will lay my vengeance upon Edom by the hand of my people Israel: and they shall do in Edom according to mine anger and according to my fury; and they shall know my vengeance, says the Lord GOD.","And I will execute my vengeance on Idumea by the hand of my people Israel: and they shall deal in Idumea according to mine anger and according to my wrath, and they shall know my vengeance, saith the Lord.",0.912,0.133
Leviticus 8:23,Leviticus,8,23,0,none,different_from_both,"And he slaughtered it, and Moses took some of its blood and put it on the lobe of Aaron's right ear and on the tip of his right hand and on the tip of his right foot.","And he slew it; and Moses took of the blood of it, and put it upon the tip of Aaron's right ear, and upon the thumb of his right hand, and upon the great toe of his right foot.","And Moses brought near the sons of Aaron; and Moses put of the blood on the tips of their right ears, and on the thumbs of their right hands, and on the great toes of their right feet, and Moses poured out the blood on the altar round about.",0.829,0.065
Deuteronomy 24:3,Deuteronomy,24,3,0,none,different_from_both,"and the later man hates her and writes for her a document of divorce and gives it into her hands and sends her out from his house, or the later man dies who took her to himself as a wife,","And if the latter husband hate her, and write her a bill of divorcement, and gives it in her hand, and sends her out of his house; or if the latter husband die, which took her to be his wife;","and the last husband should hate her, and write for her a bill of divorcement; and should give it into her hands, and send her away out of his house, and the last husband should die, who took her to himself for a wife;",0.822,0.060
1 Kings 8:35,1 Kings,8,35,0,none,different_from_both,"When heaven is shut and rain does not come because they sinned against you, and they pray toward this place and confess to your name and turn back from their sins when you humble them,","When heaven is shut up, and there is no rain, because they have sinned against you; if they pray toward this place, and confess your name, and turn from their sin, when you afflict them:","When the heaven is restrained, and there is no rain, because they shall sin against thee, and they shall pray toward this place, and shall make confession to thy name, and shall turn from their sins when thou shalt have humbled them,",0.837,0.083
2 Samuel 14:33,2 Samuel,14,33,0,none,different_from_both,"And Joab entered to the king and reported to him, and he called Absalom, and he entered to the king and bowed down to him and fell on his face to the ground before the king, and the king kissed Absalom.","So Joab came to the king, and told him: and when he had called for Absalom, he came to the king, and bowed himself on his face to the ground before the king: and the king kissed Absalom.","And Joab went in to the king, and brought him word: and he called Abessalom, and he went in to the king, and did him obeisance, and fell upon his face to the ground, even in the presence of the king; and the king kissed Abessalom.",0.820,0.067
Deuteronomy 15:6,Deuteronomy,15,6,0,none,different_from_both,"Because the Lord your God blessed you in the way he spoke to you, and you shall lend to many nations, but you shall not borrow, and you shall rule many nations, but they shall not rule you.","For the LORD your God blesses you, as he promised you: and you shall lend unto many nations, but you shall not borrow; and you shall reign over many nations, but they shall not reign over you.","(for the Lord thy God has blessed thee in the way of which he spoke to thee,) then thou shalt lend to many nations, but thou shalt not borrow; and thou shalt rule over many nations, but they shall not rule over thee.",0.849,0.102
Jeremiah 22:2,Jeremiah,22,2,0,none,different_from_both,"and say, Hear the word of the Lord, king of Judah seated on throne of David, you and your house and your people and those entering by these gates.","And say, Hear the word of the LORD, O king of Judah, that sit upon the throne of David, you, and your servants, and your people that enter in by these gates:","and thou shalt say,",0.870,0.125
2 Chronicles 6:34,2 Chronicles,6,34,0,none,different_from_both,"If your people go out to battle against their enemies on way where you send them, and they pray to you by way of this city which you chose and house which I built to your name,","If your people go out to war against their enemies by the way that you shall send them, and they pray unto you toward this city which you have chosen, and the house which I have built for your name;","And if thy people shall go forth to war against their enemies by the way by which thou shalt send them, and shall pray to thee toward this city which thou hast chosen, and toward the house which I have built to thy name;",0.840,0.097
2 Chronicles 6:14,2 Chronicles,6,14,0,none,different_from_both,"And he said, Lord God of Israel, there is no God like you in heaven and on earth, keeping covenant and mercy for your servants walking before you with whole heart,","And said, O LORD God of Israel, there is no God like you in the heaven, nor in the earth; which keep covenant, and show mercy unto your servants, that walk before you with all their hearts:","and said,",0.833,0.096
2 Samuel 15:24,2 Samuel,15,24,0,none,different_from_both,"And behold, also Zadok and all the Levites with him carrying the ark of the covenant of the Lord from Abiathar, and they set the ark of God down, and Abiathar went up until all the people ceased passing out of the city.","And lo Zadok also, and all the Levites were with him, bearing the ark of the covenant of God: and they set down the ark of God; and Abiathar went up, until all the people had done passing out of the city.","And behold also Sadoc, and all the Levites were with him, bearing the ark of the covenant of the Lord from Bæthar: and they set down the ark of God; and Abiathar went up, until all the people had passed out of the city.",0.838,0.107
2 Kings 4:8,2 Kings,4,8,0,none,different_from_both,"And it came to be one day Elisha passed through to Shunem, and there was a great woman there, and she constrained him to eat bread. And it came to be, as often as he went in, he turned aside there to eat.","And it fell upon a certain day, that Elisha passed to Shunem, where was a great woman; and she constrained him to eat bread. And so it was, that as often as he passed by, he turned in thither to eat bread.","And a day came, when Elisaie passed over to Soman, and there was a great lady there, and she constrained him to eat bread: and it came to pass as often as he went into the city, that he turned aside to eat there.",0.773,0.045
Ezekiel 46:17,Ezekiel,46,17,0,none,different_from_both,"And if he gives a gift from his inheritance to one of his servants, it will be his until the year of release, and it will return to the ruler; only inheritance of his sons will remain theirs.","But if he give a gift of his inheritance to one of his servants, then it shall be his to the year of liberty; after it shall return to the prince: but his inheritance shall be his sons' for them.","But if he give a gift to one of his servants, then it shall belong to him until the year of release; and then he shall restore it to the prince: but of the inheritance of his sons the possession shall continue to them.",0.753,0.025
1 Chronicles 15:29,1 Chronicles,15,29,0,none,different_from_both,"And it came to pass, ark of covenant of the Lord came as far as City of David, and Michal daughter of Saul looked through window and saw king David dancing and playing, and she despised him in her soul.","And it came to pass, as the ark of the covenant of the LORD came to the city of David, that Michal, the daughter of Saul looking out at a window saw king David dancing and playing: and she despised him in her heart.","And the ark of the covenant of the Lord arrived, and came to the city of David; and Melchol the daughter of Saul looked down through the window, and saw king David dancing and playing: and she despised him in her heart.",0.799,0.073
Exodus 26:12,Exodus,26,12,0,none,different_from_both,"And the extra part in the coverings of the tent, the half-covering that remains, you shall let hang over the back of the tent.","And the remnant that remains of the curtains of the tent, the half curtain that remains, shall hang over the backside of the tabernacle.","And thou shalt fix at the end that which is over in the skins of the tabernacle; the half of the skin that is left shalt thou fold over, according to the overplus of the skins of the tabernacle; thou shalt fold it over behind the tabernacle.",0.773,0.050
Genesis 48:17,Genesis,48,17,0,none,different_from_both,"And Joseph, seeing that his father laid his right hand on Ephraim's head, it seemed grievous to him, and Joseph took hold of his father's hand to remove it from Ephraim's head onto Manasseh's head.","And when Joseph saw that his father laid his right hand upon the head of Ephraim, it displeased him: and he held up his father's hand, to remove it from Ephraim's head unto Manasseh's head.","And Joseph having seen that his father put his right hand on the head of Ephraim—it seemed grievous to him; and Joseph took hold of the hand of his father, to remove it from the head of Ephraim to the head of Manasse.",0.803,0.084
Ruth 1:16,Ruth,1,16,0,none,different_from_both,"And Ruth said, Do not press me to leave you or to turn back from behind you, because wherever you go, I will go, and wherever you lodge, I will lodge. Your people shall be my people, and your God my God.","And Ruth said, Implore me not to leave you, or to return from following after you: for where you go, I will go; and where you lodge, I will lodge: your people shall be my people, and your God my God:","And Ruth said, Intreat me not to leave thee, or to return from following thee; for whithersoever thou goest, I will go, and wheresoever thou lodgest, I will lodge; thy people shall be my people, and thy God my God.",0.847,0.130
1 Chronicles 15:24,1 Chronicles,15,24,0,none,different_from_both,"And Shebaniah and Jehoshaphat and Nathanael and Amasai and Zechariah and Benaiah and Eliezer, the priests, were blowing trumpets before ark of God, and Obededom and Iia were gatekeepers of ark of God.","And Shebaniah, and Jehoshaphat, and Nethaneel, and Amasai, and Zechariah, and Benaiah, and Eliezer, the priests, did blow with the trumpets before the ark of God: and Obededom and Jehiah were doorkeepers for the ark.","And Somnia, and Josaphat, and Nathanael, and Amasai, and Zacharia, and Banæa, and Eliezer, the priests, were sounding with trumpets before the ark of God: and Abdedom and Jeia were door-keepers of the ark of God.",0.826,0.111
Leviticus 4:34,Leviticus,4,34,0,none,different_from_both,"And the priest shall take some of the blood of the sin-offering with his finger and place it on the horns of the altar of whole burnt offering, and he shall pour out all its blood at the base of the altar of whole burnt offering.","And the priest shall take of the blood of the sin offering with his finger, and put it upon the horns of the altar of burnt offering, and shall pour out all the blood thereof at the bottom of the altar:","And the priest shall take of the blood of the sin-offering with his finger, and shall put it on the horns of the altar of whole-burnt-offerings, and he shall pour out all its blood by the bottom of the altar of whole-burnt-offering.",0.845,0.132
1 Kings 13:22,1 Kings,13,22,0,none,different_from_both,"and you turned back and ate bread and drank water in the place of which he spoke to you, saying, Eat no bread and drink no water, your body shall certainly not enter into the tomb of your fathers.","But came back, and have eaten bread and drunk water in the place, of the which the Lord did say to you, Eat no bread, and drink no water; your carcass shall not come unto the tomb of your fathers.","but hast returned, and eaten bread and drunk water in the place of which he spoke to thee, saying, Thou shalt not eat bread, and shalt not drink water; therefore thy body shall in nowise enter into the sepulchre of thy fathers.",0.780,0.068
Nehemiah 9:10,Nehemiah,9,10,0,none,different_from_both,"And you gave signs in Egypt against Pharaoh and all his servants and all the people of his land, because you knew that they acted proudly against them, and you made a name for yourself as this day.","And showed signs and wonders upon Pharaoh, and on all his servants, and on all the people of his land: for you knew that they dealt proudly against them. So did you get you a name, as it is this day.","And thou shewedst signs and wonders in Egypt, on Pharao and all his servants, and on all the people of his land: for thou knowest that they behaved insolently against them: and thou madest thyself a name, as at this day.",0.775,0.064
Numbers 6:3,Numbers,6,3,0,none,different_from_both,"shall separate himself from wine and strong drink. He shall not drink vinegar from wine or vinegar from strong drink, and he shall not drink whatever is produced from grapes, and he shall not eat fresh grapes or raisins.","He shall separate himself from wine and strong drink, and shall drink no vinegar of wine, or vinegar of strong drink, neither shall he drink any liquor of grapes, nor eat moist grapes, or dried.","he shall purely abstain from wine and strong drink; and he shall drink no vinegar of wine or vinegar of strong drink; and whatever is made of the grape he shall not drink; neither shall he eat fresh grapes or raisins,",0.767,0.056
Judges 11:31,Judges,11,31,0,none,different_from_both,"then it shall be that whoever comes out from the doors of my house to meet me when I return in peace from the sons of Ammon, that one shall be the Lord's, and I will offer him up as a whole burnt offering.","Then it shall be, that whatsoever comes out of the doors of my house to meet me, when I return in peace from the children of Ammon, shall surely be the LORD's, and I will offer it up for a burnt offering.","then it shall come to pass that whosoever shall first come out of the door of my house to meet me when I return in peace from the children of Ammon, he shall be the Lord's: I will offer him up for a whole-burnt-offering.",0.882,0.173
Genesis 24:15,Genesis,24,15,0,none,different_from_both,"And it happened before he finished speaking in his mind, that at once Rebekah came out, born to Bethuel son of Milcah wife of Nahor, Abraham's brother, having her water jar on her shoulders.","And it came to pass, before he had done speaking, that, behold, Rebekah came out, who was born to Bethuel, son of Milcah, the wife of Nahor, Abraham's brother, with her pitcher upon her shoulder.","And it came to pass before he had done speaking in his mind, that behold, Rebecca the daughter of Bathuel, the son of Melcha, the wife of Nachor, and the same the brother of Abraam, came forth, having a water-pot on her shoulders.",0.772,0.064
2 Kings 5:5,2 Kings,5,5,0,none,different_from_both,"And the king of Syria said to Naaman, Come, go in, and I will send a letter to the king of Israel. And he went and took in his hand ten talents of silver and six thousand pieces of gold and ten changes of garments.","And the king of Syria said, Go to, go, and I will send a letter unto the king of Israel. And he departed, and took with him ten talents of silver, and six thousand pieces of gold, and ten changes of raiment.","And the king of Syria said to Naiman, Go to, go, and I will send a letter to the king of Israel. And he went, and took in his hand ten talents of silver, and six thousand pieces of gold, and ten changes of raiment.",0.892,0.188
Ezekiel 16:3,Ezekiel,16,3,0,none,different_from_both,"and say, Thus says the Lord to Jerusalem: Your root and your birth are from land of Canaan; your father was Amorite and your mother Hittite.","And say, Thus says the Lord GOD unto Jerusalem; Your birth and your nativity is of the land of Canaan; your father was an Amorite, and your mother an Hittite.","and thou shalt say,",0.858,0.156
Numbers 3:27,Numbers,3,27,0,none,different_from_both,To Kohath belonged the clan of the Amramites and the clan of the Issaharites and the clan of the Hebronites and the clan of the Uzzielites. These are the clans of Kohath.,"And of Kohath was the family of the Amramites, and the family of the Izeharites, and the family of the Hebronites, and the family of the Uzzielites: these are the families of the Kohathites.","To Caath belonged one division, that of Amram, and another division, that of Issaar, and another division, that of Chebron, and another division, that of Oziel: these are the divisions of Caath, according to number.",0.799,0.102
2 Kings 9:16,2 Kings,9,16,0,none,different_from_both,"And Jehu mounted and went to Jezreel, because Joram was being healed there, and Ahaziah king of Judah had gone down to see Joram.","So Jehu rode in a chariot, and went to Jezreel; for Joram lay there. And Ahaziah king of Judah was come down to see Joram.","And Ju rode and advanced, and came down to Jezrael; for Joram king of Israel was getting healed in Jezrael of the arrow-wounds wherewith the Syrians had wounded him in Rammath in the war with Azael king of Syria; for he was strong and a mighty man: and Ochozias king of Juda was come down to see Joram.",0.762,0.066
Judges 3:25,Judges,3,25,0,none,different_from_both,"And they waited until they were ashamed, and behold, there was no one opening the doors of the upper room. And they took the key and opened them, and behold, their lord had fallen dead upon the ground.","And they tarried till they were ashamed: and, behold, he opened not the doors of the parlour; therefore they took a key, and opened them: and, behold, their lord was fallen down dead on the earth.","And they waited till they were ashamed, and, behold, there was no one that opened the doors of the upper chamber; and they took the key, and opened them; and, behold, their lord was fallen down dead upon the earth.",0.801,0.110
Jeremiah 3:25,Jeremiah,3,25,0,none,different_from_both,"We lay down in our shame, and our dishonor covered us, because before our God we sinned, we and our fathers, from our youth until this day, and did not obey voice of the Lord our God.","We lie down in our shame, and our confusion covers us: for we have sinned against the LORD our God, we and our fathers, from our youth even unto this day, and have not obeyed the voice of the LORD our God.","We have lain down in our shame, and our disgrace has covered us: because we and our fathers have sinned before our God, from our youth until this day; and we have not hearkened to the voice of the Lord our God.",0.761,0.073
2 Chronicles 6:23,2 Chronicles,6,23,0,none,different_from_both,"then you shall hear from heaven and do and judge your servants, repaying lawless one, to return his ways upon his head, and justifying righteous one, to give to him according to his righteousness.","Then hear you from heaven, and do, and judge your servants, by requiting the wicked, by recompensing his way upon his own head; and by justifying the righteous, by giving him according to his righteousness.","then shalt thou hearken out of heaven, and do, and judge thy servants, to recompense the transgressor, and to return his ways upon his head: and to justify the righteous, to recompense him according to his righteousness.",0.779,0.094
1 Samuel 4:8,1 Samuel,4,8,0,none,different_from_both,Woe to us. Who will rescue us from the hand of these strong gods? These are the gods who struck Egypt with every plague and in the wilderness.,Woe unto us! who shall deliver us out of the hand of these mighty Gods? these are the Gods that stroke the Egyptians with all the plagues in the wilderness.,"Woe to us, O Lord, deliver us to-day, for such a thing has not happened aforetime: woe to us, who shall deliver us out of the hand of these mighty Gods? these are the Gods that smote Egypt with every plague, and in the wilderness.",0.767,0.083
Deuteronomy 12:28,Deuteronomy,12,28,0,none,different_from_both,"Keep and hear and do all these words that I command you, so that it may be well with you and with your sons forever, if you do what is good and pleasing before the Lord your God.","Observe and hear all these words which I command you, that it may go well with you, and with your children after you for ever, when you do that which is good and right in the sight of the LORD your God.","Beware and hearken, and thou shalt do all the commands which I charge thee, that it may be well with thee and with thy sons for ever, if thou shalt do that which is pleasing and good before the Lord thy God.",0.767,0.090
1 Kings 13:8,1 Kings,13,8,0,none,different_from_both,"And the man of God said to the king, If you give me half your house, I will not go in with you, and I will certainly not eat bread nor certainly drink water in this place.","And the man of God said unto the king, If you will give me half yours house, I will not go in with you, neither will I eat bread nor drink water in this place:","And the man of God said to the king, If thou shouldest give me the half of thine house, I would not go in with thee, neither will I eat bread, neither will I drink water in this place; for thus the Lord charged me by his word, saying,",0.882,0.208
2 Kings 20:20,2 Kings,20,20,0,none,different_from_both,"And the rest of the words of Hezekiah and all his might and what he did, the spring and the conduit, and how he brought the water into the city, are these not written in the book of the words of the days for the kings of Judah?","And the rest of the acts of Hezekiah, and all his might, and how he made a pool, and a conduit, and brought water into the city, are they not written in the book of the chronicles of the kings of Judah?","And the rest of the acts of Ezekias, and all his might, and all that he made, the fountain and the aqueduct, and how he brought water into the city, are not these things written in the book of the chronicles of the kings of Juda?",0.831,0.157
Deuteronomy 27:2,Deuteronomy,27,2,0,none,different_from_both,"And it shall be, on the day you cross the Jordan into the land that the Lord your God gives you, you shall set up for yourself great stones and whitewash them with lime,","And it shall be on the day when all of you shall pass over Jordan unto the land which the LORD your God gives you, that you shall set you up great stones, and smear them with plaster:","And it shall come to pass in the day when ye shall cross over Jordan into the land which the Lord thy God gives thee, that thou shalt set up for thyself great stones, and shalt plaster them with plaster.",0.786,0.115
Judges 1:10,Judges,1,10,0,none,different_from_both,"And Judah went against the Canaanite dwelling in Hebron, and Hebron came out opposite them; the name of Hebron before was Kirjatharba. And he struck Sheshai and Ahiman and Talmai, offspring of Anak.","And Judah went against the Canaanites that dwelt in Hebron: (now the name of Hebron before was Kirjatharba:) and they slew Sheshai, and Ahiman, and Talmai.","And Judas went to the Chananite who dwelt in Chebron; and Chebron came out against him; [and the name of Chebron before was Cariatharbocsepher:] and they smote Sessi, and Achiman, and Tholmi, children of Enac.",0.792,0.122
Deuteronomy 11:29,Deuteronomy,11,29,0,none,different_from_both,"And it shall be, when the Lord your God brings you into the land into which you are crossing there to inherit it, then you shall place the blessing on Mount Gerizim and the curse on Mount Ebal.","And it shall come to pass, when the LORD your God has brought you in unto the land where you go to possess it, that you shall put the blessing upon mount Gerizim, and the curse upon mount Ebal.","And it shall come to pass when the Lord thy God shall have brought thee into the land into which thou goest over to inherit it, then thou shalt put blessing on mount Garizin, and the curse upon mount Gæbal.",0.786,0.117
2 Samuel 23:25,2 Samuel,23,25,0,none,same_as_mt_differs_from_brenton,"Shammah the Harodite, Elika the Harodite,","Shammah the Harodite, Elika the Harodite,",Sæma the Rudæan.,1.000,0.333
Genesis 43:23,Genesis,43,23,0,none,different_from_both,"And he said to them, Mercy to you. Do not be afraid. Your God and the God of your fathers gave you treasures in your bags, and I have your approved money. And he brought Simeon out to them.","And he said, Peace be to you, fear not: your God, and the God of your father, has given you treasure in your sacks: I had your money. And he brought Simeon out unto them.","And he said to them, God deal mercifully with you; be not afraid; your God, and the God of your fathers, has given you treasures in your sacks, and I have enough of your good money. And he brought Symeon out to them.",0.817,0.164
Ezekiel 2:1,Ezekiel,2,1,0,none,different_from_both,"And he said to me, Son of man, stand upon your feet and I will speak to you.","And he said unto me, Son of man, stand upon your feet, and I will speak unto you.","This was the appearance of the likeness of the glory of the Lord. And I saw and fell upon my face, and heard the voice of one speaking: and he said to me, Son of man, stand upon thy feet, and I will speak to thee.",0.973,0.323
Deuteronomy 7:12,Deuteronomy,7,12,0,none,different_from_both,"And it shall be, when you hear all these ordinances and keep and do them, then the Lord your God will keep for you the covenant and the mercy that he swore to your fathers.","Wherefore it shall come to pass, if all of you hearken to these judgments, and keep, and do them, that the LORD your God shall keep unto you the covenant and the mercy which he swore unto your fathers:","And it shall come to pass when ye shall have heard these ordinances, and shall have kept and done them, that the Lord thy God shall keep for thee the covenant and the mercy, which he sware to your fathers.",0.778,0.130
1 Samuel 1:23,1 Samuel,1,23,0,none,different_from_both,"And Elkanah her husband said to her, Do what is good in your eyes; sit until you wean him. Only may the Lord establish what went out from your mouth. And the woman sat and nursed her son until she weaned him.","And Elkanah her husband said unto her, Do what seems you good; tarry until you have weaned him; only the LORD establish his word. So the woman abode, and gave her son suck until she weaned him.","And Helkana her husband said to her, Do that which is good in thine eyes, abide still until thou shalt have weaned him; but may the Lord establish that which comes out of thy mouth: and the woman tarried, and suckled her son until she had weaned him.",0.759,0.112
Genesis 42:28,Genesis,42,28,0,none,different_from_both,"And he said to his brothers, My money has been returned to me, and look, this is in my bag. And their heart was stunned, and they were troubled to one another, saying, What is this that God has done to us?","And he said unto his brethren, My money is restored; and, lo, it is even in my sack: and their heart failed them, and they were afraid, saying one to another, What is this that God has done unto us?","And he said to his brethren, My money has been restored to me, and behold this is in my sack. And their heart was wonder-struck, and they were troubled, saying one to another, What is this that God has done to us?",0.772,0.129
1 Chronicles 21:26,1 Chronicles,21,26,0,none,different_from_both,"And David built there altar to the Lord and offered whole burnt offerings and offerings of salvation, and cried out to the Lord, and he answered him with fire from heaven upon altar of whole burnt offering and consumed whole burnt offering.","And David built there an altar unto the LORD, and offered burnt offerings and peace offerings, and called upon the LORD; and he answered him from heaven by fire upon the altar of burnt offering.","And David built there an altar to the Lord, and offered up whole-burnt-offerings and peace-offerings: and he cried to the Lord, and he answered him by fire out of heaven on the altar of whole-burnt-offerings, and it consumed the whole-burnt-offering.",0.754,0.112
2 Samuel 3:27,2 Samuel,3,27,0,none,different_from_both,"And Abner returned to Hebron, and Joab turned him aside by the side of the gate to speak with him in ambush, and struck him there in the belly, and he died for the blood of Asahel brother of Joab.","And when Abner was returned to Hebron, Joab took him aside in the gate to speak with him quietly, and stroke him there under the fifth rib, that he died, for the blood of Asahel his brother.","And he brought back Abenner to Chebron, and Joab caused him to turn aside from the gate to speak to him, laying wait for him: and he smote him there in the loins, and he died for the blood of Asael the brother of Joab.",0.769,0.128
Judges 18:30,Judges,18,30,0,none,different_from_both,"And the sons of Dan set up for themselves the carved image of Micah, and Jonathan son of Gershom, son of Moses, he and his sons were priests to the tribe of Dan until the day of the captivity of the land.","And the children of Dan set up the graven image: and Jonathan, the son of Gershom, the son of Manasseh, he and his sons were priests to the tribe of Dan until the day of the captivity of the land.","And the children of Dan set up the graven image for themselves; and Jonathan son of Gerson son of Manasse, he and his sons were priests to the tribe of Dan till the time of the carrying away of the nation.",0.859,0.219
Song of Solomon 5:2,Song of Solomon,5,2,0,none,different_from_both,"I sleep, and my heart wakes. Voice of my beloved knocks at door: ""Open to me, my sister, my dear one, my dove, my perfect one, because my head filled with dew and my locks with drops of night.""","I sleep, but my heart wakes: it is the voice of my beloved that knocks, saying, Open to me, my sister, my love, my dove, my undefiled: for my head is filled with dew, and my locks with the drops of the night.","I sleep, but my heart is awake: the voice of my kinsman knocks at the door, saying, Open, open to me, my companion, my sister, my dove, my perfect one: for my head is filled with dew, and my locks with the drops of the night.",0.792,0.152
Judges 6:8,Judges,6,8,0,none,different_from_both,"that the Lord sent a man, a prophet, to the sons of Israel and said to them, Thus says the Lord God of Israel: I am the one who brought you up out of Egypt and brought you out of the house of slavery.","That the LORD sent a prophet unto the children of Israel, which said unto them, Thus says the LORD God of Israel, I brought you up from Egypt, and brought you forth out of the house of bondage;","And the Lord sent a prophet to the children of Israel; and he said to them, Thus says the Lord God of Israel, I am he that brought you up out of the land of Egypt, and I brought you up out of the house of your bondage.",0.825,0.191
Numbers 1:2,Numbers,1,2,0,none,different_from_both,"Take the headcount of the whole congregation of the sons of Israel by their families, by the houses of their fathers, by the number of their names, by their heads, every male,","Take all of you the sum of all the congregation of the children of Israel, after their families, by the house of their fathers, with the number of their names, every male by their polls;","Take the sum of all the congregation of Israel according to their kindreds, according to the houses of their fathers' families, according to their number by their names, according to their heads: every male",0.752,0.119
Genesis 47:14,Genesis,47,14,0,none,different_from_both,"And Joseph gathered all the money found in the land of Egypt and in the land of Canaan for the grain that they were buying, and he measured out grain to them. And Joseph brought all the money into Pharaoh's house.","And Joseph gathered up all the money that was found in the land of Egypt, and in the land of Canaan, for the corn which they bought: and Joseph brought the money into Pharaoh's house.","And Joseph gathered all the money that was found in the land of Egypt, and the land of Chanaan, in return for the corn which they bought, and he distributed corn to them; and Joseph brought all the money into the house of Pharao.",0.817,0.185
Ezekiel 15:6,Ezekiel,15,6,0,none,different_from_both,"Therefore thus says the Lord: As vine-wood among trees of forest, which I gave to fire for consuming, so I have given inhabitants of Jerusalem.","Therefore thus says the Lord GOD; As the vine tree among the trees of the forest, which I have given to the fire for fuel, so will I give the inhabitants of Jerusalem.","Therefore say,",0.801,0.171
Numbers 5:14,Numbers,5,14,0,none,different_from_both,"and a spirit of jealousy comes upon him and he is jealous of his wife and she has been defiled, or a spirit of jealousy comes upon him and he is jealous of his wife and she has not been defiled,","And the spirit of jealousy come upon him, and he be jealous of his wife, and she be defiled: or if the spirit of jealousy come upon him, and he be jealous of his wife, and she be not defiled:","and there should come upon him a spirit of jealousy, and he should be jealous of his wife, and she be defiled; or there should come upon him a spirit of jealousy, and he should be jealous of his wife, and she should not be defiled;",0.902,0.278
Ezekiel 47:4,Ezekiel,47,4,0,none,different_from_both,"And he measured a thousand and led me through the water, water up to the thighs; and he measured a thousand and led me through water up to the waist.","Again he measured a thousand, and brought me through the waters; the waters were to the knees. Again he measured a thousand, and brought me through; the waters were to the loins.","and he passed through the water; it was water of a fountain: and again he measured a thousand, and passed through the water; and the water was up to the thighs: and again he measured a thousand; and he passed through water up to the loins.",0.792,0.169
Judges 20:15,Judges,20,15,0,none,different_from_both,"And the sons of Benjamin were counted on that day from the cities, twenty-five thousand men drawing sword, besides the inhabitants of Gibeah; these were counted, seven hundred chosen young men.","And the children of Benjamin were numbered at that time out of the cities twenty and six thousand men that drew sword, beside the inhabitants of Gibeah, which were numbered seven hundred chosen men.","And the children of Benjamin from their cities were numbered in that day, twenty-three thousand, every man drawing a sword, besides the inhabitants of Gabaa, who were numbered seven hundred chosen men of all the people, able to use both hands alike;",0.789,0.167
Leviticus 13:4,Leviticus,13,4,0,none,different_from_both,"But if the bright spot is white on the skin of his flesh, and its appearance is not deeper than the skin, and its hair has not turned white, and it is dim, then the priest shall isolate the mark seven days.","If the bright spot be white in the skin of his flesh, and in sight be not deeper than the skin, and the hair thereof be not turned white; then the priest shall shut up him that has the plague seven days:","But if the spot be clear and white in the skin of his flesh, yet the appearance of it be not deep below the skin, and its hair have not changed itself for white hair, but it is dark, then the priest shall separate him that has the spot seven days;",0.780,0.163
2 Chronicles 6:26,2 Chronicles,6,26,0,none,different_from_both,"When heaven is shut and rain does not come because they sin against you, and they pray toward this place and praise your name and turn from their sins because you humbled them,","When the heaven is shut up, and there is no rain, because they have sinned against you; yet if they pray toward this place, and confess your name, and turn from their sin, when you do afflict them;","When heaven is restrained, and there is no rain, because they shall have sinned against thee, and when they shall pray towards this place, and praise thy name, and shall turn from their sins, because thou shalt afflict them;",0.764,0.148
Numbers 5:17,Numbers,5,17,0,none,different_from_both,"And the priest shall take pure living water in an earthen vessel, and from the dust that is on the floor of the tent of testimony, taking it, the priest shall put it into the water.","And the priest shall take holy water in an earthen vessel; and of the dust that is in the floor of the tabernacle the priest shall take, and put it into the water:","And the priest shall take pure running water in an earthen vessel, and he shall take of the dust that is on the floor of the tabernacle of witness, and the priest having taken it shall cast it into the water.",0.831,0.215
Joshua 11:3,Joshua,11,3,0,none,different_from_both,and to the coastal Canaanites from the east and to the coastal Amorites and Hivites and Jebusites and Perizzites in the mountain and the Hittites under Hermon in the land of Mizpeh.,"And to the Canaanite on the east and on the west, and to the Amorite, and the Hittite, and the Perizzite, and the Jebusite in the mountains, and to the Hivite under Hermon in the land of Mizpeh.","and to the Chananites on the coast eastward, and to the Amorites on the coast, and the Chettites, and the Pherezites, and the Jebusites in the mountain, and the Evites, and those dwelling under mount Aermon in the land Massyma.",0.772,0.160
Numbers 27:5,Numbers,27,5,0,none,different_from_both,And Moses brought their judgment before the Lord.,And Moses brought their cause before the LORD.,"And the Lord spoke to Moses, saying,",0.903,0.293
Ezekiel 1:1,Ezekiel,1,1,0,none,different_from_both,"And it happened in thirtieth year, in the fourth month, on fifth of the month, and I was in midst of captivity by river Chebar, and heavens were opened and I saw visions of God.","Now it came to pass in the thirtieth year, in the fourth month, in the fifth day of the month, as I was among the captives by the river of Chebar, that the heavens were opened, and I saw visions of God.","Now it came to pass in the thirtieth year, in the fourth month, on the fifth day of the month, that I was in the midst of the captivity by the river of Chobar; and the heavens were opened, and I saw visions of God.",0.804,0.195
Ezekiel 5:17,Ezekiel,5,17,0,none,different_from_both,"and I will send upon you famine and evil beasts and punish you, and death and blood will pass through upon you, and sword I will bring upon you around. I, the Lord, spoke.","So will I send upon you famine and evil beasts, and they shall bereave you: and pestilence and blood shall pass through you; and I will bring the sword upon you. I the LORD have spoken it.","So I will send forth against thee famine and evil beasts, and I will take vengeance upon thee; and pestilence and blood shall pass through upon thee; and I will bring a sword upon thee round about. I the Lord have spoken.",0.764,0.157
Genesis 32:6,Genesis,32,6,0,none,different_from_both,"And the messengers returned to Jacob, saying, We came to your brother Esau, and look, he is coming to meet you, and four hundred men are with him.","And the messengers returned to Jacob, saying, We came to your brother Esau, and also he comes to meet you, and four hundred men with him.","And there were born to me oxen, and asses, and sheep, and men-servants and women-servants; and I sent to tell my lord Esau, that thy servant might find grace in thy sight.",0.941,0.334
Deuteronomy 2:36,Deuteronomy,2,36,0,none,different_from_both,"From Aroer, which is by the lip of the torrent Arnon, and the city that is in the ravine, even to the mountain of Gilead, there was no city that escaped us. The Lord our God handed all of them into our hands.","From Aroer, which is by the brink of the river of Arnon, and from the city that is by the river, even unto Gilead, there was not one city too strong for us: the LORD our God delivered all unto us:","From Aroer, which is by the brink of the brook of Arnon, and the city which is in the valley, and as far as the mount of Galaad; there was not a city which escaped us: the Lord our God delivered all of them into our hands.",0.750,0.144
Deuteronomy 26:10,Deuteronomy,26,10,0,none,different_from_both,"And now, behold, I have brought the firstfruits of the produce of the land that you gave me, Lord, a land flowing with milk and honey. And you shall leave them there before the Lord your God and worship there before the Lord your God.","And now, behold, I have brought the first-fruits of the land, which you, O LORD, have given me. And you shall set it before the LORD your God, and worship before the LORD your God:","And now, behold, I have brought the first of the fruits of the land, which thou gavest me, O Lord, a land flowing with milk and honey: and thou shalt leave it before the Lord thy God, and thou shalt worship before the Lord thy God;",0.780,0.182
Numbers 27:7,Numbers,27,7,0,none,different_from_both,"The daughters of Zelophehad have spoken rightly. Giving you shall give them a possession of inheritance among the brothers of their father, and you shall put the inheritance of their father upon them.",The daughters of Zelophehad speak right: you shall surely give them a possession of an inheritance among their father's brethren; and you shall cause the inheritance of their father to pass unto them.,"And thou shalt speak to the children of Israel, saying,",0.814,0.216
2 Samuel 21:8,2 Samuel,21,8,0,none,different_from_both,"And the king took the two sons of Rizpah daughter of Aiah, whom she bore to Saul, Hermoni and Mephibosheth, and the five sons of Michal daughter of Saul, whom she bore to Adriel son of Barzillai the Moulathite.","But the king took the two sons of Rizpah the daughter of Aiah, whom she bare unto Saul, Armoni and Mephibosheth; and the five sons of Michal the daughter of Saul, whom she brought up for Adriel the son of Barzillai the Meholathite:","And the king took the two sons of Respha the daughter of Aia, whom she bore to Saul, Hermonoi and Memphibosthe, and the five sons of Michol daughter of Saul, whom she bore to Esdriel son of Berzelli the Moülathite.",0.770,0.174
Leviticus 8:25,Leviticus,8,25,0,none,different_from_both,And he took the fat and the loin and the fat on the belly and the lobe of the liver and the two kidneys and the fat on them and the right arm.,"And he took the fat, and the rump, and all the fat that was upon the inwards, and the lobe above the liver, and the two kidneys, and their fat, and the right shoulder:","And from the basket of consecration, which was before the Lord, he also took one unleavened loaf, and one loaf made with oil, and one cake; and put them upon the fat, and the right shoulder:",0.804,0.216
Exodus 26:5,Exodus,26,5,0,none,different_from_both,"Fifty loops you shall make on the one curtain, and fifty loops on the part of the curtain at the coupling of the second, matching one another.","Fifty loops shall you make in the one curtain, and fifty loops shall you make in the edge of the curtain that is in the coupling of the second; that the loops may take hold one of another.","Fifty loops shalt thou make for one curtain, and fifty loops shalt thou make on the part of the curtain answering to the coupling of the second, opposite each other, corresponding to each other at each point.",0.778,0.192
Exodus 34:1,Exodus,34,1,0,none,different_from_both,"And the Lord said to Moses, ""Hew for yourself two stone tablets like the first, and come up to me on the mountain, and I will write on the tablets the words that were on the first tablets which you shattered.","And the LORD said unto Moses, Hew you two tables of stone like unto the first: and I will write upon these tables the words that were in the first tables, which you brake.","And the Lord said to Moses, Hew for thyself two tables of stone, as also the first were, and come up to me to the mountain; and I will write upon the tables the words, which were on the first tables, which thou brokest.",0.768,0.183
Judges 8:21,Judges,8,21,0,none,different_from_both,"And Zebah and Zalmunna said, Rise yourself and fall upon us, because as the man is, so is his strength. And Gideon rose and killed Zebah and Zalmunna and took the crescents that were on the necks of their camels.","Then Zebah and Zalmunna said, Rise you, and fall upon us: for as the man is, so is his strength. And Gideon arose, and slew Zebah and Zalmunna, and took away the ornaments that were on their camels' necks.","And Zebee and Salmana said, Rise thou and fall upon us, for thy power is as that of a man; and Gedeon arose, and slew Zebee and Salmana; and he took the round ornaments that were on the necks of their camels.",0.854,0.269
Ruth 3:4,Ruth,3,4,0,none,different_from_both,"And it shall be when he lies down, you will know the place where he lies there, and you will come and uncover the things at his feet and lie down, and he will tell you what you shall do.","And it shall be, when he lies down, that you shall mark the place where he shall lie, and you shall go in, and uncover his feet, and lay you down; and he will tell you what you shall do.","And it shall come to pass when he lies down, that thou shalt mark the place where he lies down, and shalt come and lift up the covering of his feet, and shalt lie down; and he shall tell thee what thou shalt do.",0.825,0.242
Genesis 32:29,Genesis,32,29,0,none,different_from_both,"And Jacob asked and said, Tell me your name. And he said, Why is this that you ask my name? And he blessed him there.","And Jacob asked him, and said, Tell me, I pray you, your name. And he said, Wherefore is it that you do ask after my name? And he blessed him there.","And he said to him, Thy name shall no longer be called Jacob, but Israel shall be thy name; for thou hast prevailed with God, and shalt be mighty with men.",0.857,0.275
Deuteronomy 2:7,Deuteronomy,2,7,0,none,different_from_both,"For the Lord our God blessed you in every work of your hands. Know how you passed through that great and fearful wilderness. Behold, forty years the Lord your God is with you. You lacked no thing.",For the LORD your God has blessed you in all the works of your hand: he knows your walking through this great wilderness: these forty years the LORD your God has been with you; you have lacked nothing.,"For the Lord our God has blessed thee in every work of thy hands. Consider how thou wentest through that great and terrible wilderness: behold, the Lord thy God has been with thee forty years; thou didst not lack any thing.",0.804,0.225
Genesis 32:14,Genesis,32,14,0,none,different_from_both,"two hundred she-goats, twenty he-goats, two hundred sheep, twenty rams,","Two hundred she goats, and twenty he goats, two hundred ewes, and twenty rams,","And he slept there that night, and took of the gifts which he carried with him, and sent out to Esau his brother,",0.894,0.316
Genesis 32:12,Genesis,32,12,0,none,different_from_both,"And you said, I will do you good and make your seed like the sand of the sea, which will not be numbered because of the multitude.","And you said, I will surely do you good, and make your seed as the sand of the sea, which cannot be numbered for multitude.","Deliver me from the hand of my brother, from the hand of Esau, for I am afraid of him, lest haply he should come and smite me, and the mother upon the children.",0.854,0.277
Genesis 32:3,Genesis,32,3,0,none,different_from_both,"And Jacob sent messengers before him to Esau his brother in the land of Seir, in the country of Edom.","And Jacob sent messengers before him to Esau his brother unto the land of Seir, the country of Edom.","And Jacob said, when he saw them, This is the Camp of God; and he called the name of that place, Encampments.",0.964,0.394
Genesis 32:22,Genesis,32,22,0,none,different_from_both,"And rising in that night, he took his two wives and his two servant-girls and his eleven children and crossed the ford of Jabbok.","And he rose up that night, and took his two wives, and his two female servants, and his eleven sons, and passed over the ford Jabbok.","So the presents went on before him, but he himself lodged that night in the camp.",0.792,0.223
1 Samuel 7:6,1 Samuel,7,6,0,none,different_from_both,"And they gathered to Mizpah and drew water and poured it out before the Lord upon the ground and fasted on that day and said, We sinned before the Lord. And Samuel was judging the sons of Israel in Mizpah.","And they gathered together to Mizpeh, and drew water, and poured it out before the LORD, and fasted on that day, and said there, We have sinned against the LORD. And Samuel judged the children of Israel in Mizpeh.","And they were gathered together to Massephath, and they drew water, and poured it out upon the earth before the Lord. And they fasted on that day, and said, We have sinned before the Lord. And Samuel judged the children of Israel in Massephath.",0.755,0.187
Numbers 21:19,Numbers,21,19,0,none,same_as_mt_differs_from_brenton,"and from Mattanah to Nahaliel, and from Nahaliel to Bamoth,",And from Mattanah to Nahaliel: and from Nahaliel to Bamoth:,"and from Manthanain to Naaliel, and from Naaliel to Bamoth, and from Bamoth to Janen, which is in the plain of Moab as seen from the top of the quarried rock that looks toward the wilderness.",1.000,0.434
Numbers 22:18,Numbers,22,18,0,none,different_from_both,"And Balaam answered and said to the princes of Balak, If Balak gave me his house full of silver and gold, I would not be able to go beyond the word of the Lord my God, to do it small or great in my mind.","And Balaam answered and said unto the servants of Balak, If Balak would give me his house full of silver and gold, I cannot go beyond the word of the LORD my God, to do less or more.","And Balaam answered and said to the princes of Balac, If Balac would give me his house full of silver and gold, I shall not be able to go beyond the word of the Lord God, to make it little or great in my mind.",0.828,0.262
Exodus 17:9,Exodus,17,9,0,none,different_from_both,"And Moses said to Joshua, ""Choose for yourself strong men and go out and draw up in battle array against Amalek tomorrow. And look, I will stand on the top of the hill, and the rod of God will be in my hand.""","And Moses said unto Joshua, Choose us out men, and go out, fight with Amalek: tomorrow I will stand on the top of the hill with the rod of God in mine hand.","And Moses said to Joshua, Choose out for thyself mighty men, and go forth and set the army in array against Amalec to-morrow; and, behold, I shall stand on the top of the hill, and the rod of God will be in my hand.",0.761,0.196
Leviticus 15:26,Leviticus,15,26,0,none,different_from_both,"And every bed on which she lies during all the days of her flow shall be to her like the bed of her separation, and every vessel on which she sits shall be unclean like the uncleanness of her separation.","Every bed whereon she lies all the days of her issue shall be unto her as the bed of her separation: and whatsoever she sits upon shall be unclean, as the uncleanness of her separation.","And every bed on which she shall lie all the days of her flux shall be to her as the bed of her separation, and every seat whereon she shall sit shall be unclean according to the uncleanness of her separation.",0.809,0.245
2 Samuel 13:15,2 Samuel,13,15,0,none,different_from_both,"And Amnon hated her with a very great hatred, because the hatred with which he hated her was greater than the love with which he loved her. And Amnon said to her, Rise and go.","Then Amnon hated her exceedingly; so that the hatred wherewith he hated her was greater than the love wherewith he had loved her. And Amnon said unto her, Arise, be gone.","Then Amnon hated her with very great hatred; for the hatred with which he hated her was greater than the love with which he had loved her, for the last wickedness was greater than the first: and Amnon said to her, Rise, and begone.",0.774,0.212
2 Chronicles 18:3,2 Chronicles,18,3,0,none,different_from_both,"And Ahab king of Israel said to Jehoshaphat king of Judah, Will you go with me to Ramoth of Gilead? And he said to him, As I am, so are you; as your people, so my people, with you in battle.","And Ahab king of Israel said unto Jehoshaphat king of Judah, Will you go with me to Ramothgilead? And he answered him, I am as you are, and my people as your people; and we will be with you in the war.","And Achaab king of Israel said to Josaphat king of Juda, Wilt thou go with me to Ramoth of the country of Galaad? And he said to him, As I am, so also art thou, as thy people, so also is my people with thee for the war.",0.828,0.269
Jeremiah 6:10,Jeremiah,6,10,0,none,different_from_both,"To whom shall I speak and testify, and he will hear? Behold, their ears uncircumcised and they cannot hear. Behold, the word of the Lord became reproach to them. They will not want to hear it.","To whom shall I speak, and give warning, that they may hear? behold, their ear is uncircumcised, and they cannot hearken: behold, the word of the LORD is unto them a reproach; they have no delight in it.","To whom shall I speak, and testify, that he may hearken? behold, thine ears are uncircumcised, and they shall not be able to hear: behold, the word of the Lord is become to them a reproach, they will not at all desire it.",0.760,0.202
Ezekiel 7:2,Ezekiel,7,2,0,none,different_from_both,"And you, son of man, say, Thus says the Lord to land of Israel: End has come; end has come upon four wings of land.","Also, you son of man, thus says the Lord GOD unto the land of Israel; An end, the end has come upon the four corners of the land.",Thus saith the Lord;,0.807,0.250
2 Kings 17:6,2 Kings,17,6,0,none,different_from_both,"In the ninth year of Hoshea, the king of the Assyrians captured Samaria and deported Israel to the Assyrians and settled them in Halah and in Habor, rivers of Gozan, and mountains of the Medes.","In the ninth year of Hoshea the king of Assyria took Samaria, and carried Israel away into Assyria, and placed them in Halah and in Habor by the river of Gozan, and in the cities of the Medes.","In the ninth year of Osee the king of the Assyrians took Samaria, and carried Israel away to the Assyrians, and settled them in Alae, and in Abor, near the rivers of Gozan, and in the mountains of the Medes.",0.817,0.262
1 Samuel 17:49,1 Samuel,17,49,0,none,different_from_both,"And David stretched out his hand into the pouch and took from there one stone and slung it and struck the foreigner on his forehead, and the stone went through the helmet into his forehead, and he fell on his face to the ground.","And David put his hand in his bag, and took thence a stone, and slang it, and stroke the Philistine in his forehead, that the stone sunk into his forehead; and he fell upon his face to the earth.","And David stretched out his hand to his scrip, and took thence a stone, and slang it, and smote the Philistine on his forehead, and the stone penetrated through the helmet into his forehead, and he fell upon his face to the ground.",0.758,0.204
1 Kings 8:32,1 Kings,8,32,0,none,different_from_both,"then you will hear from heaven and act and judge your people Israel, to condemn the lawless by giving his way upon his own head, and to justify the righteous by giving to him according to his righteousness.","Then hear you in heaven, and do, and judge your servants, condemning the wicked, to bring his way upon his head; and justifying the righteous, to give him according to his righteousness.","then shalt thou hear from heaven, and do, and thou shalt judge thy people Israel, that the wicked should be condemned, to recompense his way upon his head; and to justify the righteous, to give to him according to his righteousness.",0.780,0.229
Deuteronomy 6:10,Deuteronomy,6,10,0,none,different_from_both,"And it shall be, when the Lord your God brings you into the land that he swore to your fathers, to Abraham and Isaac and Jacob, to give you, cities great and good that you did not build,","And it shall be, when the LORD your God shall have brought you into the land which he swore unto your fathers, to Abraham, to Isaac, and to Jacob, to give you great and goodly cities, which you builded not,","And it shall come to pass when the Lord thy God shall have brought thee into the land which he sware to thy fathers, to Abraam, and to Isaac, and to Jacob, to give thee great and beautiful cities which thou didst not build,",0.816,0.266
Micah 7:9,Micah,7,9,0,none,different_from_both,"I will bear the wrath of the Lord because I sinned against him, until he justifies my case and does my judgment, and he will bring me out to light; I will see his righteousness.","I will bear the indignation of the LORD, because I have sinned against him, until he plead my cause, and execute judgment for me: he will bring me forth to the light, and I shall behold his righteousness.","I will bear the indignation of the Lord, because I have sinned against him, until he make good my cause: he also shall maintain my right, and shall bring me out to the light, and I shall behold his righteousness.",0.798,0.259
1 Chronicles 29:20,1 Chronicles,29,20,0,none,different_from_both,"And David said to all assembly, Bless the Lord your God. And all assembly blessed the Lord God of their fathers, and bowing knees they worshiped the Lord and the king.","And David said to all the congregation, Now bless the LORD your God. And all the congregation blessed the LORD God of their fathers, and bowed down their heads, and worshipped the LORD, and the king.","And David said to the whole congregation, Bless ye the Lord our God. And all the congregation blessed the Lord God of their fathers, and they bowed the knee and worshipped the Lord, and did obeisance to the king.",0.787,0.249
Genesis 17:19,Genesis,17,19,0,none,different_from_both,"And God said to Abraham, Yes. Look, Sarah your wife shall bear you a son, and you shall call his name Isaac. And I will establish my covenant with him as an everlasting covenant, to be God to him and to his seed after him.","And God said, Sarah your wife shall bear you a son indeed; and you shall call his name Isaac: and I will establish my covenant with him for an everlasting covenant, and with his seed after him.","And God said to Abraam, Yea, behold, Sarrha thy wife shall bear thee a son, and thou shalt call his name Isaac; and I will establish my covenant with him, for an everlasting covenant, to be a God to him and to his seed after him.",0.868,0.330
1 Samuel 20:22,1 Samuel,20,22,0,none,different_from_both,"But if I say thus to the young man, Here is the arrow from you and beyond, go, because the Lord has sent you away.","But if I say thus unto the young man, Behold, the arrows are beyond you; go your way: for the LORD has sent you away.","If I should expressly say to the lad, The arrow is here, and on this side of thee, take it; then come, for it is well with thee, and there is no reason for fear, as the Lord lives: but if I should say thus to the young man, The arrow is on that side of thee, and beyond; go, for the Lord hath sent thee away.",0.784,0.247
2 Samuel 22:2,2 Samuel,22,2,0,none,different_from_both,"And he said, O Lord, my rock and my fortress and my rescuer for me,","And he said, The LORD is my rock, and my fortress, and my deliverer;",And the song was thus:,0.812,0.282
Numbers 27:4,Numbers,27,4,0,none,different_from_both,Let not the name of our father be wiped out from the midst of his clan because he has no son. Give us a possession among the brothers of our father.,"Why should the name of our father be done away from among his family, because he has no son? Give unto us therefore a possession among the brethren of our father.",And Moses brought their case before the Lord.,0.761,0.232
Ezekiel 13:8,Ezekiel,13,8,0,none,different_from_both,"Therefore thus says the Lord: Because your words are false and your divinations vain, therefore behold, I am against you, says the Lord.","Therefore thus says the Lord GOD; Because all of you have spoken vanity, and seen lies, therefore, behold, I am against you, says the Lord GOD.","And therefore say,",0.757,0.230
Leviticus 8:20,Leviticus,8,20,0,none,different_from_both,"And he cut the ram into limbs, and Moses offered the head and the limbs and the fat.","And he cut the ram into pieces; and Moses burnt the head, and the pieces, and the fat.","And Moses offered up the whole ram on the altar: it is a whole-burnt-offering for a sweet-smelling savour; it is a burnt-offering to the Lord, as the Lord commanded Moses.",0.854,0.329
1 Chronicles 25:4,1 Chronicles,25,4,0,none,different_from_both,"For Heman: sons of Heman, Bukkiah and Mattaniah and Azarel and Shebuel and Jerimoth and Ananias and Anani and Eliathah and Giddalti and Romamtiezer and Joshbekashah and Mallothi and Hothir and Mahazioth.","Of Heman: the sons of Heman: Bukkiah, Mattaniah, Uzziel, Shebuel, and Jerimoth, Hananiah, Hanani, Eliathah, Giddalti, and Romamtiezer, Joshbekashah, Mallothi, Hothir, and Mahazioth:","To Æman were reckoned the sons of Æman, Bukias, and Matthanias, and Oziel, and Subael, and Jerimoth, and Ananias, and Anan, and Heliatha, and Godollathi, and Rometthiezer, and Jesbasaca, and Mallithi, and Otheri, and Meazoth.",0.844,0.324
Genesis 32:11,Genesis,32,11,0,none,different_from_both,"Deliver me from the hand of my brother, from the hand of Esau, because I am afraid of him, lest he come and strike me, mother upon children.","Deliver me, I pray you, from the hand of my brother, from the hand of Esau: for I fear him, lest he will come and strike me, and the mother with the children.","Let there be to me a sufficiency of all the justice and all the truth which thou hast wrought with thy servant; for with this my staff I passed over this Jordan, and now I am become two camps.",0.797,0.278
Isaiah 6:10,Isaiah,6,10,0,none,different_from_both,"For heart of this people grew fat, and with their ears they heard heavily, and their eyes they closed, lest they see with eyes and hear with ears and understand with heart and turn, and I heal them.","Make the heart of this people fat, and make their ears heavy, and shut their eyes; lest they see with their eyes, and hear with their ears, and understand with their heart, and convert, and be healed.","For the heart of this people has become gross, and their ears are dull of hearing, and their eyes have they closed; lest they should see with their eyes, and hear with their ears, and understand with their heart, and be converted, and I should heal them.",0.769,0.255
Genesis 32:17,Genesis,32,17,0,none,different_from_both,"And he charged the first, saying, If Esau my brother meets you and asks you, saying, Whose are you and where are you going and whose are these going before you,","And he commanded the foremost, saying, When Esau my brother meet you, and asks you, saying, Whose are you? and where go you? and whose are these before you?","And he gave them to his servants each drove apart; and he said to his servants, Go on before me, and put a space between drove and drove.",0.878,0.368
Ezekiel 40:3,Ezekiel,40,3,0,none,different_from_both,"And he brought me there, and behold, a man, and his appearance was like appearance of gleaming bronze, and in his hand was builder’s cord and measuring reed, and he stood at gate.","And he brought me thither, and, behold, there was a man, whose appearance was like the appearance of brass, with a line of flax in his hand, and a measuring reed; and he stood in the gate.","And he brought me in thither, and, behold, there was a man, and the appearance of him was as the appearance of shining brass, and in his hand was a builder's line, and a measuring reed; and he stood at the gate.",0.765,0.261
Genesis 32:27,Genesis,32,27,0,none,different_from_both,"And he said to him, What is your name? And he said, Jacob.","And he said unto him, What is your name? And he said, Jacob.","And he said to him, Let me go, for the day has dawned; but he said, I will not let thee go, except thou bless me.",0.982,0.484
Exodus 34:18,Exodus,34,18,0,none,different_from_both,"And you shall keep the feast of unleavened bread. Seven days you shall eat unleavened bread, as I commanded you, at the appointed time in the month of new grain, for in the month of new grain you came out from Egypt.","The feast of unleavened bread shall you keep. Seven days you shall eat unleavened bread, as I commanded you, in the time of the month Abib: for in the month Abib you came out from Egypt.","And thou shalt keep the feast of unleavened bread: seven days shalt thou eat unleavened bread, as I have charged thee, at the season in the month of new corn; for in the month of new corn thou camest out from Egypt.",0.806,0.309
2 Samuel 21:1,2 Samuel,21,1,0,none,different_from_both,"And there was famine in the days of David three years, year following year. And David sought the face of the Lord, and the Lord said, There is guilt on Saul and on his house for blood, because he put the Gibeonites to death.","Then there was a famine in the days of David three years, year after year; and David enquired of the LORD. And the LORD answered, It is for Saul, and for his bloody house, because he slew the Gibeonites.","And there was a famine in the days of David three years, year after year; and David sought the face of the Lord. And the Lord said, There is guilt upon Saul and his house because of his bloody murder, whereby he slew the Gabaonites.",0.768,0.275
Isaiah 41:17,Isaiah,41,17,0,none,different_from_both,"For poor and needy will seek water and there will not be; their tongue dried up from thirst. I, the Lord God, will hear; God of Israel, I will not abandon them.","When the poor and needy seek water, and there is none, and their tongue fails for thirst, I the LORD will hear them, I the God of Israel will not forsake them.","And the poor and the needy shall exult; for when they shall seek water, and there shall be none, and their tongue is parched with thirst, I the Lord God, I the God of Israel will hear, and will not forsake them:",0.769,0.280
Leviticus 8:26,Leviticus,8,26,0,none,different_from_both,"And from the basket of completion that was before the Lord he took one unleavened loaf and one loaf of oil and one wafer, and placed them on the fat and the right arm.","And out of the basket of unleavened bread, that was before the LORD, he took one unleavened cake, and a cake of oiled bread, and one wafer, and put them on the fat, and upon the right shoulder:","and put them all on the hands of Aaron, and upon the hands of his sons, and offered them up for a wave-offering before the Lord.",0.786,0.303
2 Chronicles 20:10,2 Chronicles,20,10,0,none,different_from_both,"And now, behold, sons of Ammon and Moab and mount Seir, through whom you did not allow Israel to pass when they came out from land of Egypt, because they turned away from them and did not destroy them,","And now, behold, the children of Ammon and Moab and mount Seir, whom you would not let Israel invade, when they came out of the land of Egypt, but they turned from them, and destroyed them not;","And now, behold, the children of Ammon, and Moab, and mount Seir, with regard to whom thou didst not permit Israel to pass through their border, when they had come out of the land of Egypt, (for they turned away from them, and did not destroy them;)—",0.796,0.318
Deuteronomy 18:3,Deuteronomy,18,3,0,none,different_from_both,"And this is the due of the priests from the people, from those sacrificing the sacrifices, whether calf or sheep: he shall give to the priest the arm and the jaws and the stomach.","And this shall be the priest's due from the people, from them that offer a sacrifice, whether it be ox or sheep; and they shall give unto the priest the shoulder, and the two cheeks, and the maw.","And this is the due of the priests in the things coming from the people from those who offer sacrifices, whether it be a calf or a sheep; and thou shalt give the shoulder to the priest, and the cheeks, and the great intestine:",0.755,0.278
2 Kings 19:28,2 Kings,19,28,0,none,different_from_both,"Because you raged against me and your insolence went up in my ears, I will put my hooks in your nostrils and my bridle in your lips, and I will turn you back on the way by which you came.","Because your rage against me and your tumult has come up into mine ears, therefore I will put my hook in your nose, and my bridle in your lips, and I will turn you back by the way by which you came.","Because thou wast angry against me, and thy fierceness is come up into my ears, therefore will I put my hooks in thy nostrils, and my bridle in thy lips, and I will turn thee back by the way by which thou camest.",0.862,0.389
Genesis 22:22,Genesis,22,22,0,none,same_as_mt_differs_from_brenton,and Chesed and Hazo and Pildash and Jidlaph and Bethuel.,"And Chesed, and Hazo, and Pildash, and Jidlaph, and Bethuel.","Azav and Phaldes, and Jeldaph, and Bathuel, and Bathuel begot Rebecca;",1.000,0.529
Joshua 13:28,Joshua,13,28,0,none,different_from_both,"This is the inheritance of the sons of Gad according to their clans, their cities and their villages.","This is the inheritance of the children of Gad after their families, the cities, and their villages.","This is the inheritance of the children of Gad according to their families and according to their cities: according to their families they will turn their backs before their enemies, because their cities and their villages were according to their families.",0.827,0.358
Leviticus 8:22,Leviticus,8,22,0,none,different_from_both,"And Moses brought near the second ram, the ram of completion, and Aaron and his sons laid their hands on the head of the ram.","And he brought the other ram, the ram of consecration: and Aaron and his sons laid their hands upon the head of the ram.","and Moses took of his blood, and put it upon the tip of Aaron's right ear, and on the thumb of his right hand, and on the great toe of his right foot.",0.879,0.412
1 Samuel 5:12,1 Samuel,5,12,0,none,different_from_both,"And the living who did not die were struck in their seats, and the cry of the city went up to heaven.",And the men that died not were smitten with the emerods: and the cry of the city went up to heaven.,"For there was a very great confusion in all the city, when the ark of the God of Israel entered there; and those who lived and died not were smitten with emerods; and the cry of the city went up to heaven.",0.786,0.320
Judges 9:43,Judges,9,43,0,none,different_from_both,"And he took the people and divided it into three companies and lay in ambush in it, and he saw, and behold, the people were coming out of the city, and he rose up against them and struck them.","And he took the people, and divided them into three companies, and laid wait in the field, and looked, and, behold, the people were come forth out of the city; and he rose up against them, and stroke them.","And he took the people, and divided them into three companies, and formed an ambush in the field; and he looked, and, behold, the people went forth out of the city, and he rose up against them, and smote them.",0.867,0.403
2 Kings 8:21,2 Kings,8,21,0,none,different_from_both,"And Joram went over to Zair, and all the chariots with him. And it came to be, when he rose by night, he struck Edom that had encircled him and the commanders of the chariots, and the people fled to their tents.","So Joram went over to Zair, and all the chariots with him: and he rose by night, and stroke the Edomites which compassed him about, and the captains of the chariots: and the people fled into their tents.","And Joram went up to Sior, and all the chariots that were with him: and it came to pass after he had arisen, that he smote Edom who compassed him about, and the captains of the chariots; and the people fled to their tents.",0.791,0.328
Genesis 8:4,Genesis,8,4,0,none,different_from_both,"And the ark came to rest in the seventh month, on the twenty-seventh day of the month, on the mountains of Ararat.","And the ark rested in the seventh month, on the seventeenth day of the month, upon the mountains of Ararat.",And the water continued to decrease until the tenth month.,0.902,0.440
Joshua 15:37,Joshua,15,37,0,none,same_as_mt_differs_from_brenton,"Zenan and Hadashah and Migdalgad,","Zenan, and Hadashah, and Migdalgad,","Senna, and Adasan, and Magadalgad,",1.000,0.540
Exodus 16:29,Exodus,16,29,0,none,different_from_both,"""See, for the Lord has given you this day as the Sabbath. Because of this he has given you on the sixth day bread for two days. Let each stay in his houses. Let no one go out from his place on the seventh day.""","See, for that the LORD has given you the sabbath, therefore he gives you on the sixth day the bread of two days; abide all of you every man in his place, let no man go out of his place on the seventh day.","See, for the Lord has given you this day as the sabbath, therefore he has given you on the sixth day the bread of two days: ye shall sit each of you in your houses; let no one go forth from his place on the seventh day.",0.756,0.297
2 Samuel 23:37,2 Samuel,23,37,0,none,different_from_both,"Zelek the Ammonite, Gelorai the Beerothite, carrying the arms of Joab son of Zeruiah,","Zelek the Ammonite, Nahari the Beerothite, armour bearer to Joab the son of Zeruiah,",Elie the Ammanite.,0.761,0.303
Numbers 21:23,Numbers,21,23,0,none,different_from_both,"And Sihon did not let Israel pass through his borders, and Sihon gathered all his people and came out to array for battle against Israel in the wilderness, and he came to Jahaz and arrayed for battle against Israel.","And Sihon would not suffer Israel to pass through his border: but Sihon gathered all his people together, and went out against Israel into the wilderness: and he came to Jahaz, and fought against Israel.","And Seon did not allow Israel to pass through his borders, and Seon gathered all his people, and went out to set the battle in array against Israel into the wilderness; and he came to Jassa, and set the battle in array against Israel.",0.810,0.358
Genesis 32:25,Genesis,32,25,0,none,different_from_both,"And he saw that he could not prevail against him, and he touched the broad part of his thigh, and the broad part of Jacob's thigh went numb while he wrestled with him.","And when he saw that he prevailed not against him, he touched the hollow of his thigh; and the hollow of Jacob's thigh was out of joint, as he wrestled with him.",And Jacob was left alone; and a man wrestled with him till the morning.,0.752,0.302
Numbers 5:30,Numbers,5,30,0,none,different_from_both,"or when a spirit of jealousy comes upon a man and he is jealous of his wife, and he shall set his wife before the Lord, and the priest shall do to her all this law.","Or when the spirit of jealousy comes upon him, and he be jealous over his wife, and shall set the woman before the LORD, and the priest shall execute upon her all this law.","or in the case of a man on whomsoever the spirit of jealousy should come, and he should be jealous of his wife, and he should place his wife before the Lord, and the priest shall execute towards her all this law.",0.857,0.407
Lamentations 2:16,Lamentations,2,16,0,none,different_from_both,"All your enemies opened their mouth over you, hissed and gnashed teeth. They said, We swallowed her up. Yet this is the day we expected. We found it. We saw it.","All yours enemies have opened their mouth against you: they hiss and gnash the teeth: they say, We have swallowed her up: certainly this is the day that we looked for; we have found, we have seen it.","Ain. All thine enemies have opened their mouth against thee: they have hissed and gnashed their teeth, and said, We have swallowed her up: moreover this is the day which we looked for; we have found it, we have seen it.",0.759,0.313
2 Chronicles 36:21,2 Chronicles,36,21,0,none,different_from_both,"to fulfill the word of the Lord by the mouth of Jeremiah, until land welcomed its Sabbaths. All days of its desolation it kept Sabbaths to fulfill seventy years.","To fulfill the word of the LORD by the mouth of Jeremiah, until the land had enjoyed her sabbaths: for as long as she lay desolate she kept sabbath, to fulfill threescore and ten years.","That the word of the Lord by the mouth of Jeremias might be fulfilled, until the land should enjoy its sabbaths in resting and sabbath keeping all the days of its desolation, till the accomplishment of seventy years.",0.779,0.334
2 Samuel 23:1,2 Samuel,23,1,0,none,different_from_both,"And these are the last words of David: Faithful is David son of Jesse, and faithful the man whom the Lord raised up to be the anointed of the God of Jacob, and beautiful are the psalms of Israel.","Now these be the last words of David. David the son of Jesse said, and the man who was raised up on high, the anointed of the God of Jacob, and the sweet psalmist of Israel, said,",And these are the last words of David.,0.769,0.325
2 Chronicles 10:15,2 Chronicles,10,15,0,none,different_from_both,"And king did not listen to people, because turn came from God, so that the Lord might raise up his word which he spoke by the hand of Ahijah the Shilonite concerning Jeroboam son of Nebat.","So the king hearkened not unto the people: for the cause was of God, that the LORD might perform his word, which he spoke by the hand of Ahijah the Shilonite to Jeroboam the son of Nebat.","And the king hearkened not to the people, for there was a change of their minds from God, saying, The Lord has confirmed his word, which he spoke by the hand of Achia the Selonite concerning Jeroboam the son of Nabat, and concerning all Israel;",0.772,0.331
Deuteronomy 3:21,Deuteronomy,3,21,0,none,different_from_both,"And to Joshua I commanded at that time, saying, Your eyes have seen all that the Lord our God did to these two kings. So the Lord our God will do to all the kingdoms into which you are crossing there.","And I commanded Joshua at that time, saying, Yours eyes have seen all that the LORD your God has done unto these two kings: so shall the LORD do unto all the kingdoms where you pass.","And I commanded Joshua at that time, saying, Your eyes have seen all things, which the Lord our God did to these two kings: so shall the Lord our God do to all the kingdoms against which thou crossest over thither.",0.791,0.356
Ezekiel 37:12,Ezekiel,37,12,0,none,different_from_both,"Therefore prophesy and say, Thus says the Lord: Behold, I open your tombs and bring you up from your tombs and bring you into land of Israel.","Therefore prophesy and say unto them, Thus says the Lord GOD; Behold, O my people, I will open your graves, and cause you to come up out of your graves, and bring you into the land of Israel.","Therefore prophesy and say,",0.754,0.319
2 Chronicles 35:16,2 Chronicles,35,16,0,none,different_from_both,"And all service of the Lord was set right and prepared on that day, to keep Passover and to offer whole burnt offerings upon altar of the Lord according to command of king Josiah.","So all the service of the LORD was prepared the same day, to keep the passover, and to offer burnt offerings upon the altar of the LORD, according to the commandment of king Josiah.","So all the service of the Lord was duly ordered and prepared in that day, for keeping the passover, and offering the whole-burnt-sacrifices on the altar of the Lord, according to the command of king Josias.",0.847,0.427
Obadiah 1:2,Obadiah,1,2,0,none,different_from_both,"Behold, I made you few among nations; you are greatly dishonored.","Behold, I have made you small among the heathen: you are greatly despised.","Arise ye, and let us rise up against her to war.",0.752,0.333
Numbers 21:13,Numbers,21,13,0,none,different_from_both,"And from there, setting out, they camped beyond Arnon, in the wilderness that extends from the borders of the Amorites. For Arnon is the border of Moab, between Moab and the Amorite.","From thence they removed, and pitched on the other side of Arnon, which is in the wilderness that comes out of the coasts of the Amorites: for Arnon is the border of Moab, between Moab and the Amorites.","And they departed thence and encamped on the other side of Arnon in the wilderness, the country which extends from the coasts of the Amorites; for Arnon is the borders of Moab, between Moab and the Amorites.",0.756,0.338
1 Samuel 29:8,1 Samuel,29,8,0,none,different_from_both,"And David said to Achish, What have I done to you, and what have you found in your servant from the day I was before you until this day, that I should not come to fight the enemies of my lord the king?","And David said unto Achish, But what have I done? and what have you found in your servant so long as I have been with you unto this day, that I may not go fight against the enemies of my lord the king?","And David said to Anchus, What have I done to thee? and what hast thou found in thy servant from the first day that I was before thee even until this day, that I should not come and war against the enemies of the lord my king?",0.827,0.411
Nehemiah 12:42,Nehemiah,12,42,0,none,different_from_both,"and Maaseiah and Shemaiah and Eleazar and Uzzi and Jehohanan and Malchiah and Elam and Ezour. And the singers were heard, and they were appointed.","And Maaseiah, and Shemaiah, and Eleazar, and Uzzi, and Jehohanan, and Malchijah, and Elam, and Ezer. And the singers sang loud, with Jezrahiah their overseer.","And the singers were heard, and were numbered.",0.825,0.417
Judges 2:7,Judges,2,7,0,none,different_from_both,"And the people served the Lord all the days of Joshua and all the days of the elders who lived long after Joshua, who knew all the great work of the Lord that he did for Israel.","And the people served the LORD all the days of Joshua, and all the days of the elders that outlived Joshua, who had seen all the great works of the LORD, that he did for Israel.","And the people served the Lord all the days of Joshua, and all the days of the elders that lived many days with Joshua, as many as knew all the great work of the Lord, what things he had wrought in Israel.",0.914,0.511
2 Kings 13:12,2 Kings,13,12,0,none,different_from_both,"And the rest of the words of Joash and all that he did and his acts of power with which he fought with Amaziah king of Judah, are these not written in the book of the words of the days for the kings of Israel?","And the rest of the acts of Joash, and all that he did, and his might wherewith he fought against Amaziah king of Judah, are they not written in the book of the chronicles of the kings of Israel?","And the rest of the acts of Joas, and all that he did, and his mighty acts which he performed together with Amessias king of Juda, are not these written in the book of the chronicles of the kings of Israel?",0.844,0.445
1 Kings 22:32,1 Kings,22,32,0,none,different_from_both,"And it came to be when the rulers of the chariots saw Jehoshaphat king of Judah, they said, This one appears to be the king of Israel, and they surrounded him to fight, and Jehoshaphat cried out.","And it came to pass, when the captains of the chariots saw Jehoshaphat, that they said, Surely it is the king of Israel. And they turned aside to fight against him: and Jehoshaphat cried out.","And it came to pass, when the captains of the chariots saw Josaphat king of Juda, that they said, This seems to be the king of Israel. And they compassed him about to fight against him; and Josaphat cried out.",0.773,0.377
1 Kings 18:10,1 Kings,18,10,0,none,different_from_both,"As the Lord your God lives, there is no nation or kingdom where my lord has not sent to seek you, and they said, He is not here, and he bound the kingdom and its regions by oath that it had not found you.","As the LORD your God lives, there is no nation or kingdom, where my lord has not sent to seek you: and when they said, He is not there; he took an oath of the kingdom and nation, that they found you not.","As the Lord thy God lives, there is not a nation or kingdom, whither my lord has not sent to seek thee; and if they said, He is not here, then has he set fire to the kingdom and its territories, because he has not found thee.",0.856,0.460
2 Kings 11:5,2 Kings,11,5,0,none,different_from_both,"And he commanded them, saying, This is the word that you shall do: a third of you, those entering on the Sabbath, shall keep watch of the king's house at the gate.","And he commanded them, saying, This is the thing that all of you shall do; A third part of you that enter in on the sabbath shall even be keepers of the watch of the king's house;","And charged them, saying, This is the thing which ye shall do.",0.824,0.428
1 Chronicles 26:3,1 Chronicles,26,3,0,none,different_from_both,"Elam fifth, Jehohanan sixth, Elioenai seventh.","Elam the fifth, Jehohanan the sixth, Elioenai the seventh.","the fifth Jolam, the sixth Jonathan, the seventh Elionai, the eighth Abdedom.",0.878,0.483
Exodus 31:6,Exodus,31,6,0,none,different_from_both,"And I, behold, have appointed with him Oholiab son of Ahisamach, of the tribe of Dan. And to everyone wise in heart I have given understanding, and they shall make all that I commanded you:","And I, behold, I have given with him Aholiab, the son of Ahisamach, of the tribe of Dan: and in the hearts of all that are wise hearted I have put wisdom, that they may make all that I have commanded you;","And I have appointed him and Eliab the son of Achisamach of the tribe of Dan, and to every one understanding in heart I have given understanding; and they shall make all things as many as I have appointed thee,—",0.753,0.359
1 Chronicles 25:2,1 Chronicles,25,2,0,none,different_from_both,"Sons of Asaph: Zaccur and Joseph and Nethaniah and Asarelah, sons of Asaph, under Asaph the prophet, under king.","Of the sons of Asaph; Zaccur, and Joseph, and Nethaniah, and Asarelah, the sons of Asaph under the hands of Asaph, which prophesied according to the order of the king.","The sons of Asaph; Sacchur, Joseph, and Nathanias, and Erael: the sons of Asaph were next the king.",0.772,0.380
1 Chronicles 8:4,1 Chronicles,8,4,0,none,different_from_both,"and Abishua and Naaman and Ahijah,","And Abishua, and Naaman, and Ahoah,","and Abessue, and Noama, and Achia,",0.954,0.562
Genesis 32:30,Genesis,32,30,0,none,different_from_both,"And Jacob called the name of that place Form of God, for I saw God face to face, and my life was saved.","And Jacob called the name of the place Peniel: for I have seen God face to face, and my life is preserved.","And Jacob asked and said, Tell me thy name; and he said, Wherefore dost thou ask after my name? and he blessed him there.",0.808,0.417
Exodus 20:9,Exodus,20,9,0,none,different_from_both,"""For six days you shall work and do all your works,""","Six days shall you labour, and do all your work:","Six days thou shalt labour, and shalt perform all thy work.",0.800,0.415
Exodus 23:6,Exodus,23,6,0,none,different_from_both,You shall not pervert the judgment of a poor man in his case.,You shall not shift the judgment of your poor in his cause.,Thou shalt not wrest the sentence of the poor in his judgment.,0.831,0.446
Leviticus 8:29,Leviticus,8,29,0,none,different_from_both,"And Moses, taking the breast, presented it before the Lord from the ram of completion, and it became Moses' portion, just as the Lord commanded Moses.","And Moses took the breast, and waved it for a wave offering before the LORD: for of the ram of consecration it was Moses' part; as the LORD commanded Moses.","And Moses took of the anointing oil, and of the blood that was on the altar, and sprinkled it on Aaron, and on his garments, and his sons, and the garments of his sons with him.",0.759,0.381
1 Chronicles 2:53,1 Chronicles,2,53,0,none,different_from_both,"And the families of Kirjathjearim were the Ithrites, Puhites, Shumathites, and Mishraites; from these came out the Zareathites and Eshtaulites.","And the families of Kirjathjearim; the Ithrites, and the Puhites, and the Shumathites, and the Mishraites; of them came the Zareathites, and the Eshtaulites,","and Umasphaë, cities of Jair; Æthalim, and Miphithim, and Hesamathim, and Hemasaraim; from these went forth the Sarathæans, and the sons of Esthaam.",0.861,0.486
1 Samuel 15:22,1 Samuel,15,22,0,none,different_from_both,"And Samuel said, Is it acceptable to the Lord, whole burnt offerings and sacrifices, as hearing the voice of the Lord? Behold, hearing is better than sacrifice, and listening than the fat of rams.","And Samuel said, Has the LORD as great delight in burnt offerings and sacrifices, as in obeying the voice of the LORD? Behold, to obey is better than sacrifice, and to hearken than the fat of rams.","And Samuel said, Does the Lord take pleasure in whole-burnt-offerings and sacrifices, as in hearing the words of the Lord? behold, obedience is better than a good sacrifice, and hearkening than the fat of rams.",0.800,0.427
Zechariah 1:14,Zechariah,1,14,0,none,different_from_both,"And angel speaking in me said to me, Cry out, saying, Thus says the Lord Almighty: I have been jealous for Jerusalem and for Zion with great jealousy,","So the angel that communed with me said unto me, Cry you, saying, Thus says the LORD of hosts; I am jealous for Jerusalem and for Zion with a great jealousy.","And the angel that spoke with me said to me, Cry out and say,",0.795,0.422
Exodus 16:4,Exodus,16,4,0,none,different_from_both,"Then the Lord said to Moses, ""Behold, I am raining bread for you from heaven, and the people will go out and gather what is needed for the day, day by day, so that I may test them whether they will walk in my law or not.""","Then said the LORD unto Moses, Behold, I will rain bread from heaven for you; and the people shall go out and gather a certain rate every day, that I may prove them, whether they will walk in my law, or no.","And the Lord said to Moses, Behold, I will rain bread upon you out of heaven: and the people shall go forth, and they shall gather their daily portion for the day, that I may try them whether they will walk in my law or not.",0.767,0.394
1 Chronicles 14:7,1 Chronicles,14,7,0,none,different_from_both,and Elishama and Beeliada and Elpalet.,"And Elishama, and Beeliada, and Eliphalet.","and Elisamae, and Eliade, and Eliphala.",0.974,0.603
Exodus 34:24,Exodus,34,24,0,none,different_from_both,"For when I cast out the nations before your face and enlarge your borders, no one shall desire your land when you go up to appear before the Lord your God three times in the year.","For I will cast out the nations before you, and enlarge your borders: neither shall any man desire your land, when you shall go up to appear before the LORD your God three times in the year.","For when I shall have cast out the nations before thy face, and shall have enlarged thy coasts, no one shall desire thy land, whenever thou mayest go up to appear before the Lord thy God, three times in the year.",0.898,0.531
2 Kings 25:23,2 Kings,25,23,0,none,different_from_both,"And all the commanders of the force, they and their men, heard that the king of Babylon appointed Gedaliah, and they came to Gedaliah at Mizpah, even Ishmael son of Nethaniah and Johanan son of Careah and Seraiah son of Tanhumeth the Netophathite and Iezonias son of the Maachathite, they and their men.","And when all the captains of the armies, they and their men, heard that the king of Babylon had made Gedaliah governor, there came to Gedaliah to Mizpah, even Ishmael the son of Nethaniah, and Johanan the son of Careah, and Seraiah the son of Tanhumeth the Netophathite, and Jaazaniah the son of a Maachathite, they and their men.","And all the captains of the host, they and their men, heard that the king of Babylon had thus appointed Godolias, and they came to Godolias to Massephath, both Ismael the son of Nathanias, and Jona son of Careth, and Saraias, son of Thanamath the Netophathite, and Jezonias son of a Machathite, they and their men.",0.770,0.406
2 Samuel 5:5,2 Samuel,5,5,0,none,different_from_both,"In Hebron he reigned over Judah seven years and six months, and in Jerusalem he reigned thirty-three years over all Israel and Judah.",In Hebron he reigned over Judah seven years and six months: and in Jerusalem he reigned thirty and three years over all Israel and Judah.,"Seven years and six months he reigned in Chebron over Juda, and thirty-three years he reigned over all Israel and Juda in Jerusalem.",0.985,0.621
Isaiah 19:23,Isaiah,19,23,0,none,different_from_both,"In that day there will be way from Egypt to Assyrians, and Assyrians will enter Egypt and Egyptians will go to Assyrians, and Egyptians will serve Assyrians.","In that day shall there be a highway out of Egypt to Assyria, and the Assyrian shall come into Egypt, and the Egyptian into Assyria, and the Egyptians shall serve with the Assyrians.","In that day there shall be a way from Egypt to the Assyrians, and the Assyrians shall enter into Egypt, and the Egyptians shall go to the Assyrians, and the Egyptians shall serve the Assyrians.",0.765,0.408
Genesis 46:13,Genesis,46,13,0,none,different_from_both,And the sons of Issachar: Tola and Puah and Job and Shimron.,"And the sons of Issachar; Tola, and Phuvah, and Job, and Shimron.","And the sons of Phares were Esron, and Jemuel. And the sons of Issachar; Thola, and Phua, and Asum, and Sambran.",0.983,0.626
Numbers 22:34,Numbers,22,34,0,none,different_from_both,"And Balaam said to the angel of the Lord, I sinned, for I did not know that you stood against me in the road to meet me. And now, if it does not please you, I will turn back.","And Balaam said unto the angel of the LORD, I have sinned; for I knew not that you stood in the way against me: now therefore, if it displease you, I will get me back again.","And Balaam said to the angel of the Lord, I have sinned, for I did not know that thou wert standing opposite in the way to meet me; and now if it shall not be pleasing to thee for me to go on, I will return.",0.764,0.411
Ezra 9:13,Ezra,9,13,0,none,different_from_both,"And after all that came upon us for our evil deeds and our great trespass, since you, our God, lightened from our lawlessnesses and gave us such deliverance,","And after all that has come upon us for our evil deeds, and for our great trespass, seeing that you our God have punished us less than our iniquities deserve, and have given us such deliverance as this;","And after all that is come upon us because of our evil deeds, and our great trespass, it is clear that there is none such as our God, for thou hast lightly visited our iniquities, and given us deliverance;",0.752,0.402
Judges 14:6,Judges,14,6,0,none,different_from_both,"And the Spirit of the Lord rushed upon him, and he tore it apart as one tears apart a kid of the goats, and there was nothing in his hand. And he did not report to his father or his mother what he had done.","And the Spirit of the LORD came mightily upon him, and he rent him as he would have rent a kid, and he had nothing in his hand: but he told not his father or his mother what he had done.","And the Spirit of the Lord came powerfully upon him, and he crushed him as he would have crushed a kid of the goats, and there was nothing in his hands: and he told not his father and his mother what he had done.",0.755,0.405
Ezra 1:3,Ezra,1,3,0,none,different_from_both,"Who among you is from all his people? Let his God be with him, and let him go up to Jerusalem in Judah and build house of God of Israel. He is the God in Jerusalem.","Who is there among you of all his people? his God be with him, and let him go up to Jerusalem, which is in Judah, and build the house of the LORD God of Israel, (he is the God,) which is in Jerusalem.","Who is there among you of all his people? for his God shall be with him, and he shall go up to Jerusalem that is in Judea, and let him build the house of the God of Israel: he is the God that is in Jerusalem.",0.855,0.512
Ezra 8:34,Ezra,8,34,0,none,different_from_both,"by number and by weight, everything, and all the weight was written at that time.",By number and by weight of every one: and all the weight was written at that time.,"All things were reckoned by number and weight, and the whole weight was written down.",0.937,0.596
Ezekiel 44:25,Ezekiel,44,25,0,none,different_from_both,"They will not go in to a dead human to defile themselves, except for father or mother or son or daughter or brother or sister who has had no husband; for them he may be defiled.","And they shall come at no dead person to defile themselves: but for father, or for mother, or for son, or for daughter, for brother, or for sister that has had no husband, they may defile themselves.","And they shall not go in to the dead body of a man to defile themselves: only a priest may defile himself for a father, or for a mother, or for a son, or for a daughter, or for a brother, or for his sister, who has not been married.",0.751,0.412
Genesis 32:15,Genesis,32,15,0,none,different_from_both,"thirty milk camels and their young, forty cows, ten bulls, twenty donkeys, and ten foals.","Thirty milk giving camels with their colts, forty cattle, and ten bulls, twenty she asses, and ten foals.","two hundred she-goats, twenty he-goats, two hundred sheep, twenty rams,",0.750,0.411
Exodus 33:18,Exodus,33,18,0,none,different_from_both,"And he said, ""Show me your own glory.""","And he said, I plead to you, show me your glory.","And Moses says, Manifest thyself to me.",0.759,0.423
Numbers 25:16,Numbers,25,16,0,none,different_from_both,"And the Lord spoke to Moses, saying,","And the LORD spoke unto Moses, saying,","And the Lord spoke to Moses, saying, Speak to the children of Israel, saying,",0.971,0.636
Exodus 18:8,Exodus,18,8,0,none,different_from_both,"And Moses recounted to his father-in-law all that the Lord had done to Pharaoh and the Egyptians for Israel's sake, and all the hardship that had come upon them on the way, and that the Lord had rescued them from the hand of Pharaoh and from the hand of the Egyptians.","And Moses told his father in law all that the LORD had done unto Pharaoh and to the Egyptians for Israel's sake, and all the travail that had come upon them by the way, and how the LORD delivered them.","And Moses related to his father-in-law all things that the Lord did to Pharao and all the Egyptians for Israel's sake, and all the labour that had befallen them in the way, and that the Lord had rescued them out of the hand of Pharao, and out of the hand of the Egyptians.",0.764,0.433
1 Kings 12:28,1 Kings,12,28,0,none,different_from_both,"And the king took counsel and went and made two golden heifers and said to the people, Let it be enough for you to go up to Jerusalem. Behold your gods, Israel, that brought you up out of the land of Egypt.","Whereupon the king took counsel, and made two calves of gold, and said unto them, It is too much for you to go up to Jerusalem: behold your gods, O Israel, which brought you up out of the land of Egypt.","And the king took counsel, and went, and made two golden heifers, and said to the people, Let it suffice you to have gone hitherto to Jerusalem: behold thy gods, O Israel, who brought thee up out of the land of Egypt.",0.813,0.483
Judges 12:11,Judges,12,11,0,none,different_from_both,"And after him Elon the Zebulunite judged Israel, and he judged Israel ten years.","And after him Elon, a Zebulonite, judged Israel; and he judged Israel ten years.",And after him Ælom of Zabulon judged Israel ten years.,0.961,0.631
Judges 15:18,Judges,15,18,0,none,different_from_both,"And he thirsted greatly and cried out to the Lord and said, You gave by the hand of your servant this great salvation, and now shall I die of thirst and fall into the hand of the uncircumcised?","And he was sore thirsty, and called on the LORD, and said, You have given this great deliverance into the hand of your servant: and now shall I die for thirst, and fall into the hand of the uncircumcised?","And he was very thirsty, and wept before the Lord, and said, Thou hast been well pleased to grant this great deliverance by the hand of thy servant, and now shall I die for thirst, and fall into the hand of the uncircumcised?",0.768,0.440
Leviticus 14:51,Leviticus,14,51,0,none,different_from_both,"And he shall take the cedar wood and the spun scarlet and the hyssop and the living bird, and dip them in the blood of the slaughtered bird over living water, and with them he shall sprinkle the house seven times.","And he shall take the cedar wood, and the hyssop, and the scarlet, and the living bird, and dip them in the blood of the slain bird, and in the running water, and sprinkle the house seven times:","And he shall take the cedar wood, and the spun scarlet, and the hyssop, and the living bird; and shall dip it into the blood of the bird slain over running water, and with them he shall sprinkle the house seven times.",0.816,0.489
1 Kings 1:19,1 Kings,1,19,0,none,different_from_both,"And he sacrificed calves and lambs and sheep in abundance and called all the sons of the king and Abiathar the priest and Joab commander of the force, but Solomon your servant he did not call.","And he has slain oxen and fat cattle and sheep in abundance, and has called all the sons of the king, and Abiathar the priest, and Joab the captain of the host: but Solomon your servant has he not called.","And he has sacrificed calves and lambs and sheep in abundance, and has called all the king's sons, and Abiathar the priest and Joab the commander-in-chief of the host; but Solomon thy servant he has not called.",0.817,0.491
Job 7:13,Job,7,13,0,none,different_from_both,"If I say, My bed will comfort me, and my couch will bear my complaint for me,","When I say, My bed shall comfort me, my couch shall ease my complaints;","I said that my bed should comfort me, and I would privately counsel with myself on my couch.",0.775,0.451
Ezekiel 38:3,Ezekiel,38,3,0,none,different_from_both,"And say to him, Thus says the Lord God: Behold, I am against you, Gog, ruler of Rosh, Meshech, and Tubal.","And say, Thus says the Lord GOD; Behold, I am against you, O Gog, the chief prince of Meshech and Tubal:","and say to him, Thus saith the Lord God;",0.841,0.519
Ezra 7:3,Ezra,7,3,0,none,different_from_both,"son of Amariah, son of Azariah, son of Meraioth,","The son of Amariah, the son of Azariah, the son of Meraioth,","the son of Samarias, the son of Esria, the son of Mareoth,",0.882,0.560
1 Chronicles 8:20,1 Chronicles,8,20,0,none,same_as_mt_differs_from_brenton,"and Elienai and Zilthai and Eliel,","And Elienai, and Zilthai, and Eliel,","and Elionai, and Salathi,",1.000,0.679
Deuteronomy 31:30,Deuteronomy,31,30,0,none,different_from_both,And Moses spoke in the ears of the whole assembly of Israel the words of this song until the end.,"And Moses spoke in the ears of all the congregation of Israel the words of this song, until they were ended.","And Moses spoke all the words of this song even to the end, in the ears of the whole assembly.",0.842,0.521
Deuteronomy 5:27,Deuteronomy,5,27,0,none,different_from_both,"Come near, you, and hear whatever the Lord our God may say, and you will speak to us all that the Lord our God speaks to you, and we shall hear and do.","Go you near, and hear all that the LORD our God shall say: and speak you unto us all that the LORD our God shall speak unto you; and we will hear it, and do it.","Do thou draw near, and hear all that the Lord our God shall say, and thou shalt speak to us all things whatsoever the Lord our God shall speak to thee, and we will hear, and do.",0.791,0.472
Ezra 10:35,Ezra,10,35,0,none,same_as_mt_differs_from_brenton,"Benaiah, Bedeiah, Chelluh,","Benaiah, Bedeiah, Chelluh,","Banaia, Badaia, Chelkia,",1.000,0.682
Exodus 14:23,Exodus,14,23,0,none,different_from_both,"Then the Egyptians pursued and went in after them into the midst of the sea, all Pharaoh's horses, chariots, and riders.","And the Egyptians pursued, and went in after them to the midst of the sea, even all Pharaoh's horses, his chariots, and his horsemen.","And the Egyptians pursued them and went in after them, and every horse of Pharao, and his chariots, and his horsemen, into the midst of the sea.",0.884,0.567
Judges 20:27,Judges,20,27,0,none,different_from_both,"And the sons of Israel inquired of the Lord, and there the ark of the covenant of the Lord was in those days,","And the children of Israel enquired of the LORD, (for the ark of the covenant of God was there in those days,","for the ark of the Lord God was there in those days,",0.836,0.519
1 Samuel 30:14,1 Samuel,30,14,0,none,different_from_both,"And we attacked the south of Cherethites and the parts of Judah and the south of Caleb, and we burned Ziklag with fire.","We made an invasion upon the south of the Cherethites, and upon the coast which belongs to Judah, and upon the south of Caleb; and we burned Ziklag with fire.","And we made an incursion on the south of the Chelethite, and on the parts of Judea, and on the south of Chelub, and we burnt Sekelac with fire.",0.768,0.453
Numbers 27:3,Numbers,27,3,0,none,different_from_both,"Our father died in the wilderness, and he was not in the midst of the congregation that gathered against the Lord in the congregation of Korah, but he died for his own sin, and sons were not born to him.","Our father died in the wilderness, and he was not in the company of them that gathered themselves together against the LORD in the company of Korah; but died in his own sin, and had no sons.","Our father died in the wilderness, and he was not in the midst of the congregation that rebelled against the Lord in the gathering of Core; for he died for his own sin, and he had no sons. Let not the name of our father be blotted out of the midst of his people, because he has no son: give us an inheritance in the midst of our father's brethren.",0.758,0.446
1 Chronicles 8:2,1 Chronicles,8,2,0,none,same_as_mt_differs_from_brenton,"Nohah the fourth, and Rapha the fifth.","Nohah the fourth, and Rapha the fifth.",and Rapha the fifth.,1.000,0.691
1 Chronicles 7:27,1 Chronicles,7,27,0,none,same_as_mt_differs_from_brenton,"Non his son, Jehoshuah his son.","Non his son, Jehoshuah his son.","Nun, his son Jesue, these were his sons.",1.000,0.697
1 Kings 12:14,1 Kings,12,14,0,none,different_from_both,"and he spoke to them according to the counsel of the young men, saying, My father made your yoke heavy, and I will add upon your yoke. My father disciplined you with whips, but I will discipline you with scorpions.","And spoke to them after the counsel of the young men, saying, My father made your yoke heavy, and I will add to your yoke: my father also chastised you with whips, but I will chastise you with scorpions.","And he spoke to them according to the counsel of the young men, saying, My father made your yoke heavy, and I will add to your yoke: my father chastised you with whips, but I will chastise you with scorpions.",0.879,0.576
2 Kings 14:25,2 Kings,14,25,0,none,different_from_both,"He restored the border of Israel from the entrance of Hamath to the sea of the Arabah, according to the word of the Lord God of Israel, which he spoke by the hand of his servant Jonah son of Amittai, the prophet from Gethchober.","He restored the coast of Israel from the entering of Hamath unto the sea of the plain, according to the word of the LORD God of Israel, which he spoke by the hand of his servant Jonah, the son of Amittai, the prophet, which was of Gathhepher.","He recovered the coast of Israel from the entering in of Æmath to the sea of Araba, according to the word of the Lord God of Israel, which he spoke by his servant Jonas the son of Amathi, the prophet of Gethchopher.",0.757,0.456
Leviticus 18:7,Leviticus,18,7,0,none,different_from_both,"The nakedness of your father and the nakedness of your mother you shall not uncover, for she is your mother. You shall not uncover her nakedness.","The nakedness of your father, or the nakedness of your mother, shall you not uncover: she is your mother; you shall not uncover her nakedness.","Thou shalt not uncover the nakedness of thy father, or the nakedness of thy mother, for she is thy mother; thou shalt not uncover her nakedness.",0.939,0.638
Exodus 40:14,Exodus,40,14,0,none,different_from_both,And you shall bring his sons and clothe them with tunics.,"And you shall bring his sons, and clothe them with coats:","And thou shalt bring up his sons, and shalt put garments on them.",0.937,0.639
1 Chronicles 1:51,1 Chronicles,1,51,0,none,different_from_both,"And Hadad died, and the chiefs of Edom were: chief Timnah, chief Alvah, chief Jetheth,","Hadad died also. And the dukes of Edom were; duke Timnah, duke Aliah, duke Jetheth,","The princes of Edom: prince Thamna, prince Golada, prince Jether,",0.755,0.465
Ezra 8:25,Ezra,8,25,0,none,different_from_both,"And I weighed out to them the silver and the gold and the vessels, the firstfruits of house of our God, which the king and his counselors and his rulers and all Israel found there had lifted up.","And weighed unto them the silver, and the gold, and the vessels, even the offering of the house of our God, which the king, and his counsellors, and his lords, and all Israel there present, had offered:","And I weighed to them the silver, and the gold, and the vessels of the first-fruits of the house of our God, which the king, and his councillors, and his princes, and all Israel that were found, had dedicated.",0.839,0.551
Ezekiel 16:18,Ezekiel,16,18,0,none,different_from_both,"And you took your embroidered garment and clothed them, and my oil and my incense you set before them.","And took your broidered garments, and covered them: and you have set mine oil and mine incense before them.","And thou didst take thy variegated apparel and didst clothe them, and thou didst set before them mine oil and mine incense.",0.794,0.507
Ezekiel 3:23,Ezekiel,3,23,0,none,different_from_both,"And I rose and went out into plain, and behold, there glory of the Lord stood, just as vision and as glory which I saw by river Chebar, and I fell on my face.","Then I arose, and went forth into the plain: and, behold, the glory of the LORD stood there, as the glory which I saw by the river of Chebar: and I fell on my face.","And I arose, and went forth to the plain: and, behold, the glory of the Lord stood there, according to the vision, and according to the glory of the Lord, which I saw by the river of Chobar: and I fell on my face.",0.852,0.566
Joshua 19:5,Joshua,19,5,0,none,same_as_mt_differs_from_brenton,"and Ziklag and Bethmarcaboth and Hazarsusah,","And Ziklag, and Bethmarcaboth, and Hazarsusah,","and Sikelac, and Bæthmachereb, and Sarsusin,",1.000,0.714
1 Chronicles 2:2,1 Chronicles,2,2,0,none,different_from_both,"Dan, Joseph, Benjamin, Naphtali, Gad, Asher.","Dan, Joseph, and Benjamin, Naphtali, Gad, and Asher.","Ruben, Symeon, Levi, Juda, Issachar, Zabulon, Dan, Joseph, Benjamin, Nephthali, Gad, Aser.",0.905,0.621
Genesis 7:11,Genesis,7,11,0,none,different_from_both,"In the six-hundredth year in the life of Noah, in the second month, on the twenty-seventh day of the month, on that day all the springs of the abyss burst open, and the floodgates of heaven were opened.","In the six hundredth year of Noah's life, in the second month, the seventeenth day of the month, the same day were all the fountains of the great deep broken up, and the windows of heaven were opened.","In the six hundredth year of the life of Noe, in the second month, on the twenty-seventh day of the month, on this day all the fountains of the abyss were broken up, and the flood-gates of heaven were opened.",0.772,0.490
Ezekiel 32:8,Ezekiel,32,8,0,none,different_from_both,"All shining lights in heaven I will darken over you and give darkness on your land, says the Lord God.","All the bright lights of heaven will I make dark over you, and set darkness upon your land, says the Lord GOD.","All the bodies that give light in the sky, shall be darkened over thee, and I will bring darkness upon the earth, saith the Lord God.",0.841,0.559
Joshua 22:13,Joshua,22,13,0,none,different_from_both,"And the sons of Israel sent to the sons of Reuben and to the sons of Gad and to the half tribe of Manasseh in the land of Gilead Phinehas son of Eleazar son of Aaron the high priest,","And the children of Israel sent unto the children of Reuben, and to the children of Gad, and to the half tribe of Manasseh, into the land of Gilead, Phinehas the son of Eleazar the priest,","And the children of Israel sent to the sons of Ruben, and the sons of Gad, and to the sons of the half tribe of Manasse into the land of Galaad, both Phinees the son of Eleazar the son of Aaron the priest,",0.846,0.565
Numbers 12:5,Numbers,12,5,0,none,different_from_both,"And the Lord came down in a pillar of cloud and stood at the door of the tent of testimony, and Aaron and Miriam were called, and both came out.","And the LORD came down in the pillar of the cloud, and stood in the door of the tabernacle, and called Aaron and Miriam: and they both came forth.","And the three came forth to the tabernacle of witness; and the Lord descended in a pillar of a cloud, and stood at the door of the tabernacle of witness; and Aaron and Mariam were called; and both came forth.",0.792,0.512
2 Samuel 24:4,2 Samuel,24,4,0,none,different_from_both,"But the word of the king prevailed against Joab and against the commanders of the force, and Joab and the commanders of the force went out from before the king to count the people of Israel.","Notwithstanding the king's word prevailed against Joab, and against the captains of the host. And Joab and the captains of the host went out from the presence of the king, to number the people of Israel.",Nevertheless the word of the king prevailed against Joab and the captains of the host:,0.777,0.498
2 Kings 23:34,2 Kings,23,34,0,none,different_from_both,"And Pharaoh Necho made Eliakim son of Josiah king of Judah king in place of Josiah his father, and he changed his name to Joakim, and he took Jehoahaz and brought him into Egypt, and he died there.","And Pharaohnechoh made Eliakim the son of Josiah king in the room of Josiah his father, and turned his name to Jehoiakim, and took Jehoahaz away: and he came to Egypt, and died there.","And Pharao Nechao made Eliakim son of Josias king of Juda king over them in the place of his father Josias, and he changed his name to Joakim, and he took Joachaz and brought him to Egypt, and he died there.",0.814,0.535
Leviticus 18:8,Leviticus,18,8,0,none,different_from_both,The nakedness of your father's wife you shall not uncover. It is your father's nakedness.,The nakedness of your father's wife shall you not uncover: it is your father's nakedness.,Thou shalt not uncover the nakedness of thy father's wife; it is thy father's nakedness.,0.953,0.675
1 Chronicles 2:1,1 Chronicles,2,1,0,none,different_from_both,"These are names of the sons of Israel: Reuben, Simeon, Levi, Judah, Issachar, Zebulun,","These are the sons of Israel; Reuben, Simeon, Levi, and Judah, Issachar, and Zebulun,",These are the names of the sons of Israel;,0.892,0.617
Genesis 29:15,Genesis,29,15,0,none,different_from_both,"And Laban said to Jacob, Because you are my brother, will you serve me for nothing? Tell me, what shall your wages be?","And Laban said unto Jacob, Because you are my brother, should you therefore serve me for nothing? tell me, what shall your wages be?","And Laban said to Jacob, Surely thou shalt not serve me for nothing, because thou art my brother; tell me what thy reward is to be.",0.917,0.642
1 Chronicles 7:13,1 Chronicles,7,13,0,none,different_from_both,"Sons of Naphtali: Jahziel and Guni and Jezer and Shallum, sons of Bilhah.","The sons of Naphtali; Jahziel, and Guni, and Jezer, and Shallum, the sons of Bilhah.","The sons of Nephthali; Jasiel, Goni, and Aser, and Sellum, his sons, Balam his son.",0.946,0.671
Exodus 4:5,Exodus,4,5,0,none,different_from_both,"So that they may believe you that the Lord, the God of their fathers, the God of Abraham and the God of Isaac and the God of Jacob, has appeared to you.","That they may believe that the LORD God of their fathers, the God of Abraham, the God of Isaac, and the God of Jacob, has appeared unto you.","and it became a rod in his hand,—that they may believe thee, that the God of thy fathers has appeared to thee, the God of Abraam, and God of Isaac, and God of Jacob.",0.940,0.671
1 Chronicles 15:17,1 Chronicles,15,17,0,none,different_from_both,"And Levites stationed Heman son of Joel, and from his brothers Asaph son of Berechiah, and from sons of Merari, their brothers, Ethan son of Kushaiah,","So the Levites appointed Heman the son of Joel; and of his brethren, Asaph the son of Berechiah; and of the sons of Merari their brethren, Ethan the son of Kushaiah;",So the Levites appointed Æman the son of Joel; Asaph the son of Barachias was one of his brethren; and Æthan the son of Kisæus was of the sons of Merari their brethren;,0.813,0.545
1 Chronicles 16:36,1 Chronicles,16,36,0,none,different_from_both,"Blessed is the Lord God of Israel from age and unto age. And all people shall say, Amen, and they praised the Lord.","Blessed be the LORD God of Israel for ever and ever. And all the people said, Amen, and praised the LORD.",Blessed be the Lord God of Israel from everlasting and to everlasting:,0.811,0.544
2 Samuel 14:5,2 Samuel,14,5,0,none,different_from_both,"And the king said to her, What is with you? And she said, Truly I am a widow woman, and my husband died.","And the king said unto her, What disturbs you? And she answered, I am indeed a widow woman, and mine husband is dead.","And the king said to her, What is the matter with thee?",0.806,0.539
Song of Solomon 6:3,Song of Solomon,6,3,0,none,different_from_both,"I to my beloved, and my beloved to me, one shepherding among lilies.","I am my beloved's, and my beloved is mine: he feeds among the lilies.","I am my kinsman's, and my kinsman is mine, who feeds among the lilies.",0.785,0.519
2 Samuel 23:32,2 Samuel,23,32,0,none,different_from_both,"Eliahba the Shaalbonite, sons of Jashen, Jonathan,","Eliahba the Shaalbonite, of the sons of Jashen, Jonathan,","the sons of Asan, Jonathan;",0.931,0.667
1 Chronicles 1:26,1 Chronicles,1,26,0,none,same_as_mt_differs_from_brenton,"Serug, Nahor, Terah,","Serug, Nahor, Terah,","Seruch, Nachor, Tharrha,",1.000,0.737
Ezekiel 28:10,Ezekiel,28,10,0,none,different_from_both,"You will die deaths of uncircumcised by hands of foreigners, because I have spoken, says the Lord.","You shall die the deaths of the uncircumcised by the hand of strangers: for I have spoken it, says the Lord GOD.","Thou shalt perish by the hands of strangers among the multitude of the uncircumcised: for I have spoken it, saith the Lord.",0.784,0.521
Joshua 1:16,Joshua,1,16,0,none,different_from_both,"And answering Joshua they said, Everything that you command us we will do, and into every place where you send us we will go.","And they answered Joshua, saying, All that you command us we will do, and anywhere you send us, we will go.","And they answered Joshua and said, We will do all things which thou commandest us, and we will go to every place whither thou shalt send us.",0.804,0.541
Judges 6:35,Judges,6,35,0,none,different_from_both,"And he sent messengers through all Manasseh, and it also cried out after him, and he sent messengers in Asher and in Zebulun and in Naphtali, and they went up to meet him.","And he sent messengers throughout all Manasseh; who also was gathered after him: and he sent messengers unto Asher, and unto Zebulun, and unto Naphtali; and they came up to meet them.","And Gedeon sent messengers into all Manasse, and into Aser, and into Zabulon, and into Nephthali; and he went up to meet them.",0.860,0.597
1 Kings 8:9,1 Kings,8,9,0,none,different_from_both,"There was nothing in the ark except two stone tablets, tablets of the covenant, which Moses put there in Horeb, which the Lord covenanted with the sons of Israel when they came out from the land of Egypt.","There was nothing in the ark save the two tables of stone, which Moses put there at Horeb, when the LORD made a covenant with the children of Israel, when they came out of the land of Egypt.","There was nothing in the ark except the two tables of stone, the tables of the covenant which Moses put there in Choreb, which tables the Lord made as a covenant with the children of Israel in their going forth from the land of Egypt.",0.782,0.520
Judges 20:47,Judges,20,47,0,none,different_from_both,And six hundred men turned aside and fled into the wilderness to the rock Rimmon and sat at the rock Rimmon four months.,"But six hundred men turned and fled to the wilderness unto the rock Rimmon, and abode in the rock Rimmon four months.","And the rest turned, and fled to the wilderness to the rock of Remmon, even six hundred men; and they sojourned four months in the rock of Remmon.",0.889,0.628
2 Kings 17:10,2 Kings,17,10,0,none,different_from_both,And they set up for themselves pillars and groves on every high hill and under every leafy tree.,"And they set them up images and groves in every high hill, and under every green tree:","and they built for themselves high places in all their cities, from the tower of the watchmen to the fortified city. And they made for themselves pillars and groves on every high hill, and under every shady tree.",0.793,0.535
2 Kings 20:9,2 Kings,20,9,0,none,different_from_both,"And Isaiah said, This is the sign from the Lord that the Lord will do the word which he spoke. Shall the shadow go forward ten steps, or shall it turn back ten steps?","And Isaiah said, This sign shall you have of the LORD, that the LORD will do the thing that he has spoken: shall the shadow go forward ten degrees, or go back ten degrees?","And Esaias said, This is the sign from the Lord, that the Lord will perform the word which he has spoken, the shadow of the dial shall advance ten degrees: or if it should go back ten degrees this would also be the sign.",0.762,0.504
2 Kings 9:7,2 Kings,9,7,0,none,different_from_both,"And you shall destroy the house of Ahab your lord, and I will avenge the blood of my servants the prophets and the blood of all the servants of the Lord from the hand of Jezebel.","And you shall strike the house of Ahab your master, that I may avenge the blood of my servants the prophets, and the blood of all the servants of the LORD, at the hand of Jezebel.","And thou shalt utterly destroy the house of Achaab thy master from before me, and shalt avenge the blood of my servants the prophets, and the blood of all the servants of the Lord, at the hand of Jezabel,",0.906,0.649
Genesis 32:2,Genesis,32,2,0,none,different_from_both,"And Jacob said when he saw them, This is God's camp. And he called the name of that place Camps.","And when Jacob saw them, he said, This is God's host: and he called the name of that place Mahanaim.","And Jacob departed for his journey; and having looked up, he saw the host of God encamped; and the angels of God met him.",0.802,0.545
1 Samuel 6:14,1 Samuel,6,14,0,none,different_from_both,"And the wagon came into the field of Hoshea in Beth-shemesh, and they stood there by a great stone, and they split the wood of the wagon and offered the cows as a whole burnt offering to the Lord.","And the cart came into the field of Joshua, a Bethshemite, and stood there, where there was a great stone: and they clave the wood of the cart, and offered the cattle a burnt offering unto the LORD.","And the waggon entered into the field of Osee, which was in Bæthsamys, and they set there by it a great stone; and they split the wood of the waggon, and offered up the cows for a whole-burnt-offering to the Lord.",0.805,0.549
Exodus 28:31,Exodus,28,31,0,none,different_from_both,And you shall make the robe under the ephod all blue.,And you shall make the robe of the ephod all of blue.,And thou shalt make the full-length tunic all of blue.,0.904,0.648
Exodus 35:20,Exodus,35,20,0,none,different_from_both,And all the congregation of the sons of Israel went out from Moses.,And all the congregation of the children of Israel departed from the presence of Moses.,"And all the congregation of the children of Israel went out from Moses. And they brought, they whose heart prompted them, and they to whomsoever it seemed good in their mind, each an offering:",0.750,0.498
Genesis 24:5,Genesis,24,5,0,none,different_from_both,"And the servant said to him, Suppose the woman is not willing to come back with me to this land. Shall I return your son to the land from which you came out?","And the servant said unto him, Possibly the woman will not be willing to follow me unto this land: must I essentially bring your son again unto the land from whence you came?","And the servant said to him, Shall I carry back thy son to the land whence thou camest forth, if haply the woman should not be willing to return with me to this land?",0.763,0.511
Joshua 4:23,Joshua,4,23,0,none,different_from_both,"when the Lord our God dried up the water of the Jordan from before them until they crossed, just as the Lord our God did to the Red Sea, which the Lord our God dried up before us until we passed over,","For the LORD your God dried up the waters of Jordan from before you, until all of you were passed over, as the LORD your God did to the Red sea, which he dried up from before us, until we were gone over:","when the Lord our God had dried up the water of Jordan from before them, until they had passed over; as the Lord our God did to the Red Sea, which the Lord our God dried up from before us, until we passed over.",0.790,0.542
Genesis 24:34,Genesis,24,34,0,none,same_as_mt_differs_from_brenton,"And he said, I am Abraham's servant.","And he said, I am Abraham's servant.","And he said, I am a servant of Abraam;",1.000,0.754
1 Chronicles 7:24,1 Chronicles,7,24,0,none,different_from_both,And his daughter Sherah built lower Bethhoron and upper Bethhoron and Uzzensherah.,"(And his daughter was Sherah, who built Bethhoron the nether, and the upper, and Uzzensherah.)","And his daughter was Saraa, and he was among them that were left, and he built Bæthoron the upper and the lower. And the descendants of Ozan were Seera,",0.769,0.524
1 Kings 9:27,1 Kings,9,27,0,none,different_from_both,"And Hiram sent in the ship his servants, seafaring men skilled to drive the sea, with the servants of Solomon.","And Hiram sent in the navy his servants, sailors that had knowledge of the sea, with the servants of Solomon.","And Chiram sent in the ship together with the servants of Solomon servants of his own, mariners to row, men acquainted with the sea.",0.770,0.525
2 Samuel 22:29,2 Samuel,22,29,0,none,different_from_both,"Because you are my lamp, O Lord, and the Lord will light up my darkness.","For you are my lamp, O LORD: and the LORD will lighten my darkness.","For thou, Lord, art my lamp, and the Lord shall shine forth to me in my darkness.",0.887,0.644
Numbers 28:30,Numbers,28,30,0,none,different_from_both,"and one kid from the goats for a sin offering, to make atonement for you.","And one kid of the goats, to make an atonement for you.","for a sin-offering, to make atonement for you; beside the perpetual whole-burnt-offering: and",0.790,0.547
1 Chronicles 26:2,1 Chronicles,26,2,0,none,different_from_both,"And to Meshelemiah, sons: Zechariah firstborn, Jediael second, Zebadiah third, Jathniel fourth,","And the sons of Meshelemiah were, Zechariah the firstborn, Jediael the second, Zebadiah the third, Jathniel the fourth,","And Mosellemia's first-born son was Zacharias, the second Jadiel, the third Zabadia, the fourth Jenuel,",0.837,0.599
2 Chronicles 28:20,2 Chronicles,28,20,0,none,different_from_both,And Tilgathpilneser king of Assyria came upon him and struck him.,"And Tilgathpilneser king of Assyria came unto him, and distressed him, but strengthened him not.","And there came against him Thalgaphellasar king of Assyria, and he afflicted him.",0.752,0.517
1 Chronicles 1:2,1 Chronicles,1,2,0,none,different_from_both,"Kenan, Mahalaleel, Jared,","Kenan, Mahalaleel, Jered,","and Cainan, Maleleel, Jared,",0.955,0.723
Deuteronomy 20:15,Deuteronomy,20,15,0,none,different_from_both,"Thus you shall do to all the cities that are very far from you, which are not from the cities of these nations.","Thus shall you do unto all the cities which are very far off from you, which are not of the cities of these nations.","Thus shalt thou do to all the cities that are very far off from thee, not being of the cities of these nations which the Lord thy God gives thee to inherit their land.",0.888,0.657
Deuteronomy 7:3,Deuteronomy,7,3,0,none,different_from_both,"And you shall certainly not intermarry with them. Your daughter you shall not give to his son, and his daughter you shall not take for your son,","Neither shall you make marriages with them; your daughter you shall not give unto his son, nor his daughter shall you take unto your son.","neither shall ye contract marriages with them: thou shalt not give thy daughter to his son, and thou shalt not take his daughter to thy son.",0.778,0.547
2 Chronicles 9:9,2 Chronicles,9,9,0,none,different_from_both,"And she gave to king one hundred twenty talents of gold and spices in very great abundance and precious stone, and there were no spices like those which queen of Sheba gave to king Solomon.","And she gave the king an hundred and twenty talents of gold, and of spices great abundance, and precious stones: neither was there any such spice as the queen of Sheba gave king Solomon.","And she gave the king a hundred and twenty talents of gold, and spices in very great abundance, and precious stones: and there were not any where else such spices as those which the queen of Saba gave king Solomon.",0.824,0.594
Judges 5:5,Judges,5,5,0,none,different_from_both,"Mountains were shaken from before the Lord, this Sinai, from before the Lord God of Israel.","The mountains melted from before the LORD, even that Sinai from before the LORD God of Israel.","The mountains were shaken before the face of the Lord Eloi, this Sina before the face of the Lord God of Israel.",0.856,0.626
1 Chronicles 2:51,1 Chronicles,2,51,0,none,different_from_both,"Solomon father of Bethlehem, Hareph father of Bethgader.","Salma the father of Bethlehem, Hareph the father of Bethgader.","Salomon the father of Bætha, Lammon the father of Bæthalaem, and Arim the father of Bethgedor.",0.877,0.648
2 Kings 23:1,2 Kings,23,1,0,none,different_from_both,And the king sent and gathered to himself all the elders of Judah and Jerusalem.,"And the king sent, and they gathered unto him all the elders of Judah and of Jerusalem.",So they reported the word to the king: and the king sent and gathered all the elders of Juda and Jerusalem to himself.,0.915,0.687
Job 12:10,Job,12,10,0,none,different_from_both,if not that in his hand is soul of every living thing and breath of every human?,"In whose hand is the soul of every living thing, and the breath of all mankind.","Whereas the life of all living things is in his hand, and the breath of every man.",0.756,0.528
Ezekiel 20:19,Ezekiel,20,19,0,none,different_from_both,"I am the Lord your God. Walk in my ordinances, and keep my judgments and do them,","I am the LORD your God; walk in my statutes, and keep my judgments, and do them;","I am the Lord your God; walk in my commandments, and keep mine ordinances, and do them;",0.922,0.696
1 Chronicles 1:25,1 Chronicles,1,25,0,none,same_as_mt_differs_from_brenton,"Eber, Peleg, Reu,","Eber, Peleg, Reu,","Eber, Pheleg, Ragan,",1.000,0.774
1 Chronicles 2:25,1 Chronicles,2,25,0,none,different_from_both,"And sons of Jerahmeel firstborn of Hezron were Ram the firstborn, and Baana, and Aran, and Ozem his brother.","And the sons of Jerahmeel the firstborn of Hezron were, Ram the firstborn, and Bunah, and Oren, and Ozem, and Ahijah.","And the sons of Jerameel the first-born of Esron were, the first-born Ram, and Banaa, and Aram, and Asan his brother.",0.856,0.630
Deuteronomy 6:13,Deuteronomy,6,13,0,none,different_from_both,"You shall fear the Lord your God, and you shall serve him and cling to him and swear by his name.","You shall fear the LORD your God, and serve him, and shall swear by his name.","Thou shalt fear the Lord thy God, and him only shalt thou serve; and thou shalt cleave to him, and by his name thou shalt swear.",0.828,0.603
Habakkuk 3:3,Habakkuk,3,3,0,none,different_from_both,"God will come from Teman, and Holy One from overshadowing wooded mountain. Pause. His excellence covered heavens, and earth was full of his praise.","God came from Teman, and the Holy One from mount Paran. Selah. His glory covered the heavens, and the earth was full of his praise.","God shall come from Thæman, and the Holy One from the dark shady mount Pharan. Pause.",0.761,0.536
2 Samuel 3:22,2 Samuel,3,22,0,none,different_from_both,"And behold, the servants of David and Joab were coming from the raid and bringing much spoil with them, and Abner was not with David in Hebron, because he had sent him away and he had gone in peace.","And, behold, the servants of David and Joab came from pursuing a troop, and brought in a great spoil with them: but Abner was not with David in Hebron; for he had sent him away, and he was gone in peace.","And, behold, the servants of David and Joab arrived from their expedition, and they brought much spoil with them: and Abenner was not with David in Chebron, because he had sent him away, and he had departed in peace.",0.810,0.586
Exodus 9:15,Exodus,9,15,0,none,different_from_both,"For now, sending out my hand, I will strike you and your people with death, and you will be wiped off from the earth.","For now I will stretch out my hand, that I may strike you and your people with pestilence; and you shall be cut off from the earth.","For now I will stretch forth my hand and smite thee and kill thy people, and thou shalt be consumed from off the earth.",0.780,0.557
Lamentations 3:32,Lamentations,3,32,0,none,different_from_both,Because one who humbled will have compassion according to multitude of his mercy.,"But though he cause grief, yet will he have compassion according to the multitude of his mercies.","Chaph. For he that has brought down will pity, and that according to the abundance of his mercy.",0.766,0.543
Numbers 26:55,Numbers,26,55,0,none,different_from_both,The land shall be divided by lots. By the names of the tribes of their fathers they shall inherit.,Notwithstanding the land shall be divided by lot: according to the names of the tribes of their fathers they shall inherit.,"The land shall be divided to the names by lot, they shall inherit according to the tribes of their families.",0.857,0.634
Hosea 5:15,Hosea,5,15,0,none,different_from_both,"I will go and return to my place until they are destroyed and seek my face; in their affliction they will rise early toward me, saying,","I will go and return to my place, till they acknowledge their offence, and seek my face: in their affliction they will seek me early.","I will go and return to my place, until they are brought to nought, and then shall they seek my face.",0.805,0.583
Deuteronomy 28:61,Deuteronomy,28,61,0,none,different_from_both,"And every sickness and every blow not written in the book of this law, the Lord will bring upon you until he utterly destroys you.","Also every sickness, and every plague, which is not written in the book of this law, them will the LORD bring upon you, until you be destroyed.","And the Lord shall bring upon thee every sickness, and every plague that is not written, and every one that is written in the book of this law, until he shall have destroyed thee.",0.789,0.568
1 Chronicles 23:31,1 Chronicles,23,31,0,none,different_from_both,"and over all whole burnt offerings offered to the Lord on Sabbaths and on new moons and on feasts, by number according to ordinance upon them continually before the Lord,","And to offer all burnt sacrifices unto the LORD in the sabbaths, in the new moons, and on the set feasts, by number, according to the order commanded unto them, continually before the LORD:","and to be over all the whole-burnt-offerings that were offered up to the Lord on the sabbaths, and at the new moons, and at the feasts, by number, according to the order given to them, continually before the Lord.",0.781,0.560
1 Chronicles 7:26,1 Chronicles,7,26,0,none,same_as_mt_differs_from_brenton,"Laadan his son, Ammihud his son, Elishama his son,","Laadan his son, Ammihud his son, Elishama his son.","To Laadan his son was born his son Amiud, his son Helisamai, his son",1.000,0.779
1 Chronicles 8:26,1 Chronicles,8,26,0,none,same_as_mt_differs_from_brenton,"and Shamsherai and Shehariah and Athaliah,","And Shamsherai, and Shehariah, and Athaliah,","and Samsari, and Saarias, and Gotholia,",1.000,0.779
Exodus 20:6,Exodus,20,6,0,none,different_from_both,"""and showing mercy into thousands for those who love me and keep my commandments.""","And showing mercy unto thousands of them that love me, and keep my commandments.","and bestowing mercy on them that love me to thousands of them, and on them that keep my commandments.",0.917,0.697
2 Chronicles 35:19,2 Chronicles,35,19,0,none,different_from_both,In eighteenth year of reign of Josiah this Passover was kept.,In the eighteenth year of the reign of Josiah was this passover kept.,"In the eighteenth year of the reign of Josias this passover was kept, after all these things that Josias did in the house.",0.875,0.656
Numbers 32:11,Numbers,32,11,0,none,different_from_both,"If these men who came up from Egypt, from twenty years old and upward, who know evil and good, shall see the land that I swore to Abraham and Isaac and Jacob, because they did not follow after me—","Surely none of the men that came up out of Egypt, from twenty years old and upward, shall see the land which I swore unto Abraham, unto Isaac, and unto Jacob; because they have not wholly followed me:","Surely these men who came up out of Egypt from twenty years old and upward, who know good and evil, shall not see the land which I sware to give to Abraam and Isaac and Jacob, for they have not closely followed after me:",0.764,0.545
1 Samuel 1:4,1 Samuel,1,4,0,none,different_from_both,"And it came to be on the day Elkanah sacrificed, that he gave to Peninnah his wife and to her sons and her daughters portions,","And when the time was that Elkanah offered, he gave to Peninnah his wife, and to all her sons and her daughters, portions:","And the day came, and Helkana sacrificed, and gave portions to his wife Phennana and her children.",0.793,0.575
Deuteronomy 12:12,Deuteronomy,12,12,0,none,different_from_both,"And you shall rejoice before the Lord your God, you and your sons and your daughters, your male servants and your female servants, and the Levite within your gates, because he has no portion or inheritance with you.","And all of you shall rejoice before the LORD your God, all of you, and your sons, and your daughters, and your male servants, and your maidservants, and the Levite that is within your gates; forasmuch as he has no part nor inheritance with you.","And ye shall rejoice before the Lord your God, ye and your sons, and your daughters, and your men-servants and your maid-servants, and the Levite that is at your gates; because he has no portion or inheritance with you.",0.861,0.643
Numbers 26:6,Numbers,26,6,0,none,different_from_both,"Of Hezron, the clan of the Hezronite; of Carmi, the clan of the Carmite.","Of Hezron, the family of the Hezronites: of Carmi, the family of the Carmites.","To Asron, the family of Asroni: to Charmi, the family of Charmi.",0.873,0.656
1 Kings 13:30,1 Kings,13,30,0,none,different_from_both,"And they laid him in his own tomb, and they mourned for him, Alas, brother.","And he laid his carcass in his own grave; and they mourned over him, saying, Alas, my brother!","and they bewailed him, saying, Alas, brother.",0.787,0.571
Genesis 24:59,Genesis,24,59,0,none,different_from_both,"And they sent away Rebekah their sister and what belonged to her, and Abraham's servant and those with him.","And they sent away Rebekah their sister, and her nurse, and Abraham's servant, and his men.","So they sent forth Rebecca their sister, and her goods, and the servant of Abraam, and his attendants.",0.800,0.584
2 Chronicles 21:12,2 Chronicles,21,12,0,none,different_from_both,"And writing came to him from Elijah the prophet, saying, Thus says the Lord God of David your father: Because you did not walk in way of Jehoshaphat your father and in ways of Asa king of Judah,","And there came a writing to him from Elijah the prophet, saying, Thus says the LORD God of David your father, Because you have not walked in the ways of Jehoshaphat your father, nor in the ways of Asa king of Judah,","And there came to him a message in writing from Eliu the prophet, saying, Thus saith the Lord God of thy father David, Because thou hast not walked in the way of thy father Josaphat, nor in the ways of Asa king of Juda,",0.835,0.619
Leviticus 27:33,Leviticus,27,33,0,none,different_from_both,"He shall not inspect whether it is good or bad, and he shall not exchange it. But if in exchanging he does exchange it, both it and its exchange shall be holy; it shall not be redeemed.","He shall not search whether it be good or bad, neither shall he change it: and if he change it at all, then both it and the change thereof shall be holy; it shall not be redeemed.","Thou shalt not change a good for a bad, or a bad for a good; and if thou shouldest at all change it, its equivalent also shall be holy, it shall not be redeemed.",0.780,0.565
Amos 3:1,Amos,3,1,0,none,different_from_both,"Hear this word that the Lord spoke against you, house of Israel, and against every tribe that I brought up from land of Egypt, saying,","Hear this word that the LORD has spoken against you, O children of Israel, against the whole family which I brought up from the land of Egypt, saying,","Hear ye this word, O house of Israel, which the Lord has spoken concerning you, and against the whole family whom I brought up out of the land of Egypt, saying,",0.819,0.604
2 Chronicles 20:35,2 Chronicles,20,35,0,none,different_from_both,"And after these things Jehoshaphat king of Judah joined himself with Ahaziah king of Israel, and he acted lawlessly.","And after this did Jehoshaphat king of Judah join himself with Ahaziah king of Israel, who did very wickedly:","And afterwards Josaphat king of Juda entered into an alliance with Ochozias king of Israel, (now this was an unrighteous man,)",0.833,0.619
Hosea 11:8,Hosea,11,8,0,none,different_from_both,"How will I make you, Ephraim? Will I defend you, Israel? How will I make you like Admah? I will set you like Zeboiim. My heart was turned within me; my repentance was stirred together.","How shall I give you up, Ephraim? how shall I deliver you, Israel? how shall I make you as Admah? how shall I set you as Zeboim? mine heart is turned within me, my repentings are kindled together.","How shall I deal with thee, Ephraim? how shall I protect thee, Israel? what shall I do with thee? I will make thee as Adama, and as Seboim; my heart is turned at once, my repentance is powerfully excited.",0.769,0.555
Numbers 6:11,Numbers,6,11,0,none,different_from_both,"And the priest shall make one a sin offering and one a whole burnt offering, and the priest shall make atonement for him for what he sinned concerning the dead person, and he shall sanctify his head on that day.","And the priest shall offer the one for a sin offering, and the other for a burnt offering, and make an atonement for him, for that he sinned by the dead, and shall hallow his head that same day.","And the priest shall offer one for a sin-offering; and the other for a whole-burnt-offering; and the priest shall make atonement for him in the things wherein he sinned respecting the dead body, and he shall sanctify his head in that day,",0.751,0.538
1 Chronicles 14:6,1 Chronicles,14,6,0,none,different_from_both,"and Nogah and Nepheg and Ianouou,","And Nogah, and Nepheg, and Japhia,","and Nageth, and Naphath, and Japhie,",0.857,0.646
2 Kings 19:30,2 Kings,19,30,0,none,different_from_both,And the remnant of the house of Judah that escaped and was left will again take root downward and make fruit upward.,"And the remnant that is escaped of the house of Judah shall yet again take root downward, and bear fruit upward.","And he shall increase him that has escaped of the house of Juda: and the remnant shall strike root beneath, and it shall produce fruit above.",0.764,0.553
Judges 20:7,Judges,20,7,0,none,different_from_both,"Behold, all of you are sons of Israel; give to yourselves word and counsel.","Behold, all of you are all children of Israel; give here your advice and counsel.","Behold, all ye are children of Israel; and consider and take counsel here among yourselves.",0.760,0.550
Jeremiah 6:8,Jeremiah,6,8,0,none,different_from_both,"Be disciplined, Jerusalem, lest my soul depart from you, lest I make you pathless land not inhabited.","Be you instructed, O Jerusalem, lest my soul depart from you; lest I make you desolate, a land not inhabited.","Thou shalt be chastened, O Jerusalem, with pain and the scourge, lest my soul depart from thee; lest I make thee a desert land, which shall not be inhabited.",0.846,0.637
Lamentations 1:6,Lamentations,1,6,0,none,different_from_both,"And from daughter Zion all her beauty went out. Her rulers became like rams finding no pasture, and they went in no strength before pursuer.","And from the daughter of Zion all her beauty is departed: her princes are become like harts that find no pasture, and they are gone without strength before the pursuer.","Vau. And all her beauty has been taken away from the daughter of Sion: her princes were as rams finding no pasture, and are gone away in weakness before the face of the pursuer.",0.762,0.555
1 Kings 22:4,1 Kings,22,4,0,none,different_from_both,"And the king of Israel said to Jehoshaphat, Will you come up with us to Ramoth Gilead for war? And Jehoshaphat said, As I am, so are you; as my people, so your people; as my horses, so your horses.","And he said unto Jehoshaphat, Will you go with me to battle to Ramothgilead? And Jehoshaphat said to the king of Israel, I am as you are, my people as your people, my horses as your horses.","And the king of Israel said to Josaphat, Wilt thou go up with us to Remmath Galaad to battle?",0.771,0.566
Exodus 10:12,Exodus,10,12,0,none,different_from_both,"Then the Lord said to Moses, ""Stretch out your hand over the land of Egypt, and let the locust come up on the land and eat every plant of the land and every fruit of the trees that the hail left.""","And the LORD said unto Moses, Stretch out yours hand over the land of Egypt for the locusts, that they may come up upon the land of Egypt, and eat every herb of the land, even all that the hail has left.","And the Lord said to Moses, Stretch out thine hand over the land of Egypt, and let the locust come up on the land, and it shall devour every herb of the land, and all the fruit of the trees, which the hail left.",0.781,0.576
Numbers 6:24,Numbers,6,24,0,none,different_from_both,May the Lord bless you and keep you.,"The LORD bless you, and keep you:",The Lord bless thee and keep thee;,0.939,0.735
Leviticus 1:1,Leviticus,1,1,0,none,different_from_both,"And the Lord called Moses and spoke to him from the tent of testimony, saying,","And the LORD called unto Moses, and spoke unto him out of the tabernacle of the congregation, saying,","And the Lord called Moses again and spoke to him out of the tabernacle of witness, saying, Speak to the children of Israel, and thou shalt say to them,",0.793,0.592
Joshua 15:43,Joshua,15,43,0,none,different_from_both,"and Anoch and Ashnah and Zuph,","And Jiphtah, and Ashnah, and Nezib,","and Jana, and Nasib,",0.754,0.553
Joshua 19:3,Joshua,19,3,0,none,different_from_both,"and Hazarshual and Bola and Azem,","And Hazarshual, and Balah, and Azem,","and Arsola, and Bola, and Jason,",0.954,0.754
Nehemiah 12:33,Nehemiah,12,33,0,none,same_as_mt_differs_from_brenton,"and Azariah, Ezra, and Meshullam,","And Azariah, Ezra, and Meshullam,","and Azarias, and Esdras, and Mesollam,",1.000,0.800
Nehemiah 3:5,Nehemiah,3,5,0,none,different_from_both,"And next to them the Tekoites repaired, but their nobles did not bring their neck into service of their lord.",And next unto them the Tekoites repaired; but their nobles put not their necks to the work of their LORD.,And next to them the Thecoim took their place; but the Adorim applied not their neck to their service.,0.867,0.667
Judges 13:13,Judges,13,13,0,none,different_from_both,"And the angel of the Lord said to Manoah, From all that I said to the woman, let her keep herself.","And the angel of the LORD said unto Manoah, Of all that I said unto the woman let her beware.","And the angel of the Lord said to Manoë, Of all things concerning which I spoke to the woman, she shall beware.",0.882,0.683
Deuteronomy 3:7,Deuteronomy,3,7,0,none,different_from_both,And all the cattle and the spoils of the cities we plundered for ourselves.,"But all the cattle, and the spoil of the cities, we took for a prey to ourselves.",and all the cattle; and we took for a prey to ourselves the spoil of the cities.,0.803,0.605
2 Samuel 18:20,2 Samuel,18,20,0,none,different_from_both,"And Joab said to him, You are not a bearer of good news on this day, but you may bring good news on another day. On this day you shall not bring good news, because the king's son is dead.","And Joab said unto him, You shall not bear tidings this day, but you shall bear tidings another day: but this day you shall bear no tidings, because the king's son is dead.","And Joab said to him, Thou shalt not be a messenger of glad tidings this day; thou shalt bear them another day; but on this day thou shalt bear no tidings, because the king's son is dead.",0.772,0.575
Genesis 6:15,Genesis,6,15,0,none,different_from_both,"And this is how you shall make the ark: the length of the ark three hundred cubits, and the width fifty cubits, and the height thirty cubits.","And this is the fashion which you shall make it of: The length of the ark shall be three hundred cubits, the breadth of it fifty cubits, and the height of it thirty cubits.","And thus shalt thou make the ark; three hundred cubits the length of the ark, and fifty cubits the breadth, and thirty cubits the height of it.",0.826,0.630
2 Chronicles 27:3,2 Chronicles,27,3,0,none,different_from_both,"He built high gate of house of the Lord, and in wall of Ophel he built much.","He built the high gate of the house of the LORD, and on the wall of Ophel he built much.","He built the high gate of the house of the Lord, and he built much in the wall of Opel.",0.912,0.717
1 Chronicles 9:35,1 Chronicles,9,35,0,none,different_from_both,"And in Gibeon dwelt father of Gibeon, Jehiel, and name of his wife was Maachah.","And in Gibeon dwelt the father of Gibeon, Jehiel, whose wife's name was Maachah:",And Jeël the father of Gabaon dwelt in Gabaon; and his wife's name was Moöcha.,0.803,0.609
Exodus 28:29,Exodus,28,29,0,none,different_from_both,"And Aaron shall bear the names of the sons of Israel on the breastpiece of judgments upon his chest when he goes into the holy place, as a memorial before God.","And Aaron shall bear the names of the children of Israel in the breastplate of judgment upon his heart, when he goes in unto the holy place, for a memorial before the LORD continually.","And Aaron shall take the names of the children of Israel, on the oracle of judgment on his breast; a memorial before God for him as he goes into the sanctuary.",0.852,0.658
Numbers 11:6,Numbers,11,6,0,none,different_from_both,But now our life is dried up. There is nothing except this manna before our eyes.,"But now our soul is dried away: there is nothing at all, beside this manna, before our eyes.",But now our soul is dried up; our eyes turn to nothing but to the manna.,0.838,0.644
Exodus 25:36,Exodus,25,36,0,none,different_from_both,Their knobs and their branches shall be from it. All shall be one beaten piece of pure gold.,Their knops and their branches shall be of the same: all it shall be one beaten work of pure gold.,"Let the knops and the branches be of one piece, altogether graven of one piece of pure gold.",0.849,0.656
Deuteronomy 8:14,Deuteronomy,8,14,0,none,different_from_both,"your heart be lifted up and you forget the Lord your God who brought you out from the land of Egypt, from the house of slavery,","Then yours heart be lifted up, and you forget the LORD your God, which brought you forth out of the land of Egypt, from the house of bondage;","thou shouldest be exalted in heart, and forget the Lord thy God, who brought thee out of the land of Egypt, out of the house of bondage:",0.885,0.693
2 Samuel 23:7,2 Samuel,23,7,0,none,different_from_both,"And the man who touches them will arm himself with full iron and the shaft of a spear, and they shall be utterly burned with fire in their shame.",But the man that shall touch them must be fenced with iron and the staff of a spear; and they shall be utterly burned with fire in the same place.,"and a man shall not labour among them; and one shall have that which is fully armed with iron, and the staff of a spear, and he shall burn them with fire, and they shall be burnt in their shame.",0.787,0.596
2 Kings 19:27,2 Kings,19,27,0,none,different_from_both,"And your sitting and your going out and your going in I knew, and your rage against me.","But I know your abode, and your going out, and your coming in, and your rage against me.","But I know thy down-sitting, and thy going forth, and thy rage against me.",0.805,0.615
Deuteronomy 1:18,Deuteronomy,1,18,0,none,different_from_both,And I commanded you at that time all the matters that you should do.,And I commanded you at that time all the things which all of you should do.,And I charged upon you at that time all the commands which ye shall perform.,0.851,0.662
Genesis 35:25,Genesis,35,25,0,none,different_from_both,"And sons of Bilhah, Rachel's servant-girl: Dan and Naphtali.","And the sons of Bilhah, Rachel's handmaid; Dan, and Naphtali:","And the sons of Balla, the hand-maid of Rachel; Dan and Nephthalim.",0.839,0.650
Judges 2:13,Judges,2,13,0,none,different_from_both,And they forsook the Lord and served Baal and the Ashtaroth.,"And they forsook the LORD, and served Baal and Ashtaroth.","And they provoked the Lord, and forsook him, and served Baal and the Astartes.",0.965,0.776
Leviticus 13:35,Leviticus,13,35,0,none,different_from_both,"But if the scaly patch spreads in the skin after his cleansing,",But if the scab spread much in the skin after his cleansing;,"But if the scurf be indeed spread in the skin after he has been purified,",0.876,0.687
2 Samuel 23:35,2 Samuel,23,35,0,none,different_from_both,"Hezrai the Carmelite, Paarai the Erchi,","Hezrai the Carmelite, Paarai the Arbite,",Asarai the Carmelite the son of Uræoerchi.,0.880,0.692
Nehemiah 3:10,Nehemiah,3,10,0,none,different_from_both,"And next to them Jedaiah son of Harumaph repaired opposite his house, and next to him Hattush son of Hashabniah repaired.","And next unto them repaired Jedaiah the son of Harumaph, even opposite to his house. And next unto him repaired Hattush the son of Hashabniah.","And next to them repaired Jedaia the son of Eromaph, and that in front of his house: and next to him repaired Attuth son of Asabania.",0.806,0.618
Judges 5:31,Judges,5,31,0,none,different_from_both,"So let all your enemies perish, O Lord, but those loving him are as the rising of the sun in his might. And the land was at rest forty years.","So let all yours enemies perish, O LORD: but let them that love him be as the sun when he goes forth in his might. And the land had rest forty years.","Thus let all thine enemies perish, O Lord: and they that love him shall be as the going forth of the sun in his strength.",0.823,0.635
Leviticus 14:16,Leviticus,14,16,0,none,different_from_both,And the priest shall dip his right finger in the oil that is on his left hand and sprinkle some of the oil with his finger seven times before the Lord.,"And the priest shall dip his right finger in the oil that is in his left hand, and shall sprinkle of the oil with his finger seven times before the LORD:","And he shall dip with the finger of his right hand into some of the oil that is in his left hand, and he shall sprinkle with his finger seven times before the Lord.",0.957,0.769
2 Chronicles 23:1,2 Chronicles,23,1,0,none,different_from_both,"And in seventh year Jehoiada strengthened himself and took the centurions, Azariah son of Jeroham and Ishmael son of Jehohanan and Azariah son of Obed and Maaseiah son of Adaiah and Elzaphan son of Zechariah, with him into house.","And in the seventh year Jehoiada strengthened himself, and took the captains of hundreds, Azariah the son of Jeroham, and Ishmael the son of Jehohanan, and Azariah the son of Obed, and Maaseiah the son of Adaiah, and Elishaphat the son of Zichri, into covenant with him.","And in the eighth year Jodae strengthened himself, and took the captains of hundreds, Azarias the son of Joram, and Ismael the son of Joanan, and Azarias the son of Obed, and Maasæas the son of Adia, and Elisaphan the son of Zacharias, with him into the house of the Lord.",0.770,0.584
2 Kings 10:28,2 Kings,10,28,0,none,different_from_both,And Jehu destroyed Baal from Israel.,Thus Jehu destroyed Baal out of Israel.,So Ju abolished Baal out of Israel.,0.795,0.609
Exodus 2:8,Exodus,2,8,0,none,different_from_both,"And Pharaoh's daughter said to her, 'Go.' So the young woman went and called the child's mother.","And Pharaoh's daughter said to her, Go. And the maid went and called the child's mother.","And the daughter of Pharao said, Go: and the young woman went, and called the mother of the child.",0.907,0.721
Numbers 4:2,Numbers,4,2,0,none,different_from_both,"Take the headcount of the sons of Kohath from among the sons of Levi, by their clans, by the houses of their fathers,","Take the sum of the sons of Kohath from among the sons of Levi, after their families, by the house of their fathers,","Take the sum of the children of Caath from the midst of the sons of Levi, after their families, according to the houses of their fathers' households;",0.881,0.695
Joshua 13:18,Joshua,13,18,0,none,different_from_both,"and Jahaz and Kedemoth and Mephaath,","And Jahaza, and Kedemoth, and Mephaath,","and Basan, and Bakedmoth, and Mæphaad,",0.986,0.800
1 Chronicles 11:36,1 Chronicles,11,36,0,none,same_as_mt_differs_from_brenton,"Hepher the Mecherathite, Ahijah the Pelonite,","Hepher the Mecherathite, Ahijah the Pelonite,","the Mechorathrite, Achia the Phellonite,",1.000,0.815
2 Chronicles 29:20,2 Chronicles,29,20,0,none,different_from_both,And Hezekiah the king rose early and gathered rulers of city and went up to house of the Lord.,"Then Hezekiah the king rose early, and gathered the rulers of the city, and went up to the house of the LORD.","And king Ezekias rose early in the morning, and gathered the chief men of the city, and went up to the house of the Lord.",0.915,0.730
2 Samuel 7:3,2 Samuel,7,3,0,none,different_from_both,"And Nathan said to the king, All things whatever are in your heart, go and do, because the Lord is with you.","And Nathan said to the king, Go, do all that is in yours heart; for the LORD is with you.","And Nathan said to the king, Go and do all that is in thine heart, for the Lord is with thee.",0.783,0.598
Genesis 10:4,Genesis,10,4,0,none,different_from_both,"And sons of Javan: Elishah and Tarshish, Kittim, Dodanim.","And the sons of Javan; Elishah, and Tarshish, Kittim, and Dodanim.","And the sons of Jovan, Elisa, and Tharseis, Cetians, Rhodians.",0.930,0.745
Judges 11:40,Judges,11,40,0,none,different_from_both,"From days to days the daughters of Israel went to lament the daughter of Jephthah the Gileadite, four days in the year.",That the daughters of Israel went yearly to lament the daughter of Jephthah the Gileadite four days in a year.,"and it was an ordinance in Israel, That the daughters of Israel went from year to year to bewail the daughter of Jephthae the Galaadite for four days in a year.",0.876,0.691
2 Chronicles 29:33,2 Chronicles,29,33,0,none,different_from_both,And holy things were six hundred calves and three thousand sheep.,And the consecrated things were six hundred oxen and three thousand sheep.,"And the consecrated calves were six hundred, and the sheep three thousand.",0.832,0.647
1 Chronicles 16:6,1 Chronicles,16,6,0,none,different_from_both,and Benaiah and Uzziel the priests with trumpets continually before ark of covenant of God.,Benaiah also and Jahaziel the priests with trumpets continually before the ark of the covenant of God.,and Banæas and Oziel the priests sounding continually with trumpets before the ark of the covenant of God in that day.,0.880,0.696
1 Chronicles 2:5,1 Chronicles,2,5,0,none,different_from_both,Sons of Perez: Hezron and Hamul.,"The sons of Pharez; Hezron, and Hamul.","The sons of Phares, Esrom, and Jemuel.",0.892,0.708
Exodus 16:13,Exodus,16,13,0,none,different_from_both,"And it happened at evening that quail came up and covered the camp, and in the morning, as the dew was settling around the camp,","And it came to pass, that at even the quails came up, and covered the camp: and in the morning the dew lay round about the host.","And it was evening, and quails came up and covered the camp:",0.763,0.579
Ezekiel 48:27,Ezekiel,48,27,0,none,different_from_both,"And beside border of Zebulun, from east side to west side, Gad, one portion.","And by the border of Zebulun, from the east side unto the west side, Gad a portion.","And from the borders of Zabulon, from the east to the western parts, Gad, one.",0.855,0.671
Leviticus 13:15,Leviticus,13,15,0,none,different_from_both,And the priest shall inspect the healthy flesh and pronounce him unclean. The healthy flesh is unclean. It is skin-disease.,"And the priest shall see the raw flesh, and pronounce him to be unclean: for the raw flesh is unclean: it is a leprosy.","And the priest shall look upon the sound flesh, and the sound flesh shall prove him to be unclean; for it is unclean, it is a leprosy.",0.783,0.600
Numbers 3:19,Numbers,3,19,0,none,different_from_both,"And the sons of Kohath by their clans: Amram and Izehar, Hebron and Uzziel.","And the sons of Kohath by their families; Amram, and Izehar, Hebron, and Uzziel.","and the sons of Caath according to their families; Amram and Issaar, Chebron and Oziel:",0.939,0.756
Deuteronomy 16:21,Deuteronomy,16,21,0,none,different_from_both,"You shall not plant for yourself a grove, any tree, beside the altar of the Lord your God that you make for yourself.","You shall not plant you a grove of any trees near unto the altar of the LORD your God, which you shall make you.",Thou shalt not plant for thyself a grove; thou shalt not plant for thyself any tree near the altar of thy God.,0.786,0.604
1 Samuel 12:8,1 Samuel,12,8,0,none,different_from_both,"When Jacob and his sons entered into Egypt, and Egypt humbled them, our fathers cried out to the Lord, and the Lord sent Moses and Aaron and brought our fathers out of Egypt and settled them in this place.","When Jacob was come into Egypt, and your fathers cried unto the LORD, then the LORD sent Moses and Aaron, which brought forth your fathers out of Egypt, and made them dwell in this place.","When Jacob and his sons went into Egypt, and Egypt humbled them, then our fathers cried to the Lord, and the Lord sent Moses and Aaron; and they brought our fathers out of Egypt, and he made them to dwell in this place.",0.804,0.623
Deuteronomy 32:9,Deuteronomy,32,9,0,none,different_from_both,"And the Lord's portion became his people, Jacob, the measuring line of his inheritance, Israel.",For the LORD's portion is his people; Jacob is the lot of his inheritance.,"And his people Jacob became the portion of the Lord, Israel was the line of his inheritance.",0.758,0.578
Ezekiel 36:19,Ezekiel,36,19,0,none,different_from_both,And I scattered them among nations and winnowed them into lands; according to their way and according to their sin I judged them.,"And I scattered them among the heathen, and they were dispersed through the countries: according to their way and according to their doings I judged them.","and I dispersed them among the nations, and utterly scattered them through the countries: I judged them according to their way and according to their sin.",0.791,0.612
1 Kings 18:24,1 Kings,18,24,0,none,different_from_both,"And call aloud on the name of your gods, and I will call on the name of the Lord my God, and the god who answers by fire, he is God. And all the people answered and said, Good is the word that you spoke.","And call all of you on the name of your gods, and I will call on the name of the LORD: and the God that answers by fire, let him be God. And all the people answered and said, It is well spoken.","And do ye call loudly on the name of your gods, and I will call on the name of the Lord my God, and it shall come to pass that the God who shall answer by fire, he is God. And all the people answered and said, The word which thou hast spoken is good.",0.854,0.676
Numbers 27:8,Numbers,27,8,0,none,different_from_both,"And you shall speak to the sons of Israel, saying, If a man dies and has no son, you shall put his inheritance upon his daughter.","And you shall speak unto the children of Israel, saying, If a man die, and have no son, then all of you shall cause his inheritance to pass unto his daughter.","If a man die, and have no son, ye shall assign his inheritance to his daughter.",0.835,0.657
1 Chronicles 4:5,1 Chronicles,4,5,0,none,different_from_both,"And to Ashur father of Tekoa were two wives, Helah and Naarah.","And Ashur the father of Tekoa had two wives, Helah and Naarah.","And Asur the father of Thecoe had two wives, Aoda and Thoada.",0.883,0.706
Ezekiel 37:17,Ezekiel,37,17,0,none,different_from_both,"And join them one to another for yourself into one rod, to bind them, and they will be in your hand.",And join them one to another into one stick; and they shall become one in yours hand.,"And thou shalt join them together for thyself, so as that they should bind themselves into one stick; and they shall be in thine hand.",0.756,0.579
Nehemiah 13:28,Nehemiah,13,28,0,none,different_from_both,"And from sons of Joiada, of Eliashib the great priest, was son-in-law of Sanballat the Horonite, and I drove him out from me.","And one of the sons of Joiada, the son of Eliashib the high priest, was son in law to Sanballat the Horonite: therefore I chased him from me.","and Elisub the high priest, one of the sons of Joada, being son-in-law of Sanaballat the Uranite, I chased him away from me.",0.791,0.614
1 Samuel 11:1,1 Samuel,11,1,0,none,different_from_both,"And it came to be as after a month, Nahash the Ammonite went up and camped against Jabesh Gilead, and all the men of Jabesh said to Nahash the Ammonite, Make a covenant with us, and we will serve you.","Then Nahash the Ammonite came up, and encamped against Jabeshgilead: and all the men of Jabesh said unto Nahash, Make a covenant with us, and we will serve you.","And it came to pass about a month after this, that Naas the Ammanite went up, and encamped against Jabis Galaad: and all the men of Jabis said to Naas the Ammanite, Make a covenant with us, and we will serve thee.",0.834,0.657
Leviticus 8:18,Leviticus,8,18,0,none,different_from_both,"And Moses brought near the ram for whole burnt offering, and Aaron and his sons laid their hands on the head of the ram.",And he brought the ram for the burnt offering: and Aaron and his sons laid their hands upon the head of the ram.,"And Moses brought near the ram for a whole-burnt-offering, and Aaron and his sons laid their hands on the head of the ram. And Moses slew the ram: and Moses poured the blood on the altar round about.",0.930,0.754
Ruth 3:1,Ruth,3,1,0,none,different_from_both,"And Naomi her mother-in-law said to her, Daughter, shall I not seek rest for you, so that it may be well with you?","Then Naomi her mother in law said unto her, My daughter, shall I not seek rest for you, that it may be well with you?","And she lodged with her mother-in-law: and Noemin her mother-in-law said to her, My daughter, shall I not seek rest for thee, that it may be well with thee?",0.942,0.766
2 Samuel 24:1,2 Samuel,24,1,0,none,different_from_both,"And again the anger of the Lord burned in Israel, and he shook David among them, saying, Go, number Israel and Judah.","And again the anger of the LORD was kindled against Israel, and he moved David against them to say, Go, number Israel and Judah.","And the Lord caused his anger to burn forth again in Israel, and Satan stirred up David against them, saying, Go, number Israel and Juda.",0.839,0.664
Numbers 24:21,Numbers,24,21,0,none,different_from_both,"And seeing the Kenite and taking up his oracle, he said: Strong is your dwelling-place, and if you set your nest in the rock,","And he looked on the Kenites, and took up his parable, and said, Strong is your dwelling place, and you put your nest in a rock.","And having seen the Kenite, he took up his parable and said, Thy dwelling-place is strong; yet though thou shouldest put thy nest in a rock,",0.836,0.661
1 Chronicles 23:8,1 Chronicles,23,8,0,none,different_from_both,"Sons of Laadan: chief Jehiel, and Zetham, and Joel, three.","The sons of Laadan; the chief was Jehiel, and Zetham, and Joel, three.","The sons of Edan were Jeiel, the chief, and Zethan, and Joel, three.",0.898,0.724
Deuteronomy 26:1,Deuteronomy,26,1,0,none,different_from_both,"And it shall be, if you enter into the land that the Lord your God gives you as an inheritance and inherit it and dwell on it,","And it shall be, when you are come in unto the land which the LORD your God gives you for an inheritance, and possess it, and dwell therein;","And it shall be when thou shalt have entered into the land, which the Lord thy God gives thee to inherit it, and thou shalt have inherited it, and thou shalt have dwelt upon it,",0.800,0.626
Ezekiel 5:8,Ezekiel,5,8,0,none,different_from_both,"Therefore thus says the Lord: Behold, I am against you and will do judgment in your midst before nations.","Therefore thus says the Lord GOD; Behold, I, even I, am against you, and will execute judgments in the midst of you in the sight of the nations.","Behold, I am against thee, and I will execute judgment in the midst of thee in the sight of the nations.",0.775,0.601
Song of Solomon 4:15,Song of Solomon,4,15,0,none,different_from_both,"Spring of gardens, well of living water and rushing from Lebanon.","A fountain of gardens, a well of living waters, and streams from Lebanon.","a fountain of a garden, and a well of water springing and gurgling from Libanus.",0.812,0.638
1 Chronicles 5:15,1 Chronicles,5,15,0,none,different_from_both,"son of Abdiel son of Guni, chief of house of fathers.","Ahi the son of Abdiel, the son of Guni, chief of the house of their fathers.","who was the brother of the son of Abdiel, the son of Guni, he was chief of the house of their families.",0.823,0.649
Exodus 15:12,Exodus,15,12,0,none,different_from_both,"""You stretched out your right hand; earth swallowed them.""","You stretched out your right hand, the earth swallowed them.","Thou stretchedst forth thy right hand, the earth swallowed them up.",0.964,0.790
Numbers 9:2,Numbers,9,2,0,none,different_from_both,Tell the sons of Israel also to keep the Passover at its appointed time.,Let the children of Israel also keep the passover at his appointed season.,"Speak, and let the children of Israel keep the passover in its season.",0.806,0.633
1 Chronicles 3:3,1 Chronicles,3,3,0,none,different_from_both,"the fifth Shephatiah by Abital, the sixth Ithream by Eglah his wife.","The fifth, Shephatiah of Abital: the sixth, Ithream by Eglah his wife.","The fifth, Saphatia, the son of Abital; the sixth, Jethraam, born of Agla his wife.",0.970,0.797
Ezekiel 7:1,Ezekiel,7,1,0,none,different_from_both,"And the word of the Lord came to me, saying,","Moreover the word of the LORD came unto me, saying,","Moreover the word of the Lord came to me, saying, Also, thou, son of man, say,",0.857,0.684
Exodus 12:28,Exodus,12,28,0,none,different_from_both,And the sons of Israel went away and did just as the Lord commanded Moses and Aaron; so they did.,"And the children of Israel went away, and did as the LORD had commanded Moses and Aaron, so did they.","And the people bowed and worshipped. And the children of Israel departed and did as the Lord commanded Moses and Aaron, so did they.",0.860,0.688
Ezekiel 48:26,Ezekiel,48,26,0,none,different_from_both,"And beside border of Issachar, from east side to west side, Zebulun, one portion.","And by the border of Issachar, from the east side unto the west side, Zebulun a portion.","And from the borders of Issachar, from the eastern parts to the western, Zabulon, one.",0.864,0.692
Nehemiah 6:12,Nehemiah,6,12,0,none,different_from_both,"And I recognized, and behold, God had not sent him, but he spoke the prophecy-word against me, and Tobiah and Sanballat had hired him.","And, lo, I perceived that God had not sent him; but that he pronounced this prophecy against me: for Tobiah and Sanballat had hired him.","And I observed, and, behold, God had not sent him, for the prophecy was a fable devised against me:",0.800,0.628
Numbers 35:19,Numbers,35,19,0,none,different_from_both,"The avenger of blood, this one shall kill the murderer. When he meets him, this one shall kill him.","The revenger of blood himself shall slay the murderer: when he meet him, he shall slay him.",The avenger of blood himself shall slay the murderer: whensoever he shall meet him he shall slay him.,0.842,0.670
Haggai 2:15,Haggai,2,15,0,none,different_from_both,"And now set this on your hearts from this day and upward, before stone was set upon stone in temple of the Lord.","And now, I pray you, consider from this day and upward, from before a stone was laid upon a stone in the temple of the LORD:","And now consider, I pray you, from this day and beforetime, before they laid a stone on a stone in the temple of the Lord, what manner of men ye were.",0.783,0.612
Isaiah 37:13,Isaiah,37,13,0,none,different_from_both,"Where are kings of Hamath and Arpad and city of Sepharvaim, Hena, Ivvah?","Where is the king of Hamath, and the king of Arphad, and the king of the city of Sepharvaim, Hena, and Ivah?","Where are the kings of Emath? and where is the king of Arphath? and where is the king of the city of Eppharuaim, and of Anagugana?",0.756,0.585
Genesis 25:2,Genesis,25,2,0,none,different_from_both,And she bore to him Zimran and Jokshan and Medan and Midian and Ishbak and Shuah.,"And she bare him Zimran, and Jokshan, and Medan, and Midian, and Ishbak, and Shuah.","And she bore to him Zombran, and Jezan, and Madal, and Madiam, and Jesboc, and Soie.",0.968,0.797
1 Kings 2:21,1 Kings,2,21,0,none,different_from_both,"And she said, Let Abishag the Shunammite be given to Adonijah your brother as wife.","And she said, Let Abishag the Shunammite be given to Adonijah your brother to wife.","And she said, Let, I pray thee, Abisag the Somanite be given to Adonias thy brother to wife.",0.975,0.805
2 Samuel 2:12,2 Samuel,2,12,0,none,different_from_both,And Abner son of Ner and the servants of Ishbosheth son of Saul went out from Mahanaim to Gibeon.,"And Abner the son of Ner, and the servants of Ishbosheth the son of Saul, went out from Mahanaim to Gibeon.","And Abenner the son of Ner went forth, and the servants of Jebosthe the son of Saul, from Manaem to Gabaon.",0.960,0.790
Proverbs 27:2,Proverbs,27,2,0,none,different_from_both,"Let neighbor praise you, not your own mouth; stranger, not your own lips.","Let another man praise you, and not yours own mouth; a stranger, and not yours own lips.","Let thy neighbour, and not thine own mouth, praise thee; a stranger, and not thine own lips.",0.837,0.667
1 Chronicles 7:36,1 Chronicles,7,36,0,none,different_from_both,"Sons of Zophah: Chouchi, Harnepher, Shual, Beri, and Imrah,","The sons of Zophah; Suah, and Harnepher, and Shual, and Beri, and Imrah,","The sons of Sopha; Sue, and Arnaphar, and Suda, and Barin, and Imran,",0.790,0.621
Proverbs 6:4,Proverbs,6,4,0,none,different_from_both,"Do not give sleep to your eyes, nor slumber to your eyelids,","Give not sleep to yours eyes, nor slumber to yours eyelids.","Give not sleep to thine eyes, nor slumber with thine eyelids;",0.887,0.718
Deuteronomy 32:7,Deuteronomy,32,7,0,none,different_from_both,"Remember days of old; understand the years of generation after generation. Ask your father, and he will report to you, your elders, and they will tell you.","Remember the days of old, consider the years of many generations: ask your father, and he will show you; your elders, and they will tell you.","Remember the days of old, consider the years for past ages: ask thy father, and he shall relate to thee, thine elders, and they shall tell thee.",0.845,0.676
Genesis 31:14,Genesis,31,14,0,none,different_from_both,"And Rachel and Leah answered and said to him, Is there still a portion or inheritance for us in our father's house?","And Rachel and Leah answered and said unto him, Is there yet any portion or inheritance for us in our father's house?","And Rachel and Lea answered and said to him, Have we yet a part or inheritance in the house of our father?",0.956,0.787
Judges 8:32,Judges,8,32,0,none,different_from_both,And Gideon son of Joash died in a good old age and was buried in the tomb of Joash his father in Ephrathah of the Abiezrites.,"And Gideon the son of Joash died in a good old age, and was buried in the tomb of Joash his father, in Ophrah of the Abiezrites.","And Gedeon son of Joas died in his city, and was buried in the sepulchre of Joas his father in Ephratha of Abi-Esdri.",0.964,0.795
1 Kings 11:19,1 Kings,11,19,0,none,different_from_both,"And Hadad found favor before Pharaoh greatly, and he gave him as wife the sister of his own wife, sister of Tahpenes the elder.","And Hadad found great favour in the sight of Pharaoh, so that he gave him to wife the sister of his own wife, the sister of Tahpenes the queen.","And Ader found great favour in the sight of Pharao, and he gave him his wife's sister in marriage, the elder sister of Thekemina.",0.803,0.635
Genesis 25:3,Genesis,25,3,0,none,different_from_both,And Jokshan begot Teman and Sheba and Dedan. And sons of Dedan became Reuel and Adbeel and Asshurim and Letushim and Leummim.,"And Jokshan brings forth Sheba, and Dedan. And the sons of Dedan were Asshurim, and Letushim, and Leummim.","And Jezan begot Saba and Dedan. And the sons of Dedan were the Assurians and the Latusians, and Laomim.",0.786,0.619
Judges 11:5,Judges,11,5,0,none,different_from_both,"And it came to be when the sons of Ammon were making war with Israel, the elders of Gilead went to take Jephthah from the land of Tob.","And it was so, that when the children of Ammon made war against Israel, the elders of Gilead went to fetch Jephthah out of the land of Tob:",that the elders of Galaad went to fetch Jephthae from the land of Tob.,0.784,0.617
Leviticus 13:38,Leviticus,13,38,0,none,different_from_both,"And if a man or a woman has on the skin of the flesh bright spots, pale white bright spots,","If a man also or a woman have in the skin of their flesh bright spots, even white bright spots;","And if a man or woman should have in the skin of their flesh spots of a bright whiteness,",0.879,0.712
2 Kings 2:25,2 Kings,2,25,0,none,different_from_both,"And he went from there to Mount Carmel, and from there he returned to Samaria.","And he went from thence to mount Carmel, and from thence he returned to Samaria.","And he went thence to mount Carmel, and returned thence to Samaria.",0.961,0.794
1 Kings 22:39,1 Kings,22,39,0,none,different_from_both,"And the rest of the matters of Ahab and all that he did and the ivory house that he built and all the cities that he made, behold, are these not written in the Book of the Matters of the Days of the kings of Israel?","Now the rest of the acts of Ahab, and all that he did, and the ivory house which he made, and all the cities that he built, are they not written in the book of the chronicles of the kings of Israel?","And the rest of the acts of Achaab, and all that he did, and the ivory house which he built, and all the cities which he built, behold, are not these things written in the book of the chronicles of the kings of Israel?",0.840,0.675
Judges 20:4,Judges,20,4,0,none,different_from_both,"And the Levite man, husband of the murdered woman, answered and said, I came to Gibeah of Benjamin, I and my concubine, to lodge.","And the Levite, the husband of the woman that was slain, answered and said, I came into Gibeah that belongs to Benjamin, I and my concubine, to lodge.","And the Levite, the husband of the woman that was slain, answered and said, I and my concubine went to Gabaa of Benjamin to lodge.",0.824,0.659
Deuteronomy 20:12,Deuteronomy,20,12,0,none,different_from_both,"And if they do not obey you and make war against you, then you shall besiege it.","And if it will make no peace with you, but will make war against you, then you shall besiege it:","But if they will not hearken to thee, but wage war against thee, thou shalt invest it;",0.760,0.596
Numbers 23:5,Numbers,23,5,0,none,different_from_both,"And God put a word in Balaam's mouth and said, Returning to Balak, you shall speak thus.","And the LORD put a word in Balaam's mouth, and said, Return unto Balak, and thus you shall speak.","And God put a word into the mouth of Balaam, and said, Thou shalt return to Balac, and thus shalt thou speak.",0.852,0.688
Ezekiel 15:8,Ezekiel,15,8,0,none,different_from_both,"And I will make land desolation, because they committed offense, says the Lord.","And I will make the land desolate, because they have committed a trespass, says the Lord GOD.","And I will give up the land to ruin, because they have utterly transgressed, saith the Lord.",0.819,0.655
Nehemiah 12:15,Nehemiah,12,15,0,none,different_from_both,"to Harim, Adna; to Meraioth, Helkai;","Of Harim, Adna; of Meraioth, Helkai;","to Are, Mannas; to Marioth, Elcai;",0.938,0.774
2 Kings 10:29,2 Kings,10,29,0,none,different_from_both,"Only, from the sins of Jeroboam son of Nebat, who made Israel sin, Jehu did not turn away from after them, the golden calves in Bethel and in Dan.","Nevertheless from the sins of Jeroboam the son of Nebat, who made Israel to sin, Jehu departed not from after them, to know, the golden calves that were in Bethel, and that were in Dan.","Nevertheless Ju departed not from following the sins of Jeroboam the son of Nabat, who led Israel to sin: these were the golden heifers in Bæthel and in Dan.",0.800,0.637
Numbers 5:10,Numbers,5,10,0,none,different_from_both,And each man's holy things shall be his. Whatever a man gives to the priest shall be his.,"And every man's hallowed things shall be his: whatsoever any man gives the priest, it shall be his.","And the hallowed things of every man shall be his; and whatever man shall give any thing to the priest, the gift shall be his.",0.862,0.699
Deuteronomy 22:26,Deuteronomy,22,26,0,none,different_from_both,"And to the young woman you shall do nothing. The young woman has no sin worthy of death, because as when a man rises against his neighbor and murders his life, so is this matter,","But unto the damsel you shall do nothing; there is in the damsel no sin worthy of death: for as when a man rises against his neighbour, and slays him, even so is this matter:","And the damsel has not committed a sin worthy of death; as if a man should rise up against his neighbour, and slay him, so is this thing;",0.787,0.625
Ezekiel 48:25,Ezekiel,48,25,0,none,different_from_both,"And beside border of Simeon, from east side to west side, Issachar, one portion.","And by the border of Simeon, from the east side unto the west side, Issachar a portion.","And from the borders of Symeon, from the eastern parts to the western, Issachar, one.",0.863,0.701
2 Kings 6:28,2 Kings,6,28,0,none,different_from_both,"And the king said to her, What troubles you? And the woman said, This woman said to me, Give your son, and let us eat him today, and my son we will eat tomorrow.","And the king said unto her, What disturbs you? And she answered, This woman said unto me, Give your son, that we may eat him to day, and we will eat my son tomorrow.","And the king said to her, What is the matter with thee? And the woman said to him, This woman said to me, Give thy son, and we will eat him to-day, and we will eat my son to-morrow.",0.827,0.665
Genesis 31:46,Genesis,31,46,0,none,different_from_both,"And Jacob said to his brothers, Gather stones. And they gathered stones and made a heap, and they ate there on the heap.","And Jacob said unto his brethren, Gather stones; and they took stones, and made an heap: and they did eat there upon the heap.","And Jacob said to his brethren, Gather stones; and they gathered stones and made a heap, and ate there upon the heap; and Laban said to him, This heap witnesses between me and thee to-day.",0.886,0.725
Genesis 46:12,Genesis,46,12,0,none,different_from_both,And the sons of Judah: Er and Onan and Shallum and Perez and Zerah. And Er and Onan died in the land of Canaan. And the sons of Perez became Hezron and Jemuel.,"And the sons of Judah; Er, and Onan, and Shelah, and Pharez, and Zarah: but Er and Onan died in the land of Canaan. And the sons of Pharez were Hezron and Hamul.","And the sons of Judas; Er, and Aunan, and Selom, and Phares, and Zara: and Er and Aunan died in the land of Chanaan.",0.896,0.735
Leviticus 27:29,Leviticus,27,29,0,none,different_from_both,"And every devoted thing that is devoted from humans shall not be redeemed, but shall surely be put to death.","None devoted, which shall be devoted of men, shall be redeemed; but shall surely be put to death.","And whatever shall be dedicated of men, shall not be ransomed, but shall be surely put to death.",0.804,0.643
Joshua 13:11,Joshua,13,11,0,none,different_from_both,"and Gilead and the boundaries of Geshurites and the Maachathites, all Mount Hermon and all Bashan as far as Salcah,","And Gilead, and the border of the Geshurites and Maachathites, and all mount Hermon, and all Bashan unto Salcah;","and the region of Galaad, and the borders of the Gesirites and the Machatites, the whole mount of Aermon, and all the land of Basan to Acha.",0.851,0.691
1 Chronicles 3:20,1 Chronicles,3,20,0,none,different_from_both,"and Hashubah and Ohel and Berechiah and Hasadiah and Jushabhesed, five.","And Hashubah, and Ohel, and Berechiah, and Hasadiah, Jushabhesed, five.","And Asube, and Ool, and Barachia, and Asadia, and Asobed, five.",0.970,0.810
1 Chronicles 2:52,1 Chronicles,2,52,0,none,different_from_both,And sons of Shobal father of Kirjathjearim were Haroeh and half of the Manahethites.,"And Shobal the father of Kirjathjearim had sons; Haroeh, and half of the Manahethites.","And the sons of Sobal the father of Cariathiarim were Araa, and Æsi, and Ammanith,",0.855,0.696
Ezekiel 48:2,Ezekiel,48,2,0,none,different_from_both,"And beside border of Dan, from east side to west side, Asher, one portion.","And by the border of Dan, from the east side unto the west side, a portion for Asher.","And from the borders of Dan eastward as far as the west sea-coast, for Asser, one.",0.763,0.604
2 Kings 24:1,2 Kings,24,1,0,none,different_from_both,"In his days Nebuchadnezzar king of Babylon came up, and Joakim became his servant three years, and he turned and rebelled against him.","In his days Nebuchadnezzar king of Babylon came up, and Jehoiakim became his servant three years: then he turned and rebelled against him.","In his days went up Nabuchodonosor king of Babylon, and Joakim became his servant three years; and then he turned and revolted from him.",0.970,0.811
Genesis 10:7,Genesis,10,7,0,none,different_from_both,And sons of Cush: Sheba and Havilah and Sabtah and Raamah and Sabtechah. And sons of Raamah: Sheba and Dedan.,"And the sons of Cush; Seba, and Havilah, and Sabtah, and Raamah, and Sabtechah: and the sons of Raamah; Sheba, and Dedan.","And the sons of Chus, Saba, and Evila, and Sabatha, and Rhegma, and Sabathaca. And the sons of Rhegma, Saba, and Dadan.",0.959,0.800
Job 15:6,Job,15,6,0,none,different_from_both,"Your own mouth will reprove you, not I; your lips will testify against you.","Yours own mouth condemns you, and not I: yea, yours own lips testify against you.","Let thine own mouth, and not me, reprove thee: and thy lips shall testify against thee.",0.752,0.594
Isaiah 1:18,Isaiah,1,18,0,none,different_from_both,"Come and let us reason together, says the Lord. And if your sins are as scarlet, I will whiten as snow; if they are as crimson, I will whiten as wool.","Come now, and let us reason together, says the LORD: though your sins be as scarlet, they shall be as white as snow; though they be red like crimson, they shall be as wool.","And come, let us reason together, saith the Lord: and though your sins be as purple, I will make them white as snow; and though they be as scarlet, I will make them white as wool.",0.770,0.614
Judges 11:22,Judges,11,22,0,none,different_from_both,And it inherited all the border of the Amorite from Arnon to Jabbok and from the wilderness to the Jordan.,"And they possessed all the coasts of the Amorites, from Arnon even unto Jabbok, and from the wilderness even unto Jordan.","from Arnon and to Jaboc, and from the wilderness to Jordan.",0.798,0.642
Genesis 31:45,Genesis,31,45,0,none,different_from_both,And Jacob took a stone and set it up as a pillar.,"And Jacob took a stone, and set it up for a pillar.","And Jacob having taken a stone, set it up for a pillar.",0.948,0.792
Ezra 2:2,Ezra,2,2,0,none,different_from_both,"Those who came with Zerubbabel were Jeshua, Nehemiah, Seraiah, Reelaiah, Mordecai, Bilshan, Mizpar, Bigvai, Rehum, and Baana. Number of men of people of Israel:","Which came with Zerubbabel: Jeshua, Nehemiah, Seraiah, Reelaiah, Mordecai, Bilshan, Mizpar, Bigvai, Rehum, Baanah. The number of the men of the people of Israel:","who came with Zorobabel: Jesus, Neemias, Saraias, Reelias, Mardochæus, Balasan, Masphar, Baguai, Reum, Baana. The number of the people of Israel:",0.893,0.738
Isaiah 39:3,Isaiah,39,3,0,none,different_from_both,"And Isaiah the prophet came to king Hezekiah and said to him, What do these men say, and from where did they come to you? And Hezekiah said, From far land they came to me, from Babylon.","Then came Isaiah the prophet unto king Hezekiah, and said unto him, What said these men? and from whence came they unto you? And Hezekiah said, They are come from a far country unto me, even from Babylon.","And Esaias the prophet came to king Ezekias, and said to him, What say these men? and whence came they to thee? and Ezekias said, They are come to me from a land afar off, from Babylon.",0.782,0.627
1 Samuel 31:13,1 Samuel,31,13,0,none,different_from_both,And they took their bones and buried them under the tamarisk tree at Jabesh and fasted seven days.,"And they took their bones, and buried them under a tree at Jabesh, and fasted seven days.","And they take their bones, and bury them in the field that is in Jabis, and fast seven days.",0.940,0.785
Exodus 23:30,Exodus,23,30,0,none,different_from_both,"Little by little I will drive them out from before you, until you increase and inherit the land.","By little and little I will drive them out from before you, until you be increased, and inherit the land.","By little and little I will cast them out from before thee, until thou shalt be increased and inherit the earth.",0.939,0.784
Jeremiah 23:25,Jeremiah,23,25,0,none,different_from_both,"I heard what prophets say, those prophesying lies in my name, saying, I dreamed dream.","I have heard what the prophets said, that prophesy lies in my name, saying, I have dreamed, I have dreamed.","I have heard what the prophets say, what they prophesy in my name, saying falsely, I have seen a night vision.",0.815,0.660
1 Chronicles 1:36,1 Chronicles,1,36,0,none,different_from_both,"Sons of Eliphaz: Teman, Omar, Zephi, Gatam, Kenaz, and from Timnah, Amalek.","The sons of Eliphaz; Teman, and Omar, Zephi, and Gatam, Kenaz, and Timna, and Amalek.","The sons of Eliphaz: Thæman, and Omar, Sophar, and Goötham, and Kenez, and Thamna, and Amalec.",0.847,0.693
Deuteronomy 21:12,Deuteronomy,21,12,0,none,different_from_both,"then you shall bring her inside your house, and she shall shave her head and pare her nails,","Then you shall bring her home to yours house, and she shall shave her head, and trim her nails;","and shouldest bring her within thine house: then shalt thou shave her head, and pare her nails;",0.901,0.747
Exodus 20:15,Exodus,20,15,0,none,different_from_both,"""You shall not murder.""",You shall not steal.,Thou shalt not kill.,0.769,0.615
Malachi 2:5,Malachi,2,5,0,none,different_from_both,"My covenant with him was of life and peace, and I gave it to him in fear, to fear me and to shrink before my name.","My covenant was with him of life and peace; and I gave them to him for the fear wherewith he feared me, and was afraid before my name.","My covenant of life and peace was with him, and I gave it him that he might reverently fear me, and that he might be awe-struck at my name.",0.802,0.648
Numbers 31:13,Numbers,31,13,0,none,different_from_both,And Moses and Eleazar the priest and all the leaders of the congregation went out to meet them outside the camp.,"And Moses, and Eleazar the priest, and all the princes of the congregation, went forth to meet them without the camp.",And Moses and Eleazar the priest and all the rulers of the synagogue went forth out of the camp to meet them.,0.902,0.749
Deuteronomy 1:2,Deuteronomy,1,2,0,none,different_from_both,Eleven days from Horeb by the road of Mount Seir to Kadesh-Barnea.,(There are eleven days' journey from Horeb by the way of mount Seir unto Kadeshbarnea.),It is a journey of eleven days from Choreb to mount Seir as far as Cades Barne.,0.824,0.671
Joshua 19:25,Joshua,19,25,0,none,different_from_both,"And their boundaries came to be Helkath and Hali and Beten and Achshaph,","And their border was Helkath, and Hali, and Beten, and Achshaph,","And their borders were Exeleketh, and Aleph, and Bæthok, and Keaph,",0.840,0.687
1 Chronicles 16:37,1 Chronicles,16,37,0,none,different_from_both,"And they left there before ark of covenant of the Lord Asaph and his brothers to minister before ark continually, each day’s matter for its day,","So he left there before the ark of the covenant of the LORD Asaph and his brethren, to minister before the ark continually, as every day's work required:","And they left there Asaph and his brethren before the ark of the covenant of the Lord, to minister before the ark continually, according to the service of each day: from day to day.",0.804,0.652
1 Kings 18:14,1 Kings,18,14,0,none,different_from_both,"And now you say to me, Go, tell your lord, Behold, Elijah, and he will kill me.","And now you says, Go, tell your lord, Behold, Elijah is here: and he shall slay me.","And now thou sayest to me, Go, say to thy master, Behold, Eliu is here: and he shall slay me.",0.827,0.675
2 Chronicles 10:7,2 Chronicles,10,7,0,none,different_from_both,"And they spoke to him, saying, If today you become for good to this people and are pleased and speak good words to them, then they will be your servants all days.","And they spoke unto him, saying, If you be kind to this people, and please them, and speak good words to them, they will be your servants for ever.","And they spoke to him, saying, If thou wouldest this day befriend this people, and be kind to them, and speak to them good words, then will they be thy servants for ever.",0.829,0.677
2 Kings 25:2,2 Kings,25,2,0,none,different_from_both,And the city came under siege until the eleventh year of king Zedekiah.,And the city was besieged unto the eleventh year of king Zedekiah.,And the city was besieged until the eleventh year of king Sedekias on the ninth day of the month.,0.874,0.723
Judges 7:7,Judges,7,7,0,none,different_from_both,"And the Lord said to Gideon, By the three hundred men who lapped I will save you and deliver Midian into your hand, and let all the people turn back, each man to his place.","And the LORD said unto Gideon, By the three hundred men that lapped will I save you, and deliver the Midianites into yours hand: and let all the other people go every man unto his place.","And the Lord said to Gedeon, I will save you by the three hundred men that lapped, and I will give Madiam into thy hand; and all the rest of the people shall go every one to his place.",0.869,0.718
Leviticus 25:24,Leviticus,25,24,0,none,different_from_both,And through all the land of your possession you shall give redemption for the land.,And in all the land of your possession all of you shall grant a redemption for the land.,"And in every land of your possession, ye shall allow ransoms for the land.",0.852,0.701
Leviticus 22:8,Leviticus,22,8,0,none,different_from_both,"What dies of itself or is torn by beasts he shall not eat, to be defiled by them. I am the Lord.","That which dies of itself, or is torn with beasts, he shall not eat to defile himself therewith; I am the LORD.","He shall not eat that which dies of itself, or is taken of beasts, so that he should be polluted by them: I am the Lord.",0.830,0.679
2 Chronicles 13:2,2 Chronicles,13,2,0,none,different_from_both,"He reigned three years in Jerusalem, and name of his mother was Maachah daughter of Uriel from Gibeon. And there was war between Abijah and Jeroboam.",He reigned three years in Jerusalem. His mother's name also was Michaiah the daughter of Uriel of Gibeah. And there was war between Abijah and Jeroboam.,"He reigned three years in Jerusalem. And his mother's name was Maacha, daughter of Uriel of Gabaon.",0.864,0.714
Ezekiel 48:7,Ezekiel,48,7,0,none,different_from_both,"And beside border of Reuben, from east side to west side, Judah, one portion.","And by the border of Reuben, from the east side unto the west side, a portion for Judah.","And from the borders of Ruben, from the eastern parts as far as the west coasts, for Juda, one.",0.772,0.622
Numbers 7:7,Numbers,7,7,0,none,different_from_both,The two wagons and the four oxen he gave to the sons of Gershon according to their services.,"Two wagons and four oxen he gave unto the sons of Gershon, according to their service:","And he gave two waggons and four oxen to the sons of Gedson, according to their ministrations.",0.937,0.787
Ezra 10:21,Ezra,10,21,0,none,different_from_both,And from sons of Harim: Maaseiah and Eliah and Shemaiah and Jehiel and Uzziah.,"And of the sons of Harim; Maaseiah, and Elijah, and Shemaiah, and Jehiel, and Uzziah.","And of the sons of Eram; Masael, and Elia, and Samaia, and Jeel, and Ozia.",0.942,0.792
1 Chronicles 1:40,1 Chronicles,1,40,0,none,different_from_both,"Sons of Shobal: Alian, Manahath, Ebal, Shephi, and Onam. And sons of Zibeon: Aiah and Anah.","The sons of Shobal; Alian, and Manahath, and Ebal, Shephi, and Onam. and the sons of Zibeon; Aiah, and Anah.","The sons of Sobal; Alon, Machanath, Tæbel, Sophi, and Onan: and the sons of Sebegon; Æth, and Sonan.",0.912,0.763
1 Chronicles 8:32,1 Chronicles,8,32,0,none,different_from_both,"And Mikloth begot Shema, and these also dwelt opposite their brothers in Jerusalem with their brothers.","And Mikloth brings forth Shimeah. And these also dwelt with their brethren in Jerusalem, opposite to them.",And Makeloth begot Samaa: for these dwelt in Jerusalem in the presence of their brethren with their brethren.,0.755,0.606
Ezra 7:2,Ezra,7,2,0,none,different_from_both,"son of Shallum, son of Zadok, son of Ahitub,","The son of Shallum, the son of Zadok, the son of Ahitub,","the son of Selum, the son of Sadduc, the son of Achitob,",0.872,0.723
Judges 17:12,Judges,17,12,0,none,different_from_both,"And Micah filled the hand of the Levite, and the young man became his priest and was in the house of Micah.","And Micah consecrated the Levite; and the young man became his priest, and was in the house of Micah.","And Michaias consecrated the Levite, and he became to him a priest, and he was in the house of Michaias.",0.877,0.728
Exodus 1:3,Exodus,1,3,0,none,same_as_mt_differs_from_brenton,"Issachar, Zebulun, and Benjamin,","Issachar, Zebulun, and Benjamin,","Issachar, Zabulon, Benjamin,",1.000,0.852
Genesis 13:13,Genesis,13,13,0,none,different_from_both,Now the people in Sodom were wicked and sinful before God exceedingly.,But the men of Sodom were wicked and sinners before the LORD exceedingly.,"But the men of Sodom were evil, and exceedingly sinful before God.",0.780,0.632
Judges 9:39,Judges,9,39,0,none,different_from_both,And Gaal went out before the men of Shechem and fought against Abimelech.,"And Gaal went out before the men of Shechem, and fought with Abimelech.","And Gaal went forth before the men of Sychem, and set the battle in array against Abimelech.",0.950,0.802
1 Chronicles 11:40,1 Chronicles,11,40,0,none,same_as_mt_differs_from_brenton,"Ira the Ithrite, Gareb the Ithrite,","Ira the Ithrite, Gareb the Ithrite,","Ira the Jethrite, Gaber the Jethrite,",1.000,0.853
Exodus 2:9,Exodus,2,9,0,none,different_from_both,"And Pharaoh's daughter said to her, 'Keep this child for me and nurse him for me, and I will give you your wages.' So the woman took the child and nursed him.","And Pharaoh's daughter said unto her, Take this child away, and nurse it for me, and I will give you your wages. And the women took the child, and nursed it.","And the daughter of Pharao said to her, Take care of this child, and suckle it for me, and I will give thee the wages; and the woman took the child, and suckled it.",0.904,0.757
Deuteronomy 15:1,Deuteronomy,15,1,0,none,different_from_both,At the end of seven years you shall make a release.,At the end of every seven years you shall make a release.,Every seven years thou shalt make a release.,0.943,0.796
1 Kings 22:26,1 Kings,22,26,0,none,different_from_both,"And the king of Israel said, Take Micaiah and return him to Amon the ruler of the city and to Joash son of the king.","And the king of Israel said, Take Micaiah, and carry him back unto Amon the governor of the city, and to Joash the king's son;","And the king of Israel said, Take Michaias, and convey him away to Semer the keeper of the city;",0.851,0.705
1 Samuel 1:10,1 Samuel,1,10,0,none,different_from_both,"And she was bitter in soul and prayed to the Lord, and weeping she wept.","And she was in bitterness of soul, and prayed unto the LORD, and wept sore.","And she was very much grieved in spirit, and prayed to the Lord, and wept abundantly.",0.817,0.671
2 Kings 19:22,2 Kings,19,22,0,none,different_from_both,Whom did you reproach and blaspheme? Against whom did you raise your voice and lift your eyes on high? Against the Holy One of Israel.,"Whom have you reproached and blasphemed? and against whom have you exalted your voice, and lifted up yours eyes on high? even against the Holy One of Israel.","Whom hast thou reproached, and whom hast thou reviled? and against whom hast thou lifted up thy voice, and raised thine eyes on high? Is it against the Holy One of Israel?",0.859,0.714
Jeremiah 4:18,Jeremiah,4,18,0,none,different_from_both,"Your ways and your practices made these things for you. This your evil, because bitter, because it touched to your heart.","Your way and your doings have procured these things unto you; this is your wickedness, because it is bitter, because it reachs unto yours heart.","Thy ways and thy devices have brought these things upon thee; this is thy wickedness, for it is bitter, for it has reached to thy heart.",0.755,0.610
Joshua 15:58,Joshua,15,58,0,none,different_from_both,"Halhul and Bethzur and Gedor,","Halhul, Bethzur, and Gedor,","Ælua, and Bethsur, and Geddon,",0.923,0.778
Numbers 20:26,Numbers,20,26,0,none,different_from_both,"And strip Aaron of his robe and put it on Eleazar his son, and Aaron, being added, shall die there.","And strip Aaron of his garments, and put them upon Eleazar his son: and Aaron shall be gathered unto his people, and shall die there.","and take Aaron's apparel from off him, and put it on Eleazar his son: and let Aaron die there and be added to his people.",0.777,0.632
Ezekiel 35:14,Ezekiel,35,14,0,none,different_from_both,Thus says the Lord: In joy of whole earth I will make you desolation.,"Thus says the Lord GOD; When the whole earth rejoices, I will make you desolate.","Thus saith the Lord; When all the earth is rejoicing, I will make thee desert.",0.792,0.648
Leviticus 14:57,Leviticus,14,57,0,none,different_from_both,to explain the day when it is unclean and the day when it is clean. This is the law of skin-disease.,"To teach when it is unclean, and when it is clean: this is the law of leprosy.","and of declaring in what day it is unclean, and in what day it shall be purged: this is the law of the leprosy.",0.775,0.631
Numbers 11:23,Numbers,11,23,0,none,different_from_both,"And the Lord said to Moses, Is the Lord's hand not enough? Now you shall know whether my word will overtake you or not.","And the LORD said unto Moses, Is the LORD's hand waxed short? you shall see now whether my word shall come to pass unto you or not.","And the Lord said to Moses, Shall not the hand of the Lord be fully sufficient? now shalt thou know whether my word shall come to pass to thee or not.",0.793,0.649
Haggai 2:8,Haggai,2,8,0,none,different_from_both,"Silver is mine, and gold is mine, says the Lord Almighty.","The silver is mine, and the gold is mine, says the LORD of hosts.","Mine is the silver, and mine the gold, saith the Lord Almighty.",0.828,0.684
2 Chronicles 21:5,2 Chronicles,21,5,0,none,different_from_both,"Jehoram was thirty-two years old when he became king, and eight years he reigned in Jerusalem.","Jehoram was thirty and two years old when he began to reign, and he reigned eight years in Jerusalem.","When he was thirty and two years old, Joram succeeded to his kingdom, and he reigned eight years in Jerusalem.",0.796,0.653
2 Kings 11:7,2 Kings,11,7,0,none,different_from_both,"And two divisions among you, all going out on the Sabbath, shall keep the watch of the house of the Lord for the king.","And two parts of all you that go forth on the sabbath, even they shall keep the watch of the house of the LORD about the king.","And there shall be two parties among you, even every one that goes out on the sabbath, and they shall keep the guard of the Lord's house before the king.",0.795,0.652
2 Kings 17:19,2 Kings,17,19,0,none,different_from_both,"Yet Judah also did not keep the commandments of the Lord their God, and they walked in the statutes of Israel which they made.","Also Judah kept not the commandments of the LORD their God, but walked in the statutes of Israel which they made.","Nay even Juda kept not the commandments of the Lord their God, but they walked according to the customs of Israel which they practised, and rejected the Lord.",0.860,0.717
Numbers 1:6,Numbers,1,6,0,none,different_from_both,"from Simeon, Shelumiel son of Zurishaddai;",Of Simeon; Shelumiel the son of Zurishaddai.,"Of Symeon, Salamiel the son of Surisadai.",0.902,0.759
Numbers 3:24,Numbers,3,24,0,none,different_from_both,And the chief of the fathers' house of the clan of Gershon was Eliasaph son of Lael.,And the chief of the house of the father of the Gershonites shall be Eliasaph the son of Lael.,And the ruler of the household of the family of Gedson was Elisaph the son of Dael.,0.789,0.646
1 Chronicles 8:14,1 Chronicles,8,14,0,none,different_from_both,"And his brother Shashak and Jeremoth,","And Ahio, Shashak, and Jeremoth,","And his brethren were Sosec, and Arimoth,",0.862,0.720
1 Kings 1:26,1 Kings,1,26,0,none,different_from_both,"But me, your servant, and Zadok the priest and Benaiah son of Jehoiada and Solomon your servant he did not call.","But me, even me your servant, and Zadok the priest, and Benaiah the son of Jehoiada, and your servant Solomon, has he not called.","But he has not invited me thy servant, and Sadoc the priest, and Banæas the son of Jodae, and Solomon thy servant.",0.836,0.694
Deuteronomy 12:13,Deuteronomy,12,13,0,none,different_from_both,"Watch yourself lest you bring up your whole burnt offerings in every place that you see,",Take heed to yourself that you offer not your burnt offerings in every place that you see:,Take heed to thyself that thou offer not thy whole-burnt-offerings in any place which thou shalt see;,0.784,0.642
Exodus 34:21,Exodus,34,21,0,none,different_from_both,"Six days you shall work, and on the seventh you shall rest; in seedtime and harvest you shall rest.","Six days you shall work, but on the seventh day you shall rest: in earring time and in harvest you shall rest.","Six days thou shalt work, but on the seventh day thou shalt rest: there shall be rest in seed-time and harvest.",0.887,0.745
Ezekiel 5:5,Ezekiel,5,5,0,none,different_from_both,Thus says the Lord: This is Jerusalem. I set her in midst of nations and lands around her.,Thus says the Lord GOD; This is Jerusalem: I have set it in the midst of the nations and countries that are round about her.,Thus saith the Lord; This is Jerusalem: I have set her and the countries round about her in the midst of the nations.,0.779,0.637
Nehemiah 1:10,Nehemiah,1,10,0,none,different_from_both,"And they are your servants and your people, whom you redeemed by your great power and your strong hand.","Now these are your servants and your people, whom you have redeemed by your great power, and by your strong hand.","Now they are thy servants and thy people, whom thou hast redeemed with thy great power, and with thy strong hand.",0.929,0.787
Deuteronomy 32:23,Deuteronomy,32,23,0,none,different_from_both,I will gather evils upon them; I will spend my arrows on them.,I will heap evil upon them; I will spend mine arrows upon them.,"I will gather evils upon them, and will fight with my weapons against them.",0.893,0.752
Deuteronomy 32:28,Deuteronomy,32,28,0,none,different_from_both,"Because they are a nation ruined of counsel, and there is no understanding in them.","For they are a nation void of counsel, neither is there any understanding in them.","It is a nation that has lost counsel, neither is there understanding in them.",0.795,0.654
Ezra 5:11,Ezra,5,11,0,none,different_from_both,"And this word they answered us, saying, We are servants of God of heaven and earth, and we are building house that was built many years before this, and a great king of Israel built it and completed it.","And thus they returned us answer, saying, We are the servants of the God of heaven and earth, and build the house that was built these many years ago, which a great king of Israel built and set up.","And they answered us thus, saying, We are the servants of the God of heaven and earth, and we are building the house which had been built many years before this, and a great king of Israel built it, and established it for them.",0.787,0.646
1 Chronicles 11:33,1 Chronicles,11,33,0,none,different_from_both,"Azmaveth the Beermi, Eliahba the Shaalbonite,","Azmaveth the Baharumite, Eliahba the Shaalbonite,","Azbon the Baromite, Eliaba the Salabonite,",0.911,0.771
Ezekiel 4:10,Ezekiel,4,10,0,none,different_from_both,"And your food which you eat will be in weight, twenty shekels for day. From time to time you will eat them.","And your food which you shall eat shall be by weight, twenty shekels a day: from time to time shall you eat it.","And thou shalt eat thy food by weight, twenty shekels a day: from time to time shalt thou eat them.",0.840,0.700
Leviticus 11:41,Leviticus,11,41,0,none,different_from_both,And every creeping thing that creeps upon the earth is an abomination. It shall not be eaten.,And every creeping thing that creeps upon the earth shall be an abomination; it shall not be eaten.,"And every reptile that creeps on the earth, this shall be an abomination to you; it shall not be eaten.",0.957,0.817
Ezra 10:33,Ezra,10,33,0,none,different_from_both,"And from sons of Hashum: Mattenai, Mathatha, Zabad, Eliphaleph, Jeremai, Manasseh, Shimei.","Of the sons of Hashum; Mattenai, Mattathah, Zabad, Eliphelet, Jeremai, Manasseh, and Shimei.","And of the sons of Asem; Metthania, Matthatha, Zadab, Eliphalet, Jerami, Manasse, Semei.",0.855,0.716
Genesis 12:1,Genesis,12,1,0,none,different_from_both,"And the Lord said to Abram, Go out from your land and from your kin and from your father's house, and come into the land that I will show you.","Now the LORD had said unto Abram, Get you out of your country, and from your kindred, and from your father's house, unto a land that I will show you:","And the Lord said to Abram, Go forth out of thy land and out of thy kindred, and out of the house of thy father, and come into the land which I shall shew thee.",0.833,0.694
Genesis 19:29,Genesis,19,29,0,none,different_from_both,"And it happened when God destroyed all the cities of the surrounding region, God remembered Abraham and sent Lot out from the midst of the overthrow, when the Lord overthrew the cities in which Lot dwelt.","And it came to pass, when God destroyed the cities of the plain, that God remembered Abraham, and sent Lot out of the midst of the overthrow, when he overthrew the cities in the which Lot dwelt.","And it came to pass that when God destroyed all the cities of the region round about, God remembered Abraam, and sent Lot out of the midst of the overthrow, when the Lord overthrew those cities in which Lot dwelt.",0.856,0.717
Judges 13:21,Judges,13,21,0,none,different_from_both,And the angel of the Lord did not continue any longer to appear to Manoah and to his wife; then Manoah knew that he was an angel of the Lord.,But the angel of the LORD did no more appear to Manoah and to his wife. Then Manoah knew that he was an angel of the LORD.,And the angel appeared no more to Manoë and to his wife: then Manoë knew that this was an angel of the Lord.,0.888,0.749
Numbers 4:22,Numbers,4,22,0,none,different_from_both,"Take the headcount of the sons of Gershon, these also, by the houses of their fathers, by their clans.","Take also the sum of the sons of Gershon, throughout the houses of their fathers, by their families;","Take the sum of the children of Gedson, and these according to the houses of their lineage, according to their families.",0.790,0.651
2 Chronicles 6:42,2 Chronicles,6,42,0,none,different_from_both,"Lord God, do not turn away face of your anointed one; remember mercies of David your servant.","O LORD God, turn not away the face of yours anointed: remember the mercies of David your servant.","O Lord God, turn not away the face of thine anointed: remember the mercies of thy servant David.",0.859,0.721
Deuteronomy 28:46,Deuteronomy,28,46,0,none,different_from_both,"And they shall be in you as signs and wonders and in your seed forever,","And they shall be upon you for a sign and for a wonder, and upon your seed for ever.","And these things shall be signs in thee, and wonders among thy seed for ever;",0.855,0.717
Job 17:4,Job,17,4,0,none,different_from_both,For you hid their heart from understanding; because of this you will not exalt them.,For you have hid their heart from understanding: therefore shall you not exalt them.,For thou hast hid their heart from wisdom; therefore thou shalt not exalt them.,0.805,0.667
Genesis 17:7,Genesis,17,7,0,none,different_from_both,"And I will establish my covenant between me and you and your seed after you throughout their generations, as an everlasting covenant, to be God to you and to your seed after you.","And I will establish my covenant between me and you and your seed after you in their generations for an everlasting covenant, to be a God unto you, and to your seed after you.","And I will establish my covenant between thee and thy seed after thee, to their generations, for an everlasting covenant, to be thy God, and the God of thy seed after thee.",0.939,0.801
Genesis 21:28,Genesis,21,28,0,none,same_as_mt_differs_from_brenton,And Abraham set seven ewe-lambs of the flock by themselves.,And Abraham set seven ewe lambs of the flock by themselves.,And Abraam set seven ewe-lambs by themselves.,1.000,0.863
Genesis 38:13,Genesis,38,13,0,none,different_from_both,"And it was reported to Tamar, saying, Look, your father-in-law is going up to Timnath to shear his sheep.","And it was told Tamar, saying, Behold your father in law goes up to Timnath to shear his sheep.","And it was told Thamar his daughter-in-law, saying, Behold, thy father-in-law goeth up to Thamna, to shear his sheep.",0.860,0.723
Genesis 8:5,Genesis,8,5,0,none,different_from_both,"And the water kept diminishing until the tenth month, and in the tenth month, on the first day of the month, the tops of the mountains appeared.","And the waters decreased continually until the tenth month: in the tenth month, on the first day of the month, were the tops of the mountains seen.","And in the tenth month, on the first day of the month, the heads of the mountains were seen.",0.827,0.690
Isaiah 60:1,Isaiah,60,1,0,none,different_from_both,"Shine, shine, Jerusalem, for your light has come and glory of the Lord has risen on you.","Arise, shine; for your light has come, and the glory of the LORD has risen upon you.","Be enlightened, be enlightened, O Jerusalem, for thy light is come, and the glory of the Lord is risen upon thee.",0.866,0.729
Leviticus 11:8,Leviticus,11,8,0,none,different_from_both,"From their flesh you shall not eat, and their carcasses you shall not touch. They are unclean to you.","Of their flesh shall all of you not eat, and their carcass shall all of you not touch; they are unclean to you.","Ye shall not eat of their flesh, and ye shall not touch their carcases; these are unclean to you.",0.825,0.688
Exodus 10:27,Exodus,10,27,0,none,different_from_both,"But the Lord hardened Pharaoh's heart, and he was not willing to send them away.","But the LORD hardened Pharaoh's heart, and he would not let them go.","But the Lord hardened the heart of Pharao, and he would not let them go.",0.817,0.680
Exodus 15:20,Exodus,15,20,0,none,different_from_both,"Then Miriam the prophetess, the sister of Aaron, took the timbrel in her hand, and all the women went out after her with timbrels and dances.","And Miriam the prophetess, the sister of Aaron, took a timbrel in her hand; and all the women went out after her with timbrels and with dances.","And Mariam the prophetess, the sister of Aaron, having taken a timbrel in her hand—then there went forth all the women after her with timbrels and dances.",0.949,0.812
Amos 5:2,Amos,5,2,0,none,different_from_both,Virgin of Israel has fallen; she will no longer continue to rise. She slipped upon her own land; there is no one to raise her up.,The virgin of Israel is fallen; she shall no more rise: she is forsaken upon her land; there is none to raise her up.,The virgin of Israel has fallen upon his land; there is none that shall raise her up.,0.790,0.654
Ezekiel 23:45,Ezekiel,23,45,0,none,different_from_both,"And righteous men, they will avenge them with vengeance of adulteress and vengeance of blood, because they are adulteresses and blood is in their hands.","And the righteous men, they shall judge them after the manner of adulteresses, and after the manner of women that shed blood; because they are adulteresses, and blood is in their hands.","And they are just men, and shall take vengeance on them with the judgment of an adulteress and the judgment of blood: for they are adulteresses, and blood is in their hands.",0.796,0.660
Genesis 15:2,Genesis,15,2,0,none,different_from_both,"And Abram said, Master Lord, what will you give me? I am being dismissed childless. And the steward of my household, this is Damascus Eliezer.","And Abram said, LORD God, what will you give me, seeing I go childless, and the steward of my house is this Eliezer of Damascus?","And Abram said, Master and Lord, what wilt thou give me? whereas I am departing without a child, but the son of Masek my home-born female slave, this Eliezer of Damascus is mine heir.",0.788,0.652
Isaiah 38:5,Isaiah,38,5,0,none,different_from_both,"Go and say to Hezekiah, Thus says the Lord God of David your father: I heard voice of your prayer and saw your tears. Behold, I add fifteen years to your time,","Go, and say to Hezekiah, Thus says the LORD, the God of David your father, I have heard your prayer, I have seen your tears: behold, I will add unto your days fifteen years.","Thus saith the Lord, the God of David thy father, I have heard thy prayer, and seen thy tears: behold, I will add to thy time fifteen years.",0.803,0.667
Numbers 32:36,Numbers,32,36,0,none,different_from_both,"and Beth-nimrah and Bethharan, fortified cities, and sheepfolds.","And Bethnimrah, and Bethharan, fenced cities: and folds for sheep.","and Namram, and Bætharan, strong cities, and folds for sheep.",0.797,0.661
Numbers 5:16,Numbers,5,16,0,none,same_as_mt_differs_from_brenton,And the priest shall bring her near and set her before the Lord.,"And the priest shall bring her near, and set her before the LORD:","And the priest shall bring her, and cause her to stand before the Lord.",1.000,0.864
Deuteronomy 18:4,Deuteronomy,18,4,0,none,different_from_both,"And the firstfruits of your grain and your wine and your oil, and the firstfruits of the shearings of your sheep, you shall give to him,","The first-fruit also of your corn, of your wine, and of yours oil, and the first of the fleece of your sheep, shall you give him.","and the first-fruits of thy corn, and of thy wine, and of thine oil; and thou shalt give to him the first-fruits of the fleeces of thy sheep:",0.794,0.659
1 Chronicles 3:23,1 Chronicles,3,23,0,none,different_from_both,"And sons of Neariah: Elioenai and Hezekiah and Azrikam, three.","And the sons of Neariah; Elioenai, and Hezekiah, and Azrikam, three.","And the sons of Noadia: Elithenan, and Ezekia, and Ezricam, three.",0.967,0.833
Exodus 32:21,Exodus,32,21,0,none,different_from_both,"And Moses said to Aaron, ""What did this people do to you that you brought a great sin upon them?""","And Moses said unto Aaron, What did this people unto you, that you have brought so great a sin upon them?","And Moses said to Aaron, What has this people done to thee, that thou hast brought upon them a great sin?",0.913,0.779
Genesis 17:2,Genesis,17,2,0,none,different_from_both,And I will place my covenant between me and you and will multiply you exceedingly.,"And I will make my covenant between me and you, and will multiply you exceedingly.","And I will establish my covenant between me and thee, and I will multiply thee exceedingly.",0.969,0.835
Joshua 19:43,Joshua,19,43,0,none,same_as_mt_differs_from_brenton,"and Elon and Thimnathah and Ekron,","And Elon, and Thimnathah, and Ekron,","and Elon, and Thamnatha, and Accaron;",1.000,0.866
Judges 16:23,Judges,16,23,0,none,different_from_both,"And the satraps of the foreigners gathered to sacrifice a great sacrifice to Dagon their god and to rejoice, and they said, Our god gave Samson our enemy into our hand.","Then the lords of the Philistines gathered them together in order to offer a great sacrifice unto Dagon their god, and to rejoice: for they said, Our god has delivered Samson our enemy into our hand.","And the chiefs of the Philistines met to offer a great sacrifice to their god Dagon, and to make merry; and they said, God has given into our hand our enemy Sampson.",0.778,0.644
1 Samuel 19:23,1 Samuel,19,23,0,none,different_from_both,"And he went from there to Naioth at Ramah, and the Spirit of God also came upon him, and he went on prophesying until he came into Naioth at Ramah.","And he went thither to Naioth in Ramah: and the Spirit of God was upon him also, and he went on, and prophesied, until he came to Naioth in Ramah.","And he went thence to Navath in Rama: and there came the Spirit of God upon him also, and he went on prophesying till he came to Navath in Rama.",0.856,0.723
Exodus 28:35,Exodus,28,35,0,none,different_from_both,"And Aaron shall wear it when he ministers, and its sound shall be heard when he goes into the holy place before the Lord and when he comes out, so that he may not die.","And it shall be upon Aaron to minister: and his sound shall be heard when he goes in unto the holy place before the LORD, and when he comes out, that he die not.","And the sound of Aaron shall be audible when he ministers, as he goes into the sanctuary before the Lord, and as he goes out, that he die not.",0.822,0.689
Jeremiah 23:29,Jeremiah,23,29,0,none,different_from_both,"Are not my words like flaming fire, says the Lord, and like hammer breaking rock?",Is not my word like a fire? says the LORD; and like a hammer that breaks the rock in pieces?,"Behold, are not my words as fire? saith the Lord; and as an axe cutting the rock?",0.778,0.645
Judges 1:11,Judges,1,11,0,none,different_from_both,"And from there they went against those dwelling in Debir, and the name of Debir before was City of Letters.",And from thence he went against the inhabitants of Debir: and the name of Debir before was Kirjathsepher:,"And they went up thence to the inhabitants of Dabir; but the name of Dabir was before Cariathsepher, the city of Letters.",0.779,0.646
Numbers 31:24,Numbers,31,24,0,none,different_from_both,"And you shall wash your garments on the seventh day and you shall be clean, and after these things you shall enter into the camp.","And all of you shall wash your clothes on the seventh day, and all of you shall be clean, and afterward all of you shall come into the camp.","And on the seventh day ye shall wash your garments, and be clean; and afterwards ye shall come into the camp.",0.803,0.670
Numbers 3:18,Numbers,3,18,0,none,different_from_both,And these are the names of the sons of Gershon by their clans: Libni and Shimei.,"And these are the names of the sons of Gershon by their families; Libni, and Shimei.",And these are the names of the sons of Gedson according to their families; Lobeni and Semei:,0.943,0.810
2 Kings 21:12,2 Kings,21,12,0,none,different_from_both,"not so. Thus says the Lord God of Israel: Behold, I am bringing evils on Jerusalem and on Judah, so that whoever hears, both his ears will ring.","Therefore thus says the LORD God of Israel, Behold, I am bringing such evil upon Jerusalem and Judah, that whosoever hears of it, both his ears shall tingle.","it shall not be so. Thus saith the Lord God of Israel, Behold, I bring calamities upon Jerusalem and Juda, so that both the ears of every one that hears shall tingle.",0.848,0.716
2 Kings 8:7,2 Kings,8,7,0,none,different_from_both,"And Elisha came to Damascus, and Ben-hadad king of Syria was sick. And they reported to him, saying, The man of God has come here.","And Elisha came to Damascus; and Benhadad the king of Syria was sick; and it was told him, saying, The man of God has come here.","And Elisaie came to Damascus; and the king of Syria the son of Ader was ill, and they brought him word, saying, The man of God is come hither.",0.911,0.779
Joshua 10:42,Joshua,10,42,0,none,different_from_both,"And all their kings and their land Joshua struck at one time, because the Lord God of Israel fought together with Israel.","And all these kings and their land did Joshua take at the same, because the LORD God of Israel fought for Israel.","And Joshua smote, once for all, all their kings, and their land, because the Lord God of Israel fought on the side of Israel.",0.852,0.720
Judges 15:13,Judges,15,13,0,none,different_from_both,"And they swore to him, saying, No, but we will surely bind you and hand you over into their hands, but with death we will not kill you. And they bound him with two new cords and brought him up from the rock.","And they spoke unto him, saying, No; but we will bind you fast, and deliver you into their hand: but surely we will not kill you. And they bound him with two new cords, and brought him up from the rock.","And they spoke to him, saying, Nay, but we will only bind thee fast, and deliver thee into their hand, and will by no means slay thee: and they bound him with two new ropes, and brought him from that rock.",0.881,0.749
Exodus 23:32,Exodus,23,32,0,none,different_from_both,You shall make no covenant with them or with their gods.,"You shall make no covenant with them, nor with their gods.",Thou shalt make no covenant with them and their gods.,0.991,0.860
Ezekiel 48:24,Ezekiel,48,24,0,none,different_from_both,"And beside border of Benjamin, from east side to west side, Simeon, one portion.","And by the border of Benjamin, from the east side unto the west side, Simeon shall have a portion.","And from the borders of Benjamin, from the eastern parts to the western, Symeon, one.",0.819,0.688
1 Chronicles 21:8,1 Chronicles,21,8,0,none,different_from_both,"And David said to God, I sinned greatly because I did this thing, and now please take away evil of your servant, because I acted very foolishly.","And David said unto God, I have sinned greatly, because I have done this thing: but now, I plead to you, do away the iniquity of your servant; for I have done very foolishly.","And David said to God, I have sinned exceedingly, in that I have done this thing: and now, I pray thee, remove the sin of thy servant; for I have been exceedingly foolish.",0.775,0.645
1 Chronicles 2:47,1 Chronicles,2,47,0,none,different_from_both,"And sons of Jahdai: Regem, Jotham, Gershon, Phalet, Ephah, and Shaaph.","And the sons of Jahdai; Regem, and Jotham, and Gesham, and Pelet, and Ephah, and Shaaph.","And the sons of Addai were Ragem, and Joatham, and Sogar, and Phalec, and Gæpha, and Sagae.",0.819,0.689
Ezekiel 5:9,Ezekiel,5,9,0,none,different_from_both,"And I will do in you what I have not done, and what I will not do like them again, because of all your abominations.","And I will do in you that which I have not done, and unto which I will not do any more the like, because of all yours abominations.","And I will do in thee things which I have not done, and the like of which I will not do again, for all thine abominations.",0.846,0.716
Jeremiah 20:14,Jeremiah,20,14,0,none,different_from_both,Cursed day in which I was born. Let not day in which my mother bore me be blessed.,Cursed be the day wherein I was born: let not the day wherein my mother bare me be blessed.,"Cursed be the day wherein I was born: the day wherein my mother brought me forth, let it not be blessed.",0.793,0.663
Lamentations 3:31,Lamentations,3,31,0,none,different_from_both,Because the Lord will not cast off forever.,For the LORD will not cast off for ever:,For the Lord will not reject for ever.,0.864,0.734
1 Chronicles 3:19,1 Chronicles,3,19,0,none,different_from_both,"And sons of Shealtiel: Zerubbabel and Shimei. And sons of Zerubbabel: Meshullam and Hananiah, and Shelomith their sister,","And the sons of Pedaiah were, Zerubbabel, and Shimei: and the sons of Zerubbabel; Meshullam, and Hananiah, and Shelomith their sister:","And the sons of Phadaias; Zorobabel, and Semei: and the sons of Zorobabel; Mosollam, and Anania, and Salomethi was their sister.",0.905,0.776
1 Chronicles 3:7,1 Chronicles,3,7,0,none,different_from_both,"and Nogah and Nepheg and Ianoue,","And Nogah, and Nepheg, and Japhia,","and Nagai, and Naphec, and Japhie,",0.871,0.742
1 Kings 14:30,1 Kings,14,30,0,none,different_from_both,And there was war between Rehoboam and Jeroboam all the days.,And there was war between Rehoboam and Jeroboam all their days.,And there was war between Roboam and Jeroboam continually.,0.984,0.855
2 Chronicles 11:7,2 Chronicles,11,7,0,none,different_from_both,"and Bethzur and Socoh and Adullam,","And Bethzur, and Shoco, and Adullam,","and Bæthsura, and Sochoth, and Odollam,",0.970,0.841
Genesis 29:18,Genesis,29,18,0,none,same_as_mt_differs_from_brenton,"And Jacob loved Rachel and said, I will serve you seven years for Rachel your younger daughter.","And Jacob loved Rachel; and said, I will serve you seven years for Rachel your younger daughter.","And Jacob loved Rachel, and said, I will serve thee seven years for thy younger daughter Rachel.",1.000,0.871
Numbers 10:8,Numbers,10,8,0,none,different_from_both,"And the sons of Aaron, the priests, shall blow the trumpets, and it shall be for you an everlasting statute throughout your generations.","And the sons of Aaron, the priests, shall blow with the trumpets; and they shall be to you for an ordinance for ever throughout your generations.",And the priests the sons of Aaron shall sound with the trumpets; and it shall be a perpetual ordinance for you throughout your generations.,0.835,0.706
Leviticus 7:6,Leviticus,7,6,0,none,different_from_both,Every male among the priests shall eat them. They shall eat them in a holy place. It is holy of holies.,Every male among the priests shall eat thereof: it shall be eaten in the holy place: it is most holy.,"Every male of the priests shall eat them, in the holy place they shall eat them: they are most holy.",0.808,0.680
1 Kings 9:26,1 Kings,9,26,0,none,different_from_both,"And the king Solomon made a ship at Eziongeber, which is near Elath on the shore of the last sea, in the land of Edom.","And king Solomon made a navy of ships in Eziongeber, which is beside Eloth, on the shore of the Red sea, in the land of Edom.",even that for which king Solomon built a ship in Gasion Gaber near Ælath on the shore of the extremity of the sea in the land of Edom.,0.856,0.729
Deuteronomy 18:21,Deuteronomy,18,21,0,none,different_from_both,"And if you say in your heart, How shall we know the word that the Lord did not speak?","And if you say in yours heart, How shall we know the word which the LORD has not spoken?","But if thou shalt say in thine heart, How shall we know the word which the Lord has not spoken?",0.888,0.761
Deuteronomy 34:1,Deuteronomy,34,1,0,none,different_from_both,"And Moses went up from Araboth of Moab onto Mount Nebo, onto the top of Pisgah, which is opposite Jericho, and the Lord showed him all the land of Gilead as far as Dan,","And Moses went up from the plains of Moab unto the mountain of Nebo, to the top of Pisgah, that is opposite to Jericho. And the LORD showed him all the land of Gilead, unto Dan,","And Moses went up from Araboth Moab to the mount of Nabau, to the top of Phasga, which is before Jericho; and the Lord shewed him all the mount of Galaad to Dan, and all the land of Nephthali,",0.851,0.724
1 Chronicles 11:38,1 Chronicles,11,38,0,none,different_from_both,"Joel brother of Nathan, Mibhar son of Haggeri,","Joel the brother of Nathan, Mibhar the son of Haggeri,","Joel the son of Nathan, Mebaal son of Agari,",0.917,0.791
1 Chronicles 2:16,1 Chronicles,2,16,0,none,different_from_both,"And their sisters were Zeruiah and Abigail. And sons of Zeruiah: Abishai, Joab, and Asahel, three.","Whose sisters were Zeruiah, and Abigail. And the sons of Zeruiah; Abishai, and Joab, and Asahel, three.","And their sister was Saruia, and another Abigaia: and the sons of Saruia were Abisa, and Joab, and Asael, three.",0.904,0.778
1 Chronicles 8:1,1 Chronicles,8,1,0,none,different_from_both,"And Benjamin begot Bela his firstborn, Ashbel the second, Aharah the third,","Now Benjamin brings forth Bela his firstborn, Ashbel the second, and Aharah the third,","Now Benjamin begot Bale his first-born, and Asbel his second son, Aara the third, Noa the fourth,",0.890,0.764
2 Samuel 7:12,2 Samuel,7,12,0,none,different_from_both,"And it will be, if your days are fulfilled and you sleep with your fathers, I will raise up your seed after you, who will be from your belly, and I will make his kingdom ready.","And when your days be fulfilled, and you shall sleep with your fathers, I will set up your seed after you, which shall proceed out of your bowels, and I will establish his kingdom.","And it shall come to pass when thy days shall have been fulfilled, and thou shalt sleep with thy fathers, that I will raise up thy seed after thee, even thine own issue, and I will establish his kingdom.",0.786,0.661
Genesis 44:14,Genesis,44,14,0,none,different_from_both,"And Judah and his brothers entered to Joseph, while he was still there, and they fell before him to the ground.",And Judah and his brethren came to Joseph's house; for he was yet there: and they fell before him on the ground.,"And Judas and his brethren came in to Joseph, while he was yet there, and fell on the ground before him.",0.852,0.727
Genesis 9:3,Genesis,9,3,0,none,different_from_both,And every creeping thing that is living shall be for you as food. As green herbs I have given you all things.,Every moving thing that lives shall be food for you; even as the green herb have I given you all things.,"And every reptile which is living shall be to you for meat, I have given all things to you as the green herbs.",0.785,0.660
Deuteronomy 30:8,Deuteronomy,30,8,0,none,different_from_both,And you shall turn back and obey the voice of the Lord your God and do his commands that I command you today.,"And you shall return and obey the voice of the LORD, and do all his commandments which I command you this day.","And thou shalt return and hearken to the voice of the Lord thy God, and shall keep his commands, all that I charge thee this day.",0.833,0.709
Ezekiel 23:35,Ezekiel,23,35,0,none,different_from_both,"Therefore thus says the Lord: Because you forgot me and threw me behind your body, you also bear your impiety and your whoring.","Therefore thus says the Lord GOD; Because you have forgotten me, and cast me behind your back, therefore bear you also your lewdness and your whoredoms.","Therefore thus saith the Lord; Because thou hast forgotten me, and cast me behind thy back, therefore receive thou the reward of thine ungodliness and thy fornication.",0.765,0.641
Ezra 7:1,Ezra,7,1,0,none,different_from_both,"And after these words, in reign of Artaxerxes king of Persians, Ezra son of Seraiah, son of Azariah, son of Hilkiah,","Now after these things, in the reign of Artaxerxes king of Persia, Ezra the son of Seraiah, the son of Azariah, the son of Hilkiah,","Now after these things, in the reign of Arthasastha king of the Persians, came up Esdras the son of Saraias, the son of Azarias, the son of Chelcias,",0.869,0.745
Jeremiah 11:2,Jeremiah,11,2,0,none,different_from_both,"Hear words of this covenant and speak to men of Judah and inhabitants of Jerusalem,","Hear all of you the words of this covenant, and speak unto the men of Judah, and to the inhabitants of Jerusalem;","Hear ye the words of this covenant, and thou shalt speak to the men of Juda, and to the dwellers in Jerusalem;",0.854,0.730
Jeremiah 7:31,Jeremiah,7,31,0,none,different_from_both,"And they built altar of Topheth, which is in valley of son of Hinnom, to burn their sons and their daughters in fire, which I did not command them, nor did I conceive in my heart.","And they have built the high places of Tophet, which is in the valley of the son of Hinnom, to burn their sons and their daughters in the fire; which I commanded them not, neither came it into my heart.","And they have built the altar of Tapheth, which is in the valley of the son of Ennom, to burn their sons and their daughters with fire; which I did not command them to do, neither did I design it in my heart.",0.803,0.679
Joshua 19:28,Joshua,19,28,0,none,different_from_both,"and Hebron and Rehob and Hammon and Kanah, as far as great Sidon.","And Hebron, and Rehob, and Hammon, and Kanah, even unto great Zidon;","and Elbon, and Raab, and Ememaon, and Canthan to great Sidon.",0.857,0.733
Nehemiah 12:34,Nehemiah,12,34,0,none,same_as_mt_differs_from_brenton,"Judah and Benjamin and Shemaiah and Jeremiah,","Judah, and Benjamin, and Shemaiah, and Jeremiah,","and Juda, and Benjamin, and Samaias and Jeremia.",1.000,0.876
1 Kings 19:16,1 Kings,19,16,0,none,different_from_both,"And Jehu son of Nimshi you will anoint king over Israel, and Elisha son of Shaphat from Abelmeholah you will anoint prophet in your place.",And Jehu the son of Nimshi shall you anoint to be king over Israel: and Elisha the son of Shaphat of Abelmeholah shall you anoint to be prophet in your room.,And Ju the son of Namessi shalt thou anoint to be king over Israel; and Elisaie the son of Saphat shalt thou anoint to be prophet in thy room.,0.811,0.688
1 Kings 8:22,1 Kings,8,22,0,none,different_from_both,"And Solomon stood before the altar of the Lord in the sight of all the assembly of Israel and spread out his hands toward heaven,","And Solomon stood before the altar of the LORD in the presence of all the congregation of Israel, and spread forth his hands toward heaven:",And Solomon stood up in front of the altar before all the congregation of Israel; and he spread out his hands toward heaven:,0.875,0.752
1 Samuel 2:34,1 Samuel,2,34,0,none,different_from_both,"And this will be the sign to you that will come upon these your two sons, Hophni and Phinehas: in one day both will die.","And this shall be a sign unto you, that shall come upon your two sons, on Hophni and Phinehas; in one day they shall die both of them.",And this which shall come upon thy two sons Ophni and Phinees shall be a sign to thee; in one day they shall both die.,0.810,0.687
2 Chronicles 10:17,2 Chronicles,10,17,0,none,different_from_both,"But over men of Israel dwelling in cities of Judah, Rehoboam reigned over them.","But as for the children of Israel that dwelt in the cities of Judah, Rehoboam reigned over them.","But the men of Israel, even those who dwelt in the cities of Juda, remained and made Roboam king over them.",0.819,0.696
Ezra 10:36,Ezra,10,36,0,none,different_from_both,"Ouechoa, Meremoth, Eliashib,","Vaniah, Meremoth, Eliashib,","Uvania, Marimoth, Eliasiph,",0.776,0.653
Genesis 26:10,Genesis,26,10,0,none,different_from_both,"And Abimelech said to him, What is this you did to us? One of my people might almost have slept with your wife, and you would have brought guilt on us in ignorance.","And Abimelech said, What is this you have done unto us? one of the people might lightly have lien with your wife, and you should have brought guiltiness upon us.","And Abimelech said to him, Why hast thou done this to us? one of my kindred within a little had lain with thy wife, and thou wouldest have brought a sin of ignorance upon us.",0.808,0.685
Proverbs 23:26,Proverbs,23,26,0,none,different_from_both,"Give me, son, your heart, and let your eyes keep my ways.","My son, give me yours heart, and let yours eyes observe my ways.","My son, give me thine heart, and let thine eyes observe my ways.",0.825,0.702
1 Chronicles 27:32,1 Chronicles,27,32,0,none,different_from_both,"And Jonathan, David’s uncle, was counselor, understanding man and scribe, and Jehiel son of Hachmoni was with sons of king.","Also Jonathan David's uncle was a counsellor, a wise man, and a scribe: and Jehiel the son of Hachmoni was with the king's sons:","And Jonathan, David's uncle by the father's side, was a counsellor, a wise man: and Jeel the son of Achami was with the king's sons.",0.800,0.678
1 Chronicles 9:17,1 Chronicles,9,17,0,none,different_from_both,The gatekeepers: Shallum and Akkub and Talman and Heman and their brothers. Shallum the chief.,"And the porters were, Shallum, and Akkub, and Talmon, and Ahiman, and their brethren: Shallum was the chief;","The door-keepers; Salom, Acum, Telmon, and Diman, and their brethren; Salom was the chief;",0.823,0.701
Exodus 16:15,Exodus,16,15,0,none,different_from_both,"And when the sons of Israel saw it, they said one to another, ""What is this?"" for they did not know what it was. Then Moses said to them, ""This is the bread that the Lord has given you to eat.""","And when the children of Israel saw it, they said one to another, It is manna: for they know not what it was. And Moses said unto them, This is the bread which the LORD has given you to eat.","And when the children of Israel saw it, they said one to another, What is this? for they knew not what it was; and Moses said to them,",0.866,0.744
Genesis 36:22,Genesis,36,22,0,none,different_from_both,"And Lotan's sons became Horites and Heman, and Lotan's sister was Timnah.",And the children of Lotan were Hori and Hemam; and Lotan's sister was Timna.,"And the sons of Lotan were Chorrhi and Hæman; and the sister of Lotan, Thamna.",0.761,0.639
Joshua 15:60,Joshua,15,60,0,none,different_from_both,"Kirjathbaal, this is Kirjathjearim, and Rabbah, two cities and their hamlets.","Kirjathbaal, which is Kirjathjearim, and Rabbah; two cities with their villages:","Cariathbaal, this is the city of Jarim, and Sotheba: two cities, and their villages:",0.859,0.737
Judges 20:6,Judges,20,6,0,none,different_from_both,"And I took hold of my concubine and cut her up and sent her through every border of the inheritance of Israel, because they committed folly in Israel.","And I took my concubine, and cut her in pieces, and sent her throughout all the country of the inheritance of Israel: for they have committed lewdness and folly in Israel.","And I laid hold of my concubine, and divided her in pieces, and sent the parts into every coast of the inheritance of the children of Israel; for they have wrought lewdness and abomination in Israel.",0.781,0.659
1 Chronicles 14:5,1 Chronicles,14,5,0,none,same_as_mt_differs_from_brenton,"and Ibhar and Elishua and Elpalet,","And Ibhar, and Elishua, and Elpalet,","and Baar, and Elisa, and Eliphaleth,",1.000,0.879
1 Chronicles 5:19,1 Chronicles,5,19,0,none,different_from_both,And they made war with the Hagarites and Jetur and Nephish and Nodab.,"And they made war with the Hagarites, with Jetur, and Nephish, and Nodab.","And they made war with the Agarenes, and Itureans, and Naphiseans, and Nadabeans,",0.949,0.828
1 Chronicles 8:21,1 Chronicles,8,21,0,none,different_from_both,"and Adaiah and Beraiah and Shimrath, sons of Shammai,","And Adaiah, and Beraiah, and Shimrath, the sons of Shimhi;","and Elieli, and Adaia, and Baraia, and Samarath, sons of Samaith:",0.914,0.793
1 Chronicles 8:29,1 Chronicles,8,29,0,none,different_from_both,"And in Gibeon dwelt father of Gibeon, and name of his wife was Maachah.",And at Gibeon dwelt the father of Gibeon; whose wife's name was Maachah:,And the father of Gabaon dwelt in Gabaon; and his wife's name was Moacha.,0.754,0.633
2 Chronicles 11:10,2 Chronicles,11,10,0,none,different_from_both,"and Zorah and Aijalon and Hebron, which are of Judah and Benjamin, fortified cities.","And Zorah, and Aijalon, and Hebron, which are in Judah and in Benjamin fenced cities.","and Saraa, and Ælom, and Chebron, which belongs to Juda and Benjamin, walled cities.",0.901,0.780
Numbers 28:4,Numbers,28,4,0,none,different_from_both,"The one lamb you shall do in the morning, and the second lamb you shall do at evening.","The one lamb shall you offer in the morning, and the other lamb shall you offer at even;","Thou shalt offer one lamb in the morning, and thou shalt offer the second lamb towards evening.",0.776,0.655
Genesis 46:19,Genesis,46,19,0,none,different_from_both,"And the sons of Rachel, Jacob's wife: Joseph and Benjamin.","The sons of Rachel Jacob's wife; Joseph, and Benjamin.","And the sons of Rachel, the wife of Jacob; Joseph, and Benjamin.",0.962,0.842
Genesis 46:23,Genesis,46,23,0,none,same_as_mt_differs_from_brenton,And the sons of Dan: Hushim.,And the sons of Dan; Hushim.,And the sons of Dan; Asom.,1.000,0.880
Joshua 15:38,Joshua,15,38,0,none,different_from_both,"and Dalal and Mizpeh and Joktheel,","And Dilean, and Mizpeh, and Joktheel,","and Dalad, and Maspha, and Jachareel,",0.896,0.776
Leviticus 4:32,Leviticus,4,32,0,none,different_from_both,"And if he brings a sheep as his gift for sin, he shall bring a female without blemish.","And if he bring a lamb for a sin offering, he shall bring it a female without blemish.","And if he should offer a lamb for his sin-offering, he shall offer it a female without blemish.",0.798,0.678
Zechariah 3:1,Zechariah,3,1,0,none,different_from_both,"And he showed me Joshua the great priest standing before angel of the Lord, and slanderer stood at his right hand to oppose him.","And he showed me Joshua the high priest standing before the angel of the LORD, and Satan standing at his right hand to resist him.","And the Lord shewed me Jesus the high priest standing before the angel of the Lord, and the Devil stood on his right hand to resist him. And the Lord said to the Devil,",0.835,0.715
1 Chronicles 7:39,1 Chronicles,7,39,0,none,different_from_both,"And sons of Ulla: Arah, Hanniel, and Rezia.","And the sons of Ulla; Arah, and Haniel, and Rezia.","And the sons of Ola; Orech, Aniel, and Rasia.",0.894,0.775
1 Kings 17:4,1 Kings,17,4,0,none,different_from_both,"And it shall be, you will drink water from the wadi, and I have commanded the ravens to feed you there.","And it shall be, that you shall drink of the brook; and I have commanded the ravens to feed you there.","And it shall be that thou shalt drink water of the brook, and I will charge the ravens to feed thee there.",0.854,0.735
Ezekiel 17:16,Ezekiel,17,16,0,none,different_from_both,"As I live, says the Lord, surely in place of king who made him king, whose oath he dishonored and whose covenant he transgressed with him, in midst of Babylon he will die.","As I live, says the Lord GOD, surely in the place where the king dwells that made him king, whose oath he despised, and whose covenant he brake, even with him in the midst of Babylon he shall die.","As I live, saith the Lord, verily in the same place where the king is that made him king, who dishonoured my oath, and who broke my covenant, shall he die with him in the midst of Babylon.",0.826,0.707
Genesis 12:12,Genesis,12,12,0,none,different_from_both,"Then it will be, when the Egyptians see you, they will say, This is his wife. And they will kill me, but preserve you.","Therefore it shall come to pass, when the Egyptians shall see you, that they shall say, This is his wife: and they will kill me, but they will save you alive.","It shall come to pass then that when the Egyptians shall see thee, they shall say, This is his wife, and they shall slay me, but they shall save thee alive.",0.773,0.654
Numbers 34:29,Numbers,34,29,0,none,different_from_both,These are the ones whom the Lord commanded to divide the land for the sons of Israel in the land of Canaan.,These are they whom the LORD commanded to divide the inheritance unto the children of Israel in the land of Canaan.,These did the Lord command to distribute the inheritances to the children of Israel in the land of Chanaan.,0.855,0.736
1 Chronicles 1:37,1 Chronicles,1,37,0,none,different_from_both,"And sons of Reuel: Nahath, Zerah, Some, and Mizzah.","The sons of Reuel; Nahath, Zerah, Shammah, and Mizzah.","And the sons of Raguel, Naches, Zare, Some, and Moze.",0.863,0.745
2 Chronicles 33:23,2 Chronicles,33,23,0,none,different_from_both,"And he did not humble himself before the Lord as Manasseh his father humbled himself, because this Amon multiplied trespass.","And humbled not himself before the LORD, as Manasseh his father had humbled himself; but Amon trespassed more and more.",And he was not humbled before the Lord as his father Manasses was humbled; for his son Amon abounded in transgression.,0.765,0.647
2 Kings 24:7,2 Kings,24,7,0,none,different_from_both,"And the king of Egypt no longer added to go out from his land, because the king of Babylon took from the wadi of Egypt as far as the river Euphrates, all that belonged to the king of Egypt.",And the king of Egypt came not again any more out of his land: for the king of Babylon had taken from the river of Egypt unto the river Euphrates all that pertained to the king of Egypt.,And the king of Egypt came no more out of his land: for the king of Babylon took away all that belonged to the king of Egypt from the river of Egypt as far as the river Euphrates.,0.768,0.650
Ezra 10:31,Ezra,10,31,0,none,different_from_both,"And from sons of Harim: Eliezer, Iessia, Malchijah, Shemaiah, Shimeon,","And of the sons of Harim; Eliezer, Ishijah, Malchiah, Shemaiah, Shimeon,","And of the sons of Eram; Eliezer, Jesia, Melchia, Samaias, Semeon,",0.892,0.774
Judges 18:6,Judges,18,6,0,none,different_from_both,"And the priest said to them, Go in peace. Before the Lord is your way in which you are going.","And the priest said unto them, Go in peace: before the LORD is your way wherein all of you go.","And the priest said to them, Go in peace; your way in which ye go, is before the Lord.",0.862,0.744
Leviticus 25:55,Leviticus,25,55,0,none,different_from_both,"Because the sons of Israel are mine as domestics. They are my servants, whom I brought out from the land of Egypt. I am the Lord your God.",For unto me the children of Israel are servants; they are my servants whom I brought forth out of the land of Egypt: I am the LORD your God.,"For the children of Israel are my servants: they are my attendants, whom I brought out of the land of Egypt.",0.804,0.686
Numbers 11:14,Numbers,11,14,0,none,different_from_both,"I am not able, I alone, to bear all this people, because this word is too heavy for me.","I am not able to bear all this people alone, because it is too heavy for me.","I shall not be able to bear this people alone, for this thing is too heavy for me.",0.854,0.736
Numbers 33:44,Numbers,33,44,0,none,different_from_both,And they set out from Oboth and camped in Ijeabarim on the borders of Moab.,"And they departed from Oboth, and pitched in Ijeabarim, in the border of Moab.","And they departed from Oboth, and encamped in Gai, on the other side Jordan on the borders of Moab.",0.859,0.741
Numbers 3:15,Numbers,3,15,0,none,different_from_both,"Count the sons of Levi by the houses of their fathers, by their clans, by their families. Every male from a month old and upward you shall count.","Number the children of Levi after the house of their fathers, by their families: every male from a month old and upward shall you number them.","Take the number of the sons of Levi, according to the houses of their families, according to their divisions; number ye them every male from a month old and upwards.",0.793,0.675
2 Kings 15:35,2 Kings,15,35,0,none,different_from_both,"Only, the high places he did not remove. The people still sacrificed and burned incense at the high places. He built the upper gate of the house of the Lord.",Nevertheless the high places were not removed: the people sacrificed and burned incense still in the high places. He built the higher gate of the house of the LORD.,Nevertheless he took not away the high places: as yet the people sacrificed and burnt incense on the high places. He built the upper gate of the Lord's house.,0.866,0.749
2 Samuel 11:12,2 Samuel,11,12,0,none,different_from_both,"And David said to Uriah, Sit here today also, and tomorrow I will send you away. And Uriah sat in Jerusalem on that day and the next day.","And David said to Uriah, Tarry here to day also, and tomorrow I will let you depart. So Uriah abode in Jerusalem that day, and the next day.","And David said to Urias, Remain here to-day also, and to-morrow I will let thee go. So Urias remained in Jerusalem that day and the day following.",0.873,0.756
Ezekiel 10:15,Ezekiel,10,15,0,none,different_from_both,And cherubim were lifted up. This was living creature I saw by river Chebar.,And the cherubims were lifted up. This is the living creature that I saw by the river of Chebar.,And the cherubs were the same living creature which I saw by the river of Chobar.,0.857,0.740
Genesis 34:26,Genesis,34,26,0,none,different_from_both,"And they killed Hamor and Shechem his son by the mouth of the sword, and they took Dinah from Shechem's house and went out.","And they slew Hamor and Shechem his son with the edge of the sword, and took Dinah out of Shechem's house, and went out.","And they slew Emmor and Sychem his son with the edge of the sword, and took Dina out of the house of Sychem, and went forth.",0.856,0.739
Judges 19:1,Judges,19,1,0,none,different_from_both,"And it came to be in those days, and there was no king in Israel, and there was a Levite man residing in the flanks of the hill-country of Ephraim, and the man took for himself a concubine wife from Bethlehem of Judah.","And it came to pass in those days, when there was no king in Israel, that there was a certain Levite sojourning on the side of mount Ephraim, who took to him a concubine out of Bethlehemjudah.","And there was a Levite sojourning in the sides of mount Ephraim, and he took to himself a concubine from Bethleem Juda.",0.751,0.634
Numbers 33:23,Numbers,33,23,0,none,different_from_both,And they set out from Kehelathah and camped at Mount Shapher.,"And they went from Kehelathah, and pitched in mount Shapher.","And they departed from Makellath, and encamped in Saphar.",0.847,0.730
1 Chronicles 1:7,1 Chronicles,1,7,0,none,different_from_both,"Sons of Javan: Elishah, Tarshish, Kittim, and Rhodioi.","And the sons of Javan; Elishah, and Tarshish, Kittim, and Dodanim.","And the sons of Jovan, Helisa, and Tharsis, the Citians, and Rhodians.",0.818,0.702
1 Chronicles 3:24,1 Chronicles,3,24,0,none,different_from_both,"And sons of Elioenai: Hodaiah and Eliashib and Pelaiah and Akkub and Johanan and Dalaiah and Anani, seven.","And the sons of Elioenai were, Hodaiah, and Eliashib, and Pelaiah, and Akkub, and Johanan, and Dalaiah, and Anani, seven.","And the sons of Elithenan; Odolia, and Heliasebon, and Phadaia, and Akub, and Joanan, and Dalaaïa, and Anan, seven.",0.958,0.842
2 Chronicles 29:14,2 Chronicles,29,14,0,none,different_from_both,"and from sons of Heman, Jehiel and Shimei, and from sons of Jeduthun, Shemaiah and Uzziel.","And of the sons of Heman; Jehiel, and Shimei: and of the sons of Jeduthun; Shemaiah, and Uzziel.","and of the sons of Æman; Jeiel, and Semei: and of the sons of Idithun; Samaias, and Oziel.",0.909,0.793
Deuteronomy 25:17,Deuteronomy,25,17,0,none,different_from_both,"Remember what Amalek did to you on the road when you came out from Egypt,","Remember what Amalek did unto you by the way, when all of you were come forth out of Egypt;","Remember what things Amalec did to thee by the way, when thou wentest forth out of the land of Egypt:",0.783,0.667
Isaiah 65:9,Isaiah,65,9,0,none,different_from_both,"And I will bring out from Jacob seed and from Judah, and it will inherit my holy mountain, and my chosen will inherit it and my servants dwell there.","And I will bring forth a seed out of Jacob, and out of Judah an inheritor of my mountains: and mine elect shall inherit it, and my servants shall dwell there.","And I will lead forth the seed that came of Jacob and of Juda, and they shall inherit my holy mountain: and mine elect and my servants shall inherit it, and shall dwell there.",0.753,0.637
Jeremiah 1:8,Jeremiah,1,8,0,none,different_from_both,"Do not fear before their face, because I am with you to deliver you, says the Lord.","Be not afraid of their faces: for I am with you to deliver you, says the LORD.","Be not afraid before them: for I am with thee to deliver thee, saith the Lord.",0.826,0.710
Leviticus 4:8,Leviticus,4,8,0,none,different_from_both,"And he shall remove from it all the fat of the calf for sin: the fat that covers the inward parts and all the fat that is on the inward parts,","And he shall take off from it all the fat of the bullock for the sin offering; the fat that covers the inwards, and all the fat that is upon the inwards,","And all the fat of the calf of the sin-offering shall he take off from it; the fat that covers the inwards, and all the fat that is on the inwards,",0.848,0.732
Numbers 16:19,Numbers,16,19,0,none,different_from_both,"And Korah gathered his whole congregation against them by the door of the tent of testimony, and the glory of the Lord appeared to all the congregation.",And Korah gathered all the congregation against them unto the door of the tabernacle of the congregation: and the glory of the LORD appeared unto all the congregation.,And Core raised up against them all his company by the door of the tabernacle of witness; and the glory of the Lord appeared to all the congregation.,0.870,0.754
Numbers 6:26,Numbers,6,26,0,none,different_from_both,May the Lord lift up his face upon you and give you peace.,"The LORD lift up his countenance upon you, and give you peace.","the Lord lift up his countenance upon thee, and give thee peace.",0.889,0.773
1 Samuel 19:12,1 Samuel,19,12,0,none,different_from_both,"And Michal let David down through the window, and he went away and fled and was saved.","So Michal let David down through a window: and he went, and fled, and escaped.","So Melchol lets David down by the window, and he departed, and fled, and escaped.",0.848,0.733
2 Kings 14:7,2 Kings,14,7,0,none,different_from_both,"He struck Edom in the Valley of Salt, ten thousand, and captured Petra in war and called its name Joktheel to this day.","He slew of Edom in the valley of salt ten thousand, and took Selah by war, and called the name of it Joktheel unto this day.","He smote of Edom ten thousand in the valley of salt, and took the Rock in the war, and called its name Jethoel until this day.",0.793,0.678
2 Kings 23:18,2 Kings,23,18,0,none,different_from_both,"And he said, Leave him. Let no man move his bones. And they preserved his bones with the bones of the prophet who came out from Samaria.","And he said, Let him alone; let no man move his bones. So they let his bones alone, with the bones of the prophet that came out of Samaria.","And he said, Let him alone; let no one disturb his bones. So his bones were spared, together with the bones of the prophet that came out of Samaria.",0.850,0.735
Ezekiel 16:46,Ezekiel,16,46,0,none,different_from_both,"Your elder sister is Samaria, she and her daughters dwelling on your left, and your younger sister dwelling on your right is Sodom and her daughters.","And yours elder sister is Samaria, she and her daughters that dwell at your left hand: and your younger sister, that dwells at your right hand, is Sodom and her daughters.","Your elder sister who dwells on thy left hand is Samaria, she and her daughters: and thy younger sister, that dwells on thy right hand, is Sodom and her daughters.",0.872,0.757
Joshua 15:56,Joshua,15,56,0,none,different_from_both,"and Jezreel and Jokdeam and Zakanaim,","And Jezreel, and Jokdeam, and Zanoah,","and Jariel, and Aricam, and Zacanaim,",0.886,0.771
Deuteronomy 19:10,Deuteronomy,19,10,0,none,different_from_both,"and innocent blood shall not be shed in your land that the Lord your God gives you as an inheritance, and bloodguilt shall not be in you.","That innocent blood be not shed in your land, which the LORD your God gives you for an inheritance, and so blood be upon you.","So innocent blood shall not be spilt in the land, which the Lord thy God gives thee to inherit, and there shall not be in thee one guilty of blood.",0.809,0.695
Ezekiel 36:13,Ezekiel,36,13,0,none,different_from_both,"Thus says the Lord God: Because they said to you, You are devouring men and became childless by your nation,","Thus says the Lord GOD; Because they say unto you, You land devour up men, and have bereaved your nations:","Thus saith the Lord God: Because they said to thee, Thou land devourest men, and hast been bereaved of thy nation;",0.812,0.698
1 Chronicles 1:31,1 Chronicles,1,31,0,none,different_from_both,"Jetur, Naphish, and Kedemah. These are sons of Ishmael.","Jetur, Naphish, and Kedemah. These are the sons of Ishmael.","Jettur, Naphes, Kedma: these are the sons of Ismael.",0.962,0.848
2 Kings 9:20,2 Kings,9,20,0,none,different_from_both,"And the watchman reported, saying, He came to them and did not return, and the driving is like the driving of Jehu son of Nimshi, because he drives furiously.","And the watchman told, saying, He came even unto them, and comes not again: and the driving is like the driving of Jehu the son of Nimshi; for he drives furiously.","And the watchman reported, saying, He came up to them, and has not returned: and the driver drives Ju the son of Namessi, for it is with furious haste.",0.852,0.738
Exodus 35:10,Exodus,35,10,0,none,different_from_both,"And every wise-hearted person among you, let him come and make all that the Lord has commanded:","And every wise hearted among you shall come, and make all that the LORD has commanded;","And every man that is wise in heart among you, let him come and work all things whatsoever the Lord has commanded.",0.904,0.790
Genesis 11:29,Genesis,11,29,0,none,different_from_both,"And Abram and Nahor took wives for themselves. The name of Abram's wife was Sara, and the name of Nahor's wife was Milcah, daughter of Haran, father of Milcah and father of Jescha.","And Abram and Nahor took them wives: the name of Abram's wife was Sarai; and the name of Nahor's wife, Milcah, the daughter of Haran, the father of Milcah, and the father of Iscah.","And Abram and Nachor took to themselves wives, the name of the wife of Abram was Sara, and the name of the wife of Nachor, Malcha, daughter of Arrhan, and he was the father of Malcha, the father of Jescha.",0.890,0.776
Judges 12:12,Judges,12,12,0,none,different_from_both,"And Elon the Zebulunite died in Elim, and they buried him in the land of Zebulun.","And Elon the Zebulonite died, and was buried in Aijalon in the country of Zebulun.","And Ælom of Zabulon died, and was buried in Ælom in the land of Zabulon.",0.767,0.653
Lamentations 5:2,Lamentations,5,2,0,none,different_from_both,"Our inheritance turned over to strangers, our houses to foreigners.","Our inheritance is turned to strangers, our houses to aliens.","Our inheritance has been turned away to aliens, our houses to strangers:",0.855,0.741
1 Chronicles 26:21,1 Chronicles,26,21,0,none,different_from_both,"Sons of Laadan, sons of Gershonite for Laadan, chiefs of fathers for Laadan the Gershonite: Jehieli.","As concerning the sons of Laadan; the sons of the Gershonite Laadan, chief fathers, even of Laadan the Gershonite, were Jehieli.","These were the sons of Ladan, the sons of the Gersonite: to Ladan belonged the heads of the families: the son of Ladan the Gersonite was Jeiel.",0.785,0.672
1 Kings 16:18,1 Kings,16,18,0,none,different_from_both,"And it came to be when Zimri saw that his city had been seized, he entered into the citadel of the king's house and burned the king's house over himself with fire and died,","And it came to pass, when Zimri saw that the city was taken, that he went into the palace of the king's house, and burnt the king's house over him with fire, and died.","And it came to pass when Zambri saw that his city was taken, that he goes into the inner chamber of the house of the king, and burnt the king's house over him, and died.",0.848,0.735
1 Samuel 30:1,1 Samuel,30,1,0,none,different_from_both,"And it came to be when David and his men entered into Ziklag on the third day, Amalek attacked the south and Ziklag and struck Ziklag and burned it with fire.","And it came to pass, when David and his men were come to Ziklag on the third day, that the Amalekites had invaded the south, and Ziklag, and smitten Ziklag, and burned it with fire;","And it came to pass when David and his men had entered Sekelac on the third day, that Amalec had made an incursion upon the south, and upon Sekelac, and smitten Sekelac, and burnt it with fire.",0.846,0.733
2 Chronicles 12:16,2 Chronicles,12,16,0,none,different_from_both,"And Rehoboam died and was buried with his fathers and was buried in City of David, and Abijah his son reigned in his place.","And Rehoboam slept with his fathers, and was buried in the city of David: and Abijah his son reigned in his position.","And Roboam made war with Jeroboam all his days. And Roboam died with his fathers, and was buried in the city of David: and Abia his son reigned in his stead.",0.843,0.730
Deuteronomy 15:16,Deuteronomy,15,16,0,none,different_from_both,"And if he says to you, I will not go out from you, because he loved you and your household, because it is well for him with you,","And it shall be, if he say unto you, I will not go away from you; because he loves you and yours house, because he is well with you;","And if he should say to thee, I will not go out from thee, because he continues to love thee and thy house, because he is well with thee;",0.837,0.724
Exodus 28:9,Exodus,28,9,0,none,different_from_both,"And you shall take the two emerald stones and engrave on them the names of the sons of Israel,","And you shall take two onyx stones, and grave on them the names of the children of Israel:","And thou shalt take the two stones, the stones of emerald, and thou shalt grave on them the names of the children of Israel.",0.851,0.738
Job 38:4,Job,38,4,0,none,different_from_both,"Where were you when I founded earth? Declare to me, if you know understanding.","Where were you when I laid the foundations of the earth? declare, if you have understanding.","Where wast thou when I founded the earth? tell me now, if thou hast knowledge,",0.780,0.667
Judges 4:10,Judges,4,10,0,none,different_from_both,"And Barak summoned Zebulun and Naphtali to Kedesh, and ten thousand men went up at his feet, and Deborah went up with him.",And Barak called Zebulun and Naphtali to Kedesh; and he went up with ten thousand men at his feet: and Deborah went up with him.,"And Barac called Zabulon and Nephthali out of Cades, and there went up at his feet ten thousand men, and Debbora went up with him.",0.861,0.748
Job 11:13,Job,11,13,0,none,different_from_both,"For if you set your heart pure and stretch out hands toward him,","If you prepare yours heart, and stretch out yours hands toward him;","For if thou hast made thine heart pure, and liftest up thine hands towards him;",0.812,0.700
Leviticus 11:47,Leviticus,11,47,0,none,different_from_both,"to distinguish between the unclean and the clean, and between the living things that may be eaten and the living things that may not be eaten.","To make a difference between the unclean and the clean, and between the beast that may be eaten and the beast that may not be eaten.","to distinguish between the unclean and the clean; and between those that bring forth alive, such as should be eaten, and those that bring forth alive, such as should not be eaten.",0.800,0.688
2 Samuel 3:25,2 Samuel,3,25,0,none,different_from_both,"Do you not know the evil of Abner son of Ner, that he came to deceive you and to know your going out and your coming in and to know all that you do?","You know Abner the son of Ner, that he came to deceive you, and to know your going out and your coming in, and to know all that you do.","Knowest thou not the mischief of Abenner the son of Ner, that he came to deceive thee, and to know thy going out and thy coming in, and to know all things that thou doest?",0.917,0.805
Exodus 12:8,Exodus,12,8,0,none,different_from_both,"""And they shall eat the flesh on this night, roasted by fire, and unleavened bread. With bitter herbs they shall eat it.""","And they shall eat the flesh in that night, roast with fire, and unleavened bread; and with bitter herbs they shall eat it.","And they shall eat the flesh in this night roast with fire, and they shall eat unleavened bread with bitter herbs.",0.923,0.811
Ezekiel 27:2,Ezekiel,27,2,0,none,different_from_both,"Son of man, take up lamentation over Tyre,","Now, you son of man, take up a lamentation for Tyrus;","And thou, son of man, take up a lamentation against Sor;",0.822,0.710
Ezekiel 48:5,Ezekiel,48,5,0,none,different_from_both,"And beside border of Manasseh, from east side to west side, Ephraim, one portion.","And by the border of Manasseh, from the east side unto the west side, a portion for Ephraim.","And from the borders of Manasse, from the eastern parts as far as the west coasts, for Ephraim, one.",0.759,0.647
Genesis 36:11,Genesis,36,11,0,none,different_from_both,"And Eliphaz' sons were Teman, Omar, Zepho, Gatam, and Kenaz.","And the sons of Eliphaz were Teman, Omar, Zepho, and Gatam, and Kenaz.","And the sons of Eliphas were Thæman, Omar, Sophar, Gothom, and Kenez.",0.824,0.712
Jeremiah 13:8,Jeremiah,13,8,0,none,different_from_both,"And the word of the Lord came to me, saying,","Then the word of the LORD came unto me, saying,","And the word of the Lord came to me, saying, Thus saith the Lord,",0.920,0.808
Nahum 1:8,Nahum,1,8,0,none,different_from_both,"With overflowing flood he will make an end of those rising up, and darkness will pursue his enemies.","But with a surpassing flood he will make an utter end of the place thereof, and darkness shall pursue his enemies.",But with an overrunning flood he will make an utter end: darkness shall pursue those that rise up against him and his enemies.,0.752,0.640
Numbers 33:24,Numbers,33,24,0,none,different_from_both,And they set out from Mount Shapher and camped at Haradah.,"And they removed from mount Shapher, and encamped in Haradah.","And they departed from Saphar, and encamped in Charadath.",0.862,0.750
1 Chronicles 27:19,1 Chronicles,27,19,0,none,different_from_both,"for Zebulun, Shemaiah son of Obadiah; for Naphtali, Jerimoth son of Azriel;","Of Zebulun, Ishmaiah the son of Obadiah: of Naphtali, Jerimoth the son of Azriel:","for Zabulon, Samæas the son of Abdiu: for Nephthali, Jerimoth the son of Oziel:",0.892,0.781
1 Chronicles 27:21,1 Chronicles,27,21,0,none,different_from_both,"for half tribe of Manasseh in Gilead, Iddo son of Zechariah; for sons of Benjamin, Jaasiel son of Abner;","Of the half tribe of Manasseh in Gilead, Iddo the son of Zechariah: of Benjamin, Jaasiel the son of Abner:","for the half-tribe of Manasse in the land of Galaad, Jadai the son of Zadæas, for the sons of Benjamin, Jasiel the son of Abenner:",0.881,0.770
2 Chronicles 27:4,2 Chronicles,27,4,0,none,different_from_both,"And he built cities in mountain of Judah, and in forests dwellings and towers.","Moreover he built cities in the mountains of Judah, and in the forests he built castles and towers.","In the mountain of Juda, and in the woods, he built both dwelling-places and towers.",0.786,0.675
Exodus 7:2,Exodus,7,2,0,none,different_from_both,"You shall speak to him all that I command you, and Aaron your brother shall speak to Pharaoh so that he may send out the sons of Israel from his land.","You shall speak all that I command you: and Aaron your brother shall speak unto Pharaoh, that he send the children of Israel out of his land.","And thou shalt say to him all things that I charge thee, and Aaron thy brother shall speak to Pharao, that he should send forth the children of Israel out of his land.",0.867,0.756
Genesis 24:38,Genesis,24,38,0,none,different_from_both,but you shall go instead to my father's house and to my tribe and take a wife for my son from there.,"But you shall go unto my father's house, and to my kindred, and take a wife unto my son.","But thou shalt go to the house of my father, and to my tribe, and thou shalt take thence a wife for my son.",0.824,0.713
Numbers 13:14,Numbers,13,14,0,none,different_from_both,"from the tribe of Naphtali, Nahbi son of Vophsi;","Of the tribe of Naphtali, Nahbi the son of Vophsi.","Of the tribe of Nephthali, Nabi the son of Sabi.",0.915,0.804
1 Chronicles 1:42,1 Chronicles,1,42,0,none,different_from_both,"And sons of Ezer: Bilhan, Zoukan, and Jakan. Sons of Dishan also: Os and Haran.","The sons of Ezer; Bilhan, and Zavan, and Jakan. The sons of Dishan; Uz, and Aran.","And the sons of Hosar, Balaam, and Zucam, and Acan: the sons of Disan, Os, and Aran.",0.803,0.693
Job 31:4,Job,31,4,0,none,different_from_both,Does he not see my way and count all my steps?,"Does not he see my ways, and count all my steps?","Will he not see my way, and number all my steps?",0.923,0.813
Numbers 32:13,Numbers,32,13,0,none,different_from_both,And the Lord was enraged in anger against Israel and drove them round in the wilderness forty years until all the generation doing evil before the Lord was consumed.,"And the LORD's anger was kindled against Israel, and he made them wander in the wilderness forty years, until all the generation, that had done evil in the sight of the LORD, was consumed.","And the Lord was very angry with Israel; and for forty years he caused them to wander in the wilderness, until all the generation which did evil in the sight of the Lord was extinct.",0.798,0.688
1 Chronicles 23:9,1 Chronicles,23,9,0,none,different_from_both,"Sons of Shimei: Shelomith and Jeiel and Haran, three. These were chiefs of fathers for Laadan.","The sons of Shimei; Shelomith, and Haziel, and Haran, three. These were the chief of the fathers of Laadan.","The sons of Semei; Salomith, Jeiel, and Dan, three: these were the chiefs of the families of Edan.",0.890,0.780
Deuteronomy 6:23,Deuteronomy,6,23,0,none,different_from_both,"And he brought us out from there so that he might bring us in, to give us this land that he swore to give to our fathers.","And he brought us out from thence, that he might bring us in, to give us the land which he swore unto our fathers.","And he brought us out thence to give us this land, which he sware to give to our fathers.",0.887,0.777
Ezekiel 31:2,Ezekiel,31,2,0,none,different_from_both,"Son of man, say to Pharaoh king of Egypt and to his multitude, To whom did you liken yourself in your height?","Son of man, speak unto Pharaoh king of Egypt, and to his multitude; Whom are you like in your greatness?","Son of man, say to Pharao king of Egypt, and to his multitude;",0.825,0.715
Judges 18:16,Judges,18,16,0,none,different_from_both,"And the six hundred men girded with weapons of war, from the sons of Dan, stood by the doorway of the gate.","And the six hundred men appointed with their weapons of war, which were of the children of Dan, stood by the entering of the gate.",And the six hundred men of the sons of Dan who were girded with their weapons of war stood by the door of the gate.,0.771,0.661
1 Kings 15:3,1 Kings,15,3,0,none,different_from_both,"And he walked in the sins of his father that he did before him, and his heart was not perfect with the Lord his God like the heart of David his father.","And he walked in all the sins of his father, which he had done before him: and his heart was not perfect with the LORD his God, as the heart of David his father.","And he walked in the sins of his father which he wrought in his presence, and his heart was not perfect with the Lord his God, as was the heart of his father David.",0.922,0.813
1 Kings 18:8,1 Kings,18,8,0,none,different_from_both,"And Elijah said to him, I am. Go, tell your lord, Behold, Elijah.","And he answered him, I am: go, tell your lord, Behold, Elijah is here.","And Eliu said to him, I am: go, say to thy master, Behold, Eliu is here.",0.797,0.688
2 Kings 23:30,2 Kings,23,30,0,none,different_from_both,"And his servants set him on the chariot, dead from Megiddo, and brought him to Jerusalem and buried him in his tomb in the city of David. And the people of the land took Jehoahaz son of Josiah and anointed him and made him king in place of his father.","And his servants carried him in a chariot dead from Megiddo, and brought him to Jerusalem, and buried him in his own tomb. And the people of the land took Jehoahaz the son of Josiah, and anointed him, and made him king in his father's position.","And his servants carried him dead from Mageddo, and brought him to Jerusalem, and buried him in his sepulchre: and the people of the land took Joachaz the son of Josias, and anointed him, and made him king in the room of his father.",0.802,0.693
1 Chronicles 23:12,1 Chronicles,23,12,0,none,different_from_both,"Sons of Kohath: Amram, Izhar, Hebron, Uzziel, four.","The sons of Kohath; Amram, Izhar, Hebron, and Uzziel, four.","The sons of Caath; Ambram, Isaar, Chebron, Oziel, four.",0.918,0.809
Ezra 7:14,Ezra,7,14,0,none,different_from_both,"Because you are sent from presence of the king and the seven counselors to inspect concerning Judah and Jerusalem by law of your God in your hand,","Forasmuch as you are sent of the king, and of his seven counsellors, to enquire concerning Judah and Jerusalem, according to the law of your God which is in yours hand;","One has been sent from the king and the seven councillors, to visit Judea and Jerusalem, according to the law of their God that is in thine hand.",0.764,0.655
Judges 8:6,Judges,8,6,0,none,different_from_both,"And the leaders of Succoth said, Is the hand of Zebah and Zalmunna now in your hand, that we should give bread to your army?","And the princes of Succoth said, Are the hands of Zebah and Zalmunna now in yours hand, that we should give bread unto yours army?","And the princes of Socchoth said, Are the hands of Zebee and Salmana now in thy hand, that we should give bread to thy host?",0.919,0.810
Nehemiah 13:11,Nehemiah,13,11,0,none,different_from_both,"And I contended with the generals and said, Why was house of God forsaken? And I gathered them and set them in their standing.","Then contended I with the rulers, and said, Why is the house of God forsaken? And I gathered them together, and set them in their place.","And I strove with the commanders, and said, Wherefore has the house of God been abandoned? and I assembled them, and set them in their place.",0.827,0.718
Numbers 1:16,Numbers,1,16,0,none,different_from_both,"These were the called ones of the congregation, chiefs of the tribes of their fathers, commanders of thousands in Israel.","These were the renowned of the congregation, princes of the tribes of their fathers, heads of thousands in Israel.","These were famous men of the congregation, heads of the tribes according to their families: these are heads of thousands in Israel.",0.865,0.756
Numbers 35:16,Numbers,35,16,0,none,different_from_both,"But if he strikes him with an iron tool and he dies, he is a murderer. The murderer shall surely be put to death.","And if he strike him with an instrument of iron, so that he die, he is a murderer: the murderer shall surely be put to death.","And if he should smite him with an iron instrument, and the man should die, he is a murderer; let the murderer by all means be put to death.",0.857,0.748
Ecclesiastes 6:9,Ecclesiastes,6,9,0,none,different_from_both,Better sight of the eyes than wandering of the soul; this too is vanity and choice of spirit.,Better is the sight of the eyes than the wandering of the desire: this is also vanity and vexation of spirit.,"The sight of the eyes is better than that which wanders in soul: this is also vanity, and waywardness of spirit.",0.798,0.690
Judges 9:46,Judges,9,46,0,none,different_from_both,"And all the men of the tower of Shechem heard, and they entered into the stronghold of the house of Baal-covenant.","And when all the men of the tower of Shechem heard that, they entered into an hold of the house of the god Berith.","And all the men of the tower of Sychem heard, and came to the gathering of Bæthel-berith.",0.812,0.704
2 Kings 25:30,2 Kings,25,30,0,none,different_from_both,"And his allowance, a continual allowance, was given to him from the king's house, a matter of a day in its day, all the days of his life.","And his allowance was a continual allowance given him of the king, a daily rate for every day, all the days of his life.","And his portion, a continual portion, was given him out of the house of the king, a daily rate for every day all the days of his life.",0.782,0.674
Exodus 29:6,Exodus,29,6,0,none,different_from_both,"And you shall put the turban on his head, and you shall put the holy plate on the turban.","And you shall put the turban upon his head, and put the holy crown upon the turban.","And thou shalt put the mitre on his head; and thou shalt put the plate, even the Holiness, on the mitre.",0.857,0.749
Ezra 10:34,Ezra,10,34,0,none,different_from_both,"From sons of Bani: Maadai, Amram, Uel,","Of the sons of Bani; Maadai, Amram, and Uel,","And of the sons of Bani; Moodia, Amram, Uel,",0.838,0.730
Genesis 37:12,Genesis,37,12,0,none,different_from_both,And his brothers went to pasture their father's sheep at Shechem.,And his brethren went to feed their father's flock in Shechem.,And his brethren went to feed the sheep of their father to Sychem.,0.764,0.656
1 Chronicles 22:10,1 Chronicles,22,10,0,none,different_from_both,"He shall build house to my name, and he shall be to me for son, and I to him for father, and I will set upright throne of his kingdom in Israel forever.","He shall build an house for my name; and he shall be my son, and I will be his father; and I will establish the throne of his kingdom over Israel for ever.","He shall build a house to my name; and he shall be a son to me, and I will be a father to him; and I will establish the throne of his kingdom in Israel for ever.",0.809,0.702
1 Chronicles 4:30,1 Chronicles,4,30,0,none,different_from_both,and Bethuel and Hormah and Ziklag,"And at Bethuel, and at Hormah, and at Ziklag,","and in Bathuel, and in Herma, and in Sikelag,",0.880,0.773
1 Samuel 11:13,1 Samuel,11,13,0,none,different_from_both,"And Saul said, No one will be put to death on this day, because today the Lord has worked salvation in Israel.","And Saul said, There shall not a man be put to death this day: in order to day the LORD has wrought salvation in Israel.","And Saul said, No man shall die this day, for to-day the Lord has wrought deliverance in Israel.",0.777,0.670
2 Kings 22:4,2 Kings,22,4,0,none,different_from_both,"Go up to Hilkiah the high priest and seal the silver brought into the house of the Lord, which the keepers of the threshold gathered from the people.","Go up to Hilkiah the high priest, that he may sum the silver which is brought into the house of the LORD, which the keepers of the door have gathered of the people:","Go up to Chelcias the high priest, and take account of the money that is brought into the house of the Lord, which they that keep the door have collected of the people.",0.857,0.750
2 Samuel 4:3,2 Samuel,4,3,0,none,different_from_both,And the Beerothites fled into Gittaim and were sojourning there until this day.,"And the Beerothites fled to Gittaim, and were sojourners there until this day.)","And the Berothites ran away to Gethaim, and were sojourners there until this day.",0.948,0.841
2 Samuel 4:5,2 Samuel,4,5,0,none,different_from_both,"And sons of Rimmon the Beerothite, Rechab and Baana, went and entered in the heat of the day into the house of Ishbosheth, and he was sleeping on the bed at noon.","And the sons of Rimmon the Beerothite, Rechab and Baanah, went, and came about the heat of the day to the house of Ishbosheth, who lay on a bed at noon.","And Rechab and Baana the sons of Remmon the Berothite went, and they came in the heat of the day into the house of Jebosthe; and he was sleeping on a bed at noon.",0.833,0.726
Genesis 45:27,Genesis,45,27,0,none,different_from_both,"And they told him all the words of Joseph that he had spoken to them. And when he saw the carts that Joseph had sent to take him, the spirit of Jacob their father revived.","And they told him all the words of Joseph, which he had said unto them: and when he saw the wagons which Joseph had sent to carry him, the spirit of Jacob their father revived:","But they spoke to him all the words uttered by Joseph, whatsoever he said to them; and having seen the chariots which Joseph sent to take him up, the spirit of Jacob their father revived.",0.888,0.781
Joshua 18:25,Joshua,18,25,0,none,same_as_mt_differs_from_brenton,"Gibeon and Ramah and Beeroth,","Gibeon, and Ramah, and Beeroth,","Gabaon, and Rama, and Beerotha;",1.000,0.893
Numbers 9:12,Numbers,9,12,0,none,different_from_both,"They shall leave none of it until morning, and they shall not break a bone of it. According to the law of the Passover they shall keep it.","They shall leave none of it unto the morning, nor break any bone of it: according to all the ordinances of the passover they shall keep it.","They shall not leave of it until the morrow, and they shall not break a bone of it; they shall sacrifice it according to the ordinance of the passover.",0.849,0.742
Deuteronomy 28:34,Deuteronomy,28,34,0,none,different_from_both,and you shall be maddened by the sights of your eyes that you see.,So that you shall be mad for the sight of yours eyes which you shall see.,"And thou shalt be distracted, because of the sights of thine eyes which thou shalt see.",0.759,0.653
Exodus 36:5,Exodus,36,5,0,none,different_from_both,"and they said to Moses, ""The people are bringing more than enough for the works that the Lord commanded to be done.""","And they spoke unto Moses, saying, The people bring much more than enough for the service of the work, which the LORD commanded to make.","And one said to Moses, The people bring an abundance too great in proportion to all the works which the Lord has appointed them to do.",0.754,0.648
Exodus 6:18,Exodus,6,18,0,none,different_from_both,"And sons of Kohath: Amram and Izhar, Hebron, and Uzziel. And the years of Kohath's life were one hundred thirty years.","And the sons of Kohath; Amram, and Izhar, and Hebron, and Uzziel: and the years of the life of Kohath were an hundred thirty and three years.","Ambram and Issaar, Chebron, and Oziel; and the years of the life of Caath were a hundred and thirty-three years.",0.842,0.736
Genesis 46:30,Genesis,46,30,0,none,different_from_both,"And Israel said to Joseph, From now on I will die, since I have seen your face, because you still live.","And Israel said unto Joseph, Now let me die, since I have seen your face, because you are yet alive.","And Israel said to Joseph, After this I will gladly die, since I have seen thy face, for thou art yet living.",0.841,0.735
Leviticus 16:19,Leviticus,16,19,0,none,different_from_both,And he shall sprinkle some of the blood on it with his finger seven times and cleanse it and sanctify it from the uncleannesses of the sons of Israel.,"And he shall sprinkle of the blood upon it with his finger seven times, and cleanse it, and hallow it from the uncleanness of the children of Israel.","And he shall sprinkle some of the blood upon it seven times with his finger, and shall purge it, and hallow it from the uncleanness of the children of Israel.",0.895,0.789
Numbers 1:15,Numbers,1,15,0,none,different_from_both,"from Naphtali, Ahira son of Enan.",Of Naphtali; Ahira the son of Enan.,"Of Nephthali, Achire the son of Ænan.",0.875,0.769
Numbers 1:9,Numbers,1,9,0,none,different_from_both,"from Zebulun, Eliab son of Helon;",Of Zebulun; Eliab the son of Helon.,"Of Zabulon, Eliab the son of Chælon.",0.875,0.769
1 Chronicles 11:29,1 Chronicles,11,29,0,none,different_from_both,"Sibbecai the Hushathite, Eli the Ahohite,","Sibbecai the Hushathite, Ilai the Ahohite,","Sobochai the Usathite, Eli the Achonite,",0.962,0.857
1 Chronicles 9:10,1 Chronicles,9,10,0,none,different_from_both,"And from the priests: Jedaiah and Jehoiarib and Jachin,","And of the priests; Jedaiah, and Jehoiarib, and Jachin,","And of the priests; Jodaë, and Joarim, and Jachin,",0.962,0.857
1 Samuel 1:26,1 Samuel,1,26,0,none,different_from_both,"And she said, In me, lord, your soul lives: I am the woman who stood before you in praying to the Lord.","And she said, Oh my lord, as your soul lives, my lord, I am the woman that stood by you here, praying unto the LORD.","And she said, I pray thee, my lord, as thy soul liveth, I am the woman that stood in thy presence with thee while praying to the Lord.",0.827,0.722
2 Chronicles 25:21,2 Chronicles,25,21,0,none,different_from_both,"And Joash king of Israel went up, and they looked one another in face, he and Amaziah king of Judah, at Beth-shemesh, which belongs to Judah.","So Joash the king of Israel went up; and they saw one another in the face, both he and Amaziah king of Judah, at Bethshemesh, which belongs to Judah.","So Joas king of Israel went up; and they saw one another, he and Amasias king of Juda, in Bæthsamys, which is of Juda.",0.900,0.795
Numbers 22:2,Numbers,22,2,0,none,different_from_both,And Balak son of Zippor saw all that Israel had done to the Amorite.,And Balak the son of Zippor saw all that Israel had done to the Amorites.,"And when Balac son of Sepphor saw all that Israel did to the Amorite,",0.964,0.859
Numbers 36:10,Numbers,36,10,0,none,different_from_both,"Just as the Lord commanded Moses, so the daughters of Zelophehad did.","Even as the LORD commanded Moses, so did the daughters of Zelophehad:","As the Lord commanded Moses, so did they to the daughters of Salpaad.",0.881,0.776
2 Kings 13:4,2 Kings,13,4,0,none,different_from_both,"And Jehoahaz entreated the face of the Lord, and the Lord listened to him, because he saw the oppression of Israel, that the king of Syria oppressed them.","And Jehoahaz besought the LORD, and the LORD hearkened unto him: for he saw the oppression of Israel, because the king of Syria oppressed them.","And Joachaz besought the Lord, and the Lord hearkened to him, for he saw the affliction of Israel, because the king of Syria afflicted them.",0.810,0.706
1 Chronicles 6:1,1 Chronicles,6,1,0,none,different_from_both,"Sons of Levi: Gershon, Kohath, and Merari.","The sons of Levi; Gershon, Kohath, and Merari.","The sons of Levi: Gedson, Caath, and Merari.",0.950,0.846
2 Chronicles 6:41,2 Chronicles,6,41,0,none,different_from_both,"And now rise up, Lord God, into your resting place, you and ark of your strength. Let your priests, Lord God, put on salvation, and let your sons rejoice in good things.","Now therefore arise, O LORD God, into your resting place, you, and the ark of your strength: let your priests, O LORD God, be clothed with salvation, and let your saints rejoice in goodness.","And now, O Lord God, arise into thy resting-place, thou, and the ark of thy strength: let thy priests, O Lord God, clothe themselves with salvation, and thy sons rejoice in prosperity.",0.848,0.744
2 Kings 22:12,2 Kings,22,12,0,none,different_from_both,"And the king commanded Hilkiah the priest and Ahikam son of Shaphan and Achbor son of Michaiah and Shaphan the scribe and Asaiah servant of the king, saying,","And the king commanded Hilkiah the priest, and Ahikam the son of Shaphan, and Achbor the son of Michaiah, and Shaphan the scribe, and Asahiah a servant of the king's, saying,","And the king commanded Chelcias the priest, and Achikam the son of Sapphan, and Achobor the son of Michaias, and Sapphan the scribe, and Asaias the king's servant, saying,",0.963,0.859
Deuteronomy 30:7,Deuteronomy,30,7,0,none,different_from_both,And the Lord your God will put these curses on your enemies and on those hating you who persecuted you.,"And the LORD your God will put all these curses upon yours enemies, and on them that hate you, which persecuted you.","And the Lord thy God will put these curses upon thine enemies, and upon those that hate thee, who have persecuted thee.",0.893,0.789
Exodus 18:25,Exodus,18,25,0,none,different_from_both,And Moses chose able men from all Israel and made them over the people as commanders of thousands and hundreds and fifties and tens.,"And Moses chose able men out of all Israel, and made them heads over the people, rulers of thousands, rulers of hundreds, rulers of fifties, and rulers of tens.","And Moses chose out able men out of all Israel, and he made them captains of thousands and captains of hundreds, and captains of fifties and captains of tens over the people.",0.786,0.682
Ezekiel 28:15,Ezekiel,28,15,0,none,different_from_both,You were blameless in your days from day you were created until injustices were found in you.,"You were perfect in your ways from the day that you were created, till iniquity was found in you.","Thou wast faultless in thy days, from the day that thou wast created, until iniquity was found in thee.",0.781,0.677
Numbers 33:34,Numbers,33,34,0,none,different_from_both,And they set out from Jotbathah and camped at Ebronah.,"And they removed from Jotbathah, and encamped at Ebronah.","And they departed from Etebatha, and encamped in Ebrona.",0.889,0.785
1 Chronicles 23:18,1 Chronicles,23,18,0,none,different_from_both,Sons of Izhar: Shelomith chief.,Of the sons of Izhar; Shelomith the chief.,The sons of Isaar; Salomoth the chief.,0.841,0.738
2 Chronicles 11:8,2 Chronicles,11,8,0,none,same_as_mt_differs_from_brenton,"and Gath and Mareshah and Ziph,","And Gath, and Mareshah, and Ziph,","and Geth, and Marisa, and Ziph,",1.000,0.897
2 Samuel 3:15,2 Samuel,3,15,0,none,different_from_both,"And Ishbosheth sent and took her from her husband, from Paltiel son of Laish.","And Ishbosheth sent, and took her from her husband, even from Phaltiel the son of Laish.","And Jebosthe sent, and took her from her husband, even from Phaltiel the son of Selle.",0.938,0.835
Exodus 23:33,Exodus,23,33,0,none,different_from_both,"They shall not dwell in your land, lest they make you sin against me. For if you serve their gods, these will be a stumbling block to you.","They shall not dwell in your land, lest they make you sin against me: for if you serve their gods, it will surely be a snare unto you.","And they shall not dwell in thy land, lest they cause thee to sin against me; for if thou shouldest serve their gods, these will be an offence to thee.",0.886,0.783
Genesis 25:14,Genesis,25,14,0,none,same_as_mt_differs_from_brenton,and Mishma and Dumah and Massa,"And Mishma, and Dumah, and Massa,","and Masma, and Duma, and Masse,",1.000,0.897
Job 13:26,Job,13,26,0,none,different_from_both,For you wrote bitter things against me and laid on me sins of youth.,"For you write bitter things against me, and make me to possess the iniquities of my youth.","For thou hast written evil things against me, and thou hast compassed me with the sins of my youth.",0.774,0.671
Job 9:34,Job,9,34,0,none,different_from_both,"Let him take his rod away from me, and let his fear not whirl me about.","Let him take his rod away from me, and let not his fear terrify me:","Let him remove his rod from me, and let not his fear terrify me:",0.836,0.733
Nehemiah 11:10,Nehemiah,11,10,0,none,different_from_both,"From the priests: Jedaiah son of Joiarib, Jachin,","Of the priests: Jedaiah the son of Joiarib, Jachin.","Of the priests: both Jadia son of Joarib, and Jachin.",0.915,0.812
Numbers 25:12,Numbers,25,12,0,none,different_from_both,"Therefore say, Behold, I give him a covenant of peace.","Wherefore say, Behold, I give unto him my covenant of peace:","Thus do thou say to him, Behold, I give him a covenant of peace:",0.907,0.804
Numbers 33:13,Numbers,33,13,0,none,different_from_both,And they set out from Dophkah and camped in Alush.,"And they departed from Dophkah, and encamped in Alush.","And they departed from Raphaca, and encamped in Ælus.",0.871,0.768
2 Kings 15:37,2 Kings,15,37,0,none,different_from_both,In those days the Lord began to send into Judah Rezin king of Syria and Pekah son of Remaliah.,"In those days the LORD began to send against Judah Rezin the king of Syria, and Pekah the son of Remaliah.","In those days the Lord began to send forth against Juda Raasson king of Syria, and Phakee son of Romelias.",0.934,0.832
1 Chronicles 1:41,1 Chronicles,1,41,0,none,different_from_both,"Sons of Anah: Dishan. Sons of Dishan: Emeron, Eshban, Ithran, and Haran.","The sons of Anah; Dishon. And the sons of Dishon; Amram, and Eshban, and Ithran, and Cheran.","The sons of Sonan, Dæson: and the sons of Dæson; Emeron, and Asebon, and Jethram, and Charran.",0.760,0.658
2 Samuel 12:6,2 Samuel,12,6,0,none,different_from_both,"And he will repay the ewe lamb sevenfold, because he did this thing and because he did not spare.","And he shall restore the lamb fourfold, because he did this thing, and because he had no pity.","And he shall restore the lamb seven-fold, because he has not spared.",0.785,0.683
2 Samuel 23:26,2 Samuel,23,26,0,none,different_from_both,"Helez the Phelothite, Ira son of Ikkesh the Thekoite,","Helez the Paltite, Ira the son of Ikkesh the Tekoite,",Selles the Kelothite: Iras the son of Isca the Thecoite.,0.902,0.800
Ezekiel 45:21,Ezekiel,45,21,0,none,different_from_both,"And in the first month, on fourteenth of the month, you will have Passover, a feast of seven days; unleavened bread you will eat.","In the first month, in the fourteenth day of the month, all of you shall have the passover, a feast of seven days; unleavened bread shall be eaten.","And in the first month, on the fourteenth day of the month, ye shall have the feast of the passover; seven days shall ye eat unleavened bread.",0.835,0.733
Ezekiel 48:23,Ezekiel,48,23,0,none,different_from_both,"And for rest of the tribes, from east side to west side, Benjamin, one portion.","As for the rest of the tribes, from the east side unto the west side, Benjamin shall have a portion.","And as for the rest of the tribes, from the eastern parts as far as the western, Benjamin shall have one portion.",0.826,0.724
Ezekiel 6:2,Ezekiel,6,2,0,none,different_from_both,"Son of man, set your face toward mountains of Israel and prophesy against them,","Son of man, set your face toward the mountains of Israel, and prophesy against them,","Son of man, set thy face against the mountains of Israel, and prophesy against them;",0.975,0.873
Leviticus 24:19,Leviticus,24,19,0,none,different_from_both,"And if anyone gives a blemish to his neighbor, as he did, so it shall be done back to him:","And if a man cause a blemish in his neighbour; as he has done, so shall it be done to him;","And whosoever shall inflict a blemish on his neighbour, as he has done to him, so shall it be done to himself in return;",0.759,0.657
1 Chronicles 26:15,1 Chronicles,26,15,0,none,different_from_both,"To Obededom, south, opposite house of Asuppim.",To Obededom southward; and to his sons the house of Asuppim.,"To Abdedom they gave by lot the south, opposite the house of Esephim.",0.792,0.691
1 Chronicles 3:22,1 Chronicles,3,22,0,none,different_from_both,"And son of Shecaniah: Shemaiah. And sons of Shemaiah: Hattush and Joel and Bariah and Neariah and Shaphat, six.","And the sons of Shechaniah; Shemaiah: and the sons of Shemaiah; Hattush, and Igeal, and Bariah, and Neariah, and Shaphat, six.","And the son of Sechenias; Samaia: and the sons of Samaia; Chattus, and Joel, and Berri and Noadia, and Saphath, six.",0.933,0.832
Genesis 46:16,Genesis,46,16,0,none,different_from_both,And the sons of Gad: Zephon and Haggi and Shuni and Ezbon and Eri and Arodi and Areli.,"And the sons of Gad; Ziphion, and Haggi, Shuni, and Ezbon, Eri, and Arodi, and Areli.","And the sons of Gad; Saphon, and Angis, and Sannis, and Thasoban, and Aedis, and Aroedis, and Areelis.",0.932,0.831
1 Chronicles 2:43,1 Chronicles,2,43,0,none,different_from_both,"And sons of Hebron: Kore, Tappuah, Rekem, and Shema.","And the sons of Hebron; Korah, and Tappuah, and Rekem, and Shema.","And the sons of Chebron; Core, and Thapphus, and Recom, and Samaa.",0.860,0.759
1 Chronicles 7:22,1 Chronicles,7,22,0,none,different_from_both,"And Ephraim their father mourned many days, and his brothers came to comfort him.","And Ephraim their father mourned many days, and his brethren came to comfort him.","And their father Ephraim mourned many days, and his brethren came to comfort him.",0.962,0.861
1 Chronicles 8:27,1 Chronicles,8,27,0,none,different_from_both,"and Jaresiah and Eliah and Zichri, sons of Jeroham.","And Jaresiah, and Eliah, and Zichri, the sons of Jeroham.","and Jarasia, and Eria, and Zechri, son of Iroam.",0.961,0.860
Ezra 10:40,Ezra,10,40,0,none,different_from_both,"Machnadebai, Sese, Sharai,","Machnadebai, Shashai, Sharai,","Machadnabu, Sesei, Sariu,",0.857,0.756
Genesis 37:30,Genesis,37,30,0,none,different_from_both,"And he returned to his brothers and said, The child is not there, and I, where shall I still go?","And he returned unto his brethren, and said, The child is not; and I, where shall I go?","And he returned to his brethren and said, The boy is not; and I, whither am I yet to go?",0.885,0.784
Jeremiah 11:9,Jeremiah,11,9,0,none,different_from_both,"And the Lord said to me, A conspiracy was found among men of Judah and among inhabitants of Jerusalem.","And the LORD said unto me, A conspiracy is found among the men of Judah, and among the inhabitants of Jerusalem.","And the Lord said to me, A conspiracy is found among the men of Juda, and among the dwellers in Jerusalem.",0.938,0.837
Judges 9:21,Judges,9,21,0,none,different_from_both,And Jotham ran away and went on the road and fled to Rara and dwelt there away from the face of Abimelech his brother.,"And Jotham ran away, and fled, and went to Beer, and dwelt there, for fear of Abimelech his brother.","And Joatham fled, and ran away, and went as far as Bæer, and dwelt there out of the way of his brother Abimelech.",0.774,0.673
Nehemiah 13:10,Nehemiah,13,10,0,none,different_from_both,"And I knew that portions of the Levites had not been given, and the Levites and the singers doing the work fled, each man to his own field.","And I perceived that the portions of the Levites had not been given them: for the Levites and the singers, that did the work, were fled every one to his field.","And I understood that the portion of the Levites had not been given: and they had fled every one to his field, the Levites and the singers doing the work.",0.811,0.711
Numbers 13:10,Numbers,13,10,0,none,different_from_both,"from the tribe of Zebulun, Gaddiel son of Sodi;","Of the tribe of Zebulun, Gaddiel the son of Sodi.","Of the tribe of Zabulon, Gudiel the son of Sudi.",0.913,0.813
1 Kings 2:40,1 Kings,2,40,0,none,different_from_both,"And Shimei rose and saddled his donkey and went to Gath to Achish to seek his slaves, and Shimei went and brought his slaves from Gath.","And Shimei arose, and saddled his ass, and went to Gath to Achish to seek his servants: and Shimei went, and brought his servants from Gath.","And Semei rose up, and saddled his ass, and went to Geth to Anchus to seek out his servants: and Semei went, and brought his servants out of Geth.",0.903,0.803
2 Samuel 11:14,2 Samuel,11,14,0,none,different_from_both,"And it came to be in the morning, David wrote a letter to Joab and sent it by the hand of Uriah.","And it came to pass in the morning, that David wrote a letter to Joab, and sent it by the hand of Uriah.","And the morning came, and David wrote a letter to Joab, and sent it by the hand of Urias.",0.944,0.844
2 Samuel 21:13,2 Samuel,21,13,0,none,different_from_both,"And he brought up from there the bones of Saul and the bones of Jonathan his son, and they gathered the bones of the ones exposed to the sun.",And he brought up from thence the bones of Saul and the bones of Jonathan his son; and they gathered the bones of them that were hanged.,"And he carried up thence the bones of Saul and the bones of Jonathan his son, and gathered the bones of them that had been hanged.",0.879,0.779
Ecclesiastes 6:6,Ecclesiastes,6,6,0,none,different_from_both,"And if he lived a thousand years twice over and did not see good, do not all go to one place?","Yea, though he live a thousand years twice told, yet has he seen no good: do not all go to one place?","Though he has lived to the return of a thousand years, yet he has seen no good: do not all go to one place?",0.787,0.687
Genesis 4:24,Genesis,4,24,0,none,different_from_both,"Because Cain has been avenged sevenfold, but Lamech seventy times seven.'","If Cain shall be avenged sevenfold, truly Lamech seventy and sevenfold.","Because vengeance has been exacted seven times on Cain's behalf, on Lamech's it shall be seventy times seven.",0.763,0.663
Isaiah 65:17,Isaiah,65,17,0,none,different_from_both,"For there will be new heaven and new earth, and former things will not be remembered nor come upon heart.","For, behold, I create new heavens and a new earth: and the former shall not be remembered, nor come into mind.","For there shall be a new heaven and a new earth: and they shall not at all remember the former, neither shall they at all come into their mind.",0.750,0.650
Judges 21:10,Judges,21,10,0,none,different_from_both,"And the congregation sent there twelve thousand men from the sons of might and commanded them, saying, Go and strike all dwelling in Jabesh Gilead with the edge of the sword, and the women and the people.","And the congregation sent thither twelve thousand men of the valiant, and commanded them, saying, Go and strike the inhabitants of Jabeshgilead with the edge of the sword, with the women and the children.","And the congregation sent thither twelve thousand men of the strongest, and they charged them, saying, Go ye and smite the inhabitants of Jabis Galaad with the edge of the sword.",0.827,0.727
Leviticus 9:10,Leviticus,9,10,0,none,different_from_both,"And the fat and the kidneys and the lobe of the liver of the sin-offering he offered on the altar, just as the Lord commanded Moses.","But the fat, and the kidneys, and the lobe above the liver of the sin offering, he burnt upon the altar; as the LORD commanded Moses.","And he offered up on the altar the fat and the kidneys and the lobe of the liver of the sin-offering, according as the Lord commanded Moses.",0.891,0.791
Numbers 26:8,Numbers,26,8,0,none,same_as_mt_differs_from_brenton,And the sons of Pallu: Eliab.,And the sons of Pallu; Eliab.,"And the sons of Phallu were Eliab,—",1.000,0.900
