ref,book_name,chapter,verse,importance,priority_score,decision_count,footnote_count,nt_parallel_count,nt_parallel_weight,nt_parallel_refs,crossref_top_vote,crossref_nt_count,crossref_shared_family_hits,english_witness_checked,english_witness_fresh_support,english_witness_brenton_support,english_witness_mt_support,english_witness_differs_all,english_witness_split_or_mixed,english_witness_signals,english_witness_recommendation,nt_english_checked,nt_english_support_family,nt_english_softens_family,nt_english_mixed,nt_english_signals,nt_english_recommendation,logos_local_checked,logos_local_scopes,logos_local_source_tools,logos_local_signals,logos_local_supports,logos_local_confidence,logos_local_recommendation,consensus_recommendation,keyword_hits,reasons,fresh_translation,brenton_translation,gate_reason
Exodus 20:24,Exodus,20,24,high,35,3,3,3,3,"Acts 15:17, James 2:7, Romans 2:17",43,0,4,2,1,0,0,0,1,unclear,keep,9,3,3,3,"literal_support, smoothing, translation_tradition",keep,1,soteria-sacrifice-formula,AutoComplete.db WordSense; Bible Word Study; Factbook; recent history,lexical_support,salvation-shaped rendering,high,keep,keep,"altar, name, peace, sacrifice, salvation","decisions=3; footnotes=3; reviewed_decisions=3; importance=high; keywords=altar, name, peace, sacrifice, salvation; nt=Acts 15:17, James 2:7, Romans 2:17; crossref_top_vote=43; crossref_shared_family=4; eng=fresh:1/brenton:0/mt:0; eng_reco=keep; eng_flags=unclear; nt_eng=support:3/soften:3/mixed:3; nt_eng_reco=keep; nt_eng_flags=literal_support, smoothing, translation_tradition; logos=1; logos_reco=keep; logos_flags=lexical_support; logos_support=salvation-shaped rendering; reco=keep","""You shall make me an altar of earth, and upon it you shall sacrifice your whole burnt offerings and your offerings of salvation, your sheep and your calves. In every place where I cause my name to be called, I will come to you and bless you.""","Ye shall make to me an altar of earth; and upon it ye shall sacrifice your whole burnt-offerings, and your peace-offerings, and your sheep and your calves in every place, where I shall record my name; and I will come to thee and bless thee.",score>=12; importance=high; decisions=3; footnotes=3; nt=3; nt_eng=9; nt_eng_reco=keep; logos=1; logos_reco=keep; eng=2; eng_reco=keep; reco=keep
Leviticus 4:31,Leviticus,4,31,high,34,2,2,0,0,,6,2,2,2,1,0,0,1,0,unclear,keep,0,0,0,0,,,1,soteria-sacrifice-formula,AutoComplete.db WordSense; Bible Word Study; Factbook; recent history,lexical_support,salvation-shaped rendering,high,keep,keep,"altar, lord, peace, priest, sacrifice, salvation, sin","decisions=2; footnotes=2; reviewed_decisions=2; importance=high; keywords=altar, lord, peace, priest, sacrifice, salvation; crossref_top_vote=6; crossref_shared_family=2; eng=fresh:1/brenton:0/mt:0; eng_reco=keep; eng_flags=unclear; logos=1; logos_reco=keep; logos_flags=lexical_support; logos_support=salvation-shaped rendering; reco=keep","And he shall remove all the fat, just as the fat is removed from the sacrifice of salvation, and the priest shall offer it on the altar as an aroma of sweet fragrance to the Lord. And the priest shall make atonement for him, and it shall be forgiven him.","And he shall take away all the fat, as the fat is taken away from the sacrifice of peace-offering, and the priest shall offer it on the altar for a smell of sweet savour to the Lord; and the priest shall make atonement for him, and his sin shall be forgiven him.",score>=12; importance=high; decisions=2; footnotes=2; logos=1; logos_reco=keep; eng=2; eng_reco=keep; reco=keep
1 Kings 2:35,1 Kings,2,35,high,32,2,2,0,0,,5,1,0,2,2,0,0,0,0,,keep,0,0,0,0,,,0,,,,,,,keep,"altar, being, hades, king, lord, peace, priest, seed","decisions=2; footnotes=2; reviewed_decisions=2; importance=high; keywords=altar, being, hades, king, lord, peace; crossref_top_vote=5; eng=fresh:2/brenton:0/mt:0; eng_reco=keep; reco=keep","And the king gave Banaiou son of Iodae in his place over the generalship, and the kingdom was being set right in Ierousalem, and the king gave Sadok the priest as first priest instead of Abiathar. And the Lord gave understanding to Solomon and very much wisdom and breadth of heart like the sand that is beside the sea. And the understanding of Solomon was multiplied greatly beyond the understanding of all the ancients and beyond all the wise of Egypt. And he took the daughter of Pharao and brought her into the City of David until he finished his own house and the house of the Lord first and the wall of Ierousalem all around. In seven years he made it and finished it. And Solomon had seventy thousand carrying burdens and eighty thousand stonecutters in the mountain. And Solomon made the Sea and the bases and the great basins and the pillars and the fountain of the court and the bronze sea. And he built the citadel and its battlements and cut through the City of David. Thus the daughter of Pharao was going up from the City of David into her house that he built for her. Then he built the citadel. And Solomon offered up three times in the year whole burnt offerings and peace offerings on the altar that he built to the Lord and was burning incense before the Lord and finished the house. And these were the rulers set over the works of Solomon, three thousand six hundred overseers of the people doing the works. And he built Assour and Magdo and Gazer and upper Baithoron and Baalath. But after he built the house of the Lord and the wall of Ierousalem all around, after these things he built these cities. And while David was still living he commanded Solomon, saying, Behold, with you is Semei son of Gera, son of the seed of the Jeminaian from Chebron. He cursed me with a grievous curse on the day when I was going to the Camps, and he came down to meet me at the Jordan, and I swore to him by the Lord, saying, He shall not be put to death by the sword. And now do not hold him guiltless, because you are a prudent man and you will know what you will do to him, and you will bring his gray hair down in blood to Hades.","And the king appointed Banæas son of Jodae in his place over the host; and the kingdom was established in Jerusalem; and as for Sadoc the priest, the king appointed him to be high priest in the room of Abiathar. And Solomon son of David reigned over Israel and Juda in Jerusalem:",score>=12; importance=high; decisions=2; footnotes=2; eng=2; eng_reco=keep; reco=keep
2 Chronicles 33:16,2 Chronicles,33,16,high,31,2,2,0,0,,2,0,2,2,1,0,0,0,1,unclear,keep,0,0,0,0,,,1,soteria-sacrifice-formula,AutoComplete.db WordSense; Bible Word Study; Factbook; recent history,lexical_support,salvation-shaped rendering,high,keep,keep,"altar, god, lord, peace, sacrifice, salvation","decisions=2; footnotes=2; reviewed_decisions=2; importance=high; keywords=altar, god, lord, peace, sacrifice, salvation; crossref_top_vote=2; crossref_shared_family=2; eng=fresh:1/brenton:0/mt:0; eng_reco=keep; eng_flags=unclear; logos=1; logos_reco=keep; logos_flags=lexical_support; logos_support=salvation-shaped rendering; reco=keep","And he restored the altar of the Lord and sacrificed upon it a sacrifice of salvation and of praise, and told Iouda to serve the Lord God of Israel.","And he repaired the altar of the Lord, and offered upon it a sacrifice of peace-offering and thank-offering, and he told Juda to serve the Lord God of Israel.",score>=12; importance=high; decisions=2; footnotes=2; logos=1; logos_reco=keep; eng=2; eng_reco=keep; reco=keep
2 Kings 17:34,2 Kings,17,34,high,31,2,2,0,0,,5,0,0,2,0,0,0,2,0,unclear,needs_logos,0,0,0,0,,,0,,,,,,,needs_logos,"judgment, law, lord, name","decisions=2; footnotes=2; reviewed_decisions=2; importance=high; keywords=judgment, law, lord, name; crossref_top_vote=5; eng=fresh:0/brenton:0/mt:0; eng_reco=needs_logos; eng_flags=unclear; reco=needs_logos","Until this day they act according to their custom. They fear, and they act according to their ordinances and according to their judgment and according to the law and according to the commandment which the Lord commanded the sons of Iakōb, whom he named Israel.","Until this day they did according to their manner: they fear the Lord, and they do according to their customs, and according to their manner, and according to the law, and according to the commandment which the Lord commanded the sons of Jacob, whose name he made Israel.",score>=12; importance=high; decisions=2; footnotes=2; eng=2; eng_reco=needs_logos; reco=needs_logos
Deuteronomy 16:2,Deuteronomy,16,2,high,31,2,2,3,3,"Acts 15:17, James 2:7, Romans 2:17",5,5,2,2,2,0,0,0,0,,keep,9,3,3,3,"literal_support, smoothing, translation_tradition",keep,0,,,,,,,keep,"god, lord, name, sacrifice","decisions=2; footnotes=2; reviewed_decisions=2; importance=high; keywords=god, lord, name, sacrifice; nt=Acts 15:17, James 2:7, Romans 2:17; crossref_top_vote=5; crossref_shared_family=2; eng=fresh:2/brenton:0/mt:0; eng_reco=keep; nt_eng=support:3/soften:3/mixed:3; nt_eng_reco=keep; nt_eng_flags=literal_support, smoothing, translation_tradition; reco=keep","And you shall sacrifice the Passover to the Lord your God, sheep and cattle, in the place that the Lord your God chooses for his name to be called there.","And thou shalt sacrifice the passover to the Lord thy God, sheep and oxen in the place which the Lord thy God shall choose to have his name called upon it.",score>=12; importance=high; decisions=2; footnotes=2; nt=3; nt_eng=9; nt_eng_reco=keep; eng=2; eng_reco=keep; reco=keep
2 Chronicles 12:13,2 Chronicles,12,13,high,30,2,2,3,3,"Acts 15:17, James 2:7, Romans 2:17",5,0,3,2,1,0,0,1,0,unclear,keep,9,3,3,3,"literal_support, smoothing, translation_tradition",keep,0,,,,,,,keep,"king, lord, name","decisions=2; footnotes=2; reviewed_decisions=2; importance=high; keywords=king, lord, name; nt=Acts 15:17, James 2:7, Romans 2:17; crossref_top_vote=5; crossref_shared_family=3; eng=fresh:1/brenton:0/mt:0; eng_reco=keep; eng_flags=unclear; nt_eng=support:3/soften:3/mixed:3; nt_eng_reco=keep; nt_eng_flags=literal_support, smoothing, translation_tradition; reco=keep","And Rehoboam was strengthened in Jerusalem and reigned. Rehoboam was forty-one years old when he began to reign, and he reigned seventeen years in Jerusalem, in the city which the Lord chose from all the tribes of the sons of Israel to have his name called there, and his mother's name was Naamah the Ammonite.","So king Roboam strengthened himself in Jerusalem, and reigned: and Roboam was forty and one years old when he began to reign, and he reigned seventeen years in Jerusalem, in the city which the Lord chose out of all the tribes of the children of Israel to call his name there: and his mother's name was Noomma the Ammanitess.",score>=12; importance=high; decisions=2; footnotes=2; nt=3; nt_eng=9; nt_eng_reco=keep; eng=2; eng_reco=keep; reco=keep
Deuteronomy 12:21,Deuteronomy,12,21,high,30,2,2,3,3,"Acts 15:17, James 2:7, Romans 2:17",3,0,6,2,2,0,0,0,0,,keep,9,3,3,3,"literal_support, smoothing, translation_tradition",keep,0,,,,,,,keep,"god, lord, name, soul","decisions=2; footnotes=2; reviewed_decisions=2; importance=high; keywords=god, lord, name, soul; nt=Acts 15:17, James 2:7, Romans 2:17; crossref_top_vote=3; crossref_shared_family=6; eng=fresh:2/brenton:0/mt:0; eng_reco=keep; nt_eng=support:3/soften:3/mixed:3; nt_eng_reco=keep; nt_eng_flags=literal_support, smoothing, translation_tradition; reco=keep","And if the place that the Lord your God chooses for his name to be called there is farther from you, then you shall slaughter from your cattle and from your sheep that God gave you, in the way I commanded you, and you shall eat in your cities according to the desire of your soul.","And if the place be far from thee, which the Lord thy God shall choose for himself, that his name be called upon it, then thou shalt kill of thy herd and of thy flock which God shall have given thee, even as I commanded thee, and thou shalt eat in thy cities according to the desire of thy soul.",score>=12; importance=high; decisions=2; footnotes=2; nt=3; nt_eng=9; nt_eng_reco=keep; eng=2; eng_reco=keep; reco=keep
Deuteronomy 12:26,Deuteronomy,12,26,high,30,2,2,3,3,"Acts 15:17, James 2:7, Romans 2:17",4,0,2,0,0,0,0,0,0,,,9,3,3,3,"literal_support, smoothing, translation_tradition",keep,0,,,,,,,keep,"god, holy, lord, name","decisions=2; footnotes=2; reviewed_decisions=2; importance=high; keywords=god, holy, lord, name; nt=Acts 15:17, James 2:7, Romans 2:17; crossref_top_vote=4; crossref_shared_family=2; nt_eng=support:3/soften:3/mixed:3; nt_eng_reco=keep; nt_eng_flags=literal_support, smoothing, translation_tradition; reco=keep","Except your holy things that you may have, and your vows, taking them you shall come to the place that the Lord your God chooses for his name to be called there.","But thou shalt take thy holy things, if thou hast any, and thy vowed-offerings, and come to the place which the Lord thy God shall choose to have his name named upon it.",score>=12; importance=high; decisions=2; footnotes=2; nt=3; nt_eng=9; nt_eng_reco=keep; reco=keep
Nehemiah 10:34,Nehemiah,10,34,high,30,2,2,0,0,,6,1,0,0,0,0,0,0,0,,keep,0,0,0,0,,,0,,,,,,,keep,"altar, god, holy, law, lord, sacrifice, sin","decisions=2; footnotes=2; reviewed_decisions=2; importance=high; keywords=altar, god, holy, law, lord, sacrifice; crossref_top_vote=6; eng_reco=keep; reco=keep","for bread of the presence and sacrifice of the continual offering and for continual whole burnt offering of the Sabbaths, of the new moons, for the feasts and for the holy things and for the sin offerings to make atonement concerning Israel, and for works of house of our God.","And we cast lots for the office of wood-bearing, we the priests, and the Levites, and the people, to bring wood into the house of our God, according to the house of our families, at certain set times, year by year, to burn on the altar of the Lord our God, as it is written in the law:",score>=12; importance=high; decisions=2; footnotes=2; eng_reco=keep; reco=keep
1 Chronicles 22:19,1 Chronicles,22,19,high,29,2,2,0,0,,12,0,0,2,1,0,0,0,1,unclear,keep,0,0,0,0,,,0,,,,,,,keep,"being, covenant, god, holy, lord, name","decisions=2; footnotes=2; reviewed_decisions=2; importance=high; keywords=being, covenant, god, holy, lord, name; crossref_top_vote=12; eng=fresh:1/brenton:0/mt:0; eng_reco=keep; eng_flags=unclear; reco=keep","Now set your hearts and your souls to seek the Lord your God, and rise and build a sanctuary to the Lord your God, to bring the ark of the covenant of the Lord and the holy vessels of God into the house being built for the name of the Lord.","Now set your hearts and souls to seek after the Lord your God: and rise, and build a sanctuary to your God to carry in the ark of the covenant of the Lord, and the holy vessels of God, into the house that is to be built to the name of the Lord.",score>=12; importance=high; decisions=2; footnotes=2; eng=2; eng_reco=keep; reco=keep
Deuteronomy 12:11,Deuteronomy,12,11,high,29,2,2,3,3,"Acts 15:17, James 2:7, Romans 2:17",5,1,3,0,0,0,0,0,0,,,9,3,3,3,"literal_support, smoothing, translation_tradition",keep,0,,,,,,,keep,"god, lord, name","decisions=2; footnotes=2; reviewed_decisions=2; importance=high; keywords=god, lord, name; nt=Acts 15:17, James 2:7, Romans 2:17; crossref_top_vote=5; crossref_shared_family=3; nt_eng=support:3/soften:3/mixed:3; nt_eng_reco=keep; nt_eng_flags=literal_support, smoothing, translation_tradition; reco=keep","And it shall be, the place that the Lord your God chooses for his name to be called there, there you shall bring everything that I command you today, your whole burnt offerings and your sacrifices and your tithes and the firstfruits of your hands and every choice gift that you vow to your God.","And there shall be a place which the Lord thy God shall choose for his name to be called there, thither shall ye bring all things that I order you to-day; your whole-burnt-offerings, and your sacrifices, and your tithes, and the first-fruits of your hands, and every choice gift of yours, whatsoever ye shall vow to the Lord your God.",score>=12; importance=high; decisions=2; footnotes=2; nt=3; nt_eng=9; nt_eng_reco=keep; reco=keep
Deuteronomy 17:8,Deuteronomy,17,8,high,29,2,2,3,3,"Acts 15:17, James 2:7, Romans 2:17",5,0,1,0,0,0,0,0,0,,,9,3,3,3,"literal_support, smoothing, translation_tradition",keep,0,,,,,,,keep,"god, judgment, lord, name","decisions=2; footnotes=2; reviewed_decisions=2; importance=high; keywords=god, judgment, lord, name; nt=Acts 15:17, James 2:7, Romans 2:17; crossref_top_vote=5; crossref_shared_family=1; nt_eng=support:3/soften:3/mixed:3; nt_eng_reco=keep; nt_eng_flags=literal_support, smoothing, translation_tradition; reco=keep","And if a matter in judgment is too hard for you, between blood and blood, and between judgment and judgment, and between wound and wound, words of judgment in your cities, then, rising, you shall go up to the place that the Lord your God chooses for his name to be called there.","And if a matter shall be too hard for thee in judgment, between blood and blood, and between cause and cause, and between stroke and stroke, and between contradiction and contradiction, matters of judgment in your cities;",score>=12; importance=high; decisions=2; footnotes=2; nt=3; nt_eng=9; nt_eng_reco=keep; reco=keep
Joshua 22:5,Joshua,22,5,high,29,2,2,0,0,,49,4,0,3,2,0,0,0,1,unclear,keep,0,0,0,0,,,0,,,,,,,keep,"god, law, lord, servant, soul","decisions=2; footnotes=2; reviewed_decisions=2; importance=high; keywords=god, law, lord, servant, soul; crossref_top_vote=49; eng=fresh:2/brenton:0/mt:0; eng_reco=keep; eng_flags=unclear; reco=keep","Only take great care to do the commandments and the law that Moses the servant of the Lord commanded us to do: to love the Lord your God, to walk in all his ways, to keep his commandments, and to cling to him and serve him with all your mind and with all your soul.","But take great heed to do the commands and the law, which Moses the servant of the Lord commanded you to do; to love the Lord our God, to walk in all his ways, to keep his commands, and to cleave to him, and serve him with all your mind, and with all your soul.",score>=12; importance=high; decisions=2; footnotes=2; eng=3; eng_reco=keep; reco=keep
2 Chronicles 7:14,2 Chronicles,7,14,high,28,2,2,2,3,"Acts 15:17, James 2:7",297,1,0,0,0,0,0,0,0,,,6,1,3,2,"literal_support, smoothing, translation_tradition",keep,0,,,,,,,keep,"name, repent","decisions=2; footnotes=2; reviewed_decisions=2; importance=high; keywords=name, repent; nt=Acts 15:17, James 2:7; crossref_top_vote=297; nt_eng=support:1/soften:3/mixed:2; nt_eng_reco=keep; nt_eng_flags=literal_support, smoothing, translation_tradition; reco=keep","and my people upon whom my name has been called are put to shame, and they pray and seek my face and turn from their evil ways, then I will hear from heaven and be merciful to their sins and heal their land.","then if my people, on whom my name is called, should repent, and pray, and seek my face, and turn from their evil ways, I also will hear from heaven, and I will be merciful to their sins, and I will heal their land.",score>=12; importance=high; decisions=2; footnotes=2; nt=2; nt_eng=6; nt_eng_reco=keep; reco=keep
2 Chronicles 9:8,2 Chronicles,9,8,high,28,2,2,0,0,,5,1,0,2,2,0,0,0,0,,keep,0,0,0,0,,,0,,,,,,,keep,"god, judgment, justice, king, lord, righteousness","decisions=2; footnotes=2; reviewed_decisions=2; importance=high; keywords=god, judgment, justice, king, lord, righteousness; crossref_top_vote=5; eng=fresh:2/brenton:0/mt:0; eng_reco=keep; reco=keep","Blessed be the Lord your God, who delighted in you to set you on his throne as king for the Lord your God. Because the Lord your God loved Israel to establish him forever, he gave you over them as king to do judgment and righteousness.","Blessed be the Lord thy God, who took pleasure in thee, to set thee upon his throne for a king, to the Lord thy God: forasmuch as the Lord thy God loved Israel to establish them for ever, therefore he has set thee over them for a king to execute judgment and justice.",score>=12; importance=high; decisions=2; footnotes=2; eng=2; eng_reco=keep; reco=keep
Genesis 2:7,Genesis,2,7,high,28,4,3,1,3,1 Corinthians 15:45,41,3,0,2,1,0,0,0,1,unclear,keep,3,2,0,1,"literal_support, smoothing",keep,1,into-living-soul-formula,AutoComplete.db WordSense; milestones/headwords; local index inspection,lexical_support,living soul rendering,medium,keep,keep,"god, soul","decisions=4; footnotes=3; reviewed_decisions=4; importance=high; keywords=god, soul; nt=1 Corinthians 15:45; crossref_top_vote=41; eng=fresh:1/brenton:0/mt:0; eng_reco=keep; eng_flags=unclear; nt_eng=support:2/soften:0/mixed:1; nt_eng_reco=keep; nt_eng_flags=literal_support, smoothing; logos=1; logos_reco=keep; logos_flags=lexical_support; logos_support=living soul rendering; reco=keep","And God formed the human from dust of the earth and breathed into his face the breath of life, and the human became a living soul.","And God formed the man of dust of the earth, and breathed upon his face the breath of life, and the man became a living soul.",score>=12; importance=high; decisions=4; footnotes=3; nt=1; nt_eng=3; nt_eng_reco=keep; logos=1; logos_reco=keep; eng=2; eng_reco=keep; reco=keep
Leviticus 4:35,Leviticus,4,35,high,26,1,1,0,0,,5,4,1,0,0,0,0,0,0,,,0,0,0,0,,,1,soteria-sacrifice-formula,AutoComplete.db WordSense; Bible Word Study; Factbook; recent history,lexical_support,salvation-shaped rendering,high,keep,keep,"altar, lord, peace, priest, sacrifice, salvation, sin","decisions=1; footnotes=1; reviewed_decisions=1; importance=high; keywords=altar, lord, peace, priest, sacrifice, salvation; crossref_top_vote=5; crossref_shared_family=1; logos=1; logos_reco=keep; logos_flags=lexical_support; logos_support=salvation-shaped rendering; reco=keep","And he shall remove all its fat, just as the fat of a sheep is removed from the sacrifice of salvation, and the priest shall place it on the altar, on the Lord's whole burnt offering. And the priest shall make atonement for him for the sin that he sinned, and it shall be forgiven him.","And he shall take away all his fat, as the fat of the lamb of the sacrifice of peace-offering is taken away, and the priest shall put it on the altar for a whole-burnt-offering to the Lord; and the priest shall make atonement for him for the sin which he sinned, and it shall be forgiven him.",score>=12; importance=high; decisions=1; footnotes=1; logos=1; logos_reco=keep; reco=keep
Deuteronomy 16:6,Deuteronomy,16,6,high,25,1,1,3,3,"Acts 15:17, James 2:7, Romans 2:17",3,4,1,0,0,0,0,0,0,,,9,3,3,3,"literal_support, smoothing, translation_tradition",keep,0,,,,,,,keep,"god, lord, name, sacrifice","decisions=1; footnotes=1; reviewed_decisions=1; importance=high; keywords=god, lord, name, sacrifice; nt=Acts 15:17, James 2:7, Romans 2:17; crossref_top_vote=3; crossref_shared_family=1; nt_eng=support:3/soften:3/mixed:3; nt_eng_reco=keep; nt_eng_flags=literal_support, smoothing, translation_tradition; reco=keep","but only at the place that the Lord your God chooses for his name to be called there, there you shall sacrifice the Passover in the evening, at the setting of the sun, at the time when you came out from Egypt.","But in the place which the Lord thy God shall choose, to have his name called there, thou shalt sacrifice the passover at even at the setting of the sun, at the time when thou camest out of Egypt.",score>=12; importance=high; decisions=1; footnotes=1; nt=3; nt_eng=9; nt_eng_reco=keep; reco=keep
Leviticus 5:15,Leviticus,5,15,high,25,3,3,0,0,,5,0,0,2,1,0,0,1,0,unclear,,0,0,0,0,,,0,,,,,,,keep,"holy, lord, sin, soul","decisions=3; footnotes=3; reviewed_decisions=2; importance=high; keywords=holy, lord, sin, soul; crossref_top_vote=5; eng=fresh:1/brenton:0/mt:0; eng_flags=unclear; reco=keep","If a person is overtaken by forgetfulness and sins unintentionally in the holy things of the Lord, then he shall bring for his trespass to the Lord a ram without blemish from the sheep, valued in silver shekels by the sanctuary shekel, for the thing in which he trespassed.","The soul which shall be really unconscious, and shall sin unwillingly in any of the holy things of the Lord, shall even bring to the Lord for his transgression, a ram of the flock without blemish, valued according to shekels of silver according to the shekel of the sanctuary, for his transgression wherein he transgressed.",score>=12; importance=high; decisions=3; footnotes=3; eng=2; reco=keep
2 Chronicles 35:3,2 Chronicles,35,3,high,24,5,5,0,0,,5,1,0,0,0,0,0,0,0,,,0,0,0,0,,,0,,,,,,,keep,"god, holy, king, lord","decisions=5; footnotes=5; reviewed_decisions=5; importance=high; keywords=god, holy, king, lord; crossref_top_vote=5; reco=keep","And he said to Levites, mighty in all Israel, when they had sanctified themselves to Lord and placed holy ark in house which Salōmōn son of Dauid king of Israel built, King said, It is not for you to carry anything on shoulders. Now then minister to Lord your God and to his people Israel.","And he told the Levites that were able to act in all Israel, that they should consecrate themselves to the Lord: and they put the holy ark in the house which Solomon the son of David king of Israel built: and the king said, Ye must not carry anything on your shoulders: now then minister to the Lord your God, and to his people Israel.",score>=12; importance=high; decisions=5; footnotes=5; reco=keep
Isaiah 59:21,Isaiah,59,21,high,24,1,2,0,0,,320,3,0,0,0,0,0,0,0,,keep,0,0,0,0,,,0,,,,,,,keep,"covenant, lord, seed, spirit","decisions=1; footnotes=2; reviewed_decisions=1; importance=high; keywords=covenant, lord, seed, spirit; crossref_top_vote=320; eng_reco=keep; reco=keep","And this covenant from me with them, said Lord: My Spirit which is on you and words I put in your mouth will not fail from your mouth nor from mouth of your seed, said Lord, from now and forever.",,score>=12; importance=high; decisions=1; footnotes=2; eng_reco=keep; reco=keep
Isaiah 9:6,Isaiah,9,6,high,24,1,2,0,0,,177,6,0,0,0,0,0,0,0,,keep,0,0,0,0,,,0,,,,,,,keep,"judgment, lord, peace, righteousness","decisions=1; footnotes=2; reviewed_decisions=1; importance=high; keywords=judgment, lord, peace, righteousness; crossref_top_vote=177; eng_reco=keep; reco=keep","Great his rule, and his peace has no boundary, upon throne of David and his kingdom, to make it prosper and uphold it in righteousness and judgment from now and forever. Zeal of Lord Sabaoth will do these things.",,score>=12; importance=high; decisions=1; footnotes=2; eng_reco=keep; reco=keep
Leviticus 4:26,Leviticus,4,26,high,24,1,1,0,0,,4,0,2,0,0,0,0,0,0,,,0,0,0,0,,,1,soteria-sacrifice-formula,AutoComplete.db WordSense; Bible Word Study; Factbook; recent history,lexical_support,salvation-shaped rendering,high,keep,keep,"altar, peace, priest, sacrifice, salvation, sin","decisions=1; footnotes=1; reviewed_decisions=1; importance=high; keywords=altar, peace, priest, sacrifice, salvation, sin; crossref_top_vote=4; crossref_shared_family=2; logos=1; logos_reco=keep; logos_flags=lexical_support; logos_support=salvation-shaped rendering; reco=keep","And he shall offer all its fat on the altar, just like the fat of the sacrifice of salvation. And the priest shall make atonement for him for his sin, and it shall be forgiven him.","And he shall offer up all his fat on the altar, as the fat of the sacrifice of peace-offering; and the priest shall make atonement for him concerning his sin, and it shall be forgiven him.",score>=12; importance=high; decisions=1; footnotes=1; logos=1; logos_reco=keep; reco=keep
Amos 9:12,Amos,9,12,high,23,1,1,2,3,"Acts 15:17, James 2:7",7,1,1,0,0,0,0,0,0,,,6,1,3,2,"literal_support, smoothing, translation_tradition",keep,0,,,,,,,keep,"god, lord, name","decisions=1; footnotes=1; reviewed_decisions=1; importance=high; keywords=god, lord, name; nt=Acts 15:17, James 2:7; crossref_top_vote=7; crossref_shared_family=1; nt_eng=support:1/soften:3/mixed:2; nt_eng_reco=keep; nt_eng_flags=literal_support, smoothing, translation_tradition; reco=keep","so that remnant of men and all nations upon whom my name was called upon them may seek, says Lord God who does these things.",,score>=12; importance=high; decisions=1; footnotes=1; nt=2; nt_eng=6; nt_eng_reco=keep; reco=keep
Daniel 4:37,Daniel,4,37,high,23,1,1,0,0,,16,3,0,0,0,0,0,0,0,,keep,0,0,0,0,,,0,,,,,,,keep,"god, holy, king, lord, sacrifice, soul","decisions=1; footnotes=1; reviewed_decisions=1; importance=high; keywords=god, holy, king, lord, sacrifice, soul; crossref_top_vote=16; eng_reco=keep; reco=keep","I confess and praise the Most High, the one who made heaven and earth and seas and rivers and all in them. I confess and praise because he is God of gods and Lord of lords and King of kings, because he works signs and wonders and changes times and seasons, removing kingdom from kings and setting others in their place. From now on I will serve him, and fear of him has seized me, and I praise all his holy ones. Gods of nations have no power in themselves to turn kingdom of a king to another king, or to kill and make alive, or to do great and fearsome signs and wonders, or to change exceedingly great things, as God of heaven did in me and changed great things upon me. All days of my kingdom I will offer sacrifices concerning my soul to the Most High as sweet smell to the Lord, and I and my people and my nation and my lands under my authority will do what is pleasing before him. And whoever speaks against God of heaven, and whoever is caught speaking, I will condemn to death. King Nebuchadnezzar wrote a circular letter to all nations and lands and languages dwelling in all regions and generations: Praise Lord God of heaven and offer sacrifice and offering to him gloriously. I, king of kings, confess him gloriously, because this day he has done thus with me and seated me on my throne, and my authority and kingdom were restored to me. It seemed good to me to show you and your wise men that there is a God and his wonders are great. His kingdom is a kingdom forever, his authority from generations to generations. And he sent letters concerning all things that happened to him in his kingdom to all nations under his kingdom.",,score>=12; importance=high; decisions=1; footnotes=1; eng_reco=keep; reco=keep
Isaiah 12:2,Isaiah,12,2,high,23,1,1,0,0,,54,1,0,2,2,0,0,0,0,,keep,0,0,0,0,,,0,,,,,,,keep,"glory, god, lord, salvation, savior","decisions=1; footnotes=1; reviewed_decisions=1; importance=high; keywords=glory, god, lord, salvation, savior; crossref_top_vote=54; eng=fresh:2/brenton:0/mt:0; eng_reco=keep; reco=keep","Behold, my God is my savior. I will trust in the Lord and be saved in him, and I will not fear, because the Lord is my glory and my praise, and he became salvation to me.",,score>=12; importance=high; decisions=1; footnotes=1; eng=2; eng_reco=keep; reco=keep
Isaiah 54:10,Isaiah,54,10,high,23,1,1,0,0,,56,3,0,0,0,0,0,0,0,,keep,0,0,0,0,,,0,,,,,,,keep,"being, covenant, lord, mercy, peace","decisions=1; footnotes=1; reviewed_decisions=1; importance=high; keywords=being, covenant, lord, mercy, peace; crossref_top_vote=56; eng_reco=keep; reco=keep","Mountains may be moved and your hills shaken, but my mercy for you will not fail, and the covenant of your peace will not be moved, says the Lord, being gracious to you.",,score>=12; importance=high; decisions=1; footnotes=1; eng_reco=keep; reco=keep
Jeremiah 15:16,Jeremiah,15,16,high,23,1,1,2,3,"Acts 15:17, James 2:7",549,1,0,0,0,0,0,0,0,,,6,1,3,2,"literal_support, smoothing, translation_tradition",keep,0,,,,,,,keep,"lord, name","decisions=1; footnotes=1; reviewed_decisions=1; importance=high; keywords=lord, name; nt=Acts 15:17, James 2:7; crossref_top_vote=549; nt_eng=support:1/soften:3/mixed:2; nt_eng_reco=keep; nt_eng_flags=literal_support, smoothing, translation_tradition; reco=keep","By those rejecting your words, consume them. And your word will be to me joy and gladness of my heart, because your name is called upon me, Lord Almighty.",,score>=12; importance=high; decisions=1; footnotes=1; nt=2; nt_eng=6; nt_eng_reco=keep; reco=keep
Leviticus 3:1,Leviticus,3,1,high,23,1,1,0,0,,4,4,3,2,1,0,0,0,1,unclear,keep,0,0,0,0,,,1,soteria-sacrifice-formula,AutoComplete.db WordSense; Bible Word Study; Factbook; recent history,lexical_support,salvation-shaped rendering,high,keep,keep,"lord, peace, sacrifice, salvation","decisions=1; footnotes=1; reviewed_decisions=1; importance=high; keywords=lord, peace, sacrifice, salvation; crossref_top_vote=4; crossref_shared_family=3; eng=fresh:1/brenton:0/mt:0; eng_reco=keep; eng_flags=unclear; logos=1; logos_reco=keep; logos_flags=lexical_support; logos_support=salvation-shaped rendering; reco=keep","And if his gift to the Lord is a sacrifice of salvation, if he brings it from the cattle, whether male or female, he shall bring it without blemish before the Lord.","And if his gift to the Lord be a peace-offering, if he should bring it of the oxen, whether it be male or whether it be female, he shall bring it unblemished before the Lord.",score>=12; importance=high; decisions=1; footnotes=1; logos=1; logos_reco=keep; eng=2; eng_reco=keep; reco=keep
Zechariah 13:9,Zechariah,13,9,high,23,1,1,4,3,"Acts 2:21, Romans 10:13, 1 Corinthians 1:2, 2 Timothy 2:22",132,2,0,0,0,0,0,0,0,,,12,12,0,0,literal_support,keep,0,,,,,,,keep,"god, lord, name","decisions=1; footnotes=1; reviewed_decisions=1; importance=high; keywords=god, lord, name; nt=Acts 2:21, Romans 10:13, 1 Corinthians 1:2, 2 Timothy 2:22; crossref_top_vote=132; nt_eng=support:12/soften:0/mixed:0; nt_eng_reco=keep; nt_eng_flags=literal_support; reco=keep","And I will bring third through fire and refine them as silver is refined and test them as gold is tested. He will call on my name, and I will hear him, and I will say, This is my people, and he will say, Lord is my God.",,score>=12; importance=high; decisions=1; footnotes=1; nt=4; nt_eng=12; nt_eng_reco=keep; reco=keep
1 Chronicles 16:40,1 Chronicles,16,40,high,22,1,1,0,0,,4,0,0,2,0,0,0,0,2,unclear,keep,0,0,0,0,,,0,,,,,,,keep,"altar, god, law, lord, servant","decisions=1; footnotes=1; reviewed_decisions=1; importance=high; keywords=altar, god, law, lord, servant; crossref_top_vote=4; eng=fresh:0/brenton:0/mt:0; eng_reco=keep; eng_flags=unclear; reco=keep","to offer whole burnt offerings to the Lord on the altar of whole burnt offerings continually, morning and evening, and according to all things written in the law of the Lord, whatever he commanded for the sons of Israel by the hand of Moyses servant of God,","to offer up whole-burnt-offerings to the Lord on the altar of whole-burnt-offerings continually morning and evening, and according to all things written in the law of the Lord, which he commanded the children of Israel by Moses the servant of God.",score>=12; importance=high; decisions=1; footnotes=1; eng=2; eng_reco=keep; reco=keep
1 Kings 10:9,1 Kings,10,9,high,22,1,1,0,0,,8,0,0,0,0,0,0,0,0,,,0,0,0,0,,,0,,,,,,,keep,"god, judgment, justice, king, lord, righteousness","decisions=1; footnotes=1; reviewed_decisions=1; importance=high; keywords=god, judgment, justice, king, lord, righteousness; crossref_top_vote=8; reco=keep","May the Lord your God be blessed, who delighted in you to give you upon the throne of Israel, because the Lord loved Israel to establish it forever, and he set you as king over them to do judgment in righteousness and in their judgments.","Blessed be the Lord thy God, who has taken pleasure in thee, to set thee upon the throne of Israel, because the Lord loved Israel to establish him for ever; and he has made thee king over them, to execute judgment with justice, and in their causes.",score>=12; importance=high; decisions=1; footnotes=1; reco=keep
1 Kings 12:24,1 Kings,12,24,high,22,1,1,0,0,,4,0,0,2,2,0,0,0,0,,keep,0,0,0,0,,,0,,,,,,,keep,"being, god, king, lord, name, servant","decisions=1; footnotes=1; reviewed_decisions=1; importance=high; keywords=being, god, king, lord, name, servant; crossref_top_vote=4; eng=fresh:2/brenton:0/mt:0; eng_reco=keep; reco=keep","Thus says the Lord: You shall not go up nor fight with your brothers, sons of Israel. Let each return to his own house, because this word has happened from me. And they heard the word of the Lord and stopped from going according to the word of the Lord. And King Solomon sleeps with his fathers and is buried with his fathers in the City of David, and Roboam his son reigned in place of him in Ierousalem, being sixteen years old when he began to reign, and he reigned twelve years in Ierousalem, and the name of his mother was Naanan daughter of Anan son of Naas king of the sons of Ammon, and he did evil before the Lord and did not walk in the way of David his father. And there was a man from the hill country of Ephraim, servant to Solomon, and his name was Ieroboam, and his mother's name was Sarira, a prostitute woman, and Solomon gave him as chief officer of the staff over the burdens of the house of Ioseph, and he built for Solomon Sarira in the hill country of Ephraim, and he had three hundred chariots of horses. This one built the citadel among the burdens of the house of Ephraim. This one closed up the City of David and was being lifted up against the kingdom. And Solomon sought to put him to death, and he feared and fled to Sousakim king of Egypt and was with him until Solomon died. And Ieroboam heard in Egypt that Solomon died, and he spoke into the ears of Sousakim king of Egypt, saying, Send me away, and I will depart to my land. And Sousakim said to him, Ask what request and I will give it to you. And Sousakim gave to Ieroboam the elder sister of Thekemina, his own wife, for a wife. She was great among the daughters of the king and bore to Ieroboam Abia his son. And Ieroboam said to Sousakim, Truly send me away, and I will depart. And Ieroboam went out from Egypt and came to the land of Sarira in the hill country of Ephraim and gathered there all the scepter of Ephraim and built a fort there. And his young child became very sick with a very severe sickness, and Ieroboam went to inquire concerning the child, and he said to Ano his wife, Rise and go inquire of God concerning the child, whether he will live from his sickness. And there was a man in Selom, and his name was Achias, and he was sixty years old, and the word of the Lord was with him. And Ieroboam said to his wife, Rise and take in your hand to the man of God loaves and cakes for his children and grapes and a jar of honey. And the woman rose and took in her hand loaves and two cakes and grapes and a jar of honey for Achias, and the man was old and his eyes were dim from seeing. And she rose from Sarira and went. And it came to be when she entered the city to Achias the Selonite, Achias said to his young servant, Go out now to meet Ano wife of Ieroboam and say to her, Come in and do not stand still, because thus says the Lord: Hard things I am sending upon you. And Ano entered to the man of God, and Achias said to her, Why have you brought me loaves and grapes and cakes and a jar of honey? Thus says the Lord: Behold, you will depart from me, and it will be when you enter the gate into Sarira and your maidens come out to meet you and say to you, The child has died, because thus says the Lord: Behold, I will destroy from Ieroboam one urinating against a wall, and those dying of Ieroboam in the city dogs will devour, and the one dying in the field the birds of heaven will devour, and for the child they will mourn. Alas, Lord, because a good word concerning the Lord was found in him. And the woman departed when she heard, and it came to be when she entered into Sarira, the child died and the cry went out to meet her. And Ieroboam went to Sikima in the hill country of Ephraim and gathered there the tribes of Israel, and Roboam son of Solomon went up there. And the word of the Lord came to Samaias the Elamite, saying, Take for yourself a new garment not yet entered into water and tear it into twelve pieces, and give them to Ieroboam and say to him, Thus says the Lord: Take for yourself ten pieces to put on, and Ieroboam took them, and Samaias said, Thus says the Lord concerning the ten tribes of Israel. And the people said to Roboam son of Solomon, Your father made his yoke heavy upon us and made the foods of his table heavy. And now, if you lighten things upon us, we will serve you. And Roboam said to the people, In three days I will answer you a word. And he said, Bring in to me the elders and I will take counsel with them what word I should answer the people on the third day. And Roboam spoke into their ears, just as the people sent to him, and the elders said, Thus the people spoke to you. And Roboam scattered their counsel, and it was not pleasing before him, and he sent and brought in his companions and spoke these same things to them: Thus the people sent to me. And his companions said, Thus you will speak to the people, saying, My littleness is thicker than my father's loin. My father whipped you with whips, but I will rule you with scorpions. And the word was pleasing before Roboam, and he answered the people just as his companions, the young men, counseled him. And all the people cried out as one man, each to his neighbor, and they all cried aloud, saying, There is no share for us in David and no inheritance in the son of Iessai. To your tents, Israel, because this man is not for ruler nor for leader. And all the people were scattered from Sikim and each went to his tent, and Roboam prevailed and went and mounted his chariot and entered into Ierousalem, and all the scepter of Iouda and all the scepter of Benjamin went after him. And it came to be at the turn of the year, and Roboam gathered all the men of Iouda and Benjamin and went up to war against Ieroboam at Sikima. And the word of the Lord came to Samaias the man of God, saying, Speak to Roboam king of Iouda and to all the house of Iouda and Benjamin and to the remnant of the people, saying, Thus says the Lord: You shall not go up nor fight against your brothers the sons of Israel. Return each to his house, because this word has happened from me. And they heard the word of the Lord and held back from going according to the word of the Lord.","Thus saith the Lord, Ye shall not go up, neither shall ye fight with your brethren the sons of Israel: return each man to his own home; for this thing is from me; and they hearkened to the word of the Lord, and they ceased from going up, according to the word of the Lord.",score>=12; importance=high; decisions=1; footnotes=1; eng=2; eng_reco=keep; reco=keep
1 Samuel 2:10,1 Samuel,2,10,high,22,1,1,0,0,,9,0,0,0,0,0,0,0,0,,keep,0,0,0,0,,,0,,,,,,,keep,"anointed, holy, judgment, justice, lord, righteousness","decisions=1; footnotes=1; reviewed_decisions=1; importance=high; keywords=anointed, holy, judgment, justice, lord, righteousness; crossref_top_vote=9; eng_reco=keep; reco=keep","The Lord will make his adversary weak; the Lord is holy. Let not the wise boast in his wisdom, and let not the strong boast in his strength, and let not the rich boast in his wealth, but in this let the boasting one boast: to understand and know the Lord and to do judgment and righteousness in the midst of the earth. The Lord went up into the heavens and thundered; he will judge the ends of the earth and gives strength to our kings and will lift up the horn of his anointed.","The Lord will weaken his adversary; the Lord is holy. Let not the wise man boast in his wisdom, nor let the mighty man boast in his strength, and let not the rich man boast in his wealth; but let him that boasts boast in this, to understand and know the Lord, and to execute judgment and justice in the midst of the earth. The Lord has gone up to the heavens, and has thundered: he will judge the extremities of the earth, and he gives strength to our kings, and will exalt the horn of his Christ.",score>=12; importance=high; decisions=1; footnotes=1; eng_reco=keep; reco=keep
2 Kings 9:18,2 Kings,9,18,high,22,2,2,0,0,,3,1,0,0,0,0,0,0,0,,,0,0,0,0,,,0,,,,,,,keep,"king, messenger, peace","decisions=2; footnotes=2; reviewed_decisions=2; importance=high; keywords=king, messenger, peace; crossref_top_vote=3; reco=keep","And a horseman went to meet them and said, Thus says the king, Is it peace? And Iou said, What is peace to you? Turn behind me. And the watchman reported, saying, The messenger came to them and did not return.","And there went a horseman to meet them, and said, Thus says the king, Peace. And Ju said, What hast thou to do with peace? turn behind me. And the watchman reported, saying, The messenger came up to them, and has not returned.",score>=12; importance=high; decisions=2; footnotes=2; reco=keep
Exodus 14:31,Exodus,14,31,high,22,2,2,0,0,,11,4,0,0,0,0,0,0,0,,,0,0,0,0,,,0,,,,,,,keep,"god, lord, servant","decisions=2; footnotes=2; reviewed_decisions=1; importance=high; keywords=god, lord, servant; crossref_top_vote=11; reco=keep","And Israel saw the great hand, the things the Lord had done against the Egyptians, and the people feared the Lord, and they believed God and Moses his attendant.","And Israel saw the mighty hand, the things which the Lord did to the Egyptians; and the people feared the Lord, and they believed God and Moses his servant.",score>=12; importance=high; decisions=2; footnotes=2; reco=keep
Exodus 15:26,Exodus,15,26,high,22,2,2,0,0,,101,0,0,0,0,0,0,0,0,,,0,0,0,0,,,0,,,,,,,keep,"god, lord","decisions=2; footnotes=2; reviewed_decisions=1; importance=high; keywords=god, lord; crossref_top_vote=101; reco=keep","And he said, ""If in hearing you hear the voice of the Lord your God and do the things pleasing before him and give ear to his commands and keep all his ordinances, every sickness that I brought upon the Egyptians I will not bring upon you, for I am the Lord who heals you.""","and said, If thou wilt indeed hear the voice of the Lord thy God, and do things pleasing before him, and wilt hearken to his commands, and keep all his ordinances, no disease which I have brought upon the Egyptians will I bring upon thee, for I am the Lord thy God that heals thee.",score>=12; importance=high; decisions=2; footnotes=2; reco=keep
Genesis 24:7,Genesis,24,7,high,22,2,1,0,0,,7,1,0,0,0,0,0,0,0,,,0,0,0,0,,,0,,,,,,,keep,"angel, god, lord, seed","decisions=2; footnotes=1; reviewed_decisions=1; importance=high; keywords=angel, god, lord, seed; crossref_top_vote=7; reco=keep","The Lord, the God of heaven and the God of the earth, who took me from my father's house and from the land where I was born, who spoke to me and swore to me, saying, To you and to your seed I will give this land - he himself will send his angel ahead of you, and you shall take a wife for my son from there.","The Lord the God of heaven, and the God of the earth, who took me out of my father's house, and out of the land whence I sprang, who spoke to me, and who swore to me, saying, I will give this land to thee and to thy seed, he shall send his angel before thee, and thou shalt take a wife to my son from thence.",score>=12; importance=high; decisions=2; footnotes=1; reco=keep
Isaiah 44:2,Isaiah,44,2,high,22,1,1,0,0,,200,1,0,0,0,0,0,0,0,,keep,0,0,0,0,,,0,,,,,,,keep,"beloved, god, lord, servant","decisions=1; footnotes=1; reviewed_decisions=1; importance=high; keywords=beloved, god, lord, servant; crossref_top_vote=200; eng_reco=keep; reco=keep","Thus says Lord God, one making you and shaping you from womb: You will still be helped. Do not fear, my servant Jacob, beloved Israel whom I chose.",,score>=12; importance=high; decisions=1; footnotes=1; eng_reco=keep; reco=keep
Jeremiah 23:5,Jeremiah,23,5,high,22,1,1,0,0,,23,1,0,0,0,0,0,0,0,,keep,0,0,0,0,,,0,,,,,,,keep,"judgment, king, lord, righteous, righteousness","decisions=1; footnotes=1; reviewed_decisions=1; importance=high; keywords=judgment, king, lord, righteous, righteousness; crossref_top_vote=23; eng_reco=keep; reco=keep","Behold, days come, says Lord, and I will raise up for David a righteous dawning, and a king will reign and understand and do judgment and righteousness upon earth.",,score>=12; importance=high; decisions=1; footnotes=1; eng_reco=keep; reco=keep
Joshua 22:23,Joshua,22,23,high,22,1,1,0,0,,4,0,0,0,0,0,0,0,0,,,0,0,0,0,,,1,soteria-sacrifice-formula,AutoComplete.db WordSense; Bible Word Study; Factbook; recent history,lexical_support,salvation-shaped rendering,high,keep,keep,"altar, god, lord, peace, sacrifice, salvation","decisions=1; footnotes=1; reviewed_decisions=1; importance=high; keywords=altar, god, lord, peace, sacrifice, salvation; crossref_top_vote=4; logos=1; logos_reco=keep; logos_flags=lexical_support; logos_support=salvation-shaped rendering; reco=keep","And if we built for ourselves an altar so as to turn away from the Lord our God, so as to offer on it sacrifices of whole burnt offerings or so as to make on it a sacrifice of salvation, the Lord himself shall require it.","And if we have built to ourselves an altar, so as to apostatize from the Lord our God, so as to offer upon it a sacrifice of whole-burnt-offerings, so as to offer upon it a sacrifice of peace-offering,—the Lord shall require it.",score>=12; importance=high; decisions=1; footnotes=1; logos=1; logos_reco=keep; reco=keep
Joshua 22:29,Joshua,22,29,high,22,1,1,0,0,,4,0,0,0,0,0,0,0,0,,,0,0,0,0,,,1,soteria-sacrifice-formula,AutoComplete.db WordSense; Bible Word Study; Factbook; recent history,lexical_support,salvation-shaped rendering,high,keep,keep,"altar, being, lord, peace, sacrifice, salvation","decisions=1; footnotes=1; reviewed_decisions=1; importance=high; keywords=altar, being, lord, peace, sacrifice, salvation; crossref_top_vote=4; logos=1; logos_reco=keep; logos_flags=lexical_support; logos_support=salvation-shaped rendering; reco=keep","May it never be for us to turn away from the Lord in these days, to revolt from the Lord, so as to build for ourselves an altar for offerings and sacrifices of well-being and the sacrifice of salvation besides the altar of the Lord that is before his tent.","Far be it from us therefore that we should turn away from the Lord this day so as to apostatize from the Lord, so as that we should build an altar for burnt-offerings, and for peace-offerings, besides the altar of the Lord which is before his tabernacle.",score>=12; importance=high; decisions=1; footnotes=1; logos=1; logos_reco=keep; reco=keep
Joshua 24:19,Joshua,24,19,high,22,1,1,0,0,,8,0,0,3,2,0,0,0,1,unclear,keep,0,0,0,0,,,0,,,,,,,keep,"being, forgive, god, holy, lord","decisions=1; footnotes=1; reviewed_decisions=1; importance=high; keywords=being, forgive, god, holy, lord; crossref_top_vote=8; eng=fresh:2/brenton:0/mt:0; eng_reco=keep; eng_flags=unclear; reco=keep","And Joshua said to the people, You will not be able to serve the Lord, because he is a holy and jealous God; he will not forgive your sins and your lawless deeds.","And Joshua said to the people, Indeed ye will not be able to serve the Lord, for God is holy; and he being jealous will not forgive your sins and your transgressions.",score>=12; importance=high; decisions=1; footnotes=1; eng=3; eng_reco=keep; reco=keep
Leviticus 7:11,Leviticus,7,11,high,22,1,1,0,0,,2,0,2,0,0,0,0,0,0,,,0,0,0,0,,,1,soteria-sacrifice-formula,AutoComplete.db WordSense; Bible Word Study; Factbook; recent history,lexical_support,salvation-shaped rendering,high,keep,keep,"law, lord, peace, sacrifice, salvation","decisions=1; footnotes=1; reviewed_decisions=1; importance=high; keywords=law, lord, peace, sacrifice, salvation; crossref_top_vote=2; crossref_shared_family=2; logos=1; logos_reco=keep; logos_flags=lexical_support; logos_support=salvation-shaped rendering; reco=keep",This is the law of the sacrifice of salvation that they shall bring to the Lord.,"This is the law of the sacrifice of peace-offering, which they shall bring to the Lord.",score>=12; importance=high; decisions=1; footnotes=1; logos=1; logos_reco=keep; reco=keep
Micah 6:8,Micah,6,8,high,22,1,1,0,0,,186,2,0,2,2,0,0,0,0,,keep,0,0,0,0,,,0,,,,,,,keep,"god, judgment, lord, mercy","decisions=1; footnotes=1; reviewed_decisions=1; importance=high; keywords=god, judgment, lord, mercy; crossref_top_vote=186; eng=fresh:2/brenton:0/mt:0; eng_reco=keep; reco=keep","He told you, human, what is good, or what the Lord seeks from you: but to do judgment and love mercy and be ready to walk with the Lord your God.",,score>=12; importance=high; decisions=1; footnotes=1; eng=2; eng_reco=keep; reco=keep
Nehemiah 1:11,Nehemiah,1,11,high,22,1,1,0,0,,21,1,0,0,0,0,0,0,0,,keep,0,0,0,0,,,0,,,,,,,keep,"king, lord, mercy, name, servant","decisions=1; footnotes=1; reviewed_decisions=1; importance=high; keywords=king, lord, mercy, name, servant; crossref_top_vote=21; eng_reco=keep; reco=keep","Please, Lord, let your ear be attentive to prayer of your servant and to prayer of your servants who desire to fear your name, and prosper your servant today and give him for compassions before this man. And I was cupbearer to the king.","Turn not away, I pray thee, O Lord, but let thine ear be attentive to the prayer of thy servant, and to the prayer of thy servants, who desire to fear thy name: and prosper, I pray thee, thy servant this day, and cause him to find mercy in the sight of this man. Now I was the king's cup-bearer.",score>=12; importance=high; decisions=1; footnotes=1; eng_reco=keep; reco=keep
Numbers 35:25,Numbers,35,25,high,22,2,2,0,0,,5,4,0,0,0,0,0,0,0,,,0,0,0,0,,,0,,,,,,,keep,"anointed, holy, priest","decisions=2; footnotes=2; reviewed_decisions=1; importance=high; keywords=anointed, holy, priest; crossref_top_vote=5; reco=keep","And the congregation shall rescue the slayer from the avenger of blood, and the congregation shall restore him to the city of his refuge where he fled, and he shall dwell there until the great priest dies, the one whom they anointed with the holy oil.","And the congregation shall rescue the slayer from the avenger of blood, and the congregation shall restore him to his city of refuge, whither he fled for refuge; and he shall dwell there till the death of the high-priest, whom they anointed with the holy oil.",score>=12; importance=high; decisions=2; footnotes=2; reco=keep
Psalms 83:12,Psalms,83,12,high,22,1,1,0,0,,5,0,0,0,0,0,0,0,0,,keep,0,0,0,0,,,0,,,,,,,keep,"glory, god, grace, lord, mercy, truth","decisions=1; footnotes=1; reviewed_decisions=1; importance=high; keywords=glory, god, grace, lord, mercy, truth; crossref_top_vote=5; eng_reco=keep; reco=keep",Because the Lord God loves mercy and truth; the Lord will give grace and glory; he will not withhold good things from those walking in innocence.,,score>=12; importance=high; decisions=1; footnotes=1; eng_reco=keep; reco=keep
Psalms 84:11,Psalms,84,11,high,22,1,1,0,0,,106,3,0,0,0,0,0,0,0,,keep,0,0,0,0,,,0,,,,,,,keep,"mercy, peace, righteousness, truth","decisions=1; footnotes=1; reviewed_decisions=1; importance=high; keywords=mercy, peace, righteousness, truth; crossref_top_vote=106; eng_reco=keep; reco=keep",Mercy and truth met together; righteousness and peace kissed.,,score>=12; importance=high; decisions=1; footnotes=1; eng_reco=keep; reco=keep
Zechariah 12:10,Zechariah,12,10,high,22,1,1,0,0,,34,4,0,0,0,0,0,0,0,,keep,0,0,0,0,,,0,,,,,,,keep,"beloved, compassion, firstborn, grace, spirit","decisions=1; footnotes=1; reviewed_decisions=1; importance=high; keywords=beloved, compassion, firstborn, grace, spirit; crossref_top_vote=34; eng_reco=keep; reco=keep","And I will pour out upon house of David and upon inhabitants of Jerusalem spirit of grace and compassion, and they will look toward me because they mocked, and they will mourn for him with mourning as for beloved one and grieve over him as over firstborn.",,score>=12; importance=high; decisions=1; footnotes=1; eng_reco=keep; reco=keep
1 Chronicles 16:35,1 Chronicles,16,35,high,21,1,1,0,0,,8,4,0,0,0,0,0,0,0,,keep,0,0,0,0,,,0,,,,,,,keep,"glory, god, holy, name, salvation","decisions=1; footnotes=1; reviewed_decisions=1; importance=high; keywords=glory, god, holy, name, salvation; crossref_top_vote=8; eng_reco=keep; reco=keep","And say, Save us, God of our salvation, and deliver us from nations, to praise your holy name and to boast in your praises.","And say ye, Save us, O God of our salvation, and gather us, and rescue us from among the heathen, that we may praise thy holy name, and glory in thy praises.",score>=12; importance=high; decisions=1; footnotes=1; eng_reco=keep; reco=keep
1 Samuel 26:19,1 Samuel,26,19,high,21,1,1,0,0,,6,1,0,0,0,0,0,0,0,,,0,0,0,0,,,0,,,,,,,keep,"being, god, king, lord, servant","decisions=1; footnotes=1; reviewed_decisions=1; importance=high; keywords=being, god, king, lord, servant; crossref_top_vote=6; reco=keep","And now let my lord the king hear the word of his servant. If God stirs you up against me, may he smell your sacrifices. But if sons of men, cursed are these before the Lord, because they cast me out today from being established in the inheritance of the Lord, saying, Go, serve other gods.","And now let my lord the king hear the word of his servant. If God stirs thee up against me, let thine offering be acceptable: but if the sons of men, they are cursed before the Lord, for they have cast me out this day so that I should not be established in the inheritance of the Lord, saying, Go, serve other gods.",score>=12; importance=high; decisions=1; footnotes=1; reco=keep
2 Chronicles 6:20,2 Chronicles,6,20,high,21,1,1,3,3,"Acts 15:17, James 2:7, Romans 2:17",5,0,2,0,0,0,0,0,0,,,9,3,3,3,"literal_support, smoothing, translation_tradition",keep,0,,,,,,,keep,"name, servant","decisions=1; footnotes=1; reviewed_decisions=1; importance=high; keywords=name, servant; nt=Acts 15:17, James 2:7, Romans 2:17; crossref_top_vote=5; crossref_shared_family=2; nt_eng=support:3/soften:3/mixed:3; nt_eng_reco=keep; nt_eng_flags=literal_support, smoothing, translation_tradition; reco=keep","that your eyes may be open upon this house day and night, upon this place where you said your name would be called there, to hear prayer which your servant prays toward this place.","so that thine eyes should be open over this house by day and by night, towards this place, whereon thou saidst thy name should be called, so as to hear the prayer which thy servant prays towards this house.",score>=12; importance=high; decisions=1; footnotes=1; nt=3; nt_eng=9; nt_eng_reco=keep; reco=keep
2 Samuel 14:17,2 Samuel,14,17,high,21,1,1,0,0,,5,2,0,2,1,0,0,0,1,unclear,keep,0,0,0,0,,,0,,,,,,,keep,"angel, god, king, lord","decisions=1; footnotes=1; reviewed_decisions=1; importance=high; keywords=angel, god, king, lord; crossref_top_vote=5; eng=fresh:1/brenton:0/mt:0; eng_reco=keep; eng_flags=unclear; reco=keep","And the woman said, Let the word of my lord the king now be as an offering, because as an angel of God so is my lord the king, to hear the good and the evil, and the Lord your God will be with you.","And the woman said, If now the word of my lord the king be gracious,—well: for as an angel of God, so is my lord the king, to hear good and evil: and the Lord thy God shall be with thee.",score>=12; importance=high; decisions=1; footnotes=1; eng=2; eng_reco=keep; reco=keep
2 Samuel 22:51,2 Samuel,22,51,high,21,1,1,0,0,,5,1,0,0,0,0,0,0,0,,,0,0,0,0,,,0,,,,,,,keep,"anointed, king, mercy, salvation, seed","decisions=1; footnotes=1; reviewed_decisions=1; importance=high; keywords=anointed, king, mercy, salvation, seed; crossref_top_vote=5; reco=keep","magnifying the salvations of his king and doing mercy for his anointed, for David and for his seed forever.","He magnifies the salvation of his king, and works mercy for his anointed, even for David and for his seed for ever.",score>=12; importance=high; decisions=1; footnotes=1; reco=keep
2 Samuel 3:21,2 Samuel,3,21,high,21,1,1,0,0,,5,1,0,0,0,0,0,0,0,,,0,0,0,0,,,0,,,,,,,keep,"covenant, king, lord, peace, soul","decisions=1; footnotes=1; reviewed_decisions=1; importance=high; keywords=covenant, king, lord, peace, soul; crossref_top_vote=5; reco=keep","And Abennēr said to David, I will rise now and go and gather to my lord the king all Israel, and I will make a covenant with you, and you will reign over all that your soul desires. And David sent Abennēr away, and he went in peace.","And Abenner said to David, I will arise now, and go, and gather to my lord the king all Israel; and I will make with him a covenant, and thou shalt reign over all whom thy soul desires. And David sent away Abenner, and he departed in peace.",score>=12; importance=high; decisions=1; footnotes=1; reco=keep
Exodus 14:13,Exodus,14,13,high,21,2,1,0,0,,78,0,0,0,0,0,0,0,0,,,0,0,0,0,,,0,,,,,,,keep,"god, lord, salvation","decisions=2; footnotes=1; reviewed_decisions=1; importance=high; keywords=god, lord, salvation; crossref_top_vote=78; reco=keep","Then Moses said to the people, ""Take courage. Stand and see the salvation from God that he will accomplish for us today. For in the way you have seen the Egyptians today, you shall never again see them through all time.""","And Moses said to the people, Be of good courage: stand and see the salvation which is from the Lord, which he will work for us this day; for as ye have seen the Egyptians to-day, ye shall see them again no more for ever.",score>=12; importance=high; decisions=2; footnotes=1; reco=keep
Exodus 28:30,Exodus,28,30,high,21,1,1,0,0,,9,1,0,2,1,0,0,1,0,unclear,keep,0,0,0,0,,,1,Exodus 28:30,Bible Word Study; linked commentary snippets,lexical_support,Disclosure and Truth rendering,high,keep,keep,"holy, judgment, lord, truth","decisions=1; footnotes=1; reviewed_decisions=1; importance=high; keywords=holy, judgment, lord, truth; crossref_top_vote=9; eng=fresh:1/brenton:0/mt:0; eng_reco=keep; eng_flags=unclear; logos=1; logos_reco=keep; logos_flags=lexical_support; logos_support=Disclosure and Truth rendering; reco=keep","And you shall put on the breastpiece of judgments the Disclosure and the Truth, and it shall be on Aaron's chest when he goes into the holy place before the Lord. And Aaron shall bear the judgments of the sons of Israel upon his chest before the Lord continually.","and thou shalt put the two circlets on both the shoulders of the ephod in front. And thou shalt put the Manifestation and the Truth on the oracle of judgment; and it shall be on the breast of Aaron, when he goes into the holy place before the Lord; and Aaron shall bear the judgments of the children of Israel on his breast before the Lord continually.",score>=12; importance=high; decisions=1; footnotes=1; logos=1; logos_reco=keep; eng=2; eng_reco=keep; reco=keep
Exodus 3:18,Exodus,3,18,high,21,2,2,0,0,,11,0,0,0,0,0,0,0,0,,,0,0,0,0,,,0,,,,,,,keep,"god, king, sacrifice","decisions=2; footnotes=2; reviewed_decisions=1; importance=high; keywords=god, king, sacrifice; crossref_top_vote=11; reco=keep","And they will listen to your voice, and you and the elders of Israel shall go in to Pharaoh king of Egypt, and you shall say to him, 'The God of the Hebrews has summoned us. Let us go then a journey of three days into the wilderness so that we may sacrifice to our God.'","And they shall hearken to thy voice, and thou and the elders of Israel shall go in to Pharao king of Egypt, and thou shalt say to him, The God of the Hebrews has called us; we will go then a journey of three days into the wilderness, that we may sacrifice to our God.",score>=12; importance=high; decisions=2; footnotes=2; reco=keep
Genesis 1:2,Genesis,1,2,high,21,4,1,0,0,,97,0,0,0,0,0,0,0,0,,keep,0,0,0,0,,,1,Genesis 1:2,AutoComplete.db WordSense; recent history; local index inspection,lexical_support,Spirit of God rendering,medium,keep,keep,"abyss, god, spirit","decisions=4; footnotes=1; reviewed_decisions=1; importance=high; keywords=abyss, god, spirit; crossref_top_vote=97; eng_reco=keep; logos=1; logos_reco=keep; logos_flags=lexical_support; logos_support=Spirit of God rendering; reco=keep","Now the earth was unseen and unformed, darkness was over the abyss, and the Spirit of God moved over the water.","But the earth was unsightly and unfurnished, and darkness was over the deep, and the Spirit of God moved over the water.",score>=12; importance=high; decisions=4; footnotes=1; logos=1; logos_reco=keep; eng_reco=keep; reco=keep
Genesis 24:14,Genesis,24,14,high,21,2,1,0,0,,8,0,0,0,0,0,0,0,0,,,0,0,0,0,,,0,,,,,,,keep,"lord, mercy, servant, virgin","decisions=2; footnotes=1; reviewed_decisions=1; importance=high; keywords=lord, mercy, servant, virgin; crossref_top_vote=8; reco=keep","and let it be that the virgin to whom I say, Lower your water jar so that I may drink, and she says to me, Drink, and I will water your camels until they stop drinking - this is the one you prepared for your servant Isaac, and by this I will know that you have done mercy with my lord Abraham.","And it shall be, the virgin to whomsoever I shall say, Incline thy water-pot, that I may drink, and she shall say, Drink thou, and I will give thy camels drink, until they shall have done drinking—even this one thou hast prepared for thy servant Isaac, and hereby shall I know that thou hast dealt mercifully with my master Abraam.",score>=12; importance=high; decisions=2; footnotes=1; reco=keep
Genesis 24:40,Genesis,24,40,high,21,2,2,0,0,,10,0,0,0,0,0,0,0,0,,,0,0,0,0,,,0,,,,,,,keep,"angel, god, lord","decisions=2; footnotes=2; reviewed_decisions=1; importance=high; keywords=angel, god, lord; crossref_top_vote=10; reco=keep","And he said to me, The Lord God, before whom I have been well-pleasing, will himself send out his angel with you and prosper your way, and you shall take a wife for my son from my tribe and from my father's house.","And he said to me, The Lord God to whom I have been acceptable in his presence, himself shall send out his angel with thee, and shall prosper thy journey, and thou shalt take a wife for my son of my tribe, and of the house of my father.",score>=12; importance=high; decisions=2; footnotes=2; reco=keep
Isaiah 5:16,Isaiah,5,16,high,21,1,1,0,0,,17,1,0,2,2,0,0,0,0,,keep,0,0,0,0,,,0,,,,,,,keep,"god, holy, judgment, lord, righteousness","decisions=1; footnotes=1; reviewed_decisions=1; importance=high; keywords=god, holy, judgment, lord, righteousness; crossref_top_vote=17; eng=fresh:2/brenton:0/mt:0; eng_reco=keep; reco=keep","And the Lord Sabaoth will be exalted in judgment, and the Holy God will be glorified in righteousness.",,score>=12; importance=high; decisions=1; footnotes=1; eng=2; eng_reco=keep; reco=keep
Jeremiah 14:9,Jeremiah,14,9,high,21,1,1,2,3,"Acts 15:17, James 2:7",5,1,1,0,0,0,0,0,0,,,6,1,3,2,"literal_support, smoothing, translation_tradition",keep,0,,,,,,,keep,"lord, name","decisions=1; footnotes=1; reviewed_decisions=1; importance=high; keywords=lord, name; nt=Acts 15:17, James 2:7; crossref_top_vote=5; crossref_shared_family=1; nt_eng=support:1/soften:3/mixed:2; nt_eng_reco=keep; nt_eng_flags=literal_support, smoothing, translation_tradition; reco=keep","Do not be like sleeping man or like man unable to save. And you are in us, Lord, and your name is called upon us; do not forget us.",,score>=12; importance=high; decisions=1; footnotes=1; nt=2; nt_eng=6; nt_eng_reco=keep; reco=keep
Jeremiah 4:2,Jeremiah,4,2,high,21,1,1,0,0,,8,3,0,2,2,0,0,0,0,,keep,0,0,0,0,,,0,,,,,,,keep,"god, judgment, lord, righteousness, truth","decisions=1; footnotes=1; reviewed_decisions=1; importance=high; keywords=god, judgment, lord, righteousness, truth; crossref_top_vote=8; eng=fresh:2/brenton:0/mt:0; eng_reco=keep; reco=keep","and one swears, As the Lord lives, with truth and in judgment and in righteousness, then nations will bless in him, and in him they will praise God in Jerusalem.",,score>=12; importance=high; decisions=1; footnotes=1; eng=2; eng_reco=keep; reco=keep
Jeremiah 9:23,Jeremiah,9,23,high,21,1,1,0,0,,57,4,0,0,0,0,0,0,0,,keep,0,0,0,0,,,0,,,,,,,keep,"judgment, lord, mercy, righteousness","decisions=1; footnotes=1; reviewed_decisions=1; importance=high; keywords=judgment, lord, mercy, righteousness; crossref_top_vote=57; eng_reco=keep; reco=keep","but in this let the one boasting boast: to understand and know that I am the Lord, doing mercy and judgment and righteousness on the earth, because in these is my will, says the Lord.",,score>=12; importance=high; decisions=1; footnotes=1; eng_reco=keep; reco=keep
Micah 5:3,Micah,5,3,high,21,1,1,0,0,,11,4,0,0,0,0,0,0,0,,keep,0,0,0,0,,,0,,,,,,,keep,"glory, god, lord, name, shepherd","decisions=1; footnotes=1; reviewed_decisions=1; importance=high; keywords=glory, god, lord, name, shepherd; crossref_top_vote=11; eng_reco=keep; reco=keep","And he will stand and see and shepherd his flock in strength of the Lord and in glory of the name of the Lord their God. They will remain, because now he will be made great to the ends of the earth.",,score>=12; importance=high; decisions=1; footnotes=1; eng_reco=keep; reco=keep
Psalms 113:9,Psalms,113,9,high,21,1,1,0,0,,15,2,0,0,0,0,0,0,0,,keep,0,0,0,0,,,0,,,,,,,keep,"glory, lord, mercy, name, truth","decisions=1; footnotes=1; reviewed_decisions=1; importance=high; keywords=glory, lord, mercy, name, truth; crossref_top_vote=15; eng_reco=keep; reco=keep","Not to us, Lord, not to us, but to your name give glory, upon your mercy and your truth.",,score>=12; importance=high; decisions=1; footnotes=1; eng_reco=keep; reco=keep
Psalms 19:7,Psalms,19,7,high,21,1,1,0,0,,52,2,0,0,0,0,0,0,0,,keep,0,0,0,0,,,0,,,,,,,keep,"anointed, holy, lord, salvation","decisions=1; footnotes=1; reviewed_decisions=1; importance=high; keywords=anointed, holy, lord, salvation; crossref_top_vote=52; eng_reco=keep; reco=keep",Now I knew that Lord saved his Anointed; he will hear him from his holy heaven. Salvation of his right hand is in acts of power.,,score>=12; importance=high; decisions=1; footnotes=1; eng_reco=keep; reco=keep
Psalms 23:5,Psalms,23,5,high,21,1,1,0,0,,84,3,0,0,0,0,0,0,0,,keep,0,0,0,0,,,0,,,,,,,keep,"god, lord, mercy, savior","decisions=1; footnotes=1; reviewed_decisions=1; importance=high; keywords=god, lord, mercy, savior; crossref_top_vote=84; eng_reco=keep; reco=keep",This one will receive blessing from Lord and mercy from God his savior.,,score>=12; importance=high; decisions=1; footnotes=1; eng_reco=keep; reco=keep
Zechariah 7:9,Zechariah,7,9,high,21,1,1,0,0,,12,2,0,0,0,0,0,0,0,,keep,0,0,0,0,,,0,,,,,,,keep,"compassion, judgment, lord, mercy, righteous","decisions=1; footnotes=1; reviewed_decisions=1; importance=high; keywords=compassion, judgment, lord, mercy, righteous; crossref_top_vote=12; eng_reco=keep; reco=keep","Thus says Lord Almighty: Judge righteous judgment, and do mercy and compassion, each toward his brother.",,score>=12; importance=high; decisions=1; footnotes=1; eng_reco=keep; reco=keep
1 Chronicles 28:9,1 Chronicles,28,9,high,20,1,1,0,0,,326,2,0,0,0,0,0,0,0,,keep,0,0,0,0,,,0,,,,,,,keep,"god, lord, soul","decisions=1; footnotes=1; reviewed_decisions=1; importance=high; keywords=god, lord, soul; crossref_top_vote=326; eng_reco=keep; reco=keep","And now, Salomon my son, know God of your fathers and serve him with complete heart and willing soul, because Lord examines all hearts and knows every thought. If you seek him, he will be found by you; and if you forsake him, he will forsake you to end.","And now, my son Solomon, know the God of thy fathers, and serve him with a perfect heart and willing soul: for the Lord searches all hearts, and knows every thought: if thou seek him, he will be found of thee; but if thou shouldest forsake him, he will forsake thee for ever.",score>=12; importance=high; decisions=1; footnotes=1; eng_reco=keep; reco=keep
1 Chronicles 6:34,1 Chronicles,6,34,high,20,1,1,0,0,,0,0,0,0,0,0,0,0,0,,keep,0,0,0,0,,,0,,,,,,,keep,"altar, god, holy, lord, servant","decisions=1; footnotes=1; reviewed_decisions=1; importance=high; keywords=altar, god, holy, lord, servant; eng_reco=keep; reco=keep","And Aaron and his sons were burning incense upon the altar of the whole-burnt-offerings and upon the altar of incense for every work of the holy of holies and to make atonement for Israel, according to all that Moses child of God commanded.","And Aaron and his sons were to burn incense on the altar of whole-burnt-offerings, and on the altar of incense, for all the ministry in the holy of holies, and to make atonement for Israel, according to all things that Moses the servant of the Lord commanded.",score>=12; importance=high; decisions=1; footnotes=1; eng_reco=keep; reco=keep
1 Kings 13:2,1 Kings,13,2,high,20,1,1,0,0,,4,0,0,0,0,0,0,0,0,,,0,0,0,0,,,0,,,,,,,keep,"altar, being, lord, name, sacrifice","decisions=1; footnotes=1; reviewed_decisions=1; importance=high; keywords=altar, being, lord, name, sacrifice; crossref_top_vote=4; reco=keep","And he cried against the altar by the word of the Lord and said, Altar, altar, thus says the Lord: Behold, a son is being born to the house of David, Iosias his name, and he will sacrifice upon you the priests of the high places who sacrifice upon you, and he will burn human bones upon you.","And he cried against the altar by the word of the Lord, and said, O altar, altar, thus saith the Lord, Behold, a son is to be born to the house of David, Josias by name; and he shall offer upon thee the priests of the high places, even of them that sacrifice upon thee, and he shall burn men's bones upon thee.",score>=12; importance=high; decisions=1; footnotes=1; reco=keep
1 Kings 6:1,1 Kings,6,1,high,20,2,2,0,0,,5,5,0,0,0,0,0,0,0,,,0,0,0,0,,,0,,,,,,,keep,"king, lord","decisions=2; footnotes=2; reviewed_decisions=1; importance=high; keywords=king, lord; crossref_top_vote=5; reco=keep","And it came to be in the four hundred and fortieth year of the coming out of the sons of Israel from Egypt, in the fourth year, in the second month, of King Solomon reigning over Israel. And the king commanded, and they took great costly stones for the foundation of the house, and unhewn stones. And the sons of Solomon and the sons of Chiram dressed them and laid them. In the fourth year he founded the house of the Lord in the month Niso, the second month. In the eleventh year, in the month Baal, this is the eighth month, the house was completed in every word of it and in every arrangement of it.","And it came to pass in the four hundred and fortieth year after the departure of the children of Israel out of Egypt, in the fourth year and second month of the reign of king Solomon over Israel,",score>=12; importance=high; decisions=2; footnotes=2; reco=keep
1 Kings 8:23,1 Kings,8,23,high,20,1,1,0,0,,11,0,0,0,0,0,0,0,0,,,0,0,0,0,,,0,,,,,,,keep,"covenant, god, lord, mercy, servant","decisions=1; footnotes=1; reviewed_decisions=1; importance=high; keywords=covenant, god, lord, mercy, servant; crossref_top_vote=11; reco=keep","and said, O Lord God of Israel, there is no God like you in heaven above and upon the earth below, keeping covenant and mercy for your servant who walks before you with all his heart,","and he said, Lord God of Israel, there is no God like thee in heaven above and on the earth beneath, keeping covenant and mercy with thy servant who walks before thee with all his heart;",score>=12; importance=high; decisions=1; footnotes=1; reco=keep
1 Samuel 12:17,1 Samuel,12,17,high,20,2,2,0,0,,6,1,0,0,0,0,0,0,0,,,0,0,0,0,,,0,,,,,,,keep,"king, lord","decisions=2; footnotes=2; reviewed_decisions=1; importance=high; keywords=king, lord; crossref_top_vote=6; reco=keep","Is it not wheat harvest today? I will call upon the Lord, and he will give voices and rain, and know and see that your evil is great, which you did before the Lord, asking a king for yourselves.","Is it not wheat-harvest to-day? I will call upon the Lord, and he shall send thunder and rain; and know ye and see, that your wickedness is great which ye have wrought before the Lord, having asked for yourselves a king.",score>=12; importance=high; decisions=2; footnotes=2; reco=keep
1 Samuel 25:29,1 Samuel,25,29,high,20,2,2,0,0,,8,4,0,0,0,0,0,0,0,,,0,0,0,0,,,0,,,,,,,keep,"god, lord","decisions=2; footnotes=2; reviewed_decisions=1; importance=high; keywords=god, lord; crossref_top_vote=8; reco=keep","And a man will rise up pursuing you and seeking your life, and the life of my lord will be bound in the bundle of life with the Lord your God, and the life of your enemies you will sling out in the middle of the sling.","And if a man shall rise up persecuting thee and seeking thy life, yet shall the life of my lord be bound up in the bundle of life with the Lord God, and thou shalt whirl the life of thine enemies as in the midst of a sling.",score>=12; importance=high; decisions=2; footnotes=2; reco=keep
1 Samuel 2:2,1 Samuel,2,2,high,20,1,1,0,0,,34,1,0,0,0,0,0,0,0,,,0,0,0,0,,,0,,,,,,,keep,"god, holy, lord, righteous","decisions=1; footnotes=1; reviewed_decisions=1; importance=high; keywords=god, holy, lord, righteous; crossref_top_vote=34; reco=keep","Because there is no holy one like the Lord, and there is none righteous like our God; there is no holy one besides you.","For there is none holy as the Lord, and there is none righteous as our God: there is none holy beside thee.",score>=12; importance=high; decisions=1; footnotes=1; reco=keep
1 Samuel 4:3,1 Samuel,4,3,high,20,4,4,0,0,,4,3,0,0,0,0,0,0,0,,,0,0,0,0,,,0,,,,,,,keep,"god, lord","decisions=4; footnotes=4; reviewed_decisions=4; importance=high; keywords=god, lord; crossref_top_vote=4; reco=keep","And the people came into the camp, and the elders of Israel said, Why did the Lord make us stumble today before the foreigners? Let us take the ark of our God from Shilōm, and let it come out in our midst and save us from the hand of our enemies.","And the people came to the camp, and the elders of Israel said, Why has the Lord caused us to fall this day before the Philistines? let us take the ark of our God out of Selom, and let it proceed from the midst of us, and it shall save us from the hand of our enemies.",score>=12; importance=high; decisions=4; footnotes=4; reco=keep
2 Kings 23:24,2 Kings,23,24,high,20,1,1,0,0,,7,0,0,0,0,0,0,0,0,,keep,0,0,0,0,,,0,,,,,,,keep,"king, law, lord, priest, spirit","decisions=1; footnotes=1; reviewed_decisions=1; importance=high; keywords=king, law, lord, priest, spirit; crossref_top_vote=7; eng_reco=keep; reco=keep","And indeed the spirit-mediums and the knowers and the theraphin and the idols and all the abominations that had appeared in the land of Judah and in Jerusalem king Iōsias removed, to establish the words of the law written upon the book which Chelkias the priest found in the house of the Lord.","Moreover Josias removed the sorcerers, and the wizards, and the theraphin, and the idols, and all the abominations that had been set up in the land of Juda and in Jerusalem, that he might keep the words of the law that were written in the book, which Chelcias the priest found in the house of the Lord.",score>=12; importance=high; decisions=1; footnotes=1; eng_reco=keep; reco=keep
2 Samuel 19:28,2 Samuel,19,28,high,20,1,1,0,0,,6,0,0,0,0,0,0,0,0,,,0,0,0,0,,,0,,,,,,,keep,"angel, god, king, lord, servant","decisions=1; footnotes=1; reviewed_decisions=1; importance=high; keywords=angel, god, king, lord, servant; crossref_top_vote=6; reco=keep",And he schemed against your servant to my lord the king. But my lord the king is like an angel of God. So do what is good in your eyes.,"And he has dealt deceitfully with thy servant to my lord the king: but my lord the king is as an angel of God, and do thou that which is good in thine eyes.",score>=12; importance=high; decisions=1; footnotes=1; reco=keep
2 Samuel 5:2,2 Samuel,5,2,high,20,1,1,0,0,,32,2,0,0,0,0,0,0,0,,,0,0,0,0,,,0,,,,,,,keep,"being, king, lord, shepherd","decisions=1; footnotes=1; reviewed_decisions=1; importance=high; keywords=being, king, lord, shepherd; crossref_top_vote=32; reco=keep","And yesterday and the third day, while Saoul was king over us, you were the one bringing out and bringing in Israel, and the Lord said to you, You will shepherd my people Israel, and you will be leader over Israel.","And heretofore Saul being king over us, thou wast he that didst lead out and bring in Israel: and the Lord said to thee, Thou shalt feed my people Israel, and thou shalt be for a leader to my people Israel.",score>=12; importance=high; decisions=1; footnotes=1; reco=keep
Amos 4:13,Amos,4,13,high,20,1,1,0,0,,16,0,0,0,0,0,0,0,0,,keep,0,0,0,0,,,0,,,,,,,keep,"anointed, god, lord, name, wind","decisions=1; footnotes=1; reviewed_decisions=1; importance=high; keywords=anointed, god, lord, name, wind; crossref_top_vote=16; eng_reco=keep; reco=keep","For, behold, I am he that strengthens the thunder and creates the wind and proclaims to humans his anointed one, forming the morning and the darkness and mounting on the high places of the earth; the Lord God Almighty is his name.",,score>=12; importance=high; decisions=1; footnotes=1; eng_reco=keep; reco=keep
Daniel 9:4,Daniel,9,4,high,20,1,1,0,0,,26,1,0,0,0,0,0,0,0,,keep,0,0,0,0,,,0,,,,,,,keep,"covenant, god, lord, mercy","decisions=1; footnotes=1; reviewed_decisions=1; importance=high; keywords=covenant, god, lord, mercy; crossref_top_vote=26; eng_reco=keep; reco=keep","And I prayed to Lord God and confessed and said, Behold, Lord, you are the great God and the mighty and fearsome one, keeping covenant and mercy for those loving you and keeping your commands.",,score>=12; importance=high; decisions=1; footnotes=1; eng_reco=keep; reco=keep
Ezekiel 39:25,Ezekiel,39,25,high,20,1,1,0,0,,6,0,0,0,0,0,0,0,0,,keep,0,0,0,0,,,0,,,,,,,keep,"god, holy, lord, mercy, name","decisions=1; footnotes=1; reviewed_decisions=1; importance=high; keywords=god, holy, lord, mercy, name; crossref_top_vote=6; eng_reco=keep; reco=keep",Therefore thus says Lord God: Now I will turn back captivity of Jacob and have mercy on house of Israel and be jealous for my holy name.,,score>=12; importance=high; decisions=1; footnotes=1; eng_reco=keep; reco=keep
Genesis 1:26,Genesis,1,26,high,20,2,1,0,0,,82,3,0,2,2,0,0,0,0,,keep,0,0,0,0,,,0,,,,,,,keep,"god, image","decisions=2; footnotes=1; reviewed_decisions=2; importance=high; keywords=god, image; crossref_top_vote=82; eng=fresh:2/brenton:0/mt:0; eng_reco=keep; reco=keep","And God said, 'Let us make humankind according to our image and according to likeness, and let them rule the fish of the sea and the birds of Heaven and the livestock and all the earth and every creeping thing that creeps on the earth.'","And God said, Let us make man according to our image and likeness, and let them have dominion over the fish of the sea, and over the flying creatures of heaven, and over the cattle and all the earth, and over all the reptiles that creep on the earth.",score>=12; importance=high; decisions=2; footnotes=1; eng=2; eng_reco=keep; reco=keep
Jeremiah 7:11,Jeremiah,7,11,high,20,1,1,3,3,"Acts 15:17, James 2:7, Romans 2:17",10,5,0,0,0,0,0,0,0,,,15,4,6,5,"literal_support, smoothing, translation_tradition",keep,0,,,,,,,keep,"lord, name","decisions=1; footnotes=1; reviewed_decisions=1; importance=high; keywords=lord, name; nt=Acts 15:17, James 2:7, Romans 2:17; crossref_top_vote=10; nt_eng=support:4/soften:6/mixed:5; nt_eng_reco=keep; nt_eng_flags=literal_support, smoothing, translation_tradition; reco=keep","has my house over which my name has been called become den of robbers there before you? And I, behold, have seen, says Lord.",,score>=12; importance=high; decisions=1; footnotes=1; nt=3; nt_eng=15; nt_eng_reco=keep; reco=keep
Nehemiah 1:5,Nehemiah,1,5,high,20,1,1,0,0,,25,1,0,0,0,0,0,0,0,,keep,0,0,0,0,,,0,,,,,,,keep,"covenant, god, lord, mercy","decisions=1; footnotes=1; reviewed_decisions=1; importance=high; keywords=covenant, god, lord, mercy; crossref_top_vote=25; eng_reco=keep; reco=keep","And I said, Please, Lord God of heaven, strong, great, and fearful, keeping the covenant and the mercy for those loving him and keeping his commandments,","And I said, Nay, I pray thee, O Lord God of heaven, the mighty, the great and terrible, keeping thy covenant and mercy to them that love him, and to those that keep his commandments:",score>=12; importance=high; decisions=1; footnotes=1; eng_reco=keep; reco=keep
Nehemiah 8:9,Nehemiah,8,9,high,20,1,1,0,0,,6,0,0,0,0,0,0,0,0,,keep,0,0,0,0,,,0,,,,,,,keep,"god, holy, law, lord, priest","decisions=1; footnotes=1; reviewed_decisions=1; importance=high; keywords=god, holy, law, lord, priest; crossref_top_vote=6; eng_reco=keep; reco=keep","And Nehemias and Ezra the priest and scribe and the Levites teaching the people said to all the people, This day is holy to the Lord our God. Do not mourn and do not weep. For all the people were weeping as they heard words of the law.","And Neemias, and Esdras the priest and scribe, and the Levites, and they that instructed the people, spoke and said to all the people, It is a holy day to the Lord our God; do not mourn, nor weep. For all the people wept when they heard the words of the law.",score>=12; importance=high; decisions=1; footnotes=1; eng_reco=keep; reco=keep
Numbers 16:3,Numbers,16,3,high,20,2,2,0,0,,7,2,0,0,0,0,0,0,0,,,0,0,0,0,,,0,,,,,,,keep,"holy, lord","decisions=2; footnotes=2; reviewed_decisions=1; importance=high; keywords=holy, lord; crossref_top_vote=7; reco=keep","They stood together against Moses and Aaron and said, Let it be enough for you, because the whole congregation, every one of them, is holy, and the Lord is among them. And why do you rise up against the congregation of the Lord?","They rose up against Moses and Aaron, and said, Let it be enough for you that all the congregation are holy, and the Lord is among them; and why do ye set up yourselves against the congregation of the Lord?",score>=12; importance=high; decisions=2; footnotes=2; reco=keep
Numbers 19:13,Numbers,19,13,high,20,2,2,0,0,,5,3,0,0,0,0,0,0,0,,,0,0,0,0,,,0,,,,,,,keep,"lord, soul","decisions=2; footnotes=2; reviewed_decisions=1; importance=high; keywords=lord, soul; crossref_top_vote=5; reco=keep","Everyone touching the dead body of a human person who dies and not purifying himself has defiled the tent of the Lord. That person shall be cut off from Israel, because water of sprinkling was not sprinkled upon him. He is unclean; his uncleanness is still in him.","Every one that touches the carcase of the person of a man, if he should have died, and the other not have been purified, has defiled the tabernacle of the Lord: that soul shall be cut off from Israel, because the water of sprinkling has not been sprinkled upon him; he is unclean; his uncleanness is yet upon him.",score>=12; importance=high; decisions=2; footnotes=2; reco=keep
Numbers 6:14,Numbers,6,14,high,20,1,1,0,0,,3,1,1,0,0,0,0,0,0,,,0,0,0,0,,,1,soteria-sacrifice-formula,AutoComplete.db WordSense; Bible Word Study; Factbook; recent history,lexical_support,salvation-shaped rendering,high,keep,keep,"lord, peace, sacrifice, sin","decisions=1; footnotes=1; reviewed_decisions=1; importance=high; keywords=lord, peace, sacrifice, sin; crossref_top_vote=3; crossref_shared_family=1; logos=1; logos_reco=keep; logos_flags=lexical_support; logos_support=salvation-shaped rendering; reco=keep","And he shall bring his gift to the Lord: one unblemished year-old male lamb for a whole burnt offering, and one unblemished year-old ewe lamb for a sin offering, and one unblemished ram for a sacrifice of peace,","And he shall bring his gift to the Lord; one he-lamb of a year old without blemish for a whole-burnt-offering, and one ewe-lamb of a year old without blemish for a sin-offering, and one ram without blemish for a peace-offering;",score>=12; importance=high; decisions=1; footnotes=1; logos=1; logos_reco=keep; reco=keep
Numbers 6:18,Numbers,6,18,high,20,4,4,0,0,,5,5,0,0,0,0,0,0,0,,,0,0,0,0,,,1,soteria-sacrifice-formula,AutoComplete.db WordSense; Bible Word Study; Factbook; recent history,lexical_support,salvation-shaped rendering,high,keep,keep,"peace, sacrifice","decisions=4; footnotes=4; reviewed_decisions=4; importance=high; keywords=peace, sacrifice; crossref_top_vote=5; logos=1; logos_reco=keep; logos_flags=lexical_support; logos_support=salvation-shaped rendering; reco=keep",And the one who vowed shall shave the head of his vow at the doors of the tent of testimony and place the hair of his vow upon the fire that is under the sacrifice of peace.,"And he that has vowed shall shave the head of his consecration by the doors of the tabernacle of witness, and shall put the hairs on the fire which is under the sacrifice of peace-offering.",score>=12; importance=high; decisions=4; footnotes=4; logos=1; logos_reco=keep; reco=keep
Psalms 68:14,Psalms,68,14,high,20,1,1,0,0,,4,0,0,0,0,0,0,0,0,,,0,0,0,0,,,0,,,,,,,keep,"god, lord, mercy, salvation, truth","decisions=1; footnotes=1; reviewed_decisions=1; importance=high; keywords=god, lord, mercy, salvation, truth; crossref_top_vote=4; reco=keep","But as for me, my prayer is to you, Lord, at a time of good pleasure. O God, in the multitude of your mercy hear me in the truth of your salvation.",,score>=12; importance=high; decisions=1; footnotes=1; reco=keep
1 Chronicles 11:2,1 Chronicles,11,2,high,19,1,1,0,0,,6,2,0,0,0,0,0,0,0,,,0,0,0,0,,,0,,,,,,,keep,"god, king, lord, shepherd","decisions=1; footnotes=1; reviewed_decisions=1; importance=high; keywords=god, king, lord, shepherd; crossref_top_vote=6; reco=keep","Even yesterday and third day, when Saul was king, you were one bringing Israel out and bringing it in, and Lord your God said to you, You shall shepherd my people Israel, and you shall be ruler over Israel.","And heretofore when Saul was king, thou wast he that led Israel in and out, and the Lord of Israel said to thee, Thou shalt feed my people Israel, and thou shalt be for a ruler over Israel.",score>=12; importance=high; decisions=1; footnotes=1; reco=keep
2 Kings 10:31,2 Kings,10,31,high,19,1,1,0,0,,7,1,0,0,0,0,0,0,0,,,0,0,0,0,,,0,,,,,,,keep,"god, law, lord, sin","decisions=1; footnotes=1; reviewed_decisions=1; importance=high; keywords=god, law, lord, sin; crossref_top_vote=7; reco=keep","And Iou was not careful to walk in the law of the Lord God of Israel with all his heart. He did not turn from the sins of Ieroboam son of Nabat, who made Israel sin.","But Ju took no heed to walk in the law of the Lord God of Israel with all his heart: he departed not from following the sins of Jeroboam, who made Israel to sin.",score>=12; importance=high; decisions=1; footnotes=1; reco=keep
2 Kings 18:12,2 Kings,18,12,high,19,1,1,0,0,,2,4,0,0,0,0,0,0,0,,keep,0,0,0,0,,,0,,,,,,,keep,"covenant, god, lord, servant","decisions=1; footnotes=1; reviewed_decisions=1; importance=high; keywords=covenant, god, lord, servant; crossref_top_vote=2; eng_reco=keep; reco=keep","because they did not listen to the voice of the Lord their God and transgressed his covenant, all that Moses the servant of the Lord commanded, and they did not listen and did not do it.","because they hearkened not to the voice of the Lord their God, and transgressed his covenant, even in all things that Moses the servant of the Lord commanded, and hearkened not to them, nor did them.",score>=12; importance=high; decisions=1; footnotes=1; eng_reco=keep; reco=keep
2 Kings 1:3,2 Kings,1,3,high,19,1,1,0,0,,7,3,0,0,0,0,0,0,0,,,0,0,0,0,,,0,,,,,,,keep,"angel, god, king, lord","decisions=1; footnotes=1; reviewed_decisions=1; importance=high; keywords=angel, god, king, lord; crossref_top_vote=7; reco=keep","And angel of the Lord spoke to Elijah the Thesbite, saying, Rise, come to meet the messengers of Ochozias king of Samaria, and you will speak to them, Is it because there is no God in Israel that you are going to seek in Baal of flies, god of Akkarōn?","And an angel of the Lord called Eliu the Thesbite, saying, Arise, and go to meet the messengers of Ochozias king of Samaria, and thou shalt say to them, Is it because there is no God in Israel, that ye go to enquire of Baal fly, the god of Accaron? but it shall not be so.",score>=12; importance=high; decisions=1; footnotes=1; reco=keep
2 Samuel 12:7,2 Samuel,12,7,high,19,1,1,0,0,,6,1,0,0,0,0,0,0,0,,,0,0,0,0,,,0,,,,,,,keep,"anointed, god, king, lord","decisions=1; footnotes=1; reviewed_decisions=1; importance=high; keywords=anointed, god, king, lord; crossref_top_vote=6; reco=keep","And Nathan said to David, You are the man who did this. Thus says the Lord God of Israel: I am the one who anointed you as king over Israel, and I am the one who delivered you from the hand of Saoul,","And Nathan said to David, Thou art the man that has done this. Thus says the Lord God of Israel, I anointed thee to be king over Israel, and I rescued thee out of the hand of Saul;",score>=12; importance=high; decisions=1; footnotes=1; reco=keep
Amos 5:15,Amos,5,15,high,19,1,1,0,0,,11,4,0,0,0,0,0,0,0,,,0,0,0,0,,,0,,,,,,,keep,"god, judgment, lord, mercy","decisions=1; footnotes=1; reviewed_decisions=1; importance=high; keywords=god, judgment, lord, mercy; crossref_top_vote=11; reco=keep","We hated evil things and loved good things, and restore judgment in gates, so that Lord God Almighty may show mercy to remnant of Joseph.",,score>=12; importance=high; decisions=1; footnotes=1; reco=keep
Amos 9:1,Amos,9,1,high,19,1,1,0,0,,5,2,0,0,0,0,0,0,0,,keep,0,0,0,0,,,0,,,,,,,keep,"altar, being, lord, mercy","decisions=1; footnotes=1; reviewed_decisions=1; importance=high; keywords=altar, being, lord, mercy; crossref_top_vote=5; eng_reco=keep; reco=keep","I saw the Lord standing upon the altar, and he said, Strike upon the mercy-seat, and the foregates will be shaken; cut through into heads of all, and the remnant of them I will kill with sword. No one fleeing from them will flee away, and no one being rescued from them will be saved.",,score>=12; importance=high; decisions=1; footnotes=1; eng_reco=keep; reco=keep
Daniel 3:28,Daniel,3,28,high,19,1,1,0,0,,14,3,0,0,0,0,0,0,0,,keep,0,0,0,0,,,0,,,,,,,keep,"angel, god, king, lord","decisions=1; footnotes=1; reviewed_decisions=1; importance=high; keywords=angel, god, king, lord; crossref_top_vote=14; eng_reco=keep; reco=keep","And king Nebuchadnezzar answered and said, Blessed is Lord God of Shadrach, Meshach, and Abednego, who sent his angel and saved his servants who hoped in him. For they set aside command of the king and gave their bodies over to burning so that they would not serve or worship another god except their own God.",,score>=12; importance=high; decisions=1; footnotes=1; eng_reco=keep; reco=keep
Daniel 4:22,Daniel,4,22,high,19,1,1,0,0,,4,1,0,0,0,0,0,0,0,,keep,0,0,0,0,,,0,,,,,,,keep,"being, god, holy, king","decisions=1; footnotes=1; reviewed_decisions=1; importance=high; keywords=being, god, holy, king; crossref_top_vote=4; eng_reco=keep; reco=keep","And as for that tree being lifted up and coming near heaven and its trunk touching clouds, you, king, were exalted above all humans on face of whole earth. Your heart was lifted up in pride, and in strength your works were shown against the Holy One and his angels, because you laid waste house of living God because of sins of his consecrated people.",,score>=12; importance=high; decisions=1; footnotes=1; eng_reco=keep; reco=keep
Daniel 4:33,Daniel,4,33,high,19,1,1,0,0,,3,1,0,0,0,0,0,0,0,,keep,0,0,0,0,,,0,,,,,,,keep,"god, king, lord, soul","decisions=1; footnotes=1; reviewed_decisions=1; importance=high; keywords=god, king, lord, soul; crossref_top_vote=3; eng_reco=keep; reco=keep","By morning all these things will be completed upon you, Nebuchadnezzar king of Babylon, and none of them will fail. I, Nebuchadnezzar king of Babylon, was bound for seven years; they fed me grass like an ox, and I ate from herbs of the earth. And after seven years I gave my soul to prayer and begged concerning my sins before Lord God of heaven, and concerning my ignorances I prayed to God of gods, the great one. And my hair became like eagle feathers, and my nails like those of a lion. My flesh was changed, and my heart; I walked naked among beasts of the earth. I saw a dream, and thoughts seized me, and after a time much sleep took me and drowsiness fell upon me.",,score>=12; importance=high; decisions=1; footnotes=1; eng_reco=keep; reco=keep
Daniel 4:34,Daniel,4,34,high,19,1,1,0,0,,9,1,0,0,0,0,0,0,0,,,0,0,0,0,,,0,,,,,,,keep,"angel, glory, god, holy","decisions=1; footnotes=1; reviewed_decisions=1; importance=high; keywords=angel, glory, god, holy; crossref_top_vote=9; reco=keep","And at completion of the seven years, time of my release came, and my sins and my ignorances were filled up before God of heaven, and I prayed concerning my ignorances to God of gods, the great one, and behold, an angel called to me from heaven, saying, Nebuchadnezzar, serve God of heaven, the Holy One, and give glory to the Most High; kingdom of your nation is restored to you.",,score>=12; importance=high; decisions=1; footnotes=1; reco=keep
Ezekiel 20:39,Ezekiel,20,39,high,19,1,1,0,0,,3,1,0,0,0,0,0,0,0,,,0,0,0,0,,,0,,,,,,,keep,"god, holy, lord, name","decisions=1; footnotes=1; reviewed_decisions=1; importance=high; keywords=god, holy, lord, name; crossref_top_vote=3; reco=keep","And you, house of Israel, thus says Lord God: Each one, cast away his practices, and after these things, if you do not listen to me, you will no longer profane my holy name with your gifts and with your practices.",,score>=12; importance=high; decisions=1; footnotes=1; reco=keep
Ezekiel 43:19,Ezekiel,43,19,high,19,1,1,0,0,,5,1,0,0,0,0,0,0,0,,,0,0,0,0,,,0,,,,,,,keep,"god, lord, seed, sin","decisions=1; footnotes=1; reviewed_decisions=1; importance=high; keywords=god, lord, seed, sin; crossref_top_vote=5; reco=keep","And you will give to the Levitical priests, from seed of Zadok, those drawing near to me to minister to me, says Lord God, a young bull from the herd for sin.",,score>=12; importance=high; decisions=1; footnotes=1; reco=keep
Ezekiel 44:15,Ezekiel,44,15,high,19,1,1,0,0,,5,1,0,0,0,0,0,0,0,,,0,0,0,0,,,0,,,,,,,keep,"god, holy, lord, sacrifice","decisions=1; footnotes=1; reviewed_decisions=1; importance=high; keywords=god, holy, lord, sacrifice; crossref_top_vote=5; reco=keep","But the Levitical priests, sons of Zadok, who kept the charges of my holy things when the house of Israel went astray from me, they will come near me to minister to me and stand before me to offer me sacrifice, fat and blood, says Lord God.",,score>=12; importance=high; decisions=1; footnotes=1; reco=keep
Ezekiel 45:9,Ezekiel,45,9,high,19,1,1,0,0,,6,2,0,0,0,0,0,0,0,,,0,0,0,0,,,0,,,,,,,keep,"god, judgment, lord, righteousness","decisions=1; footnotes=1; reviewed_decisions=1; importance=high; keywords=god, judgment, lord, righteousness; crossref_top_vote=6; reco=keep","Thus says Lord God: Enough for you, rulers of Israel. Remove injustice and misery; do judgment and righteousness; remove oppression from my people, says Lord God.",,score>=12; importance=high; decisions=1; footnotes=1; reco=keep
Ezra 10:3,Ezra,10,3,high,19,1,1,0,0,,8,1,0,0,0,0,0,0,0,,keep,0,0,0,0,,,0,,,,,,,keep,"covenant, god, law, offspring","decisions=1; footnotes=1; reviewed_decisions=1; importance=high; keywords=covenant, god, law, offspring; crossref_top_vote=8; eng_reco=keep; reco=keep","And now let us make a covenant with our God to put out all the women and those born from them, according to your counsel. Rise and warn them in commandments of our God, and let it be according to law.","Now then let us make a covenant with our God to put away all the wives, and their offspring, as thou shalt advise:",score>=12; importance=high; decisions=1; footnotes=1; eng_reco=keep; reco=keep
Ezra 6:3,Ezra,6,3,high,19,1,1,0,0,,4,1,0,0,0,0,0,0,0,,,0,0,0,0,,,0,,,,,,,keep,"god, holy, king, sacrifice","decisions=1; footnotes=1; reviewed_decisions=1; importance=high; keywords=god, holy, king, sacrifice; crossref_top_vote=4; reco=keep","In first year of King Cyrus, Cyrus the king set decree concerning house of God in Ierousalem: Let the house be built, and the place where they sacrifice the offerings. And he set its height at sixty cubits and its breadth at sixty cubits,","In the first year of king Cyrus, Cyrus the king made a decree concerning the holy house of God that was in Jerusalem, saying, Let the house be built, and the place where they sacrifice the sacrifices. (Also he appointed its elevation, in height sixty cubits; its breadth was of sixty cubits.)",score>=12; importance=high; decisions=1; footnotes=1; reco=keep
Ezra 7:12,Ezra,7,12,high,19,1,1,0,0,,5,1,0,0,0,0,0,0,0,,,0,0,0,0,,,0,,,,,,,keep,"god, king, law, lord","decisions=1; footnotes=1; reviewed_decisions=1; importance=high; keywords=god, king, law, lord; crossref_top_vote=5; reco=keep","Arthasastha, king of kings, to Ezra, scribe of law of God of heaven: the matter is settled, and this the answer.","Arthasastha, king of kings, to Esdras, the scribe of the law of the Lord God of heaven, Let the order and the answer be accomplished.",score>=12; importance=high; decisions=1; footnotes=1; reco=keep
Ezra 7:6,Ezra,7,6,high,19,1,1,0,0,,13,1,0,0,0,0,0,0,0,,,0,0,0,0,,,0,,,,,,,keep,"god, king, law, lord","decisions=1; footnotes=1; reviewed_decisions=1; importance=high; keywords=god, king, law, lord; crossref_top_vote=13; reco=keep","This Ezra came up from Babylon, and he was a quick scribe in law of Moses, which Lord God of Israel gave, and the king gave to him because hand of Lord his God was upon him in all he sought.","This Esdras went up out of Babylon; and he was a ready scribe in the law of Moses, which the Lord God of Israel gave: and the king gave him leave, for the hand of the Lord his God was upon him in all things which he sought.",score>=12; importance=high; decisions=1; footnotes=1; reco=keep
Habakkuk 2:4,Habakkuk,2,4,high,19,1,1,0,0,,68,7,0,0,0,0,0,0,0,,keep,0,0,0,0,,,0,,,,,,,keep,"faith, righteous, soul","decisions=1; footnotes=1; reviewed_decisions=1; importance=high; keywords=faith, righteous, soul; crossref_top_vote=68; eng_reco=keep; reco=keep","If he should draw back, my soul has no pleasure in him; but the righteous one will live by my faith.",,score>=12; importance=high; decisions=1; footnotes=1; eng_reco=keep; reco=keep
Haggai 1:14,Haggai,1,14,high,19,1,1,0,0,,6,1,0,2,2,0,0,0,0,,keep,0,0,0,0,,,0,,,,,,,keep,"god, lord, priest, spirit","decisions=1; footnotes=1; reviewed_decisions=1; importance=high; keywords=god, lord, priest, spirit; crossref_top_vote=6; eng=fresh:2/brenton:0/mt:0; eng_reco=keep; reco=keep","The Lord stirred the spirit of Zerubbabel son of Salathiel from tribe of Judah, and the spirit of Jeshua son of Josedek the great priest, and the spirit of remnant of all the people, and they entered and were doing works in the house of the Lord Almighty their God,",,score>=12; importance=high; decisions=1; footnotes=1; eng=2; eng_reco=keep; reco=keep
Haggai 2:9,Haggai,2,9,high,19,1,1,0,0,,18,4,0,0,0,0,0,0,0,,keep,0,0,0,0,,,0,,,,,,,keep,"glory, lord, peace, soul","decisions=1; footnotes=1; reviewed_decisions=1; importance=high; keywords=glory, lord, peace, soul; crossref_top_vote=18; eng_reco=keep; reco=keep","Latter glory of this house will be greater than first, says Lord Almighty, and in this place I will give peace, says Lord Almighty, and peace of soul for preservation to everyone building to raise this temple.",,score>=12; importance=high; decisions=1; footnotes=1; eng_reco=keep; reco=keep
Hosea 13:4,Hosea,13,4,high,19,1,1,0,0,,13,1,0,0,0,0,0,0,0,,,0,0,0,0,,,0,,,,,,,keep,"created, god, lord, savior","decisions=1; footnotes=1; reviewed_decisions=1; importance=high; keywords=created, god, lord, savior; crossref_top_vote=13; reco=keep","But I am Lord your God, establishing heaven and creating earth, whose hands created all army of heaven, and I did not show them to you for you to go after them. And I brought you up from land of Egypt, and besides me you will know no god, and there is no savior except me.",,score>=12; importance=high; decisions=1; footnotes=1; reco=keep
Hosea 4:1,Hosea,4,1,high,19,1,1,0,0,,7,1,0,0,0,0,0,0,0,,,0,0,0,0,,,0,,,,,,,keep,"god, lord, mercy, truth","decisions=1; footnotes=1; reviewed_decisions=1; importance=high; keywords=god, lord, mercy, truth; crossref_top_vote=7; reco=keep","Hear word of Lord, sons of Israel, because Lord has a case against inhabitants of the land, because there is no truth nor mercy nor knowledge of God upon the land.",,score>=12; importance=high; decisions=1; footnotes=1; reco=keep
Hosea 4:6,Hosea,4,6,high,19,1,1,0,0,,84,2,0,0,0,0,0,0,0,,,0,0,0,0,,,0,,,,,,,keep,"god, law, priest","decisions=1; footnotes=1; reviewed_decisions=1; importance=high; keywords=god, law, priest; crossref_top_vote=84; reco=keep","My people became like those having no knowledge. Because you rejected knowledge, I also will reject you from serving as priest to me. And you forgot law of your God; I also will forget your children.",,score>=12; importance=high; decisions=1; footnotes=1; reco=keep
Hosea 6:6,Hosea,6,6,high,19,1,1,0,0,,62,2,0,0,0,0,0,0,0,,,0,0,0,0,,,0,,,,,,,keep,"god, mercy, sacrifice","decisions=1; footnotes=1; reviewed_decisions=1; importance=high; keywords=god, mercy, sacrifice; crossref_top_vote=62; reco=keep","Because I want mercy and not sacrifice, and knowledge of God rather than burnt offerings.",,score>=12; importance=high; decisions=1; footnotes=1; reco=keep
Job 1:1,Job,1,1,high,19,1,1,0,0,,51,1,0,0,0,0,0,0,0,,keep,0,0,0,0,,,0,,,,,,,keep,"god, name, righteous","decisions=1; footnotes=1; reviewed_decisions=1; importance=high; keywords=god, name, righteous; crossref_top_vote=51; eng_reco=keep; reco=keep","There was a certain man in the land of Ausitis, whose name was Iōb, and that man was true, blameless, righteous, god-fearing, turning away from every evil thing.",,score>=12; importance=high; decisions=1; footnotes=1; eng_reco=keep; reco=keep
Joshua 22:34,Joshua,22,34,high,19,1,1,0,0,,4,1,0,3,3,0,0,0,0,,keep,0,0,0,0,,,0,,,,,,,keep,"altar, god, lord, name","decisions=1; footnotes=1; reviewed_decisions=1; importance=high; keywords=altar, god, lord, name; crossref_top_vote=4; eng=fresh:3/brenton:0/mt:0; eng_reco=keep; reco=keep","And Joshua named the altar of the Reubenites and the Gadites and the half tribe of Manasseh, and said, It is a witness between them that the Lord is their God.","And Joshua gave a name to the altar of the children of Ruben, and the children of Gad, and of the half tribe of Manasse; and said, It is a testimony in the midst of them, that the Lord is their God.",score>=12; importance=high; decisions=1; footnotes=1; eng=3; eng_reco=keep; reco=keep
Malachi 1:6,Malachi,1,6,high,19,1,1,0,0,,61,4,0,0,0,0,0,0,0,,,0,0,0,0,,,0,,,,,,,keep,"lord, name, servant","decisions=1; footnotes=1; reviewed_decisions=1; importance=high; keywords=lord, name, servant; crossref_top_vote=61; reco=keep","A son honors father and a servant his master. If I am father, where is my honor? And if I am Lord, where is my fear? says Lord Almighty to you, priests despising my name. And you said, In what have we despised your name?",,score>=12; importance=high; decisions=1; footnotes=1; reco=keep
Malachi 2:7,Malachi,2,7,high,19,1,1,0,0,,13,5,0,0,0,0,0,0,0,,,0,0,0,0,,,0,,,,,,,keep,"law, lord, messenger, priest","decisions=1; footnotes=1; reviewed_decisions=1; importance=high; keywords=law, lord, messenger, priest; crossref_top_vote=13; reco=keep","Because lips of priest will guard knowledge, and law they will seek from his mouth, because he is messenger of Lord Almighty.",,score>=12; importance=high; decisions=1; footnotes=1; reco=keep
Nehemiah 4:3,Nehemiah,4,3,high,19,2,2,0,0,,3,0,0,0,0,0,0,0,0,,,0,0,0,0,,,0,,,,,,,keep,"god, sacrifice","decisions=2; footnotes=2; reviewed_decisions=2; importance=high; keywords=god, sacrifice; crossref_top_vote=3; reco=keep",And we prayed to our God and set guards over them day and night because of them.,"And Tobias the Ammanite came near to him, and said to them, Do they sacrifice or eat in their place? shall not a fox go up and pull down their wall of stones?",score>=12; importance=high; decisions=2; footnotes=2; reco=keep
Nehemiah 9:5,Nehemiah,9,5,high,19,1,1,0,0,,5,3,0,0,0,0,0,0,0,,,0,0,0,0,,,0,,,,,,,keep,"glory, god, lord, name","decisions=1; footnotes=1; reviewed_decisions=1; importance=high; keywords=glory, god, lord, name; crossref_top_vote=5; reco=keep","And the Levites, Iesous and Kadmiel, said, Rise, bless the Lord your God from age to age, and they will bless name of your glory and will exalt it above every blessing and praise.","And the Levites, Jesus and Cadmiel, said, Rise up, bless the Lord our God forever and ever: and let them bless thy glorious name, and exalt it with all blessing and praise.",score>=12; importance=high; decisions=1; footnotes=1; reco=keep
Numbers 6:11,Numbers,6,11,high,19,2,2,0,0,,2,0,0,0,0,0,0,0,0,,,0,0,0,0,,,0,,,,,,,keep,"priest, sin","decisions=2; footnotes=2; reviewed_decisions=1; importance=high; keywords=priest, sin; crossref_top_vote=2; reco=keep","And the priest shall make one a sin offering and one a whole burnt offering, and the priest shall make atonement for him for what he sinned concerning the dead person, and he shall sanctify his head on that day.","And the priest shall offer one for a sin-offering; and the other for a whole-burnt-offering; and the priest shall make atonement for him in the things wherein he sinned respecting the dead body, and he shall sanctify his head in that day,",score>=12; importance=high; decisions=2; footnotes=2; reco=keep
Proverbs 29:23,Proverbs,29,23,high,19,2,2,0,0,,201,4,0,0,0,0,0,0,0,,,0,0,0,0,,,0,,,,,,,keep,,decisions=2; footnotes=2; reviewed_decisions=2; importance=high; crossref_top_vote=201; reco=keep,Her husband becomes conspicuous in gates whenever he sits in council with elders dwelling in land.,,score>=12; importance=high; decisions=2; footnotes=2; reco=keep
Proverbs 29:23,Proverbs,29,23,high,19,2,2,0,0,,201,4,0,0,0,0,0,0,0,,,0,0,0,0,,,0,,,,,,,keep,,decisions=2; footnotes=2; reviewed_decisions=2; importance=high; crossref_top_vote=201; reco=keep,Her husband becomes conspicuous in gates whenever he sits in council with elders dwelling in land.,,score>=12; importance=high; decisions=2; footnotes=2; reco=keep
Proverbs 3:16,Proverbs,3,16,high,19,1,1,0,0,,14,4,0,0,0,0,0,0,0,,,0,0,0,0,,,0,,,,,,,keep,"glory, law, mercy, righteousness","decisions=1; footnotes=1; reviewed_decisions=1; importance=high; keywords=glory, law, mercy, righteousness; crossref_top_vote=14; reco=keep","For length of life and years of life are in her right hand; in her left are riches and glory. From her mouth comes righteousness, and law and mercy she carries on her tongue.",,score>=12; importance=high; decisions=1; footnotes=1; reco=keep
Proverbs 9:10,Proverbs,9,10,high,19,1,1,0,0,,72,2,0,0,0,0,0,0,0,,,0,0,0,0,,,0,,,,,,,keep,"holy, law, lord","decisions=1; footnotes=1; reviewed_decisions=1; importance=high; keywords=holy, law, lord; crossref_top_vote=72; reco=keep","Beginning of wisdom fear of Lord, and counsel of holy ones understanding. For knowing law belongs to good mind.",,score>=12; importance=high; decisions=1; footnotes=1; reco=keep
Zechariah 14:5,Zechariah,14,5,high,19,1,1,0,0,,9,5,0,0,0,0,0,0,0,,,0,0,0,0,,,0,,,,,,,keep,"god, holy, king, lord","decisions=1; footnotes=1; reviewed_decisions=1; importance=high; keywords=god, holy, king, lord; crossref_top_vote=9; reco=keep","And ravine of my mountains will be blocked up, and ravine of mountains will cling together as far as Iasol, and it will be blocked as it was blocked in days of earthquake in days of Uzziah king of Judah, and Lord my God will come and all holy ones with him.",,score>=12; importance=high; decisions=1; footnotes=1; reco=keep
Ezekiel 18:20,Ezekiel,18,20,high,18,1,1,0,0,,39,2,0,0,0,0,0,0,0,,,0,0,0,0,,,0,,,,,,,keep,"righteous, righteousness, soul","decisions=1; footnotes=1; reviewed_decisions=1; importance=high; keywords=righteous, righteousness, soul; crossref_top_vote=39; reco=keep","And soul sinning will die, but son will not bear injustice of his father, nor father bear injustice of his son. Righteousness of righteous one will be upon him, and lawlessness of lawless one will be upon him.",,score>=12; importance=high; decisions=1; footnotes=1; reco=keep
Ezra 7:21,Ezra,7,21,high,18,1,1,0,0,,4,0,0,0,0,0,0,0,0,,,0,0,0,0,,,0,,,,,,,keep,"god, king, law, priest","decisions=1; footnotes=1; reviewed_decisions=1; importance=high; keywords=god, king, law, priest; crossref_top_vote=4; reco=keep","And from me, I Arthasastha the king, set decree to all treasuries beyond the River, that whatever Ezra the priest and scribe of law of God of heaven asks from you, let it be promptly done,","and from me, whatever it shall seem good to thee to give.",score>=12; importance=high; decisions=1; footnotes=1; reco=keep
Ezra 7:26,Ezra,7,26,high,18,1,1,0,0,,7,0,0,0,0,0,0,0,0,,,0,0,0,0,,,0,,,,,,,keep,"god, judgment, king, law","decisions=1; footnotes=1; reviewed_decisions=1; importance=high; keywords=god, judgment, king, law; crossref_top_vote=7; reco=keep","And everyone who is not doing law of your God and law of the king, judgment shall promptly be carried out from him, whether to death or to discipline or to confiscation of substance or to bonds.","And whosoever shall not do the law of God, and the law of the king readily, judgment shall be taken upon him, whether for death or for chastisement, or for a fine of his property, or casting into prison.",score>=12; importance=high; decisions=1; footnotes=1; reco=keep
Habakkuk 1:12,Habakkuk,1,12,high,18,1,1,0,0,,10,0,0,0,0,0,0,0,0,,,0,0,0,0,,,0,,,,,,,keep,"god, holy, judgment, lord","decisions=1; footnotes=1; reviewed_decisions=1; importance=high; keywords=god, holy, judgment, lord; crossref_top_vote=10; reco=keep","Are you not from the beginning, Lord my God, my Holy One? And surely we shall not die. Lord, you appointed him for judgment, and he formed me to reprove his discipline.",,score>=12; importance=high; decisions=1; footnotes=1; reco=keep
Habakkuk 3:18,Habakkuk,3,18,high,18,1,1,0,0,,33,2,0,0,0,0,0,0,0,,,0,0,0,0,,,0,,,,,,,keep,"god, lord, savior","decisions=1; footnotes=1; reviewed_decisions=1; importance=high; keywords=god, lord, savior; crossref_top_vote=33; reco=keep",But I will exult in Lord; I will rejoice in God my savior.,,score>=12; importance=high; decisions=1; footnotes=1; reco=keep
Joel 2:13,Joel,2,13,high,18,1,1,0,0,,29,2,0,0,0,0,0,0,0,,,0,0,0,0,,,0,,,,,,,keep,"god, lord, mercy","decisions=1; footnotes=1; reviewed_decisions=1; importance=high; keywords=god, lord, mercy; crossref_top_vote=29; reco=keep","And tear your hearts and not your garments, and return to the Lord your God, because he is merciful and compassionate, long-suffering and rich in mercy and relenting over calamities.",,score>=12; importance=high; decisions=1; footnotes=1; reco=keep
Joel 2:14,Joel,2,14,high,18,1,1,0,0,,11,0,0,0,0,0,0,0,0,,,0,0,0,0,,,0,,,,,,,keep,"god, lord, repent, sacrifice","decisions=1; footnotes=1; reviewed_decisions=1; importance=high; keywords=god, lord, repent, sacrifice; crossref_top_vote=11; reco=keep","Who knows whether he will turn and repent and leave behind him blessing, sacrifice, and drink offering to the Lord our God?",,score>=12; importance=high; decisions=1; footnotes=1; reco=keep
Joel 2:23,Joel,2,23,high,18,1,1,0,0,,49,2,0,0,0,0,0,0,0,,,0,0,0,0,,,0,,,,,,,keep,"god, lord, righteousness","decisions=1; footnotes=1; reviewed_decisions=1; importance=high; keywords=god, lord, righteousness; crossref_top_vote=49; reco=keep","And children of Zion, rejoice and be glad in Lord your God, because he gave you foods in righteousness, and he will rain on you early and latter rain as before.",,score>=12; importance=high; decisions=1; footnotes=1; reco=keep
Joshua 23:10,Joshua,23,10,high,18,1,1,0,0,,738,1,0,0,0,0,0,0,0,,,0,0,0,0,,,0,,,,,,,keep,"god, lord","decisions=1; footnotes=1; reviewed_decisions=1; importance=high; keywords=god, lord; crossref_top_vote=738; reco=keep","One of you chased a thousand, because the Lord your God was fighting for you, just as he said to you.","One of you has chased a thousand, for the Lord our God, he fought for you, as he said to you.",score>=12; importance=high; decisions=1; footnotes=1; reco=keep
Judges 15:6,Judges,15,6,high,18,4,4,0,0,,6,1,0,0,0,0,0,0,0,,,0,0,0,0,,,0,,,,,,,keep,law,decisions=4; footnotes=4; reviewed_decisions=4; importance=high; keywords=law; crossref_top_vote=6; reco=keep,"And the foreigners said, Who did this? And they said, Sampsōn, son-in-law of the Thamnathite, because he took his wife and gave her to his companion. And the foreigners went up and burned the house of her father and her and her father with fire.","And the Philistines said, Who has done these things? and they said, Sampson the son-in-law of the Thamnite, because he has taken his wife, and given her to one of his friends; and the Philistines went up, and burnt her and her father's house with fire.",score>=12; importance=high; decisions=4; footnotes=4; reco=keep
Judges 21:4,Judges,21,4,high,18,1,1,0,0,,5,1,1,0,0,0,0,0,0,,,0,0,0,0,,,1,soteria-sacrifice-formula,AutoComplete.db WordSense; Bible Word Study; Factbook; recent history,lexical_support,salvation-shaped rendering,high,keep,keep,"altar, peace, salvation","decisions=1; footnotes=1; reviewed_decisions=1; importance=high; keywords=altar, peace, salvation; crossref_top_vote=5; crossref_shared_family=1; logos=1; logos_reco=keep; logos_flags=lexical_support; logos_support=salvation-shaped rendering; reco=keep","And it came to be on the next day, the people rose early and built there an altar and offered whole burnt offerings of salvation.","And it came to pass on the morrow that the people rose up early, and built there an altar, and offered up whole-burnt-offerings and peace-offerings.",score>=12; importance=high; decisions=1; footnotes=1; logos=1; logos_reco=keep; reco=keep
Judges 6:34,Judges,6,34,high,18,1,1,0,0,,8,2,0,3,1,2,0,0,0,unclear,keep,0,0,0,0,,,0,,,,,,,keep,"god, lord, spirit","decisions=1; footnotes=1; reviewed_decisions=1; importance=high; keywords=god, lord, spirit; crossref_top_vote=8; eng=fresh:1/brenton:2/mt:0; eng_reco=keep; eng_flags=unclear; reco=keep","And the Spirit of God clothed Gideon, and he sounded the horn, and Abiezer cried out after him.","And the Spirit of the Lord came upon Gedeon, and he blew with the horn, and Abiezer came to help after him.",score>=12; importance=high; decisions=1; footnotes=1; eng=3; eng_reco=keep; reco=keep
Malachi 2:10,Malachi,2,10,high,18,1,1,0,0,,42,3,0,0,0,0,0,0,0,,,0,0,0,0,,,0,,,,,,,keep,"covenant, create, god","decisions=1; footnotes=1; reviewed_decisions=1; importance=high; keywords=covenant, create, god; crossref_top_vote=42; reco=keep","Did not one God create you? Is not one father of all you? Why does each abandon his brother, to profane covenant of your fathers?",,score>=12; importance=high; decisions=1; footnotes=1; reco=keep
Malachi 3:1,Malachi,3,1,high,18,1,1,0,0,,21,5,0,0,0,0,0,0,0,,,0,0,0,0,,,0,,,,,,,keep,"covenant, lord, messenger","decisions=1; footnotes=1; reviewed_decisions=1; importance=high; keywords=covenant, lord, messenger; crossref_top_vote=21; reco=keep","Behold, I send my messenger, and he will look on way before my face, and suddenly Lord whom you seek will come into his own temple, and messenger of covenant whom you want. Behold, he comes, says Lord Almighty.",,score>=12; importance=high; decisions=1; footnotes=1; reco=keep
Malachi 3:5,Malachi,3,5,high,18,1,1,0,0,,28,5,0,0,0,0,0,0,0,,,0,0,0,0,,,0,,,,,,,keep,"judgment, lord, name","decisions=1; footnotes=1; reviewed_decisions=1; importance=high; keywords=judgment, lord, name; crossref_top_vote=28; reco=keep","And I will come near to you in judgment and be swift witness against sorceresses and adulteresses and those swearing falsely by my name and those withholding wage of hired worker and oppressing widow and striking orphan and turning aside judgment of sojourner and not fearing me, says Lord Almighty.",,score>=12; importance=high; decisions=1; footnotes=1; reco=keep
Malachi 3:6,Malachi,3,6,high,18,1,1,0,0,,108,3,0,0,0,0,0,0,0,,,0,0,0,0,,,0,,,,,,,keep,"god, lord","decisions=1; footnotes=1; reviewed_decisions=1; importance=high; keywords=god, lord; crossref_top_vote=108; reco=keep","Because I am Lord your God and do not change, and you sons of Jacob have not ceased.",,score>=12; importance=high; decisions=1; footnotes=1; reco=keep
Micah 6:7,Micah,6,7,high,18,1,1,0,0,,7,0,0,0,0,0,0,0,0,,,0,0,0,0,,,0,,,,,,,keep,"firstborn, lord, sin, soul","decisions=1; footnotes=1; reviewed_decisions=1; importance=high; keywords=firstborn, lord, sin, soul; crossref_top_vote=7; reco=keep","Will Lord accept thousands of rams or tens of thousands of torrents of fat? Shall I give my firstborn for impiety, fruit of my womb for sin of my soul?",,score>=12; importance=high; decisions=1; footnotes=1; reco=keep
Micah 7:7,Micah,7,7,high,18,1,1,0,0,,45,1,0,0,0,0,0,0,0,,,0,0,0,0,,,0,,,,,,,keep,"god, lord, savior","decisions=1; footnotes=1; reviewed_decisions=1; importance=high; keywords=god, lord, savior; crossref_top_vote=45; reco=keep",But I will look to Lord; I will wait for God my savior; my God will hear me.,,score>=12; importance=high; decisions=1; footnotes=1; reco=keep
Proverbs 10:3,Proverbs,10,3,high,18,1,1,0,0,,20,2,0,0,0,0,0,0,0,,,0,0,0,0,,,0,,,,,,,keep,"lord, righteous, soul","decisions=1; footnotes=1; reviewed_decisions=1; importance=high; keywords=lord, righteous, soul; crossref_top_vote=20; reco=keep","Lord will not starve righteous soul, but life of ungodly he will overthrow.",,score>=12; importance=high; decisions=1; footnotes=1; reco=keep
Proverbs 3:9,Proverbs,3,9,high,18,1,1,0,0,,33,3,0,0,0,0,0,0,0,,,0,0,0,0,,,0,,,,,,,keep,"lord, righteous, righteousness","decisions=1; footnotes=1; reviewed_decisions=1; importance=high; keywords=lord, righteous, righteousness; crossref_top_vote=33; reco=keep",Honor Lord from your righteous labors and offer firstfruits to him from fruits of your righteousness.,,score>=12; importance=high; decisions=1; footnotes=1; reco=keep
Zechariah 14:9,Zechariah,14,9,high,18,1,1,0,0,,28,2,0,0,0,0,0,0,0,,,0,0,0,0,,,0,,,,,,,keep,"king, lord, name","decisions=1; footnotes=1; reviewed_decisions=1; importance=high; keywords=king, lord, name; crossref_top_vote=28; reco=keep","And Lord will be king over all earth; in that day Lord will be one, and his name one.",,score>=12; importance=high; decisions=1; footnotes=1; reco=keep
Zechariah 4:6,Zechariah,4,6,high,18,1,1,0,0,,170,2,0,0,0,0,0,0,0,,,0,0,0,0,,,0,,,,,,,keep,"lord, spirit","decisions=1; footnotes=1; reviewed_decisions=1; importance=high; keywords=lord, spirit; crossref_top_vote=170; reco=keep","And he answered and said to me: This is word of Lord to Zerubbabel, saying: Not by great power nor by might, but by my Spirit, says Lord Almighty.",,score>=12; importance=high; decisions=1; footnotes=1; reco=keep
Amos 2:7,Amos,2,7,high,17,1,1,0,0,,5,1,0,0,0,0,0,0,0,,,0,0,0,0,,,0,,,,,,,keep,"god, name, servant","decisions=1; footnotes=1; reviewed_decisions=1; importance=high; keywords=god, name, servant; crossref_top_vote=5; reco=keep","Those trampling heads of the poor into the dust of the earth and turning aside way of humble, and son and father were going in to same servant-girl so as to profane name of their God.",,score>=12; importance=high; decisions=1; footnotes=1; reco=keep
Amos 3:7,Amos,3,7,high,17,1,1,0,0,,66,3,0,0,0,0,0,0,0,,,0,0,0,0,,,0,,,,,,,keep,"god, lord","decisions=1; footnotes=1; reviewed_decisions=1; importance=high; keywords=god, lord; crossref_top_vote=66; reco=keep",Because Lord God will never do a thing unless he reveals his discipline to his servants the prophets.,,score>=12; importance=high; decisions=1; footnotes=1; reco=keep
Ecclesiastes 6:2,Ecclesiastes,6,2,high,17,1,1,0,0,,10,1,0,0,0,0,0,0,0,,,0,0,0,0,,,0,,,,,,,keep,"glory, god, soul","decisions=1; footnotes=1; reviewed_decisions=1; importance=high; keywords=glory, god, soul; crossref_top_vote=10; reco=keep","A man to whom God gives wealth and possessions and glory, so that his soul lacks nothing of all he desires, yet God does not empower him to eat from it, because a foreign man will eat it. This is vanity and grievous sickness.",,score>=12; importance=high; decisions=1; footnotes=1; reco=keep
Esther 2:12,Esther,2,12,high,17,1,1,0,0,,5,2,0,0,0,0,0,0,0,,,0,0,0,0,,,0,,,,,,,keep,"anointed, being, king","decisions=1; footnotes=1; reviewed_decisions=1; importance=high; keywords=anointed, being, king; crossref_top_vote=5; reco=keep","And this was the time for a girl to go in to the king, when she completed twelve months, for thus the days of treatment are completed: six months being anointed with oil of myrrh and six months with spices and with the women's cosmetics.",,score>=12; importance=high; decisions=1; footnotes=1; reco=keep
Habakkuk 2:14,Habakkuk,2,14,high,17,1,1,0,0,,51,1,0,0,0,0,0,0,0,,,0,0,0,0,,,0,,,,,,,keep,"glory, lord","decisions=1; footnotes=1; reviewed_decisions=1; importance=high; keywords=glory, lord; crossref_top_vote=51; reco=keep",Because earth will be filled to know glory of Lord as water will cover them.,,score>=12; importance=high; decisions=1; footnotes=1; reco=keep
Habakkuk 3:2,Habakkuk,3,2,high,17,1,1,0,0,,28,0,0,0,0,0,0,0,0,,,0,0,0,0,,,0,,,,,,,keep,"lord, mercy, soul","decisions=1; footnotes=1; reviewed_decisions=1; importance=high; keywords=lord, mercy, soul; crossref_top_vote=28; reco=keep","Lord, I heard your report and feared. I considered your works and was astonished. You will be known between the two living creatures; you will be acknowledged when the years draw near; you will be manifested when the time is come. When my soul is troubled, in wrath you will remember mercy.",,score>=12; importance=high; decisions=1; footnotes=1; reco=keep
Hosea 2:21,Hosea,2,21,high,17,1,1,0,0,,8,3,0,0,0,0,0,0,0,,,0,0,0,0,,,0,,,,,,,keep,"judgment, mercy, righteousness","decisions=1; footnotes=1; reviewed_decisions=1; importance=high; keywords=judgment, mercy, righteousness; crossref_top_vote=8; reco=keep","And I will betroth you to myself forever, and I will betroth you to myself in righteousness and in judgment and in mercy and in compassions.",,score>=12; importance=high; decisions=1; footnotes=1; reco=keep
Hosea 3:4,Hosea,3,4,high,17,1,1,0,0,,6,1,0,0,0,0,0,0,0,,,0,0,0,0,,,0,,,,,,,keep,"altar, king, sacrifice","decisions=1; footnotes=1; reviewed_decisions=1; importance=high; keywords=altar, king, sacrifice; crossref_top_vote=6; reco=keep",Because many days sons of Israel will sit without king and without ruler and without sacrifice and without altar and without priesthood and without disclosures.,,score>=12; importance=high; decisions=1; footnotes=1; reco=keep
Job 2:3,Job,2,3,high,17,1,1,0,0,,7,4,0,0,0,0,0,0,0,,,0,0,0,0,,,0,,,,,,,keep,"god, lord, servant","decisions=1; footnotes=1; reviewed_decisions=1; importance=high; keywords=god, lord, servant; crossref_top_vote=7; reco=keep","And the Lord said to the slanderer, Did you then give attention to my servant Iōb, because there is no man like him on the earth, innocent, true, blameless, god-fearing, turning away from every evil, and he still holds fast his innocence? Yet you spoke against his possessions to destroy them for nothing.",,score>=12; importance=high; decisions=1; footnotes=1; reco=keep
Job 35:2,Job,35,2,high,17,1,1,0,0,,3,1,0,0,0,0,0,0,0,,,0,0,0,0,,,0,,,,,,,keep,"judgment, lord, righteous","decisions=1; footnotes=1; reviewed_decisions=1; importance=high; keywords=judgment, lord, righteous; crossref_top_vote=3; reco=keep","What is this you counted in judgment, you who said, I am righteous before Lord?",,score>=12; importance=high; decisions=1; footnotes=1; reco=keep
Job 9:2,Job,9,2,high,17,1,1,0,0,,8,1,0,0,0,0,0,0,0,,,0,0,0,0,,,0,,,,,,,keep,"lord, righteous, truth","decisions=1; footnotes=1; reviewed_decisions=1; importance=high; keywords=lord, righteous, truth; crossref_top_vote=8; reco=keep",In truth I know that it is so; for how will a mortal be righteous before the Lord?,,score>=12; importance=high; decisions=1; footnotes=1; reco=keep
Joel 1:13,Joel,1,13,high,17,1,1,0,0,,7,1,0,0,0,0,0,0,0,,,0,0,0,0,,,0,,,,,,,keep,"altar, god, sacrifice","decisions=1; footnotes=1; reviewed_decisions=1; importance=high; keywords=altar, god, sacrifice; crossref_top_vote=7; reco=keep","Gird yourselves and beat yourselves, priests; lament, those serving at altar. Enter, spend the night in sackcloth, those serving God, because sacrifice and drink offering have been kept back from house of your God.",,score>=12; importance=high; decisions=1; footnotes=1; reco=keep
Joel 2:26,Joel,2,26,high,17,1,1,0,0,,12,3,0,0,0,0,0,0,0,,,0,0,0,0,,,0,,,,,,,keep,"god, lord, name","decisions=1; footnotes=1; reviewed_decisions=1; importance=high; keywords=god, lord, name; crossref_top_vote=12; reco=keep","And eating you will eat and be filled and praise name of Lord your God, who did wonders with you, and my people will never be put to shame forever.",,score>=12; importance=high; decisions=1; footnotes=1; reco=keep
Joel 3:5,Joel,3,5,high,17,1,1,4,3,"Acts 2:21, Romans 10:13, 1 Corinthians 1:2, 2 Timothy 2:22",4,0,0,0,0,0,0,0,0,,,12,12,0,0,literal_support,keep,0,,,,,,,keep,"lord, name","decisions=1; footnotes=1; reviewed_decisions=1; importance=high; keywords=lord, name; nt=Acts 2:21, Romans 10:13, 1 Corinthians 1:2, 2 Timothy 2:22; crossref_top_vote=4; nt_eng=support:12/soften:0/mixed:0; nt_eng_reco=keep; nt_eng_flags=literal_support; reco=keep","And it will be that everyone who calls on name of Lord will be saved, because on mount Zion and in Jerusalem there will be survivors, as Lord said, and those bearing good news whom Lord has called.",,score>=12; importance=high; decisions=1; footnotes=1; nt=4; nt_eng=12; nt_eng_reco=keep; reco=keep
Jonah 1:4,Jonah,1,4,high,17,1,1,0,0,,10,1,0,0,0,0,0,0,0,,,0,0,0,0,,,0,,,,,,,keep,"being, lord, wind","decisions=1; footnotes=1; reviewed_decisions=1; importance=high; keywords=being, lord, wind; crossref_top_vote=10; reco=keep","Lord stirred up a wind on sea, and a great surge happened on sea, and ship was in danger of being broken.",,score>=12; importance=high; decisions=1; footnotes=1; reco=keep
Jonah 2:10,Jonah,2,10,high,17,1,1,0,0,,10,2,0,0,0,0,0,0,0,,,0,0,0,0,,,1,soteria-sacrifice-formula,AutoComplete.db WordSense; Bible Word Study; Factbook; recent history,lexical_support,salvation-shaped rendering,high,keep,keep,"lord, sacrifice, salvation","decisions=1; footnotes=1; reviewed_decisions=1; importance=high; keywords=lord, sacrifice, salvation; crossref_top_vote=10; logos=1; logos_reco=keep; logos_flags=lexical_support; logos_support=salvation-shaped rendering; reco=keep","But I, with a voice of praise and confession, will sacrifice to you. Whatever I vowed I will repay to you. Salvation belongs to the Lord.",,score>=12; importance=high; decisions=1; footnotes=1; logos=1; logos_reco=keep; reco=keep
Judges 2:1,Judges,2,1,high,17,1,1,0,0,,7,1,0,0,0,0,0,0,0,,,0,0,0,0,,,0,,,,,,,keep,"angel, covenant, lord","decisions=1; footnotes=1; reviewed_decisions=1; importance=high; keywords=angel, covenant, lord; crossref_top_vote=7; reco=keep","And an angel of the Lord went up from Galgala to the place of Weeping and to Baethel and to the house of Israel and said to them, The Lord brought you up out of Egypt and brought you into the land that he swore to your fathers to give you, and he said to you, I will never scatter my covenant with you forever.","And an angel of the Lord went up from Galgal to the place of weeping, and to Bæthel, and to the house of Israel, and said to them, Thus says the Lord, I brought you up out of Egypt, and I brought you into the land which I sware to your fathers; and I said, I will never break my covenant that I have made with you.",score>=12; importance=high; decisions=1; footnotes=1; reco=keep
Judges 2:14,Judges,2,14,high,17,4,4,0,0,,7,0,0,0,0,0,0,0,0,,,0,0,0,0,,,0,,,,,,,keep,lord,decisions=4; footnotes=4; reviewed_decisions=4; importance=high; keywords=lord; crossref_top_vote=7; reco=keep,"And the Lord burned with anger against Israel and gave them into the hand of plunderers, and they plundered them, and he sold them into the hand of their enemies all around, and they were not able to stand before their enemies.","And the Lord was very angry with Israel; and he gave them into the hands of the spoilers, and they spoiled them; and he sold them into the hands of their enemies round about, and they could not any longer resist their enemies,",score>=12; importance=high; decisions=4; footnotes=4; reco=keep
Judges 4:8,Judges,4,8,high,17,1,1,0,0,,4,1,0,0,0,0,0,0,0,,,0,0,0,0,,,0,,,,,,,keep,"angel, lord, messenger","decisions=1; footnotes=1; reviewed_decisions=1; importance=high; keywords=angel, lord, messenger; crossref_top_vote=4; reco=keep","And Barak said to her, If you go with me, I will go, and if you do not go with me, I will not go, because I do not know the day in which the Lord prospers the angel with me.","And Barac said to her, If thou wilt go with me, I will go; and if thou wilt not go, I will not go; for I know not the day on which the Lord prospers his messenger with me.",score>=12; importance=high; decisions=1; footnotes=1; reco=keep
Micah 3:8,Micah,3,8,high,17,1,1,0,0,,11,5,0,0,0,0,0,0,0,,,0,0,0,0,,,0,,,,,,,keep,"judgment, lord, spirit","decisions=1; footnotes=1; reviewed_decisions=1; importance=high; keywords=judgment, lord, spirit; crossref_top_vote=11; reco=keep","But I am filled with strength by the Spirit of the Lord and with judgment and power, to declare to Jacob his impiety and to Israel his sins.",,score>=12; importance=high; decisions=1; footnotes=1; reco=keep
Micah 4:2,Micah,4,2,high,17,1,1,0,0,,13,1,0,0,0,0,0,0,0,,,0,0,0,0,,,0,,,,,,,keep,"god, law, lord","decisions=1; footnotes=1; reviewed_decisions=1; importance=high; keywords=god, law, lord; crossref_top_vote=13; reco=keep","And many nations will go and say, Come, let us go up to mountain of Lord and to house of God of Jacob, and they will show us his way and we will walk in his paths, because law will go out from Zion and word of Lord from Jerusalem.",,score>=12; importance=high; decisions=1; footnotes=1; reco=keep
Ruth 1:8,Ruth,1,8,high,17,1,1,0,0,,8,5,0,3,3,0,0,0,0,,keep,0,0,0,0,,,0,,,,,,,keep,"law, lord, mercy","decisions=1; footnotes=1; reviewed_decisions=1; importance=high; keywords=law, lord, mercy; crossref_top_vote=8; eng=fresh:3/brenton:0/mt:0; eng_reco=keep; reco=keep","And Noemin said to her daughters-in-law, Go now, return each to her mother's house. May the Lord deal with you in mercy, as you dealt with the dead and with me.","And Noemin said to her daughters-in-law, Go now, return each to the house of her mother: the Lord deal mercifully with you, as ye have dealt with the dead, and with me.",score>=12; importance=high; decisions=1; footnotes=1; eng=3; eng_reco=keep; reco=keep
Ruth 2:13,Ruth,2,13,high,17,1,1,0,0,,8,1,0,0,0,0,0,0,0,,,0,0,0,0,,,0,,,,,,,keep,"grace, lord, servant","decisions=1; footnotes=1; reviewed_decisions=1; importance=high; keywords=grace, lord, servant; crossref_top_vote=8; reco=keep","And she said, May I find favor in your eyes, lord, because you comforted me and because you spoke to the heart of your servant, and behold, I shall be as one of your maidservants.","And she said, Let me find grace in thy sight, my lord, because thou hast comforted me, and because thou hast spoken kindly to thy handmaid, and behold, I shall be as one of thy servants.",score>=12; importance=high; decisions=1; footnotes=1; reco=keep
Ruth 2:20,Ruth,2,20,high,17,1,1,0,0,,7,1,0,0,0,0,0,0,0,,,0,0,0,0,,,0,,,,,,,keep,"law, lord, mercy","decisions=1; footnotes=1; reviewed_decisions=1; importance=high; keywords=law, lord, mercy; crossref_top_vote=7; reco=keep","And Noemin said to her daughter-in-law, Blessed is he by the Lord, because he did not forsake his mercy with the living and with the dead. And Noemin said to her, The man is near to us; he is from those redeeming us.","And Noemin said to her daughter-in-law, Blessed is he of the Lord, because he has not failed in his mercy with the living and with the dead: and Noemin said to her, The man is near akin to us, he is one of our relations.",score>=12; importance=high; decisions=1; footnotes=1; reco=keep
Ruth 3:10,Ruth,3,10,high,17,1,1,0,0,,9,1,0,0,0,0,0,0,0,,,0,0,0,0,,,0,,,,,,,keep,"god, lord, mercy","decisions=1; footnotes=1; reviewed_decisions=1; importance=high; keywords=god, lord, mercy; crossref_top_vote=9; reco=keep","And he said, Blessed are you by the Lord God, daughter, because you made your latter mercy better than the first, by not going after young men, whether poor or rich.","And Booz said, Blessed be thou of the Lord God, my daughter, for thou hast made thy latter kindness greater than the former, in that thou followest not after young men, whether any be poor or rich.",score>=12; importance=high; decisions=1; footnotes=1; reco=keep
Ruth 4:12,Ruth,4,12,high,17,1,1,0,0,,5,1,0,0,0,0,0,0,0,,,0,0,0,0,,,0,,,,,,,keep,"lord, seed, servant","decisions=1; footnotes=1; reviewed_decisions=1; importance=high; keywords=lord, seed, servant; crossref_top_vote=5; reco=keep","And may your house become like the house of Phares, whom Thamar bore to Judah, from the seed that the Lord will give you from this servant girl.","And let thy house be as the house of Phares, whom Thamar bore to Juda, of the seed which the Lord shall give thee of this handmaid.",score>=12; importance=high; decisions=1; footnotes=1; reco=keep
Zephaniah 2:3,Zephaniah,2,3,high,17,1,1,0,0,,31,0,0,0,0,0,0,0,0,,,0,0,0,0,,,0,,,,,,,keep,"judgment, lord, righteousness","decisions=1; footnotes=1; reviewed_decisions=1; importance=high; keywords=judgment, lord, righteousness; crossref_top_vote=31; reco=keep","Seek Lord, all humble of earth, who have done his judgment. Seek righteousness; seek humility. It may be that you will be sheltered in day of Lord's wrath.",,score>=12; importance=high; decisions=1; footnotes=1; reco=keep
Zephaniah 3:17,Zephaniah,3,17,high,17,1,1,0,0,,93,1,0,0,0,0,0,0,0,,,0,0,0,0,,,0,,,,,,,keep,"god, lord","decisions=1; footnotes=1; reviewed_decisions=1; importance=high; keywords=god, lord; crossref_top_vote=93; reco=keep","Lord your God in you, mighty, will save you; he will bring joy upon you and renew you in his love and rejoice over you in delight as on feast day.",,score>=12; importance=high; decisions=1; footnotes=1; reco=keep
Ecclesiastes 11:5,Ecclesiastes,11,5,high,16,1,1,0,0,,22,2,0,0,0,0,0,0,0,,,0,0,0,0,,,0,,,,,,,keep,"god, spirit","decisions=1; footnotes=1; reviewed_decisions=1; importance=high; keywords=god, spirit; crossref_top_vote=22; reco=keep","As you do not know what way of spirit, as bones in womb of pregnant woman, so you will not know works of God, who will make all things.",,score>=12; importance=high; decisions=1; footnotes=1; reco=keep
Ecclesiastes 11:6,Ecclesiastes,11,6,high,16,1,1,0,0,,308,4,0,0,0,0,0,0,0,,,0,0,0,0,,,0,,,,,,,keep,seed,decisions=1; footnotes=1; reviewed_decisions=1; importance=high; keywords=seed; crossref_top_vote=308; reco=keep,"In morning sow your seed, and till evening do not let your hand rest, because you do not know which will prosper, this or that, and if both together good.",,score>=12; importance=high; decisions=1; footnotes=1; reco=keep
Ecclesiastes 11:9,Ecclesiastes,11,9,high,16,1,1,0,0,,45,3,0,0,0,0,0,0,0,,,0,0,0,0,,,0,,,,,,,keep,"god, judgment","decisions=1; footnotes=1; reviewed_decisions=1; importance=high; keywords=god, judgment; crossref_top_vote=45; reco=keep","Rejoice, young man, in your youth, and let your heart do you good in days of youth, and walk in ways of your heart and in sight of your eyes, and know that for all these God will bring you in judgment.",,score>=12; importance=high; decisions=1; footnotes=1; reco=keep
Ecclesiastes 2:26,Ecclesiastes,2,26,high,16,1,1,0,0,,43,2,0,0,0,0,0,0,0,,,0,0,0,0,,,0,,,,,,,keep,"god, spirit","decisions=1; footnotes=1; reviewed_decisions=1; importance=high; keywords=god, spirit; crossref_top_vote=43; reco=keep","Because to the man who is good before him he gave wisdom and knowledge and gladness, but to the sinner he gave distraction, to add and to gather in order to give to one good before the face of God; because this too is vanity and choice of spirit.",,score>=12; importance=high; decisions=1; footnotes=1; reco=keep
Ecclesiastes 7:20,Ecclesiastes,7,20,high,16,1,1,0,0,,28,3,0,0,0,0,0,0,0,,,0,0,0,0,,,0,,,,,,,keep,"righteous, sin","decisions=1; footnotes=1; reviewed_decisions=1; importance=high; keywords=righteous, sin; crossref_top_vote=28; reco=keep",Because there is not righteous man on earth who will do good and not sin.,,score>=12; importance=high; decisions=1; footnotes=1; reco=keep
Habakkuk 1:4,Habakkuk,1,4,high,16,1,1,0,0,,6,0,0,0,0,0,0,0,0,,,0,0,0,0,,,0,,,,,,,keep,"judgment, law, righteous","decisions=1; footnotes=1; reviewed_decisions=1; importance=high; keywords=judgment, law, righteous; crossref_top_vote=6; reco=keep","Because of this law has ceased, and judgment does not go forth to the end, because impious one overpowers righteous one; because of this judgment will go forth perverted.",,score>=12; importance=high; decisions=1; footnotes=1; reco=keep
Haggai 1:1,Haggai,1,1,high,16,1,1,0,0,,6,0,0,0,0,0,0,0,0,,,0,0,0,0,,,0,,,,,,,keep,"king, lord, priest","decisions=1; footnotes=1; reviewed_decisions=1; importance=high; keywords=king, lord, priest; crossref_top_vote=6; reco=keep","In second year of Darius king, in sixth month, on first day of month, word of Lord came by hand of Haggai prophet, saying: Speak now to Zerubbabel son of Salathiel from tribe of Judah, and to Jeshua son of Josedek, the great priest, saying,",,score>=12; importance=high; decisions=1; footnotes=1; reco=keep
Haggai 1:12,Haggai,1,12,high,16,1,1,0,0,,7,0,0,0,0,0,0,0,0,,,0,0,0,0,,,0,,,,,,,keep,"god, lord, priest","decisions=1; footnotes=1; reviewed_decisions=1; importance=high; keywords=god, lord, priest; crossref_top_vote=7; reco=keep","Zerubbabel son of Salathiel, from tribe of Judah, and Jeshua son of Josedek, the great priest, and all remnant of people, listened to voice of Lord their God and to words of Haggai prophet, because Lord their God sent him to them, and people feared before Lord.",,score>=12; importance=high; decisions=1; footnotes=1; reco=keep
Job 1:6,Job,1,6,high,16,1,1,0,0,,22,2,0,0,0,0,0,0,0,,,0,0,0,0,,,0,,,,,,,keep,"god, lord","decisions=1; footnotes=1; reviewed_decisions=1; importance=high; keywords=god, lord; crossref_top_vote=22; reco=keep","And when this day came, behold, angels of God came to stand before the Lord, and the slanderer came with them.",,score>=12; importance=high; decisions=1; footnotes=1; reco=keep
Job 1:8,Job,1,8,high,16,1,1,0,0,,12,0,0,0,0,0,0,0,0,,,0,0,0,0,,,0,,,,,,,keep,"god, lord, servant","decisions=1; footnotes=1; reviewed_decisions=1; importance=high; keywords=god, lord, servant; crossref_top_vote=12; reco=keep","And the Lord said to him, Did you set your mind against my servant Iōb, because there is no man like him on the earth, blameless, true, god-fearing, turning away from every evil thing?",,score>=12; importance=high; decisions=1; footnotes=1; reco=keep
Jonah 1:9,Jonah,1,9,high,16,1,1,0,0,,7,0,0,0,0,0,0,0,0,,,0,0,0,0,,,0,,,,,,,keep,"god, lord, servant","decisions=1; footnotes=1; reviewed_decisions=1; importance=high; keywords=god, lord, servant; crossref_top_vote=7; reco=keep","He said to them, I am servant of Lord, and I worship Lord God of heaven, who made sea and dry land.",,score>=12; importance=high; decisions=1; footnotes=1; reco=keep
Jonah 2:2,Jonah,2,2,high,16,1,1,0,0,,25,2,0,0,0,0,0,0,0,,,0,0,0,0,,,0,,,,,,,keep,"god, lord","decisions=1; footnotes=1; reviewed_decisions=1; importance=high; keywords=god, lord; crossref_top_vote=25; reco=keep",Jonah prayed to Lord his God from belly of sea-creature.,,score>=12; importance=high; decisions=1; footnotes=1; reco=keep
Jonah 2:3,Jonah,2,3,high,16,1,1,0,0,,12,0,0,0,0,0,0,0,0,,,0,0,0,0,,,0,,,,,,,keep,"god, hades, lord","decisions=1; footnotes=1; reviewed_decisions=1; importance=high; keywords=god, hades, lord; crossref_top_vote=12; reco=keep","He said, I cried in my distress to the Lord my God, and he heard me. From the belly of Hades you heard the voice of my cry.",,score>=12; importance=high; decisions=1; footnotes=1; reco=keep
Jonah 2:8,Jonah,2,8,high,16,1,1,0,0,,13,0,0,0,0,0,0,0,0,,,0,0,0,0,,,0,,,,,,,keep,"holy, lord, soul","decisions=1; footnotes=1; reviewed_decisions=1; importance=high; keywords=holy, lord, soul; crossref_top_vote=13; reco=keep","When my soul was failing from me, I remembered Lord, and may my prayer come to you, into your holy temple.",,score>=12; importance=high; decisions=1; footnotes=1; reco=keep
Lamentations 2:6,Lamentations,2,6,high,16,1,1,0,0,,5,0,0,0,0,0,0,0,0,,,0,0,0,0,,,0,,,,,,,keep,"king, lord, priest","decisions=1; footnotes=1; reviewed_decisions=1; importance=high; keywords=king, lord, priest; crossref_top_vote=5; reco=keep",He scattered his tent like a vine. He destroyed his feast. Lord forgot in Zion feast and sabbath and provoked in crash of his anger king and priest and ruler.,,score>=12; importance=high; decisions=1; footnotes=1; reco=keep
Lamentations 2:9,Lamentations,2,9,high,16,1,1,0,0,,7,0,0,0,0,0,0,0,0,,,0,0,0,0,,,0,,,,,,,keep,"king, law, lord","decisions=1; footnotes=1; reviewed_decisions=1; importance=high; keywords=king, law, lord; crossref_top_vote=7; reco=keep","Her gates sank into the ground. He destroyed and broke her bars. Her king and her rulers are among the nations. There is no law, and even her prophets did not see a vision from the Lord.",,score>=12; importance=high; decisions=1; footnotes=1; reco=keep
Lamentations 3:25,Lamentations,3,25,high,16,1,1,0,0,,56,0,0,0,0,0,0,0,0,,,0,0,0,0,,,0,,,,,,,keep,"lord, soul","decisions=1; footnotes=1; reviewed_decisions=1; importance=high; keywords=lord, soul; crossref_top_vote=56; reco=keep","Lord good to those waiting for him, soul that seeks him, good.",,score>=12; importance=high; decisions=1; footnotes=1; reco=keep
Lamentations 3:26,Lamentations,3,26,high,16,1,1,0,0,,35,3,0,0,0,0,0,0,0,,,0,0,0,0,,,0,,,,,,,keep,"lord, salvation","decisions=1; footnotes=1; reviewed_decisions=1; importance=high; keywords=lord, salvation; crossref_top_vote=35; reco=keep",And he waits and is quiet for salvation of Lord.,,score>=12; importance=high; decisions=1; footnotes=1; reco=keep
Nahum 1:14,Nahum,1,14,high,16,1,1,0,0,,6,0,0,0,0,0,0,0,0,,,0,0,0,0,,,0,,,,,,,keep,"god, lord, name","decisions=1; footnotes=1; reviewed_decisions=1; importance=high; keywords=god, lord, name; crossref_top_vote=6; reco=keep","And the Lord will command concerning you: your name will no longer be sown. From house of your god I will destroy carved and cast images. I will make your grave, because you are vile.",,score>=12; importance=high; decisions=1; footnotes=1; reco=keep
Ruth 2:12,Ruth,2,12,high,16,1,1,0,0,,29,1,0,0,0,0,0,0,0,,,0,0,0,0,,,0,,,,,,,keep,"god, lord","decisions=1; footnotes=1; reviewed_decisions=1; importance=high; keywords=god, lord; crossref_top_vote=29; reco=keep","May the Lord repay your work, and may your wage be full from the Lord God of Israel, under whose wings you came to trust.","The Lord recompense thy work: may a full reward be given thee of the Lord God of Israel, to whom thou hast come to trust under his wings.",score>=12; importance=high; decisions=1; footnotes=1; reco=keep
Zephaniah 1:7,Zephaniah,1,7,high,16,1,1,0,0,,13,0,0,0,0,0,0,0,0,,,0,0,0,0,,,0,,,,,,,keep,"god, lord, sacrifice","decisions=1; footnotes=1; reviewed_decisions=1; importance=high; keywords=god, lord, sacrifice; crossref_top_vote=13; reco=keep","Stand in awe before the Lord God, because day of the Lord is near, because the Lord prepared his sacrifice; he consecrated his called ones.",,score>=12; importance=high; decisions=1; footnotes=1; reco=keep
Zephaniah 1:8,Zephaniah,1,8,high,16,1,1,0,0,,6,0,0,0,0,0,0,0,0,,,0,0,0,0,,,0,,,,,,,keep,"king, lord, sacrifice","decisions=1; footnotes=1; reviewed_decisions=1; importance=high; keywords=king, lord, sacrifice; crossref_top_vote=6; reco=keep",And it will be in day of the Lord's sacrifice: I will take vengeance on the rulers and on the king's house and on all wearing foreign garments.,,score>=12; importance=high; decisions=1; footnotes=1; reco=keep
Zephaniah 3:4,Zephaniah,3,4,high,16,1,1,0,0,,6,0,0,0,0,0,0,0,0,,,0,0,0,0,,,0,,,,,,,keep,"holy, law, spirit","decisions=1; footnotes=1; reviewed_decisions=1; importance=high; keywords=holy, law, spirit; crossref_top_vote=6; reco=keep","Her prophets are spirit-borne men, contemptuous; her priests profane holy things and act impiously against law.",,score>=12; importance=high; decisions=1; footnotes=1; reco=keep
Zephaniah 3:5,Zephaniah,3,5,high,16,1,1,0,0,,11,0,0,0,0,0,0,0,0,,,0,0,0,0,,,0,,,,,,,keep,"judgment, lord, righteous","decisions=1; footnotes=1; reviewed_decisions=1; importance=high; keywords=judgment, lord, righteous; crossref_top_vote=11; reco=keep","But the Lord is righteous in her midst and will certainly not do injustice. Morning by morning he gives his judgment to the light; it does not fail, but unjust one knows no shame.",,score>=12; importance=high; decisions=1; footnotes=1; reco=keep
Esther 1:13,Esther,1,13,high,15,1,1,0,0,,6,2,0,0,0,0,0,0,0,,,0,0,0,0,,,0,,,,,,,keep,"judgment, law","decisions=1; footnotes=1; reviewed_decisions=1; importance=high; keywords=judgment, law; crossref_top_vote=6; reco=keep","And he said to his friends, Thus Astin has spoken. So make law and judgment concerning this.",,score>=12; importance=high; decisions=1; footnotes=1; reco=keep
Esther 1:20,Esther,1,20,high,15,1,1,0,0,,6,4,0,0,0,0,0,0,0,,,0,0,0,0,,,0,,,,,,,keep,"king, law","decisions=1; footnotes=1; reviewed_decisions=1; importance=high; keywords=king, law; crossref_top_vote=6; reco=keep","And let the law which the king makes be heard in his kingdom, and thus all women will give honor to their husbands, from poor to rich.",,score>=12; importance=high; decisions=1; footnotes=1; reco=keep
Esther 4:11,Esther,4,11,high,15,1,1,0,0,,7,1,0,0,0,0,0,0,0,,,0,0,0,0,,,0,,,,,,,keep,"king, salvation","decisions=1; footnotes=1; reviewed_decisions=1; importance=high; keywords=king, salvation; crossref_top_vote=7; reco=keep","all nations of the kingdom know that every man or woman who enters to the king in the inner court uncalled has no salvation, except the one to whom the king stretches out the golden scepter, that one will be saved. And I have not been called to go in to the king these thirty days.",,score>=12; importance=high; decisions=1; footnotes=1; reco=keep
Esther 4:16,Esther,4,16,high,15,1,1,0,0,,19,2,0,0,0,0,0,0,0,,,0,0,0,0,,,0,,,,,,,keep,"king, law","decisions=1; footnotes=1; reviewed_decisions=1; importance=high; keywords=king, law; crossref_top_vote=19; reco=keep","Go, gather the Ioudaioi in Sousa and fast for me, and do not eat or drink for three days, night and day. And I and my maidservants will likewise go without food, and then I will go in to the king contrary to the law. If then I must perish, I will perish.",,score>=12; importance=high; decisions=1; footnotes=1; reco=keep
Esther 4:8,Esther,4,8,high,15,1,1,0,0,,5,2,0,0,0,0,0,0,0,,,0,0,0,0,,,0,,,,,,,keep,"king, lord","decisions=1; footnotes=1; reviewed_decisions=1; importance=high; keywords=king, lord; crossref_top_vote=5; reco=keep","And he gave him copy of the notice posted in Sousa for their destruction, to show Esther, and he told him to command her, after going in, to plead with the king and urge him for the people, remembering days of your humiliation, how you were nourished in my hand, because Aman, the second to the kingdom, has spoken against us for death. Call upon the Lord and speak to the king concerning us and rescue us from death.",,score>=12; importance=high; decisions=1; footnotes=1; reco=keep
Haggai 1:13,Haggai,1,13,high,15,1,1,0,0,,7,3,0,0,0,0,0,0,0,,,0,0,0,0,,,0,,,,,,,keep,"lord, messenger","decisions=1; footnotes=1; reviewed_decisions=1; importance=high; keywords=lord, messenger; crossref_top_vote=7; reco=keep","Haggai, messenger of the Lord, said to the people, I am with you, says the Lord.",,score>=12; importance=high; decisions=1; footnotes=1; reco=keep
Haggai 2:4,Haggai,2,4,high,15,1,1,0,0,,14,2,0,0,0,0,0,0,0,,,0,0,0,0,,,0,,,,,,,keep,"lord, priest","decisions=1; footnotes=1; reviewed_decisions=1; importance=high; keywords=lord, priest; crossref_top_vote=14; reco=keep","But now be strong, Zerubbabel, says Lord, and be strong, Jeshua son of Josedek, the great priest, and let all people of land be strong, says Lord, and act, because I am with you, says Lord Almighty.",,score>=12; importance=high; decisions=1; footnotes=1; reco=keep
Lamentations 1:15,Lamentations,1,15,high,15,1,1,0,0,,5,4,0,0,0,0,0,0,0,,,0,0,0,0,,,0,,,,,,,keep,"lord, virgin","decisions=1; footnotes=1; reviewed_decisions=1; importance=high; keywords=lord, virgin; crossref_top_vote=5; reco=keep",Lord took away all my mighty ones from midst of me. He called time against me to crush my chosen ones. Lord trod winepress for virgin daughter Judah. Over these things I weep.,,score>=12; importance=high; decisions=1; footnotes=1; reco=keep
Lamentations 2:1,Lamentations,2,1,high,15,1,1,0,0,,5,2,0,0,0,0,0,0,0,,,0,0,0,0,,,0,,,,,,,keep,"glory, lord","decisions=1; footnotes=1; reviewed_decisions=1; importance=high; keywords=glory, lord; crossref_top_vote=5; reco=keep",How Lord darkened daughter Zion in his anger. He cast down from heaven to earth glory of Israel and did not remember footstool of his feet in day of his anger.,,score>=12; importance=high; decisions=1; footnotes=1; reco=keep
Nahum 1:2,Nahum,1,2,high,15,1,1,0,0,,9,1,0,0,0,0,0,0,0,,,0,0,0,0,,,0,,,,,,,keep,"god, lord","decisions=1; footnotes=1; reviewed_decisions=1; importance=high; keywords=god, lord; crossref_top_vote=9; reco=keep","God is jealous and avenging; the Lord avenges with wrath. The Lord avenges his adversaries, and he removes his enemies.",,score>=12; importance=high; decisions=1; footnotes=1; reco=keep
Nahum 1:7,Nahum,1,7,high,15,1,1,0,0,,75,3,0,0,0,0,0,0,0,,,0,0,0,0,,,0,,,,,,,keep,lord,decisions=1; footnotes=1; reviewed_decisions=1; importance=high; keywords=lord; crossref_top_vote=75; reco=keep,"Lord good to those waiting for him in day of distress, and knowing those revering him.",,score>=12; importance=high; decisions=1; footnotes=1; reco=keep
Obadiah 1:17,Obadiah,1,17,high,15,1,1,0,0,,15,1,0,0,0,0,0,0,0,,,0,0,0,0,,,0,,,,,,,keep,"holy, salvation","decisions=1; footnotes=1; reviewed_decisions=1; importance=high; keywords=holy, salvation; crossref_top_vote=15; reco=keep","But on mount Zion there will be salvation, and it will be holy, and house of Jacob will inherit those who inherited them.",,score>=12; importance=high; decisions=1; footnotes=1; reco=keep
Song of Solomon 1:7,Song of Solomon,1,7,high,15,1,1,0,0,,8,3,0,0,0,0,0,0,0,,,0,0,0,0,,,0,,,,,,,keep,"shepherd, soul","decisions=1; footnotes=1; reviewed_decisions=1; importance=high; keywords=shepherd, soul; crossref_top_vote=8; reco=keep","Tell me, you whom my soul loved, where do you shepherd, where do you rest at noon, lest I become as one veiled over flocks of your companions?",,score>=12; importance=high; decisions=1; footnotes=1; reco=keep
Song of Solomon 5:6,Song of Solomon,5,6,high,15,1,1,0,0,,5,1,0,0,0,0,0,0,0,,,0,0,0,0,,,0,,,,,,,keep,"beloved, soul","decisions=1; footnotes=1; reviewed_decisions=1; importance=high; keywords=beloved, soul; crossref_top_vote=5; reco=keep","I opened, I, to my beloved; my beloved passed by. My soul went out at his word. I sought him and did not find him; I called him and he did not answer me.",,score>=12; importance=high; decisions=1; footnotes=1; reco=keep
Song of Solomon 6:2,Song of Solomon,6,2,high,15,1,1,0,0,,7,2,0,0,0,0,0,0,0,,,0,0,0,0,,,0,,,,,,,keep,"beloved, shepherd","decisions=1; footnotes=1; reviewed_decisions=1; importance=high; keywords=beloved, shepherd; crossref_top_vote=7; reco=keep","My beloved went down into his garden, into bowls of spice, to shepherd in gardens and gather lilies.",,score>=12; importance=high; decisions=1; footnotes=1; reco=keep
Nahum 1:9,Nahum,1,9,high,14,1,1,0,0,,22,1,0,0,0,0,0,0,0,,,0,0,0,0,,,0,,,,,,,keep,lord,decisions=1; footnotes=1; reviewed_decisions=1; importance=high; keywords=lord; crossref_top_vote=22; reco=keep,What do you plot against Lord? He himself will make an end; he will not take vengeance twice upon same thing in distress.,,score>=12; importance=high; decisions=1; footnotes=1; reco=keep
Nahum 3:5,Nahum,3,5,high,14,1,1,0,0,,8,0,0,0,0,0,0,0,0,,,0,0,0,0,,,0,,,,,,,keep,"god, lord","decisions=1; footnotes=1; reviewed_decisions=1; importance=high; keywords=god, lord; crossref_top_vote=8; reco=keep","Behold, I am against you, says Lord God Almighty, and I will uncover your backside to your face and show nations your shame and kingdoms your dishonor.",,score>=12; importance=high; decisions=1; footnotes=1; reco=keep
Obadiah 1:1,Obadiah,1,1,high,14,1,1,0,0,,8,0,0,0,0,0,0,0,0,,,0,0,0,0,,,0,,,,,,,keep,"god, lord","decisions=1; footnotes=1; reviewed_decisions=1; importance=high; keywords=god, lord; crossref_top_vote=8; reco=keep","Vision of Obadiah. Thus says Lord God to Idumea: I heard a report from Lord, and he sent a message to nations: Rise, and let us rise against her for war.",,score>=12; importance=high; decisions=1; footnotes=1; reco=keep
Nahum 1:3,Nahum,1,3,high,13,1,1,0,0,,16,1,0,0,0,0,0,0,0,,,0,0,0,0,,,0,,,,,,,keep,lord,decisions=1; footnotes=1; reviewed_decisions=1; importance=high; keywords=lord; crossref_top_vote=16; reco=keep,"The Lord is long-suffering, and great is his strength, and acquitting he will not acquit. The Lord's way is in destruction and in the whirlwind, and clouds are dust of his feet.",,score>=12; importance=high; decisions=1; footnotes=1; reco=keep
Obadiah 1:15,Obadiah,1,15,high,13,1,1,0,0,,11,2,0,0,0,0,0,0,0,,,0,0,0,0,,,0,,,,,,,keep,lord,decisions=1; footnotes=1; reviewed_decisions=1; importance=high; keywords=lord; crossref_top_vote=11; reco=keep,"Because day of Lord is near upon all nations. As you did, so it will be to you; your repayment will be returned on your head.",,score>=12; importance=high; decisions=1; footnotes=1; reco=keep
Obadiah 1:16,Obadiah,1,16,high,13,1,1,0,0,,5,1,0,0,0,0,0,0,0,,,0,0,0,0,,,0,,,,,,,keep,holy,decisions=1; footnotes=1; reviewed_decisions=1; importance=high; keywords=holy; crossref_top_vote=5; reco=keep,"Because as you drank on my holy mountain, all nations will drink wine; they will drink and go down, and they will be as though not existing.",,score>=12; importance=high; decisions=1; footnotes=1; reco=keep
Obadiah 1:7,Obadiah,1,7,high,13,1,1,0,0,,6,1,0,0,0,0,0,0,0,,,0,0,0,0,,,0,,,,,,,keep,covenant,decisions=1; footnotes=1; reviewed_decisions=1; importance=high; keywords=covenant; crossref_top_vote=6; reco=keep,"To your borders they sent you away, all men of your covenant. Your peaceful men opposed you and prevailed against you. They set ambush under you; there is no understanding in them.",,score>=12; importance=high; decisions=1; footnotes=1; reco=keep
Obadiah 1:8,Obadiah,1,8,high,13,1,1,0,0,,7,1,0,0,0,0,0,0,0,,,0,0,0,0,,,0,,,,,,,keep,lord,decisions=1; footnotes=1; reviewed_decisions=1; importance=high; keywords=lord; crossref_top_vote=7; reco=keep,"In that day, says Lord, I will destroy wise men from Idumea and understanding from mount of Esau.",,score>=12; importance=high; decisions=1; footnotes=1; reco=keep
Song of Solomon 1:3,Song of Solomon,1,3,high,13,1,1,0,0,,9,4,0,0,0,0,0,0,0,,,0,0,0,0,,,0,,,,,,,keep,name,decisions=1; footnotes=1; reviewed_decisions=1; importance=high; keywords=name; crossref_top_vote=9; reco=keep,"And scent of your perfumes above all spices; your name = poured-out perfume, therefore young women loved you.",,score>=12; importance=high; decisions=1; footnotes=1; reco=keep
Song of Solomon 1:4,Song of Solomon,1,4,high,13,1,1,0,0,,8,3,0,0,0,0,0,0,0,,,0,0,0,0,,,0,,,,,,,keep,king,decisions=1; footnotes=1; reviewed_decisions=1; importance=high; keywords=king; crossref_top_vote=8; reco=keep,"They drew you; after you, into scent of your perfumes we will run. King brought me into his chamber. We will rejoice and be glad in you; we will love your breasts more than wine; the upright loved you.",,score>=12; importance=high; decisions=1; footnotes=1; reco=keep
Song of Solomon 1:8,Song of Solomon,1,8,high,13,1,1,0,0,,6,6,0,0,0,0,0,0,0,,,0,0,0,0,,,0,,,,,,,keep,shepherd,decisions=1; footnotes=1; reviewed_decisions=1; importance=high; keywords=shepherd; crossref_top_vote=6; reco=keep,"If you do not know yourself, beautiful among women, go out on heels of flocks and shepherd your young goats by tents of shepherds.",,score>=12; importance=high; decisions=1; footnotes=1; reco=keep
