ref,marker_types,draft_translation,comparison_notes,greek_absent_in_ethiopic,ethiopic_absent_in_greek,restored_text,interpolations,supplied_text,emended_text,corrupt_text,next_review
1 Enoch 1:1,ethiopic_absent_in_greek,"The words of the blessing of Enoch, wherewith he blessed the elect and righteous, who will be living in the day of tribulation, when all the wicked and godless are to be removed.",Ethiopic has text absent from G^g/G^s: and; and godless,,and; and godless,,,,,,Compare extant Greek witness with Ethiopic-base Charles text.
1 Enoch 1:2,ethiopic_absent_in_greek,"And he took up his parable and said—Enoch a righteous man, whose eyes were opened by God, saw the vision of the Holy One in the heavens, which the angels showed me, and from them I heard everything, and from them I understood as I saw, but not for this generation, but for a remote one which is for to come.",Ethiopic has text absent from G^g/G^s: which,,which,,,,,,Compare extant Greek witness with Ethiopic-base Charles text.
1 Enoch 1:4,greek_absent_in_ethiopic; interpolations; supplied_text,"And the eternal God will tread upon the earth, (even) on Mount Sinai, And appear from His camp And appear in the strength of His might from the heaven of heavens.",G^g has text absent from Ethiopic: of heavens; Charles marks interpolation: And appear from His camp; Charles supplied text: even,of heavens,,,And appear from His camp,even,,,Compare extant Greek witness with Ethiopic-base Charles text.
1 Enoch 1:7,greek_absent_in_ethiopic; supplied_text,"And the earth shall be wholly rent in sunder, And all that is upon the earth shall perish, And there shall be a judgement upon all (men).",G^g has text absent from Ethiopic: wholly; Charles supplied text: men,wholly,,,,men,,,Compare extant Greek witness with Ethiopic-base Charles text.
1 Enoch 1:8,greek_absent_in_ethiopic,"But with the righteous He will make peace, And will protect the elect, And mercy shall be upon them. And they shall all belong to God, And they shall be prospered, And they shall all be blessed. And He will help them all, And light shall appear unto them, And He will make peace with them.",G^g has text absent from Ethiopic: all; And He will help them all; And He will make peace with them,all; And He will help them all; And He will make peace with them,,,,,,,Compare extant Greek witness with Ethiopic-base Charles text.
1 Enoch 1:9,greek_absent_in_ethiopic,"And behold! He cometh with ten thousands of His holy ones To execute judgement upon all, And to destroy all the ungodly: And to convict all flesh Of all the works of their ungodliness which they have ungodly committed, And of all the hard things which ungodly sinners have spoken against Him.",G^g has text absent from Ethiopic: His; all; of their ungodliness; And of all the hard things which; have spoken,His; all; of their ungodliness; And of all the hard things which; have spoken,,,,,,,Compare extant Greek witness with Ethiopic-base Charles text.
1 Enoch 2:1,greek_absent_in_ethiopic,"Observe ye every thing that takes place in the heaven, how they do not change their orbits, and the luminaries which are in the heaven, how they all rise and set in order each in its season, and transgress not against their appointed order.",G^g has text absent from Ethiopic: and,and,,,,,,,Compare extant Greek witness with Ethiopic-base Charles text.
1 Enoch 2:2,greek_absent_in_ethiopic; emended_text,"Behold ye the earth, and give heed to the things which take place upon it from first to last, how steadfast they are, how none of the things upon earth change, but all the works of God appear to you.",G^g has text absent from Ethiopic: how =steadfast= they are; none of the things upon earth; but; to you; Charles emended text: steadfast,how =steadfast= they are; none of the things upon earth; but; to you,,,,,steadfast,,Compare extant Greek witness with Ethiopic-base Charles text.
1 Enoch 2:3,ethiopic_absent_in_greek,"Behold the summer and the winter, how the whole earth is filled with water, and clouds and dew and rain lie upon it.","Ethiopic has text absent from G^g/G^s: how the whole earth is filled with water, and clouds and dew and rain lie upon it",,"how the whole earth is filled with water, and clouds and dew and rain lie upon it",,,,,,Compare extant Greek witness with Ethiopic-base Charles text.
1 Enoch 3:1,ethiopic_absent_in_greek; supplied_text,"Observe and see how (in the winter) all the trees seem as though they had withered and shed all their leaves, except fourteen trees, which do not lose their foliage but retain the old foliage from two to three years till the new comes.",Ethiopic has text absent from G^g/G^s: seem; Charles supplied text: in the winter,,seem,,,in the winter,,,Compare extant Greek witness with Ethiopic-base Charles text.
1 Enoch 5:1,greek_absent_in_ethiopic; ethiopic_absent_in_greek,"Observe ye how the trees cover themselves with green leaves and bear fruit: wherefore give ye heed and know with regard to all His works, and recognize how He that liveth for ever hath made them so.",G^g has text absent from Ethiopic: and know; His works; Ethiopic has text absent from G^g/G^s: ye,and know; His works,ye,,,,,,Compare extant Greek witness with Ethiopic-base Charles text.
1 Enoch 5:2,greek_absent_in_ethiopic; ethiopic_absent_in_greek,"And all His works go on thus from year to year for ever, and all the tasks which they accomplish for Him, and their tasks change not, but according as God hath ordained so is it done.",G^g has text absent from Ethiopic: all; thus; for ever; which; their tasks; Ethiopic has text absent from G^g/G^s: God,all; thus; for ever; which; their tasks,God,,,,,,Compare extant Greek witness with Ethiopic-base Charles text.
1 Enoch 5:3,greek_absent_in_ethiopic,And behold how the sea and the rivers in like manner accomplish and change not their tasks from His commandments.,G^g has text absent from Ethiopic: and change not; from His commandments,and change not; from His commandments,,,,,,,Compare extant Greek witness with Ethiopic-base Charles text.
1 Enoch 5:5,greek_absent_in_ethiopic,"Therefore shall ye execrate your days, And the years of your life shall perish, And the years of your destruction shall be multiplied in eternal execration, And ye shall find no mercy. In those days ye shall make your names an eternal execration unto all the righteous, And by you shall all who curse, curse. And all the sinners and godless shall imprecate by you, And for you, the godless, there shall be a curse. And all the ... shall rejoice, And there shall be forgiveness of sins, And every mercy and peace and forbearance: There shall be salvation unto them, a goodly light. And for all of you sinners there shall be no salvation, But on you all shall abide a curse. But for the elect there shall be light and grace and peace, And they shall inherit the earth.","G^g has text absent from Ethiopic: the years of your destruction; all; And all; and godless; And all the ... shall rejoice, _e._ And there shall be forgiveness of sins, _f._ And every mercy and peace and forbearance: _g._ There shall be salvation unto them, a goodly light. _i._ And for all of you sinners there shall be no salvation, _j._ But on you all shall abide a curse","the years of your destruction; all; And all; and godless; And all the ... shall rejoice, _e._ And there shall be forgiveness of sins, _f._ And every mercy and peace and forbearance: _g._ There shall be salvation unto them, a goodly light. _i._ And for all of you sinners there shall be no salvation, _j._ But on you all shall abide a curse",,,,,,,Compare extant Greek witness with Ethiopic-base Charles text.
1 Enoch 5:9,supplied_text,"And they shall not again transgress, Nor shall they sin all the days of their life, Nor shall they die of (the divine) anger or wrath, But they shall complete the number of the days of their life. And their lives shall be increased in peace, And the years of their joy shall be multiplied, In eternal gladness and peace, All the days of their life.",Charles supplied text: the divine,,,,,the divine,,,Review supplied wording against Ethiopic base and any extant witnesses.
1 Enoch 6:6,greek_absent_in_ethiopic; emended_text,"And they were in all two hundred; who descended in the days of Jared on the summit of Mount Hermon, and they called it Mount Hermon, because they had sworn and bound themselves by mutual imprecations upon it.",G^g has text absent from Ethiopic: in the days; Charles emended text: Jared,in the days,,,,,Jared,,Compare extant Greek witness with Ethiopic-base Charles text.
1 Enoch 6:7,emended_text,"And these are the names of their leaders: Sêmîazâz, their leader, Arâkîba, Râmêêl, Kôkabîêl, Tâmîêl, Râmîêl, Dânêl, Êzêqêêl, Barâqîjâl, Asâêl, Armârôs, Batârêl, Anânêl, Zaqîêl, Samsâpêêl, Satarêl, Tûrêl, Jômjâêl, Sariêl.",Charles emended text: Sariêl,,,,,,Sariêl,,Review Charles editorial marker before using this wording in an appendix.
1 Enoch 8:1,restored_text; emended_text,"And Azâzêl taught men to make swords, and knives, and shields, and breastplates, and made known to them the metals of the earth and the art of working them, and bracelets, and ornaments, and the use of antimony, and the beautifying of the eyelids, and all kinds of costly stones, and all colouring tinctures.",Charles restored text: of the earth; Charles emended text: the metals,,,of the earth,,,the metals,,Review Charles editorial marker before using this wording in an appendix.
1 Enoch 8:3,restored_text; supplied_text; emended_text,"Semjâzâ taught enchantments, and root-cuttings, Armârôs the resolving of enchantments, Barâqîjâl, (taught) astrology, Kôkabêl the constellations, Ezêqêêl the knowledge of the clouds, Araqiêl the signs of the earth, Shamsiêl the signs of the sun, and Sariêl the course of the moon.","Charles restored text: Araqiêl the signs of the earth, Shamsiêl the signs of the sun; Charles supplied text: taught; Charles emended text: Ezêqêêl the knowledge of the clouds",,,"Araqiêl the signs of the earth, Shamsiêl the signs of the sun",,taught,Ezêqêêl the knowledge of the clouds,,Review Charles editorial marker before using this wording in an appendix.
1 Enoch 9:2,corrupt_text,"And they said one to another: ‘The earth, made without inhabitant, cries the voice of their crying up to the gates of heaven.","Charles marks corrupt text: without inhabitant, cries the voice of their crying",,,,,,,"without inhabitant, cries the voice of their crying",Review Charles editorial marker before using this wording in an appendix.
1 Enoch 9:3,ethiopic_absent_in_greek,"And now to you, the holy ones of heaven, the souls of men make their suit, saying, “Bring our cause before the Most High”.’","Ethiopic has text absent from G^g/G^s: And now to you, the holy ones of heaven",,"And now to you, the holy ones of heaven",,,,,,Compare extant Greek witness with Ethiopic-base Charles text.
1 Enoch 9:4,restored_text; supplied_text; emended_text,"And they said to the Lord of the ages: ‘Lord of lords, God of gods, King of kings and God of the ages, the throne of Thy glory (standeth) unto all the generations of the ages, and Thy name holy and glorious and blessed unto all the ages!",Charles restored text: and God of the ages; Charles supplied text: standeth; Charles emended text: of the ages,,,and God of the ages,,standeth,of the ages,,Review Charles editorial marker before using this wording in an appendix.
1 Enoch 9:6,supplied_text; emended_text,"Thou seest what Azâzêl hath done, who hath taught all unrighteousness on earth and revealed the eternal secrets which were (preserved) in heaven, which men were striving to learn:",Charles supplied text: preserved; Charles emended text: learn,,,,,preserved,learn,,Review Charles editorial marker before using this wording in an appendix.
1 Enoch 9:10,emended_text,"And now, behold, the souls of those who have died are crying and making their suit to the gates of heaven, and their lamentations have ascended: and cannot cease because of the lawless deeds which are wrought on the earth.",Charles emended text: cease,,,,,,cease,,Review Charles editorial marker before using this wording in an appendix.
1 Enoch 10:1,emended_text,"Then said the Most High, the Holy and Great One spake, and sent Uriel to the son of Lamech, and said to him:",Charles emended text: Uriel,,,,,,Uriel,,Review Charles editorial marker before using this wording in an appendix.
1 Enoch 10:2,restored_text,"‘Go to Noah and tell him in my name “Hide thyself!”, and reveal to him the end that is approaching: that the whole earth will be destroyed, and a deluge is about to come upon the whole earth, and will destroy all that is on it.",Charles restored text: Go to Noah and,,,Go to Noah and,,,,,Review Charles editorial marker before using this wording in an appendix.
1 Enoch 10:7,emended_text,"And heal the earth which the angels have corrupted, and proclaim the healing of the earth, that they may heal the plague, and that all the children of men may not perish through all the secret things that the Watchers have disclosed and have taught their sons.",Charles emended text: disclosed,,,,,,disclosed,,Review Charles editorial marker before using this wording in an appendix.
1 Enoch 10:9,interpolations,"And to Gabriel said the Lord: ‘Proceed against the bastards and the reprobates, and against the children of fornication: and destroy the children of fornication and the children of the Watchers from amongst men: and cause them to go forth: send them one against the other that they may destroy each other in battle: for length of days shall they not have.",Charles marks interpolation: the children of fornication and; and cause them to go forth,,,,the children of fornication and; and cause them to go forth,,,,Review Charles editorial marker before using this wording in an appendix.
1 Enoch 10:10,supplied_text,"And no request that they (i. e. their fathers) make of thee shall be granted unto their fathers on their behalf; for they hope to live an eternal life, and that each one of them will live five hundred years.’",Charles supplied text: _i. e._ their fathers,,,,,_i. e._ their fathers,,,Review supplied wording against Ethiopic base and any extant witnesses.
1 Enoch 10:11,emended_text,"And the Lord said unto Michael: ‘Go, bind Semjâzâ and his associates who have united themselves with women so as to have defiled themselves with them in all their uncleanness.",Charles emended text: bind,,,,,,bind,,Review Charles editorial marker before using this wording in an appendix.
1 Enoch 10:12,emended_text,"And, when their sons have slain one another, and they have seen the destruction of their beloved ones, bind them fast for seventy generations in the valleys of the earth, till the day of their judgement and of their consummation, till the judgement that is for ever and ever is consummated.",Charles emended text: valleys,,,,,,valleys,,Review Charles editorial marker before using this wording in an appendix.
1 Enoch 10:13,restored_text,In those days they shall be led off to the abyss of fire: and to the torment and the prison in which they shall be confined for ever.,Charles restored text: and,,,and,,,,,Review Charles editorial marker before using this wording in an appendix.
1 Enoch 10:14,emended_text,And whosoever shall be condemned and destroyed will from thenceforth be bound together with them to the end of all generations.,Charles emended text: condemned,,,,,,condemned,,Review Charles editorial marker before using this wording in an appendix.
1 Enoch 10:16,greek_absent_in_ethiopic,"Destroy all wrong from the face of the earth, and let every evil work come to an end: and let the plant of righteousness and truth appear: and it shall prove a blessing: the works of righteousness and truth shall be planted in truth and joy for evermore.",G^g has text absent from Ethiopic: and it shall prove a blessing: the works of righteousness and truth,and it shall prove a blessing: the works of righteousness and truth,,,,,,,Compare extant Greek witness with Ethiopic-base Charles text.
1 Enoch 10:17,emended_text,"And then shall all the righteous escape, And shall live till they beget thousands of children, And all the days of their youth and their old age shall they complete in peace.",Charles emended text: old age,,,,,,old age,,Review Charles editorial marker before using this wording in an appendix.
1 Enoch 10:19,supplied_text,"And all desirable trees shall be planted on it, and they shall plant vines on it: and the vine which they plant thereon shall yield wine in abundance, and as for all the seed which is sown thereon each measure (of it) shall bear a thousand, and each measure of olives shall yield ten presses of oil.",Charles supplied text: of it,,,,,of it,,,Review supplied wording against Ethiopic base and any extant witnesses.
1 Enoch 10:21,greek_absent_in_ethiopic,"And all the children of men shall become righteous, and all nations shall offer adoration and shall praise Me, and all shall worship Me.",G^g has text absent from Ethiopic: And all the children of men shall become righteous,And all the children of men shall become righteous,,,,,,,Compare extant Greek witness with Ethiopic-base Charles text.
1 Enoch 10:22,supplied_text,"And the earth shall be cleansed from all defilement, and from all sin, and from all punishment, and from all torment, and I will never again send (them) upon it from generation to generation and for ever.",Charles supplied text: them,,,,,them,,,Review supplied wording against Ethiopic base and any extant witnesses.
1 Enoch 11:1,greek_absent_in_ethiopic,"And in those days I will open the store chambers of blessing which are in the heaven, so as to send them down upon the earth over the work and labour of the children of men.",G^g has text absent from Ethiopic: upon the earth,upon the earth,,,,,,,Compare extant Greek witness with Ethiopic-base Charles text.
1 Enoch 11:2,emended_text,And truth and peace shall be associated together throughout all the days of the world and throughout all the generations of men.’,Charles emended text: of men,,,,,,of men,,Review Charles editorial marker before using this wording in an appendix.
1 Enoch 12:3,emended_text,"And I, Enoch, was blessing the Lord of majesty and the King of the ages, and lo! the Watchers called me—Enoch the scribe—and said to me:",Charles emended text: majesty,,,,,,majesty,,Review Charles editorial marker before using this wording in an appendix.
1 Enoch 12:4,corrupt_text,"‘Enoch, thou scribe of righteousness, go, declare to the Watchers of the heaven who have left the high heaven, the holy eternal place, and have defiled themselves with women, and have done as the children of earth do, and have taken unto themselves wives: “Ye have wrought great destruction on the earth:",Charles marks corrupt text: declare,,,,,,,declare,Review Charles editorial marker before using this wording in an appendix.
1 Enoch 12:5,corrupt_text,"And ye shall have no peace nor forgiveness of sin: and inasmuch as they delight themselves in their children,",Charles marks corrupt text: they; their,,,,,,,they; their,Review Charles editorial marker before using this wording in an appendix.
1 Enoch 12:6,corrupt_text,"The murder of their beloved ones shall they see, and over the destruction of their children shall they lament, and shall make supplication unto eternity, but mercy and peace shall ye not attain.”’",Charles marks corrupt text: their; they; their; they,,,,,,,their; they; their; they,Review Charles editorial marker before using this wording in an appendix.
1 Enoch 13:2,corrupt_text,"And thou shalt not have toleration nor request granted to thee, because of the unrighteousness which thou hast taught, and because of all the works of godlessness and unrighteousness and sin which thou hast shown to men.’",Charles marks corrupt text: request,,,,,,,request,Review Charles editorial marker before using this wording in an appendix.
1 Enoch 13:5,supplied_text,For from thenceforward they could not speak (with Him) nor lift up their eyes to heaven for shame of their sins for which they had been condemned.,Charles supplied text: with Him,,,,,with Him,,,Review supplied wording against Ethiopic base and any extant witnesses.
1 Enoch 13:6,restored_text; corrupt_text,"Then I wrote out their petition, and the prayer in regard to their spirits and their deeds individually and in regard to their requests that they should have forgiveness and length of days.",Charles restored text: of days; Charles marks corrupt text: in regard to their spirits and their deeds individually and in regard to their requests that they should have forgiveness and length ‹of days›,,,of days,,,,in regard to their spirits and their deeds individually and in regard to their requests that they should have forgiveness and length ‹of days›,Review Charles editorial marker before using this wording in an appendix.
1 Enoch 13:8,greek_absent_in_ethiopic; supplied_text,"And behold a dream came to me, and visions fell down upon me, and I saw visions of chastisement, and a voice came bidding (me) to tell it to the sons of heaven, and reprimand them.",G^g has text absent from Ethiopic: and a voice came bidding (me); Charles supplied text: me,and a voice came bidding (me),,,,me,,,Compare extant Greek witness with Ethiopic-base Charles text.
1 Enoch 14:3,ethiopic_absent_in_greek,"As He hath created and given to man the power of understanding the word of wisdom, so hath He created me also and given me the power of reprimanding the Watchers, the children of heaven.","Ethiopic has text absent from G^g/G^s: to man the power of understanding the word of wisdom, so hath He created me also and given",,"to man the power of understanding the word of wisdom, so hath He created me also and given",,,,,,Compare extant Greek witness with Ethiopic-base Charles text.
1 Enoch 14:4,ethiopic_absent_in_greek; supplied_text,"I wrote out your petition, and in my vision it appeared thus, that your petition will not be granted unto you throughout all the days of eternity, and that judgement has been finally passed upon you: yea (your petition) will not be granted unto you.","Ethiopic has text absent from G^g/G^s: throughout all the days of eternity, and that judgement has been finally passed upon you: yea (your petition) will not be granted unto you; Charles supplied text: your petition",,"throughout all the days of eternity, and that judgement has been finally passed upon you: yea (your petition) will not be granted unto you",,,your petition,,,Compare extant Greek witness with Ethiopic-base Charles text.
1 Enoch 14:5,greek_absent_in_ethiopic,"And from henceforth you shall not ascend into heaven unto all eternity, and in bonds of the earth the decree has gone forth to bind you for all the days of the world.",G^g has text absent from Ethiopic: in bonds,in bonds,,,,,,,Compare extant Greek witness with Ethiopic-base Charles text.
1 Enoch 14:6,supplied_text,"And (that) previously you shall have seen the destruction of your beloved sons and you shall have no pleasure in them, but they shall fall before you by the sword.",Charles supplied text: that,,,,,that,,,Review supplied wording against Ethiopic base and any extant witnesses.
1 Enoch 14:7,emended_text,"And your petition on their behalf shall not be granted, nor yet on your own: even though you weep and pray and speak all the words contained in the writing which I have written.",Charles emended text: speak all the words,,,,,,speak all the words,,Review Charles editorial marker before using this wording in an appendix.
1 Enoch 14:8,emended_text,"And the vision was shown to me thus: Behold, in the vision clouds invited me and a mist summoned me, and the course of the stars and the lightnings sped and hastened me, and the winds in the vision caused me to fly and lifted me upward, and bore me into heaven.",Charles emended text: hastened,,,,,,hastened,,Review Charles editorial marker before using this wording in an appendix.
1 Enoch 14:10,supplied_text,"And I went into the tongues of fire and drew nigh to a large house which was built of crystals: and the walls of the house were like a tesselated floor (made) of crystals, and its groundwork was of crystal.",Charles supplied text: made,,,,,made,,,Review supplied wording against Ethiopic base and any extant witnesses.
1 Enoch 14:11,supplied_text,"Its ceiling was like the path of the stars and the lightnings, and between them were fiery cherubim, and their heaven was (clear as) water.",Charles supplied text: clear as,,,,,clear as,,,Review supplied wording against Ethiopic base and any extant witnesses.
1 Enoch 14:18,ethiopic_absent_in_greek; emended_text,"And I looked and saw therein a lofty throne: its appearance was as crystal, and the wheels thereof as the shining sun, and there was the vision of cherubim.",Ethiopic has text absent from G^g/G^s: therein; Charles emended text: vision,,therein,,,,vision,,Compare extant Greek witness with Ethiopic-base Charles text.
1 Enoch 14:22,supplied_text,"The flaming fire was round about Him, and a great fire stood before Him, and none around could draw nigh Him: ten thousand times ten thousand (stood) before Him, yet He needed no counsellor.",Charles supplied text: stood,,,,,stood,,,Review supplied wording against Ethiopic base and any extant witnesses.
1 Enoch 14:25,greek_absent_in_ethiopic,"And one of the holy ones came to me and waked me, and He made me rise up and approach the door: and I bowed my face downwards.",G^g has text absent from Ethiopic: And one of the holy ones came to me and waked me,And one of the holy ones came to me and waked me,,,,,,,Compare extant Greek witness with Ethiopic-base Charles text.
1 Enoch 15:2,ethiopic_absent_in_greek,"And go, say to the Watchers of heaven, who have sent thee to intercede for them: “You should intercede for men, and not men for you:",Ethiopic has text absent from G^g/G^s: the Watchers of heaven; for them: “You should intercede,,the Watchers of heaven; for them: “You should intercede,,,,,,Compare extant Greek witness with Ethiopic-base Charles text.
1 Enoch 15:3,supplied_text,"Wherefore have ye left the high, holy, and eternal heaven, and lain with women, and defiled yourselves with the daughters of men and taken to yourselves wives, and done like the children of earth, and begotten giants (as your) sons.",Charles supplied text: as your,,,,,as your,,,Review supplied wording against Ethiopic base and any extant witnesses.
1 Enoch 15:4,greek_absent_in_ethiopic; supplied_text; emended_text,"And though ye were holy, spiritual, living the eternal life, you have defiled yourselves with the blood of women, and have begotten (children) with the blood of flesh, and, as the children of men, have lusted after flesh and blood as those also do who die and perish.",G^g has text absent from Ethiopic: also; Charles supplied text: children; Charles emended text: as the children,also,,,,children,as the children,,Compare extant Greek witness with Ethiopic-base Charles text.
1 Enoch 15:6,greek_absent_in_ethiopic,"But you were formerly spiritual, living the eternal life, and immortal for all generations of the world.",G^g has text absent from Ethiopic: formerly,formerly,,,,,,,Compare extant Greek witness with Ethiopic-base Charles text.
1 Enoch 15:9,greek_absent_in_ethiopic; ethiopic_absent_in_greek; emended_text,"Evil spirits have proceeded from their bodies; because they are born from men, and from the holy Watchers is their beginning and primal origin; they shall be evil spirits on earth, and evil spirits shall they be called.","G^g has text absent from Ethiopic: they shall be evil spirits on earth, and; Ethiopic has text absent from G^g/G^s: and; Charles emended text: men","they shall be evil spirits on earth, and",and,,,,men,,Compare extant Greek witness with Ethiopic-base Charles text.
1 Enoch 15:11,greek_absent_in_ethiopic; emended_text,"And the spirits of the giants afflict, oppress, destroy, attack, do battle, and work destruction on the earth, and cause trouble: they take no food, but nevertheless hunger and thirst, and cause offences.",G^g has text absent from Ethiopic: but nevertheless hunger; Charles emended text: afflict,but nevertheless hunger,,,,,afflict,,Compare extant Greek witness with Ethiopic-base Charles text.
1 Enoch 15:12,greek_absent_in_ethiopic,"And these spirits shall rise up against the children of men and against the women, because they have proceeded from them.",G^g has text absent from Ethiopic: from them,from them,,,,,,,Compare extant Greek witness with Ethiopic-base Charles text.
1 Enoch 16:1,greek_absent_in_ethiopic,"From the days of the slaughter and destruction and death of the giants, from the souls of whose flesh the spirits, having gone forth, shall destroy without incurring judgement—thus shall they destroy until the day of the consummation, the great judgement in which the age shall be consummated over the Watchers and the godless, yea, shall be wholly consummated.”",G^g has text absent from Ethiopic: of the giants; judgement,of the giants; judgement,,,,,,,Compare extant Greek witness with Ethiopic-base Charles text.
1 Enoch 16:2,ethiopic_absent_in_greek; supplied_text,"And now as to the Watchers who have sent thee to intercede for them, who had been aforetime in heaven, (say to them):",Ethiopic has text absent from G^g/G^s: aforetime; Charles supplied text: say to them,,aforetime,,,say to them,,,Compare extant Greek witness with Ethiopic-base Charles text.
1 Enoch 16:3,greek_absent_in_ethiopic,"“You have been in heaven, but all the mysteries had not yet been revealed to you, and you knew worthless ones, and these in the hardness of your hearts you have made known to the women, and through these mysteries women and men work much evil on earth.”",G^g has text absent from Ethiopic: all,all,,,,,,,Compare extant Greek witness with Ethiopic-base Charles text.
1 Enoch 17:1,greek_absent_in_ethiopic,"And they took and brought me to a place in which those who were there were like flaming fire, and when they wished, they appeared as men.",G^g has text absent from Ethiopic: and,and,,,,,,,Compare extant Greek witness with Ethiopic-base Charles text.
1 Enoch 17:3,greek_absent_in_ethiopic; ethiopic_absent_in_greek; emended_text,"And I saw the places of the luminaries and the treasuries of the stars and of the thunder, and in the uttermost depths, where were a fiery bow and arrows and their quiver, and a fiery sword and all the lightnings.",G^g has text absent from Ethiopic: and the treasuries of the stars; and; Ethiopic has text absent from G^g/G^s: and a fiery sword; Charles emended text: uttermost depths,and the treasuries of the stars; and,and a fiery sword,,,,uttermost depths,,Compare extant Greek witness with Ethiopic-base Charles text.
1 Enoch 17:6,greek_absent_in_ethiopic,"I saw the great rivers and came to the great river and to the great darkness, and went to the place where no flesh walks.",G^g has text absent from Ethiopic: river and to the great,river and to the great,,,,,,,Compare extant Greek witness with Ethiopic-base Charles text.
1 Enoch 18:2,interpolations,And I saw the corner-stone of the earth: I saw the four winds which bear the earth and the firmament of the heaven.,Charles marks interpolation: the earth and,,,,the earth and,,,,Review Charles editorial marker before using this wording in an appendix.
1 Enoch 18:3,ethiopic_absent_in_greek,"And I saw how the winds stretch out the vaults of heaven, and have their station between heaven and earth: these are the pillars of the heaven.",Ethiopic has text absent from G^g/G^s: And I saw how the winds stretch out the vaults of heaven; these are the pillars of the heaven,,And I saw how the winds stretch out the vaults of heaven; these are the pillars of the heaven,,,,,,Compare extant Greek witness with Ethiopic-base Charles text.
1 Enoch 18:5,ethiopic_absent_in_greek,I saw the winds on the earth carrying the clouds: I saw the paths of the angels: I saw at the end of the earth the firmament of the heaven above.,Ethiopic has text absent from G^g/G^s: the paths of the angels: I saw,,the paths of the angels: I saw,,,,,,Compare extant Greek witness with Ethiopic-base Charles text.
1 Enoch 18:7,restored_text; emended_text,"And as for those towards the east one was of coloured stone, and one of pearl, and one of jacinth, and those towards the south of red stone.",Charles restored text: one; Charles emended text: jacinth,,,one,,,jacinth,,Review Charles editorial marker before using this wording in an appendix.
1 Enoch 18:11,ethiopic_absent_in_greek,"And I saw a deep abyss, with columns of heavenly fire, and among them I saw columns of fire fall, which were beyond measure alike towards the height and towards the depth.","Ethiopic has text absent from G^g/G^s: of heavenly fire, and among them I saw columns",,"of heavenly fire, and among them I saw columns",,,,,,Compare extant Greek witness with Ethiopic-base Charles text.
1 Enoch 18:16,greek_absent_in_ethiopic; supplied_text,"And He was wroth with them, and bound them till the time when their guilt should be consummated (even) for ten thousand years.’",G^g has text absent from Ethiopic: for ten thousand years; Charles supplied text: even,for ten thousand years,,,,even,,,Compare extant Greek witness with Ethiopic-base Charles text.
1 Enoch 19:1,ethiopic_absent_in_greek; supplied_text,"And Uriel said to me: ‘Here shall stand the angels who have connected themselves with women, and their spirits, assuming many different forms, are defiling mankind, and shall lead them astray into sacrificing to demons as gods, (here shall they stand), till the day of the great judgement in which they shall be judged till they are made an end of.",Ethiopic has text absent from G^g/G^s: as gods; the day of; Charles supplied text: here shall they stand,,as gods; the day of,,,here shall they stand,,,Compare extant Greek witness with Ethiopic-base Charles text.
1 Enoch 20:4,corrupt_text,"Raguel, one of the holy angels who takes vengeance on the world of the luminaries.",Charles marks corrupt text: takes vengeance on,,,,,,,takes vengeance on,Review Charles editorial marker before using this wording in an appendix.
1 Enoch 20:5,ethiopic_absent_in_greek,"Michael, one of the holy angels, to wit, he that is set over the best part of mankind and over chaos.",Ethiopic has text absent from G^g/G^s: and,,and,,,,,,Compare extant Greek witness with Ethiopic-base Charles text.
1 Enoch 21:6,greek_absent_in_ethiopic,"These are of the number of the stars of heaven which have transgressed the commandment of the Lord, and are bound here till ten thousand years, the time entailed by their sins, are consummated.’",G^g has text absent from Ethiopic: of heaven,of heaven,,,,,,,Compare extant Greek witness with Ethiopic-base Charles text.
1 Enoch 21:10,ethiopic_absent_in_greek,"And he said unto me: ‘This place is the prison of the angels, and here they will be imprisoned for ever.’",Ethiopic has text absent from G^g/G^s: unto me,,unto me,,,,,,Compare extant Greek witness with Ethiopic-base Charles text.
1 Enoch 22:1,greek_absent_in_ethiopic; interpolations,"And thence I went to another place, and he showed me in the west another great and high mountain and of hard rock. E",G^g has text absent from Ethiopic: another; Charles marks interpolation: and,another,,,and,,,,Compare extant Greek witness with Ethiopic-base Charles text.
1 Enoch 22:2,emended_text; corrupt_text,"And there was in it four hollow places, deep and wide and very smooth. How smooth are the hollow places and deep and dark to look at. G^g And there were four hollow places in it, deep and very smooth: three of them were dark and one bright; and there was a fountain of water in its midst. And I said: ‘How smooth are these hollow places, and deep and dark to view.’",Charles emended text: hollow; the hollow places; Charles marks corrupt text: four; How; four; three; How,,,,,,hollow; the hollow places,four; How; four; three; How,Review Charles editorial marker before using this wording in an appendix.
1 Enoch 22:4,interpolations; supplied_text; emended_text,"And these places have been made to receive them till the day of their judgement and till their appointed period till the period appointed, till the great judgement (comes) upon them.’ E",Charles marks interpolation: till the period appointed; Charles supplied text: comes; Charles emended text: have been made,,,,till the period appointed,comes,have been made,,Review Charles editorial marker before using this wording in an appendix.
1 Enoch 22:5,restored_text; emended_text,"I saw the spirits of the children of men who were dead, and their voice went forth to heaven and made suit. I saw the spirit of a dead man making suit, and his voice went forth to heaven and made suit.",Charles restored text: the spirit of; Charles emended text: a dead man,,,the spirit of,,,a dead man,,Review Charles editorial marker before using this wording in an appendix.
1 Enoch 22:8,emended_text,"Then I asked regarding it, and regarding all the hollow places: ‘Why is one separated from the other?’ G^g Then I asked regarding all the hollow places: ‘Why is one separated from the other?’ E",Charles emended text: hollow places,,,,,,hollow places,,Review Charles editorial marker before using this wording in an appendix.
1 Enoch 22:9,restored_text; emended_text,"And he answered me and said unto me: ‘These three have been made that the spirits of the dead might be separated. And such a division has been made for the spirits of the righteous, in which there is the bright spring of water. And he answered me saying: ‘These three have been made that the spirits of the dead might be separated. And this division has been made for the spirits of the righteous, in which there is the bright spring of water.",Charles restored text: for; Charles emended text: bright; this,,,for,,,bright; this,,Review Charles editorial marker before using this wording in an appendix.
1 Enoch 22:10,emended_text,And such has been made for sinners when they die and are buried in the earth and judgement has not been executed on them in their lifetime. And this has been made for sinners when they die and are buried in the earth and judgement has not been executed upon them in their lifetime.,Charles emended text: And; this,,,,,,And; this,,Review Charles editorial marker before using this wording in an appendix.
1 Enoch 22:11,supplied_text; emended_text; corrupt_text,"Here their spirits shall be set apart in this great pain till the great day of judgement and punishment and torment of those who curse for ever, and retribution for their spirits. There He shall bind them for ever. Here their spirits shall be set apart in this great pain, till the great day of judgement, scourgings, and torments of the accursed for ever, so that (there may be) retribution for their spirits. There He shall bind them for ever.",Charles supplied text: there may be; Charles emended text: so that; Charles marks corrupt text: curse,,,,,there may be,so that,curse,Review Charles editorial marker before using this wording in an appendix.
1 Enoch 22:12,emended_text,"And such a division has been made for the spirits of those who make their suit, who make disclosures concerning their destruction, when they were slain in the days of the sinners. And this division has been made for the spirits of those who make their suit, who make disclosures concerning their destruction, when they were slain in the days of the sinners.",Charles emended text: this,,,,,,this,,Review Charles editorial marker before using this wording in an appendix.
1 Enoch 22:13,emended_text,"Such has been made for the spirits of men who were not righteous but sinners, who were complete in transgression, and of the transgressors they shall be companions: but their spirits shall not be slain in the day of judgement nor shall they be raised from thence.’ And this has been made for the spirits of men who shall not be righteous but sinners, who are godless, and of the lawless they shall be companions: but their spirits shall not be punished in the day of judgement nor shall they be raised from thence.’",Charles emended text: this,,,,,,this,,Review Charles editorial marker before using this wording in an appendix.
1 Enoch 23:2,ethiopic_absent_in_greek; supplied_text,"And I saw a burning fire which ran without resting, and paused not from its course day or night but (ran) regularly.",Ethiopic has text absent from G^g/G^s: burning; Charles supplied text: ran,,burning,,,ran,,,Compare extant Greek witness with Ethiopic-base Charles text.
1 Enoch 23:4,greek_absent_in_ethiopic; ethiopic_absent_in_greek; corrupt_text,"Then Raguel, one of the holy angels who was with me, answered me and said unto me: ‘This course of fire which thou hast seen is the fire in the west which persecutes all the luminaries of heaven.’",G^g has text absent from Ethiopic: of fire; Ethiopic has text absent from G^g/G^s: and said unto me; which thou hast seen; Charles marks corrupt text: persecutes,of fire,and said unto me; which thou hast seen,,,,,persecutes,Compare extant Greek witness with Ethiopic-base Charles text.
1 Enoch 24:1,ethiopic_absent_in_greek,"And from thence I went to another place of the earth, and he showed me a mountain range of fire which burnt day and night.",Ethiopic has text absent from G^g/G^s: And from thence I went to another place of the earth; day and,,And from thence I went to another place of the earth; day and,,,,,,Compare extant Greek witness with Ethiopic-base Charles text.
1 Enoch 24:2,ethiopic_absent_in_greek; supplied_text,"And I went beyond it and saw seven magnificent mountains all differing each from the other, and the stones (thereof) were magnificent and beautiful, magnificent as a whole, of glorious appearance and fair exterior: three towards the east, one founded on the other, and three towards the south, one upon the other, and deep rough ravines, no one of which joined with any other.",Ethiopic has text absent from G^g/G^s: three towards; one; one; Charles supplied text: thereof,,three towards; one; one,,,thereof,,,Compare extant Greek witness with Ethiopic-base Charles text.
1 Enoch 24:4,ethiopic_absent_in_greek,"And amongst them was a tree such as I had never yet smelt, neither was any amongst them nor were others like it: it had a fragrance beyond all fragrance, and its leaves and blooms and wood wither not for ever: and its fruit is beautiful, and its fruit resembles the dates of a palm.","Ethiopic has text absent from G^g/G^s: is beautiful, and its fruit",,"is beautiful, and its fruit",,,,,,Compare extant Greek witness with Ethiopic-base Charles text.
1 Enoch 24:5,greek_absent_in_ethiopic; ethiopic_absent_in_greek,"Then I said: ‘How beautiful is this tree, and fragrant, and its leaves are fair, and its blooms very delightful in appearance.’",G^g has text absent from Ethiopic: How; Ethiopic has text absent from G^g/G^s: very,How,very,,,,,,Compare extant Greek witness with Ethiopic-base Charles text.
1 Enoch 24:6,ethiopic_absent_in_greek,"Then answered Michael, one of the holy and honoured angels who was with me, and was their leader,",Ethiopic has text absent from G^g/G^s: and honoured,,and honoured,,,,,,Compare extant Greek witness with Ethiopic-base Charles text.
1 Enoch 25:1,greek_absent_in_ethiopic,"And he said unto me: ‘Enoch, why dost thou ask me regarding the fragrance of the tree, and why dost thou wish to learn the truth?’",G^g has text absent from Ethiopic: why,why,,,,,,,Compare extant Greek witness with Ethiopic-base Charles text.
1 Enoch 25:2,ethiopic_absent_in_greek,"Then I answered him, saying: ‘I wish to know about everything, but especially about this tree.’",Ethiopic has text absent from G^g/G^s: saying,,saying,,,,,,Compare extant Greek witness with Ethiopic-base Charles text.
1 Enoch 25:3,ethiopic_absent_in_greek,"And he answered, saying: ‘This high mountain which thou hast seen, whose summit is like the throne of God, is His throne, where the Holy Great One, the Lord of Glory, the Eternal King will sit, when He shall come down to visit the earth with goodness.",Ethiopic has text absent from G^g/G^s: which thou hast seen,,which thou hast seen,,,,,,Compare extant Greek witness with Ethiopic-base Charles text.
1 Enoch 25:4,supplied_text,"And as for this fragrant tree no mortal is permitted to touch it till the great judgement, when He shall take vengeance on all and bring (everything) to its consummation for ever. It shall then be given to the righteous and holy.",Charles supplied text: everything,,,,,everything,,,Review supplied wording against Ethiopic base and any extant witnesses.
1 Enoch 25:5,emended_text,"Its fruit shall be for food to the elect: it shall be transplanted to the holy place, to the temple of the Lord, the Eternal King.",Charles emended text: shall be,,,,,,shall be,,Review Charles editorial marker before using this wording in an appendix.
1 Enoch 25:6,ethiopic_absent_in_greek,"Then shall they rejoice with joy and be glad. And into the holy place shall they enter; And its fragrance shall be in their bones, And they shall live a long life on earth, Such as thy fathers lived: And in their days shall no sorrow or plague Or torment or calamity touch them.’",Ethiopic has text absent from G^g/G^s: sorrow or,,sorrow or,,,,,,Compare extant Greek witness with Ethiopic-base Charles text.
1 Enoch 26:1,greek_absent_in_ethiopic; interpolations,"And I went from thence to the middle of the earth, and I saw a blessed place in which there were trees with branches abiding and blooming of a dismembered tree.",G^g has text absent from Ethiopic: in which there were trees; Charles marks interpolation: of a dismembered tree,in which there were trees,,,of a dismembered tree,,,,Compare extant Greek witness with Ethiopic-base Charles text.
1 Enoch 26:2,ethiopic_absent_in_greek,"And there I saw a holy mountain, and underneath the mountain to the east there was a stream and it flowed towards the south.",Ethiopic has text absent from G^g/G^s: and,,and,,,,,,Compare extant Greek witness with Ethiopic-base Charles text.
1 Enoch 26:3,greek_absent_in_ethiopic,"And I saw towards the east another mountain higher than this, and between them a deep and narrow ravine: in it also ran a stream underneath the mountain.",G^g has text absent from Ethiopic: underneath,underneath,,,,,,,Compare extant Greek witness with Ethiopic-base Charles text.
1 Enoch 26:4,greek_absent_in_ethiopic,"And to the west thereof there was another mountain, lower than the former and of small elevation, and a ravine deep and dry between them: and another deep and dry ravine was at the extremities of the three mountains.",G^g has text absent from Ethiopic: deep and dry; mountains,deep and dry; mountains,,,,,,,Compare extant Greek witness with Ethiopic-base Charles text.
1 Enoch 26:5,ethiopic_absent_in_greek; supplied_text,"And all the ravines were deep and narrow, (being formed) of hard rock, and trees were not planted upon them.",Ethiopic has text absent from G^g/G^s: and narrow; Charles supplied text: being formed,,and narrow,,,being formed,,,Compare extant Greek witness with Ethiopic-base Charles text.
1 Enoch 26:6,ethiopic_absent_in_greek,"And I marvelled at the rocks, and I marvelled at the ravine, yea, I marvelled very much.","Ethiopic has text absent from G^g/G^s: at the rocks, and I marvelled",,"at the rocks, and I marvelled",,,,,,Compare extant Greek witness with Ethiopic-base Charles text.
1 Enoch 27:1,ethiopic_absent_in_greek,"Then said I: ‘For what object is this blessed land, which is entirely filled with trees, and this accursed valley between?’",Ethiopic has text absent from G^g/G^s: between?,,between?,,,,,,Compare extant Greek witness with Ethiopic-base Charles text.
1 Enoch 27:2,greek_absent_in_ethiopic; ethiopic_absent_in_greek,"Then Uriel, one of the holy angels who was with me, answered and said: ‘This valley is for those who are accursed for ever: here shall all the accursed be gathered together who utter with their lips against the Lord unseemly words and of His glory speak hard things. E Here shall they be gathered together, and here shall be their place of judgement.","G^g has text absent from Ethiopic: the accursed; Ethiopic has text absent from G^g/G^s: Then Uriel, one of the holy angels who was with me, answered and said: ‘This",the accursed,"Then Uriel, one of the holy angels who was with me, answered and said: ‘This",,,,,,Compare extant Greek witness with Ethiopic-base Charles text.
1 Enoch 27:3,emended_text,"In the last days there shall be upon them the spectacle of righteous judgement in the presence of the righteous for ever: here shall the merciful bless the Lord of Glory, the Eternal King. G^g Here shall they be gathered together, and here shall be the place of their habitation. In the last times, in the days of the true judgement in the presence of the righteous for ever: here shall the godly bless the Lord of Glory, the Eternal King.",Charles emended text: godly,,,,,,godly,,Review Charles editorial marker before using this wording in an appendix.
1 Enoch 27:4,supplied_text,"In the days of judgement over the former, they shall bless Him for the mercy in accordance with which He has assigned them (their lot).’",Charles supplied text: their lot,,,,,their lot,,,Review supplied wording against Ethiopic base and any extant witnesses.
1 Enoch 27:5,greek_absent_in_ethiopic,Then I blessed the Lord of Glory and set forth His glory and lauded Him gloriously.,G^g has text absent from Ethiopic: glory,glory,,,,,,,Compare extant Greek witness with Ethiopic-base Charles text.
1 Enoch 28:1,ethiopic_absent_in_greek; emended_text,"And thence I went towards the east, into the midst of the mountain range of the desert, and I saw a wilderness and it was solitary, full of trees and plants.",Ethiopic has text absent from G^g/G^s: towards the east; of the mountain range; Charles emended text: and plants,,towards the east; of the mountain range,,,,and plants,,Compare extant Greek witness with Ethiopic-base Charles text.
1 Enoch 28:2,ethiopic_absent_in_greek,And water gushed forth from above.,Ethiopic has text absent from G^g/G^s: And,,And,,,,,,Compare extant Greek witness with Ethiopic-base Charles text.
1 Enoch 28:3,interpolations; emended_text,Rushing like a copious watercourse which flowed towards the north-west it caused clouds and dew to ascend on every side.,Charles marks interpolation: which flowed; Charles emended text: clouds,,,,which flowed,,clouds,,Review Charles editorial marker before using this wording in an appendix.
1 Enoch 29:2,ethiopic_absent_in_greek; emended_text,"And there I saw aromatic trees exhaling the fragrance of frankincense and myrrh, and the trees also were similar to the almond tree.",Ethiopic has text absent from G^g/G^s: there; Charles emended text: aromatic,,there,,,,aromatic,,Compare extant Greek witness with Ethiopic-base Charles text.
1 Enoch 30:1,supplied_text,"And beyond these, I went afar to the east, and I saw another place, a valley (full) of water.",Charles supplied text: full,,,,,full,,,Review supplied wording against Ethiopic base and any extant witnesses.
1 Enoch 30:2,greek_absent_in_ethiopic; supplied_text,"And therein there was a tree, the colour (?) of fragrant trees such as the mastic.",G^g has text absent from Ethiopic: therein there was; Charles supplied text: ?,therein there was,,,,?,,,Compare extant Greek witness with Ethiopic-base Charles text.
1 Enoch 31:1,greek_absent_in_ethiopic,"And I saw other mountains, and amongst them were groves of trees, and there flowed forth from them nectar, which is named sarara and galbanum.",G^g has text absent from Ethiopic: groves of,groves of,,,,,,,Compare extant Greek witness with Ethiopic-base Charles text.
1 Enoch 31:2,greek_absent_in_ethiopic; ethiopic_absent_in_greek; emended_text,"And beyond these mountains I saw another mountain to the east of the ends of the earth, whereon were aloe trees, and all the trees were full of stacte, being like almond trees.",G^g has text absent from Ethiopic: to the east of the ends of the earth; Ethiopic has text absent from G^g/G^s: whereon were aloe trees; Charles emended text: of stacte,to the east of the ends of the earth,whereon were aloe trees,,,,of stacte,,Compare extant Greek witness with Ethiopic-base Charles text.
1 Enoch 31:3,emended_text,"And when one burnt it, it smelt sweeter than any fragrant odour. E",Charles emended text: burnt,,,,,,burnt,,Review Charles editorial marker before using this wording in an appendix.
1 Enoch 32:2,greek_absent_in_ethiopic; ethiopic_absent_in_greek,"And thence I went over the summits of all these mountains, far towards the east of the earth, and passed above the Erythraean sea, and went far from it, and passed over the angel Zotîêl. E",G^g has text absent from Ethiopic: all; of the earth; Ethiopic has text absent from G^g/G^s: the angel,all; of the earth,the angel,,,,,,Compare extant Greek witness with Ethiopic-base Charles text.
1 Enoch 32:3,corrupt_text,"And I came to the Garden of Righteousness, and saw beyond those trees many large trees growing there and of goodly fragrance, large, very beautiful and glorious, and the tree of wisdom whereof they eat and know great wisdom. G^g And I came to the Garden of Righteousness, and from afar off trees more numerous than these trees and great—two trees there, very great, beautiful, and glorious, and magnificent, and the tree of knowledge, whose holy fruit they eat and know great wisdom.",Charles marks corrupt text: two,,,,,,,two,Review Charles editorial marker before using this wording in an appendix.
1 Enoch 32:4,greek_absent_in_ethiopic; supplied_text,"That tree is in height like the fir, and its leaves are like (those of) the Carob tree: and its fruit is like the clusters of the vine, very beautiful: and the fragrance of the tree penetrates afar.","G^g has text absent from Ethiopic: That tree is in height like the fir, and its leaves are; Charles supplied text: those of","That tree is in height like the fir, and its leaves are",,,,those of,,,Compare extant Greek witness with Ethiopic-base Charles text.
1 Enoch 32:5,greek_absent_in_ethiopic,"Then I said: ‘How beautiful is the tree, and how attractive is its look!’",G^g has text absent from Ethiopic: How,How,,,,,,,Compare extant Greek witness with Ethiopic-base Charles text.
1 Enoch 32:6,ethiopic_absent_in_greek; supplied_text,"Then Raphael, the holy angel who was with me, answered me and said: ‘This is the tree of wisdom, of which thy father old (in years) and thy aged mother, who were before thee, have eaten, and they learnt wisdom and their eyes were opened, and they knew that they were naked and they were driven out of the garden.’",Ethiopic has text absent from G^g/G^s: and said; Charles supplied text: in years,,and said,,,in years,,,Compare extant Greek witness with Ethiopic-base Charles text.
1 Enoch 33:1,supplied_text,"And from thence I went to the ends of the earth and saw there great beasts, and each differed from the other; and (I saw) birds also differing in appearance and beauty and voice, the one differing from the other.",Charles supplied text: I saw,,,,,I saw,,,Review supplied wording against Ethiopic base and any extant witnesses.
1 Enoch 34:3,corrupt_text,"And out of one portal they blow for good: but when they blow through the other two portals, it is with violence and affliction on the earth, and they blow with violence.","Charles marks corrupt text: it is with violence and affliction on the earth, and they blow with violence.",,,,,,,"it is with violence and affliction on the earth, and they blow with violence.",Review Charles editorial marker before using this wording in an appendix.
1 Enoch 35:1,corrupt_text,"And from thence I went towards the west to the ends of the earth, and saw there three portals of the heaven open such as I had seen in the east, the same number of portals, and the same number of outlets.",Charles marks corrupt text: east,,,,,,,east,Review Charles editorial marker before using this wording in an appendix.
1 Enoch 36:1,corrupt_text,"And from thence I went to the south to the ends of the earth, and saw there three open portals of the heaven: and thence there come dew, rain, and wind.",Charles marks corrupt text: and wind,,,,,,,and wind,Review Charles editorial marker before using this wording in an appendix.
1 Enoch 36:4,emended_text,"And as often as I saw I blessed always the Lord of Glory, and I continued to bless the Lord of Glory who has wrought great and glorious wonders, to show the greatness of His work to the angels and to spirits and to men, that they might praise His work and all His creation: that they might see the work of His might and praise the great work of His hands and bless Him for ever. THE PARABLES. XXXVII-LXXI.",Charles emended text: spirits,,,,,,spirits,,Review Charles editorial marker before using this wording in an appendix.
1 Enoch 37:3,supplied_text,"It were better to declare (them only) to the men of old time, but even from those that come after we will not withhold the beginning of wisdom.",Charles supplied text: them only,,,,,them only,,,Review supplied wording against Ethiopic base and any extant witnesses.
1 Enoch 37:4,emended_text,"Till the present day such wisdom has never been given by the Lord of Spirits as I have received according to my insight, according to the good pleasure of the Lord of Spirits by whom the lot of eternal life has been given to me.",Charles emended text: by,,,,,,by,,Review Charles editorial marker before using this wording in an appendix.
1 Enoch 38:4,emended_text,"From that time those that possess the earth shall no longer be powerful and exalted: And they shall not be able to behold the face of the holy, For the Lord of Spirits has caused His light to appear On the face of the holy, righteous, and elect.",Charles emended text: has caused His light to appear,,,,,,has caused His light to appear,,Review Charles editorial marker before using this wording in an appendix.
1 Enoch 39:1,corrupt_text,"And it shall come to pass in those days that elect and holy children will descend from the high heaven, and their seed will become one with the children of men.",Charles marks corrupt text: shall come to pass in those days that elect and holy children,,,,,,,shall come to pass in those days that elect and holy children,Review Charles editorial marker before using this wording in an appendix.
1 Enoch 39:5,interpolations; corrupt_text,"Here mine eyes saw their dwellings with His righteous angels, And their resting-places with the holy. And they petitioned and interceded and prayed for the children of men. And righteousness flowed before them as water, And mercy like dew upon the earth: Thus it is amongst them for ever and ever. 6 And in that place mine eyes saw the Elect One of righteousness and of faith, 7 And I saw his dwelling-place under the wings of the Lord of Spirits. 6 And righteousness shall prevail in his days, And the righteous and elect shall be without number before Him for ever and ever. 7 And all the righteous and elect before Him shall be strong as fiery lights, And their mouth shall be full of blessing, And their lips shall extol the name of the Lord of Spirits, And righteousness before Him shall never fail, And uprightness shall never fail before Him.",Charles marks interpolation: And uprightness shall never fail before Him; Charles marks corrupt text: strong,,,,And uprightness shall never fail before Him,,,strong,Review Charles editorial marker before using this wording in an appendix.
1 Enoch 40:6,emended_text,And the third voice I heard pray and intercede for those who dwell on the earth and supplicate in the name of the Lord of Spirits.,Charles emended text: pray and intercede; supplicate,,,,,,pray and intercede; supplicate,,Review Charles editorial marker before using this wording in an appendix.
1 Enoch 43:2,supplied_text,"And I saw how they are weighed in a righteous balance according to their proportions of light: (I saw) the width of their spaces and the day of their appearing, and how their revolution produces lightning: and (I saw) their revolution according to the number of the angels, and (how) they keep faith with each other.",Charles supplied text: I saw; I saw; how,,,,,I saw; I saw; how,,,Review supplied wording against Ethiopic base and any extant witnesses.
1 Enoch 43:4,supplied_text,And he said to me: ‘The Lord of Spirits hath showed thee their parabolic meaning (lit. ‘their parable’): these are the names of the holy who dwell on the earth and believe in the name of the Lord of Spirits for ever and ever.’,Charles supplied text: lit. ‘their parable’,,,,,lit. ‘their parable’,,,Review supplied wording against Ethiopic base and any extant witnesses.
1 Enoch 45:3,emended_text,"On that day Mine Elect, One shall sit on the throne of glory And shall try their works, And their places of rest shall be innumerable. And their souls shall grow strong within them when they see Mine elect ones, And those who have called upon My glorious name:",Charles emended text: try,,,,,,try,,Review Charles editorial marker before using this wording in an appendix.
1 Enoch 46:2,supplied_text; emended_text,"And I asked the angel who went with me and showed me all the hidden things, concerning that Son of Man, who he was, and whence he was, (and) why he went with the Head of Days?",Charles supplied text: and; Charles emended text: angel,,,,,and,angel,,Review Charles editorial marker before using this wording in an appendix.
1 Enoch 46:4,interpolations; corrupt_text,"And this Son of Man whom thou hast seen Shall raise up the kings and the mighty from their seats, And the strong from their thrones And shall loosen the reins of the strong, And break the teeth of the sinners;",Charles marks interpolation: And the strong from their thrones; Charles marks corrupt text: raise up,,,,And the strong from their thrones,,,raise up,Review Charles editorial marker before using this wording in an appendix.
1 Enoch 46:5,interpolations,"And he shall put down the kings from their thrones and kingdoms Because they do not extol and praise Him, Nor humbly acknowledge whence the kingdom was bestowed upon them.",Charles marks interpolation: And he shall put down the kings from their thrones and kingdoms,,,,And he shall put down the kings from their thrones and kingdoms,,,,Review Charles editorial marker before using this wording in an appendix.
1 Enoch 46:7,interpolations; corrupt_text,"And these are they who judge the stars of heaven, And raise their hands against the Most High, And tread upon the earth and dwell upon it. And all their deeds manifest unrighteousness, And their power rests upon their riches, And their faith is in the gods which they have made with their hands, And they deny the name of the Lord of Spirits,",Charles marks interpolation: And raise their hands against the Most High; Charles marks corrupt text: judge; And tread upon the earth and dwell upon it; gods,,,,And raise their hands against the Most High,,,judge; And tread upon the earth and dwell upon it; gods,Review Charles editorial marker before using this wording in an appendix.
1 Enoch 47:2,interpolations,"In those days the holy ones who dwell above in the heavens Shall unite with one voice And supplicate and pray and praise, And give thanks and bless the name of the Lord of Spirits On behalf of the blood of the righteous which has been shed, And that the prayer of the righteous may not be in vain before the Lord of Spirits, That judgement may be done unto them, And that they may not have to suffer for ever.","Charles marks interpolation: and praise, And give thanks and bless the name of the Lord of Spirits",,,,"and praise, And give thanks and bless the name of the Lord of Spirits",,,,Review Charles editorial marker before using this wording in an appendix.
1 Enoch 47:4,emended_text,"And the hearts of the holy were filled with joy; Because the number of the righteous had been offered, And the prayer of the righteous had been heard, And the blood of the righteous been required before the Lord of Spirits.",Charles emended text: had been offered,,,,,,had been offered,,Review Charles editorial marker before using this wording in an appendix.
1 Enoch 48:8,supplied_text,"In those days downcast in countenance shall the kings of the earth have become, And the strong who possess the land because of the works of their hands; For on the day of their anguish and affliction they shall not (be able to) save themselves,",Charles supplied text: be able to,,,,,be able to,,,Review supplied wording against Ethiopic base and any extant witnesses.
1 Enoch 50:2,supplied_text,"On the day of affliction on which evil shall have been treasured up against the sinners. And the righteous shall be victorious in the name of the Lord of Spirits: And He will cause the others to witness (this), That they may repent And forgo the works of their hands.",Charles supplied text: this,,,,,this,,,Review supplied wording against Ethiopic base and any extant witnesses.
1 Enoch 51:3,supplied_text,"And the Elect One shall in those days sit on My throne, And his mouth shall pour forth all the secrets of wisdom and counsel: For the Lord of Spirits hath given (them) to him and hath glorified him.",Charles supplied text: them,,,,,them,,,Review supplied wording against Ethiopic base and any extant witnesses.
1 Enoch 51:4,interpolations,"And in those days shall the mountains leap like rams, And the hills also shall skip like lambs satisfied with milk, And the faces of all the angels in heaven shall be lighted up with joy. 5 And the earth shall rejoice, And the righteous shall dwell upon it, And the elect shall walk thereon. Only six are mentioned; see Charles’ note in his large edition.—EDD.",Charles marks interpolation: all; Only six are mentioned; see Charles’ note in his large edition.—EDD.,,,,all; Only six are mentioned; see Charles’ note in his large edition.—EDD.,,,,Review Charles editorial marker before using this wording in an appendix.
1 Enoch 52:6,interpolations,"And these mountains which thine eyes have seen, The mountain of iron, and the mountain of copper, and the mountain of silver, And the mountain of gold, and the mountain of soft metal, and the mountain of lead, All these shall be in the presence of the Elect One, As wax before the fire, And like the water which streams down from above upon those mountains, And they shall become powerless before his feet.",Charles marks interpolation: upon those mountains,,,,upon those mountains,,,,Review Charles editorial marker before using this wording in an appendix.
1 Enoch 52:8,interpolations,"And there shall be no iron for war, Nor shall one clothe oneself with a breastplate. Bronze shall be of no service, And tin shall be of no service and shall not be esteemed, And lead shall not be desired.",Charles marks interpolation: shall be of no service and,,,,shall be of no service and,,,,Review Charles editorial marker before using this wording in an appendix.
1 Enoch 52:9,interpolations,"And all these things shall be denied and destroyed from the surface of the earth, When the Elect One shall appear before the face of the Lord of Spirits.’",Charles marks interpolation: denied and,,,,denied and,,,,Review Charles editorial marker before using this wording in an appendix.
1 Enoch 53:2,emended_text,"And their hands commit lawless deeds, And the sinners devour all whom they lawlessly oppress: Yet the sinners shall be destroyed before the face of the Lord of Spirits, And they shall be banished from off the face of His earth, And they shall perish for ever and ever.",Charles emended text: oppress,,,,,,oppress,,Review Charles editorial marker before using this wording in an appendix.
1 Enoch 53:3,supplied_text,For I saw all the angels of punishment abiding (there) and preparing all the instruments of Satan.,Charles supplied text: there,,,,,there,,,Review supplied wording against Ethiopic base and any extant witnesses.
1 Enoch 54:10,emended_text,"And when they have recognized their unrighteousness which they have wrought on the earth, then by these shall they perish.’",Charles emended text: when,,,,,,when,,Review Charles editorial marker before using this wording in an appendix.
1 Enoch 55:3,emended_text,"‘When I have desired to take hold of them by the hand of the angels on the day of tribulation and pain because of this, I will cause My chastisement and My wrath to abide upon them, saith God, the Lord of Spirits.",Charles emended text: because of,,,,,,because of,,Review Charles editorial marker before using this wording in an appendix.
1 Enoch 55:4,corrupt_text,"Ye mighty kings who dwell on the earth, ye shall have to behold Mine Elect One, how he sits on the throne of glory and judges Azâzêl, and all his associates, and all his hosts in the name of the Lord of Spirits.’",Charles marks corrupt text: mighty kings,,,,,,,mighty kings,Review Charles editorial marker before using this wording in an appendix.
1 Enoch 56:6,interpolations,"And they shall go up and tread under foot the land of His elect ones, And the land of His elect ones shall be before them a threshing-floor and a highway:",Charles marks interpolation: And the land of His elect ones shall be before them a threshing-floor and a highway,,,,And the land of His elect ones shall be before them a threshing-floor and a highway,,,,Review Charles editorial marker before using this wording in an appendix.
1 Enoch 58:6,interpolations; supplied_text; emended_text,"And there shall be a light that never endeth, And to a limit (lit. ‘number’) of days they shall not come, For the darkness shall first have been destroyed, And the light established before the Lord of Spirits And the light of uprightness established for ever before the Lord of Spirits.",Charles marks interpolation: And the light established before the Lord of Spirits; Charles supplied text: lit. ‘number’; Charles emended text: endeth,,,,And the light established before the Lord of Spirits,lit. ‘number’,endeth,,Review Charles editorial marker before using this wording in an appendix.
1 Enoch 59:1,supplied_text,"In those days mine eyes saw the secrets of the lightnings, and of the lights, and the judgements they execute (lit. ‘their judgement’): and they lighten for a blessing or a curse as the Lord of Spirits willeth.",Charles supplied text: lit. ‘their judgement’,,,,,lit. ‘their judgement’,,,Review supplied wording against Ethiopic base and any extant witnesses.
1 Enoch 59:2,emended_text,"And there I saw the secrets of the thunder, and how when it resounds above in the heaven, the sound thereof is heard, and he caused me to see the judgements executed on the earth, whether they be for well-being and blessing, or for a curse, according to the word of the Lord of Spirits.",Charles emended text: judgements,,,,,,judgements,,Review Charles editorial marker before using this wording in an appendix.
1 Enoch 60:1,corrupt_text,"In the year five hundred, in the seventh month, on the fourteenth day of the month in the life of Enoch. In that Parable I saw how a mighty quaking made the heaven of heavens to quake, and the host of the Most High, and the angels, a thousand thousands and ten thousand times ten thousand, were disquieted with a great disquiet.",Charles marks corrupt text: Enoch,,,,,,,Enoch,Review Charles editorial marker before using this wording in an appendix.
1 Enoch 60:6,emended_text,"And when the day, and the power, and the punishment, and the judgement come, which the Lord of Spirits hath prepared for those who worship not the righteous law, and for those who deny the righteous judgement, and for those who take His name in vain—that day is prepared; for the elect a covenant, but for sinners an inquisition.",Charles emended text: law,,,,,,law,,Review Charles editorial marker before using this wording in an appendix.
1 Enoch 60:8,corrupt_text,"But the male is named Behemoth, who occupied with his breast a waste wilderness named Dûidâin, on the east of the garden where the elect and righteous dwell, where my grandfather was taken up, the seventh from Adam, the first man whom the Lord of Spirits created.",Charles marks corrupt text: Dûidâin,,,,,,,Dûidâin,Review Charles editorial marker before using this wording in an appendix.
1 Enoch 60:12,supplied_text; emended_text,"And the chambers of the winds, and how the winds are divided, and how they are weighed, and (how) the portals of the winds are reckoned, each according to the power of the wind, and the power of the lights of the moon, and according to the power that is fitting: and the divisions of the stars according to their names, and how all the divisions are divided.",Charles supplied text: how; Charles emended text: portals,,,,,how,portals,,Review Charles editorial marker before using this wording in an appendix.
1 Enoch 60:14,supplied_text; corrupt_text,"For the thunder has places of rest (which) are assigned (to it) while it is waiting for its peal; and the thunder and lightning are inseparable, and although not one and undivided, they both go together through the spirit and separate not.",Charles supplied text: which; to it; Charles marks corrupt text: places of rest,,,,,which; to it,,places of rest,Review Charles editorial marker before using this wording in an appendix.
1 Enoch 60:18,supplied_text,"And the spirit of the snow has forsaken (his chamber) on account of his strength—there is a special spirit therein, and that which ascends from it is like smoke, and its name is frost.",Charles supplied text: his chamber,,,,,his chamber,,,Review supplied wording against Ethiopic base and any extant witnesses.
1 Enoch 60:19,corrupt_text,"And the spirit of the mist is not united with them in their chambers, but it has a special chamber; for its course is glorious both in light and in darkness, and in winter and in summer, and in its chamber is an angel.",Charles marks corrupt text: glorious,,,,,,,glorious,Review Charles editorial marker before using this wording in an appendix.
1 Enoch 61:2,supplied_text,"And I asked the angel, saying unto him: ‘Why have those (angels) taken these cords and gone off?’ And he said unto me: ‘They have gone to measure.’",Charles supplied text: angels,,,,,angels,,,Review supplied wording against Ethiopic base and any extant witnesses.
1 Enoch 61:7,supplied_text,"And that One (with) their first words they blessed, And extolled and lauded with wisdom, And they were wise in utterance and in the spirit of life.",Charles supplied text: with,,,,,with,,,Review supplied wording against Ethiopic base and any extant witnesses.
1 Enoch 61:10,supplied_text,"And He will summon all the host of the heavens, and all the holy ones above, and the host of God, the Cherubin, Seraphin, and Ophannin, and all the angels of power, and all the angels of principalities, and the Elect One, and the other powers on the earth (and) over the water.",Charles supplied text: and,,,,,and,,,Review supplied wording against Ethiopic base and any extant witnesses.
1 Enoch 62:4,interpolations,"Then shall pain come upon them as on a woman in travail, And she has pain in bringing forth When her child enters the mouth of the womb, And she has pain in bringing forth.",Charles marks interpolation: And she has pain in bringing forth,,,,And she has pain in bringing forth,,,,Review Charles editorial marker before using this wording in an appendix.
1 Enoch 62:11,emended_text,"And He will deliver them to the angels for punishment, To execute vengeance on them because they have oppressed His children and His elect.",Charles emended text: He will deliver,,,,,,He will deliver,,Review Charles editorial marker before using this wording in an appendix.
1 Enoch 63:1,supplied_text,"In those days shall the mighty and the kings who possess the earth implore (Him) to grant them a little respite from His angels of punishment to whom they were delivered, that they might fall down and worship before the Lord of Spirits, and confess their sins before Him.",Charles supplied text: Him,,,,,Him,,,Review supplied wording against Ethiopic base and any extant witnesses.
1 Enoch 63:6,supplied_text,"And now we long for a little rest, but find it not: We follow hard upon (it) and obtain (it) not: And light has vanished from before us, And darkness is our dwelling-place for ever and ever:",Charles supplied text: it; it,,,,,it; it,,,Review supplied wording against Ethiopic base and any extant witnesses.
1 Enoch 63:7,interpolations,"For we have not believed before Him, Nor glorified the name of the Lord of Spirits, nor glorified our Lord But our hope was in the sceptre of our kingdom, And in our glory.",Charles marks interpolation: nor glorified our Lord,,,,nor glorified our Lord,,,,Review Charles editorial marker before using this wording in an appendix.
1 Enoch 63:10,corrupt_text,"Now they will say unto themselves: ‘Our souls are full of unrighteous gain, but it does not prevent us from descending from the midst thereof into the burden of Sheol.’",Charles marks corrupt text: burden,,,,,,,burden,Review Charles editorial marker before using this wording in an appendix.
1 Enoch 65:10,emended_text,"And He said unto me: “Because of their unrighteousness their judgement has been determined upon and shall not be withheld by Me for ever. Because of the sorceries which they have searched out and learnt, the earth and those who dwell upon it shall be destroyed.”",Charles emended text: withheld; sorceries,,,,,,withheld; sorceries,,Review Charles editorial marker before using this wording in an appendix.
1 Enoch 65:11,emended_text,"And these—they have no place of repentance for ever, because they have shown them what was hidden, and they are the damned: but as for thee, my son, the Lord of Spirits knows that thou art pure, and guiltless of this reproach concerning the secrets.",Charles emended text: place of repentance,,,,,,place of repentance,,Review Charles editorial marker before using this wording in an appendix.
1 Enoch 66:1,interpolations,And after that he showed me the angels of punishment who are prepared to come and let loose all the powers of the waters which are beneath in the earth in order to bring judgement and destruction on all who abide and dwell on the earth.,Charles marks interpolation: abide and,,,,abide and,,,,Review Charles editorial marker before using this wording in an appendix.
1 Enoch 66:2,emended_text,"And the Lord of Spirits gave commandment to the angels who were going forth, that they should not cause the waters to rise but should hold them in check; for those angels were over the powers of the waters.",Charles emended text: the waters,,,,,,the waters,,Review Charles editorial marker before using this wording in an appendix.
1 Enoch 67:2,supplied_text,"And now the angels are making a wooden (building), and when they have completed that task I will place My hand upon it and preserve it, and there shall come forth from it the seed of life, and a change shall set in so that the earth will not remain without inhabitant.",Charles supplied text: building,,,,,building,,,Review supplied wording against Ethiopic base and any extant witnesses.
1 Enoch 67:3,emended_text,"And I will make fast thy seed before me for ever and ever, and I will spread abroad those who dwell with thee: it shall not be unfruitful on the face of the earth, but it shall be blessed and multiply on the earth in the name of the Lord.’",Charles emended text: be unfruitful,,,,,,be unfruitful,,Review Charles editorial marker before using this wording in an appendix.
1 Enoch 67:6,supplied_text,"And when all this took place, from that fiery molten metal and from the convulsion thereof in that place, there was produced a smell of sulphur, and it was connected with those waters, and that valley of the angels who had led astray (mankind) burned beneath that land.",Charles supplied text: mankind,,,,,mankind,,,Review supplied wording against Ethiopic base and any extant witnesses.
1 Enoch 67:13,emended_text,Because these waters of judgement minister to the healing of the body of the kings and the lust of their body; therefore they will not see and will not believe that those waters will change and become a fire which burns for ever.,Charles emended text: kings,,,,,,kings,,Review Charles editorial marker before using this wording in an appendix.
1 Enoch 68:2,emended_text,"And on that day Michael answered Raphael and said: ‘The power of the spirit transports and makes me to tremble because of the severity of the judgement of the secrets, the judgement of the angels: who can endure the severe judgement which has been executed, and before which they melt away?’",Charles emended text: makes me to tremble,,,,,,makes me to tremble,,Review Charles editorial marker before using this wording in an appendix.
1 Enoch 68:3,supplied_text,"And Michael answered again, and said to Raphael: ‘Who is he whose heart is not softened concerning it, and whose reins are not troubled by this word of judgement (that) has gone forth upon them because of those who have thus led them out?’",Charles supplied text: that,,,,,that,,,Review supplied wording against Ethiopic base and any extant witnesses.
1 Enoch 68:5,supplied_text,"Therefore all that is hidden shall come upon them for ever and ever; for neither angel nor man shall have his portion (in it), but alone they have received their judgement for ever and ever.’",Charles supplied text: in it,,,,,in it,,,Review supplied wording against Ethiopic base and any extant witnesses.
1 Enoch 69:1,emended_text,And after this judgement they shall terrify and make them to tremble because they have shown this to those who dwell on the earth.,Charles emended text: make; to tremble,,,,,,make; to tremble,,Review Charles editorial marker before using this wording in an appendix.
1 Enoch 69:2,corrupt_text,"And behold the names of those angels and these are their names: the first of them is Samjâzâ, the second Artâqîfâ, and the third Armên, the fourth Kôkabêl, the fifth Tûrâêl, the sixth Rûmjâl, the seventh Dânjâl, the eighth Nêqâêl, the ninth Barâqêl, the tenth Azâzêl, the eleventh Armârôs, the twelfth Batarjâl, the thirteenth Busasêjal, the fourteenth Hanânêl, the fifteenth Tûrêl, and the sixteenth Sîmâpêsîêl, the seventeenth Jetrêl, the eighteenth Tûmâêl, the nineteenth Tûrêl, the twentieth Rûmâêl, the twenty-first Azâzêl.",Charles marks corrupt text: Tûrâêl; Nêqâêl; Busasêjal; Tûrêl; Rûmâêl; Azâzêl,,,,,,,Tûrâêl; Nêqâêl; Busasêjal; Tûrêl; Rûmâêl; Azâzêl,Review Charles editorial marker before using this wording in an appendix.
1 Enoch 69:4,interpolations; emended_text,"The name of the first Jeqôn: that is, the one who led astray all the sons of God, and brought them down to the earth, and led them astray through the daughters of men.",Charles marks interpolation: all; Charles emended text: God,,,,all,,God,,Review Charles editorial marker before using this wording in an appendix.
1 Enoch 69:5,emended_text,"And the second was named Asbeêl: he imparted to the holy sons of God evil counsel, and led them astray so that they defiled their bodies with the daughters of men.",Charles emended text: God,,,,,,God,,Review Charles editorial marker before using this wording in an appendix.
1 Enoch 69:6,interpolations,"And the third was named Gâdreêl: he it is who showed the children of men all the blows of death, and he led astray Eve, and showed the weapons of death to the sons of men the shield and the coat of mail, and the sword for battle, and all the weapons of death to the children of men.",Charles marks interpolation: the weapons of death to the sons of men,,,,the weapons of death to the sons of men,,,,Review Charles editorial marker before using this wording in an appendix.
1 Enoch 69:11,corrupt_text,"For men were created exactly like the angels, to the intent that they should continue pure and righteous, and death, which destroys everything, could not have taken hold of them; but through this their knowledge they are perishing, and through this power it is consuming me.",Charles marks corrupt text: it is consuming me,,,,,,,it is consuming me,Review Charles editorial marker before using this wording in an appendix.
1 Enoch 69:12,interpolations,"And the fifth was named Kâsdejâ: this is he who showed the children of men all the wicked smitings of spirits and demons, and the smitings of the embryo in the womb, that it may pass away, and the smitings of the soul the bites of the serpent, and the smitings which befall through the noontide heat, the son of the serpent named Tabâ’ĕt.",Charles marks interpolation: the smitings of the soul,,,,the smitings of the soul,,,,Review Charles editorial marker before using this wording in an appendix.
1 Enoch 69:13,emended_text,"And this is the task of Kâsbeêl, the chief of the oath which he showed to the holy ones when he dwelt high above in glory, and its name is Bîqâ.",Charles emended text: task,,,,,,task,,Review Charles editorial marker before using this wording in an appendix.
1 Enoch 69:14,supplied_text,"This (angel) requested Michael to show him the hidden name, that he might enunciate it in the oath, so that those might quake before that name and oath who revealed all that was in secret to the children of men.",Charles supplied text: angel,,,,,angel,,,Review supplied wording against Ethiopic base and any extant witnesses.
1 Enoch 69:18,supplied_text; corrupt_text,"And through that oath the sea was created, And as its foundation He set for it the sand against the time of (its) anger, And it dare not pass beyond it from the creation of the world unto eternity.",Charles supplied text: its; Charles marks corrupt text: as its foundation,,,,,its,,as its foundation,Review Charles editorial marker before using this wording in an appendix.
1 Enoch 69:22,supplied_text,"And in like manner the spirits of the water, and of the winds, and of all zephyrs, and (their) paths from all the quarters of the winds.",Charles supplied text: their,,,,,their,,,Review supplied wording against Ethiopic base and any extant witnesses.
1 Enoch 69:24,supplied_text,"And all these believe and give thanks before the Lord of Spirits, and glorify (Him) with all their power, and their food is in every act of thanksgiving: they thank and glorify and extol the name of the Lord of Spirits for ever and ever.",Charles supplied text: Him,,,,,Him,,,Review supplied wording against Ethiopic base and any extant witnesses.
1 Enoch 69:25,interpolations,"And this oath is mighty over them, And through it they are preserved and their paths are preserved, And their course is not destroyed. Close of the Third Parable.",Charles marks interpolation: they are preserved and,,,,they are preserved and,,,,Review Charles editorial marker before using this wording in an appendix.
1 Enoch 71:1,interpolations; emended_text,"And it came to pass after this that my spirit was translated And it ascended into the heavens: And I saw the holy sons of God. They were stepping on flames of fire: Their garments were white and their raiment, And their faces shone like snow.",Charles marks interpolation: and their raiment; Charles emended text: holy sons of God,,,,and their raiment,,holy sons of God,,Review Charles editorial marker before using this wording in an appendix.
1 Enoch 71:3,interpolations,"And the angel Michael one of the archangels seized me by my right hand, And lifted me up and led me forth into all the secrets, And he showed me all the secrets of righteousness.",Charles marks interpolation: one of the archangels,,,,one of the archangels,,,,Review Charles editorial marker before using this wording in an appendix.
1 Enoch 71:13,interpolations; supplied_text,"And that Head of Days came with Michael and Gabriel, Raphael and Phanuel, thousands and ten thousands of angels without number. Lost passage wherein the Son of Man was described as accompanying the Head of Days, and Enoch asked one of the angels (as in 46^3) concerning the Son of Man as to who he was.","Charles marks interpolation: Lost passage wherein the Son of Man was described as accompanying the Head of Days, and Enoch asked one of the angels (as in 46^3) concerning the Son of Man as to who he was.; Charles supplied text: as in 46^3",,,,"Lost passage wherein the Son of Man was described as accompanying the Head of Days, and Enoch asked one of the angels (as in 46^3) concerning the Son of Man as to who he was.",as in 46^3,,,Review Charles editorial marker before using this wording in an appendix.
1 Enoch 71:14,supplied_text; emended_text,"And he (i. e. the angel) came to me and greeted me with His voice, and said unto me: ‘This is the Son of Man who is born unto righteousness; And righteousness abides over him, And the righteousness of the Head of Days forsakes him not.’",Charles supplied text: _i. e._ the angel; Charles emended text: This is; him; him,,,,,_i. e._ the angel,This is; him; him,,Review Charles editorial marker before using this wording in an appendix.
1 Enoch 71:16,emended_text,"And all shall walk in his ways since righteousness never forsakes him: With him will be their dwelling-places, and with him their heritage, And they shall not be separated from him for ever and ever and ever.",Charles emended text: his; him; him; him; him,,,,,,his; him; him; him; him,,Review Charles editorial marker before using this wording in an appendix.
1 Enoch 71:17,supplied_text,"And so there shall be length of days with that Son of Man, And the righteous shall have peace and an upright way, In the name of the Lord of Spirits for ever and ever.’ THE BOOK OF THE COURSES OF THE HEAVENLY LUMINARIES. (LXXII-LXXXII.)",Charles supplied text: LXXII-LXXXII.,,,,,LXXII-LXXXII.,,,Review supplied wording against Ethiopic base and any extant witnesses.
1 Enoch 72:5,supplied_text,"The chariot on which he ascends, the wind drives, and the sun goes down from the heaven and returns through the north in order to reach the east, and is so guided that he comes to the appropriate (lit. ‘that’) portal and shines in the face of the heaven.",Charles supplied text: lit. ‘that’,,,,,lit. ‘that’,,,Review supplied wording against Ethiopic base and any extant witnesses.
1 Enoch 72:6,interpolations,"In this way he rises in the first month in the great portal, which is the fourth those six portals in the east.",Charles marks interpolation: those six portals in the east,,,,those six portals in the east,,,,Review Charles editorial marker before using this wording in an appendix.
1 Enoch 72:12,corrupt_text,"And then the day becomes longer by two parts and amounts to eleven parts, and the night becomes shorter and amounts to seven parts.",Charles marks corrupt text: two,,,,,,,two,Review Charles editorial marker before using this wording in an appendix.
1 Enoch 72:18,corrupt_text,"On that day the day decreases by two parts, and amounts to ten parts and the night to eight parts.",Charles marks corrupt text: two,,,,,,,two,Review Charles editorial marker before using this wording in an appendix.
1 Enoch 72:20,interpolations,"On that day the day is equalised with the night, and becomes of equal length, and the night amounts to nine parts and the day to nine parts.",Charles marks interpolation: and becomes of equal length,,,,and becomes of equal length,,,,Review Charles editorial marker before using this wording in an appendix.
1 Enoch 72:27,supplied_text,"And the sun has (therewith) traversed the divisions of his orbit and turns again on those divisions of his orbit, and enters that portal thirty mornings and sets also in the west opposite to it.",Charles supplied text: therewith,,,,,therewith,,,Review supplied wording against Ethiopic base and any extant witnesses.
1 Enoch 72:28,corrupt_text,"And on that night has the night decreased in length by a ninth part, and the night has become eleven parts and the day seven parts.",Charles marks corrupt text: ninth,,,,,,,ninth,Review Charles editorial marker before using this wording in an appendix.
1 Enoch 72:33,supplied_text,"And the length of the day and of the night, and the shortness of the day and of the night arise—through the course of the sun these distinctions are made (lit. ‘they are separated’).",Charles supplied text: lit. ‘they are separated’,,,,,lit. ‘they are separated’,,,Review supplied wording against Ethiopic base and any extant witnesses.
1 Enoch 72:36,supplied_text,"And that which (thus) rises is the great luminary, and is so named according to its appearance, according as the Lord commanded.",Charles supplied text: thus,,,,,thus,,,Review supplied wording against Ethiopic base and any extant witnesses.
1 Enoch 73:2,supplied_text,"And her circumference is like the circumference of the heaven, and her chariot in which she rides is driven by the wind, and light is given to her in (definite) measure.",Charles supplied text: definite,,,,,definite,,,Review supplied wording against Ethiopic base and any extant witnesses.
1 Enoch 73:3,supplied_text,"And her rising and setting changes every month: and her days are like the days of the sun, and when her light is uniform (i. e. full) it amounts to the seventh part of the light of the sun.",Charles supplied text: _i. e._ full,,,,,_i. e._ full,,,Review supplied wording against Ethiopic base and any extant witnesses.
1 Enoch 73:5,supplied_text,"And the one half of her goes forth by a seventh part, and her whole circumference is empty, without light, with the exception of one-seventh part of it, (and) the fourteenth part of her light.",Charles supplied text: and,,,,,and,,,Review supplied wording against Ethiopic base and any extant witnesses.
1 Enoch 73:7,interpolations,"And she sets with the sun, and when the sun rises the moon rises with him and receives the half of one part of light, and in that night in the beginning of her morning in the commencement of the lunar day the moon sets with the sun, and is invisible that night with the fourteen parts and the half of one of them.",Charles marks interpolation: in the commencement of the lunar day,,,,in the commencement of the lunar day,,,,Review Charles editorial marker before using this wording in an appendix.
1 Enoch 73:8,supplied_text,"And she rises on that day with exactly a seventh part, and comes forth and recedes from the rising of the sun, and in her remaining days she becomes bright in the (remaining) thirteen parts.",Charles supplied text: remaining,,,,,remaining,,,Review supplied wording against Ethiopic base and any extant witnesses.
1 Enoch 74:1,supplied_text,"And I saw another course, a law for her, (and) how according to that law she performs her monthly revolution.",Charles supplied text: and,,,,,and,,,Review supplied wording against Ethiopic base and any extant witnesses.
1 Enoch 74:12,emended_text,"And the sun and the stars bring in all the years exactly, so that they do not advance or delay their position by a single day unto eternity; but complete the years with perfect justice in 364 days.",Charles emended text: the sun; complete,,,,,,the sun; complete,,Review Charles editorial marker before using this wording in an appendix.
1 Enoch 74:14,interpolations; supplied_text,"For the moon alone the days amount in 3 years to 1062 days, and in 5 years she falls 50 days behind: i. e. to the sum (of 1770) there is to be added (1000 and) 62 days.",Charles marks interpolation: _i. e._ to the sum (of 1770) there is to be added (1000 and) 62 days; Charles supplied text: of 1770; 1000 and,,,,_i. e._ to the sum (of 1770) there is to be added (1000 and) 62 days,of 1770; 1000 and,,,Review Charles editorial marker before using this wording in an appendix.
1 Enoch 74:16,interpolations,"For in 8 years she falls behind to the amount of 80 days, all the days she falls behind in 8 years are",Charles marks interpolation: For in 8 years she falls behind to the amount of 80 days,,,,For in 8 years she falls behind to the amount of 80 days,,,,Review Charles editorial marker before using this wording in an appendix.
1 Enoch 74:17,supplied_text,"And the year is accurately completed in conformity with their world-stations and the stations of the sun, which rise from the portals through which it (the sun) rises and sets 30 days.",Charles supplied text: the sun,,,,,the sun,,,Review supplied wording against Ethiopic base and any extant witnesses.
1 Enoch 75:5,interpolations,"And for the winds and the spirit of the dew when they are opened, standing open in the heavens at the ends.","Charles marks interpolation: And for the winds and the spirit of the dew† when they are opened, standing open in the heavens at the ends.",,,,"And for the winds and the spirit of the dew† when they are opened, standing open in the heavens at the ends.",,,,Review Charles editorial marker before using this wording in an appendix.
1 Enoch 75:7,supplied_text,"There are many windows open to the left and right of them, and one window at its (appointed) season produces warmth, corresponding (as these do) to those doors from which the stars come forth according as He has commanded them, and wherein they set corresponding to their number.",Charles supplied text: appointed; as these do,,,,,appointed; as these do,,,Review supplied wording against Ethiopic base and any extant witnesses.
1 Enoch 76:1,supplied_text; emended_text,"And at the ends of the earth I saw twelve portals open to all the quarters (of the heaven), from which the winds go forth and blow over the earth.",Charles supplied text: of the heaven; Charles emended text: quarters,,,,,of the heaven,quarters,,Review Charles editorial marker before using this wording in an appendix.
1 Enoch 76:2,supplied_text,"Three of them are open on the face (i. e. the east) of the heavens, and three in the west, and three on the right (i. e. the south) of the heaven, and three on the left (i. e. the north).",Charles supplied text: _i. e._ the east; _i. e._ the south; _i. e._ the north,,,,,_i. e._ the east; _i. e._ the south; _i. e._ the north,,,Review supplied wording against Ethiopic base and any extant witnesses.
1 Enoch 76:3,interpolations; corrupt_text,"And the three first are those of the east, and three are of the north, and three after those on the left of the south, and three of the west.","Charles marks interpolation: after those on the left; Charles marks corrupt text: the north, and three [after those on the left] of the south",,,,after those on the left,,,"the north, and three [after those on the left] of the south",Review Charles editorial marker before using this wording in an appendix.
1 Enoch 76:12,interpolations,"And after these four are the west winds: through the first portal adjoining the north come forth dew and hoar-frost, and cold and snow and frost.",Charles marks interpolation: four,,,,four,,,,Review Charles editorial marker before using this wording in an appendix.
1 Enoch 76:14,emended_text,"And the twelve portals of the four quarters of the heaven are therewith completed, and all their laws and all their plagues and all their benefactions have I shown to thee, my son Methuselah.",Charles emended text: quarters,,,,,,quarters,,Review Charles editorial marker before using this wording in an appendix.
1 Enoch 77:1,emended_text,"And the first quarter is called the east, because it is the first: and the second, the south, because the Most High will descend there, yea, there in quite a special sense will He who is blessed for ever descend.",Charles emended text: quarter; will descend; descend,,,,,,quarter; will descend; descend,,Review Charles editorial marker before using this wording in an appendix.
1 Enoch 77:2,emended_text,"And the west quarter is named the diminished, because there all the luminaries of the heaven wane and go down.",Charles emended text: quarter,,,,,,quarter,,Review Charles editorial marker before using this wording in an appendix.
1 Enoch 77:3,emended_text,"And the fourth quarter, named the north, is divided into three parts: the first of them is for the dwelling of men: and the second contains seas of water, and the abysses and forests and rivers, and darkness and clouds; and the third part contains the garden of righteousness.",Charles emended text: quarter,,,,,,quarter,,Review Charles editorial marker before using this wording in an appendix.
1 Enoch 77:5,corrupt_text,I saw seven rivers on the earth larger than all the rivers: one of them coming from the west pours its waters into the Great Sea.,Charles marks corrupt text: west,,,,,,,west,Review Charles editorial marker before using this wording in an appendix.
1 Enoch 77:7,restored_text; interpolations,"And the remaining four come forth on the side of the north to their own sea, two of them to the Erythraean Sea, and two into the Great Sea and discharge themselves there and some say: into the desert.",Charles restored text: two of them to; Charles marks interpolation: and some say: into the desert,,,two of them to,and some say: into the desert,,,,Review Charles editorial marker before using this wording in an appendix.
1 Enoch 78:6,interpolations,And when the moon rises one-fourteenth part appears in the heaven: the light becomes full in her: on the fourteenth day she accomplishes her light.,Charles marks interpolation: the light becomes full in her,,,,the light becomes full in her,,,,Review Charles editorial marker before using this wording in an appendix.
1 Enoch 78:7,supplied_text,"And fifteen parts of light are transferred to her till the fifteenth day (when) her light is accomplished, according to the sign of the year, and she becomes fifteen parts, and the moon grows by (the addition of) fourteenth parts.",Charles supplied text: when; the addition of,,,,,when; the addition of,,,Review supplied wording against Ethiopic base and any extant witnesses.
1 Enoch 78:8,supplied_text,"And in her waning (the moon) decreases on the first day to fourteen parts of her light, on the second to thirteen parts of light, on the third to twelve, on the fourth to eleven, on the fifth to ten, on the sixth to nine, on the seventh to eight, on the eighth to seven, on the ninth to six, on the tenth to five, on the eleventh to four, on the twelfth to three, on the thirteenth to two, on the fourteenth to the half of a seventh, and all her remaining light disappears wholly on the fifteenth.",Charles supplied text: the moon,,,,,the moon,,,Review supplied wording against Ethiopic base and any extant witnesses.
1 Enoch 78:11,interpolations,"During all the period during which the moon is growing in her light, she is transferring it to herself when opposite to the sun during fourteen days her light is accomplished in the heaven, and when she is illumined throughout, her light is accomplished in the heaven.",Charles marks interpolation: her light is accomplished in the heaven,,,,her light is accomplished in the heaven,,,,Review Charles editorial marker before using this wording in an appendix.
1 Enoch 78:16,supplied_text,"And in the time of her going out she appears for three months (of) thirty days each, and for three months she appears (of) twenty-nine each.",Charles supplied text: of; of,,,,,of; of,,,Review supplied wording against Ethiopic base and any extant witnesses.
1 Enoch 79:4,restored_text; supplied_text,"And the waning which takes place in the first portal in its season, till one hundred and seventy-seven days are accomplished: reckoned according to weeks, twenty-five (weeks) and two days.",Charles restored text: And the waning; Charles supplied text: weeks,,,And the waning,,weeks,,,Review Charles editorial marker before using this wording in an appendix.
1 Enoch 80:2,supplied_text,"And in the days of the sinners the years shall be shortened, And their seed shall be tardy on their lands and fields, And all things on the earth shall alter, And shall not appear in their time: And the rain shall be kept back, And the heaven shall withhold (it).",Charles supplied text: it,,,,,it,,,Review supplied wording against Ethiopic base and any extant witnesses.
1 Enoch 80:5,interpolations; emended_text; corrupt_text,And in those days the sun shall be seen and he shall journey in the evening on the extremity of the great chariot in the west And shall shine more brightly than accords with the order of light.,Charles marks interpolation: And in those days the =sun= shall be seen and he shall journey in the =evening= †on the extremity of the great chariot in† the west; Charles emended text: sun; evening; Charles marks corrupt text: on the extremity of the great chariot in,,,,And in those days the =sun= shall be seen and he shall journey in the =evening= †on the extremity of the great chariot in† the west,,sun; evening,on the extremity of the great chariot in,Review Charles editorial marker before using this wording in an appendix.
1 Enoch 80:6,supplied_text,"And many chiefs of the stars shall transgress the order (prescribed); And these shall alter their orbits and tasks, And not appear at the seasons prescribed to them.",Charles supplied text: prescribed,,,,,prescribed,,,Review supplied wording against Ethiopic base and any extant witnesses.
1 Enoch 80:7,interpolations,"And the whole order of the stars shall be concealed from the sinners, And the thoughts of those on the earth shall err concerning them, And they shall be altered from all their ways, Yea, they shall err and take them to be gods.",Charles marks interpolation: And they shall be altered from all their ways,,,,And they shall be altered from all their ways,,,,Review Charles editorial marker before using this wording in an appendix.
1 Enoch 81:2,supplied_text,"And I observed the heavenly tablets, and read everything which was written (thereon) and understood everything, and read the book of all the deeds of mankind, and of all the children of flesh that shall be upon the earth to the remotest generations.",Charles supplied text: thereon,,,,,thereon,,,Review supplied wording against Ethiopic base and any extant witnesses.
1 Enoch 81:6,supplied_text,"One year we will leave thee with thy son, till thou givest thy (last) commands, that thou mayest teach thy children and record (it) for them, and testify to all thy children; and in the second year they shall take thee from their midst.",Charles supplied text: last; it,,,,,last; it,,,Review supplied wording against Ethiopic base and any extant witnesses.
1 Enoch 82:1,supplied_text,"And now, my son Methuselah, all these things I am recounting to thee and writing down for thee, and I have revealed to thee everything, and given thee books concerning all these: so preserve, my son Methuselah, the books from thy father’s hand, and (see) that thou deliver them to the generations of the world.",Charles supplied text: see,,,,,see,,,Review supplied wording against Ethiopic base and any extant witnesses.
1 Enoch 82:2,interpolations; supplied_text,"I have given wisdom to thee and to thy children, And thy children that shall be to thee, That they may give it to their children for generations, This wisdom (namely) that passeth their thought.",Charles marks interpolation: And thy children that shall be to thee; Charles supplied text: namely,,,,And thy children that shall be to thee,namely,,,Review Charles editorial marker before using this wording in an appendix.
1 Enoch 82:5,emended_text,"Owing to them men shall be at fault and not reckon them in the whole reckoning of the year: yea, men shall be at fault, and not recognize them accurately.",Charles emended text: whole reckoning of the year,,,,,,whole reckoning of the year,,Review Charles editorial marker before using this wording in an appendix.
1 Enoch 82:6,supplied_text,"For they belong to the reckoning of the year and are truly recorded (thereon) for ever, one in the first portal and one in the third, and one in the fourth and one in the sixth, and the year is completed in three hundred and sixty-four days.",Charles supplied text: thereon,,,,,thereon,,,Review supplied wording against Ethiopic base and any extant witnesses.
1 Enoch 82:7,emended_text,"And the account thereof is accurate and the recorded reckoning thereof exact; for the luminaries, and months and festivals, and years and days, has Uriel shown and revealed to me, to whom the Lord of the whole creation of the world has subjected the host of heaven.",Charles emended text: to whom; subjected,,,,,,to whom; subjected,,Review Charles editorial marker before using this wording in an appendix.
1 Enoch 82:10,emended_text,"And these are the names of those who lead them, who watch that they enter at their times, in their orders, in their seasons, in their months, in their periods of dominion, and in their positions.",Charles emended text: that they,,,,,,that they,,Review Charles editorial marker before using this wording in an appendix.
1 Enoch 82:11,supplied_text,Their four leaders who divide the four parts of the year enter first; and after them the twelve leaders of the orders who divide the months; and for the three hundred and sixty (days) there are heads over thousands who divide the days; and for the four intercalary days there are the leaders which sunder the four parts of the year.,Charles supplied text: days,,,,,days,,,Review supplied wording against Ethiopic base and any extant witnesses.
1 Enoch 82:15,corrupt_text,"In the beginning of the year Melkejâl rises first and rules, who is named Tam’âinî, and sun and all the days of his dominion whilst he bears rule are ninety-one days.","Charles marks corrupt text: Tam’âinî, and sun",,,,,,,"Tam’âinî, and sun",Review Charles editorial marker before using this wording in an appendix.
1 Enoch 82:17,supplied_text,"And these are the names of the leaders which are under them: Berka’êl, Zêlebs’êl, and another who is added a head of a thousand, called Hîlûjâsěph: and the days of the dominion of this (leader) are at an end.",Charles supplied text: leader,,,,,leader,,,Review supplied wording against Ethiopic base and any extant witnesses.
1 Enoch 82:19,supplied_text,"And these are the signs of (his) days on the earth: glowing heat and dryness, and the trees ripen their fruits and produce all their fruits ripe and ready, and the sheep pair and become pregnant, and all the fruits of the earth are gathered in, and everything that is in the fields, and the winepress: these things take place in the days of his dominion.",Charles supplied text: his,,,,,his,,,Review supplied wording against Ethiopic base and any extant witnesses.
1 Enoch 82:20,supplied_text,"These are the names, and the orders, and the leaders of those heads of thousands: Gîdâ’îjal, Kê’êl, and Hê’êl, and the name of the head of a thousand which is added to them, Asfâ’êl’: and the days of his dominion are at an end. THE DREAM-VISIONS. (LXXXIII-XC.)",Charles supplied text: LXXXIII-XC.,,,,,LXXXIII-XC.,,,Review supplied wording against Ethiopic base and any extant witnesses.
1 Enoch 83:2,supplied_text,"Two visions I saw before I took a wife, and the one was quite unlike the other: the first when I was learning to write, the second before I took thy mother, (when) I saw a terrible vision. And regarding them I prayed to the Lord.",Charles supplied text: when,,,,,when,,,Review supplied wording against Ethiopic base and any extant witnesses.
1 Enoch 83:3,supplied_text,"I had laid me down in the house of my grandfather Mahalalel, (when) I saw in a vision how the heaven collapsed and was borne off and fell to the earth.",Charles supplied text: when,,,,,when,,,Review supplied wording against Ethiopic base and any extant witnesses.
1 Enoch 83:5,supplied_text,"And thereupon a word fell into my mouth, and I lifted up (my voice) to cry aloud, and said: ‘The earth is destroyed.’",Charles supplied text: my voice,,,,,my voice,,,Review supplied wording against Ethiopic base and any extant witnesses.
1 Enoch 83:11,corrupt_text,"And when I had gone forth below and seen the heaven, and the sun rising in the east, and the moon setting in the west, and a few stars, and the whole earth, and everything as He had known it in the beginning, then I blessed the Lord of judgement and extolled Him because He had made the sun to go forth from the windows of the east, and he ascended and rose on the face of the heaven, and set out and kept traversing the path shown unto him.",Charles marks corrupt text: He had known,,,,,,,He had known,Review Charles editorial marker before using this wording in an appendix.
1 Enoch 84:3,interpolations; emended_text,"For Thou hast made and Thou rulest all things, And nothing is too hard for Thee, Wisdom departs not from the place of Thy throne, Nor turns away from Thy presence. And Thou knowest and seest and hearest everything, And there is nothing hidden from Thee for Thou seest everything.",Charles marks interpolation: for Thou seest everything; Charles emended text: from the place of Thy throne; Nor turns away,,,,for Thou seest everything,,from the place of Thy throne; Nor turns away,,Review Charles editorial marker before using this wording in an appendix.
1 Enoch 85:2,supplied_text,"And Enoch lifted up (his voice) and spake to his son Methuselah: ‘To thee, my son, will I speak: hear my words—incline thine ear to the dream-vision of thy father.",Charles supplied text: his voice,,,,,his voice,,,Review supplied wording against Ethiopic base and any extant witnesses.
1 Enoch 85:3,supplied_text,"Before I took thy mother Edna, I saw in a vision on my bed, and behold a bull came forth from the earth, and that bull was white; and after it came forth a heifer, and along with this (latter) came forth two bulls, one of them black and the other red.",Charles supplied text: latter,,,,,latter,,,Review supplied wording against Ethiopic base and any extant witnesses.
1 Enoch 85:10,supplied_text,"And they began to beget many white bulls, which resembled them, one following the other, (even) many.",Charles supplied text: even,,,,,even,,,Review supplied wording against Ethiopic base and any extant witnesses.
1 Enoch 86:3,interpolations,"And again I saw in the vision, and looked towards the heaven, and behold I saw many stars descend and cast themselves down from heaven to that first star, and they became bulls amongst those cattle and pastured with them amongst them.",Charles marks interpolation: amongst them,,,,amongst them,,,,Review Charles editorial marker before using this wording in an appendix.
1 Enoch 88:3,supplied_text,"And as I was beholding in the vision, lo, one of the four who had come forth stoned (them) from heaven, and gathered and took all the great stars whose privy members were like those of horses, and bound them all hand and foot, and cast them in an abyss of the earth.",Charles supplied text: them,,,,,them,,,Review supplied wording against Ethiopic base and any extant witnesses.
1 Enoch 89:6,supplied_text,"But that vessel floated on the water, while all the oxen and elephants and camels and asses sank to the bottom with all the animals, so that I could no longer see them, and they were not able to escape, (but) perished and sank into the depths.",Charles supplied text: but,,,,,but,,,Review supplied wording against Ethiopic base and any extant witnesses.
1 Enoch 89:25,interpolations,"And as those wolves did not yet see the sheep, they proceeded into the midst of that sea, and the wolves followed the sheep, and those wolves ran after them into that sea.",Charles marks interpolation: those wolves,,,,those wolves,,,,Review Charles editorial marker before using this wording in an appendix.
1 Enoch 89:31,interpolations,"And they all feared and trembled because of Him, and they cried to that sheep with them which was amongst them: “We are not able to stand before our Lord or to behold Him.”",Charles marks interpolation: which was amongst them,,,,which was amongst them,,,,Review Charles editorial marker before using this wording in an appendix.
1 Enoch 89:39,supplied_text; emended_text,"And I saw till they left off crying for that sheep and crossed that stream of water, and there arose the two sheep as leaders in the place of those which had led them and fallen asleep (lit. “had fallen asleep and led them”).",Charles supplied text: lit. “had fallen asleep and led them”; Charles emended text: two,,,,,lit. “had fallen asleep and led them”,two,,Review Charles editorial marker before using this wording in an appendix.
1 Enoch 89:42,interpolations,"And the dogs and the foxes and the wild boars began to devour those sheep till the Lord of the sheep raised up another sheep a ram from their midst, which led them.",Charles marks interpolation: another sheep,,,,another sheep,,,,Review Charles editorial marker before using this wording in an appendix.
1 Enoch 89:43,corrupt_text,"And that ram began to butt on either side those dogs, foxes, and wild boars till he had destroyed them all.",Charles marks corrupt text: all,,,,,,,all,Review Charles editorial marker before using this wording in an appendix.
1 Enoch 89:44,emended_text; corrupt_text,"And that sheep whose eyes were opened saw that ram, which was amongst the sheep, till it forsook its glory and began to butt those sheep, and trampled upon them, and behaved itself unseemly.",Charles emended text: till; Charles marks corrupt text: forsook its glory,,,,,,till,forsook its glory,Review Charles editorial marker before using this wording in an appendix.
1 Enoch 89:45,emended_text; corrupt_text,And the Lord of the sheep sent the lamb to another lamb and raised it to being a ram and leader of the sheep instead of that ram which had forsaken its glory.,Charles emended text: lamb; lamb; Charles marks corrupt text: forsaken its glory,,,,,,lamb; lamb,forsaken its glory,Review Charles editorial marker before using this wording in an appendix.
1 Enoch 89:48,interpolations,And that second ram arose and led the little sheep.,Charles marks interpolation: little,,,,little,,,,Review Charles editorial marker before using this wording in an appendix.
1 Enoch 89:50,restored_text,"And that house became great and broad, and it was built for those sheep: and a tower lofty and great was built on the house for the Lord of the sheep, and that house was low, but the tower was elevated and lofty, and the Lord of the sheep stood on that tower and they offered a full table before Him.",Charles restored text: and,,,and,,,,,Review Charles editorial marker before using this wording in an appendix.
1 Enoch 89:62,supplied_text,"And every excess and the destruction which will be wrought through the shepherds, record (namely) how many they destroy according to my command, and how many according to their own caprice: record against every individual shepherd all the destruction he effects.",Charles supplied text: namely,,,,,namely,,,Review supplied wording against Ethiopic base and any extant witnesses.
1 Enoch 89:63,emended_text,"And read out before me by number how many they destroy, and how many they deliver over for destruction, that I may have this as a testimony against them, and know every deed of the shepherds, that I may comprehend and see what they do, whether or not they abide by my command which I have commanded them.",Charles emended text: comprehend,,,,,,comprehend,,Review Charles editorial marker before using this wording in an appendix.
1 Enoch 89:70,supplied_text,"And thus in the vision I saw that one who wrote how he wrote down every one that was destroyed by those shepherds, day by day, and carried up and laid down and showed actually the whole book to the Lord of the sheep—(even) everything that they had done, and all that each one of them had made away with, and all that they had given over to destruction.",Charles supplied text: even,,,,,even,,,Review supplied wording against Ethiopic base and any extant witnesses.
1 Enoch 89:74,supplied_text,"And as touching all this the eyes of those sheep were blinded so that they saw not, and (the eyes of) their shepherds likewise; and they delivered them in large numbers to their shepherds for destruction, and they trampled the sheep with their feet and devoured them.",Charles supplied text: the eyes of,,,,,the eyes of,,,Review supplied wording against Ethiopic base and any extant witnesses.
1 Enoch 89:75,supplied_text,"And the Lord of the sheep remained unmoved till all the sheep were dispersed over the field and mingled with them (i. e. the beasts), and they (i. e. the shepherds) did not save them out of the hand of the beasts.",Charles supplied text: _i. e._ the beasts; _i. e._ the shepherds,,,,,_i. e._ the beasts; _i. e._ the shepherds,,,Review supplied wording against Ethiopic base and any extant witnesses.
1 Enoch 90:1,supplied_text; emended_text,"And I saw till that in this manner thirty-five shepherds undertook the pasturing (of the sheep), and they severally completed their periods as did the first; and others received them into their hands to pasture them for their period, each shepherd in his own period.",Charles supplied text: of the sheep; Charles emended text: thirty-five,,,,,of the sheep,thirty-five,,Review Charles editorial marker before using this wording in an appendix.
1 Enoch 90:10,interpolations; corrupt_text,"And it looked at them and their eyes opened, and it cried to the sheep, and the rams saw it and all ran to it.",Charles marks interpolation: and their eyes opened; Charles marks corrupt text: looked at,,,,and their eyes opened,,,looked at,Review Charles editorial marker before using this wording in an appendix.
1 Enoch 90:13,corrupt_text,"And I saw till the shepherds and eagles and those vultures and kites came, and they cried to the ravens that they should break the horn of that ram, and they battled and fought with it, and it battled with them and cried that its help might come.",Charles marks corrupt text: shepherds and; they cried to the ravens,,,,,,,shepherds and; they cried to the ravens,Review Charles editorial marker before using this wording in an appendix.
1 Enoch 90:14,interpolations,"And I saw till that man, who wrote down the names of the shepherds and carried up into the presence of the Lord of the sheep came and helped it and showed it everything: he had come down for the help of that ram.",Charles marks interpolation: and; came and helped it and showed it everything: he had come down for the help of that ram,,,,and; came and helped it and showed it everything: he had come down for the help of that ram,,,,Review Charles editorial marker before using this wording in an appendix.
1 Enoch 90:15,corrupt_text,"And I saw till the Lord of the sheep came unto them in wrath, and all who saw Him fled, and they all fell into His shadow from before His face.",Charles marks corrupt text: into His shadow,,,,,,,into His shadow,Review Charles editorial marker before using this wording in an appendix.
1 Enoch 90:20,emended_text,"And I saw till a throne was erected in the pleasant land, and the Lord of the sheep sat Himself thereon, and the other took the sealed books and opened those books before the Lord of the sheep.",Charles emended text: the other,,,,,,the other,,Review Charles editorial marker before using this wording in an appendix.
1 Enoch 90:21,emended_text,"And the Lord called those men the seven first white ones, and commanded that they should bring before Him, beginning with the first star which led the way, all the stars whose privy members were like those of horses, and they brought them all before Him.",Charles emended text: all the,,,,,,all the,,Review Charles editorial marker before using this wording in an appendix.
1 Enoch 90:27,corrupt_text,And I saw those sheep burning and their bones burning.,Charles marks corrupt text: and their bones burning,,,,,,,and their bones burning,Review Charles editorial marker before using this wording in an appendix.
1 Enoch 90:30,emended_text,"And I saw all the sheep which had been left, and all the beasts on the earth, and all the birds of the heaven, falling down and doing homage to those sheep and making petition to and obeying them in every thing.",Charles emended text: thing,,,,,,thing,,Review Charles editorial marker before using this wording in an appendix.
1 Enoch 90:31,interpolations; corrupt_text,"And thereafter those three who were clothed in white and had seized me by my hand who had taken me up before, and the hand of that ram also seizing hold of me, they took me up and set me down in the midst of those sheep before the judgement took place.",Charles marks interpolation: who had taken me up before; Charles marks corrupt text: before the judgement took place,,,,who had taken me up before,,,before the judgement took place,Review Charles editorial marker before using this wording in an appendix.
1 Enoch 90:38,emended_text,"And I saw till all their generations were transformed, and they all became white bulls; and the first among them became a lamb, and that lamb became a great animal and had great black horns on its head; and the Lord of the sheep rejoiced over it and over all the oxen.",Charles emended text: lamb; lamb; it,,,,,,lamb; lamb; it,,Review Charles editorial marker before using this wording in an appendix.
1 Enoch 90:42,supplied_text,"On that night I remembered the first dream, and because of it I wept and was troubled—because I had seen that vision.’ THE CONCLUDING SECTION OF THE BOOK. (XCII-CV.)",Charles supplied text: XCII-CV.,,,,,XCII-CV.,,,Review supplied wording against Ethiopic base and any extant witnesses.
1 Enoch 92:1,interpolations; supplied_text,"The book written by Enoch—Enoch indeed wrote this complete doctrine of wisdom, (which is) praised of all men and a judge of all the earth for all my children who shall dwell on the earth; and for the future generations who shall observe uprightness and peace.","Charles marks interpolation: Enoch indeed wrote this complete doctrine of wisdom, (which is) praised of all men and a judge of all the earth; Charles supplied text: which is",,,,"Enoch indeed wrote this complete doctrine of wisdom, (which is) praised of all men and a judge of all the earth",which is,,,Review Charles editorial marker before using this wording in an appendix.
1 Enoch 92:3,interpolations,"And the righteous one shall arise from sleep, Shall arise and walk in the paths of righteousness, And all his path and conversation shall be in eternal goodness and grace.",Charles marks interpolation: Shall arise,,,,Shall arise,,,,Review Charles editorial marker before using this wording in an appendix.
1 Enoch 92:4,supplied_text,"He will be gracious to the righteous and give him eternal uprightness, And He will give him power so that he shall be (endowed) with goodness and righteousness, And he shall walk in eternal light.",Charles supplied text: endowed,,,,,endowed,,,Review supplied wording against Ethiopic base and any extant witnesses.
1 Enoch 91:5,emended_text,"For I know that violence must increase on the earth, And a great chastisement be executed on the earth, And all unrighteousness come to an end: Yea, it shall be cut off from its roots, And its whole structure be destroyed.",Charles emended text: must,,,,,,must,,Review Charles editorial marker before using this wording in an appendix.
1 Enoch 91:9,supplied_text,"And all the idols of the heathen shall be abandoned, And the temples burned with fire, And they shall remove them from the whole earth, And they (i. e. the heathen) shall be cast into the judgement of fire, And shall perish in wrath and in grievous judgement for ever.",Charles supplied text: _i. e._ the heathen,,,,,_i. e._ the heathen,,,Review supplied wording against Ethiopic base and any extant witnesses.
1 Enoch 91:19,emended_text,"And now, hearken unto me, my sons, And walk in the paths of righteousness, And walk not in the paths of violence; For all who walk in the paths of unrighteousness shall perish for ever.’ XCIII, XCI. 12-",Charles emended text: ever,,,,,,ever,,Review Charles editorial marker before using this wording in an appendix.
1 Enoch 93:1,corrupt_text,And after that Enoch both gave and began to recount from the books.,Charles marks corrupt text: gave,,,,,,,gave,Review Charles editorial marker before using this wording in an appendix.
1 Enoch 93:2,supplied_text,"And Enoch said: ‘Concerning the children of righteousness and concerning the elect of the world, And concerning the plant of uprightness, I will speak these things, Yea, I Enoch, will declare (them) unto you, my sons: According to that which appeared to me in the heavenly vision, And which I have known through the word of the holy angels, And have learnt from the heavenly tablets.’",Charles supplied text: them,,,,,them,,,Review supplied wording against Ethiopic base and any extant witnesses.
1 Enoch 93:5,emended_text,And after that in the third week at its close A man shall be elected as the plant of righteous judgement. And his posterity shall become the plant of righteousness for evermore.,Charles emended text: his posterity,,,,,,his posterity,,Review Charles editorial marker before using this wording in an appendix.
1 Enoch 94:5,emended_text,"And hold fast my words in the thoughts of your hearts, And suffer them not to be effaced from your hearts; For know that sinners will tempt men to evilly-entreat wisdom, So that no place may be found for her, And no manner of temptation may minish.",Charles emended text: evilly-entreat,,,,,,evilly-entreat,,Review Charles editorial marker before using this wording in an appendix.
1 Enoch 94:7,interpolations,"Woe to those who build their houses with sin; For from all their foundations shall they be overthrown, And by the sword shall they fall. And those who acquire gold and silver in judgement suddenly shall perish.",Charles marks interpolation: And those who acquire gold and silver in judgement suddenly shall perish.,,,,And those who acquire gold and silver in judgement suddenly shall perish.,,,,Review Charles editorial marker before using this wording in an appendix.
1 Enoch 95:1,interpolations; corrupt_text,"Oh that mine eyes were a cloud of waters That I might weep over you, And pour down my tears as a cloud of waters: That so I might rest from my trouble of heart!",Charles marks interpolation: a cloud of; Charles marks corrupt text: of,,,,a cloud of,,,of,Review Charles editorial marker before using this wording in an appendix.
1 Enoch 95:2,corrupt_text,"Who has permitted you to practise reproaches and wickedness? And so judgement shall overtake you, sinners.","Charles marks corrupt text: Who has permitted you to practise reproaches and wickedness? And so judgement shall overtake you, sinners.",,,,,,,"Who has permitted you to practise reproaches and wickedness? And so judgement shall overtake you, sinners.",Review Charles editorial marker before using this wording in an appendix.
1 Enoch 96:4,supplied_text,"Woe unto you, ye sinners, for your riches make you appear like the righteous, But your hearts convict you of being sinners, And this fact shall be a testimony against you for a memorial of (your) evil deeds.",Charles supplied text: your,,,,,your,,,Review supplied wording against Ethiopic base and any extant witnesses.
1 Enoch 96:5,emended_text,"Woe to you who devour the finest of the wheat, And drink wine in large bowls, And tread under foot the lowly with your might.",Charles emended text: wine in large bowls,,,,,,wine in large bowls,,Review Charles editorial marker before using this wording in an appendix.
1 Enoch 96:6,emended_text,"Woe to you who drink water from every fountain, For suddenly shall ye be consumed and wither away, Because ye have forsaken the fountain of life.",Charles emended text: from every fountain,,,,,,from every fountain,,Review Charles editorial marker before using this wording in an appendix.
1 Enoch 97:2,supplied_text,"Be it known unto you (ye sinners) that the Most High is mindful of your destruction, And the angels of heaven rejoice over your destruction.",Charles supplied text: ye sinners,,,,,ye sinners,,,Review supplied wording against Ethiopic base and any extant witnesses.
1 Enoch 97:9,supplied_text,"And now let us do what we purposed: For we have gathered silver, 9^d And many are the husbandmen in our houses, 9^c And our granaries are (brim)full as with water.”",Charles supplied text: brim,,,,,brim,,,Review supplied wording against Ethiopic base and any extant witnesses.
1 Enoch 98:15,supplied_text,Woe to you who write down lying and godless words; for they write down their lies that men may hear them and act godlessly towards (their) neighbour.,Charles supplied text: their,,,,,their,,,Review supplied wording against Ethiopic base and any extant witnesses.
1 Enoch 99:2,interpolations,"Woe to them who pervert the words of uprightness, And transgress the eternal law, And transform themselves into what they were not into sinners: They shall be trodden under foot upon the earth.",Charles marks interpolation: into sinners,,,,into sinners,,,,Review Charles editorial marker before using this wording in an appendix.
1 Enoch 99:3,emended_text,"In those days make ready, ye righteous, to raise your prayers as a memorial, And place them as a testimony before the angels, That they may place the sin of the sinners for a memorial before the Most High.",Charles emended text: a,,,,,,a,,Review Charles editorial marker before using this wording in an appendix.
1 Enoch 99:5,supplied_text,"And in those days the destitute shall go forth and carry off their children, And they shall abandon them, so that their children shall perish through them: Yea, they shall abandon their children (that are still) sucklings, and not return to them, And shall have no pity on their beloved ones.",Charles supplied text: that are still,,,,,that are still,,,Review supplied wording against Ethiopic base and any extant witnesses.
1 Enoch 99:7,restored_text,"And they who worship stones, and grave images of gold and silver and wood and stone and clay, and those who worship impure spirits and demons, and all kinds of idols not according to knowledge, shall get no manner of help from them.",Charles restored text: and stone,,,and stone,,,,,Review Charles editorial marker before using this wording in an appendix.
1 Enoch 99:12,supplied_text,"Woe to you who make deceitful and false measures, And (to them) who cause bitterness on the earth; For they shall thereby be utterly consumed.",Charles supplied text: to them,,,,,to them,,,Review supplied wording against Ethiopic base and any extant witnesses.
1 Enoch 99:16,emended_text,"For He shall cast down your glory, And bring affliction on your hearts, And shall arouse His fierce indignation, And destroy you all with the sword; And all the holy and righteous shall remember your sins.",Charles emended text: His fierce indignation,,,,,,His fierce indignation,,Review Charles editorial marker before using this wording in an appendix.
1 Enoch 100:6,supplied_text; emended_text,"And (then) the children of the earth shall see the wise in security, And shall understand all the words of this book, And recognize that their riches shall not be able to save them In the overthrow of their sins.",Charles supplied text: then; Charles emended text: in security,,,,,then,in security,,Review Charles editorial marker before using this wording in an appendix.
1 Enoch 100:7,emended_text,"Woe to you, sinners, on the day of strong anguish, Ye who afflict the righteous and burn them with fire: Ye shall be requited according to your works.",Charles emended text: Ye who,,,,,,Ye who,,Review Charles editorial marker before using this wording in an appendix.
1 Enoch 101:4,emended_text,"And see ye not the sailors of the ships, how their ships are tossed to and fro by the waves, and are shaken by the winds, and are in sore trouble?",Charles emended text: sailors,,,,,,sailors,,Review Charles editorial marker before using this wording in an appendix.
1 Enoch 101:9,emended_text,Do not the sailors of the ships fear the sea? Yet sinners fear not the Most High.,Charles emended text: sailors,,,,,,sailors,,Review Charles editorial marker before using this wording in an appendix.
1 Enoch 102:3,corrupt_text,"And all the angels shall execute their commands And shall seek to hide themselves from the presence of the Great Glory, And the children of earth shall tremble and quake; And ye sinners shall be accursed for ever, And ye shall have no peace.",Charles marks corrupt text: angels shall execute their commands,,,,,,,angels shall execute their commands,Review Charles editorial marker before using this wording in an appendix.
1 Enoch 102:5,emended_text,"And grieve not if your soul into Sheol has descended in grief, And that in your life your body fared not according to your goodness, But wait for the day of the judgement of sinners, And for the day of cursing and chastisement.",Charles emended text: wait for; judgement,,,,,,wait for; judgement,,Review Charles editorial marker before using this wording in an appendix.
1 Enoch 103:10,interpolations,"And we have been destroyed and have not found any to help us even with a word: We have been tortured and destroyed, and hoped not to see life from day to day.",Charles marks interpolation: and destroyed,,,,and destroyed,,,,Review Charles editorial marker before using this wording in an appendix.
1 Enoch 103:12,corrupt_text,"They have had dominion over us that hated us and smote us; And to those that hated us we have bowed our necks, But they pitied us not.",Charles marks corrupt text: and smote us; And to those that hated us,,,,,,,and smote us; And to those that hated us,Review Charles editorial marker before using this wording in an appendix.
1 Enoch 105:1,supplied_text,"In those days the Lord bade (them) to summon and testify to the children of earth concerning their wisdom: Show (it) unto them; for ye are their guides, and a recompense over the whole earth.",Charles supplied text: them; it,,,,,them; it,,,Review supplied wording against Ethiopic base and any extant witnesses.
1 Enoch 105:2,supplied_text,"For I and My Son will be united with them for ever in the paths of uprightness in their lives; and ye shall have peace: rejoice, ye children of uprightness. Amen. FRAGMENT OF THE BOOK OF NOAH. (CVI-CVII.)",Charles supplied text: CVI-CVII.,,,,,CVI-CVII.,,,Review supplied wording against Ethiopic base and any extant witnesses.
1 Enoch 106:2,corrupt_text,"And his body was white as snow and red as the blooming of a rose, and the hair of his head and his long locks were white as wool, and his eyes beautiful. And when he opened his eyes, he lighted up the whole house like the sun, and the whole house was very bright.","Charles marks corrupt text: and his long locks were white as wool, and his eyes beautiful",,,,,,,"and his long locks were white as wool, and his eyes beautiful",Review Charles editorial marker before using this wording in an appendix.
1 Enoch 106:3,corrupt_text,"And thereupon he arose in the hands of the midwife, opened his mouth, and conversed with the Lord of righteousness.",Charles marks corrupt text: conversed with,,,,,,,conversed with,Review Charles editorial marker before using this wording in an appendix.
1 Enoch 106:8,emended_text,"And when Methuselah heard the words of his son, he came to me to the ends of the earth; for he had heard that I was there, and he cried aloud, and I heard his voice and I came to him. And I said unto him: ‘Behold, here am I, my son, wherefore hast thou come to me?’",Charles emended text: wherefore,,,,,,wherefore,,Review Charles editorial marker before using this wording in an appendix.
1 Enoch 106:13,emended_text,"And I, Enoch, answered and said unto him: ‘The Lord will do a new thing on the earth, and this I have already seen in a vision, and make known to thee that in the generation of my father Jared some of the angels of heaven transgressed the word of the Lord.",Charles emended text: angels,,,,,,angels,,Review Charles editorial marker before using this wording in an appendix.
1 Enoch 106:16,interpolations,"And this son who has been born unto you shall be left on the earth, and his three children shall be saved with him: when all mankind that are on the earth shall die he and his sons shall be saved.",Charles marks interpolation: he and his sons shall be saved,,,,he and his sons shall be saved,,,,Review Charles editorial marker before using this wording in an appendix.
1 Enoch 106:19,supplied_text,"And after that there shall be still more unrighteousness than that which was first consummated on the earth; for I know the mysteries of the holy ones; for He, the Lord, has showed me and informed me, and I have read (them) in the heavenly tablets.",Charles supplied text: them,,,,,them,,,Review supplied wording against Ethiopic base and any extant witnesses.
1 Enoch 107:2,supplied_text,"And now, my son, go and make known to thy son Lamech that this son, which has been born, is in truth his son, and that (this) is no lie.’",Charles supplied text: this,,,,,this,,,Review supplied wording against Ethiopic base and any extant witnesses.
1 Enoch 107:3,supplied_text,And when Methuselah had heard the words of his father Enoch—for he had shown to him everything in secret—he returned and showed (them) to him and called the name of that son Noah; for he will comfort the earth after all the destruction. CVIII. AN APPENDIX TO THE BOOK OF ENOCH.,Charles supplied text: them,,,,,them,,,Review supplied wording against Ethiopic base and any extant witnesses.
1 Enoch 108:3,emended_text,"And wait ye indeed till sin has passed away, for their names shall be blotted out of the book of life and out of the holy books, and their seed shall be destroyed for ever, and their spirits shall be slain, and they shall cry and make lamentation in a place that is a chaotic wilderness, and in the fire shall they burn; for there is no earth there.",Charles emended text: in the fire shall they burn,,,,,,in the fire shall they burn,,Review Charles editorial marker before using this wording in an appendix.
1 Enoch 108:4,corrupt_text,"And I saw there something like an invisible cloud; for by reason of its depth I could not look over, and I saw a flame of fire blazing brightly, and things like shining mountains circling and sweeping to and fro.",Charles marks corrupt text: look over,,,,,,,look over,Review Charles editorial marker before using this wording in an appendix.
1 Enoch 108:6,supplied_text,"And he said unto me: ‘This place which thou seest—here are cast the spirits of sinners and blasphemers, and of those who work wickedness, and of those who pervert every thing that the Lord hath spoken through the mouth of the prophets—(even) the things that shall be.",Charles supplied text: even,,,,,even,,,Review supplied wording against Ethiopic base and any extant witnesses.
1 Enoch 108:15,supplied_text; emended_text,"And the sinners shall cry aloud and see them resplendent, and they indeed shall go where days and seasons are prescribed for them.’ PRINTED IN GREAT BRITAIN BY RICHARD CLAY AND COMPANY, LTD., BUNGAY, SUFFOLK. ● Transcriber’s Notes: ○ Text that was in italics is enclosed by underscores (italics). ○ Text that was in bold face is enclosed by equals signs (bold). ○ Text that was in superscript is preceded by a caret (^) sign. A single character superscript is simply G^s; multiple characters in superscript are enclosed in curly brackets, like G^{s1}. ○ Footnotes have been moved to follow the chapters in which they are referenced. *** END OF THE PROJECT GUTENBERG EBOOK 77935 ***",Charles supplied text: _italics_; =bold=; ^; Charles emended text: bold,,,,,_italics_; =bold=; ^,bold,,Review Charles editorial marker before using this wording in an appendix.
