source_file,line_number,section_hint,ref_hint,greek_char_count,raw_line,next_review
data/raw/1_enoch_charles_1912_djvu.txt,307,front matter and source discussion,,9,TRANSLATION AND βου ὦ AND Bede ericit ΝΟΤΕΞ,Source-status or reception note; do not import as verse text without checking context.
data/raw/1_enoch_charles_1912_djvu.txt,490,front matter and source discussion,,19,"1°, Enoch. Jude 14 ἐπροφήτευσεν... ἕβδομος amd’ Addy, Eve",Source-status or reception note; do not import as verse text without checking context.
data/raw/1_enoch_charles_1912_djvu.txt,492,front matter and source discussion,,12,Ep. Barn. iv. 3 ὡς ᾿Ενὼχ λέγει. 3,Source-status or reception note; do not import as verse text without checking context.
data/raw/1_enoch_charles_1912_djvu.txt,493,front matter and source discussion,,12,"Clem. Alex. Eedog. Proph. (Dindorf, iii. 456) ὁ Δανιὴλ λέγει.",Source-status or reception note; do not import as verse text without checking context.
data/raw/1_enoch_charles_1912_djvu.txt,494,front matter and source discussion,,14,"ὁμοδοξῶν τῷ Ἕνώχ : also in iil, 474.",Source-status or reception note; do not import as verse text without checking context.
data/raw/1_enoch_charles_1912_djvu.txt,495,front matter and source discussion,,15,"Origen, Ju loannem vi. 25 ὡς ἐν τῷ ’Evayx γέγραπται: Contra”",Source-status or reception note; do not import as verse text without checking context.
data/raw/1_enoch_charles_1912_djvu.txt,496,front matter and source discussion,,24,Celsum ν. 54 τῶν ἐν τῷ ᾿Ενὼχ γεγραμμένων. ;,Source-status or reception note; do not import as verse text without checking context.
data/raw/1_enoch_charles_1912_djvu.txt,501,front matter and source discussion,,13,᾿Ενὼχ μαθήματα). ;,Source-status or reception note; do not import as verse text without checking context.
data/raw/1_enoch_charles_1912_djvu.txt,513,front matter and source discussion,,24,T. Jud. xviii. 1 (8 AS!) ἐν βίβλοις ᾿Ενὼχ τοῦ δικαίου.,Source-status or reception note; do not import as verse text without checking context.
data/raw/1_enoch_charles_1912_djvu.txt,514,front matter and source discussion,,28,T. Lev. x. 5 (A) = καθὼς γέγραπται ἐν βίβλοις ᾿Ενώχ.,Source-status or reception note; do not import as verse text without checking context.
data/raw/1_enoch_charles_1912_djvu.txt,524,front matter and source discussion,,29,"Origen, Contra Celsum, v.54 τὰ ἐπιγεγραμμένα τοῦ ᾿Ενὼχ βιβλία:",Source-status or reception note; do not import as verse text without checking context.
data/raw/1_enoch_charles_1912_djvu.txt,530,front matter and source discussion,,11,"Synecellus (Chronographia, ed. Dind.), i. p. 20 ἐκ τοῦ πρώτου",Source-status or reception note; do not import as verse text without checking context.
data/raw/1_enoch_charles_1912_djvu.txt,531,front matter and source discussion,,14,"βιβλίου τοῦ Ἐνώχ. The same phrase recurs in 1. p. 21, 47. Cf.",Source-status or reception note; do not import as verse text without checking context.
data/raw/1_enoch_charles_1912_djvu.txt,532,front matter and source discussion,,20,1. 42 ἐκ τοῦ πρώτου λόγου Ἐνώχ. Here and in the preceding work,Source-status or reception note; do not import as verse text without checking context.
data/raw/1_enoch_charles_1912_djvu.txt,538,front matter and source discussion,,25,"T. Lev. x. 5 (a, deg) καθὼς περιέχει ἡ (> ab) βίβλος ᾿Ενὼχ",Source-status or reception note; do not import as verse text without checking context.
data/raw/1_enoch_charles_1912_djvu.txt,552,front matter and source discussion,,30,"᾿ς Syneellus, op. cit. 1. 60 ὡς ἐν τῇ βίβλῳ αὐτοῦ ᾿Ενὼχ φέρεται.",Source-status or reception note; do not import as verse text without checking context.
data/raw/1_enoch_charles_1912_djvu.txt,559,front matter and source discussion,,29,T. Benj. ix. 1 ἀπὸ λογίων (= λόγων B-d) ᾿Ενὼχ τοῦ δικαίου.,Source-status or reception note; do not import as verse text without checking context.
data/raw/1_enoch_charles_1912_djvu.txt,563,front matter and source discussion,,19,T. Lev. xiv. 1 (8 A) ἔγνων ἀπὸ γραφῆς ᾿Ενώχ. See also in,Source-status or reception note; do not import as verse text without checking context.
data/raw/1_enoch_charles_1912_djvu.txt,605,front matter and source discussion,,8,recognition is given amply in the Ep. Barnabas xvi. 5 λέγει γὰρ,Source-status or reception note; do not import as verse text without checking context.
data/raw/1_enoch_charles_1912_djvu.txt,607,front matter and source discussion,,20,προφήταις ἐκπεφώνηται (referring to Enoch); in the third cen-,Source-status or reception note; do not import as verse text without checking context.
data/raw/1_enoch_charles_1912_djvu.txt,612,front matter and source discussion,,39,"1, 24) τοῦτο οὖν ἔφασαν αἱ dpxata καὶ ai θεῖαι γραφαί, ὅτι ἄγγελο",Source-status or reception note; do not import as verse text without checking context.
data/raw/1_enoch_charles_1912_djvu.txt,613,front matter and source discussion,,26,τινες ἐπεθύμησαν τῶν γυναικῶν. After the third century the,Source-status or reception note; do not import as verse text without checking context.
data/raw/1_enoch_charles_1912_djvu.txt,685,front matter and source discussion,,22,the following passages: 22° οὗ ἡ πηγὴ τοῦ ὕδατος ἐν αὐτῷ,Source-status or reception note; do not import as verse text without checking context.
data/raw/1_enoch_charles_1912_djvu.txt,687,front matter and source discussion,,23,171 ἐν ᾧ οἱ ὄντες ἐκεῖ γίγνονται (DY... WN) = ‘where the,Source-status or reception note; do not import as verse text without checking context.
data/raw/1_enoch_charles_1912_djvu.txt,689,front matter and source discussion,,37,"οἱ ὄντες. 32° οὗ ἐσθίουσιν ἁγίου τοῦ καρποῦ αὐτοῦ (,,,. WN",Source-status or reception note; do not import as verse text without checking context.
data/raw/1_enoch_charles_1912_djvu.txt,693,front matter and source discussion,,23,unemended text runs: ἀπὸ ἡμέρας .... θανάτου ἀφ᾽ ὧν τὰ,Source-status or reception note; do not import as verse text without checking context.
data/raw/1_enoch_charles_1912_djvu.txt,706,front matter and source discussion,,44,πνεύματα ἐκπορευόμενα ἐκ τῆς ψυχῆς τῆς σαρκὸς αὐτῶν. This,High-density Greek OCR line; verify against page image/PDF before source-row import.
data/raw/1_enoch_charles_1912_djvu.txt,710,front matter and source discussion,,16,"γιγάντων before ἀφ᾽ ὧν. This very phrase, moreover, τῶν",Source-status or reception note; do not import as verse text without checking context.
data/raw/1_enoch_charles_1912_djvu.txt,711,front matter and source discussion,,8,"γιγάντων is found in G*, though this version inserts after it",Source-status or reception note; do not import as verse text without checking context.
data/raw/1_enoch_charles_1912_djvu.txt,716,front matter and source discussion,,8,errors. In v. 6 Radermacher reads of ἀμίαντοι as an emendation,Source-status or reception note; do not import as verse text without checking context.
data/raw/1_enoch_charles_1912_djvu.txt,723,front matter and source discussion,,8,"the MS. wrongly, so also has Radermacher. It reads ἀμαρίτοι.",Source-status or reception note; do not import as verse text without checking context.
data/raw/1_enoch_charles_1912_djvu.txt,726,front matter and source discussion,,11,"emend ayapro: into ἀναμάρτητοι, but certainly not into dplavrou",Source-status or reception note; do not import as verse text without checking context.
data/raw/1_enoch_charles_1912_djvu.txt,736,front matter and source discussion,,8,"Justin Martyr, Apol. 11. 5; Athenagoras in his Πρεσβεία, x;_",Source-status or reception note; do not import as verse text without checking context.
data/raw/1_enoch_charles_1912_djvu.txt,806,front matter and source discussion,,10,tional clauses (πορεύου κτλ.) in G* 102» * belong most probably to,Source-status or reception note; do not import as verse text without checking context.
data/raw/1_enoch_charles_1912_djvu.txt,842,front matter and source discussion,,19,"Thus δῆσον in 10! where Gs E corruptly read δήλωσον, κατακρι",Source-status or reception note; do not import as verse text without checking context.
data/raw/1_enoch_charles_1912_djvu.txt,843,front matter and source discussion,,12,"in 10! where (8 Εὶ read κατακαυσθῇ. Cp. also 107,",Source-status or reception note; do not import as verse text without checking context.
data/raw/1_enoch_charles_1912_djvu.txt,852,front matter and source discussion,,28,tagav (G* εἶπον); 1011 δήλωσον (G* δῆσον) ; 10! Τκατακαυσθῖ,Source-status or reception note; do not import as verse text without checking context.
data/raw/1_enoch_charles_1912_djvu.txt,853,front matter and source discussion,,20,"("" κατακριθῇ); 145 Τἐθορύβαζον (a mistranslation of the Aramaic",Source-status or reception note; do not import as verse text without checking context.
data/raw/1_enoch_charles_1912_djvu.txt,854,front matter and source discussion,,11,original) G&; 1418 topos (G&. E = ὀπός) (corrupt for ὅρασις ὃ) ;,Source-status or reception note; do not import as verse text without checking context.
data/raw/1_enoch_charles_1912_djvu.txt,855,front matter and source discussion,,37,15° Τἀνωτέρων (G* ἀνθρώπων) ; 18° ἐβαστάζοντας ἐν νεφέλῃ ; 224,Source-status or reception note; do not import as verse text without checking context.
data/raw/1_enoch_charles_1912_djvu.txt,856,front matter and source discussion,,36,Τἐποίησαν for ἐποιήθησαν ; 25° teis ζωήν; 287 Τἀπὸ τῶν σπερμά-,Source-status or reception note; do not import as verse text without checking context.
data/raw/1_enoch_charles_1912_djvu.txt,861,front matter and source discussion,,18,"G9 and vice versa. Thus E Ο rightly add αὐτοῖς after ἐγεννήθησαν,",Source-status or reception note; do not import as verse text without checking context.
data/raw/1_enoch_charles_1912_djvu.txt,862,front matter and source discussion,,25,in 6! and read βασιλεὺς τῶν βασιλευόντων in 9* where ΘΒ reads,Source-status or reception note; do not import as verse text without checking context.
data/raw/1_enoch_charles_1912_djvu.txt,863,front matter and source discussion,,32,"β. τῶν αἰώνων, and πάντων τὴν ἐξουσίαν in 9° where (8 reads πᾶσαν",Source-status or reception note; do not import as verse text without checking context.
data/raw/1_enoch_charles_1912_djvu.txt,864,front matter and source discussion,,36,"τ. ἐξουσίαν, and attest ἐν ταῖς θηλείαις in 98 and εἰς ἀλλήλους ἐξ",Source-status or reception note; do not import as verse text without checking context.
data/raw/1_enoch_charles_1912_djvu.txt,865,front matter and source discussion,,16,"αὐτῶν εἰς αὐτούς in 10°, which Οδ in both cases omits. More-",Source-status or reception note; do not import as verse text without checking context.
data/raw/1_enoch_charles_1912_djvu.txt,866,front matter and source discussion,,18,"over, in 911 the corruption in E = ra εἰς αὐτούς (for ἐᾷς αὐτούς 50.",Source-status or reception note; do not import as verse text without checking context.
data/raw/1_enoch_charles_1912_djvu.txt,878,front matter and source discussion,,16,In the following passages E presupposes ὁμοῦ μετά for ὀμοῦνται.,Source-status or reception note; do not import as verse text without checking context.
data/raw/1_enoch_charles_1912_djvu.txt,879,front matter and source discussion,,30,in ὅδ; τὰ μετὰ αὐτά for μέταλλα in 8!; ἀνάγω for ἀναγνῷ in 184;,Source-status or reception note; do not import as verse text without checking context.
data/raw/1_enoch_charles_1912_djvu.txt,885,front matter and source discussion,,36,ay υστηρίου for μυρίων in 1816; ὡς εἰρηναῖαι for εἰς σειρῆνας in 19?;,Source-status or reception note; do not import as verse text without checking context.
data/raw/1_enoch_charles_1912_djvu.txt,888,front matter and source discussion,,18,"λαῷ for χάῳ in 20°; κοῖλοι for καλοί in 225) ὃ, Corruptions of",Source-status or reception note; do not import as verse text without checking context.
data/raw/1_enoch_charles_1912_djvu.txt,1643,front matter and source discussion,1 Enoch 7,9,§ 11. Criricat ΓΝΟΌΙΒΙΕΒ.,Source-status or reception note; do not import as verse text without checking context.
data/raw/1_enoch_charles_1912_djvu.txt,2421,front matter and source discussion,1 Enoch 7,8,ὃ Αι λονίο uncollated Ethiopie MSS. and with the Gizeh and other,Source-status or reception note; do not import as verse text without checking context.
data/raw/1_enoch_charles_1912_djvu.txt,2437,front matter and source discussion,1 Enoch 7,8,ξ ΟἸδπιθα lays great stress on the changes of person as betraying,Source-status or reception note; do not import as verse text without checking context.
data/raw/1_enoch_charles_1912_djvu.txt,2518,front matter and source discussion,1 Enoch 7,8,doubt as to the authenticity of the passages dealing with ΡΠ γϑίοαὶ.,Source-status or reception note; do not import as verse text without checking context.
data/raw/1_enoch_charles_1912_djvu.txt,3284,front matter and source discussion,1 Enoch 7,12,EE δ τας ΒΕ ΘΕΌΣ σε ee,Source-status or reception note; do not import as verse text without checking context.
data/raw/1_enoch_charles_1912_djvu.txt,3291,front matter and source discussion,1 Enoch 7,26,"11, In Εἰ the text = ἐξᾶραι πάντας τοὺς πονηρούς whereas GE has",Source-status or reception note; do not import as verse text without checking context.
data/raw/1_enoch_charles_1912_djvu.txt,3292,front matter and source discussion,1 Enoch 7,23,"ἐξᾶραι πάντας τοὺς ἐχθρούς. The former, as the context shows, as well",Source-status or reception note; do not import as verse text without checking context.
data/raw/1_enoch_charles_1912_djvu.txt,3321,front matter and source discussion,1 Enoch 7,39,"5%, ἐν ὑμῖν καταράσονται πάντες οἱ καταρώμενοι = ΩΝ 22",Source-status or reception note; do not import as verse text without checking context.
data/raw/1_enoch_charles_1912_djvu.txt,3325,front matter and source discussion,1 Enoch 7,20,"5°>, Here G& reads ἁμάρτωσιν, but E = κριθήσονται = OUI",Source-status or reception note; do not import as verse text without checking context.
data/raw/1_enoch_charles_1912_djvu.txt,3342,front matter and source discussion,1 Enoch 7,16,"i.e. NID, μανδοβαρά, 281, and βαβδηρά, 291, i.e. NIN. Another",Source-status or reception note; do not import as verse text without checking context.
data/raw/1_enoch_charles_1912_djvu.txt,3343,front matter and source discussion,1 Enoch 7,8,"Aramaié form is χερουβίν, 1411 18 207, but this form is indecisive as",Source-status or reception note; do not import as verse text without checking context.
data/raw/1_enoch_charles_1912_djvu.txt,3359,front matter and source discussion,1 Enoch 7,11,"1 Here 68 has μαζηρέους and cannot account for E. Hence E here, as in 1} δ᾿",Source-status or reception note; do not import as verse text without checking context.
data/raw/1_enoch_charles_1912_djvu.txt,3397,front matter and source discussion,1 Enoch 7,33,ai γυναῖκες αὐτῶν τῶν παραβάντων ἀγγέλων. This is a literal reproduc-,Source-status or reception note; do not import as verse text without checking context.
data/raw/1_enoch_charles_1912_djvu.txt,3401,front matter and source discussion,1 Enoch 7,29,construction recurs in Εἰ 98 which = συνεκοιμήθησαν μετ᾽ αὐτῶν μετὰ,Source-status or reception note; do not import as verse text without checking context.
data/raw/1_enoch_charles_1912_djvu.txt,3404,front matter and source discussion,1 Enoch 7,10,"i τῶν θηλειῶν = NWI DY Noy 23. Here GS, it is true, has omitted",Source-status or reception note; do not import as verse text without checking context.
data/raw/1_enoch_charles_1912_djvu.txt,3405,front matter and source discussion,1 Enoch 7,10,pera τῶν θηλειῶν. This omission was probably due to the un-,Source-status or reception note; do not import as verse text without checking context.
data/raw/1_enoch_charles_1912_djvu.txt,3411,front matter and source discussion,1 Enoch 7,22,normalize the Greek. Thus G* reads συνεκοιμήθησαν per αὐτῶν καὶ,Source-status or reception note; do not import as verse text without checking context.
data/raw/1_enoch_charles_1912_djvu.txt,3412,front matter and source discussion,1 Enoch 7,27,ἐν ταῖς θηλείαις ἐμιάνθησαν. Here the καί should be restored after,Source-status or reception note; do not import as verse text without checking context.
data/raw/1_enoch_charles_1912_djvu.txt,3413,front matter and source discussion,1 Enoch 7,8,"θηλείαις. In 6° we have a third instance of this idiom, though in",Source-status or reception note; do not import as verse text without checking context.
data/raw/1_enoch_charles_1912_djvu.txt,3416,front matter and source discussion,1 Enoch 7,26,a corrupt form: οὗτοί εἰσιν ἀρχαὶ αὐτῶν τῶν dexd(dwv) = ΠΝ Ἢ,Source-status or reception note; do not import as verse text without checking context.
data/raw/1_enoch_charles_1912_djvu.txt,3424,front matter and source discussion,1 Enoch 7,41,τρίτος ἐδίδαξε τὰ σημεῖα τῆς γῆς. Now the 6 τρίτος in 67 is ᾿Αρακιήλ,High-density Greek OCR line; verify against page image/PDF before source-row import.
data/raw/1_enoch_charles_1912_djvu.txt,3427,front matter and source discussion,1 Enoch 7,36,"Again in G8 83 we have ὁ δὲ εἰκοστὸς ἐδίδαξε τὰ σημεῖα τῆς σελήνης,",Source-status or reception note; do not import as verse text without checking context.
data/raw/1_enoch_charles_1912_djvu.txt,3428,front matter and source discussion,1 Enoch 7,19,where ὁ εἰκοστός according to Gs ΟἿ is Σαριήλ = >xnd. Here ΠΟ,Source-status or reception note; do not import as verse text without checking context.
data/raw/1_enoch_charles_1912_djvu.txt,3430,front matter and source discussion,1 Enoch 7,21,is Aramaic for ‘moon’. Again in 8° the ὁ ὄγδοος in ὁ ὄγδοος ἐδίδαξε,Source-status or reception note; do not import as verse text without checking context.
data/raw/1_enoch_charles_1912_djvu.txt,3431,front matter and source discussion,1 Enoch 7,16,"depooxoriar is in GE 67 Ἔζεκιήλ (65 Ζακιήλ) = dSyrpny. pm (= ἀήρ),",Source-status or reception note; do not import as verse text without checking context.
data/raw/1_enoch_charles_1912_djvu.txt,3439,front matter and source discussion,1 Enoch 7,13,"to Raphael: ἴασαι τὴν γῆν = ΝΠ D5, in which there is an obvious",Source-status or reception note; do not import as verse text without checking context.
data/raw/1_enoch_charles_1912_djvu.txt,3455,front matter and source discussion,1 Enoch 7,14,case in 9f wabp (ie. τῶν βασιλέων E) corrupt for yyy = τῶν,Source-status or reception note; do not import as verse text without checking context.
data/raw/1_enoch_charles_1912_djvu.txt,3456,front matter and source discussion,1 Enoch 7,14,"αἰώνων, or pdb for n»abdy: similarly in 10? ἐπάταξαν EGS = \738,",Source-status or reception note; do not import as verse text without checking context.
data/raw/1_enoch_charles_1912_djvu.txt,3458,front matter and source discussion,1 Enoch 7,16,"In 1017 τὰ σάββατα αὐτῶν = ΙΒ), wrongly vocalized for fnnay,",Source-status or reception note; do not import as verse text without checking context.
data/raw/1_enoch_charles_1912_djvu.txt,3461,front matter and source discussion,1 Enoch 7,18,or = ὩΣ corrupt for ONIY. 148 κατεσπούδαζον καὶ teOopiBaovt. —,Source-status or reception note; do not import as verse text without checking context.
data/raw/1_enoch_charles_1912_djvu.txt,3465,front matter and source discussion,1 Enoch 7,22,"noma jin’. Now the pael dna = θορυβάζειν, ταράσσειν, OY συν-",Source-status or reception note; do not import as verse text without checking context.
data/raw/1_enoch_charles_1912_djvu.txt,3466,front matter and source discussion,1 Enoch 7,9,"ταράσσειν in Dan. 4% 16 5% 10 715, 28. and is rendered by Theodotion",Source-status or reception note; do not import as verse text without checking context.
data/raw/1_enoch_charles_1912_djvu.txt,3468,front matter and source discussion,1 Enoch 7,12,"same Aramaic verb by κατασπεύδειν in 416 56, Thus the translator",Source-status or reception note; do not import as verse text without checking context.
data/raw/1_enoch_charles_1912_djvu.txt,3477,front matter and source discussion,1 Enoch 7,12,Aramaic could mean κατασπεύδειν or OopvBalew. Thus we could,Source-status or reception note; do not import as verse text without checking context.
data/raw/1_enoch_charles_1912_djvu.txt,3480,front matter and source discussion,1 Enoch 7,10,explain ἐθορύβαζον as a mistranslation in this context of pbna. It,Source-status or reception note; do not import as verse text without checking context.
data/raw/1_enoch_charles_1912_djvu.txt,3486,front matter and source discussion,1 Enoch 7,23,would mean κατεσπούδαζον and ἐθορύβαζον as a niphal. In 13?,Source-status or reception note; do not import as verse text without checking context.
data/raw/1_enoch_charles_1912_djvu.txt,3498,front matter and source discussion,1 Enoch 7,15,through retranslation into Aramaic. In 910 ἀνέβη ὃ στεναγμὸς,Source-status or reception note; do not import as verse text without checking context.
data/raw/1_enoch_charles_1912_djvu.txt,3499,front matter and source discussion,1 Enoch 7,30,"αὐτῶν Kat οὐ δύναται ἐξελθεῖν, the ἐξελθεῖν is meaningless, but by",Source-status or reception note; do not import as verse text without checking context.
data/raw/1_enoch_charles_1912_djvu.txt,3500,front matter and source discussion,1 Enoch 7,8,"retranslation we discover the origin of the corruption, ἐξελθεῖν =",Source-status or reception note; do not import as verse text without checking context.
data/raw/1_enoch_charles_1912_djvu.txt,3508,front matter and source discussion,1 Enoch 7,10,"Gs has once yf and once πληγή, and GS πληγή both times. The —",Source-status or reception note; do not import as verse text without checking context.
data/raw/1_enoch_charles_1912_djvu.txt,3552,front matter and source discussion,1 Enoch 7,12,In 177 E=1a ὄρη τῶν γνόφων = xbap yp. ‘The phrase was,Source-status or reception note; do not import as verse text without checking context.
data/raw/1_enoch_charles_1912_djvu.txt,3553,front matter and source discussion,1 Enoch 7,13,"ERerived most probably from Jer. 1316 yw) νΠ, Βαυΐ Gs reads ἀνέμους",Source-status or reception note; do not import as verse text without checking context.
data/raw/1_enoch_charles_1912_djvu.txt,3554,front matter and source discussion,1 Enoch 7,9,"τῶν γνόφων = xdap min. Here, as we have seen several times",Source-status or reception note; do not import as verse text without checking context.
data/raw/1_enoch_charles_1912_djvu.txt,3559,front matter and source discussion,1 Enoch 7,43,In 18? the text ἴδον τοὺς τέσσαρας ἀνέμους τὴν γῆν βαστάζοντας καὶ,High-density Greek OCR line; verify against page image/PDF before source-row import.
data/raw/1_enoch_charles_1912_djvu.txt,3560,front matter and source discussion,1 Enoch 7,11,᾿ τὸ στερέωμα (GEE) is quite impossible. The winds do not bear the,Source-status or reception note; do not import as verse text without checking context.
data/raw/1_enoch_charles_1912_djvu.txt,3565,front matter and source discussion,1 Enoch 7,31,‘ In 28? πλήρης δένδρων καὶ ἀπὸ τῶν σπερμάτων. It would be absurd,Source-status or reception note; do not import as verse text without checking context.
data/raw/1_enoch_charles_1912_djvu.txt,3567,front matter and source discussion,1 Enoch 7,10,"t ᾿ σπερμάτων = pyro, corrupt for py (cf. Dan. 12% 16; Mishna, Kil.",Source-status or reception note; do not import as verse text without checking context.
data/raw/1_enoch_charles_1912_djvu.txt,3568,front matter and source discussion,1 Enoch 7,16,"ii, 2; iii. 2) = καὶ τῶν φυτευμάτων. Or the wrong phrase may be",Source-status or reception note; do not import as verse text without checking context.
data/raw/1_enoch_charles_1912_djvu.txt,3571,front matter and source discussion,1 Enoch 7,12,In 315 ὅταν τρίβωσιν refer to certain fragrant trees mentioned in,Source-status or reception note; do not import as verse text without checking context.
data/raw/1_enoch_charles_1912_djvu.txt,3573,front matter and source discussion,1 Enoch 7,8,burnt. (See note in loc.) Hence I assume that )ppt (= τρίβωσιν),Source-status or reception note; do not import as verse text without checking context.
data/raw/1_enoch_charles_1912_djvu.txt,3574,front matter and source discussion,1 Enoch 7,8,is corrupt for non = = καύσωσιν.,Source-status or reception note; do not import as verse text without checking context.
data/raw/1_enoch_charles_1912_djvu.txt,3638,front matter and source discussion,1 Enoch 7,19,"’émqsdma = ἐκ προσώπου or ἔμπροσθεν = “550, ‘from before,’ or",Source-status or reception note; do not import as verse text without checking context.
data/raw/1_enoch_charles_1912_djvu.txt,3728,front matter and source discussion,1 Enoch 7,9,"ic in form, but σερῥαφείν which occurs only twice in the O,T.,",Source-status or reception note; do not import as verse text without checking context.
data/raw/1_enoch_charles_1912_djvu.txt,3739,front matter and source discussion,1 Enoch 7,46,"Mf οἱ ἄνθρωποι, οἱ υἱοὶ τῶν ἀνθρώπων and πϑιοεν of υἱὸς ἀνθρώπου.᾽",High-density Greek OCR line; verify against page image/PDF before source-row import.
data/raw/1_enoch_charles_1912_djvu.txt,3742,front matter and source discussion,1 Enoch 7,12,"; ni wag used as a rendering of ὁ vids τοῦ ἀνθρώπου, and observes :",Source-status or reception note; do not import as verse text without checking context.
data/raw/1_enoch_charles_1912_djvu.txt,3749,front matter and source discussion,1 Enoch 7,11,"N.T. title 6 vids τοῦ ἀνθρώπου was uniformly used’, it would be",Source-status or reception note; do not import as verse text without checking context.
data/raw/1_enoch_charles_1912_djvu.txt,3778,front matter and source discussion,1 Enoch 7,16,"is referred to in Origen, Contra Celsum 5° (i.e. τοὺς ἀγγέλους) γενέ-",Source-status or reception note; do not import as verse text without checking context.
data/raw/1_enoch_charles_1912_djvu.txt,3779,front matter and source discussion,1 Enoch 7,56,"σθαι κακούς, καὶ κολάζεσθαι δεσμοῖς ὑποβληθέντας ἐν γῇ"" ὅθεν καὶ τὰς.",High-density Greek OCR line; verify against page image/PDF before source-row import.
data/raw/1_enoch_charles_1912_djvu.txt,3780,front matter and source discussion,1 Enoch 7,31,"θερμὰς πηγὰς εἶναι τὰ ἐκείνων δάκρυα (1 En. 679» 11, 12), This evidence",Source-status or reception note; do not import as verse text without checking context.
data/raw/1_enoch_charles_1912_djvu.txt,3848,front matter and source discussion,1 Enoch 7,8,"Bethiopic phrase is used indifferently as a rendering of ἄνθρωπος, vids",Source-status or reception note; do not import as verse text without checking context.
data/raw/1_enoch_charles_1912_djvu.txt,3849,front matter and source discussion,1 Enoch 7,32,"ἀνθρώπου, ἄνθρωποι, υἱοὶ ἀνθρώπων, ἀνήρ. And the full form walda",Source-status or reception note; do not import as verse text without checking context.
data/raw/1_enoch_charles_1912_djvu.txt,3850,front matter and source discussion,1 Enoch 7,8,"*éguala ‘tmahdjiw = vids ἀνθρώπου in Dan. 715 Ps, 7918, in Ezekiel",Source-status or reception note; do not import as verse text without checking context.
data/raw/1_enoch_charles_1912_djvu.txt,3852,front matter and source discussion,1 Enoch 7,11,vids τοῦ ἀνθρώπου. In itself the Ethiopic phrase can mean ‘ son of,Source-status or reception note; do not import as verse text without checking context.
data/raw/1_enoch_charles_1912_djvu.txt,3859,front matter and source discussion,1 Enoch 7,8,Desi. sab’é distinctively = ἄνθρωπος (though in a few cases,Source-status or reception note; do not import as verse text without checking context.
data/raw/1_enoch_charles_1912_djvu.txt,3860,front matter and source discussion,1 Enoch 7,13,‘it = ἀνήρ). Thus walda sab’é = vids ἀνθρώπου. It can also = ὁ vids,Source-status or reception note; do not import as verse text without checking context.
data/raw/1_enoch_charles_1912_djvu.txt,3861,front matter and source discussion,1 Enoch 7,11,"τοῦ ἀνθρώπου, but to make this unmistakable the translator could",Source-status or reception note; do not import as verse text without checking context.
data/raw/1_enoch_charles_1912_djvu.txt,3865,front matter and source discussion,1 Enoch 7,8,"(Lew. 519) puts it, it stands creberrime for ἄνθρωπος. In fact in the",Source-status or reception note; do not import as verse text without checking context.
data/raw/1_enoch_charles_1912_djvu.txt,3866,front matter and source discussion,1 Enoch 7,8,Ethiopic Version of our book it is used as a rendering of ἄνθρωπος in,Source-status or reception note; do not import as verse text without checking context.
data/raw/1_enoch_charles_1912_djvu.txt,3892,front matter and source discussion,1 Enoch 7,18,"ἀνθρώπου, but walda b%si may presuppose ὁ vids τοῦ ἀνδρός. But",Source-status or reception note; do not import as verse text without checking context.
data/raw/1_enoch_charles_1912_djvu.txt,3894,front matter and source discussion,1 Enoch 7,8,a rendering of ἀνθρώπου as in 1? 15}. |,Source-status or reception note; do not import as verse text without checking context.
data/raw/1_enoch_charles_1912_djvu.txt,3898,front matter and source discussion,1 Enoch 7,11,"NWIN7) occurs uniformly as a rendering of 6 vids τοῦ ἀνθρώπου, in the",Source-status or reception note; do not import as verse text without checking context.
data/raw/1_enoch_charles_1912_djvu.txt,3913,front matter and source discussion,1 Enoch 7,12,On the above grounds we conclude that ὃ vids τοῦ ἀνθρώπου stood,Source-status or reception note; do not import as verse text without checking context.
data/raw/1_enoch_charles_1912_djvu.txt,3943,front matter and source discussion,1 Enoch 7,25,"τοῦ ἀνθρώπου and ὃ υἱὸς τοῦ ἀνδρός, and that these were due to the translators, who",Source-status or reception note; do not import as verse text without checking context.
data/raw/1_enoch_charles_1912_djvu.txt,3994,front matter and source discussion,1 Enoch 7,25,For ‘ withheld’ the text reads λογισθήσεται or ἀριθμηθήσεται. The,Source-status or reception note; do not import as verse text without checking context.
data/raw/1_enoch_charles_1912_djvu.txt,3998,front matter and source discussion,1 Enoch 7,14,"tion into Hebrew. οὐ λογισθήσεται = WN xd, corrupt for 77 N?",Source-status or reception note; do not import as verse text without checking context.
data/raw/1_enoch_charles_1912_djvu.txt,4000,front matter and source discussion,1 Enoch 7,13,meaning of the Ethiopic word ἀριθμηθήσεται = NI12N'—a corruption of,Source-status or reception note; do not import as verse text without checking context.
data/raw/1_enoch_charles_1912_djvu.txt,4052,front matter and source discussion,1 Enoch 7,11,ΓΥΝ ΟΠ ΟΞ ὙἼΠΝ Dw.,Source-status or reception note; do not import as verse text without checking context.
data/raw/1_enoch_charles_1912_djvu.txt,4094,front matter and source discussion,1 Enoch 7,17,"Kthiopic, but reproduces the Greek ἐκάλυψεν ἐπ᾽ αὐτούς, Which in turn",Source-status or reception note; do not import as verse text without checking context.
data/raw/1_enoch_charles_1912_djvu.txt,4124,front matter and source discussion,1 Enoch 7,18,"9380, The Ethiopic has a peculiar form, and = ἀσεβήσουσιν καρδίαι",Source-status or reception note; do not import as verse text without checking context.
data/raw/1_enoch_charles_1912_djvu.txt,4130,front matter and source discussion,1 Enoch 7,21,"πάντων ἀπὸ τῆς σοφίας, Which is pure Hebrew = ΠΟΤ nds aad yon.",Source-status or reception note; do not import as verse text without checking context.
data/raw/1_enoch_charles_1912_djvu.txt,4140,front matter and source discussion,1 Enoch 7,17,"of the root of the fountain’ = ἰσχὺν ῥίζης πηγῆς = 'Y ΡΨ"" NI, cor-",Source-status or reception note; do not import as verse text without checking context.
data/raw/1_enoch_charles_1912_djvu.txt,4155,front matter and source discussion,1 Enoch 7,27,"99°, Here E = εἰς ἡμέραν αἵματος ἀδιαλείπτου, but in Tertullian",Source-status or reception note; do not import as verse text without checking context.
data/raw/1_enoch_charles_1912_djvu.txt,4157,front matter and source discussion,1 Enoch 7,26,"εἰς ἡμέραν αἵματος ἀπωλείας = axed ΟῚ ond, where 1x5 is corrupt",Source-status or reception note; do not import as verse text without checking context.
data/raw/1_enoch_charles_1912_djvu.txt,4158,front matter and source discussion,1 Enoch 7,11,for TYP = ἀδιαλείπτου.,Source-status or reception note; do not import as verse text without checking context.
data/raw/1_enoch_charles_1912_djvu.txt,5366,front matter and source discussion,1 Enoch 7,11,᾿ 18. Tue Inriturnce or Enocu on Parristic ΠΙΤΈΒΑΤΟΒΕ.,Source-status or reception note; do not import as verse text without checking context.
data/raw/1_enoch_charles_1912_djvu.txt,5370,front matter and source discussion,1 Enoch 7,25,4 τὸ τέλειον σκάνδαλον ἤγγικεν Not in our Enoch. :,Source-status or reception note; do not import as verse text without checking context.
data/raw/1_enoch_charles_1912_djvu.txt,5371,front matter and source discussion,1 Enoch 7,22,"᾿ περὶ οὗ γέγραπται, ὡς Ἑνὼχ",Source-status or reception note; do not import as verse text without checking context.
data/raw/1_enoch_charles_1912_djvu.txt,5376,front matter and source discussion,1 Enoch 7,17,16° λέγει γὰρ ἡ γραφή καὶ 1° En. 895° «He forsook that,Source-status or reception note; do not import as verse text without checking context.
data/raw/1_enoch_charles_1912_djvu.txt,5379,front matter and source discussion,1 Enoch 7,25,Ξ ἔσται ἐπ᾽ ἤσχότων τῶν ἡμερῶν,Source-status or reception note; do not import as verse text without checking context.
data/raw/1_enoch_charles_1912_djvu.txt,5380,front matter and source discussion,1 Enoch 7,28,᾿ καὶ παραδώσει κύριος τὰ πρόβατα,Source-status or reception note; do not import as verse text without checking context.
data/raw/1_enoch_charles_1912_djvu.txt,5381,front matter and source discussion,1 Enoch 7,24,τῆς νομῆς καὶ τὴν μάνδραν καὶ,Source-status or reception note; do not import as verse text without checking context.
data/raw/1_enoch_charles_1912_djvu.txt,5382,front matter and source discussion,1 Enoch 7,28,᾿ τὸν πύργον αὐτῶν εἰς καταφθοράν.,Source-status or reception note; do not import as verse text without checking context.
data/raw/1_enoch_charles_1912_djvu.txt,5396,front matter and source discussion,1 Enoch 7,25,᾿ τοὺς πεινῶντας καὶ διψῶντας,Source-status or reception note; do not import as verse text without checking context.
data/raw/1_enoch_charles_1912_djvu.txt,5398,front matter and source discussion,1 Enoch 7,24,"καὶ θλιβομένους, καὶ ἐν τούτῳ",Source-status or reception note; do not import as verse text without checking context.
data/raw/1_enoch_charles_1912_djvu.txt,5431,front matter and source discussion,1 Enoch 7,20,τῷ βίῳ τοὺς ψυχὰς ἑαυτῶν,Source-status or reception note; do not import as verse text without checking context.
data/raw/1_enoch_charles_1912_djvu.txt,5432,front matter and source discussion,1 Enoch 7,12,δοκιμάζοντας.,Source-status or reception note; do not import as verse text without checking context.
data/raw/1_enoch_charles_1912_djvu.txt,5437,front matter and source discussion,1 Enoch 7,22,οὖν γῆν οος ἀρωμάτων πλήρη,Source-status or reception note; do not import as verse text without checking context.
data/raw/1_enoch_charles_1912_djvu.txt,5440,front matter and source discussion,1 Enoch 7,26,καὶ φυτῶν εὐανθῶν καὶ ἀφθάρτων,Source-status or reception note; do not import as verse text without checking context.
data/raw/1_enoch_charles_1912_djvu.txt,5442,front matter and source discussion,1 Enoch 7,25,καὶ καρπὸν εὐλογημένον φερόν-,Source-status or reception note; do not import as verse text without checking context.
data/raw/1_enoch_charles_1912_djvu.txt,5444,front matter and source discussion,1 Enoch 7,26,μιᾷ φωνῇ τὸν Κύριον θεὸν ἀνευφή-,Source-status or reception note; do not import as verse text without checking context.
data/raw/1_enoch_charles_1912_djvu.txt,5447,front matter and source discussion,1 Enoch 7,28,οἱ δὲ οἰκήτορες τοῦ τόπου ἐκείνου,Source-status or reception note; do not import as verse text without checking context.
data/raw/1_enoch_charles_1912_djvu.txt,5448,front matter and source discussion,1 Enoch 7,28,ἐνδεδυμένοι ἦσαν ἔνδυμα ἀγγέλων,Source-status or reception note; do not import as verse text without checking context.
data/raw/1_enoch_charles_1912_djvu.txt,5451,front matter and source discussion,1 Enoch 7,27,δ οἱ κολαζόμενοι... σκοτινὸν εἶχον,Source-status or reception note; do not import as verse text without checking context.
data/raw/1_enoch_charles_1912_djvu.txt,5453,front matter and source discussion,1 Enoch 7,24,αὐτῶν τὸ ἔνδυμα κατὰ τὸν ἀέρα,Source-status or reception note; do not import as verse text without checking context.
data/raw/1_enoch_charles_1912_djvu.txt,5455,front matter and source discussion,1 Enoch 7,8,τοῦ τόπου.,Source-status or reception note; do not import as verse text without checking context.
data/raw/1_enoch_charles_1912_djvu.txt,5457,front matter and source discussion,1 Enoch 7,19,οἱ κολάζοντες ἄγγελοι. Cf. 8,Source-status or reception note; do not import as verse text without checking context.
data/raw/1_enoch_charles_1912_djvu.txt,5459,front matter and source discussion,1 Enoch 7,17,ἄγγελοι βασανισταί.,Source-status or reception note; do not import as verse text without checking context.
data/raw/1_enoch_charles_1912_djvu.txt,5461,front matter and source discussion,1 Enoch 7,14,ἵ πῦρ φλεγόμενον.,Source-status or reception note; do not import as verse text without checking context.
data/raw/1_enoch_charles_1912_djvu.txt,5486,front matter and source discussion,1 Enoch 7,16,"ot βλασφημοῦντες... τὴν ddov 27% Sutter... unseemly words,",Source-status or reception note; do not import as verse text without checking context.
data/raw/1_enoch_charles_1912_djvu.txt,5487,front matter and source discussion,1 Enoch 7,16,"τῆς δικαιοσύνης. Cf. 1°, ὅς. Cf. 1085",Source-status or reception note; do not import as verse text without checking context.
data/raw/1_enoch_charles_1912_djvu.txt,5497,front matter and source discussion,1 Enoch 7,24,αὐτῶν πεποιθότες... ἀλλ᾽ ἀμελή-,Source-status or reception note; do not import as verse text without checking context.
data/raw/1_enoch_charles_1912_djvu.txt,5501,front matter and source discussion,1 Enoch 7,24,οἱ πλουτοῦντες καὶ τῷ πλούτῳ,Source-status or reception note; do not import as verse text without checking context.
data/raw/1_enoch_charles_1912_djvu.txt,5504,front matter and source discussion,1 Enoch 7,23,σαντες τῆς ἐντολῆς τοῦ θεοῦ.,Source-status or reception note; do not import as verse text without checking context.
data/raw/1_enoch_charles_1912_djvu.txt,5506,front matter and source discussion,1 Enoch 7,11,Apol. ii. 5 οἱ δὲ ἄγγελοι.,Source-status or reception note; do not import as verse text without checking context.
data/raw/1_enoch_charles_1912_djvu.txt,5510,front matter and source discussion,1 Enoch 7,25,"ἡττήθησαν καὶ ποαιόὸᾶς ETEKVWOQAV, Ol εἰσιν OL",Source-status or reception note; do not import as verse text without checking context.
data/raw/1_enoch_charles_1912_djvu.txt,5516,front matter and source discussion,1 Enoch 7,17,ες γυναικῶν μίξεσιν,Source-status or reception note; do not import as verse text without checking context.
data/raw/1_enoch_charles_1912_djvu.txt,5519,front matter and source discussion,1 Enoch 7,38,"λεγόμενοι δαίμονες καὶ εἰς ἀνθρώπους φόνους,",Source-status or reception note; do not import as verse text without checking context.
data/raw/1_enoch_charles_1912_djvu.txt,5523,front matter and source discussion,1 Enoch 7,38,"πολέμους, μοιχείας καὶ πᾶσαν κακίαν ἔσπειραν.",Source-status or reception note; do not import as verse text without checking context.
data/raw/1_enoch_charles_1912_djvu.txt,5528,front matter and source discussion,1 Enoch 7,39,ὑπόθεσις δὲ αὐτοῖς τῆς ἀποστασίας οἱ ἄνθρωποι |,Source-status or reception note; do not import as verse text without checking context.
data/raw/1_enoch_charles_1912_djvu.txt,5529,front matter and source discussion,1 Enoch 7,34,γίνονται. διάγραμμα yap αὐτοῖς ἀστροθεσίας .,Source-status or reception note; do not import as verse text without checking context.
data/raw/1_enoch_charles_1912_djvu.txt,5534,front matter and source discussion,1 Enoch 7,12,ἀναδείξαιτες ...,Source-status or reception note; do not import as verse text without checking context.
data/raw/1_enoch_charles_1912_djvu.txt,5540,front matter and source discussion,1 Enoch 7,33,20. μετῳκίσθησαν οἱ δαίμονες. . . καὶ οἱ μὲν ἀπ᾽,Source-status or reception note; do not import as verse text without checking context.
data/raw/1_enoch_charles_1912_djvu.txt,5541,front matter and source discussion,1 Enoch 7,19,οὐρανοῦ κατεβλήθησαν.,Source-status or reception note; do not import as verse text without checking context.
data/raw/1_enoch_charles_1912_djvu.txt,5557,front matter and source discussion,1 Enoch 7,20,_as a true prophet tore δὲ μηδὲν ἡμᾶς ἀμάρτυρον,Source-status or reception note; do not import as verse text without checking context.
data/raw/1_enoch_charles_1912_djvu.txt,5558,front matter and source discussion,1 Enoch 7,40,"λέγειν, ἃ δὲ τοῖς προφήταις ἐκπεφώνηται, μηνύειν.",High-density Greek OCR line; verify against page image/PDF before source-row import.
data/raw/1_enoch_charles_1912_djvu.txt,5559,front matter and source discussion,1 Enoch 7,38,": ἐκεῖνοι μέν, εἰς ἐπιθυμίαν πεσόντες, παρθένων...",Source-status or reception note; do not import as verse text without checking context.
data/raw/1_enoch_charles_1912_djvu.txt,5560,front matter and source discussion,1 Enoch 7,36,ἐκ μὲν οὖν τῶν περὶτὰς παρθένους ἐχόντων οἱ,Source-status or reception note; do not import as verse text without checking context.
data/raw/1_enoch_charles_1912_djvu.txt,5561,front matter and source discussion,1 Enoch 7,35,᾿ καλούμενοι ἐγεννήθησαν. γίγαντες. 25. οὗτοι,Source-status or reception note; do not import as verse text without checking context.
data/raw/1_enoch_charles_1912_djvu.txt,5562,front matter and source discussion,1 Enoch 7,41,τοίνυν οἱ ἄγγελοι οἱ ἐκπεσόντες τῶν οὐρανῶν περὶ,High-density Greek OCR line; verify against page image/PDF before source-row import.
data/raw/1_enoch_charles_1912_djvu.txt,5563,front matter and source discussion,1 Enoch 7,34,"τὸν ἀέρα ἔχοντες καὶ τῆν γὴν, οὐκέτι εἰς τὰ",Source-status or reception note; do not import as verse text without checking context.
data/raw/1_enoch_charles_1912_djvu.txt,5564,front matter and source discussion,1 Enoch 7,37,ὑπερουράνια ὑπερκύψαι δυνάμενοι: καὶ αἱ τῶν,Source-status or reception note; do not import as verse text without checking context.
data/raw/1_enoch_charles_1912_djvu.txt,5565,front matter and source discussion,1 Enoch 7,38,"᾿ γιγάντων ψυχαί, οἱ περὶ τὸν κόσμον εἰσὶ πλανώ-",Source-status or reception note; do not import as verse text without checking context.
data/raw/1_enoch_charles_1912_djvu.txt,5567,front matter and source discussion,1 Enoch 7,13,μενοι δαίμονες.,Source-status or reception note; do not import as verse text without checking context.
data/raw/1_enoch_charles_1912_djvu.txt,5582,front matter and source discussion,1 Enoch 7,19,"10. 1 (ed. Stieren). Πνεῦμα ἅγιον, τὸ διὰ τῶν",Source-status or reception note; do not import as verse text without checking context.
data/raw/1_enoch_charles_1912_djvu.txt,5583,front matter and source discussion,1 Enoch 7,37,᾿ προφητῶν κεκηρυχὸς ... κρίσιν δικαίαν ἐν τοῖς,Source-status or reception note; do not import as verse text without checking context.
data/raw/1_enoch_charles_1912_djvu.txt,5584,front matter and source discussion,1 Enoch 7,31,πᾶσι ποιήσηται (sc. Χριστὸς Ἰησοῦς): τὰ μὲν,Source-status or reception note; do not import as verse text without checking context.
data/raw/1_enoch_charles_1912_djvu.txt,5585,front matter and source discussion,1 Enoch 7,36,"πνευματικὰ τῆς πονηρίας, καὶ ἀγγέλους παρα-",Source-status or reception note; do not import as verse text without checking context.
data/raw/1_enoch_charles_1912_djvu.txt,5586,front matter and source discussion,1 Enoch 7,39,"_ βεβηκότας, καὶ ἐν ἀποστασίᾳ γεγονότας, καὶ τοὺς",Source-status or reception note; do not import as verse text without checking context.
data/raw/1_enoch_charles_1912_djvu.txt,5587,front matter and source discussion,1 Enoch 7,41,᾿ ἀσεβεῖς καὶ ἀδίκους καὶ ἀνόμους καὶ βλασφήμους,High-density Greek OCR line; verify against page image/PDF before source-row import.
data/raw/1_enoch_charles_1912_djvu.txt,5593,front matter and source discussion,1 Enoch 7,32,᾿ τῶν ἀνθρώπων εἰς τὸ αἰώνιον πῦρ πέμψῃ.,Source-status or reception note; do not import as verse text without checking context.
data/raw/1_enoch_charles_1912_djvu.txt,5598,front matter and source discussion,1 Enoch 7,29,"Εἰδωλοποιέ, Μάρκε, καὶ τερατοσκόπε,",Source-status or reception note; do not import as verse text without checking context.
data/raw/1_enoch_charles_1912_djvu.txt,5600,front matter and source discussion,1 Enoch 7,36,nf ᾿Αστρολογικῆς ἔμπειρε καὶ μαγικῆς τέχνης;,Source-status or reception note; do not import as verse text without checking context.
data/raw/1_enoch_charles_1912_djvu.txt,5602,front matter and source discussion,1 Enoch 7,31,"Ad ὧν κρατύνεις τῆς πλάνης τὰ διδάγματα,",Source-status or reception note; do not import as verse text without checking context.
data/raw/1_enoch_charles_1912_djvu.txt,5616,front matter and source discussion,1 Enoch 7,34,"Σημεῖα δεικνὺς τοῖς ὑπὸ σοῦ πλανωμένοις,",Source-status or reception note; do not import as verse text without checking context.
data/raw/1_enoch_charles_1912_djvu.txt,5617,front matter and source discussion,1 Enoch 7,32,᾿᾿Αποστατικῆς δυνάμεως ἐγχειρήματα,Source-status or reception note; do not import as verse text without checking context.
data/raw/1_enoch_charles_1912_djvu.txt,5619,front matter and source discussion,1 Enoch 7,21,"""A σοι χορηγεῖ σὸς πατὴρ Zaray ἀεί,",Source-status or reception note; do not import as verse text without checking context.
data/raw/1_enoch_charles_1912_djvu.txt,5621,front matter and source discussion,1 Enoch 7,30,"AU ἀγγελικῆς δυνάμεως ᾿Αζαζὴλ ποιεῖν,",Source-status or reception note; do not import as verse text without checking context.
data/raw/1_enoch_charles_1912_djvu.txt,5623,front matter and source discussion,1 Enoch 7,33,Ἔχων σε πρόδρομον ἀντιθέου πανουργίας.,Source-status or reception note; do not import as verse text without checking context.
data/raw/1_enoch_charles_1912_djvu.txt,5735,front matter and source discussion,1 Enoch 7,43,Πλήθους ἀνθρώπων γενομένου ἐπὶ τῆς γῆς ἄγγελοι τοῦ,High-density Greek OCR line; verify against page image/PDF before source-row import.
data/raw/1_enoch_charles_1912_djvu.txt,5736,front matter and source discussion,1 Enoch 7,41,οὐρανοῦ θυγατράσιν ἀνθρώπων συνῆλθον. Ἔν ἐνίοις,High-density Greek OCR line; verify against page image/PDF before source-row import.
data/raw/1_enoch_charles_1912_djvu.txt,5737,front matter and source discussion,1 Enoch 7,35,"ἀντιγράφοις εὗρον, “ οἱ υἱοὶ τοῦ Θεοῦ... ᾿ Ei δὲ ἐπ᾽",Source-status or reception note; do not import as verse text without checking context.
data/raw/1_enoch_charles_1912_djvu.txt,5738,front matter and source discussion,1 Enoch 7,43,"ἀγγέλων νοοῖτο ἔχειν τούτους, τοὺς περὶ μαγείας καὶ",High-density Greek OCR line; verify against page image/PDF before source-row import.
data/raw/1_enoch_charles_1912_djvu.txt,5739,front matter and source discussion,1 Enoch 7,43,"γοητείας, ἔτι δὲ ἀριθμῶν κινήσεως, τῶν μετεώρων ταῖς",High-density Greek OCR line; verify against page image/PDF before source-row import.
data/raw/1_enoch_charles_1912_djvu.txt,5740,front matter and source discussion,1 Enoch 7,42,"γυναιξὶ τὴν γνῶσιν παραδεδωκέναι, ἀφ᾽ ὧν ἐποίησαν",High-density Greek OCR line; verify against page image/PDF before source-row import.
data/raw/1_enoch_charles_1912_djvu.txt,5741,front matter and source discussion,1 Enoch 7,41,"τοὺς παῖδας τοὺς γίγαντας, δι᾿ ods τῆς κακίας ἐπιγενο-",High-density Greek OCR line; verify against page image/PDF before source-row import.
data/raw/1_enoch_charles_1912_djvu.txt,5748,front matter and source discussion,1 Enoch 7,46,ἐλθεῖν γὰρ καὶ ἄλλους λέγουσι πολλάκις Kal ὁμοῦ ye ἑξήκοντα ἢ,High-density Greek OCR line; verify against page image/PDF before source-row import.
data/raw/1_enoch_charles_1912_djvu.txt,5749,front matter and source discussion,1 Enoch 7,47,ἑβδομήκοντα' ods δὴ γενέσθαι κακοὺς καὶ κολάζεσθαι δεσμοῖς,High-density Greek OCR line; verify against page image/PDF before source-row import.
data/raw/1_enoch_charles_1912_djvu.txt,5750,front matter and source discussion,1 Enoch 7,51,ὑποβληθέντας ἐν γῇ ὅθεν καὶ τὰς θερμὰς πηγὰς εἶναι τὰ ἐκείνων,High-density Greek OCR line; verify against page image/PDF before source-row import.
data/raw/1_enoch_charles_1912_djvu.txt,5751,front matter and source discussion,1 Enoch 7,12,"δάκρυα. In a lengthy rejoinder Origen remarks, v. 54 ἐν ταῖς",Source-status or reception note; do not import as verse text without checking context.
data/raw/1_enoch_charles_1912_djvu.txt,5752,front matter and source discussion,1 Enoch 7,52,ἐκκλησίαις οὐ πάνυ φέρεται ὡς θεῖα τὰ ἐπιγεγραμμένα τοῦ ᾿Ενὼχ,High-density Greek OCR line; verify against page image/PDF before source-row import.
data/raw/1_enoch_charles_1912_djvu.txt,5756,front matter and source discussion,1 Enoch 7,49,"᾿Ενὼχ γέγραπται, εἴ τῳ φίλον παραδέχεσθαι ws ἅγιον τὸ βιβλώον.",High-density Greek OCR line; verify against page image/PDF before source-row import.
data/raw/1_enoch_charles_1912_djvu.txt,5867,front matter and source discussion,1 Enoch 7,29,καὶ οὗτος μὲν ὃ περὶ δαιμόνων τόπος.,Source-status or reception note; do not import as verse text without checking context.
data/raw/1_enoch_charles_1912_djvu.txt,5868,front matter and source discussion,1 Enoch 7,19,"Περὶ δὲ “Avdov, ἐν ᾧ συνέχονται",Source-status or reception note; do not import as verse text without checking context.
data/raw/1_enoch_charles_1912_djvu.txt,5869,front matter and source discussion,1 Enoch 7,23,"ψυχαὶ δικαίων τε καὶ ἀδίκων,",Source-status or reception note; do not import as verse text without checking context.
data/raw/1_enoch_charles_1912_djvu.txt,5870,front matter and source discussion,1 Enoch 7,16,ἀναγκαῖον εἰπεῖν. Ὁ “Avdns,Source-status or reception note; do not import as verse text without checking context.
data/raw/1_enoch_charles_1912_djvu.txt,5871,front matter and source discussion,1 Enoch 7,25,τόπος ἐστὶν ἐν τῇ κτίσει ἀκατα-,Source-status or reception note; do not import as verse text without checking context.
data/raw/1_enoch_charles_1912_djvu.txt,5872,front matter and source discussion,1 Enoch 7,26,"σκεύαστος, χωρίον ὑπόγειον, ἐν ᾧ",Source-status or reception note; do not import as verse text without checking context.
data/raw/1_enoch_charles_1912_djvu.txt,5873,front matter and source discussion,1 Enoch 7,21,φῶς κόσμου οὐκ ἐπιλάμπει.,Source-status or reception note; do not import as verse text without checking context.
data/raw/1_enoch_charles_1912_djvu.txt,5886,front matter and source discussion,1 Enoch 7,27,"Euseb. Hist, Eccl. vii. 32. 19 τοῦ δὲ τὸν πρῶτον παρ᾽ ᾿Ἑ βραίοις",Source-status or reception note; do not import as verse text without checking context.
data/raw/1_enoch_charles_1912_djvu.txt,5890,front matter and source discussion,1 Enoch 7,42,"μηνα περὶ ἰσημερίαν εἰναι, παραστατικὰ καὶ τὰ ἐν τῳ Lywx",High-density Greek OCR line; verify against page image/PDF before source-row import.
data/raw/1_enoch_charles_1912_djvu.txt,5893,front matter and source discussion,1 Enoch 7,8,μαθήματα.,Source-status or reception note; do not import as verse text without checking context.
data/raw/1_enoch_charles_1912_djvu.txt,5902,front matter and source discussion,1 Enoch 7,38,"τοῦτο οὖν ἔφασαν ai ἄρχαῖαι καὶ ai θεῖαι γραφαί, ὅτι 1 En. 6 7.",Source-status or reception note; do not import as verse text without checking context.
data/raw/1_enoch_charles_1912_djvu.txt,5905,front matter and source discussion,1 Enoch 7,41,"ἄγγελοί τινες ἐπεθύμησαν τῶν γυναινῶν, καὶ κατελ-",High-density Greek OCR line; verify against page image/PDF before source-row import.
data/raw/1_enoch_charles_1912_djvu.txt,5906,front matter and source discussion,1 Enoch 7,41,θόντες ἐδίδαξαν αὐτὰς πάντα τὰ τῆς φύσεως ἔργα. ὧν 8.,High-density Greek OCR line; verify against page image/PDF before source-row import.
data/raw/1_enoch_charles_1912_djvu.txt,5907,front matter and source discussion,1 Enoch 7,43,"χάριν, φησί, προσκρούσαντες ἔξω τοῦ οὐρανοῦ ἔμειναν,",High-density Greek OCR line; verify against page image/PDF before source-row import.
data/raw/1_enoch_charles_1912_djvu.txt,5909,front matter and source discussion,1 Enoch 7,41,"ὅτι πάντα τὰ πονηρὰ καὶ μηδὲν ὠφελοῦντα τὴν ψυχὴν,",High-density Greek OCR line; verify against page image/PDF before source-row import.
data/raw/1_enoch_charles_1912_djvu.txt,5910,front matter and source discussion,1 Enoch 7,39,ἐδίδαξαν τοὺς ἀνθρώπους. ἐξ αὐτῶν φάσκουσιν αἱ,Source-status or reception note; do not import as verse text without checking context.
data/raw/1_enoch_charles_1912_djvu.txt,5911,front matter and source discussion,1 Enoch 7,36,αὐταὶ γραφαὶ καὶ τοὺς γίγαντας γεγενῆσθαι.,Source-status or reception note; do not import as verse text without checking context.
data/raw/1_enoch_charles_1912_djvu.txt,5919,front matter and source discussion,1 Enoch 7,26,"πᾶσαν ἑαυτοὺς μετέβαλον φύσιν,",Source-status or reception note; do not import as verse text without checking context.
data/raw/1_enoch_charles_1912_djvu.txt,5920,front matter and source discussion,1 Enoch 7,26,"ἅτε θειωδεστέρας ὄντες οὐσίας,",Source-status or reception note; do not import as verse text without checking context.
data/raw/1_enoch_charles_1912_djvu.txt,5934,front matter and source discussion,1 Enoch 7,18,καὶ ῥᾳδίως πρὸς πάντα pera:,Source-status or reception note; do not import as verse text without checking context.
data/raw/1_enoch_charles_1912_djvu.txt,5936,front matter and source discussion,1 Enoch 7,29,τρέπεσθαι δυνάμενοι. καὶ ἐγίνοντο,Source-status or reception note; do not import as verse text without checking context.
data/raw/1_enoch_charles_1912_djvu.txt,5937,front matter and source discussion,1 Enoch 7,11,"λίθος τίμιος, &C....",Source-status or reception note; do not import as verse text without checking context.
data/raw/1_enoch_charles_1912_djvu.txt,5938,front matter and source discussion,1 Enoch 7,27,"κρατούμενοι, εἰς γυναικῶν μίξιν",Source-status or reception note; do not import as verse text without checking context.
data/raw/1_enoch_charles_1912_djvu.txt,5939,front matter and source discussion,1 Enoch 7,22,"ὦλισθον"". αἷς συμπλακέντες. ...",Source-status or reception note; do not import as verse text without checking context.
data/raw/1_enoch_charles_1912_djvu.txt,5941,front matter and source discussion,1 Enoch 7,22,σαρκὸς yap αὐτοὶ δεσμοῖς πεπε-,Source-status or reception note; do not import as verse text without checking context.
data/raw/1_enoch_charles_1912_djvu.txt,5942,front matter and source discussion,1 Enoch 7,27,"δημένοι κατέχονται, καὶ ἰσχυρῶς",Source-status or reception note; do not import as verse text without checking context.
data/raw/1_enoch_charles_1912_djvu.txt,5944,front matter and source discussion,1 Enoch 7,26,έδενται. οὗ ἕνεκεν εἰς οὐρανοὺς,Source-status or reception note; do not import as verse text without checking context.
data/raw/1_enoch_charles_1912_djvu.txt,5945,front matter and source discussion,1 Enoch 7,24,ἀνελθεῖν οὐκέτι ἐδυνήθησαν.,Source-status or reception note; do not import as verse text without checking context.
data/raw/1_enoch_charles_1912_djvu.txt,5947,front matter and source discussion,1 Enoch 7,18,Mera yap συνουσίαν ὃ τὸ πρῶτον,Source-status or reception note; do not import as verse text without checking context.
data/raw/1_enoch_charles_1912_djvu.txt,5948,front matter and source discussion,1 Enoch 7,27,"ἐγίνοντο ἀπαιτηθέντες, καὶ παρα-",Source-status or reception note; do not import as verse text without checking context.
data/raw/1_enoch_charles_1912_djvu.txt,5950,front matter and source discussion,1 Enoch 7,26,σχεῖν μηκέτι δυνηθέντες διὰ τὸ,Source-status or reception note; do not import as verse text without checking context.
data/raw/1_enoch_charles_1912_djvu.txt,5952,front matter and source discussion,1 Enoch 7,23,ἄλλο τι μετὰ μιασμὸν αὐτοὺς,Source-status or reception note; do not import as verse text without checking context.
data/raw/1_enoch_charles_1912_djvu.txt,5954,front matter and source discussion,1 Enoch 7,25,"ποιῆσαι μὴ δύνασθαι, ἀρέσκειν",Source-status or reception note; do not import as verse text without checking context.
data/raw/1_enoch_charles_1912_djvu.txt,5956,front matter and source discussion,1 Enoch 7,19,"Te Tals ἐρωμέναις βουλόμενοι,",Source-status or reception note; do not import as verse text without checking context.
data/raw/1_enoch_charles_1912_djvu.txt,5958,front matter and source discussion,1 Enoch 7,27,ἀνθ᾽ ἑαυτῶν τοὺς τῆς γῆς μυελοὺς,Source-status or reception note; do not import as verse text without checking context.
data/raw/1_enoch_charles_1912_djvu.txt,5959,front matter and source discussion,1 Enoch 7,27,ὑπέδειξαν. λέγω δὲτὰ ἐκ μετάλλων,Source-status or reception note; do not import as verse text without checking context.
data/raw/1_enoch_charles_1912_djvu.txt,5961,front matter and source discussion,1 Enoch 7,23,"ἄνθη, χρυσόν, χαλκόν, ἄργυρον,",Source-status or reception note; do not import as verse text without checking context.
data/raw/1_enoch_charles_1912_djvu.txt,5963,front matter and source discussion,1 Enoch 7,24,"σίδηρον, καὶ τὰ ὅμοια, σὺν τοῖς",Source-status or reception note; do not import as verse text without checking context.
data/raw/1_enoch_charles_1912_djvu.txt,5965,front matter and source discussion,1 Enoch 7,26,τιμιωτάτοις ἅπασιν λίθοις. -σὺν,Source-status or reception note; do not import as verse text without checking context.
data/raw/1_enoch_charles_1912_djvu.txt,5967,front matter and source discussion,1 Enoch 7,30,τούτοις δὲ τοῖς μαγευθεῖσιν λίθοις,Source-status or reception note; do not import as verse text without checking context.
data/raw/1_enoch_charles_1912_djvu.txt,5968,front matter and source discussion,1 Enoch 7,25,καὶ τὰς τέχνας τῶν πρὸς ἕκαστα,Source-status or reception note; do not import as verse text without checking context.
data/raw/1_enoch_charles_1912_djvu.txt,5969,front matter and source discussion,1 Enoch 7,23,"πραγμάτων παρέδοσαν, καὶ μα-",Source-status or reception note; do not import as verse text without checking context.
data/raw/1_enoch_charles_1912_djvu.txt,5971,front matter and source discussion,1 Enoch 7,28,"γείας ὑπέδειξαν, καὶ ἀστρονομίαν",Source-status or reception note; do not import as verse text without checking context.
data/raw/1_enoch_charles_1912_djvu.txt,5972,front matter and source discussion,1 Enoch 7,26,"ἐδίδαξαν, δυνάμεις τε ῥιζῶν, καὶ",Source-status or reception note; do not import as verse text without checking context.
data/raw/1_enoch_charles_1912_djvu.txt,5974,front matter and source discussion,1 Enoch 7,27,ὅσα ποτὲ ὑπὸ ἀνθρωπίνης ἐννοίας,Source-status or reception note; do not import as verse text without checking context.
data/raw/1_enoch_charles_1912_djvu.txt,5975,front matter and source discussion,1 Enoch 7,28,"εὑρεθῆναι ἀδύνατον"" ἔτι δὲ χρυσοῦ",Source-status or reception note; do not import as verse text without checking context.
data/raw/1_enoch_charles_1912_djvu.txt,5977,front matter and source discussion,1 Enoch 7,13,kal ἀργύρου καὶ τῶν dpolwy,Source-status or reception note; do not import as verse text without checking context.
data/raw/1_enoch_charles_1912_djvu.txt,5979,front matter and source discussion,1 Enoch 7,20,"χύσιν, τάς τε τῶν ἐσθήτων",Source-status or reception note; do not import as verse text without checking context.
data/raw/1_enoch_charles_1912_djvu.txt,5980,front matter and source discussion,1 Enoch 7,26,ποικίλας βαφάς. καὶ πάνθ᾽ ἁπλῶς,Source-status or reception note; do not import as verse text without checking context.
data/raw/1_enoch_charles_1912_djvu.txt,5982,front matter and source discussion,1 Enoch 7,23,ὅσαπερ πρὸς κόσμου Kal τέρψεώς,Source-status or reception note; do not import as verse text without checking context.
data/raw/1_enoch_charles_1912_djvu.txt,5983,front matter and source discussion,1 Enoch 7,22,"ἐστι γυναικῶν, τῶν ἐν σαρκὶ",Source-status or reception note; do not import as verse text without checking context.
data/raw/1_enoch_charles_1912_djvu.txt,5985,front matter and source discussion,1 Enoch 7,25,δεθέντων δαιμόνων ἐστὶν εὑρή-,Source-status or reception note; do not import as verse text without checking context.
data/raw/1_enoch_charles_1912_djvu.txt,5987,front matter and source discussion,1 Enoch 7,22,ματα. ἐκ δὲ τῆς νόθου μίξεως,Source-status or reception note; do not import as verse text without checking context.
data/raw/1_enoch_charles_1912_djvu.txt,5989,front matter and source discussion,1 Enoch 7,26,"αὐτῶν, ἄνθρωποι ἐγένοντο νόθοι",Source-status or reception note; do not import as verse text without checking context.
data/raw/1_enoch_charles_1912_djvu.txt,5991,front matter and source discussion,1 Enoch 7,20,ενον 00S... γίγαντας ὠνόμασαν,Source-status or reception note; do not import as verse text without checking context.
data/raw/1_enoch_charles_1912_djvu.txt,5993,front matter and source discussion,1 Enoch 7,19,1+. πρὸς THY ἑαυτῶν πλησμονὴν,Source-status or reception note; do not import as verse text without checking context.
data/raw/1_enoch_charles_1912_djvu.txt,5994,front matter and source discussion,1 Enoch 7,26,τὸν κόσμον οὐκ ἔχοντες αὐτάρκη,Source-status or reception note; do not import as verse text without checking context.
data/raw/1_enoch_charles_1912_djvu.txt,5997,front matter and source discussion,1 Enoch 7,17,...Tdv δὲ ἀλόγων ζώων τότε ᾿,Source-status or reception note; do not import as verse text without checking context.
data/raw/1_enoch_charles_1912_djvu.txt,6000,front matter and source discussion,1 Enoch 7,26,"ἐπιλιπόντων, οἱ νόθοι ἄνθρωποι",Source-status or reception note; do not import as verse text without checking context.
data/raw/1_enoch_charles_1912_djvu.txt,6004,front matter and source discussion,1 Enoch 7,13,και ἀνθρωπίνων OAPKWV eyeu-,Source-status or reception note; do not import as verse text without checking context.
data/raw/1_enoch_charles_1912_djvu.txt,6065,front matter and source discussion,1 Enoch 7,8,σαντο... .. and beasts... δηᾶ to devour,Source-status or reception note; do not import as verse text without checking context.
data/raw/1_enoch_charles_1912_djvu.txt,6069,front matter and source discussion,1 Enoch 7,29,Ἐπεὶ οὖν αἱ τῶν τεθνεώτων γιγάντων 158 160].,Source-status or reception note; do not import as verse text without checking context.
data/raw/1_enoch_charles_1912_djvu.txt,6070,front matter and source discussion,1 Enoch 7,23,"ψυχαί, .... ὡς καινὸν γένος, καινῷ",Source-status or reception note; do not import as verse text without checking context.
data/raw/1_enoch_charles_1912_djvu.txt,6071,front matter and source discussion,1 Enoch 7,27,καὶ τῷ ὀνόματι προσηγορεύθησαν,Source-status or reception note; do not import as verse text without checking context.
data/raw/1_enoch_charles_1912_djvu.txt,6072,front matter and source discussion,1 Enoch 7,21,. ἐξεπέμφθη γὰρ αὐτοῖς ὑπὸ 153.,Source-status or reception note; do not import as verse text without checking context.
data/raw/1_enoch_charles_1912_djvu.txt,6073,front matter and source discussion,1 Enoch 7,25,"τοῦ θεοῦ ἄγγελός τις, τὴν αὐτοῦ",Source-status or reception note; do not import as verse text without checking context.
data/raw/1_enoch_charles_1912_djvu.txt,6074,front matter and source discussion,1 Enoch 7,20,"βουλὴν μηνύων, καὶ λέγων.",Source-status or reception note; do not import as verse text without checking context.
data/raw/1_enoch_charles_1912_djvu.txt,6075,front matter and source discussion,1 Enoch 7,9,Τάδε δοκεῖ... areference to Jub.,Source-status or reception note; do not import as verse text without checking context.
data/raw/1_enoch_charles_1912_djvu.txt,6267,front matter and source discussion,1 Enoch 7,40,Apostol. vi. 16 καὶ ἐν τοῖς παλαιοῖς δέ τινες συνέγραψαν βιβλία,High-density Greek OCR line; verify against page image/PDF before source-row import.
data/raw/1_enoch_charles_1912_djvu.txt,6268,front matter and source discussion,1 Enoch 7,47,"ἀπόκρυφα Μωσέως καὶ ᾿Ενὼχ καὶ ᾿Αδάμ, ᾿Ησαΐου τε καὶ Δαβὶδ",High-density Greek OCR line; verify against page image/PDF before source-row import.
data/raw/1_enoch_charles_1912_djvu.txt,6269,front matter and source discussion,1 Enoch 7,47,"καὶ “HAla καὶ τῶν τριῶν πατριαρχῶν, φθοροποιὰ καὶ τῆς ἀληθείας",High-density Greek OCR line; verify against page image/PDF before source-row import.
data/raw/1_enoch_charles_1912_djvu.txt,6270,front matter and source discussion,1 Enoch 7,50,"ἐχθρά: τοιαῦτα καὶ νῦν ἐπενόησαν οἱ δυσώνυμοι, διαβάλλοντες",High-density Greek OCR line; verify against page image/PDF before source-row import.
data/raw/1_enoch_charles_1912_djvu.txt,6271,front matter and source discussion,1 Enoch 7,48,"δημιουργίαν, γάμον, πρόνοιαν, τεκνογονίαν, νόμον, προφήτας.",High-density Greek OCR line; verify against page image/PDF before source-row import.
data/raw/1_enoch_charles_1912_djvu.txt,6281,front matter and source discussion,1 Enoch 7,34,Jews and heretics: καὶ ταῦτα μὲν ἐκ τοῦ πρώτου βιβλίου ᾿Ενὼχ —,Source-status or reception note; do not import as verse text without checking context.
data/raw/1_enoch_charles_1912_djvu.txt,6282,front matter and source discussion,1 Enoch 7,52,"περὶ τῶν ἐγρηγόρων, εἰ καὶ μὴ τελείως χρὴ προσέχειν ἀποκρύφοις",High-density Greek OCR line; verify against page image/PDF before source-row import.
data/raw/1_enoch_charles_1912_djvu.txt,6283,front matter and source discussion,1 Enoch 7,53,"μάλιστα τοὺς ἁπλουστέρους, διά τε τὸ περιττά τινα καὶ ἀτριβῆ τῆς",High-density Greek OCR line; verify against page image/PDF before source-row import.
data/raw/1_enoch_charles_1912_djvu.txt,6284,front matter and source discussion,1 Enoch 7,55,ἐκκλησιαστικῆς παραδόσεως ἔχειν καὶ διὰ τὸ νενοθεῦσθαι αὐτὰ ὑπὸ,High-density Greek OCR line; verify against page image/PDF before source-row import.
data/raw/1_enoch_charles_1912_djvu.txt,6285,front matter and source discussion,1 Enoch 7,21,"᾿Ιουδαίων καὶ αἱρετικῶν (ed. Dindorf, pp. 47, 48).",Source-status or reception note; do not import as verse text without checking context.
data/raw/1_enoch_charles_1912_djvu.txt,6310,front matter and source discussion,1 Enoch 7,9,παραδείσῳ Adami. (Translated,Source-status or reception note; do not import as verse text without checking context.
data/raw/1_enoch_charles_1912_djvu.txt,6316,front matter and source discussion,1 Enoch 7,9,"tores, quorum (μυστηρίων) sunt",Source-status or reception note; do not import as verse text without checking context.
data/raw/1_enoch_charles_1912_djvu.txt,6326,front matter and source discussion,1 Enoch 7,26,"ἐγώ εἰμι ὃ τοὺς ἀγγέλους ἄνωθεν 6° ‘they descended, &c.’; 8605",Source-status or reception note; do not import as verse text without checking context.
data/raw/1_enoch_charles_1912_djvu.txt,6329,front matter and source discussion,1 Enoch 7,28,κάτω ῥίψας καὶ ἐν ταῖς ἐπιθυμίαις ‘many stars descend and cast,Source-status or reception note; do not import as verse text without checking context.
data/raw/1_enoch_charles_1912_djvu.txt,6330,front matter and source discussion,1 Enoch 7,26,"τῶν γυναικῶν αὐτοὺς καταδήσας, themselves down from heaven,",Source-status or reception note; do not import as verse text without checking context.
data/raw/1_enoch_charles_1912_djvu.txt,6331,front matter and source discussion,1 Enoch 7,24,"ἵνα γηγενεῖς παῖδες ἐξ αὐτῶν &e,’",Source-status or reception note; do not import as verse text without checking context.
data/raw/1_enoch_charles_1912_djvu.txt,6333,front matter and source discussion,1 Enoch 7,8,"γένωνται, &c. 74, &c., ‘giants ’.",Source-status or reception note; do not import as verse text without checking context.
data/raw/1_enoch_charles_1912_djvu.txt,6372,front matter and source discussion,1 Enoch 7,23,μὴ ἐν ἐξετάσει σου ποιήσεις ta 100! 1% ‘from the angels He,Source-status or reception note; do not import as verse text without checking context.
data/raw/1_enoch_charles_1912_djvu.txt,6379,front matter and source discussion,1 Enoch 7,19,μὴ κινήσεϊΐς τὸν ἥλιον ..,Source-status or reception note; do not import as verse text without checking context.
data/raw/1_enoch_charles_1912_djvu.txt,6385,front matter and source discussion,1 Enoch 7,23,ἄστρα ἐλθεῖν κατ᾽ ἐμοῦ ἢ τὴν,Source-status or reception note; do not import as verse text without checking context.
data/raw/1_enoch_charles_1912_djvu.txt,6387,front matter and source discussion,1 Enoch 7,23,"σελήνην, ὅταν μέλλῃς κρῖναι",Source-status or reception note; do not import as verse text without checking context.
data/raw/1_enoch_charles_1912_djvu.txt,6389,front matter and source discussion,1 Enoch 7,28,"πᾶσαν τὴν οἰκουμένην, ὅτι ἐν νυκτὶ",Source-status or reception note; do not import as verse text without checking context.
data/raw/1_enoch_charles_1912_djvu.txt,6391,front matter and source discussion,1 Enoch 7,25,ἔπραττον τὰς κακάς μου βουλάς:,Source-status or reception note; do not import as verse text without checking context.
data/raw/1_enoch_charles_1912_djvu.txt,6395,front matter and source discussion,1 Enoch 7,23,γὰρ ἀφέσεως ἁμαρτιῶν δῶρον,Source-status or reception note; do not import as verse text without checking context.
data/raw/1_enoch_charles_1912_djvu.txt,6398,front matter and source discussion,1 Enoch 7,19,δύναμαί σοι παρασχεῖν.,Source-status or reception note; do not import as verse text without checking context.
data/raw/1_enoch_charles_1912_djvu.txt,6427,front matter and source discussion,1 Enoch 7,27,πάντες οἱ ἄγγελοι ἔρχονται πρὸς,Source-status or reception note; do not import as verse text without checking context.
data/raw/1_enoch_charles_1912_djvu.txt,6428,front matter and source discussion,1 Enoch 7,25,"τὸν θεὸν προσκυνῆσαι αὐτῷ, καὶ",Source-status or reception note; do not import as verse text without checking context.
data/raw/1_enoch_charles_1912_djvu.txt,6429,front matter and source discussion,1 Enoch 7,25,προσάγουσιν τὰ ἔργα τῶν ἀνθρώ-,Source-status or reception note; do not import as verse text without checking context.
data/raw/1_enoch_charles_1912_djvu.txt,6430,front matter and source discussion,1 Enoch 7,20,"πων ἑκάστου ὅ τι ἔπραξεν, &C.",Source-status or reception note; do not import as verse text without checking context.
data/raw/1_enoch_charles_1912_djvu.txt,6517,front matter and source discussion,1 Enoch 7,10,"δ 19, Tue Inriuyence or 1 Enocn on tur New ΤΈΒΤΑΜΕΝΤ,",Source-status or reception note; do not import as verse text without checking context.
data/raw/1_enoch_charles_1912_djvu.txt,7217,front matter and source discussion,1 Enoch 7,12,One’. So Greek 6 ἐκλελεγμένος.,Source-status or reception note; do not import as verse text without checking context.
data/raw/1_enoch_charles_1912_djvu.txt,7237,front matter and source discussion,1 Enoch 7,9,"Elect One’, ὃ ἐκλεκτός.",Source-status or reception note; do not import as verse text without checking context.
data/raw/1_enoch_charles_1912_djvu.txt,7393,front matter and source discussion,1 Enoch 7,13,"ἄγεται γυναῖκα ; and Pliny, Hist. Nat. v. 17 (see Schiirer®, ii. 568) ;",Source-status or reception note; do not import as verse text without checking context.
data/raw/1_enoch_charles_1912_djvu.txt,7936,translation and notes,1 Enoch 7,53,ἐκλεκτοῖς ἔσται φῶς καὶ χάρις καὶ εἰρήνη and 18 καὶ ἐπὶ τοὺς ἐκλεκτοὺς,High-density Greek OCR line; verify against page image/PDF before source-row import.
data/raw/1_enoch_charles_1912_djvu.txt,7939,translation and notes,1 Enoch 7,41,ἔσται συντήρησις καὶ ἐπ᾽ αὐτοὺς γενήσεται ἔλεος and Wisd. 418,High-density Greek OCR line; verify against page image/PDF before source-row import.
data/raw/1_enoch_charles_1912_djvu.txt,7941,translation and notes,1 Enoch 7,36,ὅτι χάρις καὶ ἔλεος ἐν τοῖς ἐκλεκτοῖς αὐτοῦ,Verify against page image/PDF before using as Greek-fragment or variant evidence.
data/raw/1_enoch_charles_1912_djvu.txt,7943,translation and notes,1 Enoch 7,37,καὶ ἐπισκοπὴ ἐν τοῖς ὁσίοις (ἐκλεκτοῖς A) αὐτοῦ,Verify against page image/PDF before using as Greek-fragment or variant evidence.
data/raw/1_enoch_charles_1912_djvu.txt,8036,translation and notes,1 Enoch 1:1,17,πάντας τοὺς ἐχθρούς = ovyn-b5 corrupt,Verify against page image/PDF before using as Greek-fragment or variant evidence.
data/raw/1_enoch_charles_1912_djvu.txt,8041,translation and notes,1 Enoch 1:1,10,author of the Pss. Sol. 49 τὸ κρίμα τοῦ,Verify against page image/PDF before using as Greek-fragment or variant evidence.
data/raw/1_enoch_charles_1912_djvu.txt,8042,translation and notes,1 Enoch 1:1,33,θεοῦ αὐτῶν ἐν τῷ ἐξαίρεσθαι ἁμαρτωλοὺς.,Verify against page image/PDF before using as Greek-fragment or variant evidence.
data/raw/1_enoch_charles_1912_djvu.txt,8043,translation and notes,1 Enoch 1:1,18,"ἀπὸ προσώπου δικαίου. . Removed, +.",Verify against page image/PDF before using as Greek-fragment or variant evidence.
data/raw/1_enoch_charles_1912_djvu.txt,8047,translation and notes,1 Enoch 1:1,8,ἔχων corrupt for ὁρῶν. The phrase ‘saw,Verify against page image/PDF before using as Greek-fragment or variant evidence.
data/raw/1_enoch_charles_1912_djvu.txt,8090,translation and notes,1 Enoch 1:1,24,ἁγιολόγων ἁγίων ἤκουσα ἔγώῴ. And,Verify against page image/PDF before using as Greek-fragment or variant evidence.
data/raw/1_enoch_charles_1912_djvu.txt,8132,translation and notes,1 Enoch 1:1,8,"ὁ αἰώνιος bebs, Rom. 1676, Ass, Moysis",Verify against page image/PDF before using as Greek-fragment or variant evidence.
data/raw/1_enoch_charles_1912_djvu.txt,8139,translation and notes,1 Enoch 1:1,17,have 6 βασιλεὺς τοῦ αἰῶνος in the Greek,Verify against page image/PDF before using as Greek-fragment or variant evidence.
data/raw/1_enoch_charles_1912_djvu.txt,8140,translation and notes,1 Enoch 1:1,15,"where E renders 6 βασιλεὺς 6 αἰώνιος,",Verify against page image/PDF before using as Greek-fragment or variant evidence.
data/raw/1_enoch_charles_1912_djvu.txt,8142,translation and notes,1 Enoch 1:1,15,σιλεὺς τῶν αἰώνων (501 Tim. 117) (where,Verify against page image/PDF before using as Greek-fragment or variant evidence.
data/raw/1_enoch_charles_1912_djvu.txt,8143,translation and notes,1 Enoch 1:1,10,E = 6 Bag. τοῦ αἰῶνος) : in 94 (GS) ὁ,Verify against page image/PDF before using as Greek-fragment or variant evidence.
data/raw/1_enoch_charles_1912_djvu.txt,8144,translation and notes,1 Enoch 1:1,15,"Bac. τῶν αἰώνων, for αἰώνων there",Verify against page image/PDF before using as Greek-fragment or variant evidence.
data/raw/1_enoch_charles_1912_djvu.txt,8145,translation and notes,1 Enoch 1:1,8,stood βασιλέων in the original as in,Verify against page image/PDF before using as Greek-fragment or variant evidence.
data/raw/1_enoch_charles_1912_djvu.txt,8146,translation and notes,1 Enoch 1:1,15,G°42E: in 946 κύριος τῶν αἰώνων (G*),Verify against page image/PDF before using as Greek-fragment or variant evidence.
data/raw/1_enoch_charles_1912_djvu.txt,8147,translation and notes,1 Enoch 1:1,17,"(where E = 6 κύριος τῶν + βασιλέαν,",Verify against page image/PDF before using as Greek-fragment or variant evidence.
data/raw/1_enoch_charles_1912_djvu.txt,8150,translation and notes,1 Enoch 1:1,20,τῶν αἰώνων compare 2214 κυριεύων τοῦ,Verify against page image/PDF before using as Greek-fragment or variant evidence.
data/raw/1_enoch_charles_1912_djvu.txt,8151,translation and notes,1 Enoch 1:1,19,αἰῶνος. In 94 we have θεὸς τῶν αἰώνων,Verify against page image/PDF before using as Greek-fragment or variant evidence.
data/raw/1_enoch_charles_1912_djvu.txt,8152,translation and notes,1 Enoch 1:1,16,"in G1, where Ο"" 2 has θεὸς τῶν ἀνθρώπων.",Verify against page image/PDF before using as Greek-fragment or variant evidence.
data/raw/1_enoch_charles_1912_djvu.txt,8155,translation and notes,1 Enoch 1:1,17,clearly in 5! καὶ (ἢ εἰς πάντας τοὺς,Verify against page image/PDF before using as Greek-fragment or variant evidence.
data/raw/1_enoch_charles_1912_djvu.txt,8156,translation and notes,1 Enoch 1:1,14,"αἰῶνας, where E has 6 ζῶν for καὶ (ζῇ.",Verify against page image/PDF before using as Greek-fragment or variant evidence.
data/raw/1_enoch_charles_1912_djvu.txt,8205,translation and notes,1 Enoch 1:1,28,ὁ βασιλεὺς τοῦ αἰῶνος as ὃ βασιλεὺς ὃ,Verify against page image/PDF before using as Greek-fragment or variant evidence.
data/raw/1_enoch_charles_1912_djvu.txt,8207,translation and notes,1 Enoch 1:1,9,G® τοῦ αἰῶνος can only mean ‘ eternal’,Verify against page image/PDF before using as Greek-fragment or variant evidence.
data/raw/1_enoch_charles_1912_djvu.txt,8208,translation and notes,1 Enoch 1:1,22,in τὸν οὐρανὸν τὸν ὑψηλὸν... τοῦ,Verify against page image/PDF before using as Greek-fragment or variant evidence.
data/raw/1_enoch_charles_1912_djvu.txt,8215,translation and notes,1 Enoch 1:1,9,Here for ἐπὶ τὴν γῆν E reads corruptly,Verify against page image/PDF before using as Greek-fragment or variant evidence.
data/raw/1_enoch_charles_1912_djvu.txt,8229,translation and notes,1 Enoch 1:1,9,παρενβολῇ it is wholly improbable that,Verify against page image/PDF before using as Greek-fragment or variant evidence.
data/raw/1_enoch_charles_1912_djvu.txt,8231,translation and notes,1 Enoch 1:1,10,παρενβολῆς against the context. 5-9.,Verify against page image/PDF before using as Greek-fragment or variant evidence.
data/raw/1_enoch_charles_1912_djvu.txt,8248,translation and notes,1 Enoch 1:1,12,shall + believe’ (i.e. πιστεύσουσιν). This,Verify against page image/PDF before using as Greek-fragment or variant evidence.
data/raw/1_enoch_charles_1912_djvu.txt,8272,translation and notes,1 Enoch 1:1,12,and be dissolved’ G® (πεσοῦνται καὶ,Verify against page image/PDF before using as Greek-fragment or variant evidence.
data/raw/1_enoch_charles_1912_djvu.txt,8273,translation and notes,1 Enoch 1:1,13,διαλυθήσονται). But this addition of,Verify against page image/PDF before using as Greek-fragment or variant evidence.
data/raw/1_enoch_charles_1912_djvu.txt,8281,translation and notes,1 Enoch 1:1,18,"waste away’ GE (τοῦ διαζργρυῆναι ὄρη),",Verify against page image/PDF before using as Greek-fragment or variant evidence.
data/raw/1_enoch_charles_1912_djvu.txt,8328,translation and notes,1 Enoch 1:1,12,7. ‘Wholly’. So G8 σχίσμα [ῥαγάδι].,Verify against page image/PDF before using as Greek-fragment or variant evidence.
data/raw/1_enoch_charles_1912_djvu.txt,8329,translation and notes,1 Enoch 1:1,12,σχίσμα and ῥαγάδι appear to be dupli-,Verify against page image/PDF before using as Greek-fragment or variant evidence.
data/raw/1_enoch_charles_1912_djvu.txt,8331,translation and notes,1 Enoch 1:1,20,word. διασχισθήσεται . . . σχίσμα a,Verify against page image/PDF before using as Greek-fragment or variant evidence.
data/raw/1_enoch_charles_1912_djvu.txt,8334,translation and notes,1 Enoch 1:1,18,the phrase μετὰ. . . εἰρήνην ποιήσει.,Verify against page image/PDF before using as Greek-fragment or variant evidence.
data/raw/1_enoch_charles_1912_djvu.txt,8351,translation and notes,1 Enoch 1:1,31,ἐπὶ τοὺς ἐκλεκτοὺς ἔσται συντήρησις.,Verify against page image/PDF before using as Greek-fragment or variant evidence.
data/raw/1_enoch_charles_1912_djvu.txt,8353,translation and notes,1 Enoch 1:1,17,on our text: καὶ ἐπισκοπὴ ἐν τοῖς,Verify against page image/PDF before using as Greek-fragment or variant evidence.
data/raw/1_enoch_charles_1912_djvu.txt,8354,translation and notes,1 Enoch 1:1,24,"ἐκλεκτοῖς αὐτοῦ, After συντήρησις GS",Verify against page image/PDF before using as Greek-fragment or variant evidence.
data/raw/1_enoch_charles_1912_djvu.txt,8355,translation and notes,1 Enoch 1:1,9,"adds καὶ εἰρήνη, . All belong to God.",Verify against page image/PDF before using as Greek-fragment or variant evidence.
data/raw/1_enoch_charles_1912_djvu.txt,8358,translation and notes,1 Enoch 1:1,22,"τὴν εὐδοκίαν δώσει αὐτοῖς, where",Verify against page image/PDF before using as Greek-fragment or variant evidence.
data/raw/1_enoch_charles_1912_djvu.txt,8359,translation and notes,1 Enoch 1:1,16,"εὐδοκίαν is corrupt for εὐοδίαν----ὃ, cor-",Verify against page image/PDF before using as Greek-fragment or variant evidence.
data/raw/1_enoch_charles_1912_djvu.txt,8364,translation and notes,1 Enoch 1:1,9,He will help them|. So G8 καὶ πάντων,Verify against page image/PDF before using as Greek-fragment or variant evidence.
data/raw/1_enoch_charles_1912_djvu.txt,8365,translation and notes,1 Enoch 1:1,12,ἀντιλήμψεται. Here there is an obvious,Verify against page image/PDF before using as Greek-fragment or variant evidence.
data/raw/1_enoch_charles_1912_djvu.txt,8367,translation and notes,1 Enoch 1:1,12,βοηθήσει ἡμῖν. This line is omitted in,Verify against page image/PDF before using as Greek-fragment or variant evidence.
data/raw/1_enoch_charles_1912_djvu.txt,8407,translation and notes,1 Enoch 2:1,13,corrupt for ἰδού. So Jude ἰδοὺ ἦλθεν,Verify against page image/PDF before using as Greek-fragment or variant evidence.
data/raw/1_enoch_charles_1912_djvu.txt,8408,translation and notes,1 Enoch 2:1,27,"Κύριος ἐν ἁγίαις μυριάσιν αὐτοῦ: Ps,",Verify against page image/PDF before using as Greek-fragment or variant evidence.
data/raw/1_enoch_charles_1912_djvu.txt,8417,translation and notes,1 Enoch 2:1,17,σὺν μυριάσιν Ἱζαδής our author has,Verify against page image/PDF before using as Greek-fragment or variant evidence.
data/raw/1_enoch_charles_1912_djvu.txt,8449,translation and notes,1 Enoch 2:1,9,presents a dittograph. σκληρῶν ὧν,Verify against page image/PDF before using as Greek-fragment or variant evidence.
data/raw/1_enoch_charles_1912_djvu.txt,8452,translation and notes,1 Enoch 2:1,29,ἐλάλησαν λόγων καὶ περὶ πάντων ὧν ὁ,Verify against page image/PDF before using as Greek-fragment or variant evidence.
data/raw/1_enoch_charles_1912_djvu.txt,8455,translation and notes,1 Enoch 2:1,11,κατελάλησαν.,Verify against page image/PDF before using as Greek-fragment or variant evidence.
data/raw/1_enoch_charles_1912_djvu.txt,8494,translation and notes,1 Enoch 2,28,"27. ἐκόσμησεν εἰς αἰῶνα τὰ ἔργα αὐτοῦ,",Verify against page image/PDF before using as Greek-fragment or variant evidence.
data/raw/1_enoch_charles_1912_djvu.txt,8495,translation and notes,1 Enoch 2,25,καὶ τὰς ἀρχὰς αὐτῶν εἰς γενεὰς,Verify against page image/PDF before using as Greek-fragment or variant evidence.
data/raw/1_enoch_charles_1912_djvu.txt,8499,translation and notes,1 Enoch 2,8,ΡΨ ΨΥ ΟΝ ΤΥ ee,Verify against page image/PDF before using as Greek-fragment or variant evidence.
data/raw/1_enoch_charles_1912_djvu.txt,8528,translation and notes,1 Enoch 2,25,καὶ οὐκ ἐξέλιπον ἀπὸ τῶν ἔργων,Verify against page image/PDF before using as Greek-fragment or variant evidence.
data/raw/1_enoch_charles_1912_djvu.txt,8530,translation and notes,1 Enoch 2,25,"28, ἕκαστος τὸν πλησίον αὐτοῦ οὐκ",Verify against page image/PDF before using as Greek-fragment or variant evidence.
data/raw/1_enoch_charles_1912_djvu.txt,8532,translation and notes,1 Enoch 2,27,καὶ ἕως αἰῶνος οὐκ ἀπειθήσουσιν,Verify against page image/PDF before using as Greek-fragment or variant evidence.
data/raw/1_enoch_charles_1912_djvu.txt,8533,translation and notes,1 Enoch 2,15,τοῦ ῥήματος αὐτοῦ.,Verify against page image/PDF before using as Greek-fragment or variant evidence.
data/raw/1_enoch_charles_1912_djvu.txt,8535,translation and notes,1 Enoch 2,8,tion here is the T. Napht. 2° οὕτως οὖν,Verify against page image/PDF before using as Greek-fragment or variant evidence.
data/raw/1_enoch_charles_1912_djvu.txt,8536,translation and notes,1 Enoch 2,27,"ἔστωσαν, τέκνα pov, πάντα τὰ ἔργα ὑμῶν",Verify against page image/PDF before using as Greek-fragment or variant evidence.
data/raw/1_enoch_charles_1912_djvu.txt,8537,translation and notes,1 Enoch 2,29,"ἐν τάξει εἰς ἀγαθὸν ἐν φόβῳ θεοῦ, καὶ",Verify against page image/PDF before using as Greek-fragment or variant evidence.
data/raw/1_enoch_charles_1912_djvu.txt,8538,translation and notes,1 Enoch 2,34,"μηδὲν ἄτακτον ποιήσητε ἐν καταφρονήσει,",Verify against page image/PDF before using as Greek-fragment or variant evidence.
data/raw/1_enoch_charles_1912_djvu.txt,8539,translation and notes,1 Enoch 2,28,μηδὲ ἔξω καιροῦ αὐτοῦ. 8» ὃ ὁ ἥλιος καὶ,Verify against page image/PDF before using as Greek-fragment or variant evidence.
data/raw/1_enoch_charles_1912_djvu.txt,8540,translation and notes,1 Enoch 2,32,ἡ σελήνη καὶ οἱ ἀστέρες οὐκ ἀλλοιοῦσιν,Verify against page image/PDF before using as Greek-fragment or variant evidence.
data/raw/1_enoch_charles_1912_djvu.txt,8541,translation and notes,1 Enoch 2,27,"τὴν τάξιν αὐτῶν"" οὕτω καὶ ὑμεῖς μὴ",Verify against page image/PDF before using as Greek-fragment or variant evidence.
data/raw/1_enoch_charles_1912_djvu.txt,8542,translation and notes,1 Enoch 2,30,ἀλλοιώσητε νόμον θεοῦ ἐν ἀταξίᾳ τῶν,Verify against page image/PDF before using as Greek-fragment or variant evidence.
data/raw/1_enoch_charles_1912_djvu.txt,8543,translation and notes,1 Enoch 2,28,πράξεων ὑμῶν. 8. ἔθνη πλανηθέντα καὶ,Verify against page image/PDF before using as Greek-fragment or variant evidence.
data/raw/1_enoch_charles_1912_djvu.txt,8544,translation and notes,1 Enoch 2,29,ἀφέντα Κύριον ἠλλοίωσαν τὴν τάξιν,Verify against page image/PDF before using as Greek-fragment or variant evidence.
data/raw/1_enoch_charles_1912_djvu.txt,8550,translation and notes,1 Enoch 2,28,"2, ὃ διατάξας ἐν πορείᾳ φωστῆρας εἰς",Verify against page image/PDF before using as Greek-fragment or variant evidence.
data/raw/1_enoch_charles_1912_djvu.txt,8551,translation and notes,1 Enoch 2,26,"καιροὺς ὡρῶν ap’ ἡμερῶν εἰς ἡμέρας,",Verify against page image/PDF before using as Greek-fragment or variant evidence.
data/raw/1_enoch_charles_1912_djvu.txt,8552,translation and notes,1 Enoch 2,26,καὶ οὐ παρέβησαν ἀπὸ ὁδοῦ ἣν ἐνε-,Verify against page image/PDF before using as Greek-fragment or variant evidence.
data/raw/1_enoch_charles_1912_djvu.txt,8553,translation and notes,1 Enoch 2,11,τείλω αὐτοῖς.,Verify against page image/PDF before using as Greek-fragment or variant evidence.
data/raw/1_enoch_charles_1912_djvu.txt,8554,translation and notes,1 Enoch 2,20,3. ἐν φόβῳ θεοῦ ἡ 50s αὐτῶν καθ᾽,Verify against page image/PDF before using as Greek-fragment or variant evidence.
data/raw/1_enoch_charles_1912_djvu.txt,8555,translation and notes,1 Enoch 2,13,"ἑκάστην ἡμέραν,",Verify against page image/PDF before using as Greek-fragment or variant evidence.
data/raw/1_enoch_charles_1912_djvu.txt,8556,translation and notes,1 Enoch 2,29,ἀφ᾽ ἧς ἡμέρας ἔκτισεν αὐτοὺς ὁ θεὸς,Verify against page image/PDF before using as Greek-fragment or variant evidence.
data/raw/1_enoch_charles_1912_djvu.txt,8557,translation and notes,1 Enoch 2,12,"καὶ ἕως αἰῶνος,",Verify against page image/PDF before using as Greek-fragment or variant evidence.
data/raw/1_enoch_charles_1912_djvu.txt,8558,translation and notes,1 Enoch 2,28,4. καὶ οὐκ ἐπλανήθησαν ἀφ᾽ ἧς ἡ μέρας,Verify against page image/PDF before using as Greek-fragment or variant evidence.
data/raw/1_enoch_charles_1912_djvu.txt,8559,translation and notes,1 Enoch 2,13,"ἔκτισεν αὐτούς""",Verify against page image/PDF before using as Greek-fragment or variant evidence.
data/raw/1_enoch_charles_1912_djvu.txt,8560,translation and notes,1 Enoch 2,28,ἀπὸ γενεῶν ἀρχαίων οὐκ ἀπέστησαν,Verify against page image/PDF before using as Greek-fragment or variant evidence.
data/raw/1_enoch_charles_1912_djvu.txt,8561,translation and notes,1 Enoch 2,8,"ἀπὸ 6500 αὐτῶν,",Verify against page image/PDF before using as Greek-fragment or variant evidence.
data/raw/1_enoch_charles_1912_djvu.txt,8562,translation and notes,1 Enoch 2,26,εἰ μὴ 6 θεὸς ἐνετείλατο αὐτοῖς ἐν,Verify against page image/PDF before using as Greek-fragment or variant evidence.
data/raw/1_enoch_charles_1912_djvu.txt,8563,translation and notes,1 Enoch 2,18,ἐπιταγῇ δούλων αὐτῶν.,Verify against page image/PDF before using as Greek-fragment or variant evidence.
data/raw/1_enoch_charles_1912_djvu.txt,8604,translation and notes,1 Enoch 2,12,φθαρτά. But φθαρτά is impossible in,Verify against page image/PDF before using as Greek-fragment or variant evidence.
data/raw/1_enoch_charles_1912_djvu.txt,8655,translation and notes,1 Enoch 5:1,34,"ἀειθαλῆ ἐστι, μηδέποτε φυλλορροοῦντα ἐν",Verify against page image/PDF before using as Greek-fragment or variant evidence.
data/raw/1_enoch_charles_1912_djvu.txt,8656,translation and notes,1 Enoch 5:1,34,"τῷ χειμῶνι ιδ΄"" φοῖνιξ, κίτριον, στρόβιλος,",Verify against page image/PDF before using as Greek-fragment or variant evidence.
data/raw/1_enoch_charles_1912_djvu.txt,8657,translation and notes,1 Enoch 5:1,32,"δάφνη, ἐλαία, κυπάρισσος, κερατέα, πίτυς,",Verify against page image/PDF before using as Greek-fragment or variant evidence.
data/raw/1_enoch_charles_1912_djvu.txt,8658,translation and notes,1 Enoch 5:1,31,"πρῖνος, πύξος, μυρσίνη, κέδρος, ἰτέα, καὶ",Verify against page image/PDF before using as Greek-fragment or variant evidence.
data/raw/1_enoch_charles_1912_djvu.txt,8659,translation and notes,1 Enoch 5:1,8,ἄρκευθος. The twelve trees enumerated,Verify against page image/PDF before using as Greek-fragment or variant evidence.
data/raw/1_enoch_charles_1912_djvu.txt,8689,translation and notes,1 Enoch 5:1,19,for Him. So G® πάντα ὅσα ἀποτελοῦσιν,Verify against page image/PDF before using as Greek-fragment or variant evidence.
data/raw/1_enoch_charles_1912_djvu.txt,8692,translation and notes,1 Enoch 5:1,16,αὐτῷ τὰ ἔργα. Here τὰ ἔργα does not,Verify against page image/PDF before using as Greek-fragment or variant evidence.
data/raw/1_enoch_charles_1912_djvu.txt,8700,translation and notes,1 Enoch 5:1,21,sentence—kal οὐκ ἀλλοιοῦνται αὐτῶν τὰ,Verify against page image/PDF before using as Greek-fragment or variant evidence.
data/raw/1_enoch_charles_1912_djvu.txt,8749,translation and notes,1 Enoch 5:1,27,καὶ οὐκ ἀλλοιοῦσιν αὐτῶν τὰ ἔργα in,Verify against page image/PDF before using as Greek-fragment or variant evidence.
data/raw/1_enoch_charles_1912_djvu.txt,8750,translation and notes,1 Enoch 5:1,8,"ver. 8, But E omits ὅσα before ἀποτε-",Verify against page image/PDF before using as Greek-fragment or variant evidence.
data/raw/1_enoch_charles_1912_djvu.txt,8751,translation and notes,1 Enoch 5:1,17,"λοῦσιν and αὐτῶν τὰ ἔργα, and renders",Verify against page image/PDF before using as Greek-fragment or variant evidence.
data/raw/1_enoch_charles_1912_djvu.txt,8762,translation and notes,1 Enoch 5:1,12,have spoken (κατελαλήσατε) with,Verify against page image/PDF before using as Greek-fragment or variant evidence.
data/raw/1_enoch_charles_1912_djvu.txt,8775,translation and notes,1 Enoch 5:1,9,Shall perish (G® ἀπολεῖται). E,Verify against page image/PDF before using as Greek-fragment or variant evidence.
data/raw/1_enoch_charles_1912_djvu.txt,8777,translation and notes,1 Enoch 5:1,9,corrupt for jahaguélQ = ἀπολεῖται.,Verify against page image/PDF before using as Greek-fragment or variant evidence.
data/raw/1_enoch_charles_1912_djvu.txt,8785,translation and notes,1 Enoch 5:1,23,(6 h)—xal αὐτοὶ κληρονομήσουσιν τὴν,Verify against page image/PDF before using as Greek-fragment or variant evidence.
data/raw/1_enoch_charles_1912_djvu.txt,8801,translation and notes,1 Enoch 5:1,24,line οὖν. 6 ἀλλὰ ἐπὶ πάντας ὑμᾶς κατα-,Verify against page image/PDF before using as Greek-fragment or variant evidence.
data/raw/1_enoch_charles_1912_djvu.txt,8802,translation and notes,1 Enoch 5:1,11,λύσει κατάρα or the last line of v. 7,Verify against page image/PDF before using as Greek-fragment or variant evidence.
data/raw/1_enoch_charles_1912_djvu.txt,8803,translation and notes,1 Enoch 5:1,29,ὑμῖν δὲ τοῖς ἀσεβέσιν ἔσται κατάρα. But »,Verify against page image/PDF before using as Greek-fragment or variant evidence.
data/raw/1_enoch_charles_1912_djvu.txt,8850,translation and notes,1 Enoch 5:1,13,τὰ ὀνόματα ὑμῶν). G® reads ‘your,Verify against page image/PDF before using as Greek-fragment or variant evidence.
data/raw/1_enoch_charles_1912_djvu.txt,8869,translation and notes,1 Enoch 5:1,27,So Gf καὶ ἐν ὑμῖν καταράσονται πάντες,Verify against page image/PDF before using as Greek-fragment or variant evidence.
data/raw/1_enoch_charles_1912_djvu.txt,8870,translation and notes,1 Enoch 5:1,13,οἱ καταρώμενοι. E =‘and you shall the,Verify against page image/PDF before using as Greek-fragment or variant evidence.
data/raw/1_enoch_charles_1912_djvu.txt,8885,translation and notes,1 Enoch 5:1,14,ἐν ὑμῖν ὀμοῦνται = IW O53. This,Verify against page image/PDF before using as Greek-fragment or variant evidence.
data/raw/1_enoch_charles_1912_djvu.txt,8899,translation and notes,1 Enoch 5:1,15,"οἱ (ἀνγαμάρ(τηγτοι, a bad rendering of",Verify against page image/PDF before using as Greek-fragment or variant evidence.
data/raw/1_enoch_charles_1912_djvu.txt,8917,translation and notes,1 Enoch 5:1,24,7. G® τοῖς ἐκλεκτοῖς ἔσται φῶς καὶ,Verify against page image/PDF before using as Greek-fragment or variant evidence.
data/raw/1_enoch_charles_1912_djvu.txt,8918,translation and notes,1 Enoch 5:1,14,χάρις καὶ εἰρήνη. Has this influenced,Verify against page image/PDF before using as Greek-fragment or variant evidence.
data/raw/1_enoch_charles_1912_djvu.txt,8919,translation and notes,1 Enoch 5:1,26,Wisd. 415 χάρις καὶ ἔλεος τοῖς ἐκλεκτοῖς,Verify against page image/PDF before using as Greek-fragment or variant evidence.
data/raw/1_enoch_charles_1912_djvu.txt,8920,translation and notes,1 Enoch 5:1,14,αὐτοῦ! Grace. SoG χάρις. E = χαρά.,Verify against page image/PDF before using as Greek-fragment or variant evidence.
data/raw/1_enoch_charles_1912_djvu.txt,8966,translation and notes,1 Enoch 6:1,19,"see 421, 2, + φῶς καὶ χάρις, καὶ αὐτοὶ",Verify against page image/PDF before using as Greek-fragment or variant evidence.
data/raw/1_enoch_charles_1912_djvu.txt,8967,translation and notes,1 Enoch 6:1,34,κληρονομήσουσιν τὴν γῆν. τότε δοθήσεται,Verify against page image/PDF before using as Greek-fragment or variant evidence.
data/raw/1_enoch_charles_1912_djvu.txt,8968,translation and notes,1 Enoch 6:1,20,"πᾶσιν τοῖς ἐκλεκτοῖς αὐ, Here pas...",Verify against page image/PDF before using as Greek-fragment or variant evidence.
data/raw/1_enoch_charles_1912_djvu.txt,8970,translation and notes,1 Enoch 6:1,9,ἐκλεκτοῖς a doublet of the first line of,Verify against page image/PDF before using as Greek-fragment or variant evidence.
data/raw/1_enoch_charles_1912_djvu.txt,8979,translation and notes,1 Enoch 6:1,20,So Gf ἁμάρτωσιν. But E = κριθήσονται,Verify against page image/PDF before using as Greek-fragment or variant evidence.
data/raw/1_enoch_charles_1912_djvu.txt,8989,translation and notes,1 Enoch 6:1,9,"ὀργῇ θυμοῦ, ‘ the anger of (the divine)",Verify against page image/PDF before using as Greek-fragment or variant evidence.
data/raw/1_enoch_charles_1912_djvu.txt,9063,translation and notes,1 Enoch 6:1,14,"by ἄγγελοι τοῦ Θεοῦ, and this rendering",Verify against page image/PDF before using as Greek-fragment or variant evidence.
data/raw/1_enoch_charles_1912_djvu.txt,9112,translation and notes,1 Enoch 6:1,18,was derived ἐκ τοῦ πρώτου βιβλίου,Verify against page image/PDF before using as Greek-fragment or variant evidence.
data/raw/1_enoch_charles_1912_djvu.txt,9191,translation and notes,1 Enoch 6:1,10,I have here followed G* of καταβάντες,Verify against page image/PDF before using as Greek-fragment or variant evidence.
data/raw/1_enoch_charles_1912_djvu.txt,9192,translation and notes,1 Enoch 6:1,32,ἐν ταῖς ἡμέραις ᾿Ιάρεδ εἰς τὴν κορυφὴν,Verify against page image/PDF before using as Greek-fragment or variant evidence.
data/raw/1_enoch_charles_1912_djvu.txt,9193,translation and notes,1 Enoch 6:1,16,τοῦ Ἑ μονιεὶμ ὄρους. The Ethiopic text,Verify against page image/PDF before using as Greek-fragment or variant evidence.
data/raw/1_enoch_charles_1912_djvu.txt,9198,translation and notes,1 Enoch 6:1,8,"pression of Ἰάρεδ εἰς, the translator not",Verify against page image/PDF before using as Greek-fragment or variant evidence.
data/raw/1_enoch_charles_1912_djvu.txt,9199,translation and notes,1 Enoch 6:1,13,having found ἐν ταῖς ἡμέραις in his text.,Verify against page image/PDF before using as Greek-fragment or variant evidence.
data/raw/1_enoch_charles_1912_djvu.txt,9283,translation and notes,1 Enoch 6:1,9,"᾿Αρακιήλ as in GS. Now in Ο"" 88 where",Verify against page image/PDF before using as Greek-fragment or variant evidence.
data/raw/1_enoch_charles_1912_djvu.txt,9284,translation and notes,1 Enoch 6:1,8,it is speaking of ᾿Αρακιήλ we have 6,Verify against page image/PDF before using as Greek-fragment or variant evidence.
data/raw/1_enoch_charles_1912_djvu.txt,9285,translation and notes,1 Enoch 6:1,29,δὲ τρίτος ἐδίδαξεν τὰ σημεῖα τῆς γῆ.,Verify against page image/PDF before using as Greek-fragment or variant evidence.
data/raw/1_enoch_charles_1912_djvu.txt,9286,translation and notes,1 Enoch 6:1,8,Thus ᾿Αρακιήλ = DX'PIN where PIN,Verify against page image/PDF before using as Greek-fragment or variant evidence.
data/raw/1_enoch_charles_1912_djvu.txt,9299,translation and notes,1 Enoch 6:1,13,"Danél, i.e. Δανειήλ G* ὈΝ 5). Ἐἰπδ-",Verify against page image/PDF before using as Greek-fragment or variant evidence.
data/raw/1_enoch_charles_1912_djvu.txt,9300,translation and notes,1 Enoch 6:1,9,qéél. Since G* 88 writes ὁ δὲ ὄγδοος,Verify against page image/PDF before using as Greek-fragment or variant evidence.
data/raw/1_enoch_charles_1912_djvu.txt,9301,translation and notes,1 Enoch 6:1,19,"ἐδίδαξεν ἀεροσκοπίαν, this word comes",Verify against page image/PDF before using as Greek-fragment or variant evidence.
data/raw/1_enoch_charles_1912_djvu.txt,9313,translation and notes,1 Enoch 6:1,18,Οὐ gives Φαρμαρός and G® ᾿Αρεαρώς.,Verify against page image/PDF before using as Greek-fragment or variant evidence.
data/raw/1_enoch_charles_1912_djvu.txt,9315,translation and notes,1 Enoch 6:1,11,angel ἐδίδαξεν... émaoidds .. . καὶ,Verify against page image/PDF before using as Greek-fragment or variant evidence.
data/raw/1_enoch_charles_1912_djvu.txt,9316,translation and notes,1 Enoch 6:1,16,ἐπαοιδῶν λυτήριον the word may go back,Verify against page image/PDF before using as Greek-fragment or variant evidence.
data/raw/1_enoch_charles_1912_djvu.txt,9323,translation and notes,1 Enoch 6:1,9,functions of this angel as 6 δὲ ἕβδομος,Verify against page image/PDF before using as Greek-fragment or variant evidence.
data/raw/1_enoch_charles_1912_djvu.txt,9324,translation and notes,1 Enoch 6:1,20,ἐδίδαξε τὰ σημεῖα Tod ἡλίου the name is,Verify against page image/PDF before using as Greek-fragment or variant evidence.
data/raw/1_enoch_charles_1912_djvu.txt,9341,translation and notes,1 Enoch 6:1,18,"τὰ σημεῖα τῆς σελήνης, these forms are",Verify against page image/PDF before using as Greek-fragment or variant evidence.
data/raw/1_enoch_charles_1912_djvu.txt,9343,translation and notes,1 Enoch 6:1,12,but in 88 Σεριήλ) Σαριήλ = Swanp,Verify against page image/PDF before using as Greek-fragment or variant evidence.
data/raw/1_enoch_charles_1912_djvu.txt,9345,translation and notes,1 Enoch 6:1,8,367. Chiefs of tens = ἀρχαὶ τῶν,Verify against page image/PDF before using as Greek-fragment or variant evidence.
data/raw/1_enoch_charles_1912_djvu.txt,9348,translation and notes,1 Enoch 6:1,10,tion NOMIDYT MWR = ἀρχαὶ αὐτῶν,Verify against page image/PDF before using as Greek-fragment or variant evidence.
data/raw/1_enoch_charles_1912_djvu.txt,9349,translation and notes,1 Enoch 6:1,24,"τῶν δεκάδων. In 19? αἱ γυναῖκες , ὑτῶν",Verify against page image/PDF before using as Greek-fragment or variant evidence.
data/raw/1_enoch_charles_1912_djvu.txt,9350,translation and notes,1 Enoch 6:1,10,τῶν... ἀγγέλων there is agair the,Verify against page image/PDF before using as Greek-fragment or variant evidence.
data/raw/1_enoch_charles_1912_djvu.txt,9371,translation and notes,1 Enoch 6:1,16,"Gé reads ἀρχαὶ αὐτῶν οἱ δέκα,",Verify against page image/PDF before using as Greek-fragment or variant evidence.
data/raw/1_enoch_charles_1912_djvu.txt,9392,translation and notes,1 Enoch 6:1,33,"Gren: 1. Σεμιαζᾶς 2. ᾿Αταρκούφ 3. ᾿Αρακιήλ 4, Χωβαβιήλ",Verify against page image/PDF before using as Greek-fragment or variant evidence.
data/raw/1_enoch_charles_1912_djvu.txt,9393,translation and notes,1 Enoch 6:1,33,"σε. 1, Σεμιαζά 2. ᾿Αραθάκ ὃ. ἘΚιμβρά 9, ἘΧωχαριήλ",Verify against page image/PDF before using as Greek-fragment or variant evidence.
data/raw/1_enoch_charles_1912_djvu.txt,9398,translation and notes,1 Enoch 6:1,20,5. +’Opappaph 6. Ῥαμιήλ᾽ G* wanting 8. Ζακιήλ 9. Βαλκιήλ,Verify against page image/PDF before using as Greek-fragment or variant evidence.
data/raw/1_enoch_charles_1912_djvu.txt,9399,translation and notes,1 Enoch 6:1,29,"14, Ταμιήλ 18, ‘PapunA ὄ. Δανειήλ 10, Ἐζεκιήλ 15, Βαρακιήλ",Verify against page image/PDF before using as Greek-fragment or variant evidence.
data/raw/1_enoch_charles_1912_djvu.txt,9404,translation and notes,1 Enoch 6:1,25,"10, gras 11, Φαρμαρός 12, ᾿Αμαριήλ 18. ᾿Αναγημάς",Verify against page image/PDF before using as Greek-fragment or variant evidence.
data/raw/1_enoch_charles_1912_djvu.txt,9406,translation and notes,1 Enoch 6:1,29,"19. ᾿Ασεάλ 6. ᾿Αρεαμώς 11, Βατριήλ 16. ᾿Ανανθνά",Verify against page image/PDF before using as Greek-fragment or variant evidence.
data/raw/1_enoch_charles_1912_djvu.txt,9407,translation and notes,1 Enoch 6:1,8,(88 ᾿Αρμαρώς),Verify against page image/PDF before using as Greek-fragment or variant evidence.
data/raw/1_enoch_charles_1912_djvu.txt,9411,translation and notes,1 Enoch 6:1,26,"14, Θαυσαήλ 7. Σαμψίχ 16. Σαρινᾶς 17. Εὐμιήλ",Verify against page image/PDF before using as Greek-fragment or variant evidence.
data/raw/1_enoch_charles_1912_djvu.txt,9412,translation and notes,1 Enoch 6:1,26,"20, Ῥακειήλ 4, Σαμμανή 12. Σαθιήλ 17. Θωνιήλ",Verify against page image/PDF before using as Greek-fragment or variant evidence.
data/raw/1_enoch_charles_1912_djvu.txt,9417,translation and notes,1 Enoch 6:1,25,"18, Τυριήλ 19, Ἰουμιήλ 20. Σαριήλ 15, Σαμιήλ",Verify against page image/PDF before using as Greek-fragment or variant evidence.
data/raw/1_enoch_charles_1912_djvu.txt,9418,translation and notes,1 Enoch 6:1,27,"21. Τουριήλ 8, Ἰωμειήλ 18. ᾿Ατριήλ 7. Σεμιήλ",Verify against page image/PDF before using as Greek-fragment or variant evidence.
data/raw/1_enoch_charles_1912_djvu.txt,9518,translation and notes,1 Enoch 7:1,9,obelized ‘ begat’ (ἐτέκνωσαν) as corrupt.,Verify against page image/PDF before using as Greek-fragment or variant evidence.
data/raw/1_enoch_charles_1912_djvu.txt,9519,translation and notes,1 Enoch 7:1,17,ἐτέκνωσαν may be corrupt for ἔκτειναν :,Verify against page image/PDF before using as Greek-fragment or variant evidence.
data/raw/1_enoch_charles_1912_djvu.txt,9528,translation and notes,1 Enoch 7:1,12,ἐτέκνωσαν = padi corrupt for ἢ) Ἴ2}2 ᾿,Verify against page image/PDF before using as Greek-fragment or variant evidence.
data/raw/1_enoch_charles_1912_djvu.txt,9553,translation and notes,1 Enoch 7:1,13,loc. Breastplates. + διδάγματα ἀγγέ-,Verify against page image/PDF before using as Greek-fragment or variant evidence.
data/raw/1_enoch_charles_1912_djvu.txt,9569,translation and notes,1 Enoch 7:1,11,The γίγαντες -εἴ΄,Verify against page image/PDF before using as Greek-fragment or variant evidence.
data/raw/1_enoch_charles_1912_djvu.txt,9570,translation and notes,1 Enoch 7:1,9,"Dia}, the Ναφηλείμ = Ὁ 58), and",Verify against page image/PDF before using as Greek-fragment or variant evidence.
data/raw/1_enoch_charles_1912_djvu.txt,9599,translation and notes,1 Enoch 7:1,9,"- corrupt for τὰ μέταλλα, and then at the",Verify against page image/PDF before using as Greek-fragment or variant evidence.
data/raw/1_enoch_charles_1912_djvu.txt,9601,translation and notes,1 Enoch 7:1,15,"of τὰ μέταλλα, and appends τῆς γῆς.",Verify against page image/PDF before using as Greek-fragment or variant evidence.
data/raw/1_enoch_charles_1912_djvu.txt,9651,translation and notes,1 Enoch 7:1,17,στιβίζειν for στίλβειν) and beautifying,Verify against page image/PDF before using as Greek-fragment or variant evidence.
data/raw/1_enoch_charles_1912_djvu.txt,9666,translation and notes,1 Enoch 7:1,13,"Dindorf, iii. 474) ἤδη δὲ καὶ ᾿Ενώχ",Verify against page image/PDF before using as Greek-fragment or variant evidence.
data/raw/1_enoch_charles_1912_djvu.txt,9667,translation and notes,1 Enoch 7:1,34,φησιν τοὺς παραβάντας ἀγγέλους διδάξαι,Verify against page image/PDF before using as Greek-fragment or variant evidence.
data/raw/1_enoch_charles_1912_djvu.txt,9668,translation and notes,1 Enoch 7:1,30,τοὺς ἀνθρώπους ἀστρονομίαν καὶ μαν-,Verify against page image/PDF before using as Greek-fragment or variant evidence.
data/raw/1_enoch_charles_1912_djvu.txt,9669,translation and notes,1 Enoch 7:1,22,τικὴν καὶ τὰς ἄλλας τέχνας. Somjaza,Verify against page image/PDF before using as Greek-fragment or variant evidence.
data/raw/1_enoch_charles_1912_djvu.txt,9675,translation and notes,1 Enoch 7:1,12,follows. His function was ἐπαοιδῶν λυτή-,Verify against page image/PDF before using as Greek-fragment or variant evidence.
data/raw/1_enoch_charles_1912_djvu.txt,9677,translation and notes,1 Enoch 7:1,14,512 MOP nw ( = λύων συνδέσμους,Verify against page image/PDF before using as Greek-fragment or variant evidence.
data/raw/1_enoch_charles_1912_djvu.txt,9687,translation and notes,1 Enoch 7:1,14,"corrupt for Ζακιήλ, as in 6”, or ᾿Εζεκιήλ",Verify against page image/PDF before using as Greek-fragment or variant evidence.
data/raw/1_enoch_charles_1912_djvu.txt,9688,translation and notes,1 Enoch 7:1,15,"Again ΟΝ E- have ἀστεροσκοπίαν, which,",Verify against page image/PDF before using as Greek-fragment or variant evidence.
data/raw/1_enoch_charles_1912_djvu.txt,9720,translation and notes,1 Enoch 9:1,11,"see), is corrupt for ἀεροσκοπίαν (so G*),",Verify against page image/PDF before using as Greek-fragment or variant evidence.
data/raw/1_enoch_charles_1912_djvu.txt,9722,translation and notes,1 Enoch 9:1,13,save that for 6 τρίτος and 6 ἕβδομος I,Verify against page image/PDF before using as Greek-fragment or variant evidence.
data/raw/1_enoch_charles_1912_djvu.txt,9729,translation and notes,1 Enoch 9:1,27,ἐβόησαν καὶ ἀνέβη ἡ βοὴ αὐτῶν eis τὸν,Verify against page image/PDF before using as Greek-fragment or variant evidence.
data/raw/1_enoch_charles_1912_djvu.txt,9730,translation and notes,1 Enoch 9:1,17,"οὐρανόν. G* om, ἐβόησαν καί, G*?",Verify against page image/PDF before using as Greek-fragment or variant evidence.
data/raw/1_enoch_charles_1912_djvu.txt,9731,translation and notes,1 Enoch 9:1,20,reads ἐβόησαν εἰς τὸν οὐρανόν. Our,Verify against page image/PDF before using as Greek-fragment or variant evidence.
data/raw/1_enoch_charles_1912_djvu.txt,9764,translation and notes,1 Enoch 9:1,13,"E = κυρίῳ τῶν BaoiAéav, where τ. βασι-",Verify against page image/PDF before using as Greek-fragment or variant evidence.
data/raw/1_enoch_charles_1912_djvu.txt,9766,translation and notes,1 Enoch 9:1,9,"τῶν αἰώνων. Lord of lords, God",Verify against page image/PDF before using as Greek-fragment or variant evidence.
data/raw/1_enoch_charles_1912_djvu.txt,9770,translation and notes,1 Enoch 9:1,11,G® reads τῶν αἰώνων = ον corrupt,Verify against page image/PDF before using as Greek-fragment or variant evidence.
data/raw/1_enoch_charles_1912_djvu.txt,9772,translation and notes,1 Enoch 9:1,8,"stored from G*1,2, In G*? ἀνθρώπων,",Verify against page image/PDF before using as Greek-fragment or variant evidence.
data/raw/1_enoch_charles_1912_djvu.txt,9800,translation and notes,1 Enoch 9:1,13,rection of ἔγνωσαν into γνῶναι (cf. GS,Verify against page image/PDF before using as Greek-fragment or variant evidence.
data/raw/1_enoch_charles_1912_djvu.txt,9807,translation and notes,1 Enoch 9:1,13,ἐπιτηδεύουσιν) and transposed after ‘in,Verify against page image/PDF before using as Greek-fragment or variant evidence.
data/raw/1_enoch_charles_1912_djvu.txt,9810,translation and notes,1 Enoch 9:1,13,= γνῶναι or εἰδέι αι. Thus E agrees,Verify against page image/PDF before using as Greek-fragment or variant evidence.
data/raw/1_enoch_charles_1912_djvu.txt,9819,translation and notes,1 Enoch 9:1,23,5 Οἱ δὲ ἄγγελοι---γυναικῶν pigeow ἡττή-,Verify against page image/PDF before using as Greek-fragment or variant evidence.
data/raw/1_enoch_charles_1912_djvu.txt,9820,translation and notes,1 Enoch 9:1,32,"θησαν καὶ παῖδας ἐτέκνωσαν, οἵ εἰσιν οἱ",Verify against page image/PDF before using as Greek-fragment or variant evidence.
data/raw/1_enoch_charles_1912_djvu.txt,9821,translation and notes,1 Enoch 9:1,32,λεγόμενοι δαίμονες ----καὶ εἰς ἀνθρώπους,Verify against page image/PDF before using as Greek-fragment or variant evidence.
data/raw/1_enoch_charles_1912_djvu.txt,9822,translation and notes,1 Enoch 9:1,32,"φόνους, πολέμους, μοιχείας---- καὶ πᾶσαν κα-",Verify against page image/PDF before using as Greek-fragment or variant evidence.
data/raw/1_enoch_charles_1912_djvu.txt,9823,translation and notes,1 Enoch 9:1,12,κίαν ἔσπειραν. 8. Withthe women.,Verify against page image/PDF before using as Greek-fragment or variant evidence.
data/raw/1_enoch_charles_1912_djvu.txt,9824,translation and notes,1 Enoch 9:1,23,Here E = μετ᾽ αὐτῶν μετὰ τῶν θηλειῶν,Verify against page image/PDF before using as Greek-fragment or variant evidence.
data/raw/1_enoch_charles_1912_djvu.txt,9832,translation and notes,1 Enoch 9:1,28,συνεκοιμήθησαν per’ αὐτῶν καὶ ἐν ταῖς,Verify against page image/PDF before using as Greek-fragment or variant evidence.
data/raw/1_enoch_charles_1912_djvu.txt,9833,translation and notes,1 Enoch 9:1,18,θηλείαις ἐμιάνθησαν. G* omitted the,Verify against page image/PDF before using as Greek-fragment or variant evidence.
data/raw/1_enoch_charles_1912_djvu.txt,9835,translation and notes,1 Enoch 9:1,14,after συνεκοιμήθησαν. All kinds of,Verify against page image/PDF before using as Greek-fragment or variant evidence.
data/raw/1_enoch_charles_1912_djvu.txt,9843,translation and notes,1 Enoch 9:1,8,corrupt for μισητίαν. Hence ‘ taught,Verify against page image/PDF before using as Greek-fragment or variant evidence.
data/raw/1_enoch_charles_1912_djvu.txt,9845,translation and notes,1 Enoch 9:1,15,"Giants. G® reads τιτᾶνας, GS γίγαντας.",Verify against page image/PDF before using as Greek-fragment or variant evidence.
data/raw/1_enoch_charles_1912_djvu.txt,9852,translation and notes,1 Enoch 9:1,18,Tobit 1212 Ἐγὼ προσήγαγον τὸ μνη-,Verify against page image/PDF before using as Greek-fragment or variant evidence.
data/raw/1_enoch_charles_1912_djvu.txt,9853,translation and notes,1 Enoch 9:1,30,μόσυνον τῆς προσευχῆς ὑμῶν ἐνώπιον,Verify against page image/PDF before using as Greek-fragment or variant evidence.
data/raw/1_enoch_charles_1912_djvu.txt,9854,translation and notes,1 Enoch 9:1,8,τοῦ ἁγίου (contrast Acts 102);,Verify against page image/PDF before using as Greek-fragment or variant evidence.
data/raw/1_enoch_charles_1912_djvu.txt,9855,translation and notes,1 Enoch 9:1,18,also 1215 ἐγῴ εἰμι Ῥαφαὴλ εἷς ἐκ,Verify against page image/PDF before using as Greek-fragment or variant evidence.
data/raw/1_enoch_charles_1912_djvu.txt,9856,translation and notes,1 Enoch 9:1,23,τῶν ἑπτὰ ἁγίων ἀγγέλων of προσ-,Verify against page image/PDF before using as Greek-fragment or variant evidence.
data/raw/1_enoch_charles_1912_djvu.txt,9857,translation and notes,1 Enoch 9:1,30,αναφέρουσι τὰς προσευχὰς τῶν ἁγίων :,Verify against page image/PDF before using as Greek-fragment or variant evidence.
data/raw/1_enoch_charles_1912_djvu.txt,9859,translation and notes,1 Enoch 9:1,31,ἐγώ εἶμι ὃ ἄγγελος ὃ παραιτούμενος τὸ,Verify against page image/PDF before using as Greek-fragment or variant evidence.
data/raw/1_enoch_charles_1912_djvu.txt,9860,translation and notes,1 Enoch 9:1,11,"γένος Ἰσραήλ, 10. Cease, EG*",Verify against page image/PDF before using as Greek-fragment or variant evidence.
data/raw/1_enoch_charles_1912_djvu.txt,9883,translation and notes,1 Enoch 10:1,8,read - ἐξελθεῖν = pad corrupt for,Verify against page image/PDF before using as Greek-fragment or variant evidence.
data/raw/1_enoch_charles_1912_djvu.txt,9889,translation and notes,1 Enoch 10:1,8,(6.55). E = τὰ eis αὐτούς corrupt for,Verify against page image/PDF before using as Greek-fragment or variant evidence.
data/raw/1_enoch_charles_1912_djvu.txt,9890,translation and notes,1 Enoch 10:1,9,ἐᾷς αὐτούς.,Verify against page image/PDF before using as Greek-fragment or variant evidence.
data/raw/1_enoch_charles_1912_djvu.txt,9897,translation and notes,1 Enoch 10:1,22,"Οὐ πορεύου πρὸς τὸν Νῶε καί, This",Verify against page image/PDF before using as Greek-fragment or variant evidence.
data/raw/1_enoch_charles_1912_djvu.txt,9993,translation and notes,1 Enoch 10:1,10,"The Greek gives ὑπόθες αὐτῷ, but this",Verify against page image/PDF before using as Greek-fragment or variant evidence.
data/raw/1_enoch_charles_1912_djvu.txt,9994,translation and notes,1 Enoch 10:1,10,"is probably a slip for ἐπίθες αὐτῷ. Cf. 545,",Verify against page image/PDF before using as Greek-fragment or variant evidence.
data/raw/1_enoch_charles_1912_djvu.txt,9995,translation and notes,1 Enoch 10:1,11,"Forever. Like εἰς τὸν αἰῶνα, of which",Verify against page image/PDF before using as Greek-fragment or variant evidence.
data/raw/1_enoch_charles_1912_djvu.txt,10025,translation and notes,1 Enoch 10:1,8,"πληγή, and (δ has first γῇ and then",Verify against page image/PDF before using as Greek-fragment or variant evidence.
data/raw/1_enoch_charles_1912_djvu.txt,10038,translation and notes,1 Enoch 10:1,8,have here ἐπάταξαν = SN corrupt for,Verify against page image/PDF before using as Greek-fragment or variant evidence.
data/raw/1_enoch_charles_1912_djvu.txt,10040,translation and notes,1 Enoch 10:1,9,"Cf. ἐμηνύσατε in 168, For an analogous",Verify against page image/PDF before using as Greek-fragment or variant evidence.
data/raw/1_enoch_charles_1912_djvu.txt,10046,translation and notes,1 Enoch 10:1,26,τοῖς ἔργοις τῆς διδασκαλίας). ἘΠ ‘the,Verify against page image/PDF before using as Greek-fragment or variant evidence.
data/raw/1_enoch_charles_1912_djvu.txt,10093,translation and notes,1 Enoch 10:1,19,"GE ἐν πολέμῳ, since GS has ἐν πολέμῳ καὶ",Verify against page image/PDF before using as Greek-fragment or variant evidence.
data/raw/1_enoch_charles_1912_djvu.txt,10094,translation and notes,1 Enoch 10:1,9,ἐν ἀπωλείᾳ. The original was probably,Verify against page image/PDF before using as Greek-fragment or variant evidence.
data/raw/1_enoch_charles_1912_djvu.txt,10102,translation and notes,1 Enoch 10:1,8,original acc. μιγέντας remains un-,Verify against page image/PDF before using as Greek-fragment or variant evidence.
data/raw/1_enoch_charles_1912_djvu.txt,10134,translation and notes,1 Enoch 10:1,16,by St. Jude 6: ἀγγέλους τε τοὺς μὴ,Verify against page image/PDF before using as Greek-fragment or variant evidence.
data/raw/1_enoch_charles_1912_djvu.txt,10135,translation and notes,1 Enoch 10:1,31,τηρήσαντας τὴν ἑαυτῶν ἀρχὴν ἀλλὰ ἀπο-,Verify against page image/PDF before using as Greek-fragment or variant evidence.
data/raw/1_enoch_charles_1912_djvu.txt,10136,translation and notes,1 Enoch 10:1,34,λιπόντας τὸ ἴδιον οἰκητήριον εἰς κρίσιν,Verify against page image/PDF before using as Greek-fragment or variant evidence.
data/raw/1_enoch_charles_1912_djvu.txt,10137,translation and notes,1 Enoch 10:1,30,μεγάλης ἡμέρας... ὑπὸ ζόφον τετήρηκεν.,Verify against page image/PDF before using as Greek-fragment or variant evidence.
data/raw/1_enoch_charles_1912_djvu.txt,10173,translation and notes,1 Enoch 10:1,13,of fire. This is the λίμνη τοῦ πυρός,Verify against page image/PDF before using as Greek-fragment or variant evidence.
data/raw/1_enoch_charles_1912_djvu.txt,10181,translation and notes,1 Enoch 10:1,10,demned (G*). G®E read κατακαυσθῇ,Verify against page image/PDF before using as Greek-fragment or variant evidence.
data/raw/1_enoch_charles_1912_djvu.txt,10182,translation and notes,1 Enoch 10:1,9,corrupt for κατακριθῇ. All genera-,Verify against page image/PDF before using as Greek-fragment or variant evidence.
data/raw/1_enoch_charles_1912_djvu.txt,10210,translation and notes,1 Enoch 10:1,32,"ἔσται εὐλογία"" τὰ ἔργα τῆς δικαιοσύνης",Verify against page image/PDF before using as Greek-fragment or variant evidence.
data/raw/1_enoch_charles_1912_djvu.txt,10211,translation and notes,1 Enoch 10:1,14,"καὶ τῆς ἀληθείας, which are preserved",Verify against page image/PDF before using as Greek-fragment or variant evidence.
data/raw/1_enoch_charles_1912_djvu.txt,10223,translation and notes,1 Enoch 10:1,12,= τὸ γῆρας αὐτῶν. The error could,Verify against page image/PDF before using as Greek-fragment or variant evidence.
data/raw/1_enoch_charles_1912_djvu.txt,10268,translation and notes,1 Enoch 11:1,25,ἀγαλλιάσονται φυτευθήσεται. Wine,Verify against page image/PDF before using as Greek-fragment or variant evidence.
data/raw/1_enoch_charles_1912_djvu.txt,10272,translation and notes,1 Enoch 11:1,33,σπαρεὶς ἐν αὐτῇ ἕκαστον μέτρον ποιήσει,Verify against page image/PDF before using as Greek-fragment or variant evidence.
data/raw/1_enoch_charles_1912_djvu.txt,10273,translation and notes,1 Enoch 11:1,33,χιλιάδας καὶ ἕκαστον μέτρον ἐλαίας κτλ...,Verify against page image/PDF before using as Greek-fragment or variant evidence.
data/raw/1_enoch_charles_1912_djvu.txt,10274,translation and notes,1 Enoch 11:1,10,Οδ is corrupt and defective: χιλιάδας,Verify against page image/PDF before using as Greek-fragment or variant evidence.
data/raw/1_enoch_charles_1912_djvu.txt,10275,translation and notes,1 Enoch 11:1,33,καὶ σπόρου ποιήσει καθ᾽ ἕκαστον μέτρον,Verify against page image/PDF before using as Greek-fragment or variant evidence.
data/raw/1_enoch_charles_1912_djvu.txt,10303,translation and notes,1 Enoch 11:1,14,of ἀανπων = ἀνθρώπων.,Verify against page image/PDF before using as Greek-fragment or variant evidence.
data/raw/1_enoch_charles_1912_djvu.txt,10374,translation and notes,1 Enoch 12:1,14,black type. 124 εἰπὲ rots ἐγρηγόροις,Verify against page image/PDF before using as Greek-fragment or variant evidence.
data/raw/1_enoch_charles_1912_djvu.txt,10375,translation and notes,1 Enoch 12:1,28,"τοῦ οὐρανοῦ (14°) οἵτινες, ἀπολιπόντες",Verify against page image/PDF before using as Greek-fragment or variant evidence.
data/raw/1_enoch_charles_1912_djvu.txt,10376,translation and notes,1 Enoch 12:1,28,"τὸν οὐρανὸν τὸν ὑψηλόν, τὸ ἁγίασμα",Verify against page image/PDF before using as Greek-fragment or variant evidence.
data/raw/1_enoch_charles_1912_djvu.txt,10377,translation and notes,1 Enoch 12:1,26,"τῆς στάσεως τοῦ αἰῶνος, μετὰ τῶν",Verify against page image/PDF before using as Greek-fragment or variant evidence.
data/raw/1_enoch_charles_1912_djvu.txt,10378,translation and notes,1 Enoch 12:1,32,"γυναικῶν ἐμιάνθησαν, καὶ ὥσπερ οἱ υἱοὶ",Verify against page image/PDF before using as Greek-fragment or variant evidence.
data/raw/1_enoch_charles_1912_djvu.txt,10379,translation and notes,1 Enoch 12:1,26,"τῆς γῆ ποιοῦσιν, οὕτως καὶ αὐτοὶ",Verify against page image/PDF before using as Greek-fragment or variant evidence.
data/raw/1_enoch_charles_1912_djvu.txt,10380,translation and notes,1 Enoch 12:1,32,"ποιοῦσιν, καὶ ἔλαβον ἑαυτοῖς γυναῖκας",Verify against page image/PDF before using as Greek-fragment or variant evidence.
data/raw/1_enoch_charles_1912_djvu.txt,10381,translation and notes,1 Enoch 12:1,29,(158): ἀφανισμὸν μέγαν Τ᾿ κατηφανίσατετ',Verify against page image/PDF before using as Greek-fragment or variant evidence.
data/raw/1_enoch_charles_1912_djvu.txt,10382,translation and notes,1 Enoch 12:1,28,τὴν γῆν. ὅ. καὶ οὐκ ἔσται ὑμῖν εἰρήνη,Verify against page image/PDF before using as Greek-fragment or variant evidence.
data/raw/1_enoch_charles_1912_djvu.txt,10383,translation and notes,1 Enoch 12:1,19,οὔτε ἄφεσις (164). 6. καὶ περὶ ὧν,Verify against page image/PDF before using as Greek-fragment or variant evidence.
data/raw/1_enoch_charles_1912_djvu.txt,10384,translation and notes,1 Enoch 12:1,29,"χαίρουσιν τῶν υἱῶν αὐτῶν, τὸν φόνον",Verify against page image/PDF before using as Greek-fragment or variant evidence.
data/raw/1_enoch_charles_1912_djvu.txt,10385,translation and notes,1 Enoch 12:1,23,τῶν ἀγαπητῶν αὐτῶν ὄψονται (14°,Verify against page image/PDF before using as Greek-fragment or variant evidence.
data/raw/1_enoch_charles_1912_djvu.txt,10386,translation and notes,1 Enoch 12:1,27,"1013), καὶ ἐπὶ τῇ ἀπωλείᾳ τῶν υἱῶν αὐτῶν",Verify against page image/PDF before using as Greek-fragment or variant evidence.
data/raw/1_enoch_charles_1912_djvu.txt,10387,translation and notes,1 Enoch 12:1,28,"στενάξουσιν καὶ δεηθήσονται (1019), εἰς",Verify against page image/PDF before using as Greek-fragment or variant evidence.
data/raw/1_enoch_charles_1912_djvu.txt,10388,translation and notes,1 Enoch 12:1,28,"τὸν αἰῶνα, καὶ οὐκ ἔσται αὐτοῖς εἰς",Verify against page image/PDF before using as Greek-fragment or variant evidence.
data/raw/1_enoch_charles_1912_djvu.txt,10389,translation and notes,1 Enoch 12:1,15,ἔλεον καὶ εἰρήνην (164). The original,Verify against page image/PDF before using as Greek-fragment or variant evidence.
data/raw/1_enoch_charles_1912_djvu.txt,10415,translation and notes,1 Enoch 12:1,9,Ethiopic way of rendering μετέθηκεν,Verify against page image/PDF before using as Greek-fragment or variant evidence.
data/raw/1_enoch_charles_1912_djvu.txt,10512,translation and notes,1 Enoch 12:1,11,"verse, ἀπολιπόντες is used in the same",Verify against page image/PDF before using as Greek-fragment or variant evidence.
data/raw/1_enoch_charles_1912_djvu.txt,10581,translation and notes,1 Enoch 13:1,12,(E). G® reads εἶπεν πορεύου. Perhaps,Verify against page image/PDF before using as Greek-fragment or variant evidence.
data/raw/1_enoch_charles_1912_djvu.txt,10602,translation and notes,1 Enoch 13:1,8,ἐρώτησις seems corrupt. We should,Verify against page image/PDF before using as Greek-fragment or variant evidence.
data/raw/1_enoch_charles_1912_djvu.txt,10612,translation and notes,1 Enoch 13:1,29,οὗτοι of ἄγγελοι of ἐκπεσόντες THY οὐρανῶν,Verify against page image/PDF before using as Greek-fragment or variant evidence.
data/raw/1_enoch_charles_1912_djvu.txt,10613,translation and notes,1 Enoch 13:1,31,... οὐκέτι εἰς τὰ ὑπερουράνια ὑπερκύψαι,Verify against page image/PDF before using as Greek-fragment or variant evidence.
data/raw/1_enoch_charles_1912_djvu.txt,10614,translation and notes,1 Enoch 13:1,9,δυνάμενοι. Of their sins for which,Verify against page image/PDF before using as Greek-fragment or variant evidence.
data/raw/1_enoch_charles_1912_djvu.txt,10630,translation and notes,1 Enoch 13:1,33,(περὶ ὧν ἡμαρτήκεισαν καὶ κατεκρίθησαν).,Verify against page image/PDF before using as Greek-fragment or variant evidence.
data/raw/1_enoch_charles_1912_djvu.txt,10636,translation and notes,1 Enoch 13:1,8,is corrupt. μακρότης stands in G® and,Verify against page image/PDF before using as Greek-fragment or variant evidence.
data/raw/1_enoch_charles_1912_djvu.txt,10641,translation and notes,1 Enoch 13:1,8,Ethiopic can only = μακρότης. From,Verify against page image/PDF before using as Greek-fragment or variant evidence.
data/raw/1_enoch_charles_1912_djvu.txt,10642,translation and notes,1 Enoch 13:1,9,the conjunction of the words ἄφεσις καὶ,Verify against page image/PDF before using as Greek-fragment or variant evidence.
data/raw/1_enoch_charles_1912_djvu.txt,10643,translation and notes,1 Enoch 13:1,16,μακρότης (GE) it is clear that μακρότης,Verify against page image/PDF before using as Greek-fragment or variant evidence.
data/raw/1_enoch_charles_1912_djvu.txt,10652,translation and notes,1 Enoch 13:1,8,Does the phrase μακρότης... refer to,Verify against page image/PDF before using as Greek-fragment or variant evidence.
data/raw/1_enoch_charles_1912_djvu.txt,10671,translation and notes,1 Enoch 13:1,16,"τῶν ἀγαπητῶν αὐτῶν) (cf. 1012), and",Verify against page image/PDF before using as Greek-fragment or variant evidence.
data/raw/1_enoch_charles_1912_djvu.txt,10682,translation and notes,1 Enoch 13:1,8,behind μακρότης would probably refer,Verify against page image/PDF before using as Greek-fragment or variant evidence.
data/raw/1_enoch_charles_1912_djvu.txt,10692,translation and notes,1 Enoch 13:1,8,Hence we should read here μακρότης,Verify against page image/PDF before using as Greek-fragment or variant evidence.
data/raw/1_enoch_charles_1912_djvu.txt,10697,translation and notes,1 Enoch 13:1,8,ing the sons of the Watchers: μακρότης,Verify against page image/PDF before using as Greek-fragment or variant evidence.
data/raw/1_enoch_charles_1912_djvu.txt,10698,translation and notes,1 Enoch 13:1,22,γὰρ ἡμερῶν οὐκ ἔστιν αὐτῶν. The con-,Verify against page image/PDF before using as Greek-fragment or variant evidence.
data/raw/1_enoch_charles_1912_djvu.txt,10707,translation and notes,1 Enoch 13:1,17,"spirits’, Possibly τῶν πνευμάτων αὐτῶν",Verify against page image/PDF before using as Greek-fragment or variant evidence.
data/raw/1_enoch_charles_1912_djvu.txt,10715,translation and notes,1 Enoch 13:1,20,word = καὶ ἑκάστου ἔργου αὐτῶν.,Verify against page image/PDF before using as Greek-fragment or variant evidence.
data/raw/1_enoch_charles_1912_djvu.txt,10717,translation and notes,1 Enoch 13:1,18,"τῶν ἑκάστου ἀγαπητῶν, Or E may be",Verify against page image/PDF before using as Greek-fragment or variant evidence.
data/raw/1_enoch_charles_1912_djvu.txt,10723,translation and notes,1 Enoch 13:1,12,τῶν υἱῶν αὐτῶν. In any case (cf. 147),Verify against page image/PDF before using as Greek-fragment or variant evidence.
data/raw/1_enoch_charles_1912_djvu.txt,10791,translation and notes,1 Enoch 14:1,9,"of ᾿Αβειλήνη, a town in the Antilibanus,",Verify against page image/PDF before using as Greek-fragment or variant evidence.
data/raw/1_enoch_charles_1912_djvu.txt,10803,translation and notes,1 Enoch 14:1,9,‘and’. | Recounted (ἀνήγγειλα GS).,Verify against page image/PDF before using as Greek-fragment or variant evidence.
data/raw/1_enoch_charles_1912_djvu.txt,10848,translation and notes,1 Enoch 16:2,25,(E = νοῆσαι καρδίᾳ). G® νοήσει καρδίας,Verify against page image/PDF before using as Greek-fragment or variant evidence.
data/raw/1_enoch_charles_1912_djvu.txt,10858,translation and notes,1 Enoch 16:2,18,ἐν τοῖς δεσμοῖς τῆς γῆ). This is a,Verify against page image/PDF before using as Greek-fragment or variant evidence.
data/raw/1_enoch_charles_1912_djvu.txt,10861,translation and notes,1 Enoch 16:2,13,"δεσμοῖς ἐν τῇ γῇ. Cf. Origen (6, Celswm",Verify against page image/PDF before using as Greek-fragment or variant evidence.
data/raw/1_enoch_charles_1912_djvu.txt,10862,translation and notes,1 Enoch 16:2,29,v. 52) κολάζεσθαι δεσμοῖς ὑποβληθέντας,Verify against page image/PDF before using as Greek-fragment or variant evidence.
data/raw/1_enoch_charles_1912_djvu.txt,10863,translation and notes,1 Enoch 16:2,20,"ἐν γῇ, and Jude 6 εἰς κρίσιν μεγάλης",Verify against page image/PDF before using as Greek-fragment or variant evidence.
data/raw/1_enoch_charles_1912_djvu.txt,10864,translation and notes,1 Enoch 16:2,34,ἡμέρας δεσμοῖς ἀϊδίοις ὑπὸ ζόφον τετήρη-,Verify against page image/PDF before using as Greek-fragment or variant evidence.
data/raw/1_enoch_charles_1912_djvu.txt,10865,translation and notes,1 Enoch 16:2,9,"κεν. On the other hand, if τῆς γῆς is",Verify against page image/PDF before using as Greek-fragment or variant evidence.
data/raw/1_enoch_charles_1912_djvu.txt,10867,translation and notes,1 Enoch 16:2,14,in the Aramaic. ἐν τ. δεσμοῖς τ. γῆς,Verify against page image/PDF before using as Greek-fragment or variant evidence.
data/raw/1_enoch_charles_1912_djvu.txt,10875,translation and notes,1 Enoch 16:2,9,Here ὄνησις has the meaning of ἀπό-,Verify against page image/PDF before using as Greek-fragment or variant evidence.
data/raw/1_enoch_charles_1912_djvu.txt,10876,translation and notes,1 Enoch 16:2,13,λαυσις as in the poet Philemon: γένοιτό,Verify against page image/PDF before using as Greek-fragment or variant evidence.
data/raw/1_enoch_charles_1912_djvu.txt,10877,translation and notes,1 Enoch 16:2,30,"σοι τέκνων ὄνησις, ὥσπερ καὶ δίκαιον (see",Verify against page image/PDF before using as Greek-fragment or variant evidence.
data/raw/1_enoch_charles_1912_djvu.txt,10884,translation and notes,1 Enoch 16:2,27,in 126 περὶ ὧν χαίρουσιν τῶν υἱῶν αὐτῶν.,Verify against page image/PDF before using as Greek-fragment or variant evidence.
data/raw/1_enoch_charles_1912_djvu.txt,10893,translation and notes,1 Enoch 16:2,15,the words. So GS καὶ μὴν λαλοῦντες,Verify against page image/PDF before using as Greek-fragment or variant evidence.
data/raw/1_enoch_charles_1912_djvu.txt,10894,translation and notes,1 Enoch 16:2,9,"πᾶν ῥῆμα, where I have emended μή",Verify against page image/PDF before using as Greek-fragment or variant evidence.
data/raw/1_enoch_charles_1912_djvu.txt,10898,translation and notes,1 Enoch 16:2,14,λαλοῦντες may be corrupt for καὶ μὴ,Verify against page image/PDF before using as Greek-fragment or variant evidence.
data/raw/1_enoch_charles_1912_djvu.txt,10899,translation and notes,1 Enoch 16:2,16,"λαχόντες or λαβόντες = wbapn nh,",Verify against page image/PDF before using as Greek-fragment or variant evidence.
data/raw/1_enoch_charles_1912_djvu.txt,10927,translation and notes,1 Enoch 16:2,10,"request in the writing’, &c. 8. The ἐξεπέτασαν here as a corruption of",Verify against page image/PDF before using as Greek-fragment or variant evidence.
data/raw/1_enoch_charles_1912_djvu.txt,10928,translation and notes,1 Enoch 16:2,10,"vision (E), G*‘inthevision’, Sped ἐξεπέρασαν (so Lods). The idea may",Verify against page image/PDF before using as Greek-fragment or variant evidence.
data/raw/1_enoch_charles_1912_djvu.txt,10929,translation and notes,1 Enoch 16:2,19,E). Gé® reads κατεσπούδαζον. Has- be derived from Num. 11°! πνεῦμα,Verify against page image/PDF before using as Greek-fragment or variant evidence.
data/raw/1_enoch_charles_1912_djvu.txt,10931,translation and notes,1 Enoch 16:2,40,tened. G*E have here ἐθορύβαζον = ἐξῆλθεν παρὰ Κυρίου καὶ ἐξεπέρασεν.,High-density Greek OCR line; verify against page image/PDF before source-row import.
data/raw/1_enoch_charles_1912_djvu.txt,10937,translation and notes,1 Enoch 16:2,13,ἀφ τ ἴδω in the LXX the πρόναος or forecourt of the palace,Verify against page image/PDF before using as Greek-fragment or variant evidence.
data/raw/1_enoch_charles_1912_djvu.txt,10940,translation and notes,1 Enoch 16:2,15,ΕΝ or <ewrapdoow. Of. 4 λίθοις χαλάζης. Cf. Is. 8039 I 9ISN.,Verify against page image/PDF before using as Greek-fragment or variant evidence.
data/raw/1_enoch_charles_1912_djvu.txt,10941,translation and notes,1 Enoch 16:2,13,δ 8 Toxicon and Of crystals 39 (E). G® καὶ πᾶσαι ἦσαν é«,Verify against page image/PDF before using as Greek-fragment or variant evidence.
data/raw/1_enoch_charles_1912_djvu.txt,10943,translation and notes,1 Enoch 16:2,10,all previous translations should be sickens : ἘΝ σα ὦ ἜΦΗ. ἘΣ,Verify against page image/PDF before using as Greek-fragment or variant evidence.
data/raw/1_enoch_charles_1912_djvu.txt,10944,translation and notes,1 Enoch 16:2,11,Sorrected accordingly. με αἰ Δὰ has τροφή. The words are frequently,Verify against page image/PDF before using as Greek-fragment or variant evidence.
data/raw/1_enoch_charles_1912_djvu.txt,10945,translation and notes,1 Enoch 16:2,11,"heey οὐ ὐνοτερλαν). But Ge confused ; cf. Gen, 492°, On the other",Verify against page image/PDF before using as Greek-fragment or variant evidence.
data/raw/1_enoch_charles_1912_djvu.txt,10946,translation and notes,1 Enoch 16:2,15,"has ἐξεπέτασαν, which E apparently hand τρυφή is used of Sheol in Sir,",Verify against page image/PDF before using as Greek-fragment or variant evidence.
data/raw/1_enoch_charles_1912_djvu.txt,10947,translation and notes,1 Enoch 16:2,36,"confused with ἐῤέπτησαν, and derived 14. οὐκ ἔστιν ἐν ἅδου ζητῆσαι τρυφήν",Verify against page image/PDF before using as Greek-fragment or variant evidence.
data/raw/1_enoch_charles_1912_djvu.txt,10948,translation and notes,1 Enoch 16:2,9,"it from ἐκπέταμαι, to which it ascribed (AYN wpad Sinwa). Cf, also Erubin",Verify against page image/PDF before using as Greek-fragment or variant evidence.
data/raw/1_enoch_charles_1912_djvu.txt,10951,translation and notes,1 Enoch 16:2,9,"translator to ἐξεπέτασε in Prov, 1316, 60% 7111 Ezek, 128 Dan. 8'% 18, &c.",Verify against page image/PDF before using as Greek-fragment or variant evidence.
data/raw/1_enoch_charles_1912_djvu.txt,10998,translation and notes,1 Enoch 16:2,23,corrupt ἄλλην θύραν ἀνεῳγμένην κατ-,Verify against page image/PDF before using as Greek-fragment or variant evidence.
data/raw/1_enoch_charles_1912_djvu.txt,11004,translation and notes,1 Enoch 16:2,29,ἐναντί μου καὶ 6 οἶκος μείζων τούτου,Verify against page image/PDF before using as Greek-fragment or variant evidence.
data/raw/1_enoch_charles_1912_djvu.txt,11023,translation and notes,1 Enoch 16:2,22,sun (E). G® τροχὸς ὡς ἡλίου λάμποντος.,Verify against page image/PDF before using as Greek-fragment or variant evidence.
data/raw/1_enoch_charles_1912_djvu.txt,11028,translation and notes,1 Enoch 16:2,18,pds ὋΣ ΠΡ.) = τροχοὶ αὐτοῦ πῦρ,Verify against page image/PDF before using as Greek-fragment or variant evidence.
data/raw/1_enoch_charles_1912_djvu.txt,11030,translation and notes,1 Enoch 16:2,9,καιόμενον. Vision of cherubim.,Verify against page image/PDF before using as Greek-fragment or variant evidence.
data/raw/1_enoch_charles_1912_djvu.txt,11034,translation and notes,1 Enoch 16:2,10,"ὅρασις, E = ὀπός (from dp) ‘ the voice’.",Verify against page image/PDF before using as Greek-fragment or variant evidence.
data/raw/1_enoch_charles_1912_djvu.txt,11051,translation and notes,1 Enoch 16:2,29,4251 οὐδὲ προεδεήθη οὐδενὸς συμβούλου.,Verify against page image/PDF before using as Greek-fragment or variant evidence.
data/raw/1_enoch_charles_1912_djvu.txt,11112,translation and notes,1 Enoch 15:1,18,"πᾶς λόγος αὐτοῦ ἔργον, it is probable",Verify against page image/PDF before using as Greek-fragment or variant evidence.
data/raw/1_enoch_charles_1912_djvu.txt,11121,translation and notes,1 Enoch 15:1,9,"περίβλημα, but is internally corrupt",Verify against page image/PDF before using as Greek-fragment or variant evidence.
data/raw/1_enoch_charles_1912_djvu.txt,11122,translation and notes,1 Enoch 15:1,14,for περιβεβλημένος. With ‘ prostrate,Verify against page image/PDF before using as Greek-fragment or variant evidence.
data/raw/1_enoch_charles_1912_djvu.txt,11130,translation and notes,1 Enoch 15:1,12,"ing ἅγιον for ἄκουσον. 25, Bowed",Verify against page image/PDF before using as Greek-fragment or variant evidence.
data/raw/1_enoch_charles_1912_djvu.txt,11147,translation and notes,1 Enoch 15:1,16,G® E read ἐν αἵματι ἀνθρώπων = OID,Verify against page image/PDF before using as Greek-fragment or variant evidence.
data/raw/1_enoch_charles_1912_djvu.txt,11181,translation and notes,1 Enoch 15:1,27,υἱοὶ τῶν ἀνθρώπων. Cf. ὥσπερ υἱοὶ τῆς,Verify against page image/PDF before using as Greek-fragment or variant evidence.
data/raw/1_enoch_charles_1912_djvu.txt,11182,translation and notes,1 Enoch 15:1,14,γῆς in the preceding verse. ἐπεθυμήσατε,Verify against page image/PDF before using as Greek-fragment or variant evidence.
data/raw/1_enoch_charles_1912_djvu.txt,11183,translation and notes,1 Enoch 15:1,10,cannot be constructed with ἐν τῷ αἵματι,Verify against page image/PDF before using as Greek-fragment or variant evidence.
data/raw/1_enoch_charles_1912_djvu.txt,11191,translation and notes,1 Enoch 15:1,9,Flemming suggests) = πᾶν αὐτοῖς.,Verify against page image/PDF before using as Greek-fragment or variant evidence.
data/raw/1_enoch_charles_1912_djvu.txt,11223,translation and notes,1 Enoch 15:1,14,fective and corrupt πνεύματα ἰσχυρά. —,Verify against page image/PDF before using as Greek-fragment or variant evidence.
data/raw/1_enoch_charles_1912_djvu.txt,11226,translation and notes,1 Enoch 15:1,20,read ἡ ἀρχὴ τῆς. κτίσεως αὐτῶν.,Verify against page image/PDF before using as Greek-fragment or variant evidence.
data/raw/1_enoch_charles_1912_djvu.txt,11234,translation and notes,1 Enoch 15:1,8,G® reads νεμόμενα = ‘laying waste’.,Verify against page image/PDF before using as Greek-fragment or variant evidence.
data/raw/1_enoch_charles_1912_djvu.txt,11235,translation and notes,1 Enoch 15:1,8,Beer takes νεμόμενα in the sense of,Verify against page image/PDF before using as Greek-fragment or variant evidence.
data/raw/1_enoch_charles_1912_djvu.txt,11269,translation and notes,1 Enoch 16:1,17,trouble (E). (δ᾽ δρόμους ποιοῦντα,Verify against page image/PDF before using as Greek-fragment or variant evidence.
data/raw/1_enoch_charles_1912_djvu.txt,11276,translation and notes,1 Enoch 16:1,19,"Instead of ἀσιτοῦντα, λιμώττοντα would",Verify against page image/PDF before using as Greek-fragment or variant evidence.
data/raw/1_enoch_charles_1912_djvu.txt,11277,translation and notes,1 Enoch 16:1,12,"be better. Οὐ"" adds καὶ φάσματα",Verify against page image/PDF before using as Greek-fragment or variant evidence.
data/raw/1_enoch_charles_1912_djvu.txt,11278,translation and notes,1 Enoch 16:1,8,ποιοῦντα ---- possibly rightly. Cause,Verify against page image/PDF before using as Greek-fragment or variant evidence.
data/raw/1_enoch_charles_1912_djvu.txt,11290,translation and notes,1 Enoch 16:1,8,"giants (E 65). >GS. - Ναφηλείμ, of",Verify against page image/PDF before using as Greek-fragment or variant evidence.
data/raw/1_enoch_charles_1912_djvu.txt,11291,translation and notes,1 Enoch 16:1,29,"ἰσχυροὶ τῆς γῆς, of μεγάλοι ὀνομαστοί GS.",Verify against page image/PDF before using as Greek-fragment or variant evidence.
data/raw/1_enoch_charles_1912_djvu.txt,11296,translation and notes,1 Enoch 16:1,11,is. thus a doublet of τῶν γιγάντων pre-,Verify against page image/PDF before using as Greek-fragment or variant evidence.
data/raw/1_enoch_charles_1912_djvu.txt,11297,translation and notes,1 Enoch 16:1,9,"ceding, of ἰσχ. τῆς γῆς is an expansion of",Verify against page image/PDF before using as Greek-fragment or variant evidence.
data/raw/1_enoch_charles_1912_djvu.txt,11298,translation and notes,1 Enoch 16:1,9,"DIN, and of yey. ὀνομαστοί of ""WIN",Verify against page image/PDF before using as Greek-fragment or variant evidence.
data/raw/1_enoch_charles_1912_djvu.txt,11315,translation and notes,1 Enoch 16:1,17,Ths ψυχῆς THs σαρκὸς αὐτῶν = WHID .Ἵ,Verify against page image/PDF before using as Greek-fragment or variant evidence.
data/raw/1_enoch_charles_1912_djvu.txt,11320,translation and notes,1 Enoch 16:1,26,ἄγγελοι ἐκεῖνοι of τὸν ἄνω κλῆρον,Verify against page image/PDF before using as Greek-fragment or variant evidence.
data/raw/1_enoch_charles_1912_djvu.txt,11321,translation and notes,1 Enoch 16:1,33,"εἰληχότες, κατολισθήσαντες εἰς ἡδονάς,",Verify against page image/PDF before using as Greek-fragment or variant evidence.
data/raw/1_enoch_charles_1912_djvu.txt,11322,translation and notes,1 Enoch 16:1,34,ἐξεῖπον τὰ ἀπόρρητα ταῖς γυναιξὶν ὅσα τε,Verify against page image/PDF before using as Greek-fragment or variant evidence.
data/raw/1_enoch_charles_1912_djvu.txt,11323,translation and notes,1 Enoch 16:1,20,εἰς γνῶσιν αὐτῶν ἀφῖκτο. E wrongly in-,Verify against page image/PDF before using as Greek-fragment or variant evidence.
data/raw/1_enoch_charles_1912_djvu.txt,11394,translation and notes,1 Enoch 17:1,13,γνοφώδη taking γνόφος in the sense of,Verify against page image/PDF before using as Greek-fragment or variant evidence.
data/raw/1_enoch_charles_1912_djvu.txt,11399,translation and notes,1 Enoch 17:1,13,depths = εἰς τὰ ἄκρα βάθη. So Ilemend,Verify against page image/PDF before using as Greek-fragment or variant evidence.
data/raw/1_enoch_charles_1912_djvu.txt,11402,translation and notes,1 Enoch 17:1,10,E which = eis τὰ ἄκρα ἐν τῷ Baba —,Verify against page image/PDF before using as Greek-fragment or variant evidence.
data/raw/1_enoch_charles_1912_djvu.txt,11405,translation and notes,1 Enoch 17:1,18,"αὐτοῦ (?). .G® reads εἰς τὰ ἀεροβαθῆ,",Verify against page image/PDF before using as Greek-fragment or variant evidence.
data/raw/1_enoch_charles_1912_djvu.txt,11497,translation and notes,1 Enoch 18:1,9,ceives(E). ἀξ παρέχον. 5. River,Verify against page image/PDF before using as Greek-fragment or variant evidence.
data/raw/1_enoch_charles_1912_djvu.txt,11498,translation and notes,1 Enoch 18:1,12,of fire. The Πυριφλεγέθων. Great,Verify against page image/PDF before using as Greek-fragment or variant evidence.
data/raw/1_enoch_charles_1912_djvu.txt,11499,translation and notes,1 Enoch 18:1,8,sea. ἊὨκεανός or the Great Ocean,Verify against page image/PDF before using as Greek-fragment or variant evidence.
data/raw/1_enoch_charles_1912_djvu.txt,11509,translation and notes,1 Enoch 18:1,8,of the darkness (E) = τὰ ὄρη τῶν,Verify against page image/PDF before using as Greek-fragment or variant evidence.
data/raw/1_enoch_charles_1912_djvu.txt,11520,translation and notes,1 Enoch 18:1,11,"‘7, whence G® has τοὺς ἀνέμους. We",Verify against page image/PDF before using as Greek-fragment or variant evidence.
data/raw/1_enoch_charles_1912_djvu.txt,11546,translation and notes,1 Enoch 18:1,18,-G® E have tots τέσσαρας ἀνέμους τὴν,Verify against page image/PDF before using as Greek-fragment or variant evidence.
data/raw/1_enoch_charles_1912_djvu.txt,11549,translation and notes,1 Enoch 18:1,27,γῆν βαστάζοντας καὶ τὸ στερέωμα. Gun-,Verify against page image/PDF before using as Greek-fragment or variant evidence.
data/raw/1_enoch_charles_1912_djvu.txt,11578,translation and notes,1 Enoch 18:1,9,"instead of τὴν γῆν, and to omit καί.",Verify against page image/PDF before using as Greek-fragment or variant evidence.
data/raw/1_enoch_charles_1912_djvu.txt,11584,translation and notes,1 Enoch 18:1,32,τέσσαρας ἀνέμους τὴν γῆν βαστάζοντας =,Verify against page image/PDF before using as Greek-fragment or variant evidence.
data/raw/1_enoch_charles_1912_djvu.txt,11601,translation and notes,1 Enoch 18:1,8,= δύνοντας in an active sense. G® has,Verify against page image/PDF before using as Greek-fragment or variant evidence.
data/raw/1_enoch_charles_1912_djvu.txt,11602,translation and notes,1 Enoch 18:1,11,"διανεύοντας, which Dillmann emends into",Verify against page image/PDF before using as Greek-fragment or variant evidence.
data/raw/1_enoch_charles_1912_djvu.txt,11603,translation and notes,1 Enoch 18:1,10,"δινεύοντας, ‘whirling,’ but this idea is",Verify against page image/PDF before using as Greek-fragment or variant evidence.
data/raw/1_enoch_charles_1912_djvu.txt,11604,translation and notes,1 Enoch 18:1,10,already conveyed by στρέφοντας. Swete,Verify against page image/PDF before using as Greek-fragment or variant evidence.
data/raw/1_enoch_charles_1912_djvu.txt,11605,translation and notes,1 Enoch 18:1,10,proposes διανύοντας ; but this would,Verify against page image/PDF before using as Greek-fragment or variant evidence.
data/raw/1_enoch_charles_1912_djvu.txt,11609,translation and notes,1 Enoch 18:1,11,ἐν τῇ νεφέλῃς An explanation of the,Verify against page image/PDF before using as Greek-fragment or variant evidence.
data/raw/1_enoch_charles_1912_djvu.txt,11624,translation and notes,1 Enoch 18:1,8,6. And saw a place G§; i.e. καὶ εἶδον,Verify against page image/PDF before using as Greek-fragment or variant evidence.
data/raw/1_enoch_charles_1912_djvu.txt,11625,translation and notes,1 Enoch 18:1,11,τόπον for which E corruptly reads εἰς τὸν,Verify against page image/PDF before using as Greek-fragment or variant evidence.
data/raw/1_enoch_charles_1912_djvu.txt,11716,translation and notes,1 Enoch 18:1,13,"some derivative of ἰᾶσθαι as ἰατικοῦ,",Verify against page image/PDF before using as Greek-fragment or variant evidence.
data/raw/1_enoch_charles_1912_djvu.txt,11718,translation and notes,1 Enoch 18:1,21,ταθεν might point to ὑακίνθου or ἰανθίνου,Verify against page image/PDF before using as Greek-fragment or variant evidence.
data/raw/1_enoch_charles_1912_djvu.txt,11749,translation and notes,1 Enoch 18:1,10,Tov... τούτων). E corrupt καὶ ἃ én,Verify against page image/PDF before using as Greek-fragment or variant evidence.
data/raw/1_enoch_charles_1912_djvu.txt,11750,translation and notes,1 Enoch 18:1,15,"ἐκείνων τῶν ὀρέων, for kuéllfi is cor-",Verify against page image/PDF before using as Greek-fragment or variant evidence.
data/raw/1_enoch_charles_1912_djvu.txt,11760,translation and notes,1 Enoch 18:1,8,follow G£ in the case of ἐπέκεινα as it,Verify against page image/PDF before using as Greek-fragment or variant evidence.
data/raw/1_enoch_charles_1912_djvu.txt,11810,translation and notes,1 Enoch 19:1,11,"Ps. 116 Ezek. 3822, > τοῦ πυρὸς τοῦ",Verify against page image/PDF before using as Greek-fragment or variant evidence.
data/raw/1_enoch_charles_1912_djvu.txt,11811,translation and notes,1 Enoch 19:1,15,ἐν αὐτοῖς στύλους,Verify against page image/PDF before using as Greek-fragment or variant evidence.
data/raw/1_enoch_charles_1912_djvu.txt,11819,translation and notes,1 Enoch 19:1,17,regarding them (περὶ ὧν πυνθανομένῳ,Verify against page image/PDF before using as Greek-fragment or variant evidence.
data/raw/1_enoch_charles_1912_djvu.txt,11820,translation and notes,1 Enoch 19:1,16,μοι 68). E corrupt = καὶ ὧς πνεύματα,Verify against page image/PDF before using as Greek-fragment or variant evidence.
data/raw/1_enoch_charles_1912_djvu.txt,11821,translation and notes,1 Enoch 19:1,14,"πυνθανόμενά μου. 14, Host of",Verify against page image/PDF before using as Greek-fragment or variant evidence.
data/raw/1_enoch_charles_1912_djvu.txt,11826,translation and notes,1 Enoch 19:1,14,οὐρανοῦ καὶ ἴδον,Verify against page image/PDF before using as Greek-fragment or variant evidence.
data/raw/1_enoch_charles_1912_djvu.txt,11829,translation and notes,1 Enoch 19:1,15,ἀστέρες πλανῆται of Jude 13 recall,Verify against page image/PDF before using as Greek-fragment or variant evidence.
data/raw/1_enoch_charles_1912_djvu.txt,11830,translation and notes,1 Enoch 19:1,8,this verse. Rising. +67 τόπος ἔξω,Verify against page image/PDF before using as Greek-fragment or variant evidence.
data/raw/1_enoch_charles_1912_djvu.txt,11831,translation and notes,1 Enoch 19:1,20,τοῦ οὐρανοῦ κενός ἐστιν GE—a gloss on,Verify against page image/PDF before using as Greek-fragment or variant evidence.
data/raw/1_enoch_charles_1912_djvu.txt,11833,translation and notes,1 Enoch 19:1,14,thousand years (G® ἐνιαυτῶν μυρίων).,Verify against page image/PDF before using as Greek-fragment or variant evidence.
data/raw/1_enoch_charles_1912_djvu.txt,11863,translation and notes,1 Enoch 19,16,E corrupt = ἐνιαυτῷ μυστηρίου. Ci. —,Verify against page image/PDF before using as Greek-fragment or variant evidence.
data/raw/1_enoch_charles_1912_djvu.txt,11927,translation and notes,1 Enoch 20:1,23,idiom. af γυναῖκες αὐτῶν τῶν παραβάν-,Verify against page image/PDF before using as Greek-fragment or variant evidence.
data/raw/1_enoch_charles_1912_djvu.txt,11928,translation and notes,1 Enoch 20:1,12,τῶν ἀγγέλων = ΝἼ swDNdD Tw),Verify against page image/PDF before using as Greek-fragment or variant evidence.
data/raw/1_enoch_charles_1912_djvu.txt,11932,translation and notes,1 Enoch 20:1,22,"εἰς σειρῆνας). E = ὡς εἰρηναῖαι, a cor-",Verify against page image/PDF before using as Greek-fragment or variant evidence.
data/raw/1_enoch_charles_1912_djvu.txt,11939,translation and notes,1 Enoch 20:1,26,456) ὁ Δανιὴλ λέγει ὁμοδοξῶν τῷ Ἐνὼχ,Verify against page image/PDF before using as Greek-fragment or variant evidence.
data/raw/1_enoch_charles_1912_djvu.txt,11940,translation and notes,1 Enoch 20:1,31,"τῷ εἰρηκότι “καὶ εἶδον τὰς ὕλας πάσας᾽, and",Verify against page image/PDF before using as Greek-fragment or variant evidence.
data/raw/1_enoch_charles_1912_djvu.txt,11964,translation and notes,1 Enoch 20,17,ὀνόματα ¢ ἀρχαγγέλων. Who watch:,Verify against page image/PDF before using as Greek-fragment or variant evidence.
data/raw/1_enoch_charles_1912_djvu.txt,12018,translation and notes,1 Enoch 21:1,9,"(661,3), Ἐ ἐπὶ τῷ λαῷ.",Verify against page image/PDF before using as Greek-fragment or variant evidence.
data/raw/1_enoch_charles_1912_djvu.txt,12040,translation and notes,1 Enoch 21:1,15,"read instead καὶ ἐρζρ)ιμμένους, ‘and cast",Verify against page image/PDF before using as Greek-fragment or variant evidence.
data/raw/1_enoch_charles_1912_djvu.txt,12055,translation and notes,1 Enoch 21:1,27,περὶ Tivos τὴν ἀλήθειαν φιλοσπουδεῖς ;).,Verify against page image/PDF before using as Greek-fragment or variant evidence.
data/raw/1_enoch_charles_1912_djvu.txt,12059,translation and notes,1 Enoch 21:1,12,"LXX and Theod. ""have τὴν ἀκρίβειαν",Verify against page image/PDF before using as Greek-fragment or variant evidence.
data/raw/1_enoch_charles_1912_djvu.txt,12061,translation and notes,1 Enoch 21:1,22,recurs in 25! διὰ τί θέλεις τὴν ἀλήθειαν —,Verify against page image/PDF before using as Greek-fragment or variant evidence.
data/raw/1_enoch_charles_1912_djvu.txt,12065,translation and notes,1 Enoch 21:1,20,"ἤθελον ἐξακριβάσασθαι, and Theod. less",Verify against page image/PDF before using as Greek-fragment or variant evidence.
data/raw/1_enoch_charles_1912_djvu.txt,12066,translation and notes,1 Enoch 21:1,14,accurately ἐζήτουν ἀκριβῶς. Now that —,Verify against page image/PDF before using as Greek-fragment or variant evidence.
data/raw/1_enoch_charles_1912_djvu.txt,12069,translation and notes,1 Enoch 21:1,17,of all in 215 E = περὶ τίνος ἀκριβοῖς wat —,Verify against page image/PDF before using as Greek-fragment or variant evidence.
data/raw/1_enoch_charles_1912_djvu.txt,12070,translation and notes,1 Enoch 21:1,12,φιλοσπουδεῖς (‘about whom inquirest —,Verify against page image/PDF before using as Greek-fragment or variant evidence.
data/raw/1_enoch_charles_1912_djvu.txt,12072,translation and notes,1 Enoch 21:1,19,25! διὰ τί ἀκριβοῖς μαθεῖν (* wherefore,Verify against page image/PDF before using as Greek-fragment or variant evidence.
data/raw/1_enoch_charles_1912_djvu.txt,12118,translation and notes,1 Enoch 21:1,8,"161 or ἀληθινός 15! 278, Hence we",Verify against page image/PDF before using as Greek-fragment or variant evidence.
data/raw/1_enoch_charles_1912_djvu.txt,12124,translation and notes,1 Enoch 21:1,29,"τίνος τὴν ἀκρίβειαν φιλοσπουδεῖς, and in",Verify against page image/PDF before using as Greek-fragment or variant evidence.
data/raw/1_enoch_charles_1912_djvu.txt,12125,translation and notes,1 Enoch 21:1,29,251 διὰ τί θέλεις τὴν ἀκρίβειαν μαθεῖν.,Verify against page image/PDF before using as Greek-fragment or variant evidence.
data/raw/1_enoch_charles_1912_djvu.txt,12131,translation and notes,1 Enoch 21:1,12,therefore had τὴν ἀκρίβειαν before him,Verify against page image/PDF before using as Greek-fragment or variant evidence.
data/raw/1_enoch_charles_1912_djvu.txt,12142,translation and notes,1 Enoch 21:1,12,by their sins (65! 3 τὸν χρόνον τῶν,Verify against page image/PDF before using as Greek-fragment or variant evidence.
data/raw/1_enoch_charles_1912_djvu.txt,12143,translation and notes,1 Enoch 21:1,16,ἁμαρτημάτων αὐτῶν). This is clearer,Verify against page image/PDF before using as Greek-fragment or variant evidence.
data/raw/1_enoch_charles_1912_djvu.txt,12166,translation and notes,1 Enoch 21:1,14,"δέινός. E = ὀδυνηρός. 9. Uriel (E),",Verify against page image/PDF before using as Greek-fragment or variant evidence.
data/raw/1_enoch_charles_1912_djvu.txt,12176,translation and notes,1 Enoch 21:1,24,article. (δ τῆς προσόψεως τῆς δεινῆς τε,Verify against page image/PDF before using as Greek-fragment or variant evidence.
data/raw/1_enoch_charles_1912_djvu.txt,12203,translation and notes,1 Enoch 22:1,11,"has a dittograph, μέχρι evos (i, 6. αἰῶνος)",Verify against page image/PDF before using as Greek-fragment or variant evidence.
data/raw/1_enoch_charles_1912_djvu.txt,12206,translation and notes,1 Enoch 22:1,8,eis τὸν αἰῶνα.,Verify against page image/PDF before using as Greek-fragment or variant evidence.
data/raw/1_enoch_charles_1912_djvu.txt,12376,translation and notes,1 Enoch 22,10,"para). Ἐ -- κυκλώματα, a corruption.",Verify against page image/PDF before using as Greek-fragment or variant evidence.
data/raw/1_enoch_charles_1912_djvu.txt,12385,translation and notes,1 Enoch 22,12,"(6ξ κοῖλοι). E = καλοί, corrupt. Have",Verify against page image/PDF before using as Greek-fragment or variant evidence.
data/raw/1_enoch_charles_1912_djvu.txt,12386,translation and notes,1 Enoch 22,9,been created (E). G ἐκρίθησαν corrupt,Verify against page image/PDF before using as Greek-fragment or variant evidence.
data/raw/1_enoch_charles_1912_djvu.txt,12387,translation and notes,1 Enoch 22,10,for ἐκτίσθησαν. Spirits of the,Verify against page image/PDF before using as Greek-fragment or variant evidence.
data/raw/1_enoch_charles_1912_djvu.txt,12390,translation and notes,1 Enoch 22,18,(5 E = ἐποίησαν corrupt for ἐποιήθησαν.,Verify against page image/PDF before using as Greek-fragment or variant evidence.
data/raw/1_enoch_charles_1912_djvu.txt,12391,translation and notes,1 Enoch 22,15,To receive them (G® εἰς ἐπισύνσχεσιν,Verify against page image/PDF before using as Greek-fragment or variant evidence.
data/raw/1_enoch_charles_1912_djvu.txt,12481,translation and notes,1 Enoch 22,23,corrupt ἀνθρώπους νεκροὺς ἐντυγχά-,Verify against page image/PDF before using as Greek-fragment or variant evidence.
data/raw/1_enoch_charles_1912_djvu.txt,12483,translation and notes,1 Enoch 22,13,a single spirit. To this ἐντυγχάνοντος,Verify against page image/PDF before using as Greek-fragment or variant evidence.
data/raw/1_enoch_charles_1912_djvu.txt,12484,translation and notes,1 Enoch 22,10,"points, and also ἡ φωνὴ αὐτοῦ in the",Verify against page image/PDF before using as Greek-fragment or variant evidence.
data/raw/1_enoch_charles_1912_djvu.txt,12516,translation and notes,1 Enoch 22,12,Whose voice: οὗ... ἡ φωνὴ αὐτοῦ --,Verify against page image/PDF before using as Greek-fragment or variant evidence.
data/raw/1_enoch_charles_1912_djvu.txt,12527,translation and notes,1 Enoch 22,17,"with all of it, περὶ τῶν κοιλωμάτων",Verify against page image/PDF before using as Greek-fragment or variant evidence.
data/raw/1_enoch_charles_1912_djvu.txt,12528,translation and notes,1 Enoch 22,9,πάντων. Hollow places. E = κρι-,Verify against page image/PDF before using as Greek-fragment or variant evidence.
data/raw/1_enoch_charles_1912_djvu.txt,12529,translation and notes,1 Enoch 22,15,"μάτων, and G* κυκλωμάτων, both corrupt",Verify against page image/PDF before using as Greek-fragment or variant evidence.
data/raw/1_enoch_charles_1912_djvu.txt,12584,translation and notes,1 Enoch 22,10,for κοιλωμάτων. 9. The first divi-,Verify against page image/PDF before using as Greek-fragment or variant evidence.
data/raw/1_enoch_charles_1912_djvu.txt,12594,translation and notes,1 Enoch 22,9,"Here (δ has οὗ... ἐν αὐτῷ =D. . 71,",Verify against page image/PDF before using as Greek-fragment or variant evidence.
data/raw/1_enoch_charles_1912_djvu.txt,12656,translation and notes,1 Enoch 22,8,corrupt for wakamaht = καὶ οὕτως.,Verify against page image/PDF before using as Greek-fragment or variant evidence.
data/raw/1_enoch_charles_1912_djvu.txt,12657,translation and notes,1 Enoch 22,10,Here οὕτως is corrupt for οὗτος the de-,Verify against page image/PDF before using as Greek-fragment or variant evidence.
data/raw/1_enoch_charles_1912_djvu.txt,12706,translation and notes,1 Enoch 22,11,"κατηραμένων, Which E takes actively, is",Verify against page image/PDF before using as Greek-fragment or variant evidence.
data/raw/1_enoch_charles_1912_djvu.txt,12710,translation and notes,1 Enoch 22,8,απόδοσις. Emended by Radermacher.,Verify against page image/PDF before using as Greek-fragment or variant evidence.
data/raw/1_enoch_charles_1912_djvu.txt,12779,translation and notes,1 Enoch 22,14,= ἀναιρεθήσονται or,Verify against page image/PDF before using as Greek-fragment or variant evidence.
data/raw/1_enoch_charles_1912_djvu.txt,12797,translation and notes,1 Enoch 22,13,φονευθήσονται.,Verify against page image/PDF before using as Greek-fragment or variant evidence.
data/raw/1_enoch_charles_1912_djvu.txt,12871,translation and notes,1 Enoch 23:1,12,"(corrupt for ἀλλὰ) διαμένον. 4, And",Verify against page image/PDF before using as Greek-fragment or variant evidence.
data/raw/1_enoch_charles_1912_djvu.txt,12876,translation and notes,1 Enoch 23:1,12,"may = τό before πρὸς δυσμάς, Which",Verify against page image/PDF before using as Greek-fragment or variant evidence.
data/raw/1_enoch_charles_1912_djvu.txt,12878,translation and notes,1 Enoch 23:1,8,cutes (G& ἐκδιῶκον). The text is,Verify against page image/PDF before using as Greek-fragment or variant evidence.
data/raw/1_enoch_charles_1912_djvu.txt,12880,translation and notes,1 Enoch 23:1,8,"ἐκδιῶκον though it is corrupt: that is,",Verify against page image/PDF before using as Greek-fragment or variant evidence.
data/raw/1_enoch_charles_1912_djvu.txt,12898,translation and notes,1 Enoch 23:1,8,ruption lies in the verb. ἐκδιῶκον is,Verify against page image/PDF before using as Greek-fragment or variant evidence.
data/raw/1_enoch_charles_1912_djvu.txt,12953,translation and notes,1 Enoch 25:1,8,‘and no one else had enjoyed (ηὐφράνθη),Verify against page image/PDF before using as Greek-fragment or variant evidence.
data/raw/1_enoch_charles_1912_djvu.txt,12962,translation and notes,1 Enoch 25:1,12,χεῖαι). E = σκολιαί. 8. Excelled,Verify against page image/PDF before using as Greek-fragment or variant evidence.
data/raw/1_enoch_charles_1912_djvu.txt,12968,translation and notes,1 Enoch 25:1,13,"Fragrant (Εἰ = εὐώδη. G® εὐειδῆ, ‘ of",Verify against page image/PDF before using as Greek-fragment or variant evidence.
data/raw/1_enoch_charles_1912_djvu.txt,12991,translation and notes,1 Enoch 25:1,14,ἀκριβοῖς μαθεῖν = * inquire accurately to,Verify against page image/PDF before using as Greek-fragment or variant evidence.
data/raw/1_enoch_charles_1912_djvu.txt,13051,translation and notes,1 Enoch 25:1,32,ὃ καρπὸς αὐτοῦ τοῖς ἐκλεκτοῖς + εἰς ζωὴν +,Verify against page image/PDF before using as Greek-fragment or variant evidence.
data/raw/1_enoch_charles_1912_djvu.txt,13052,translation and notes,1 Enoch 25:1,8,εἰς βοράν. The writer had before him,Verify against page image/PDF before using as Greek-fragment or variant evidence.
data/raw/1_enoch_charles_1912_djvu.txt,13053,translation and notes,1 Enoch 25:1,9,"Ezek. 4712 ΝΟ yap yn, εἰς ζωήν",Verify against page image/PDF before using as Greek-fragment or variant evidence.
data/raw/1_enoch_charles_1912_djvu.txt,13063,translation and notes,1 Enoch 25:1,33,καρποῦ αὐτοῦ δοθήσεται τοῖς ἐκλεκτοῖς,Verify against page image/PDF before using as Greek-fragment or variant evidence.
data/raw/1_enoch_charles_1912_djvu.txt,13064,translation and notes,1 Enoch 25:1,15,"ζωή, καὶ εἰς βορρᾶν. Transplanted to",Verify against page image/PDF before using as Greek-fragment or variant evidence.
data/raw/1_enoch_charles_1912_djvu.txt,13065,translation and notes,1 Enoch 25:1,20,"(GE μεταφυτευθήσεται év), The μετά",Verify against page image/PDF before using as Greek-fragment or variant evidence.
data/raw/1_enoch_charles_1912_djvu.txt,13120,translation and notes,1 Enoch 26:1,18,right ἐν τοῖς ὀστέοις αὐτῶν would =,Verify against page image/PDF before using as Greek-fragment or variant evidence.
data/raw/1_enoch_charles_1912_djvu.txt,13140,translation and notes,1 Enoch 26:1,8,ζωῆς eis ζωήν. |Nosorrow or plague.,Verify against page image/PDF before using as Greek-fragment or variant evidence.
data/raw/1_enoch_charles_1912_djvu.txt,13143,translation and notes,1 Enoch 26:1,22,With βάσανοι... οὐχ ἅψονται αὐτῶν,Verify against page image/PDF before using as Greek-fragment or variant evidence.
data/raw/1_enoch_charles_1912_djvu.txt,13144,translation and notes,1 Enoch 26:1,22,"""ef. Wisd. 81 οὐ μὴ ἅψηται αὐτῶν βάσανος",Verify against page image/PDF before using as Greek-fragment or variant evidence.
data/raw/1_enoch_charles_1912_djvu.txt,13213,translation and notes,1 Enoch 27:1,12,κεκατηραμένη and E is right. The,Verify against page image/PDF before using as Greek-fragment or variant evidence.
data/raw/1_enoch_charles_1912_djvu.txt,13224,translation and notes,1 Enoch 27:1,13,"πλήρης δένδρων, we conclude that the",Verify against page image/PDF before using as Greek-fragment or variant evidence.
data/raw/1_enoch_charles_1912_djvu.txt,13230,translation and notes,1 Enoch 27:1,11,"E μενούσας = ᾿ῬΡ, Cf. Jer. Targ.",Verify against page image/PDF before using as Greek-fragment or variant evidence.
data/raw/1_enoch_charles_1912_djvu.txt,13235,translation and notes,1 Enoch 27:1,17,ῥύσιν εἶχεν). ΟΕ corruptly reads δύσιν.,Verify against page image/PDF before using as Greek-fragment or variant evidence.
data/raw/1_enoch_charles_1912_djvu.txt,13355,translation and notes,1 Enoch 27:1,15,their habitation (οἰκητήριον αὐτῶν G®).,Verify against page image/PDF before using as Greek-fragment or variant evidence.
data/raw/1_enoch_charles_1912_djvu.txt,13358,translation and notes,1 Enoch 27:1,10,corruption of makéndmt = οἰκητήριον,Verify against page image/PDF before using as Greek-fragment or variant evidence.
data/raw/1_enoch_charles_1912_djvu.txt,13360,translation and notes,1 Enoch 27:1,10,"arisen in the Greek, i.e. οἰκητήριον may",Verify against page image/PDF before using as Greek-fragment or variant evidence.
data/raw/1_enoch_charles_1912_djvu.txt,13361,translation and notes,1 Enoch 27:1,9,have been corrupted into κριτήριον.,Verify against page image/PDF before using as Greek-fragment or variant evidence.
data/raw/1_enoch_charles_1912_djvu.txt,13364,translation and notes,1 Enoch 27:1,12,days (G® ἐν ταῖς ἡμέραι). Here E,Verify against page image/PDF before using as Greek-fragment or variant evidence.
data/raw/1_enoch_charles_1912_djvu.txt,13365,translation and notes,1 Enoch 27:1,23,reads ἔσται αὐτοῖς εἰς τὴν ὅρασιν (or,Verify against page image/PDF before using as Greek-fragment or variant evidence.
data/raw/1_enoch_charles_1912_djvu.txt,13368,translation and notes,1 Enoch 27:1,8,note on 271. The godly = εὐσεβεῖς,Verify against page image/PDF before using as Greek-fragment or variant evidence.
data/raw/1_enoch_charles_1912_djvu.txt,13450,translation and notes,1 Enoch 28:1,15,ἀπὸ τῶν σπερμάτων. In no case can,Verify against page image/PDF before using as Greek-fragment or variant evidence.
data/raw/1_enoch_charles_1912_djvu.txt,13451,translation and notes,1 Enoch 28:1,9,σπερμάτων be right in its literal mean-,Verify against page image/PDF before using as Greek-fragment or variant evidence.
data/raw/1_enoch_charles_1912_djvu.txt,13458,translation and notes,1 Enoch 28:1,13,ἀπὸ τ. σπερμάτων = YN) corrupt for,Verify against page image/PDF before using as Greek-fragment or variant evidence.
data/raw/1_enoch_charles_1912_djvu.txt,13460,translation and notes,1 Enoch 28:1,16,"ii, 2; iii. 2) = καὶ τῶν φυτευμάτων. Or",Verify against page image/PDF before using as Greek-fragment or variant evidence.
data/raw/1_enoch_charles_1912_djvu.txt,13463,translation and notes,1 Enoch 28:1,12,"read as PYWD = καὶ ἀπὸ τ, φυτευ-",Verify against page image/PDF before using as Greek-fragment or variant evidence.
data/raw/1_enoch_charles_1912_djvu.txt,13468,translation and notes,1 Enoch 28:1,14,Rushing (G® φερόμενον). E = φαινό-,Verify against page image/PDF before using as Greek-fragment or variant evidence.
data/raw/1_enoch_charles_1912_djvu.txt,13472,translation and notes,1 Enoch 28:1,17,"ascend (G8 ἀνάγει). E = καὶ ἀνάγεται,",Verify against page image/PDF before using as Greek-fragment or variant evidence.
data/raw/1_enoch_charles_1912_djvu.txt,13476,translation and notes,1 Enoch 28:1,12,δρόσος. Clouds. G* Ἐὶ read ὕδωρ.,Verify against page image/PDF before using as Greek-fragment or variant evidence.
data/raw/1_enoch_charles_1912_djvu.txt,13487,translation and notes,1 Enoch 28:1,9,σπερμάτων.,Verify against page image/PDF before using as Greek-fragment or variant evidence.
data/raw/1_enoch_charles_1912_djvu.txt,13519,translation and notes,1 Enoch 31:1,14,by ἀνάγειν νεφέλας and the Targums,Verify against page image/PDF before using as Greek-fragment or variant evidence.
data/raw/1_enoch_charles_1912_djvu.txt,13530,translation and notes,1 Enoch 29:1,10,ing verse. G® reads ἔτι ἐκεῖθεν. 2.,Verify against page image/PDF before using as Greek-fragment or variant evidence.
data/raw/1_enoch_charles_1912_djvu.txt,13532,translation and notes,1 Enoch 29:1,20,G&E read κρίσεως δένδρα. κρίσεως =,Verify against page image/PDF before using as Greek-fragment or variant evidence.
data/raw/1_enoch_charles_1912_djvu.txt,13537,translation and notes,1 Enoch 29:1,12,E = πλέον corrupt for πνέοντα (68).,Verify against page image/PDF before using as Greek-fragment or variant evidence.
data/raw/1_enoch_charles_1912_djvu.txt,13546,translation and notes,1 Enoch 30:1,8,XXX. 1. Beyond (G® ἐπέκεινα).,Verify against page image/PDF before using as Greek-fragment or variant evidence.
data/raw/1_enoch_charles_1912_djvu.txt,13559,translation and notes,1 Enoch 30:1,11,colour (G® χρόα). E = ὅμοιον ---- {Π 68,Verify against page image/PDF before using as Greek-fragment or variant evidence.
data/raw/1_enoch_charles_1912_djvu.txt,13563,translation and notes,1 Enoch 30:1,18,"phrase κιννάμωμον ἀρωμάτων, which is",Verify against page image/PDF before using as Greek-fragment or variant evidence.
data/raw/1_enoch_charles_1912_djvu.txt,13635,translation and notes,1 Enoch 32:1,12,emended ef αὐτῆς in G® into στακτῆς.,Verify against page image/PDF before using as Greek-fragment or variant evidence.
data/raw/1_enoch_charles_1912_djvu.txt,13640,translation and notes,1 Enoch 32:1,16,"Burnt. G* has τρίβωσιν : Ἐ -- λάβωσιν,",Verify against page image/PDF before using as Greek-fragment or variant evidence.
data/raw/1_enoch_charles_1912_djvu.txt,13644,translation and notes,1 Enoch 32:1,8,j®hasjéw6 = τρίβωσιν. If my identifi-,Verify against page image/PDF before using as Greek-fragment or variant evidence.
data/raw/1_enoch_charles_1912_djvu.txt,13646,translation and notes,1 Enoch 32:1,8,"is right, we should expect καύσωσιν",Verify against page image/PDF before using as Greek-fragment or variant evidence.
data/raw/1_enoch_charles_1912_djvu.txt,13648,translation and notes,1 Enoch 32:1,8,odours when burnt. Now τρίβωσιν =,Verify against page image/PDF before using as Greek-fragment or variant evidence.
data/raw/1_enoch_charles_1912_djvu.txt,13652,translation and notes,1 Enoch 32:1,9,"τὸν καρπόν. Smelt sweeter (68),",Verify against page image/PDF before using as Greek-fragment or variant evidence.
data/raw/1_enoch_charles_1912_djvu.txt,13742,translation and notes,1 Enoch 32,9,=G*. Far from it (E = ἀπὸ τούτου,Verify against page image/PDF before using as Greek-fragment or variant evidence.
data/raw/1_enoch_charles_1912_djvu.txt,13743,translation and notes,1 Enoch 32,19,"μακράν). G® reads én’ ἔΑλκρων, καὶ ἀπὸ",Verify against page image/PDF before using as Greek-fragment or variant evidence.
data/raw/1_enoch_charles_1912_djvu.txt,13746,translation and notes,1 Enoch 32,8,"So E, which so renders μακρόθεν and",Verify against page image/PDF before using as Greek-fragment or variant evidence.
data/raw/1_enoch_charles_1912_djvu.txt,13749,translation and notes,1 Enoch 32,14,"(E = φυόμενα). (δ reads δύω μέν, but",Verify against page image/PDF before using as Greek-fragment or variant evidence.
data/raw/1_enoch_charles_1912_djvu.txt,13751,translation and notes,1 Enoch 32,15,"δύω μέν were original, then τὸ δένδρον",Verify against page image/PDF before using as Greek-fragment or variant evidence.
data/raw/1_enoch_charles_1912_djvu.txt,13753,translation and notes,1 Enoch 32,24,fore καὶ τὸ δένδρον τῆς φρονήσεως. But,Verify against page image/PDF before using as Greek-fragment or variant evidence.
data/raw/1_enoch_charles_1912_djvu.txt,13853,translation and notes,1 Enoch 33:1,9,τοῦ καρποῦ avrov—an Aramaic idiom,Verify against page image/PDF before using as Greek-fragment or variant evidence.
data/raw/1_enoch_charles_1912_djvu.txt,13893,translation and notes,1 Enoch 33:1,19,off with ἐξ οὗ ἔφαγεν ὃ πατήρ σου.,Verify against page image/PDF before using as Greek-fragment or variant evidence.
data/raw/1_enoch_charles_1912_djvu.txt,14361,translation and notes,1 Enoch 37:1,21,ὁ τῶν πνευμάτων... δυνάστης and,Verify against page image/PDF before using as Greek-fragment or variant evidence.
data/raw/1_enoch_charles_1912_djvu.txt,14453,translation and notes,1 Enoch 38,10,"pyn, δ. Parables = παραβολαί",Verify against page image/PDF before using as Greek-fragment or variant evidence.
data/raw/1_enoch_charles_1912_djvu.txt,14495,translation and notes,1 Enoch 38,15,"NI = LXX τῆς συναγωγῆς σου 111},",Verify against page image/PDF before using as Greek-fragment or variant evidence.
data/raw/1_enoch_charles_1912_djvu.txt,14496,translation and notes,1 Enoch 38,14,Cf. Pss. Sol. 1718 συναγωγὰς ὁσίων;,Verify against page image/PDF before using as Greek-fragment or variant evidence.
data/raw/1_enoch_charles_1912_djvu.txt,14518,translation and notes,1 Enoch 38,14,pression cf. Judith 8% ἐξ ἡμῶν κρέμαται,Verify against page image/PDF before using as Greek-fragment or variant evidence.
data/raw/1_enoch_charles_1912_djvu.txt,14565,translation and notes,1 Enoch 38,10,"ἡ ψυχὴ αὐτῶν, Perhaps xbn or nbn",Verify against page image/PDF before using as Greek-fragment or variant evidence.
data/raw/1_enoch_charles_1912_djvu.txt,14744,translation and notes,1 Enoch 38,8,ἜΒΨΕ ἜΡΟΝ,Verify against page image/PDF before using as Greek-fragment or variant evidence.
data/raw/1_enoch_charles_1912_djvu.txt,15319,translation and notes,1 Enoch 40:1,18,ἐστιν ὃ vids pou 6 ἐκλελεγμένος = ‘ the,Verify against page image/PDF before using as Greek-fragment or variant evidence.
data/raw/1_enoch_charles_1912_djvu.txt,15434,translation and notes,1 Enoch 40:1,21,text = τῆς μετανοίας εἰς ἐλπίδα. Cf.,Verify against page image/PDF before using as Greek-fragment or variant evidence.
data/raw/1_enoch_charles_1912_djvu.txt,15435,translation and notes,1 Enoch 40:1,16,Acts 1118 μετάνοιαν εἰς ζωήν 2 Cor. 719,Verify against page image/PDF before using as Greek-fragment or variant evidence.
data/raw/1_enoch_charles_1912_djvu.txt,15436,translation and notes,1 Enoch 40:1,20,μετάνοιαν εἰς σωτηρίαν. Is named,Verify against page image/PDF before using as Greek-fragment or variant evidence.
data/raw/1_enoch_charles_1912_djvu.txt,15801,translation and notes,1 Enoch 44,17,"shooting stars, ἀστέρες διαθέοντες,",Verify against page image/PDF before using as Greek-fragment or variant evidence.
data/raw/1_enoch_charles_1912_djvu.txt,16136,translation and notes,1 Enoch 46:1,11,"before him, i.e. 6 vids τοῦ ἀνθρώπου.",Verify against page image/PDF before using as Greek-fragment or variant evidence.
data/raw/1_enoch_charles_1912_djvu.txt,16138,translation and notes,1 Enoch 46:1,10,ἀνθρώπου as a rendering of ΝΠ and,Verify against page image/PDF before using as Greek-fragment or variant evidence.
data/raw/1_enoch_charles_1912_djvu.txt,16154,translation and notes,1 Enoch 46:1,12,ing in the Ethiopic Bible. υἱὸς ἀνθρώπου,Verify against page image/PDF before using as Greek-fragment or variant evidence.
data/raw/1_enoch_charles_1912_djvu.txt,16192,translation and notes,1 Enoch 46:1,11,"have been 6 vids τοῦ ἀνθρώπου, an",Verify against page image/PDF before using as Greek-fragment or variant evidence.
data/raw/1_enoch_charles_1912_djvu.txt,16193,translation and notes,1 Enoch 46:1,8,"not vids ἀνθρώπου, for in Enoch it i",Verify against page image/PDF before using as Greek-fragment or variant evidence.
data/raw/1_enoch_charles_1912_djvu.txt,16445,translation and notes,1 Enoch 46:1,15,pressions as Sir. 1014 θρόνους ἀρχόντων,Verify against page image/PDF before using as Greek-fragment or variant evidence.
data/raw/1_enoch_charles_1912_djvu.txt,16446,translation and notes,1 Enoch 46:1,25,"καθεῖλεν ὃ κύριος, Wisd, 5% περιτρέψει |",Verify against page image/PDF before using as Greek-fragment or variant evidence.
data/raw/1_enoch_charles_1912_djvu.txt,16447,translation and notes,1 Enoch 46:1,15,θρόνους δυναστῶν. The clause in Luke,Verify against page image/PDF before using as Greek-fragment or variant evidence.
data/raw/1_enoch_charles_1912_djvu.txt,16448,translation and notes,1 Enoch 46:1,24,182 καθεῖλε δυνάστας ἀπὸ θρόνων seems’,Verify against page image/PDF before using as Greek-fragment or variant evidence.
data/raw/1_enoch_charles_1912_djvu.txt,16492,translation and notes,1 Enoch 46:1,27,62-8 ἐνωτίσασθε of κρατοῦντες πλήθους,Verify against page image/PDF before using as Greek-fragment or variant evidence.
data/raw/1_enoch_charles_1912_djvu.txt,16493,translation and notes,1 Enoch 46:1,30,. . . ὅτι ἐδόθη παρὰ τοῦ κυρίου ἡ κράτησις,Verify against page image/PDF before using as Greek-fragment or variant evidence.
data/raw/1_enoch_charles_1912_djvu.txt,16775,translation and notes,1 Enoch 47:1,17,τε πλάκες Tod οὐρανοῦ in Test. ΧΙ,Verify against page image/PDF before using as Greek-fragment or variant evidence.
data/raw/1_enoch_charles_1912_djvu.txt,17654,translation and notes,1 Enoch 51:1,8,and hell (haguel = ἀπώλεια = ἡ) 12 4),Verify against page image/PDF before using as Greek-fragment or variant evidence.
data/raw/1_enoch_charles_1912_djvu.txt,17971,translation and notes,1 Enoch 51:1,8,consists of lead (μόλυβδος) and is as-,Verify against page image/PDF before using as Greek-fragment or variant evidence.
data/raw/1_enoch_charles_1912_djvu.txt,17975,translation and notes,1 Enoch 51:1,10,"(κασσίτερος), which is assigned to Venus",Verify against page image/PDF before using as Greek-fragment or variant evidence.
data/raw/1_enoch_charles_1912_djvu.txt,17977,translation and notes,1 Enoch 51:1,24,softness (τὸ φαιδρόν τε καὶ μαλακὸν τοῦ,Verify against page image/PDF before using as Greek-fragment or variant evidence.
data/raw/1_enoch_charles_1912_djvu.txt,17978,translation and notes,1 Enoch 51:1,16,"κασσιτέρου), the third of copper (χαλκός),",Verify against page image/PDF before using as Greek-fragment or variant evidence.
data/raw/1_enoch_charles_1912_djvu.txt,17992,translation and notes,1 Enoch 51:1,15,identified with the κεραστὸν νόμισμα.,Verify against page image/PDF before using as Greek-fragment or variant evidence.
data/raw/1_enoch_charles_1912_djvu.txt,18122,translation and notes,1 Enoch 51:1,8,"renderings of TAD"" such as ἀπαρνηθή-",Verify against page image/PDF before using as Greek-fragment or variant evidence.
data/raw/1_enoch_charles_1912_djvu.txt,18123,translation and notes,1 Enoch 51:1,20,σονται and ἀφανισθήσονται. One was,Verify against page image/PDF before using as Greek-fragment or variant evidence.
data/raw/1_enoch_charles_1912_djvu.txt,18174,translation and notes,1 Enoch 53:1,11,Theodotion by the phrase τὴν χώραν τῆς,Verify against page image/PDF before using as Greek-fragment or variant evidence.
data/raw/1_enoch_charles_1912_djvu.txt,18565,translation and notes,1 Enoch 54:7,8,"éntaz = ‘on this account’, διὰ τοῦτο.",Verify against page image/PDF before using as Greek-fragment or variant evidence.
data/raw/1_enoch_charles_1912_djvu.txt,18567,translation and notes,1 Enoch 54:7,8,sentence = διότι éyvwoar . . . καὶ (= the,Verify against page image/PDF before using as Greek-fragment or variant evidence.
data/raw/1_enoch_charles_1912_djvu.txt,18569,translation and notes,1 Enoch 54:7,12,τούτοις (or τούτῳ) = TN). WT) 9D.,Verify against page image/PDF before using as Greek-fragment or variant evidence.
data/raw/1_enoch_charles_1912_djvu.txt,18571,translation and notes,1 Enoch 54:7,9,rendered 3 by ἐπεί and not by διότι.,Verify against page image/PDF before using as Greek-fragment or variant evidence.
data/raw/1_enoch_charles_1912_djvu.txt,18616,translation and notes,1 Enoch 56:1,15,"of this. Text = ἔμπροσθεν τούτου,",Verify against page image/PDF before using as Greek-fragment or variant evidence.
data/raw/1_enoch_charles_1912_djvu.txt,18903,translation and notes,1 Enoch 56:5,9,slaughter’) is corrupt. It = ἐκ θανάτου.,Verify against page image/PDF before using as Greek-fragment or variant evidence.
data/raw/1_enoch_charles_1912_djvu.txt,19174,translation and notes,1 Enoch 60:1,8,Text = οἰκήματα ‘dwellings’ corrupt,Verify against page image/PDF before using as Greek-fragment or variant evidence.
data/raw/1_enoch_charles_1912_djvu.txt,19175,translation and notes,1 Enoch 60:1,16,for κρίματα (or οἰκητήρια corrupt for,Verify against page image/PDF before using as Greek-fragment or variant evidence.
data/raw/1_enoch_charles_1912_djvu.txt,19176,translation and notes,1 Enoch 60:1,8,κριτήρια). Onthe earth. All MSS.,Verify against page image/PDF before using as Greek-fragment or variant evidence.
data/raw/1_enoch_charles_1912_djvu.txt,19286,translation and notes,1 Enoch 60,11,the Hebrew. The text = προσκυνοῦσι =,Verify against page image/PDF before using as Greek-fragment or variant evidence.
data/raw/1_enoch_charles_1912_djvu.txt,20658,translation and notes,1 Enoch 63,8,"διώκομεν). >u,t. mq, tB-i a,b ‘are",Verify against page image/PDF before using as Greek-fragment or variant evidence.
data/raw/1_enoch_charles_1912_djvu.txt,21734,translation and notes,1 Enoch 69:1,11,"is rendered by ἄγγελοι θεοῦ, not by",Verify against page image/PDF before using as Greek-fragment or variant evidence.
data/raw/1_enoch_charles_1912_djvu.txt,22038,translation and notes,1 Enoch 69:1,14,"| St. John 5% (πᾶσαν τὴν κρίσιν), 51",Verify against page image/PDF before using as Greek-fragment or variant evidence.
data/raw/1_enoch_charles_1912_djvu.txt,22262,translation and notes,1 Enoch 71,30,καὶ ἔδειξέ μοι πάντα τὰ μυστήρια τῆς,Verify against page image/PDF before using as Greek-fragment or variant evidence.
data/raw/1_enoch_charles_1912_djvu.txt,22263,translation and notes,1 Enoch 71,11,ἐλεημοσύνης,Verify against page image/PDF before using as Greek-fragment or variant evidence.
data/raw/1_enoch_charles_1912_djvu.txt,22264,translation and notes,1 Enoch 71,30,καὶ ἔδειξέ μοι πάντα τὰ μυστήρια τῆς,Verify against page image/PDF before using as Greek-fragment or variant evidence.
data/raw/1_enoch_charles_1912_djvu.txt,22265,translation and notes,1 Enoch 71,11,δικαιοσύνης.,Verify against page image/PDF before using as Greek-fragment or variant evidence.
data/raw/1_enoch_charles_1912_djvu.txt,23711,translation and notes,1 Enoch 74:1,12,"But complete = ἀλλὰ τελοῦσιν, which",Verify against page image/PDF before using as Greek-fragment or variant evidence.
data/raw/1_enoch_charles_1912_djvu.txt,23712,translation and notes,1 Enoch 74:1,15,was corrupted into ἀλλὰ ἀλλάττουσιν.,Verify against page image/PDF before using as Greek-fragment or variant evidence.
data/raw/1_enoch_charles_1912_djvu.txt,24478,translation and notes,1 Enoch 78:1,14,"φῶς πληροῖ (or τελεῖ), which the trans-",Verify against page image/PDF before using as Greek-fragment or variant evidence.
data/raw/1_enoch_charles_1912_djvu.txt,25187,translation and notes,1 Enoch 82,10,into za’azaza loth =@ ἐπέταξε. But ἐπέ-,Verify against page image/PDF before using as Greek-fragment or variant evidence.
data/raw/1_enoch_charles_1912_djvu.txt,25648,translation and notes,1 Enoch 83:1,8,"ἐποίησεν (Flemming), or that the Greek",Verify against page image/PDF before using as Greek-fragment or variant evidence.
data/raw/1_enoch_charles_1912_djvu.txt,25695,translation and notes,1 Enoch 83:1,16,"ἀνέβη καὶ ἀνέτειλε = ny bys, which",Verify against page image/PDF before using as Greek-fragment or variant evidence.
data/raw/1_enoch_charles_1912_djvu.txt,25731,translation and notes,1 Enoch 84:1,17,hard for Thee (= ἀδυνατήσει παρὰ σοὶ,Verify against page image/PDF before using as Greek-fragment or variant evidence.
data/raw/1_enoch_charles_1912_djvu.txt,25735,translation and notes,1 Enoch 84:1,15,the LXX render οὐ μὴ ἀποκρυβῇ ἀπὸ,Verify against page image/PDF before using as Greek-fragment or variant evidence.
data/raw/1_enoch_charles_1912_djvu.txt,25737,translation and notes,1 Enoch 84:1,8,"σοῦ οὐδέν. Cf. Gen. 1814, After this",Verify against page image/PDF before using as Greek-fragment or variant evidence.
data/raw/1_enoch_charles_1912_djvu.txt,25739,translation and notes,1 Enoch 84:1,18,καὶ οὐδεμία or earlier καὶ οὐδέν.,Verify against page image/PDF before using as Greek-fragment or variant evidence.
data/raw/1_enoch_charles_1912_djvu.txt,25752,translation and notes,1 Enoch 84:1,20,Thy throne’ = ἀπὸ τοῦ τόπου τοῦ θρόνου,Verify against page image/PDF before using as Greek-fragment or variant evidence.
data/raw/1_enoch_charles_1912_djvu.txt,25830,translation and notes,1 Enoch 85:1,8,passages as the assessor or πάρεδρος of,Verify against page image/PDF before using as Greek-fragment or variant evidence.
data/raw/1_enoch_charles_1912_djvu.txt,25832,translation and notes,1 Enoch 85:1,8,880 in the LXX version ἤμην παρ᾽,Verify against page image/PDF before using as Greek-fragment or variant evidence.
data/raw/1_enoch_charles_1912_djvu.txt,25833,translation and notes,1 Enoch 85:1,18,"αὐτῷ : cf. Sir, 11 μετ᾽ αὐτοῦ ἐστιν",Verify against page image/PDF before using as Greek-fragment or variant evidence.
data/raw/1_enoch_charles_1912_djvu.txt,25834,translation and notes,1 Enoch 85:1,11,εἰς τὸν αἰῶνα. [For Thou seest,Verify against page image/PDF before using as Greek-fragment or variant evidence.
data/raw/1_enoch_charles_1912_djvu.txt,26263,translation and notes,1 Enoch 89:1,12,"fold, or enclosure, Seven: οἵ. 774 and Prayer of Manasses 3 ὁ κλείσας τὴ",Verify against page image/PDF before using as Greek-fragment or variant evidence.
data/raw/1_enoch_charles_1912_djvu.txt,26656,translation and notes,1 Enoch 89:41,15,"Ἔκ τοῦ τοῦ ""Evax βιβλίου",Verify against page image/PDF before using as Greek-fragment or variant evidence.
data/raw/1_enoch_charles_1912_djvu.txt,26666,translation and notes,1 Enoch 89:41,27,κατεσθίειν τὰ πρόβατα καὶ οἱ ὕες,Verify against page image/PDF before using as Greek-fragment or variant evidence.
data/raw/1_enoch_charles_1912_djvu.txt,26670,translation and notes,1 Enoch 89:41,12,κύνες ἤρξαντο,Verify against page image/PDF before using as Greek-fragment or variant evidence.
data/raw/1_enoch_charles_1912_djvu.txt,26726,translation and notes,1 Enoch 89:41,31,μέχρι οὗ ἤγειρεν 6 κύριος τῶν προβάτων,Verify against page image/PDF before using as Greek-fragment or variant evidence.
data/raw/1_enoch_charles_1912_djvu.txt,26727,translation and notes,1 Enoch 89:41,9,κριὸν ἕνας Other MSS. give ‘till,Verify against page image/PDF before using as Greek-fragment or variant evidence.
data/raw/1_enoch_charles_1912_djvu.txt,26733,translation and notes,1 Enoch 89:41,15,text (ἀπώλεσεν πολλούς) is here de-,Verify against page image/PDF before using as Greek-fragment or variant evidence.
data/raw/1_enoch_charles_1912_djvu.txt,26756,translation and notes,1 Enoch 89:41,24,"καὶ of ἀλώπεκες κατήσθιον αὐτά,",Verify against page image/PDF before using as Greek-fragment or variant evidence.
data/raw/1_enoch_charles_1912_djvu.txt,26757,translation and notes,1 Enoch 89:41,24,μέχρι οὗ ἤγειρεν ὁ κύριος τῶν,Verify against page image/PDF before using as Greek-fragment or variant evidence.
data/raw/1_enoch_charles_1912_djvu.txt,26758,translation and notes,1 Enoch 89:41,21,προβάτων κριὸν ἕνα ἐκ τῶν,Verify against page image/PDF before using as Greek-fragment or variant evidence.
data/raw/1_enoch_charles_1912_djvu.txt,26759,translation and notes,1 Enoch 89:41,17,προβάτων. 48. Καὶ ὁ κριὸς,Verify against page image/PDF before using as Greek-fragment or variant evidence.
data/raw/1_enoch_charles_1912_djvu.txt,26760,translation and notes,1 Enoch 89:41,27,οὗτος ἤρξατο κερατίζειν καὶ ἐπι-,Verify against page image/PDF before using as Greek-fragment or variant evidence.
data/raw/1_enoch_charles_1912_djvu.txt,26761,translation and notes,1 Enoch 89:41,26,διώκειν ἐν τοῖς κέρασιν καὶ ἐνε-,Verify against page image/PDF before using as Greek-fragment or variant evidence.
data/raw/1_enoch_charles_1912_djvu.txt,26765,translation and notes,1 Enoch 89:41,26,τίνασσεν εἰς τοὺς ἀλώπεκας καὶ,Verify against page image/PDF before using as Greek-fragment or variant evidence.
data/raw/1_enoch_charles_1912_djvu.txt,26768,translation and notes,1 Enoch 89:41,19,per αὐτοὺς εἰς τοὺς ὕας καὶ,Verify against page image/PDF before using as Greek-fragment or variant evidence.
data/raw/1_enoch_charles_1912_djvu.txt,26771,translation and notes,1 Enoch 89:41,25,ἀπώλεσεν ὕας πολλοὺς καὶ μετ᾽,Verify against page image/PDF before using as Greek-fragment or variant evidence.
data/raw/1_enoch_charles_1912_djvu.txt,26774,translation and notes,1 Enoch 89:41,17,"αὐτοὺς... τὸ τοὺς κύνας. 44,,",Verify against page image/PDF before using as Greek-fragment or variant evidence.
data/raw/1_enoch_charles_1912_djvu.txt,26777,translation and notes,1 Enoch 89:41,24,Καὶ τὰ πρόβατα ὧν οἱ ὀφθαλμοὶ,Verify against page image/PDF before using as Greek-fragment or variant evidence.
data/raw/1_enoch_charles_1912_djvu.txt,26781,translation and notes,1 Enoch 89:41,17,nvotynoay ἐθεάσοντο τὸν κριὸν,Verify against page image/PDF before using as Greek-fragment or variant evidence.
data/raw/1_enoch_charles_1912_djvu.txt,26787,translation and notes,1 Enoch 89:41,21,"τὸν ἐν τοῖς προβάτοις, ἕως",Verify against page image/PDF before using as Greek-fragment or variant evidence.
data/raw/1_enoch_charles_1912_djvu.txt,26788,translation and notes,1 Enoch 89:41,23,ἀφῆκεν τὴν ὁδὸν αὐτοῦ καὶ ἤρ-,Verify against page image/PDF before using as Greek-fragment or variant evidence.
data/raw/1_enoch_charles_1912_djvu.txt,26792,translation and notes,1 Enoch 89:41,17,Kat 6 κύριος τῶν προβάτων,Verify against page image/PDF before using as Greek-fragment or variant evidence.
data/raw/1_enoch_charles_1912_djvu.txt,26795,translation and notes,1 Enoch 89:41,21,ξατο πορεύεσθαι Τἀνοδίᾳ.,Verify against page image/PDF before using as Greek-fragment or variant evidence.
data/raw/1_enoch_charles_1912_djvu.txt,26796,translation and notes,1 Enoch 89:41,26,ἀπέστειλεν τὸν ἄρνα τοῦτον. ἐπὶ,Verify against page image/PDF before using as Greek-fragment or variant evidence.
data/raw/1_enoch_charles_1912_djvu.txt,26799,translation and notes,1 Enoch 89:41,14,sook its glory + = ἀφῆκεν τὴν δόξαν,Verify against page image/PDF before using as Greek-fragment or variant evidence.
data/raw/1_enoch_charles_1912_djvu.txt,26800,translation and notes,1 Enoch 89:41,10,αὐτοῦ. For δόξαν the Greek —,Verify against page image/PDF before using as Greek-fragment or variant evidence.
data/raw/1_enoch_charles_1912_djvu.txt,26801,translation and notes,1 Enoch 89:41,9,ὁδόν. If the suffix αὐτοῦ refers to the,Verify against page image/PDF before using as Greek-fragment or variant evidence.
data/raw/1_enoch_charles_1912_djvu.txt,26804,translation and notes,1 Enoch 89:41,9,Perhaps 13° (= ὁδὸν αὐτοῦ) is corrupt |,Verify against page image/PDF before using as Greek-fragment or variant evidence.
data/raw/1_enoch_charles_1912_djvu.txt,26827,translation and notes,1 Enoch 89:41,8,and not πρόβατον for Samuel and fo,Verify against page image/PDF before using as Greek-fragment or variant evidence.
data/raw/1_enoch_charles_1912_djvu.txt,26884,translation and notes,1 Enoch 89:41,15,these things = ἐπὶ πάντων τούτων. But,Verify against page image/PDF before using as Greek-fragment or variant evidence.
data/raw/1_enoch_charles_1912_djvu.txt,26910,translation and notes,1 Enoch 89:41,24,ἄρνα ἕτερον τοῦ στῆσαι αὐτὸν els,Verify against page image/PDF before using as Greek-fragment or variant evidence.
data/raw/1_enoch_charles_1912_djvu.txt,26911,translation and notes,1 Enoch 89:41,26,κριὸν ἐν ἀρχῇ τῶν προβάτων ἀντὶ,Verify against page image/PDF before using as Greek-fragment or variant evidence.
data/raw/1_enoch_charles_1912_djvu.txt,26914,translation and notes,1 Enoch 89:41,25,τοῦ κριοῦ τοῦ ἀφέντος τὴν ὁδὸν,Verify against page image/PDF before using as Greek-fragment or variant evidence.
data/raw/1_enoch_charles_1912_djvu.txt,26915,translation and notes,1 Enoch 89:41,20,αὐτοῦ. 46. Καὶ ἐπορεύθη πρὸς,Verify against page image/PDF before using as Greek-fragment or variant evidence.
data/raw/1_enoch_charles_1912_djvu.txt,26918,translation and notes,1 Enoch 89:41,24,αὐτὸν καὶ ἐλάλησεν αὐτῷ σιγῇ,Verify against page image/PDF before using as Greek-fragment or variant evidence.
data/raw/1_enoch_charles_1912_djvu.txt,26919,translation and notes,1 Enoch 89:41,27,κατὰ μόνας καὶ ἤγειρεν αὐτὸν εἰς,Verify against page image/PDF before using as Greek-fragment or variant evidence.
data/raw/1_enoch_charles_1912_djvu.txt,26920,translation and notes,1 Enoch 89:41,24,κριὸν καὶ εἰς ἄρχοντα καὶ εἰς,Verify against page image/PDF before using as Greek-fragment or variant evidence.
data/raw/1_enoch_charles_1912_djvu.txt,26922,translation and notes,1 Enoch 89:41,25,ἡγούμενον τῶν προβάτων καὶ οἱ,Verify against page image/PDF before using as Greek-fragment or variant evidence.
data/raw/1_enoch_charles_1912_djvu.txt,26923,translation and notes,1 Enoch 89:41,26,κύνες ἐπὶ πᾶσι τούτοις ἔθλιβον,Verify against page image/PDF before using as Greek-fragment or variant evidence.
data/raw/1_enoch_charles_1912_djvu.txt,26928,translation and notes,1 Enoch 89:41,25,τούτοις γέγραπται ὅτι] 6 κριὸς ὁ,Verify against page image/PDF before using as Greek-fragment or variant evidence.
data/raw/1_enoch_charles_1912_djvu.txt,26931,translation and notes,1 Enoch 89:41,9,τὰ πρόβατα.,Verify against page image/PDF before using as Greek-fragment or variant evidence.
data/raw/1_enoch_charles_1912_djvu.txt,26934,translation and notes,1 Enoch 89:41,25,πρῶτος τὸν κριὸν τὸν δεύτερον,Verify against page image/PDF before using as Greek-fragment or variant evidence.
data/raw/1_enoch_charles_1912_djvu.txt,26935,translation and notes,1 Enoch 89:41,26,ἐπεδίωκεν καὶ ἔφυγεν ἀπὸ προσώ-,Verify against page image/PDF before using as Greek-fragment or variant evidence.
data/raw/1_enoch_charles_1912_djvu.txt,26936,translation and notes,1 Enoch 89:41,25,"που αὐτοῦ"" εἶτ᾽ ἐθεώρουν, [φησίν],",Verify against page image/PDF before using as Greek-fragment or variant evidence.
data/raw/1_enoch_charles_1912_djvu.txt,26937,translation and notes,1 Enoch 89:41,22,τὸν κριὸν τὸν πρῶτον ἕως οὗ,Verify against page image/PDF before using as Greek-fragment or variant evidence.
data/raw/1_enoch_charles_1912_djvu.txt,26938,translation and notes,1 Enoch 89:41,23,ἔπεσεν ἔμπροσθεν τῶν κυνῶν.,Verify against page image/PDF before using as Greek-fragment or variant evidence.
data/raw/1_enoch_charles_1912_djvu.txt,26939,translation and notes,1 Enoch 89:41,23,"48, Καὶ ὁ κριὸς ὁ δεύτερος ἀναπη-",Verify against page image/PDF before using as Greek-fragment or variant evidence.
data/raw/1_enoch_charles_1912_djvu.txt,26940,translation and notes,1 Enoch 89:41,25,δήσας ἀφηγήσατο τῶν προβάτων.,Verify against page image/PDF before using as Greek-fragment or variant evidence.
data/raw/1_enoch_charles_1912_djvu.txt,26941,translation and notes,1 Enoch 89:41,21,49. Καὶ τὰ πρόβατα ηὐξήθησαν,Verify against page image/PDF before using as Greek-fragment or variant evidence.
data/raw/1_enoch_charles_1912_djvu.txt,26942,translation and notes,1 Enoch 89:41,26,"καὶ ἐπληθύνθησαν"" καὶ πάντες οἱ",Verify against page image/PDF before using as Greek-fragment or variant evidence.
data/raw/1_enoch_charles_1912_djvu.txt,26970,translation and notes,1 Enoch 89:41,25,wild beasts had no longer any κύνες καὶ of ἀλώπεκες ἔφυγον. ἀπ᾿ |,Verify against page image/PDF before using as Greek-fragment or variant evidence.
data/raw/1_enoch_charles_1912_djvu.txt,26971,translation and notes,1 Enoch 89:41,22,power among the sheep and αὐτοῦ καὶ ἐφοβοῦντο αὐτόν.,Verify against page image/PDF before using as Greek-fragment or variant evidence.
data/raw/1_enoch_charles_1912_djvu.txt,27026,translation and notes,1 Enoch 89:51,12,"in Test. Levi 104 6 γὰρ οἶκος, ὃν ἂν a dittograph of some sort. A",Verify against page image/PDF before using as Greek-fragment or variant evidence.
data/raw/1_enoch_charles_1912_djvu.txt,27027,translation and notes,1 Enoch 89:51,35,"ἐκλέξεται κύριος, Ἱερουσαλὴμ κληθήσεται, table, i.e. offerings and sacrifices,",Verify against page image/PDF before using as Greek-fragment or variant evidence.
data/raw/1_enoch_charles_1912_djvu.txt,27028,translation and notes,1 Enoch 89:51,34,"καθὼς περιέχει ἡ βίβλος Ἐνὼχ τοῦ δικαίον, 51-67. Gradual declension of Israel",Verify against page image/PDF before using as Greek-fragment or variant evidence.
data/raw/1_enoch_charles_1912_djvu.txt,27033,translation and notes,1 Enoch 89:51,13,"and great was built on the house house = τὸν οἶκον αὐτῶν. Here, as",Verify against page image/PDF before using as Greek-fragment or variant evidence.
data/raw/1_enoch_charles_1912_djvu.txt,27120,translation and notes,1 Enoch 89:51,30,"γὰρ ἡ γραφή"" καὶ ἔσται ἐπ᾿ ἐσχάτων τῶν",Verify against page image/PDF before using as Greek-fragment or variant evidence.
data/raw/1_enoch_charles_1912_djvu.txt,27121,translation and notes,1 Enoch 89:51,33,ἡμερῶν καὶ παραδώσει κύριος τὰ πρόβατα,Verify against page image/PDF before using as Greek-fragment or variant evidence.
data/raw/1_enoch_charles_1912_djvu.txt,27122,translation and notes,1 Enoch 89:51,33,τῆς νομῆς καὶ τὴν μάνδραν καὶ τὸν πύργον,Verify against page image/PDF before using as Greek-fragment or variant evidence.
data/raw/1_enoch_charles_1912_djvu.txt,27123,translation and notes,1 Enoch 89:51,18,αὐτῶν εἰς καταφθοράν. 57. Lord,Verify against page image/PDF before using as Greek-fragment or variant evidence.
data/raw/1_enoch_charles_1912_djvu.txt,28034,translation and notes,1 Enoch 90:6,12,attempt to render σφόδρα σφόδρα:,Verify against page image/PDF before using as Greek-fragment or variant evidence.
data/raw/1_enoch_charles_1912_djvu.txt,28271,translation and notes,1 Enoch 90:13,11,"to’? These words = ἔκραζον = ἼΡ Μη"",",Verify against page image/PDF before using as Greek-fragment or variant evidence.
data/raw/1_enoch_charles_1912_djvu.txt,28344,translation and notes,1 Enoch 90:13,13,possibility that ἕως τοῦ ἀνοῖξαι is corrup,Verify against page image/PDF before using as Greek-fragment or variant evidence.
data/raw/1_enoch_charles_1912_djvu.txt,28345,translation and notes,1 Enoch 90:13,13,for ἕως τοῦ ἀνοῖσαι (a form found it,Verify against page image/PDF before using as Greek-fragment or variant evidence.
data/raw/1_enoch_charles_1912_djvu.txt,28521,translation and notes,1 Enoch 90:13,8,but a literal reproduction of ἐκάλυψεν,Verify against page image/PDF before using as Greek-fragment or variant evidence.
data/raw/1_enoch_charles_1912_djvu.txt,28635,translation and notes,1 Enoch 90:20,8,"Covered them (mq, d) = ἐκάλυψεν én",Verify against page image/PDF before using as Greek-fragment or variant evidence.
data/raw/1_enoch_charles_1912_djvu.txt,28638,translation and notes,1 Enoch 90:20,17,"αὐτούς. t, B-d = ἐκαλύφθη ἐπ᾽ adrovs,",Verify against page image/PDF before using as Greek-fragment or variant evidence.
data/raw/1_enoch_charles_1912_djvu.txt,28836,translation and notes,1 Enoch 90:28,9,SSS ee ΎΘΟΟΝΡΟΝΝ,Verify against page image/PDF before using as Greek-fragment or variant evidence.
data/raw/1_enoch_charles_1912_djvu.txt,29006,translation and notes,1 Enoch 90:28,9,term ‘ word’ (nagar = ῥῆμα not λόγος),Verify against page image/PDF before using as Greek-fragment or variant evidence.
data/raw/1_enoch_charles_1912_djvu.txt,29146,translation and notes,1 Enoch 90:28,12,= συν τὺν να στὴν,Verify against page image/PDF before using as Greek-fragment or variant evidence.
data/raw/1_enoch_charles_1912_djvu.txt,29371,translation and notes,1 Enoch 90:28,12,SSR RENE νυ σρκσασαααα,Verify against page image/PDF before using as Greek-fragment or variant evidence.
data/raw/1_enoch_charles_1912_djvu.txt,29560,translation and notes,1 Enoch 92,8,the πάρεδρος or assessor of God in 849,Verify against page image/PDF before using as Greek-fragment or variant evidence.
data/raw/1_enoch_charles_1912_djvu.txt,29682,translation and notes,1 Enoch 91:1,25,μὴ προσέλθῃς αὐτῷ (i.e. φόβῳ κυρίου),Verify against page image/PDF before using as Greek-fragment or variant evidence.
data/raw/1_enoch_charles_1912_djvu.txt,29687,translation and notes,1 Enoch 91:1,13,ἐν καρδίᾳ δισσῇ :,Verify against page image/PDF before using as Greek-fragment or variant evidence.
data/raw/1_enoch_charles_1912_djvu.txt,30272,translation and notes,1 Enoch 91:1,8,ἘΝ ΒΥ δοὺς,Verify against page image/PDF before using as Greek-fragment or variant evidence.
data/raw/1_enoch_charles_1912_djvu.txt,30718,translation and notes,1 Enoch 94,13,ἀποδοχῆς ἄξιος. Paths of unrighte-,Verify against page image/PDF before using as Greek-fragment or variant evidence.
data/raw/1_enoch_charles_1912_djvu.txt,30815,translation and notes,1 Enoch 94:6,10,"rendering of κακοποιεῖν,",Verify against page image/PDF before using as Greek-fragment or variant evidence.
data/raw/1_enoch_charles_1912_djvu.txt,30831,translation and notes,1 Enoch 94:6,9,"ῬΊΣ ΝΟΣ in’ ΠῸΣ 10, They, i.e.",Verify against page image/PDF before using as Greek-fragment or variant evidence.
data/raw/1_enoch_charles_1912_djvu.txt,31174,translation and notes,1 Enoch 96,8,"renders σειρῆνες Is. 13% Jer, 2739) or",Verify against page image/PDF before using as Greek-fragment or variant evidence.
data/raw/1_enoch_charles_1912_djvu.txt,31253,translation and notes,1 Enoch 96,12,ῥίζης πηγῆς = PY ΡΝ M5 corrupt for,Verify against page image/PDF before using as Greek-fragment or variant evidence.
data/raw/1_enoch_charles_1912_djvu.txt,31254,translation and notes,1 Enoch 96,16,ὯΝ ῬΊΩΞ --ἰὐμοδούυδι phrase used of the,Verify against page image/PDF before using as Greek-fragment or variant evidence.
data/raw/1_enoch_charles_1912_djvu.txt,31383,translation and notes,1 Enoch 96,12,"(note). Cf. Matt, 1286 πᾶν ῥῆμα ἀργόν,",Verify against page image/PDF before using as Greek-fragment or variant evidence.
data/raw/1_enoch_charles_1912_djvu.txt,31384,translation and notes,1 Enoch 96,35,"ὃ ἐὰν λαλήσουσιν οἱ ἄνθρωποι, ἀποδώσουσιν",Verify against page image/PDF before using as Greek-fragment or variant evidence.
data/raw/1_enoch_charles_1912_djvu.txt,31385,translation and notes,1 Enoch 96,28,περὶ αὐτοῦ λόγον ἐν ἡμέρᾳ κρίσεως---,Verify against page image/PDF before using as Greek-fragment or variant evidence.
data/raw/1_enoch_charles_1912_djvu.txt,31436,translation and notes,1 Enoch 96,43,— κοα ἐπαν...............ϑὕὍὌὃ0...ΨΨΧὍΧὍὕὃὕ0ὅϑὕὕϑθὕϑ«0ἀἐἁστ΄τσττστον,High-density Greek OCR line; verify against page image/PDF before source-row import.
data/raw/1_enoch_charles_1912_djvu.txt,31904,translation and notes,1 Enoch 99:1,20,"ραν αἵματος ἀπωλείας -- “ον Ds ow,",Verify against page image/PDF before using as Greek-fragment or variant evidence.
data/raw/1_enoch_charles_1912_djvu.txt,31912,translation and notes,1 Enoch 99:1,12,"‘impenitentia ᾽ -- ἀμετανοησία, of which",Verify against page image/PDF before using as Greek-fragment or variant evidence.
data/raw/1_enoch_charles_1912_djvu.txt,32284,translation and notes,1 Enoch 100:1,15,"(in t, 8) = πιστόν or πεποιθότα (cf. Prov,",Verify against page image/PDF before using as Greek-fragment or variant evidence.
data/raw/1_enoch_charles_1912_djvu.txt,32288,translation and notes,1 Enoch 100:1,8,"‘could mean also τὸ πιστόν, and accord-",Verify against page image/PDF before using as Greek-fragment or variant evidence.
data/raw/1_enoch_charles_1912_djvu.txt,32358,translation and notes,1 Enoch 100:1,10,"dering of πεποιθότα(ς) as in Prov. 10°,",Verify against page image/PDF before using as Greek-fragment or variant evidence.
data/raw/1_enoch_charles_1912_djvu.txt,32474,translation and notes,1 Enoch 100:1,13,judgement on = ποιεῖτε κρίσιν pera,Verify against page image/PDF before using as Greek-fragment or variant evidence.
data/raw/1_enoch_charles_1912_djvu.txt,33248,translation and notes,1 Enoch 101:1,10,‘ poor spirited’ (μικρόψυχοΞ). 10.,Verify against page image/PDF before using as Greek-fragment or variant evidence.
data/raw/1_enoch_charles_1912_djvu.txt,33592,translation and notes,1 Enoch 104:1,9,"= τῶν ἀγαθῶν, which Flemming takes",Verify against page image/PDF before using as Greek-fragment or variant evidence.
data/raw/1_enoch_charles_1912_djvu.txt,33593,translation and notes,1 Enoch 104:1,10,to be a corruption of τῶν ἀγγέλων. This,Verify against page image/PDF before using as Greek-fragment or variant evidence.
data/raw/1_enoch_charles_1912_djvu.txt,33913,translation and notes,1 Enoch 106:1,11,corrupt for taganaja = προσεκύνησε OF,Verify against page image/PDF before using as Greek-fragment or variant evidence.
data/raw/1_enoch_charles_1912_djvu.txt,33914,translation and notes,1 Enoch 106:1,13,ἐξωμολογήσατο. Hence render‘ prai,Verify against page image/PDF before using as Greek-fragment or variant evidence.
data/raw/1_enoch_charles_1912_djvu.txt,33959,translation and notes,1 Enoch 106:1,8,", recurs, the Ethiopic = εὐλόγησε and the",Verify against page image/PDF before using as Greek-fragment or variant evidence.
data/raw/1_enoch_charles_1912_djvu.txt,33962,translation and notes,1 Enoch 106:1,25,᾿ἐξωμολογήσατο (or προσεκύνησε) (ver. 3),Verify against page image/PDF before using as Greek-fragment or variant evidence.
data/raw/1_enoch_charles_1912_djvu.txt,33963,translation and notes,1 Enoch 106:1,8,and εὐλόγησε (ver. 11) and the Latin,Verify against page image/PDF before using as Greek-fragment or variant evidence.
data/raw/1_enoch_charles_1912_djvu.txt,33964,translation and notes,1 Enoch 106:1,19,εὐλόγησε (ver. 3) and προσεκύνησε (vv.,Verify against page image/PDF before using as Greek-fragment or variant evidence.
data/raw/1_enoch_charles_1912_djvu.txt,34089,translation and notes,1 Enoch 106:1,19,"Apoc, Petri: τὰ μὲν γὰρ σώματα αὐτῶν",Verify against page image/PDF before using as Greek-fragment or variant evidence.
data/raw/1_enoch_charles_1912_djvu.txt,34090,translation and notes,1 Enoch 106:1,35,ἦν λευκότερα πάσης χιόνος καὶ ἐρυθρότερα,Verify against page image/PDF before using as Greek-fragment or variant evidence.
data/raw/1_enoch_charles_1912_djvu.txt,34091,translation and notes,1 Enoch 106:1,11,"παντὸς ῥύδου. Byes ... sun: cf,",Verify against page image/PDF before using as Greek-fragment or variant evidence.
data/raw/1_enoch_charles_1912_djvu.txt,34092,translation and notes,1 Enoch 106:1,17,Apoc. Petri: ἀπὸ τῆς ὄψεως αὐτῶν ὁ,Verify against page image/PDF before using as Greek-fragment or variant evidence.
data/raw/1_enoch_charles_1912_djvu.txt,34448,translation and notes,1 Enoch 106:1,14,"twice in 21!» %, 1. 6. ἀκατασκεύαστος.",Verify against page image/PDF before using as Greek-fragment or variant evidence.
data/raw/1_enoch_charles_1912_djvu.txt,34552,translation and notes,1 Enoch 106:1,33,"- eddnoy,)). 19, cdnoy,b ‘love’. 9. Who θεὸς ἐπείρασεν αὐτοὺς καὶ εὗρεν αὐτοὺς",Verify against page image/PDF before using as Greek-fragment or variant evidence.
data/raw/1_enoch_charles_1912_djvu.txt,34553,translation and notes,1 Enoch 106:1,22,"(gq reading ᾽ὅ114). ΟΥ̓́ thisg οἷνθβ ἃ ἀξίους ἑαυτοῦ. 10. Enoch speaks, and",Verify against page image/PDF before using as Greek-fragment or variant evidence.
data/raw/1_enoch_charles_1912_djvu.txt,34673,translation and notes,1 Enoch 1,48,"I. Λόγος εὐλογίας Ενώχ, καθὼς εὐλόγησεν ἐκλεκτοὺς δικαίους",High-density Greek OCR line; verify against page image/PDF before source-row import.
data/raw/1_enoch_charles_1912_djvu.txt,34675,translation and notes,1 Enoch 1,10,ὟΣ ᾿] ε / bd / 4 ζο 1 ἀ Ν ΕῚ |,Verify against page image/PDF before using as Greek-fragment or variant evidence.
data/raw/1_enoch_charles_1912_djvu.txt,34676,translation and notes,1 Enoch 1,51,"τινες ἔσονται εἰς ἡμέραν ἀνάγκης ἐξᾶραι 1 πάντας τοὺς ἐχθρούς 3,",High-density Greek OCR line; verify against page image/PDF before source-row import.
data/raw/1_enoch_charles_1912_djvu.txt,34678,translation and notes,1 Enoch 1,18,"σωθήσονται δίκαιοι"" ὃ,",Verify against page image/PDF before using as Greek-fragment or variant evidence.
data/raw/1_enoch_charles_1912_djvu.txt,34680,translation and notes,1 Enoch 1,41,"| 2. Καὶ ἀναλαβὼν τὴν παραβολὴν αὐτοῦ εἶπεν' ‘Evox, ἄνθρωπος",High-density Greek OCR line; verify against page image/PDF before source-row import.
data/raw/1_enoch_charles_1912_djvu.txt,34682,translation and notes,1 Enoch 1,46,"καιος, ἔστιν * ὅρασις ὃ ἐκ θεοῦ αὐτῷ ἀνεῳγμένη, ἦν ® ἔχων Ὁ 7 τὴν",High-density Greek OCR line; verify against page image/PDF before source-row import.
data/raw/1_enoch_charles_1912_djvu.txt,34683,translation and notes,1 Enoch 1,47,"ρασιν τοῦ ἁγίου *xal τοῦ οὐρανοῦ ὃ, + ἔδειξέν μοι"" Γκαὶ ἁγιολόγων",High-density Greek OCR line; verify against page image/PDF before source-row import.
data/raw/1_enoch_charles_1912_djvu.txt,34687,translation and notes,1 Enoch 1,37,"toy ἤκουσα ἐγώ"", καὶ ‘os! ἤκουσα παρ᾽ αὐτῶν πάντα Kal ἔγνων",Verify against page image/PDF before using as Greek-fragment or variant evidence.
data/raw/1_enoch_charles_1912_djvu.txt,34689,translation and notes,1 Enoch 1,36,"ἐνὼ θεωρῶν 19"" καὶ οὐκ ἐς τὴν νῦν γενεὰν ""dievootpnv', ἀλλὰ ἐπὶ",Verify against page image/PDF before using as Greek-fragment or variant evidence.
data/raw/1_enoch_charles_1912_djvu.txt,34691,translation and notes,1 Enoch 1,32,"πόρρω οὖσαν [ἐγὼ λαλῶ"" 1, 3. ‘Kal! περὶ τῶν ἐκλεκτῶν ""voy""",Verify against page image/PDF before using as Greek-fragment or variant evidence.
data/raw/1_enoch_charles_1912_djvu.txt,34693,translation and notes,1 Enoch 1,37,λέγω ἱκαὶ περὶ αὐτῶν ἀνέλαβον τὴν παραβολήν “pov!,Verify against page image/PDF before using as Greek-fragment or variant evidence.
data/raw/1_enoch_charles_1912_djvu.txt,34695,translation and notes,1 Enoch 1,42,[Καὶ] ἐξελεύσεται ὁ ἅγιός Ἷ μου 7 12 ὁ μέγας ἐκ τῆς κατοική-,High-density Greek OCR line; verify against page image/PDF before source-row import.
data/raw/1_enoch_charles_1912_djvu.txt,34698,translation and notes,1 Enoch 1,9,"σεως αὐτοῦ,",Verify against page image/PDF before using as Greek-fragment or variant evidence.
data/raw/1_enoch_charles_1912_djvu.txt,34701,translation and notes,1 Enoch 1,30,[καὶ φανήσεται *ex τῆς παρενβολῆς αὐτοῦ 14],Verify against page image/PDF before using as Greek-fragment or variant evidence.
data/raw/1_enoch_charles_1912_djvu.txt,34702,translation and notes,1 Enoch 1,50,καὶ φανήσεται ἐν τῇ δυνάμει τῆς ἰσχύος αὐτοῦ ἀπὸ τοῦ οὐρανοῦ,High-density Greek OCR line; verify against page image/PDF before source-row import.
data/raw/1_enoch_charles_1912_djvu.txt,34705,translation and notes,1 Enoch 1,11,"Γτῶν οὐρανῶν""",Verify against page image/PDF before using as Greek-fragment or variant evidence.
data/raw/1_enoch_charles_1912_djvu.txt,34708,translation and notes,1 Enoch 1,28,καὶ Ἷ πιστεύσουσιν ἡ 15 οἱ ἐγρήγοροι,Verify against page image/PDF before using as Greek-fragment or variant evidence.
data/raw/1_enoch_charles_1912_djvu.txt,34711,translation and notes,1 Enoch 1,14,"TMS. εξαρ. 5 E adds καὶ rods It is corrupt for ΠῚΠ = ὁρῶν, The",Verify against page image/PDF before using as Greek-fragment or variant evidence.
data/raw/1_enoch_charles_1912_djvu.txt,34712,translation and notes,1 Enoch 1,24,"εβεΐς. * Though. E omits, the passage in E = ""Ἑνώχ, ἄνθρωπος δίκαιος",Verify against page image/PDF before using as Greek-fragment or variant evidence.
data/raw/1_enoch_charles_1912_djvu.txt,34715,translation and notes,1 Enoch 1,26,φγμένη or omitted. 5E= καὶ ἑώρα τὴν ὅρασιν τοῦ dyiov. ὃ Cor-,Verify against page image/PDF before using as Greek-fragment or variant evidence.
data/raw/1_enoch_charles_1912_djvu.txt,34716,translation and notes,1 Enoch 1,24,"αλμοὶ αὐτοῦ which gives better sense, rupt(?) for κατὰ τὸν οὐρανόν as in E.",Verify against page image/PDF before using as Greek-fragment or variant evidence.
data/raw/1_enoch_charles_1912_djvu.txt,34717,translation and notes,1 Enoch 1,14,"rees with Num. 244 O°‘) bp, ® Text corrupt. E = ἣν ἔδειξάν μοι οἱ",Verify against page image/PDF before using as Greek-fragment or variant evidence.
data/raw/1_enoch_charles_1912_djvu.txt,34718,translation and notes,1 Enoch 1,15,"must either be written ἥν or jv, ἄγγελοι. 10 MS, θεορων, 11 So",Verify against page image/PDF before using as Greek-fragment or variant evidence.
data/raw/1_enoch_charles_1912_djvu.txt,34721,translation and notes,1 Enoch 1,10,taken with +éyov} as forming E = καί. 18. E corrupt = ἐκεῖθεν.,Verify against page image/PDF before using as Greek-fragment or variant evidence.
data/raw/1_enoch_charles_1912_djvu.txt,34722,translation and notes,1 Enoch 1,13,| periphrastic conjugation =‘he was 1 E=obvor ἐν τῇ παρενβολῇ. = EE,Verify against page image/PDF before using as Greek-fragment or variant evidence.
data/raw/1_enoch_charles_1912_djvu.txt,34723,translation and notes,1 Enoch 1,18,"he 7 = IMk, ἔχειν is found = σαλευθήσονται. Flemming suggests",Verify against page image/PDF before using as Greek-fragment or variant evidence.
data/raw/1_enoch_charles_1912_djvu.txt,34724,translation and notes,1 Enoch 1,8,"rendering of }MN in Job 179 182° πτήξουσι. ' This clause, which E",Verify against page image/PDF before using as Greek-fragment or variant evidence.
data/raw/1_enoch_charles_1912_djvu.txt,34729,translation and notes,1 Enoch 1,31,"may be genuine, ‘* Tobetaken οὗ ἐκ Θεοῦ ὀφθαλμοὶ αὐτοῦ ἀνεῳγμένοι.",Verify against page image/PDF before using as Greek-fragment or variant evidence.
data/raw/1_enoch_charles_1912_djvu.txt,34740,translation and notes,1 Enoch 1,9,τοῖς ἄκροι 1,Verify against page image/PDF before using as Greek-fragment or variant evidence.
data/raw/1_enoch_charles_1912_djvu.txt,34741,translation and notes,1 Enoch 1,11,καὶ σισθήσον,Verify against page image/PDF before using as Greek-fragment or variant evidence.
data/raw/1_enoch_charles_1912_djvu.txt,34742,translation and notes,1 Enoch 1,10,ται πάντα τὰ,Verify against page image/PDF before using as Greek-fragment or variant evidence.
data/raw/1_enoch_charles_1912_djvu.txt,34743,translation and notes,1 Enoch 1,10,ἄκρα τῆς γῆς,Verify against page image/PDF before using as Greek-fragment or variant evidence.
data/raw/1_enoch_charles_1912_djvu.txt,34753,translation and notes,1 Enoch 1,46,καὶ σεισθήσονται [καὶ πεσοῦνται καὶ διαλυθήσονται] ὄρη own,High-density Greek OCR line; verify against page image/PDF before source-row import.
data/raw/1_enoch_charles_1912_djvu.txt,34762,translation and notes,1 Enoch 1,44,καὶ λήμψεται αὐτοὺς τρόμος καὶ φόβος μέγας μέχρι τῶν nena,High-density Greek OCR line; verify against page image/PDF before source-row import.
data/raw/1_enoch_charles_1912_djvu.txt,34763,translation and notes,1 Enoch 1,9,των τῆς γῆς,Verify against page image/PDF before using as Greek-fragment or variant evidence.
data/raw/1_enoch_charles_1912_djvu.txt,34766,translation and notes,1 Enoch 1,45,καὶ ταπεινωθήσονται βουνοὶ ὑψηλοὶ [τοῦ διαρυῆναι ὄρη ],High-density Greek OCR line; verify against page image/PDF before source-row import.
data/raw/1_enoch_charles_1912_djvu.txt,34767,translation and notes,1 Enoch 1,43,καὶ τακήσονται ὡς κηρὸς ἀπὸ προσώπου πυρὸς [ἐν φλογί],High-density Greek OCR line; verify against page image/PDF before source-row import.
data/raw/1_enoch_charles_1912_djvu.txt,34773,translation and notes,1 Enoch 1,24,καὶ κρίσις ἔσται κατὰ πάντων.,Verify against page image/PDF before using as Greek-fragment or variant evidence.
data/raw/1_enoch_charles_1912_djvu.txt,34776,translation and notes,1 Enoch 1,35,"8. καὶ μετὰ ὅ τῶν δικαίων τὴν εἰρήνην ποιήσει,",Verify against page image/PDF before using as Greek-fragment or variant evidence.
data/raw/1_enoch_charles_1912_djvu.txt,34778,translation and notes,1 Enoch 1,40,"καὶ ἐπὶ τοὺς ἐκλεκτοὺς ἔσται συντήρησις ‘Kal εἰρήνη"",",High-density Greek OCR line; verify against page image/PDF before source-row import.
data/raw/1_enoch_charles_1912_djvu.txt,34779,translation and notes,1 Enoch 1,27,καὶ ἐπ᾽ αὐτοὺς γενήσεται ὃ ἔλεος.,Verify against page image/PDF before using as Greek-fragment or variant evidence.
data/raw/1_enoch_charles_1912_djvu.txt,34782,translation and notes,1 Enoch 1,23,"καὶ ἔσονται πάντες τοῦ θεοῦ, ;",Verify against page image/PDF before using as Greek-fragment or variant evidence.
data/raw/1_enoch_charles_1912_djvu.txt,34783,translation and notes,1 Enoch 1,26,"καὶ τὴν εὐδοκίαν 7 ἴ δώσει αὐτοῖς, ;",Verify against page image/PDF before using as Greek-fragment or variant evidence.
data/raw/1_enoch_charles_1912_djvu.txt,34787,translation and notes,1 Enoch 1,18,καὶ παντας εὐλογήσει.,Verify against page image/PDF before using as Greek-fragment or variant evidence.
data/raw/1_enoch_charles_1912_djvu.txt,34790,translation and notes,1 Enoch 1,34,"""kal πάντων ἀντιλήμψεται"" ὃ, [καὶ βοηθήσει ἡμῖν ]}""",Verify against page image/PDF before using as Greek-fragment or variant evidence.
data/raw/1_enoch_charles_1912_djvu.txt,34793,translation and notes,1 Enoch 1,21,καὶ φανήσεται αὐτοῖς φῶς,Verify against page image/PDF before using as Greek-fragment or variant evidence.
data/raw/1_enoch_charles_1912_djvu.txt,34796,translation and notes,1 Enoch 1,27,"[καὶ ποιήσει ἐπ᾽ αὐτοὺς εἰρήνην"" ὃ.",Verify against page image/PDF before using as Greek-fragment or variant evidence.
data/raw/1_enoch_charles_1912_djvu.txt,34799,translation and notes,1 Enoch 1,17,9. 1 Ὅτι {5 ἔρχεταὶ σὺν ταῖς 15,Verify against page image/PDF before using as Greek-fragment or variant evidence.
data/raw/1_enoch_charles_1912_djvu.txt,34800,translation and notes,1 Enoch 1,26,μυριάσιν [αὐτοῦ καὶ τοῖς] 11 ἁγίοις,Verify against page image/PDF before using as Greek-fragment or variant evidence.
data/raw/1_enoch_charles_1912_djvu.txt,34803,translation and notes,1 Enoch 1,18,(α) ποιῆσαι κρίσιν κατὰ,Verify against page image/PDF before using as Greek-fragment or variant evidence.
data/raw/1_enoch_charles_1912_djvu.txt,34826,translation and notes,1 Enoch 1,27,"καὶ διασχισθήσεται ἡ γῆ ἱ σχίσμα [paydd.|'*,",Verify against page image/PDF before using as Greek-fragment or variant evidence.
data/raw/1_enoch_charles_1912_djvu.txt,34827,translation and notes,1 Enoch 1,34,καὶ πάντα ὅσα ἐστὶν ἐπὶ τῆς γῆς ἀπολεῖται,Verify against page image/PDF before using as Greek-fragment or variant evidence.
data/raw/1_enoch_charles_1912_djvu.txt,34840,translation and notes,1 Enoch 1,10,"ΨΎῪΌ᾽7᾽ὉῈὲῈ 14, 15.",Verify against page image/PDF before using as Greek-fragment or variant evidence.
data/raw/1_enoch_charles_1912_djvu.txt,34842,translation and notes,1 Enoch 1,24,᾿Ιδοὺ ἦλθεν Κύριος ἐν ἁγίαις,Verify against page image/PDF before using as Greek-fragment or variant evidence.
data/raw/1_enoch_charles_1912_djvu.txt,34843,translation and notes,1 Enoch 1,13,μυριάσιν αὐτοῦ 4,Verify against page image/PDF before using as Greek-fragment or variant evidence.
data/raw/1_enoch_charles_1912_djvu.txt,34844,translation and notes,1 Enoch 1,16,(2) ποιῆσαι κρίσιν κατ,Verify against page image/PDF before using as Greek-fragment or variant evidence.
data/raw/1_enoch_charles_1912_djvu.txt,34883,translation and notes,1 Enoch 1,34,"(6) καὶ ἀπολέσαι ἵπάντας"" (6c) καὶ ἐλέγξαι πάντας",Verify against page image/PDF before using as Greek-fragment or variant evidence.
data/raw/1_enoch_charles_1912_djvu.txt,34884,translation and notes,1 Enoch 1,19,"ς ἀσεβεῖς, τοὺς ἀσεβεῖς",Verify against page image/PDF before using as Greek-fragment or variant evidence.
data/raw/1_enoch_charles_1912_djvu.txt,34885,translation and notes,1 Enoch 1,8,() καὶ ( ag 2 πᾶσαν,Verify against page image/PDF before using as Greek-fragment or variant evidence.
data/raw/1_enoch_charles_1912_djvu.txt,34889,translation and notes,1 Enoch 1,39,᾿ (a) περὶ πάντων ἔργων ἵτῆς (α) περὶ πάντων - τῶν ἔργων,Verify against page image/PDF before using as Greek-fragment or variant evidence.
data/raw/1_enoch_charles_1912_djvu.txt,34890,translation and notes,1 Enoch 1,36,"| io Belas αὐτῶν"" dv ἠσέβησαν ἀσεβείας αὐτῶν ὧν ἠσέβησαν",Verify against page image/PDF before using as Greek-fragment or variant evidence.
data/raw/1_enoch_charles_1912_djvu.txt,34891,translation and notes,1 Enoch 1,34,i (8) Γκαὶ σκληρῶν dv “ὧν ἐλάλη- (8) καὶ περὶ πάντων τῶν,Verify against page image/PDF before using as Greek-fragment or variant evidence.
data/raw/1_enoch_charles_1912_djvu.txt,34892,translation and notes,1 Enoch 1,43,ἂν Adyov'® κατ᾽ αὐτοῦ ἁμαρτω- σκληρῶν ὧν ἐλάλησαν κατ᾽ αὐτοῦ,High-density Greek OCR line; verify against page image/PDF before source-row import.
data/raw/1_enoch_charles_1912_djvu.txt,34893,translation and notes,1 Enoch 1,23,ἀσεβεῖς. ἁμαρτωλοὶ ἀσεβεῖς.,Verify against page image/PDF before using as Greek-fragment or variant evidence.
data/raw/1_enoch_charles_1912_djvu.txt,34920,translation and notes,1 Enoch 1,17,IL Katavojoare πάντα τὰ i seal ἐν τῷ acti io πῶς οὐκ,Verify against page image/PDF before using as Greek-fragment or variant evidence.
data/raw/1_enoch_charles_1912_djvu.txt,34923,translation and notes,1 Enoch 1,37,νουσιν ἣν ἰδίαν a 2. ἴδετε τὴν γῆν Kal ἐλϑοόνιων περὶ,Verify against page image/PDF before using as Greek-fragment or variant evidence.
data/raw/1_enoch_charles_1912_djvu.txt,34926,translation and notes,1 Enoch 1,24,γίαις instead of ἁγίοις to agree with edd. ἀπολέσε. 3. MS. λενξει. Paral-,Verify against page image/PDF before using as Greek-fragment or variant evidence.
data/raw/1_enoch_charles_1912_djvu.txt,34927,translation and notes,1 Enoch 1,18,"“μυριάσιν. 1 ΜΗ, ἀπολέσει, but the lelism and Jude, Ps.-Cypr. and Ps.-",Verify against page image/PDF before using as Greek-fragment or variant evidence.
data/raw/1_enoch_charles_1912_djvu.txt,34929,translation and notes,1 Enoch 1,8,fig. and E require ἀπολέσαι. Other genuine though omitted by E. G adds,Verify against page image/PDF before using as Greek-fragment or variant evidence.
data/raw/1_enoch_charles_1912_djvu.txt,34962,translation and notes,1 Enoch 1,50,"τῶν ἔργων τῶν ἐν αὐτῇ γινομένων ἀπ᾽ ἀρχῆς μέχρι τελειώσεως, ᾿ OS",High-density Greek OCR line; verify against page image/PDF before source-row import.
data/raw/1_enoch_charles_1912_djvu.txt,34963,translation and notes,1 Enoch 1,51,"εἰσιν φθαρτά,""3 ὡς οὐκ ἀλλοιοῦται ὃ Γοὐδὲν τῶν ἐπὶ γῆς, ἀλλὰ"" πάντι",High-density Greek OCR line; verify against page image/PDF before source-row import.
data/raw/1_enoch_charles_1912_djvu.txt,34964,translation and notes,1 Enoch 1,48,"ἔργα θεοῦ ὑμῖν"" φαίνεται. 3. ἴδετε τὴν θερείαν καὶ τὸν χειμῶνι",High-density Greek OCR line; verify against page image/PDF before source-row import.
data/raw/1_enoch_charles_1912_djvu.txt,34965,translation and notes,1 Enoch 1,33,".... ΤΠ]. καταμάθετε καὶ ἴδετε πάντα τὰ δένδρα “,",Verify against page image/PDF before using as Greek-fragment or variant evidence.
data/raw/1_enoch_charles_1912_djvu.txt,34967,translation and notes,1 Enoch 5,41,V. . 2. πῶς τὰ φύλλα χλωρὰ ἐν αὐτοῖς σκέποντα τὰ δένδρα κα,High-density Greek OCR line; verify against page image/PDF before source-row import.
data/raw/1_enoch_charles_1912_djvu.txt,34968,translation and notes,1 Enoch 5,42,[πᾶς] Ἐ ὁ καρπὸς αὐτῶν 5 [εἰς τιμὴν καὶ δόξαν.] διανοήθητε ‘xa,High-density Greek OCR line; verify against page image/PDF before source-row import.
data/raw/1_enoch_charles_1912_djvu.txt,34969,translation and notes,1 Enoch 5,45,"γνῶτε! περὶ πάντων “tov ἔργων"" αὐτοῦ, καὶ νοήσατε ὅτι [θεὸς ζῶν",High-density Greek OCR line; verify against page image/PDF before source-row import.
data/raw/1_enoch_charles_1912_djvu.txt,34970,translation and notes,1 Enoch 5,41,"ἐποίησεν αὐτὰ οὕτως 7, * καὶ ζῇ ὃ εἰς πάντας τοὺς αἰῶνα"" 2,",High-density Greek OCR line; verify against page image/PDF before source-row import.
data/raw/1_enoch_charles_1912_djvu.txt,34971,translation and notes,1 Enoch 5,52,"τὰ ἔργα αὐτοῦ ἵπάντα [ὅσα ἐποίησεν], εἰς τοὺς αἰῶνας ' ἀπὸ ἐνιαυτοὶ",High-density Greek OCR line; verify against page image/PDF before source-row import.
data/raw/1_enoch_charles_1912_djvu.txt,34974,translation and notes,1 Enoch 5,50,"εἰς ἐνιαυτὸν γινόμενα ἵπάντα οὕτως."" καὶ πάντα ὅσα ἀποτελοῦσ",High-density Greek OCR line; verify against page image/PDF before source-row import.
data/raw/1_enoch_charles_1912_djvu.txt,34975,translation and notes,1 Enoch 5,50,"αὐτῷ τὰ ἔργα, καὶ οὐκ ἀλλοιοῦνται Γαὐτῶν τὰ ἔργα, ἀλλ᾽ ὡσπερεὶ",High-density Greek OCR line; verify against page image/PDF before source-row import.
data/raw/1_enoch_charles_1912_djvu.txt,34978,translation and notes,1 Enoch 5,43,κατὰ ἐπιταγὴν ὃ τὰ πάντα γίνεται. 8. ἴδετε πῶς ἡ θάλασσα KE,High-density Greek OCR line; verify against page image/PDF before source-row import.
data/raw/1_enoch_charles_1912_djvu.txt,34983,translation and notes,1 Enoch 5,47,"οἱ ποταμοὶ ὡς ὁμοίως ἀποτελοῦσιν, ‘Kal οὐκ ἀλλοιοῦσιν"" αὐτῶν τ'",High-density Greek OCR line; verify against page image/PDF before source-row import.
data/raw/1_enoch_charles_1912_djvu.txt,34986,translation and notes,1 Enoch 5,21,"ἔργα Γἀπὸ τῶν λόγων αὐτοῦ"".",Verify against page image/PDF before using as Greek-fragment or variant evidence.
data/raw/1_enoch_charles_1912_djvu.txt,34987,translation and notes,1 Enoch 5,46,4. Ὑμεῖς δὲ οὐκ ἐνεμείνατε οὐδὲ ἐποιήσατε κατὰ τὰς ἐντολὰ,High-density Greek OCR line; verify against page image/PDF before source-row import.
data/raw/1_enoch_charles_1912_djvu.txt,34989,translation and notes,1 Enoch 5,51,"ἀλλὰ ἀπέστητε, καὶ κατελαλήσατε μεγάλους καὶ σκληροὺς λόγου:",High-density Greek OCR line; verify against page image/PDF before source-row import.
data/raw/1_enoch_charles_1912_djvu.txt,34991,translation and notes,1 Enoch 5,46,ἐν στόματι ἀκαθαρσίὰς ὑμῶν κατὰ τῆς μεγαλοσύνης αὐτοῦ. [6,High-density Greek OCR line; verify against page image/PDF before source-row import.
data/raw/1_enoch_charles_1912_djvu.txt,34993,translation and notes,1 Enoch 5,30,κατελαλήσατε ἐν τοῖς ψεύμασιν ὑμῶν],Verify against page image/PDF before using as Greek-fragment or variant evidence.
data/raw/1_enoch_charles_1912_djvu.txt,34997,translation and notes,1 Enoch 5,30,"σκληροκάρδιοι, οὐκ ἔστ᾽ εἰρήνη ὑμῖν.",Verify against page image/PDF before using as Greek-fragment or variant evidence.
data/raw/1_enoch_charles_1912_djvu.txt,35000,translation and notes,1 Enoch 5,35,"5. τοιγὰρ τὰς ἡμέρας ὑμῶν ὑμεῖς καταράσεσθε 1""",Verify against page image/PDF before using as Greek-fragment or variant evidence.
data/raw/1_enoch_charles_1912_djvu.txt,35001,translation and notes,1 Enoch 5,25,"*kal τὰ ἔτη 12 τῆς ζωῆς ὑμῶν ἀπολεῖται""",Verify against page image/PDF before using as Greek-fragment or variant evidence.
data/raw/1_enoch_charles_1912_djvu.txt,35004,translation and notes,1 Enoch 5,36,"καὶ ‘ta ἔτη τῆς ἀπωλείας ὑμῶν!"" πληθυνθήσεται ἐν Kar",Verify against page image/PDF before using as Greek-fragment or variant evidence.
data/raw/1_enoch_charles_1912_djvu.txt,35008,translation and notes,1 Enoch 5,29,καὶ οὐκ ἔσται ὑμῖν ἔλεος [καὶ εἰρήνη] 1,Verify against page image/PDF before using as Greek-fragment or variant evidence.
data/raw/1_enoch_charles_1912_djvu.txt,35011,translation and notes,1 Enoch 5,48,"θα. Τότε ἔσται"" τὰ ὀνόματα ὑμῶν εἰς κατάραν αἰώνιον πᾶσιν το",High-density Greek OCR line; verify against page image/PDF before source-row import.
data/raw/1_enoch_charles_1912_djvu.txt,35014,translation and notes,1 Enoch 5,8,"δικαίοις,",Verify against page image/PDF before using as Greek-fragment or variant evidence.
data/raw/1_enoch_charles_1912_djvu.txt,35017,translation and notes,1 Enoch 5,32,dittographic clauses καὶ περὶ πάντων ὧν σκέπονται. 6 EK = καρποφορ,Verify against page image/PDF before using as Greek-fragment or variant evidence.
data/raw/1_enoch_charles_1912_djvu.txt,35018,translation and notes,1 Enoch 5,15,κατελάλησαν. 1 Supplied by Swete. 7 --ἜἬ στ; of which fefpady may,Verify against page image/PDF before using as Greek-fragment or variant evidence.
data/raw/1_enoch_charles_1912_djvu.txt,35019,translation and notes,1 Enoch 5,11,"2 φθαρτά = ovdap corrupt for 0°23) acorruption, 8 Ε--ὸ ζῶν. *° E c",Verify against page image/PDF before using as Greek-fragment or variant evidence.
data/raw/1_enoch_charles_1912_djvu.txt,35020,translation and notes,1 Enoch 5,13,= ‘steadfast’. 8 So Dillmann and θεοῦ. 10 E = τοῦ Κυρίου.,Verify against page image/PDF before using as Greek-fragment or variant evidence.
data/raw/1_enoch_charles_1912_djvu.txt,35021,translation and notes,1 Enoch 5,21,"Radermacher from ἀλλυουντα, Cf. κατηρασασθαι, 12 Em. by D",Verify against page image/PDF before using as Greek-fragment or variant evidence.
data/raw/1_enoch_charles_1912_djvu.txt,35022,translation and notes,1 Enoch 5,17,"ἡλλυοσαν in ver, 1 for ἠλλοίωσαν, and Lods from xara, 118 An int",Verify against page image/PDF before using as Greek-fragment or variant evidence.
data/raw/1_enoch_charles_1912_djvu.txt,35024,translation and notes,1 Enoch 5,37,5 B= τὰ δένδρα ἐν φύλλοις χλωροῖς ver.4. ᾿ξ E = δώσετε. ἔσται co,Verify against page image/PDF before using as Greek-fragment or variant evidence.
data/raw/1_enoch_charles_1912_djvu.txt,35055,translation and notes,1 Enoch 5,21,9. καὶ οὐ μὴ πλημμελήσουσιν,Verify against page image/PDF before using as Greek-fragment or variant evidence.
data/raw/1_enoch_charles_1912_djvu.txt,35059,translation and notes,1 Enoch 6,18,VI. Καὶ ἐγένετο ὅταν ἐπλη-,Verify against page image/PDF before using as Greek-fragment or variant evidence.
data/raw/1_enoch_charles_1912_djvu.txt,35060,translation and notes,1 Enoch 6,24,"ὕνθησαν οἱ υἱοὶ τῶν ἀνθρώπων,",Verify against page image/PDF before using as Greek-fragment or variant evidence.
data/raw/1_enoch_charles_1912_djvu.txt,35064,translation and notes,1 Enoch 6,12,καταράσονται. * Perhaps cor-,Verify against page image/PDF before using as Greek-fragment or variant evidence.
data/raw/1_enoch_charles_1912_djvu.txt,35067,translation and notes,1 Enoch 6,16,S. reads καταλυσιν καταραν.,Verify against page image/PDF before using as Greek-fragment or variant evidence.
data/raw/1_enoch_charles_1912_djvu.txt,35081,translation and notes,1 Enoch 6,29,"ὁ, καὶ ἐν ὑμῖν xarapdoovrar! πάντες} οἱ καταρώμενοι,",Verify against page image/PDF before using as Greek-fragment or variant evidence.
data/raw/1_enoch_charles_1912_djvu.txt,35082,translation and notes,1 Enoch 6,42,"6. ‘kal πάντες} οἱ ἁμαρτωλοὶ Γκαὶ ἀσεβεῖς"" ἐν ὑμῖν ὀμοῦνται,",High-density Greek OCR line; verify against page image/PDF before source-row import.
data/raw/1_enoch_charles_1912_djvu.txt,35083,translation and notes,1 Enoch 6,29,ὑμῖν δὲ τοῖς ἀσεβέσιν ἔσται κατάρα.,Verify against page image/PDF before using as Greek-fragment or variant evidence.
data/raw/1_enoch_charles_1912_djvu.txt,35086,translation and notes,1 Enoch 6,29,"Γκαὶ πάντες οἱ F αμαρτοι 5 1 χαρήσονται,",Verify against page image/PDF before using as Greek-fragment or variant evidence.
data/raw/1_enoch_charles_1912_djvu.txt,35087,translation and notes,1 Enoch 6,27,"6. καὶ ἔσται [αὐτοῖς] λύσις ἁμαρτιῶν,",Verify against page image/PDF before using as Greek-fragment or variant evidence.
data/raw/1_enoch_charles_1912_djvu.txt,35089,translation and notes,1 Enoch 6,32,"J. καὶ πᾶν ἔλεος καὶ εἰρήνη καὶ ἐπιείκεια,",Verify against page image/PDF before using as Greek-fragment or variant evidence.
data/raw/1_enoch_charles_1912_djvu.txt,35090,translation and notes,1 Enoch 6,27,"7. ἔσται αὐτοῖς σωτηρία, φῶς ἀγαθόν.",Verify against page image/PDF before using as Greek-fragment or variant evidence.
data/raw/1_enoch_charles_1912_djvu.txt,35092,translation and notes,1 Enoch 6,29,"h. [καὶ αὐτοὶ κληρονομήσουσιν τὴν γῆν ] 3,",Verify against page image/PDF before using as Greek-fragment or variant evidence.
data/raw/1_enoch_charles_1912_djvu.txt,35095,translation and notes,1 Enoch 6,44,"ἢ, καὶ πᾶσιν ὑμῖν τοῖς ἁμαρτωλοῖς οὐχ ὑπάρξει σωτηρία",High-density Greek OCR line; verify against page image/PDF before source-row import.
data/raw/1_enoch_charles_1912_djvu.txt,35098,translation and notes,1 Enoch 6,32,J. ἀλλ᾽ ἐπὶ πάντας ὑμᾶς καταλύσει κατάρα,Verify against page image/PDF before using as Greek-fragment or variant evidence.
data/raw/1_enoch_charles_1912_djvu.txt,35100,translation and notes,1 Enoch 6,41,"καὶ τοῖς ἐκλεκτοῖς ἔσται φῶς καὶ χάρις καὶ εἰρήνη,",High-density Greek OCR line; verify against page image/PDF before source-row import.
data/raw/1_enoch_charles_1912_djvu.txt,35102,translation and notes,1 Enoch 6,29,καὶ αὐτοὶ κληρονομήσουσιν τὴν γῆν.,Verify against page image/PDF before using as Greek-fragment or variant evidence.
data/raw/1_enoch_charles_1912_djvu.txt,35105,translation and notes,1 Enoch 6,32,"8, τότε δοθήσεται τοῖς ἐκλεκτοῖς ἢ σοφία,",Verify against page image/PDF before using as Greek-fragment or variant evidence.
data/raw/1_enoch_charles_1912_djvu.txt,35107,translation and notes,1 Enoch 6,44,καὶ πάντες οὗτοι ζήσονται καὶ οὐ μὴ ἁμαρτήσονται ἔτι,High-density Greek OCR line; verify against page image/PDF before source-row import.
data/raw/1_enoch_charles_1912_djvu.txt,35108,translation and notes,1 Enoch 6,28,"ov κατ᾽ ἀσέβειαν ὃ οὔτε ὑπερηφανίαν,",Verify against page image/PDF before using as Greek-fragment or variant evidence.
data/raw/1_enoch_charles_1912_djvu.txt,35109,translation and notes,1 Enoch 6,45,Γκαὶ ἔσται ἐν ἀνθρώπῳ πεφωτισμένῳ φῶς καὶ ἀνθρώπῳ ἐπι-,High-density Greek OCR line; verify against page image/PDF before source-row import.
data/raw/1_enoch_charles_1912_djvu.txt,35112,translation and notes,1 Enoch 6,36,οὐδὲ μὴ ἁμάρτωσιν πάσας τὰς ἡμέρας τῆς ζωῆς wil,Verify against page image/PDF before using as Greek-fragment or variant evidence.
data/raw/1_enoch_charles_1912_djvu.txt,35113,translation and notes,1 Enoch 6,28,"καὶ οὐ μὴ ἀποθάνωσιν ἐν ὀργῇ θυμοῦ §,",Verify against page image/PDF before using as Greek-fragment or variant evidence.
data/raw/1_enoch_charles_1912_djvu.txt,35114,translation and notes,1 Enoch 6,29,ἀλλὰ τὸν ἀριθμὸν αὐτῶν ζωῆς ἡμερῶν esnakiadedl,Verify against page image/PDF before using as Greek-fragment or variant evidence.
data/raw/1_enoch_charles_1912_djvu.txt,35117,translation and notes,1 Enoch 6,32,"καὶ ἡ ζωὴ ἢ αὐτῶν αὐξηθήσεται ἐν εἰρήνῃ,",Verify against page image/PDF before using as Greek-fragment or variant evidence.
data/raw/1_enoch_charles_1912_djvu.txt,35118,translation and notes,1 Enoch 6,34,καὶ τὰ ἔτη τῆς χαρᾶς αὐτῶν πληθυνθήσεται,Verify against page image/PDF before using as Greek-fragment or variant evidence.
data/raw/1_enoch_charles_1912_djvu.txt,35119,translation and notes,1 Enoch 6,27,ἐν ἀγαλλιάσει καὶ εἰρήνῃ αἰῶνος,Verify against page image/PDF before using as Greek-fragment or variant evidence.
data/raw/1_enoch_charles_1912_djvu.txt,35121,translation and notes,1 Enoch 6,31,ἐν πάσαις ταῖς ἡμέραις τῆς ζωῆς αὐτῶν.,Verify against page image/PDF before using as Greek-fragment or variant evidence.
data/raw/1_enoch_charles_1912_djvu.txt,35125,translation and notes,1 Enoch 6,17,VI. Kal ἐγένετο ὅτε ἐπληθύν-,Verify against page image/PDF before using as Greek-fragment or variant evidence.
data/raw/1_enoch_charles_1912_djvu.txt,35126,translation and notes,1 Enoch 6,22,"θησαν οἱ υἱοὶ τῶν ἀνθρώπων,",Verify against page image/PDF before using as Greek-fragment or variant evidence.
data/raw/1_enoch_charles_1912_djvu.txt,35129,translation and notes,1 Enoch 6,19,"7Zaband 8a [φῶς καὶ χάρις, καὶ αὐτοὶ",Verify against page image/PDF before using as Greek-fragment or variant evidence.
data/raw/1_enoch_charles_1912_djvu.txt,35130,translation and notes,1 Enoch 6,34,"κληρονομήσουσιν τὴν γῆν, τότε δοθήσεται",Verify against page image/PDF before using as Greek-fragment or variant evidence.
data/raw/1_enoch_charles_1912_djvu.txt,35131,translation and notes,1 Enoch 6,19,πᾶσιν τοῖς ἐκλεκτοῖς. δ Emended,Verify against page image/PDF before using as Greek-fragment or variant evidence.
data/raw/1_enoch_charles_1912_djvu.txt,35132,translation and notes,1 Enoch 6,12,from ἀλήθειαν with E. ΤῈ = οἱ,Verify against page image/PDF before using as Greek-fragment or variant evidence.
data/raw/1_enoch_charles_1912_djvu.txt,35133,translation and notes,1 Enoch 6,31,δὲ τὴν σοφίαν ἔχοντες πραεῖς ἔσονται.,Verify against page image/PDF before using as Greek-fragment or variant evidence.
data/raw/1_enoch_charles_1912_djvu.txt,35134,translation and notes,1 Enoch 6,11,8 E = ὀργῇ καὶ θυμῷ. 9 E = plural.,Verify against page image/PDF before using as Greek-fragment or variant evidence.
data/raw/1_enoch_charles_1912_djvu.txt,35142,translation and notes,1 Enoch 6,27,ἐν ἐκείναις ταῖς ἡμέραις ἐγεῤνή-,Verify against page image/PDF before using as Greek-fragment or variant evidence.
data/raw/1_enoch_charles_1912_djvu.txt,35146,translation and notes,1 Enoch 6,23,"θησαν θυγατέρες ὡραῖαι ""καὶ",Verify against page image/PDF before using as Greek-fragment or variant evidence.
data/raw/1_enoch_charles_1912_djvu.txt,35149,translation and notes,1 Enoch 6,17,καλαί. 2. καὶ ἐθεάσαντο!,Verify against page image/PDF before using as Greek-fragment or variant evidence.
data/raw/1_enoch_charles_1912_djvu.txt,35151,translation and notes,1 Enoch 6,21,αὐτὰς οἱ ἄγγελοι viol οὐρανοῦ,Verify against page image/PDF before using as Greek-fragment or variant evidence.
data/raw/1_enoch_charles_1912_djvu.txt,35152,translation and notes,1 Enoch 6,26,"καὶ ἐπεθύμησαν αὐτάς, καὶ εἶπαν",Verify against page image/PDF before using as Greek-fragment or variant evidence.
data/raw/1_enoch_charles_1912_djvu.txt,35154,translation and notes,1 Enoch 6,27,πρὸς ἀλλήλους] Δεῦτε ἐκλεξώμεθα,Verify against page image/PDF before using as Greek-fragment or variant evidence.
data/raw/1_enoch_charles_1912_djvu.txt,35155,translation and notes,1 Enoch 6,26,ἑαυτοῖς γυναῖκας ἀπὸ τῶν ἀνθρώ-,Verify against page image/PDF before using as Greek-fragment or variant evidence.
data/raw/1_enoch_charles_1912_djvu.txt,35161,translation and notes,1 Enoch 6,23,"πων"", καὶ γεννήσομεν ἑαυτοῖς",Verify against page image/PDF before using as Greek-fragment or variant evidence.
data/raw/1_enoch_charles_1912_djvu.txt,35164,translation and notes,1 Enoch 6,24,τέκνα. δὅ. καὶ εἶπεν Σεμειαζᾶς,Verify against page image/PDF before using as Greek-fragment or variant evidence.
data/raw/1_enoch_charles_1912_djvu.txt,35165,translation and notes,1 Enoch 6,24,"πρὸς αὐτούς, ὃς ἦν ἄρχων αὐτῶν,",Verify against page image/PDF before using as Greek-fragment or variant evidence.
data/raw/1_enoch_charles_1912_djvu.txt,35166,translation and notes,1 Enoch 6,24,Φοβοῦμαι μὴ οὐ θελήσετε ποιῆ-,Verify against page image/PDF before using as Greek-fragment or variant evidence.
data/raw/1_enoch_charles_1912_djvu.txt,35167,translation and notes,1 Enoch 6,25,"σαι τὸ πρᾶγμα τοῦτο, καὶ ἔσομαι",Verify against page image/PDF before using as Greek-fragment or variant evidence.
data/raw/1_enoch_charles_1912_djvu.txt,35168,translation and notes,1 Enoch 6,21,ἐγὼ μόνος ὀφειλέτης ἅμαρ-,Verify against page image/PDF before using as Greek-fragment or variant evidence.
data/raw/1_enoch_charles_1912_djvu.txt,35169,translation and notes,1 Enoch 6,8,4. ἀπεκρίθη-,Verify against page image/PDF before using as Greek-fragment or variant evidence.
data/raw/1_enoch_charles_1912_djvu.txt,35173,translation and notes,1 Enoch 6,25,σαν οὖν αὑτῷ πάντες ᾿Ομόσωμεν,Verify against page image/PDF before using as Greek-fragment or variant evidence.
data/raw/1_enoch_charles_1912_djvu.txt,35176,translation and notes,1 Enoch 6,11,τίας μεγάλης.,Verify against page image/PDF before using as Greek-fragment or variant evidence.
data/raw/1_enoch_charles_1912_djvu.txt,35179,translation and notes,1 Enoch 6,27,ὅρκῳ πάντες καὶ ἀναθεματίσωμεν,Verify against page image/PDF before using as Greek-fragment or variant evidence.
data/raw/1_enoch_charles_1912_djvu.txt,35180,translation and notes,1 Enoch 6,26,πάντες ἀλλήλους μὴ ἀποστρέψαι,Verify against page image/PDF before using as Greek-fragment or variant evidence.
data/raw/1_enoch_charles_1912_djvu.txt,35181,translation and notes,1 Enoch 6,25,"τὴν γνώμην ταύτην, μέχρις οὗ ἂν",Verify against page image/PDF before using as Greek-fragment or variant evidence.
data/raw/1_enoch_charles_1912_djvu.txt,35183,translation and notes,1 Enoch 6,24,τελέσωμεν αὐτὴν καὶ ὃ ποιήσω-,Verify against page image/PDF before using as Greek-fragment or variant evidence.
data/raw/1_enoch_charles_1912_djvu.txt,35184,translation and notes,1 Enoch 6,20,μεν τὸ πρᾶγμα τοῦτο. 5. τότε,Verify against page image/PDF before using as Greek-fragment or variant evidence.
data/raw/1_enoch_charles_1912_djvu.txt,35186,translation and notes,1 Enoch 6,26,ὄμοσαν πάντες ὁμοῦ καὶ ἀνεθεμά-,Verify against page image/PDF before using as Greek-fragment or variant evidence.
data/raw/1_enoch_charles_1912_djvu.txt,35189,translation and notes,1 Enoch 6,19,τισαν ἀλλήλους ἐν αὐτῷ... ...,Verify against page image/PDF before using as Greek-fragment or variant evidence.
data/raw/1_enoch_charles_1912_djvu.txt,35192,translation and notes,1 Enoch 6,20,7. Καὶ ταῦτα τὰ ὀνόματα τῶν,Verify against page image/PDF before using as Greek-fragment or variant evidence.
data/raw/1_enoch_charles_1912_djvu.txt,35193,translation and notes,1 Enoch 6,13,"ἀρχόντων αὐτῶν""",Verify against page image/PDF before using as Greek-fragment or variant evidence.
data/raw/1_enoch_charles_1912_djvu.txt,35194,translation and notes,1 Enoch 6,10,"᾿Αροθάκ, Κιμ-",Verify against page image/PDF before using as Greek-fragment or variant evidence.
data/raw/1_enoch_charles_1912_djvu.txt,35195,translation and notes,1 Enoch 6,18,"βρά, Σαμμανή, Δανειήλ,᾽ Apeapas,",Verify against page image/PDF before using as Greek-fragment or variant evidence.
data/raw/1_enoch_charles_1912_djvu.txt,35196,translation and notes,1 Enoch 6,22,"Σεμιήλ, ᾿Ιωμειήλ, Χωχαριήλ,",Verify against page image/PDF before using as Greek-fragment or variant evidence.
data/raw/1_enoch_charles_1912_djvu.txt,35197,translation and notes,1 Enoch 6,22,"“Ε(εκιήλ, Βατριήλ, Σαθιήλ, ᾿Ατ-",Verify against page image/PDF before using as Greek-fragment or variant evidence.
data/raw/1_enoch_charles_1912_djvu.txt,35198,translation and notes,1 Enoch 6,17,"ριήλ, Ταμιήλ, Bapaxind, Ανανθάν,",Verify against page image/PDF before using as Greek-fragment or variant evidence.
data/raw/1_enoch_charles_1912_djvu.txt,35201,translation and notes,1 Enoch 6,12,"ἦν ἄρχων αὐτῶν""",Verify against page image/PDF before using as Greek-fragment or variant evidence.
data/raw/1_enoch_charles_1912_djvu.txt,35205,translation and notes,1 Enoch 6,8,ἀνθρώπων.,Verify against page image/PDF before using as Greek-fragment or variant evidence.
data/raw/1_enoch_charles_1912_djvu.txt,35215,translation and notes,1 Enoch 6,12,"Σεμιαζά, οὗτος.",Verify against page image/PDF before using as Greek-fragment or variant evidence.
data/raw/1_enoch_charles_1912_djvu.txt,35247,translation and notes,1 Enoch 6,26,ἐγεννήθησαν αὐτοῖς θυγατέρες,Verify against page image/PDF before using as Greek-fragment or variant evidence.
data/raw/1_enoch_charles_1912_djvu.txt,35248,translation and notes,1 Enoch 6,19,ὡραῖαι. 2. καὶ ἐπεθύμησαν,Verify against page image/PDF before using as Greek-fragment or variant evidence.
data/raw/1_enoch_charles_1912_djvu.txt,35251,translation and notes,1 Enoch 6,27,αὐτὰς οἱ ἐγρήγοροι [καὶ ἀπεπλανή-,Verify against page image/PDF before using as Greek-fragment or variant evidence.
data/raw/1_enoch_charles_1912_djvu.txt,35252,translation and notes,1 Enoch 6,23,"θησαν ὀπίσω αὐτῶν, καὶ εἶπον.",Verify against page image/PDF before using as Greek-fragment or variant evidence.
data/raw/1_enoch_charles_1912_djvu.txt,35253,translation and notes,1 Enoch 6,19,ἀλλήλους ᾿Εκλεξώμεθα.,Verify against page image/PDF before using as Greek-fragment or variant evidence.
data/raw/1_enoch_charles_1912_djvu.txt,35257,translation and notes,1 Enoch 6,25,ἑαυτοῖς γυναῖκας ἀπὸ τῶν θυγα-,Verify against page image/PDF before using as Greek-fragment or variant evidence.
data/raw/1_enoch_charles_1912_djvu.txt,35263,translation and notes,1 Enoch 6,22,τέρων τῶν ἀνθρώπων τῆς γῆς.,Verify against page image/PDF before using as Greek-fragment or variant evidence.
data/raw/1_enoch_charles_1912_djvu.txt,35264,translation and notes,1 Enoch 6,20,3. καὶ εἶπε Σεμιαζᾶς 6 ἄρχων,Verify against page image/PDF before using as Greek-fragment or variant evidence.
data/raw/1_enoch_charles_1912_djvu.txt,35265,translation and notes,1 Enoch 6,25,αὐτῶν πρὸς αὐτούς Φοβοῦμαι μὴ,Verify against page image/PDF before using as Greek-fragment or variant evidence.
data/raw/1_enoch_charles_1912_djvu.txt,35266,translation and notes,1 Enoch 6,25,οὐ θελήσητε ποιῆσαι τὸ πρᾶγμα,Verify against page image/PDF before using as Greek-fragment or variant evidence.
data/raw/1_enoch_charles_1912_djvu.txt,35267,translation and notes,1 Enoch 6,22,"τοῦτο, καὶ ἔσομαι ἐγὼ μόνος",Verify against page image/PDF before using as Greek-fragment or variant evidence.
data/raw/1_enoch_charles_1912_djvu.txt,35268,translation and notes,1 Enoch 6,16,ὀφειλέτης μεγάλης.,Verify against page image/PDF before using as Greek-fragment or variant evidence.
data/raw/1_enoch_charles_1912_djvu.txt,35269,translation and notes,1 Enoch 6,24,4. καὶ ἀπεκρίθησαν αὐτῷ πάντες,Verify against page image/PDF before using as Greek-fragment or variant evidence.
data/raw/1_enoch_charles_1912_djvu.txt,35273,translation and notes,1 Enoch 6,8,ἁμαρτίας,Verify against page image/PDF before using as Greek-fragment or variant evidence.
data/raw/1_enoch_charles_1912_djvu.txt,35274,translation and notes,1 Enoch 6,24,καὶ εἶπον! ᾽Ομόσωμεν ἅπαντες,Verify against page image/PDF before using as Greek-fragment or variant evidence.
data/raw/1_enoch_charles_1912_djvu.txt,35275,translation and notes,1 Enoch 6,25,ὅρκῳ καὶ ἀναθεματίσωμεν ἀλλή-,Verify against page image/PDF before using as Greek-fragment or variant evidence.
data/raw/1_enoch_charles_1912_djvu.txt,35276,translation and notes,1 Enoch 6,22,λους τοῦ μὴ ἀποστρέψαι τὴν,Verify against page image/PDF before using as Greek-fragment or variant evidence.
data/raw/1_enoch_charles_1912_djvu.txt,35277,translation and notes,1 Enoch 6,25,"γνώμην ταύτην, μέχρις οὗ ἀποτε",Verify against page image/PDF before using as Greek-fragment or variant evidence.
data/raw/1_enoch_charles_1912_djvu.txt,35278,translation and notes,1 Enoch 6,19,"λέσωμεν αὐτήν. 5, τότε πάν-",Verify against page image/PDF before using as Greek-fragment or variant evidence.
data/raw/1_enoch_charles_1912_djvu.txt,35279,translation and notes,1 Enoch 6,24,τες ὦὥμοσαν ὁμοῦ. καὶ ἀνεθεμά-,Verify against page image/PDF before using as Greek-fragment or variant evidence.
data/raw/1_enoch_charles_1912_djvu.txt,35280,translation and notes,1 Enoch 6,17,τισαν ἀλλήλους. | 6. ἦσαν de,Verify against page image/PDF before using as Greek-fragment or variant evidence.
data/raw/1_enoch_charles_1912_djvu.txt,35281,translation and notes,1 Enoch 6,26,οὗτοι διακόσιοι of καταβάντες ἐν,Verify against page image/PDF before using as Greek-fragment or variant evidence.
data/raw/1_enoch_charles_1912_djvu.txt,35282,translation and notes,1 Enoch 6,27,ταῖς ἡμέραις ᾿Ιάρεὃ «εἰς τὴν κορυ-,Verify against page image/PDF before using as Greek-fragment or variant evidence.
data/raw/1_enoch_charles_1912_djvu.txt,35283,translation and notes,1 Enoch 6,20,"giv τοῦ “Ἑρμονιεὶμ ὄρους, καὶ",Verify against page image/PDF before using as Greek-fragment or variant evidence.
data/raw/1_enoch_charles_1912_djvu.txt,35284,translation and notes,1 Enoch 6,22,"ἐκάλεσαν τὸ ὄρος ᾿“Ερμώμ, κα-",Verify against page image/PDF before using as Greek-fragment or variant evidence.
data/raw/1_enoch_charles_1912_djvu.txt,35285,translation and notes,1 Enoch 6,25,θότι ὥμοσαν καὶ ἀνεθεμάτισαν,Verify against page image/PDF before using as Greek-fragment or variant evidence.
data/raw/1_enoch_charles_1912_djvu.txt,35286,translation and notes,1 Enoch 6,14,ἀλλήλους ἐν αὐτῷ “. ;,Verify against page image/PDF before using as Greek-fragment or variant evidence.
data/raw/1_enoch_charles_1912_djvu.txt,35287,translation and notes,1 Enoch 6,18,7. Καὶ ταῦτα τὰ ὀνόματα τ',Verify against page image/PDF before using as Greek-fragment or variant evidence.
data/raw/1_enoch_charles_1912_djvu.txt,35288,translation and notes,1 Enoch 6,23,"ἀρχόντων αὐτῶν"" α΄ Σεμιαζᾶς, o",Verify against page image/PDF before using as Greek-fragment or variant evidence.
data/raw/1_enoch_charles_1912_djvu.txt,35289,translation and notes,1 Enoch 6,21,"ἄρχων αὐτῶν, β' ᾿Αταρκούφ, γ",Verify against page image/PDF before using as Greek-fragment or variant evidence.
data/raw/1_enoch_charles_1912_djvu.txt,35290,translation and notes,1 Enoch 6,24,"᾿Αρακιήλ, δ΄ Χωβαβιήλ, ε΄ Ὅραμ",Verify against page image/PDF before using as Greek-fragment or variant evidence.
data/raw/1_enoch_charles_1912_djvu.txt,35291,translation and notes,1 Enoch 6,19,"μαμή, ς΄ Ῥαμιήλ, (΄ Σαμψίχ, 9",Verify against page image/PDF before using as Greek-fragment or variant evidence.
data/raw/1_enoch_charles_1912_djvu.txt,35292,translation and notes,1 Enoch 6,23,"Ζακιήλ, θ΄ Βαλκιήλ, v ᾿Αζαλζήλ.",Verify against page image/PDF before using as Greek-fragment or variant evidence.
data/raw/1_enoch_charles_1912_djvu.txt,35293,translation and notes,1 Enoch 6,22,"ια΄ Φαρμαρός, ιβ΄ ᾿Αμαριήλ, 17",Verify against page image/PDF before using as Greek-fragment or variant evidence.
data/raw/1_enoch_charles_1912_djvu.txt,35324,translation and notes,1 Enoch 6,17,"( ωνιήλ, 'Ραμιήλ, ᾿Ασεάλ, ‘Pa-",Verify against page image/PDF before using as Greek-fragment or variant evidence.
data/raw/1_enoch_charles_1912_djvu.txt,35325,translation and notes,1 Enoch 6,12,"κειήλ, Τουριήλ.",Verify against page image/PDF before using as Greek-fragment or variant evidence.
data/raw/1_enoch_charles_1912_djvu.txt,35326,translation and notes,1 Enoch 6,16,"ἀρχαὶ αὐτῶν οἱ δέκα.""",Verify against page image/PDF before using as Greek-fragment or variant evidence.
data/raw/1_enoch_charles_1912_djvu.txt,35331,translation and notes,1 Enoch 6,22,"γυναῖκαν"" ἕκαστος αὐτῶν ἄν",Verify against page image/PDF before using as Greek-fragment or variant evidence.
data/raw/1_enoch_charles_1912_djvu.txt,35334,translation and notes,1 Enoch 6,10,8. οὗτοί εἰσιν,Verify against page image/PDF before using as Greek-fragment or variant evidence.
data/raw/1_enoch_charles_1912_djvu.txt,35338,translation and notes,1 Enoch 6,19,"avro ἑαυτοῖς γυναῖκας ὃ, καὶ",Verify against page image/PDF before using as Greek-fragment or variant evidence.
data/raw/1_enoch_charles_1912_djvu.txt,35340,translation and notes,1 Enoch 6,22,"as καὶ μιαίνεσθαι ὃ ἐν αὐταῖς""",Verify against page image/PDF before using as Greek-fragment or variant evidence.
data/raw/1_enoch_charles_1912_djvu.txt,35341,translation and notes,1 Enoch 6,26,καὶ ἐδίδαξαν αὐτὰς φαρμακείας,Verify against page image/PDF before using as Greek-fragment or variant evidence.
data/raw/1_enoch_charles_1912_djvu.txt,35342,translation and notes,1 Enoch 6,24,"ἐπαοιδὰς καὶ ῥιζοτομίας, καὶ",Verify against page image/PDF before using as Greek-fragment or variant evidence.
data/raw/1_enoch_charles_1912_djvu.txt,35343,translation and notes,1 Enoch 6,21,βοτάνας ἐδήλωσαν αὐταῖς.,Verify against page image/PDF before using as Greek-fragment or variant evidence.
data/raw/1_enoch_charles_1912_djvu.txt,35344,translation and notes,1 Enoch 6,20,Αἱ 8 δὲ ἐν γαστρὶ λαβοῦσαι,Verify against page image/PDF before using as Greek-fragment or variant evidence.
data/raw/1_enoch_charles_1912_djvu.txt,35347,translation and notes,1 Enoch 6,17,εἰσπορεύεσθαι πρὸς,Verify against page image/PDF before using as Greek-fragment or variant evidence.
data/raw/1_enoch_charles_1912_djvu.txt,35353,translation and notes,1 Enoch 6,18,éréxooay γίγαντας μεγάλους ἐκ,Verify against page image/PDF before using as Greek-fragment or variant evidence.
data/raw/1_enoch_charles_1912_djvu.txt,35354,translation and notes,1 Enoch 6,21,"Ἰχῶν τρισχιλίων, 8. οἵτινες",Verify against page image/PDF before using as Greek-fragment or variant evidence.
data/raw/1_enoch_charles_1912_djvu.txt,35357,translation and notes,1 Enoch 6,23,κατέσθοσαν τοὺς κόπους τῶν,Verify against page image/PDF before using as Greek-fragment or variant evidence.
data/raw/1_enoch_charles_1912_djvu.txt,35360,translation and notes,1 Enoch 6,14,d ὡς δὲ 11 οὐκ ἐδυνήθη-,Verify against page image/PDF before using as Greek-fragment or variant evidence.
data/raw/1_enoch_charles_1912_djvu.txt,35361,translation and notes,1 Enoch 6,17,ie αν abrois of ἄνθρωποι ἐπιχορη-,Verify against page image/PDF before using as Greek-fragment or variant evidence.
data/raw/1_enoch_charles_1912_djvu.txt,35362,translation and notes,1 Enoch 6,22,Ν᾽ ὁ τάς οἱ γίγαντες ἐτόλμη-,Verify against page image/PDF before using as Greek-fragment or variant evidence.
data/raw/1_enoch_charles_1912_djvu.txt,35363,translation and notes,1 Enoch 6,23,"y12 ἐπ᾽ αὐτούς, καὶ κατεσθίοσαν",Verify against page image/PDF before using as Greek-fragment or variant evidence.
data/raw/1_enoch_charles_1912_djvu.txt,35366,translation and notes,1 Enoch 6,17,οὺς ἀνθρώπους. 5. καὶ ἤρ-,Verify against page image/PDF before using as Greek-fragment or variant evidence.
data/raw/1_enoch_charles_1912_djvu.txt,35367,translation and notes,1 Enoch 6,26,ξαντο ἁμαρτάνειν ἐν τοῖς πετει-,Verify against page image/PDF before using as Greek-fragment or variant evidence.
data/raw/1_enoch_charles_1912_djvu.txt,35368,translation and notes,1 Enoch 6,10,ois καὶ tots (@)nplois καὶ ἑρπέ-,Verify against page image/PDF before using as Greek-fragment or variant evidence.
data/raw/1_enoch_charles_1912_djvu.txt,35369,translation and notes,1 Enoch 6,23,"; ἧς καὶ τοῖς (ἰχθύσιν, καὶ ἀλλή-",Verify against page image/PDF before using as Greek-fragment or variant evidence.
data/raw/1_enoch_charles_1912_djvu.txt,35371,translation and notes,1 Enoch 6,23,"ν τὰς (σ)άρκας κατεσθίειν, καὶ",Verify against page image/PDF before using as Greek-fragment or variant evidence.
data/raw/1_enoch_charles_1912_djvu.txt,35374,translation and notes,1 Enoch 6,18,"τὸ αἷμα Ππυκα, 6. τότε ἡ γῆ",Verify against page image/PDF before using as Greek-fragment or variant evidence.
data/raw/1_enoch_charles_1912_djvu.txt,35375,translation and notes,1 Enoch 6,20,ν ἔτυχεν κατὰ τῶν ἀνόμων.,Verify against page image/PDF before using as Greek-fragment or variant evidence.
data/raw/1_enoch_charles_1912_djvu.txt,35379,translation and notes,1 Enoch 6,10,ng seems corrupt for ἀρχαὶ αὐτῶν,Verify against page image/PDF before using as Greek-fragment or variant evidence.
data/raw/1_enoch_charles_1912_djvu.txt,35382,translation and notes,1 Enoch 6,12,ὧν bted case of this in 19? αἱ γυναῖκες,Verify against page image/PDF before using as Greek-fragment or variant evidence.
data/raw/1_enoch_charles_1912_djvu.txt,35383,translation and notes,1 Enoch 6,14,ὑτῶν τῶν... ἀγγέλων. Radermacher,Verify against page image/PDF before using as Greek-fragment or variant evidence.
data/raw/1_enoch_charles_1912_djvu.txt,35384,translation and notes,1 Enoch 6,19,"ses ἀρχαὲ αὐτῶν οἱ (ἐπὶ) δέκα, but",Verify against page image/PDF before using as Greek-fragment or variant evidence.
data/raw/1_enoch_charles_1912_djvu.txt,35388,translation and notes,1 Enoch 6,16,éfato ἕκαστος ἑαυτῷ μίαν. * E=,Verify against page image/PDF before using as Greek-fragment or variant evidence.
data/raw/1_enoch_charles_1912_djvu.txt,35390,translation and notes,1 Enoch 6,23,"ὲ οἱ λοιποὶ πάντες per αὐτῶν καί,",Verify against page image/PDF before using as Greek-fragment or variant evidence.
data/raw/1_enoch_charles_1912_djvu.txt,35401,translation and notes,1 Enoch 6,13,"*Avaynuds, ιδ΄ Θαυσαήλ, ιε΄",Verify against page image/PDF before using as Greek-fragment or variant evidence.
data/raw/1_enoch_charles_1912_djvu.txt,35402,translation and notes,1 Enoch 6,22,"Σαμιήλ, is” Σαρινᾶς, ιζ΄ Εὐμιήλ,",Verify against page image/PDF before using as Greek-fragment or variant evidence.
data/raw/1_enoch_charles_1912_djvu.txt,35403,translation and notes,1 Enoch 6,24,"ιη΄ Τυριήλ, ιθ’ Ἰουμιήλ, x’ Σαριήλ.",Verify against page image/PDF before using as Greek-fragment or variant evidence.
data/raw/1_enoch_charles_1912_djvu.txt,35404,translation and notes,1 Enoch 7,12,VII. ἘοΟῦτοι καὶ οἱ,Verify against page image/PDF before using as Greek-fragment or variant evidence.
data/raw/1_enoch_charles_1912_djvu.txt,35408,translation and notes,1 Enoch 7,18,πάντες * [ἐν τῷ χιλιοστῷ éxaro-,Verify against page image/PDF before using as Greek-fragment or variant evidence.
data/raw/1_enoch_charles_1912_djvu.txt,35414,translation and notes,1 Enoch 7,23,στῷ ἑβδομηκοστῷ ἔτει τοῦ κό-,Verify against page image/PDF before using as Greek-fragment or variant evidence.
data/raw/1_enoch_charles_1912_djvu.txt,35415,translation and notes,1 Enoch 7,25,"σμου >| ἔλαβον ἑαυτοῖς γυναῖκας,",Verify against page image/PDF before using as Greek-fragment or variant evidence.
data/raw/1_enoch_charles_1912_djvu.txt,35416,translation and notes,1 Enoch 7,28,καὶ ἤρξαντο μιαίνεσθαι ἐν αὐταῖς,Verify against page image/PDF before using as Greek-fragment or variant evidence.
data/raw/1_enoch_charles_1912_djvu.txt,35417,translation and notes,1 Enoch 7,18,[ἕως τοῦ κατακλυσμοῦ] ἴ 2.,Verify against page image/PDF before using as Greek-fragment or variant evidence.
data/raw/1_enoch_charles_1912_djvu.txt,35418,translation and notes,1 Enoch 7,21,"kal ἔτεκον Γαὐτοῖς γένη τρία""",Verify against page image/PDF before using as Greek-fragment or variant evidence.
data/raw/1_enoch_charles_1912_djvu.txt,35419,translation and notes,1 Enoch 7,22,"πρῶτον} γίγαντας μεγάλους,",Verify against page image/PDF before using as Greek-fragment or variant evidence.
data/raw/1_enoch_charles_1912_djvu.txt,35420,translation and notes,1 Enoch 7,19,fot δὲ Γίγαντες f ἐτέκνωσαν tf 1,Verify against page image/PDF before using as Greek-fragment or variant evidence.
data/raw/1_enoch_charles_1912_djvu.txt,35421,translation and notes,1 Enoch 7,23,"Ναφηλείμ, καὶ τοῖς Ναφηλεὶμ",Verify against page image/PDF before using as Greek-fragment or variant evidence.
data/raw/1_enoch_charles_1912_djvu.txt,35422,translation and notes,1 Enoch 7,19,ἡ ἐγεννήθησαν f° ᾿Ελιούδ.,Verify against page image/PDF before using as Greek-fragment or variant evidence.
data/raw/1_enoch_charles_1912_djvu.txt,35423,translation and notes,1 Enoch 7,26,ἦσαν αὐξανόμενοι κατὰ τὴν μεγα-,Verify against page image/PDF before using as Greek-fragment or variant evidence.
data/raw/1_enoch_charles_1912_djvu.txt,35428,translation and notes,1 Enoch 7,24,λειότητα αὐτῶν. καὶ ἐδίδαξαν,Verify against page image/PDF before using as Greek-fragment or variant evidence.
data/raw/1_enoch_charles_1912_djvu.txt,35432,translation and notes,1 Enoch 7,21,"[ἑαυτοὺς καὶ] τὰς γυναῖκας,",Verify against page image/PDF before using as Greek-fragment or variant evidence.
data/raw/1_enoch_charles_1912_djvu.txt,35436,translation and notes,1 Enoch 7,27,ἑαυτῶν φαρμακείας καὶ ἐπαοιδάς.,Verify against page image/PDF before using as Greek-fragment or variant evidence.
data/raw/1_enoch_charles_1912_djvu.txt,35442,translation and notes,1 Enoch 8,25,δέκατος τῶν ἀρχόντων. ἐδίδαξε,Verify against page image/PDF before using as Greek-fragment or variant evidence.
data/raw/1_enoch_charles_1912_djvu.txt,35450,translation and notes,1 Enoch 8,9,μίγνυσθαι. 7 Addition of Syncellus.,Verify against page image/PDF before using as Greek-fragment or variant evidence.
data/raw/1_enoch_charles_1912_djvu.txt,35453,translation and notes,1 Enoch 8,13,to the original. 1° ἐτέκνωσαν and τοῖς,Verify against page image/PDF before using as Greek-fragment or variant evidence.
data/raw/1_enoch_charles_1912_djvu.txt,35454,translation and notes,1 Enoch 8,11,N” ἔγεννήθησαν may be corrupt. We,Verify against page image/PDF before using as Greek-fragment or variant evidence.
data/raw/1_enoch_charles_1912_djvu.txt,35456,translation and notes,1 Enoch 8,16,ἔκτειναν and of N” ἔκτειναν. uE=,Verify against page image/PDF before using as Greek-fragment or variant evidence.
data/raw/1_enoch_charles_1912_djvu.txt,35457,translation and notes,1 Enoch 8,9,"wore. 12 E = ἐτράπησαν, of which",Verify against page image/PDF before using as Greek-fragment or variant evidence.
data/raw/1_enoch_charles_1912_djvu.txt,35458,translation and notes,1 Enoch 8,9,ἐτόλμησαν seems a corruption.,Verify against page image/PDF before using as Greek-fragment or variant evidence.
data/raw/1_enoch_charles_1912_djvu.txt,35464,translation and notes,1 Enoch 94,18,VILL. ἘἘδίδαξεν τοὺς ἀνθρώ-,Verify against page image/PDF before using as Greek-fragment or variant evidence.
data/raw/1_enoch_charles_1912_djvu.txt,35465,translation and notes,1 Enoch 94,16,πους ᾿Αζαὴλ paxalpas ποιεῖν,Verify against page image/PDF before using as Greek-fragment or variant evidence.
data/raw/1_enoch_charles_1912_djvu.txt,35466,translation and notes,1 Enoch 94,24,καὶ ὅπλα καὶ ἀσπίδας καὶ θώρα-,Verify against page image/PDF before using as Greek-fragment or variant evidence.
data/raw/1_enoch_charles_1912_djvu.txt,35467,translation and notes,1 Enoch 94,19,"kas [διδάγματα ἀγγέλων], καὶ",Verify against page image/PDF before using as Greek-fragment or variant evidence.
data/raw/1_enoch_charles_1912_djvu.txt,35468,translation and notes,1 Enoch 94,24,ὑπέδειξεν αὐτοῖς τὰ μέταλλα,Verify against page image/PDF before using as Greek-fragment or variant evidence.
data/raw/1_enoch_charles_1912_djvu.txt,35469,translation and notes,1 Enoch 94,22,"καὶ τὴν ἐργασίαν αὐτῶν, καὶ",Verify against page image/PDF before using as Greek-fragment or variant evidence.
data/raw/1_enoch_charles_1912_djvu.txt,35470,translation and notes,1 Enoch 94,25,ψέλια καὶ κόσμους καὶ στίβεις 3,Verify against page image/PDF before using as Greek-fragment or variant evidence.
data/raw/1_enoch_charles_1912_djvu.txt,35471,translation and notes,1 Enoch 94,17,καλλιβλέφαρον ὃ καὶ,Verify against page image/PDF before using as Greek-fragment or variant evidence.
data/raw/1_enoch_charles_1912_djvu.txt,35472,translation and notes,1 Enoch 94,27,παντοίους λίθους ἐκλεκτοὺς καὶ,Verify against page image/PDF before using as Greek-fragment or variant evidence.
data/raw/1_enoch_charles_1912_djvu.txt,35476,translation and notes,1 Enoch 94,25,"ἀσέβεια πολλή, καὶ ἐπόρνευσαν",Verify against page image/PDF before using as Greek-fragment or variant evidence.
data/raw/1_enoch_charles_1912_djvu.txt,35481,translation and notes,1 Enoch 94,10,2. καὶ ἐγένετο,Verify against page image/PDF before using as Greek-fragment or variant evidence.
data/raw/1_enoch_charles_1912_djvu.txt,35484,translation and notes,1 Enoch 94,24,καὶ ἀπεπλανήθησαν καὶ ἠφανί-,Verify against page image/PDF before using as Greek-fragment or variant evidence.
data/raw/1_enoch_charles_1912_djvu.txt,35485,translation and notes,1 Enoch 94,23,σθησαν ἐν πάσαις ταῖς ὅδοῖς,Verify against page image/PDF before using as Greek-fragment or variant evidence.
data/raw/1_enoch_charles_1912_djvu.txt,35486,translation and notes,1 Enoch 94,16,3. Σεμιαζᾶς ἐδίδαξεν,Verify against page image/PDF before using as Greek-fragment or variant evidence.
data/raw/1_enoch_charles_1912_djvu.txt,35487,translation and notes,1 Enoch 94,24,ἐπα(οι)δὰς καὶ ῥιζοτομίας * ᾽Αρ-,Verify against page image/PDF before using as Greek-fragment or variant evidence.
data/raw/1_enoch_charles_1912_djvu.txt,35493,translation and notes,1 Enoch 94,16,"papas “ἐπαοιδῶν λυτήριον"" (Ba)-",Verify against page image/PDF before using as Greek-fragment or variant evidence.
data/raw/1_enoch_charles_1912_djvu.txt,35495,translation and notes,1 Enoch 94,26,ρακιὴλ Ἰ ἀστρολογίας ὃ: Χωχιὴλϊ,Verify against page image/PDF before using as Greek-fragment or variant evidence.
data/raw/1_enoch_charles_1912_djvu.txt,35498,translation and notes,1 Enoch 94,19,"τὰ σημειωτικά"" Σαθ(ι)ὴλϊ dorepo-",Verify against page image/PDF before using as Greek-fragment or variant evidence.
data/raw/1_enoch_charles_1912_djvu.txt,35501,translation and notes,1 Enoch 94,22,σκοπίαν 3: Σεριὴ(λ) Τ σεληναγω-,Verify against page image/PDF before using as Greek-fragment or variant evidence.
data/raw/1_enoch_charles_1912_djvu.txt,35503,translation and notes,1 Enoch 94,14,1 MS. μεγαλα. 3 GS has στίλβειν which,Verify against page image/PDF before using as Greek-fragment or variant evidence.
data/raw/1_enoch_charles_1912_djvu.txt,35506,translation and notes,1 Enoch 94,9,"is corrupt; Diels emends to στιβίζειν,",Verify against page image/PDF before using as Greek-fragment or variant evidence.
data/raw/1_enoch_charles_1912_djvu.txt,35507,translation and notes,1 Enoch 94,13,3 Since G* has τὸ καλλωπίζειν the Aram.,Verify against page image/PDF before using as Greek-fragment or variant evidence.
data/raw/1_enoch_charles_1912_djvu.txt,35509,translation and notes,1 Enoch 94,16,adds τὰ μέταλλα τῆς γῆς---ἃ doublet.,Verify against page image/PDF before using as Greek-fragment or variant evidence.
data/raw/1_enoch_charles_1912_djvu.txt,35538,translation and notes,1 Enoch 94,27,ποιεῖν μαχαίρας καὶ θώρακας καὶ,Verify against page image/PDF before using as Greek-fragment or variant evidence.
data/raw/1_enoch_charles_1912_djvu.txt,35541,translation and notes,1 Enoch 94,21,"Ἴ σκεῦος πολεμικόν, καὶ τὸ",Verify against page image/PDF before using as Greek-fragment or variant evidence.
data/raw/1_enoch_charles_1912_djvu.txt,35545,translation and notes,1 Enoch 94,22,μέταλλα τῆς ys! καὶ τὸ χρυσίον,Verify against page image/PDF before using as Greek-fragment or variant evidence.
data/raw/1_enoch_charles_1912_djvu.txt,35546,translation and notes,1 Enoch 94,26,πῶς ἐργάφωνται καὶ Γποιήσωσιν,Verify against page image/PDF before using as Greek-fragment or variant evidence.
data/raw/1_enoch_charles_1912_djvu.txt,35547,translation and notes,1 Enoch 94,20,"αὐτὰ! κόσμια “rats γυναιξί, καὶ",Verify against page image/PDF before using as Greek-fragment or variant evidence.
data/raw/1_enoch_charles_1912_djvu.txt,35548,translation and notes,1 Enoch 94,27,τὸν ἄργυρον ἔδειξε δὲ αὐτοῖς} καὶ,Verify against page image/PDF before using as Greek-fragment or variant evidence.
data/raw/1_enoch_charles_1912_djvu.txt,35549,translation and notes,1 Enoch 94,12,τὸ torlABewt? καὶ τὸ καλλω-,Verify against page image/PDF before using as Greek-fragment or variant evidence.
data/raw/1_enoch_charles_1912_djvu.txt,35550,translation and notes,1 Enoch 94,28,πίζειν καὶ τοὺς ἐκλεκτοὺς λίθους,Verify against page image/PDF before using as Greek-fragment or variant evidence.
data/raw/1_enoch_charles_1912_djvu.txt,35551,translation and notes,1 Enoch 94,19,καὶ τὰ βαφικά' ‘Kal ἐποίησαν éav-,Verify against page image/PDF before using as Greek-fragment or variant evidence.
data/raw/1_enoch_charles_1912_djvu.txt,35552,translation and notes,1 Enoch 94,28,τοῖς οἱ υἱοὶ τῶν ἀνθρώπων καὶ ταῖς,Verify against page image/PDF before using as Greek-fragment or variant evidence.
data/raw/1_enoch_charles_1912_djvu.txt,35553,translation and notes,1 Enoch 94,27,"θυγατράσιν αὐτῶν, καὶ παρέβησαν",Verify against page image/PDF before using as Greek-fragment or variant evidence.
data/raw/1_enoch_charles_1912_djvu.txt,35554,translation and notes,1 Enoch 94,22,"καὶ ἐπλάνησαν τοὺς ἁγίους"". 2.",Verify against page image/PDF before using as Greek-fragment or variant evidence.
data/raw/1_enoch_charles_1912_djvu.txt,35555,translation and notes,1 Enoch 94,25,καὶ ἐγένετο ἀσέβεια πολλὴ [ἐπὶ,Verify against page image/PDF before using as Greek-fragment or variant evidence.
data/raw/1_enoch_charles_1912_djvu.txt,35556,translation and notes,1 Enoch 94,24,"τῆς γῆς,"" καὶ ἠφάνισαν τὰς ὁδοὺ",Verify against page image/PDF before using as Greek-fragment or variant evidence.
data/raw/1_enoch_charles_1912_djvu.txt,35557,translation and notes,1 Enoch 94,19,αὐτῶν. 8. Γἔτι δὲ καὶ ὁ πρώτ-,Verify against page image/PDF before using as Greek-fragment or variant evidence.
data/raw/1_enoch_charles_1912_djvu.txt,35558,translation and notes,1 Enoch 94,21,apxos αὐτῶν! Σεμιαζᾶς ἐδίδαξεν,Verify against page image/PDF before using as Greek-fragment or variant evidence.
data/raw/1_enoch_charles_1912_djvu.txt,35559,translation and notes,1 Enoch 94,15,"Τεῖναι ὀργὰς ὁ ‘kara τοῦ vods,!",Verify against page image/PDF before using as Greek-fragment or variant evidence.
data/raw/1_enoch_charles_1912_djvu.txt,35560,translation and notes,1 Enoch 94,20,"καὶ ῥίζας βοτανῶν 'rijs γῆς"". ἵ ᾿",Verify against page image/PDF before using as Greek-fragment or variant evidence.
data/raw/1_enoch_charles_1912_djvu.txt,35561,translation and notes,1 Enoch 94,26,δὲ ἑνδέκατος Φαρμαρὸς ἐδίδαξε,Verify against page image/PDF before using as Greek-fragment or variant evidence.
data/raw/1_enoch_charles_1912_djvu.txt,35562,translation and notes,1 Enoch 94,25,"Γφαρμακείας, ἐπαοιδάς, σοφίας,",Verify against page image/PDF before using as Greek-fragment or variant evidence.
data/raw/1_enoch_charles_1912_djvu.txt,35563,translation and notes,1 Enoch 94,24,"καὶ! ἐπαοιδῶν λυτήρια"" 6 ἔνατος",Verify against page image/PDF before using as Greek-fragment or variant evidence.
data/raw/1_enoch_charles_1912_djvu.txt,35564,translation and notes,1 Enoch 94,26,Γέἐδίδαξεν!Ὶ ἀστροσκοπίαν' ὁ. δὲ,Verify against page image/PDF before using as Greek-fragment or variant evidence.
data/raw/1_enoch_charles_1912_djvu.txt,35565,translation and notes,1 Enoch 94,27,"τέταρτος "" ἐδίδαξεν"" ἀστρολογίαν""",Verify against page image/PDF before using as Greek-fragment or variant evidence.
data/raw/1_enoch_charles_1912_djvu.txt,35566,translation and notes,1 Enoch 94,28,ὁ δὲ ὄγδοος ἐδίδαξεν ἀεροσκοπίαν',Verify against page image/PDF before using as Greek-fragment or variant evidence.
data/raw/1_enoch_charles_1912_djvu.txt,35567,translation and notes,1 Enoch 94,25,Γδ δὲ τρίτος ἐδίδαξε τὰ σημεῖα,Verify against page image/PDF before using as Greek-fragment or variant evidence.
data/raw/1_enoch_charles_1912_djvu.txt,35568,translation and notes,1 Enoch 94,23,"τῆς γῆς"" ὁ δὲ ἕβδομὸς ἐδίδαξε",Verify against page image/PDF before using as Greek-fragment or variant evidence.
data/raw/1_enoch_charles_1912_djvu.txt,35569,translation and notes,1 Enoch 94,22,"τὰ σημεῖα τοῦ ἡλίου"" 6 δὲ εἶκο-",Verify against page image/PDF before using as Greek-fragment or variant evidence.
data/raw/1_enoch_charles_1912_djvu.txt,35570,translation and notes,1 Enoch 94,22,στὸς ἐδίδαξε τὰ σημεῖα τῆς,Verify against page image/PDF before using as Greek-fragment or variant evidence.
data/raw/1_enoch_charles_1912_djvu.txt,35571,translation and notes,1 Enoch 94,26,σελήνης. ἵπάντες οὗτοι ἤρξαντο,Verify against page image/PDF before using as Greek-fragment or variant evidence.
data/raw/1_enoch_charles_1912_djvu.txt,35572,translation and notes,1 Enoch 94,22,ἀνακαλύπτειν τὰ μυστήρια,Verify against page image/PDF before using as Greek-fragment or variant evidence.
data/raw/1_enoch_charles_1912_djvu.txt,35575,translation and notes,1 Enoch 94,24,ὅ Ἢ -- ἐπαοιδοὺς καὶ ῥιζοτόμου. ὃ,Verify against page image/PDF before using as Greek-fragment or variant evidence.
data/raw/1_enoch_charles_1912_djvu.txt,35576,translation and notes,1 Enoch 94,8,rupt for ἐπαοιδάς (Raderm.). Se,Verify against page image/PDF before using as Greek-fragment or variant evidence.
data/raw/1_enoch_charles_1912_djvu.txt,35579,translation and notes,1 Enoch 94,13,corrupt for ἀεροσκοπίαν as in G*. 10 ΜῈ,Verify against page image/PDF before using as Greek-fragment or variant evidence.
data/raw/1_enoch_charles_1912_djvu.txt,35592,translation and notes,1 Enoch 94,11,"4. τῶν οὖν"" ἀνθρώ-",Verify against page image/PDF before using as Greek-fragment or variant evidence.
data/raw/1_enoch_charles_1912_djvu.txt,35593,translation and notes,1 Enoch 94,12,mov ἀπολλυμένων ἡ,Verify against page image/PDF before using as Greek-fragment or variant evidence.
data/raw/1_enoch_charles_1912_djvu.txt,35594,translation and notes,1 Enoch 94,15,᾿βο(ὴ) εἰς οὐρανοὺς,Verify against page image/PDF before using as Greek-fragment or variant evidence.
data/raw/1_enoch_charles_1912_djvu.txt,35597,translation and notes,1 Enoch 94,11,"Π ΙΧ, Τύτε παρ(α)-",Verify against page image/PDF before using as Greek-fragment or variant evidence.
data/raw/1_enoch_charles_1912_djvu.txt,35598,translation and notes,1 Enoch 94,16,ἡ ψαντες Μιχαὴλ καὶ,Verify against page image/PDF before using as Greek-fragment or variant evidence.
data/raw/1_enoch_charles_1912_djvu.txt,35599,translation and notes,1 Enoch 94,13,οι)ὴλ καὶ Ραφαὴλ,Verify against page image/PDF before using as Greek-fragment or variant evidence.
data/raw/1_enoch_charles_1912_djvu.txt,35600,translation and notes,1 Enoch 94,16,"καὶ Γαβριή(λ), Γοὗτοι!",Verify against page image/PDF before using as Greek-fragment or variant evidence.
data/raw/1_enoch_charles_1912_djvu.txt,35601,translation and notes,1 Enoch 94,16,ἐκ τοῦ οὐρανοῦ ἐθεά-,Verify against page image/PDF before using as Greek-fragment or variant evidence.
data/raw/1_enoch_charles_1912_djvu.txt,35602,translation and notes,1 Enoch 94,13,φα(ν)το αἷμα πολὺ,Verify against page image/PDF before using as Greek-fragment or variant evidence.
data/raw/1_enoch_charles_1912_djvu.txt,35617,translation and notes,1 Enoch 94,11,τ λῶ(ν) τοῦ οὐρα-,Verify against page image/PDF before using as Greek-fragment or variant evidence.
data/raw/1_enoch_charles_1912_djvu.txt,35620,translation and notes,1 Enoch 94,10,yod* 8. ἐντυγχάνου-,Verify against page image/PDF before using as Greek-fragment or variant evidence.
data/raw/1_enoch_charles_1912_djvu.txt,35643,translation and notes,1 Enoch 94,27,γυναιξὶν αὐτῶν καὶ τοῖς τέκνοις,Verify against page image/PDF before using as Greek-fragment or variant evidence.
data/raw/1_enoch_charles_1912_djvu.txt,35649,translation and notes,1 Enoch 94,11,μετὰ δὲ ταῦτα! [VII.,Verify against page image/PDF before using as Greek-fragment or variant evidence.
data/raw/1_enoch_charles_1912_djvu.txt,35652,translation and notes,1 Enoch 94,21,4-Ὁ] ἤρξαντο οἱ γίγαντες κατ-,Verify against page image/PDF before using as Greek-fragment or variant evidence.
data/raw/1_enoch_charles_1912_djvu.txt,35655,translation and notes,1 Enoch 94,21,"εσθίειν ‘ras σάρκας""! τῶν ἀνθρώ-",Verify against page image/PDF before using as Greek-fragment or variant evidence.
data/raw/1_enoch_charles_1912_djvu.txt,35661,translation and notes,1 Enoch 94,12,4. καὶ ἤρξαντο οἱ,Verify against page image/PDF before using as Greek-fragment or variant evidence.
data/raw/1_enoch_charles_1912_djvu.txt,35662,translation and notes,1 Enoch 94,19,ἄνθρωποι ἐλαττοῦσθαι,Verify against page image/PDF before using as Greek-fragment or variant evidence.
data/raw/1_enoch_charles_1912_djvu.txt,35666,translation and notes,1 Enoch 94,16,λοιποὶ! ἐβόησαν εἰς,Verify against page image/PDF before using as Greek-fragment or variant evidence.
data/raw/1_enoch_charles_1912_djvu.txt,35669,translation and notes,1 Enoch 94,10,Γἐπὶ τῆς γῆς.,Verify against page image/PDF before using as Greek-fragment or variant evidence.
data/raw/1_enoch_charles_1912_djvu.txt,35672,translation and notes,1 Enoch 94,18,τὸν οὐρανὸν ἱ περὶ τῆς,Verify against page image/PDF before using as Greek-fragment or variant evidence.
data/raw/1_enoch_charles_1912_djvu.txt,35673,translation and notes,1 Enoch 94,15,"κακώσεως αὐτῶν, λέ-",Verify against page image/PDF before using as Greek-fragment or variant evidence.
data/raw/1_enoch_charles_1912_djvu.txt,35674,translation and notes,1 Enoch 94,18,γοντες εἰσενεχθῆναι,Verify against page image/PDF before using as Greek-fragment or variant evidence.
data/raw/1_enoch_charles_1912_djvu.txt,35675,translation and notes,1 Enoch 94,17,τὸ μνημόσυνον αὐτῶν,Verify against page image/PDF before using as Greek-fragment or variant evidence.
data/raw/1_enoch_charles_1912_djvu.txt,35676,translation and notes,1 Enoch 94,13,ἐνώπιον Κυρίου |.,Verify against page image/PDF before using as Greek-fragment or variant evidence.
data/raw/1_enoch_charles_1912_djvu.txt,35680,translation and notes,1 Enoch 9,16,σαντες οἱ τέσσαρες,Verify against page image/PDF before using as Greek-fragment or variant evidence.
data/raw/1_enoch_charles_1912_djvu.txt,35682,translation and notes,1 Enoch 9,15,Μιχαὴλ καὶ Οὐριὴλ,Verify against page image/PDF before using as Greek-fragment or variant evidence.
data/raw/1_enoch_charles_1912_djvu.txt,35683,translation and notes,1 Enoch 9,14,καὶ Ραφαὴλ καὶ Γα-,Verify against page image/PDF before using as Greek-fragment or variant evidence.
data/raw/1_enoch_charles_1912_djvu.txt,35684,translation and notes,1 Enoch 9,18,βριὴλ παρέκυψαν Γ ἐπὶ,Verify against page image/PDF before using as Greek-fragment or variant evidence.
data/raw/1_enoch_charles_1912_djvu.txt,35685,translation and notes,1 Enoch 9,15,"τὴν γῆν"" ἐκ ἱτῶν ἁγί-",Verify against page image/PDF before using as Greek-fragment or variant evidence.
data/raw/1_enoch_charles_1912_djvu.txt,35691,translation and notes,1 Enoch 9,13,"wv! τοῦ οὐρανοῦ"" καὶ",Verify against page image/PDF before using as Greek-fragment or variant evidence.
data/raw/1_enoch_charles_1912_djvu.txt,35692,translation and notes,1 Enoch 9,18,θεασάμενοι αἷμα πολὺ,Verify against page image/PDF before using as Greek-fragment or variant evidence.
data/raw/1_enoch_charles_1912_djvu.txt,35693,translation and notes,1 Enoch 9,17,ἐκκεχυμένον ἐπὶ τῆς,Verify against page image/PDF before using as Greek-fragment or variant evidence.
data/raw/1_enoch_charles_1912_djvu.txt,35694,translation and notes,1 Enoch 9,12,γῆς ‘kal πᾶσαν Γἀσέ-,Verify against page image/PDF before using as Greek-fragment or variant evidence.
data/raw/1_enoch_charles_1912_djvu.txt,35695,translation and notes,1 Enoch 9,15,βειαν καὶ! ἀνομίαν,Verify against page image/PDF before using as Greek-fragment or variant evidence.
data/raw/1_enoch_charles_1912_djvu.txt,35696,translation and notes,1 Enoch 9,18,"Γγενομένην ἐπ᾽ αὐτῆς.""",Verify against page image/PDF before using as Greek-fragment or variant evidence.
data/raw/1_enoch_charles_1912_djvu.txt,35703,translation and notes,1 Enoch 9,18,οἱἄνθρωποι εἰς τὸν οὐ-,Verify against page image/PDF before using as Greek-fragment or variant evidence.
data/raw/1_enoch_charles_1912_djvu.txt,35704,translation and notes,1 Enoch 9,16,ρανὸν [λέγοντες Εἰσ-,Verify against page image/PDF before using as Greek-fragment or variant evidence.
data/raw/1_enoch_charles_1912_djvu.txt,35705,translation and notes,1 Enoch 9,16,ἀγάγετε τὴν κρίσιν,Verify against page image/PDF before using as Greek-fragment or variant evidence.
data/raw/1_enoch_charles_1912_djvu.txt,35706,translation and notes,1 Enoch 9,14,ἡμῶν πρὸς τὸν ὕψι-,Verify against page image/PDF before using as Greek-fragment or variant evidence.
data/raw/1_enoch_charles_1912_djvu.txt,35707,translation and notes,1 Enoch 9,13,"στον, καὶ τὴν ἀπώ-",Verify against page image/PDF before using as Greek-fragment or variant evidence.
data/raw/1_enoch_charles_1912_djvu.txt,35708,translation and notes,1 Enoch 9,16,λειαν ἡμῶν ἐνώπιον,Verify against page image/PDF before using as Greek-fragment or variant evidence.
data/raw/1_enoch_charles_1912_djvu.txt,35709,translation and notes,1 Enoch 9,15,τῆς δόξης τῆς μεγά-,Verify against page image/PDF before using as Greek-fragment or variant evidence.
data/raw/1_enoch_charles_1912_djvu.txt,35710,translation and notes,1 Enoch 9,15,"λης, ἐνώπιον τοῦ κυ-",Verify against page image/PDF before using as Greek-fragment or variant evidence.
data/raw/1_enoch_charles_1912_djvu.txt,35711,translation and notes,1 Enoch 9,16,ρίου τῶν κυρίων πάν-,Verify against page image/PDF before using as Greek-fragment or variant evidence.
data/raw/1_enoch_charles_1912_djvu.txt,35712,translation and notes,1 Enoch 9,15,των τῇ μεγαλωσύνῃ!.,Verify against page image/PDF before using as Greek-fragment or variant evidence.
data/raw/1_enoch_charles_1912_djvu.txt,35715,translation and notes,1 Enoch 9,16,σαντες οἱ τέσσαρες,Verify against page image/PDF before using as Greek-fragment or variant evidence.
data/raw/1_enoch_charles_1912_djvu.txt,35716,translation and notes,1 Enoch 9,18,"μεγάλοι ἀρχἀάγγελοι"",",Verify against page image/PDF before using as Greek-fragment or variant evidence.
data/raw/1_enoch_charles_1912_djvu.txt,35717,translation and notes,1 Enoch 9,15,Μιχαὴλ καὶ Οὐριὴλ,Verify against page image/PDF before using as Greek-fragment or variant evidence.
data/raw/1_enoch_charles_1912_djvu.txt,35719,translation and notes,1 Enoch 9,16,Γαβριὴλ παρέκυψαν,Verify against page image/PDF before using as Greek-fragment or variant evidence.
data/raw/1_enoch_charles_1912_djvu.txt,35720,translation and notes,1 Enoch 9,14,"[ἐπὶ τὴν γῆν"" ἐκ [τῶν",Verify against page image/PDF before using as Greek-fragment or variant evidence.
data/raw/1_enoch_charles_1912_djvu.txt,35727,translation and notes,1 Enoch 9,15,"ἁγίων"" τοῦ οὐρανοῦ""",Verify against page image/PDF before using as Greek-fragment or variant evidence.
data/raw/1_enoch_charles_1912_djvu.txt,35730,translation and notes,1 Enoch 9,17,καὶ θεασάμενοι αἷμα,Verify against page image/PDF before using as Greek-fragment or variant evidence.
data/raw/1_enoch_charles_1912_djvu.txt,35733,translation and notes,1 Enoch 9,18,πολὺ ἐκκεχυμένον ἐπὶ,Verify against page image/PDF before using as Greek-fragment or variant evidence.
data/raw/1_enoch_charles_1912_djvu.txt,35734,translation and notes,1 Enoch 9,14,τῆς γῆς καὶ πᾶσαν,Verify against page image/PDF before using as Greek-fragment or variant evidence.
data/raw/1_enoch_charles_1912_djvu.txt,35735,translation and notes,1 Enoch 9,19,ἀνομίαν καὶ Γἀσέβειαν,Verify against page image/PDF before using as Greek-fragment or variant evidence.
data/raw/1_enoch_charles_1912_djvu.txt,35736,translation and notes,1 Enoch 9,17,"γινομένην ἐπ᾽ αὐτῆς.""",Verify against page image/PDF before using as Greek-fragment or variant evidence.
data/raw/1_enoch_charles_1912_djvu.txt,35739,translation and notes,1 Enoch 9,27,"hmt,. καὶ πᾶσαν ἀσέβειαν γινομένην ἐπ",Verify against page image/PDF before using as Greek-fragment or variant evidence.
data/raw/1_enoch_charles_1912_djvu.txt,35740,translation and notes,1 Enoch 9,8,"τῆς γῆς against Εἰ 653,",Verify against page image/PDF before using as Greek-fragment or variant evidence.
data/raw/1_enoch_charles_1912_djvu.txt,35741,translation and notes,1 Enoch 9,27,καὶ νῦν πρὸς ὑμᾶς τοὺς ἁγίους τοῦ,Verify against page image/PDF before using as Greek-fragment or variant evidence.
data/raw/1_enoch_charles_1912_djvu.txt,35742,translation and notes,1 Enoch 9,21,"οὐρανοῦ. The words μέχρι πυλῶν τ, οὐρ.",Verify against page image/PDF before using as Greek-fragment or variant evidence.
data/raw/1_enoch_charles_1912_djvu.txt,35752,translation and notes,1 Enoch 9,11,σιν ai ψυχαὶ τῶν,Verify against page image/PDF before using as Greek-fragment or variant evidence.
data/raw/1_enoch_charles_1912_djvu.txt,35753,translation and notes,1 Enoch 9,16,ἀνθρώπων | λεγόντων,Verify against page image/PDF before using as Greek-fragment or variant evidence.
data/raw/1_enoch_charles_1912_djvu.txt,35754,translation and notes,1 Enoch 9,16,Εἰσαγάγετε τὴν κρί-,Verify against page image/PDF before using as Greek-fragment or variant evidence.
data/raw/1_enoch_charles_1912_djvu.txt,35755,translation and notes,1 Enoch 9,14,σιν ἡμῶν πρὸς τὸν,Verify against page image/PDF before using as Greek-fragment or variant evidence.
data/raw/1_enoch_charles_1912_djvu.txt,35756,translation and notes,1 Enoch 9,10,ὕψιστ(ον). 4. Καὶ,Verify against page image/PDF before using as Greek-fragment or variant evidence.
data/raw/1_enoch_charles_1912_djvu.txt,35757,translation and notes,1 Enoch 9,14,εἶπα(ν) τῷ κυρίῳ 1 Σὺ,Verify against page image/PDF before using as Greek-fragment or variant evidence.
data/raw/1_enoch_charles_1912_djvu.txt,35758,translation and notes,1 Enoch 9,17,εἶ κύριος τῶν κυρίων,Verify against page image/PDF before using as Greek-fragment or variant evidence.
data/raw/1_enoch_charles_1912_djvu.txt,35761,translation and notes,1 Enoch 9,15,καὶ ὁ θεὸς τῶν θεῶν,Verify against page image/PDF before using as Greek-fragment or variant evidence.
data/raw/1_enoch_charles_1912_djvu.txt,35767,translation and notes,1 Enoch 9,11,καὶ βασιλεὺς trav,Verify against page image/PDF before using as Greek-fragment or variant evidence.
data/raw/1_enoch_charles_1912_djvu.txt,35773,translation and notes,1 Enoch 9,13,αἰώνων * ὁ θρόνος,Verify against page image/PDF before using as Greek-fragment or variant evidence.
data/raw/1_enoch_charles_1912_djvu.txt,35776,translation and notes,1 Enoch 9,11,τῆς δόξης σου eis,Verify against page image/PDF before using as Greek-fragment or variant evidence.
data/raw/1_enoch_charles_1912_djvu.txt,35777,translation and notes,1 Enoch 9,17,πάσας τὰς γενεὰς τοῦ,Verify against page image/PDF before using as Greek-fragment or variant evidence.
data/raw/1_enoch_charles_1912_djvu.txt,35778,translation and notes,1 Enoch 9,16,"αἰῶνος, καὶ τὸ ὄνομά",Verify against page image/PDF before using as Greek-fragment or variant evidence.
data/raw/1_enoch_charles_1912_djvu.txt,35779,translation and notes,1 Enoch 9,15,σου τὸ ἅγιον καὶ μέ-,Verify against page image/PDF before using as Greek-fragment or variant evidence.
data/raw/1_enoch_charles_1912_djvu.txt,35782,translation and notes,1 Enoch 9,17,"γα"" καὶ εὐλογητὸν εἰς",Verify against page image/PDF before using as Greek-fragment or variant evidence.
data/raw/1_enoch_charles_1912_djvu.txt,35786,translation and notes,1 Enoch 9,16,πάντας τοὺς αἰῶνας.,Verify against page image/PDF before using as Greek-fragment or variant evidence.
data/raw/1_enoch_charles_1912_djvu.txt,35793,translation and notes,1 Enoch 9,16,2. [εἰσελθόντες εἶπον,Verify against page image/PDF before using as Greek-fragment or variant evidence.
data/raw/1_enoch_charles_1912_djvu.txt,35794,translation and notes,1 Enoch 9,15,πρὸς ἀλλήλους [ὅτι,Verify against page image/PDF before using as Greek-fragment or variant evidence.
data/raw/1_enoch_charles_1912_djvu.txt,35795,translation and notes,1 Enoch 9,13,"3. Τὰ πνεύματα καὶ""",Verify against page image/PDF before using as Greek-fragment or variant evidence.
data/raw/1_enoch_charles_1912_djvu.txt,35796,translation and notes,1 Enoch 9,15,αἱ ψυχαὶ τῶν ἀνθρώ-,Verify against page image/PDF before using as Greek-fragment or variant evidence.
data/raw/1_enoch_charles_1912_djvu.txt,35797,translation and notes,1 Enoch 9,17,"πων ἱστενάζουσιν"" ἐν-",Verify against page image/PDF before using as Greek-fragment or variant evidence.
data/raw/1_enoch_charles_1912_djvu.txt,35799,translation and notes,1 Enoch 9,18,γοντα ὅτι Εἰσαγάγετε,Verify against page image/PDF before using as Greek-fragment or variant evidence.
data/raw/1_enoch_charles_1912_djvu.txt,35802,translation and notes,1 Enoch 9,13,τυγχάνοντα καὶ,Verify against page image/PDF before using as Greek-fragment or variant evidence.
data/raw/1_enoch_charles_1912_djvu.txt,35805,translation and notes,1 Enoch 9,17,τὴν κρίσιν ἡμῶν πρὸς,Verify against page image/PDF before using as Greek-fragment or variant evidence.
data/raw/1_enoch_charles_1912_djvu.txt,35806,translation and notes,1 Enoch 9,17,"τὸν ὕψιστον, ἱ καὶ τὴν",Verify against page image/PDF before using as Greek-fragment or variant evidence.
data/raw/1_enoch_charles_1912_djvu.txt,35807,translation and notes,1 Enoch 9,15,ἀπώλειαν ἡμῶν ἐνώ-,Verify against page image/PDF before using as Greek-fragment or variant evidence.
data/raw/1_enoch_charles_1912_djvu.txt,35808,translation and notes,1 Enoch 9,15,πιον τῆς δόξης τῆς,Verify against page image/PDF before using as Greek-fragment or variant evidence.
data/raw/1_enoch_charles_1912_djvu.txt,35811,translation and notes,1 Enoch 9,14,"μεγαλωσύνης, ἐνώ-",Verify against page image/PDF before using as Greek-fragment or variant evidence.
data/raw/1_enoch_charles_1912_djvu.txt,35812,translation and notes,1 Enoch 9,17,πιον τοῦ κυρίου͵ τῶν,Verify against page image/PDF before using as Greek-fragment or variant evidence.
data/raw/1_enoch_charles_1912_djvu.txt,35813,translation and notes,1 Enoch 9,14,κυρίων πάντων τῇ,Verify against page image/PDF before using as Greek-fragment or variant evidence.
data/raw/1_enoch_charles_1912_djvu.txt,35814,translation and notes,1 Enoch 9,13,μεγαλωσύνῃ!. 4. Καὶ,Verify against page image/PDF before using as Greek-fragment or variant evidence.
data/raw/1_enoch_charles_1912_djvu.txt,35815,translation and notes,1 Enoch 9,15,εἶπον τῷ κυρίῳ 'τῶν,Verify against page image/PDF before using as Greek-fragment or variant evidence.
data/raw/1_enoch_charles_1912_djvu.txt,35816,translation and notes,1 Enoch 9,11,"αἰώνων"" 3 Σὺ εἶ ὁ",Verify against page image/PDF before using as Greek-fragment or variant evidence.
data/raw/1_enoch_charles_1912_djvu.txt,35817,translation and notes,1 Enoch 9,14,θεὸς τῶν θεῶν καὶ,Verify against page image/PDF before using as Greek-fragment or variant evidence.
data/raw/1_enoch_charles_1912_djvu.txt,35818,translation and notes,1 Enoch 9,15,κύριος τῶν κυρίων,Verify against page image/PDF before using as Greek-fragment or variant evidence.
data/raw/1_enoch_charles_1912_djvu.txt,35819,translation and notes,1 Enoch 9,15,καὶ ὃ βασιλεὺς τῶν,Verify against page image/PDF before using as Greek-fragment or variant evidence.
data/raw/1_enoch_charles_1912_djvu.txt,35826,translation and notes,1 Enoch 9,12,βασιλευόντων,Verify against page image/PDF before using as Greek-fragment or variant evidence.
data/raw/1_enoch_charles_1912_djvu.txt,35827,translation and notes,1 Enoch 9,13,θεὸς τῶν αἰώνων,Verify against page image/PDF before using as Greek-fragment or variant evidence.
data/raw/1_enoch_charles_1912_djvu.txt,35828,translation and notes,1 Enoch 9,17,καὶ 6 θρόνος τῆς δόξης,Verify against page image/PDF before using as Greek-fragment or variant evidence.
data/raw/1_enoch_charles_1912_djvu.txt,35829,translation and notes,1 Enoch 9,14,σου εἰς πάσας τὰς,Verify against page image/PDF before using as Greek-fragment or variant evidence.
data/raw/1_enoch_charles_1912_djvu.txt,35830,translation and notes,1 Enoch 9,15,"γενεὰς τῶν αἰώνων,",Verify against page image/PDF before using as Greek-fragment or variant evidence.
data/raw/1_enoch_charles_1912_djvu.txt,35831,translation and notes,1 Enoch 9,13,καὶ τὸ ὄνομά σου,Verify against page image/PDF before using as Greek-fragment or variant evidence.
data/raw/1_enoch_charles_1912_djvu.txt,35832,translation and notes,1 Enoch 9,15,ἅγιον ὅ καὶ εὐλογη-,Verify against page image/PDF before using as Greek-fragment or variant evidence.
data/raw/1_enoch_charles_1912_djvu.txt,35833,translation and notes,1 Enoch 9,18,μένον εἰς πάντας τοὺς,Verify against page image/PDF before using as Greek-fragment or variant evidence.
data/raw/1_enoch_charles_1912_djvu.txt,35840,translation and notes,1 Enoch 9,12,2. Γεϊσελθόντες etm,Verify against page image/PDF before using as Greek-fragment or variant evidence.
data/raw/1_enoch_charles_1912_djvu.txt,35841,translation and notes,1 Enoch 9,15,πον πρὸς ἀλλήλους,Verify against page image/PDF before using as Greek-fragment or variant evidence.
data/raw/1_enoch_charles_1912_djvu.txt,35842,translation and notes,1 Enoch 9,13,"[ὅτι 8, Τὰ πνεύματα",Verify against page image/PDF before using as Greek-fragment or variant evidence.
data/raw/1_enoch_charles_1912_djvu.txt,35843,translation and notes,1 Enoch 9,13,καὶ! αἱ ψυχαὶ τῶν,Verify against page image/PDF before using as Greek-fragment or variant evidence.
data/raw/1_enoch_charles_1912_djvu.txt,35844,translation and notes,1 Enoch 9,15,ἀνθρώπων ἐντυγχά-,Verify against page image/PDF before using as Greek-fragment or variant evidence.
data/raw/1_enoch_charles_1912_djvu.txt,35845,translation and notes,1 Enoch 9,16,νουσι Γστενάζοντα,Verify against page image/PDF before using as Greek-fragment or variant evidence.
data/raw/1_enoch_charles_1912_djvu.txt,35846,translation and notes,1 Enoch 9,14,καὶ! λέγοντα Εἰσα-,Verify against page image/PDF before using as Greek-fragment or variant evidence.
data/raw/1_enoch_charles_1912_djvu.txt,35847,translation and notes,1 Enoch 9,16,"γάγετε τὴν Γδέησιν""",Verify against page image/PDF before using as Greek-fragment or variant evidence.
data/raw/1_enoch_charles_1912_djvu.txt,35848,translation and notes,1 Enoch 9,14,ἡμῶν πρὸς τὸν ὕψι-,Verify against page image/PDF before using as Greek-fragment or variant evidence.
data/raw/1_enoch_charles_1912_djvu.txt,35849,translation and notes,1 Enoch 9,12,στον. 4. Καὶ ἵπροσ-,Verify against page image/PDF before using as Greek-fragment or variant evidence.
data/raw/1_enoch_charles_1912_djvu.txt,35853,translation and notes,1 Enoch 9,13,ελθόντες οἱ τέσ-,Verify against page image/PDF before using as Greek-fragment or variant evidence.
data/raw/1_enoch_charles_1912_djvu.txt,35858,translation and notes,1 Enoch 9,14,εἶπον τῷ κυρίῳ Σὺ,Verify against page image/PDF before using as Greek-fragment or variant evidence.
data/raw/1_enoch_charles_1912_djvu.txt,35859,translation and notes,1 Enoch 9,14,el θεὸς τῶν θεῶν καὶ,Verify against page image/PDF before using as Greek-fragment or variant evidence.
data/raw/1_enoch_charles_1912_djvu.txt,35860,translation and notes,1 Enoch 9,18,κύριος τῶν κυρίων καὶ,Verify against page image/PDF before using as Greek-fragment or variant evidence.
data/raw/1_enoch_charles_1912_djvu.txt,35870,translation and notes,1 Enoch 9,15,βασιλεὺς τῶν βασι-,Verify against page image/PDF before using as Greek-fragment or variant evidence.
data/raw/1_enoch_charles_1912_djvu.txt,35871,translation and notes,1 Enoch 9,12,λευόντων ‘kal θεὸς,Verify against page image/PDF before using as Greek-fragment or variant evidence.
data/raw/1_enoch_charles_1912_djvu.txt,35872,translation and notes,1 Enoch 9,14,τῶν ἀνθρώπων! καὶ,Verify against page image/PDF before using as Greek-fragment or variant evidence.
data/raw/1_enoch_charles_1912_djvu.txt,35873,translation and notes,1 Enoch 9,17,θρόνος τῆς δόξης σου,Verify against page image/PDF before using as Greek-fragment or variant evidence.
data/raw/1_enoch_charles_1912_djvu.txt,35874,translation and notes,1 Enoch 9,17,εἰς πάσας τὰς γενεὰς,Verify against page image/PDF before using as Greek-fragment or variant evidence.
data/raw/1_enoch_charles_1912_djvu.txt,35875,translation and notes,1 Enoch 9,14,"τῶν αἰώνων, καὶ τὲ",Verify against page image/PDF before using as Greek-fragment or variant evidence.
data/raw/1_enoch_charles_1912_djvu.txt,35876,translation and notes,1 Enoch 9,14,ὄνομά σου ἅγιον ὅ,Verify against page image/PDF before using as Greek-fragment or variant evidence.
data/raw/1_enoch_charles_1912_djvu.txt,35877,translation and notes,1 Enoch 9,17,εὐλογημένον εἰς πάν-,Verify against page image/PDF before using as Greek-fragment or variant evidence.
data/raw/1_enoch_charles_1912_djvu.txt,35884,translation and notes,1 Enoch 9,13,must be taken with ἐντυγχάνουσιν as,Verify against page image/PDF before using as Greek-fragment or variant evidence.
data/raw/1_enoch_charles_1912_djvu.txt,35885,translation and notes,1 Enoch 9,12,in 9 GS 1Ὲ adds τῶν βασιλέων.,Verify against page image/PDF before using as Greek-fragment or variant evidence.
data/raw/1_enoch_charles_1912_djvu.txt,35886,translation and notes,1 Enoch 9,12,G*! has τῶν αἰώνων. 2 EK = τῶν,Verify against page image/PDF before using as Greek-fragment or variant evidence.
data/raw/1_enoch_charles_1912_djvu.txt,35887,translation and notes,1 Enoch 9,11,"βασιλέων =~»519 corrupt (?) for δον,",Verify against page image/PDF before using as Greek-fragment or variant evidence.
data/raw/1_enoch_charles_1912_djvu.txt,35889,translation and notes,1 Enoch 9,23,EGS = τῶν βασιλέων or βασιλευόντων.,Verify against page image/PDF before using as Greek-fragment or variant evidence.
data/raw/1_enoch_charles_1912_djvu.txt,35898,translation and notes,1 Enoch 9,8,"note 2. 4 G2 has ἀνθρώπων, i.e",Verify against page image/PDF before using as Greek-fragment or variant evidence.
data/raw/1_enoch_charles_1912_djvu.txt,35901,translation and notes,1 Enoch 9,12,(or δεδοξασμένον).,Verify against page image/PDF before using as Greek-fragment or variant evidence.
data/raw/1_enoch_charles_1912_djvu.txt,35902,translation and notes,1 Enoch 9,26,καὶ τὰ ἑξῆς. τότε ὃ ὕψιστος ἐκέλε,Verify against page image/PDF before using as Greek-fragment or variant evidence.
data/raw/1_enoch_charles_1912_djvu.txt,35912,translation and notes,1 Enoch 9,17,5. Σὺ γὰρ ἐποίησας τὰ πά,Verify against page image/PDF before using as Greek-fragment or variant evidence.
data/raw/1_enoch_charles_1912_djvu.txt,35914,translation and notes,1 Enoch 9,21,"δ. Σὺ γὰρ ἐποίησας τὰ πάντα,",Verify against page image/PDF before using as Greek-fragment or variant evidence.
data/raw/1_enoch_charles_1912_djvu.txt,35915,translation and notes,1 Enoch 9,23,"καὶ πᾶσαν ' τὴν ἐξουσίαν ἔχων,",Verify against page image/PDF before using as Greek-fragment or variant evidence.
data/raw/1_enoch_charles_1912_djvu.txt,35916,translation and notes,1 Enoch 9,23,αἱ πάντα ἐνώπιόν σου φανερὰ,Verify against page image/PDF before using as Greek-fragment or variant evidence.
data/raw/1_enoch_charles_1912_djvu.txt,35918,translation and notes,1 Enoch 9,25,"καὶ ἀκάλυπτα, καὶ πάντα σὺ ὁρᾷς 3",Verify against page image/PDF before using as Greek-fragment or variant evidence.
data/raw/1_enoch_charles_1912_djvu.txt,35922,translation and notes,1 Enoch 9,25,ἐδίδο Ἐν πάσας τὰς ἀδικίας ἐπὶ,Verify against page image/PDF before using as Greek-fragment or variant evidence.
data/raw/1_enoch_charles_1912_djvu.txt,35923,translation and notes,1 Enoch 9,21,: γῆς kal ἐδήλωσεν τὰ μυστήρια,Verify against page image/PDF before using as Greek-fragment or variant evidence.
data/raw/1_enoch_charles_1912_djvu.txt,35924,translation and notes,1 Enoch 9,22,τοῦ αἰῶνος τὰ ἐν τῷ οὐρανῷ ἃ,Verify against page image/PDF before using as Greek-fragment or variant evidence.
data/raw/1_enoch_charles_1912_djvu.txt,35925,translation and notes,1 Enoch 9,25,ἐπιτηδεύουσιν {ἔγνωσαν ἄνθρω-,Verify against page image/PDF before using as Greek-fragment or variant evidence.
data/raw/1_enoch_charles_1912_djvu.txt,35928,translation and notes,1 Enoch 9,20,"Ἵ. καὶ Σεμιαζᾶς, ᾧ τὴν ἐξου-",Verify against page image/PDF before using as Greek-fragment or variant evidence.
data/raw/1_enoch_charles_1912_djvu.txt,35929,translation and notes,1 Enoch 9,22,ἔδωκας ἄρχειν τῶν σὺν αὐτῷ,Verify against page image/PDF before using as Greek-fragment or variant evidence.
data/raw/1_enoch_charles_1912_djvu.txt,35930,translation and notes,1 Enoch 9,14,ὄντων. 8. καὶ ἐπορεύ-,Verify against page image/PDF before using as Greek-fragment or variant evidence.
data/raw/1_enoch_charles_1912_djvu.txt,35931,translation and notes,1 Enoch 9,19,| πρὸς τὰς θυγατέρας τῶν,Verify against page image/PDF before using as Greek-fragment or variant evidence.
data/raw/1_enoch_charles_1912_djvu.txt,35932,translation and notes,1 Enoch 9,18,των ris γῆς καὶ συνεκοιμή-,Verify against page image/PDF before using as Greek-fragment or variant evidence.
data/raw/1_enoch_charles_1912_djvu.txt,35935,translation and notes,1 Enoch 9,17,σαν αὐταῖς καὶ... ἐμιάν-,Verify against page image/PDF before using as Greek-fragment or variant evidence.
data/raw/1_enoch_charles_1912_djvu.txt,35938,translation and notes,1 Enoch 9,19,"δι One ee, καὶ ἐδήλωσαν αὐταῖς",Verify against page image/PDF before using as Greek-fragment or variant evidence.
data/raw/1_enoch_charles_1912_djvu.txt,35940,translation and notes,1 Enoch 9,14,σας τὰς ἁμαρτίας.,Verify against page image/PDF before using as Greek-fragment or variant evidence.
data/raw/1_enoch_charles_1912_djvu.txt,35941,translation and notes,1 Enoch 9,27,"Ja γυναῖκες ἐγέννησαν Τιτᾶνας, ὑφ᾽",Verify against page image/PDF before using as Greek-fragment or variant evidence.
data/raw/1_enoch_charles_1912_djvu.txt,35942,translation and notes,1 Enoch 9,24,᾿ὧνϑ ὅλη ἡ γῆ ἐπλήσθη αἵματος,Verify against page image/PDF before using as Greek-fragment or variant evidence.
data/raw/1_enoch_charles_1912_djvu.txt,35943,translation and notes,1 Enoch 9,11,᾿ καὶ ἀδικίας.,Verify against page image/PDF before using as Greek-fragment or variant evidence.
data/raw/1_enoch_charles_1912_djvu.txt,35944,translation and notes,1 Enoch 9,19,3 dow αἱ ψυχαὶ τῶν τετελευτη-,Verify against page image/PDF before using as Greek-fragment or variant evidence.
data/raw/1_enoch_charles_1912_djvu.txt,35945,translation and notes,1 Enoch 9,25,κό ὧν καὶ ἐντυγχάνουσιν μέχρι,Verify against page image/PDF before using as Greek-fragment or variant evidence.
data/raw/1_enoch_charles_1912_djvu.txt,35946,translation and notes,1 Enoch 9,19,"Γ' πυλῶν τοῦ οὐρανοῦ, καὶ",Verify against page image/PDF before using as Greek-fragment or variant evidence.
data/raw/1_enoch_charles_1912_djvu.txt,35949,translation and notes,1 Enoch 9,10,10. καὶ νῦν ἰδοὺ,Verify against page image/PDF before using as Greek-fragment or variant evidence.
data/raw/1_enoch_charles_1912_djvu.txt,35952,translation and notes,1 Enoch 9,31,"δ ἁγίοις ἀρχαγγέλοις, καὶ ἔθηκαν τοὺς",Verify against page image/PDF before using as Greek-fragment or variant evidence.
data/raw/1_enoch_charles_1912_djvu.txt,35953,translation and notes,1 Enoch 9,32,ἄρχους αὐτῶν καὶ ἔβαλον αὐτοὺς εἰς τὴν,Verify against page image/PDF before using as Greek-fragment or variant evidence.
data/raw/1_enoch_charles_1912_djvu.txt,35954,translation and notes,1 Enoch 9,29,"ἄβυσσον ἕως τῆς κρίσεως, καὶ τὰ ἑξῆς.",Verify against page image/PDF before using as Greek-fragment or variant evidence.
data/raw/1_enoch_charles_1912_djvu.txt,35958,translation and notes,1 Enoch 9,12,_ ® 68 omits through hmt. καὶ οὐκ ἔστιν ὃ,Verify against page image/PDF before using as Greek-fragment or variant evidence.
data/raw/1_enoch_charles_1912_djvu.txt,35959,translation and notes,1 Enoch 9,22,᾿κρυβῆναί σε δύναται. ὁρᾷς against EG*.,Verify against page image/PDF before using as Greek-fragment or variant evidence.
data/raw/1_enoch_charles_1912_djvu.txt,35977,translation and notes,1 Enoch 9,17,5. Σὺ γὰρ εἶ ὁ ποιήσας τὰ,Verify against page image/PDF before using as Greek-fragment or variant evidence.
data/raw/1_enoch_charles_1912_djvu.txt,35978,translation and notes,1 Enoch 9,26,πάντα καὶ πάντων ᾿ τὴν ἐξουσίαν,Verify against page image/PDF before using as Greek-fragment or variant evidence.
data/raw/1_enoch_charles_1912_djvu.txt,35979,translation and notes,1 Enoch 9,24,"ἔχων, καὶ πάντα ἐνώπιόν σου φα-",Verify against page image/PDF before using as Greek-fragment or variant evidence.
data/raw/1_enoch_charles_1912_djvu.txt,35980,translation and notes,1 Enoch 9,23,"νερὰ καὶ ἀκάλυπτα"" καὶ πάντα",Verify against page image/PDF before using as Greek-fragment or variant evidence.
data/raw/1_enoch_charles_1912_djvu.txt,35981,translation and notes,1 Enoch 9,24,"ὁρᾷς, καὶ οὐκ ἔστιν ὃ κρυβῆναί",Verify against page image/PDF before using as Greek-fragment or variant evidence.
data/raw/1_enoch_charles_1912_djvu.txt,35982,translation and notes,1 Enoch 9,24,σε δύναται. 6. ὁρᾷς ὅσα ἐποίησεν,Verify against page image/PDF before using as Greek-fragment or variant evidence.
data/raw/1_enoch_charles_1912_djvu.txt,35983,translation and notes,1 Enoch 9,19,"""ACana [καὶ ὅσα εἰσήνεγκεν"", ὅσα",Verify against page image/PDF before using as Greek-fragment or variant evidence.
data/raw/1_enoch_charles_1912_djvu.txt,35984,translation and notes,1 Enoch 9,26,"ἐδίδαξεν, ἀδικίας [καὶ ἁμαρτίας""",Verify against page image/PDF before using as Greek-fragment or variant evidence.
data/raw/1_enoch_charles_1912_djvu.txt,35985,translation and notes,1 Enoch 9,26,ἐπὶ τῆς γῆς καὶ ἱ πάντα δόλον ἐπὶ,Verify against page image/PDF before using as Greek-fragment or variant evidence.
data/raw/1_enoch_charles_1912_djvu.txt,35986,translation and notes,1 Enoch 9,20,τῆς ξηρᾶς. ἐδίδαξε γὰρ | *ra μυ-,Verify against page image/PDF before using as Greek-fragment or variant evidence.
data/raw/1_enoch_charles_1912_djvu.txt,35987,translation and notes,1 Enoch 9,26,στήρια καὶ ἀπεκάλυψε τῷ αἰῶνι ὃ,Verify against page image/PDF before using as Greek-fragment or variant evidence.
data/raw/1_enoch_charles_1912_djvu.txt,35988,translation and notes,1 Enoch 9,24,τὰ ἐν οὐρανῷ. * ἐπιτηδεύουσι δὲ,Verify against page image/PDF before using as Greek-fragment or variant evidence.
data/raw/1_enoch_charles_1912_djvu.txt,35989,translation and notes,1 Enoch 9,26,"[τὰ ἐπιτηδεύματα αὐτοῦ, εἰδέναι",Verify against page image/PDF before using as Greek-fragment or variant evidence.
data/raw/1_enoch_charles_1912_djvu.txt,35990,translation and notes,1 Enoch 9,22,"Γτὰ μυστήρια,"" οἱ υἱοὶ τῶν ἀν-",Verify against page image/PDF before using as Greek-fragment or variant evidence.
data/raw/1_enoch_charles_1912_djvu.txt,35991,translation and notes,1 Enoch 9,20,θρώπων. 7. ἕτῷ Σεμιαζᾷ ὅ τὴν,Verify against page image/PDF before using as Greek-fragment or variant evidence.
data/raw/1_enoch_charles_1912_djvu.txt,35992,translation and notes,1 Enoch 9,27,ἐξουσίαν ἔδωκας Τἔχειν ὃ τῶν σὺν,Verify against page image/PDF before using as Greek-fragment or variant evidence.
data/raw/1_enoch_charles_1912_djvu.txt,35993,translation and notes,1 Enoch 9,21,αὐτῷ ἅμα ὄντων. 8. καὶ ἐπορεύ-,Verify against page image/PDF before using as Greek-fragment or variant evidence.
data/raw/1_enoch_charles_1912_djvu.txt,35994,translation and notes,1 Enoch 9,24,θησαν πρὸς τὰς θυγατέρας τῶν,Verify against page image/PDF before using as Greek-fragment or variant evidence.
data/raw/1_enoch_charles_1912_djvu.txt,35995,translation and notes,1 Enoch 9,28,ἀνθρώπων ἾἿ τῆς γῆς καὶ συνεκοιμή-,Verify against page image/PDF before using as Greek-fragment or variant evidence.
data/raw/1_enoch_charles_1912_djvu.txt,35996,translation and notes,1 Enoch 9,19,θησαν per αὐτῶν καὶ ἐν ταῖς,Verify against page image/PDF before using as Greek-fragment or variant evidence.
data/raw/1_enoch_charles_1912_djvu.txt,35997,translation and notes,1 Enoch 9,26,"θηλείαις ἐμιάνθησαν, καὶ ἐδήλω-",Verify against page image/PDF before using as Greek-fragment or variant evidence.
data/raw/1_enoch_charles_1912_djvu.txt,35998,translation and notes,1 Enoch 9,25,"σαν αὐταῖς πάσας τὰς ἁμαρτίας,",Verify against page image/PDF before using as Greek-fragment or variant evidence.
data/raw/1_enoch_charles_1912_djvu.txt,35999,translation and notes,1 Enoch 9,24,Γκαὶ ἐδίδαξαν αὐτὰς μίσητρα,Verify against page image/PDF before using as Greek-fragment or variant evidence.
data/raw/1_enoch_charles_1912_djvu.txt,36000,translation and notes,1 Enoch 9,19,"ποιεῖν"". 9, καὶ Γνῦν ἰδοὺ αἱ",Verify against page image/PDF before using as Greek-fragment or variant evidence.
data/raw/1_enoch_charles_1912_djvu.txt,36001,translation and notes,1 Enoch 9,26,θυγατέρες τῶν ἀνθπώπων ἔτεκον,Verify against page image/PDF before using as Greek-fragment or variant evidence.
data/raw/1_enoch_charles_1912_djvu.txt,36002,translation and notes,1 Enoch 9,24,"Γὲξ αὐτῶν υἱοὺς} γίγαντας"" ἵκί-",Verify against page image/PDF before using as Greek-fragment or variant evidence.
data/raw/1_enoch_charles_1912_djvu.txt,36003,translation and notes,1 Enoch 9,25,βδηλα ἐπὶ τῆς γῆς τῶν ἀνθρώπων,Verify against page image/PDF before using as Greek-fragment or variant evidence.
data/raw/1_enoch_charles_1912_djvu.txt,36004,translation and notes,1 Enoch 9,25,"ἐκκέχυται,"" καὶ ὅλη ἡ γῆ ἐπλήσθη",Verify against page image/PDF before using as Greek-fragment or variant evidence.
data/raw/1_enoch_charles_1912_djvu.txt,36007,translation and notes,1 Enoch 9,24,8 EGS = καὶ ἐδήλωσεν τὰ μυστήρια τοῦ,Verify against page image/PDF before using as Greek-fragment or variant evidence.
data/raw/1_enoch_charles_1912_djvu.txt,36009,translation and notes,1 Enoch 9,12,rupt. EGS = καὶ Σεμιαζᾶς. ὁ Cor-,Verify against page image/PDF before using as Greek-fragment or variant evidence.
data/raw/1_enoch_charles_1912_djvu.txt,36011,translation and notes,1 Enoch 9,17,ἐπί. 8. Add ἐν ταῖς θηλείαις with EGS.,Verify against page image/PDF before using as Greek-fragment or variant evidence.
data/raw/1_enoch_charles_1912_djvu.txt,36023,translation and notes,1 Enoch 9,25,ἀνέβη ὁ στεναγμὸς αὐτῶν καὶ οὐ,Verify against page image/PDF before using as Greek-fragment or variant evidence.
data/raw/1_enoch_charles_1912_djvu.txt,36024,translation and notes,1 Enoch 9,26,δύναται ἐξελθεῖν ἀπὸ προσώπου,Verify against page image/PDF before using as Greek-fragment or variant evidence.
data/raw/1_enoch_charles_1912_djvu.txt,36025,translation and notes,1 Enoch 9,26,τῶν ἐπὶ τῆς γῆς γινομένων ἀνομη-,Verify against page image/PDF before using as Greek-fragment or variant evidence.
data/raw/1_enoch_charles_1912_djvu.txt,36026,translation and notes,1 Enoch 9,20,μάτων. 11. καὶ σὺ πάντα οἶδας,Verify against page image/PDF before using as Greek-fragment or variant evidence.
data/raw/1_enoch_charles_1912_djvu.txt,36027,translation and notes,1 Enoch 9,23,"πρὸ τοῦ αὐτὰ γενέσθαι, καὶ σὺ",Verify against page image/PDF before using as Greek-fragment or variant evidence.
data/raw/1_enoch_charles_1912_djvu.txt,36028,translation and notes,1 Enoch 9,24,"ὁρᾷς ταῦτα καὶ * ἐᾷς αὐτούς ', καὶ",Verify against page image/PDF before using as Greek-fragment or variant evidence.
data/raw/1_enoch_charles_1912_djvu.txt,36029,translation and notes,1 Enoch 9,26,οὐδὲ Γἡμῖν! λέγεις τί δεῖ ποιεῖν,Verify against page image/PDF before using as Greek-fragment or variant evidence.
data/raw/1_enoch_charles_1912_djvu.txt,36030,translation and notes,1 Enoch 9,16,αὐτοὺς περὶ τούτων.,Verify against page image/PDF before using as Greek-fragment or variant evidence.
data/raw/1_enoch_charles_1912_djvu.txt,36033,translation and notes,1 Enoch 10,21,X. Τότε Ὕψιστος εἶπεν * Γπερὶ,Verify against page image/PDF before using as Greek-fragment or variant evidence.
data/raw/1_enoch_charles_1912_djvu.txt,36040,translation and notes,1 Enoch 10,9,"*6 μέγας “Aytos, καὶ ὅ",Verify against page image/PDF before using as Greek-fragment or variant evidence.
data/raw/1_enoch_charles_1912_djvu.txt,36041,translation and notes,1 Enoch 10,24,ἐλάλησεν * καὶ εἶπεν ὁ καὶ ἔπεμ-,Verify against page image/PDF before using as Greek-fragment or variant evidence.
data/raw/1_enoch_charles_1912_djvu.txt,36042,translation and notes,1 Enoch 10,27,ψεν ᾿Ιστραὴλ πρὸς τὸν υἱὸν Λέμεχ,Verify against page image/PDF before using as Greek-fragment or variant evidence.
data/raw/1_enoch_charles_1912_djvu.txt,36043,translation and notes,1 Enoch 10,20,2. Εἰπὸν αὐτῷ ἐπὶ τῷ ἐμῷ ὀνό-,Verify against page image/PDF before using as Greek-fragment or variant evidence.
data/raw/1_enoch_charles_1912_djvu.txt,36044,translation and notes,1 Enoch 10,24,"ματι Κρύψον σεαυτόν, καὶ δήλω-",Verify against page image/PDF before using as Greek-fragment or variant evidence.
data/raw/1_enoch_charles_1912_djvu.txt,36045,translation and notes,1 Enoch 10,26,"σον αὐτῷ τέλος ἐπερχόμενον, ὅτι",Verify against page image/PDF before using as Greek-fragment or variant evidence.
data/raw/1_enoch_charles_1912_djvu.txt,36046,translation and notes,1 Enoch 10,23,"ἡ γῆ ἀπόλλυται πᾶσα, καὶ κατα-",Verify against page image/PDF before using as Greek-fragment or variant evidence.
data/raw/1_enoch_charles_1912_djvu.txt,36047,translation and notes,1 Enoch 10,26,κλυσμὸς μέλλει γίνεσθαι πάσης,Verify against page image/PDF before using as Greek-fragment or variant evidence.
data/raw/1_enoch_charles_1912_djvu.txt,36048,translation and notes,1 Enoch 10,25,τῆς γῆς καὶ ἀπολέσει πάντα ὅσα,Verify against page image/PDF before using as Greek-fragment or variant evidence.
data/raw/1_enoch_charles_1912_djvu.txt,36051,translation and notes,1 Enoch 10,11,3. Γκαὶ} δίδαξον,Verify against page image/PDF before using as Greek-fragment or variant evidence.
data/raw/1_enoch_charles_1912_djvu.txt,36054,translation and notes,1 Enoch 10,25,"αὐτὸν ὅπως ἐκφύγῃ, καὶ μενεῖ τὸ",Verify against page image/PDF before using as Greek-fragment or variant evidence.
data/raw/1_enoch_charles_1912_djvu.txt,36057,translation and notes,1 Enoch 10,8,"ἔστ᾽ év"" αὐτῆ.",Verify against page image/PDF before using as Greek-fragment or variant evidence.
data/raw/1_enoch_charles_1912_djvu.txt,36061,translation and notes,1 Enoch 10,22,σπέρμα αὐτοῦ εἰς πάσας τὰς,Verify against page image/PDF before using as Greek-fragment or variant evidence.
data/raw/1_enoch_charles_1912_djvu.txt,36064,translation and notes,1 Enoch 10,15,γενεὰς τοῦ αἰῶνος.,Verify against page image/PDF before using as Greek-fragment or variant evidence.
data/raw/1_enoch_charles_1912_djvu.txt,36070,translation and notes,1 Enoch 10,10,omits wrongly. 5 EK = ὁ μέγας καὶ ὃ,Verify against page image/PDF before using as Greek-fragment or variant evidence.
data/raw/1_enoch_charles_1912_djvu.txt,36101,translation and notes,1 Enoch 10,17,"ἀδικίας. 10, καὶ νῦν ἰδοὺ ‘ra",Verify against page image/PDF before using as Greek-fragment or variant evidence.
data/raw/1_enoch_charles_1912_djvu.txt,36102,translation and notes,1 Enoch 10,22,πνεύματα! τῶν ψυχῶν 3 τῶν ἀπο-,Verify against page image/PDF before using as Greek-fragment or variant evidence.
data/raw/1_enoch_charles_1912_djvu.txt,36103,translation and notes,1 Enoch 10,28,"θανόντων ἀνθρώπων ἐντυγχάνουσι,",Verify against page image/PDF before using as Greek-fragment or variant evidence.
data/raw/1_enoch_charles_1912_djvu.txt,36104,translation and notes,1 Enoch 10,26,καὶ μέχρι τῶν πυλῶν τοῦ οὐρανοῦ.,Verify against page image/PDF before using as Greek-fragment or variant evidence.
data/raw/1_enoch_charles_1912_djvu.txt,36109,translation and notes,1 Enoch 10,25,δύναται ἐξελθεῖν ἀπὸ προσώπο,Verify against page image/PDF before using as Greek-fragment or variant evidence.
data/raw/1_enoch_charles_1912_djvu.txt,36112,translation and notes,1 Enoch 10,19,στεναγμὸς αὐτῶν καὶ οὐ,Verify against page image/PDF before using as Greek-fragment or variant evidence.
data/raw/1_enoch_charles_1912_djvu.txt,36115,translation and notes,1 Enoch 10,26,τῶν ἐπὶ τῆς γῆς γινομένων ἀδικη-,Verify against page image/PDF before using as Greek-fragment or variant evidence.
data/raw/1_enoch_charles_1912_djvu.txt,36116,translation and notes,1 Enoch 10,19,μάτων. 11. καὶ σὺ αὐτὰ οἶδας,Verify against page image/PDF before using as Greek-fragment or variant evidence.
data/raw/1_enoch_charles_1912_djvu.txt,36119,translation and notes,1 Enoch 10,19,8 αὐτὰ γενέσθαι καὶ ὁρᾷς,Verify against page image/PDF before using as Greek-fragment or variant evidence.
data/raw/1_enoch_charles_1912_djvu.txt,36123,translation and notes,1 Enoch 10,26,"αὐτοὺς καὶ ἐᾷς αὐτούς, καὶ οὐδὲν",Verify against page image/PDF before using as Greek-fragment or variant evidence.
data/raw/1_enoch_charles_1912_djvu.txt,36124,translation and notes,1 Enoch 10,28,"λέγεις, τί δεῖ ποιῆσαι αὐτοὺς περὶ",Verify against page image/PDF before using as Greek-fragment or variant evidence.
data/raw/1_enoch_charles_1912_djvu.txt,36127,translation and notes,1 Enoch 10,19,X. Τότε ὁ Ὕψιστος εἶπε καὶ 6,Verify against page image/PDF before using as Greek-fragment or variant evidence.
data/raw/1_enoch_charles_1912_djvu.txt,36128,translation and notes,1 Enoch 10,27,"ἅγιος ὁ μέγας ἐλάλησε, καὶ ἔπεμψε",Verify against page image/PDF before using as Greek-fragment or variant evidence.
data/raw/1_enoch_charles_1912_djvu.txt,36129,translation and notes,1 Enoch 10,25,"τὸν Οὐριὴλ πρὸς τὸν υἱὸν Λάμεχ,",Verify against page image/PDF before using as Greek-fragment or variant evidence.
data/raw/1_enoch_charles_1912_djvu.txt,36130,translation and notes,1 Enoch 10,20,"λέγων 2. ΓΠορεύου πρὸς τὸν,",Verify against page image/PDF before using as Greek-fragment or variant evidence.
data/raw/1_enoch_charles_1912_djvu.txt,36131,translation and notes,1 Enoch 10,20,Νῶε καὶ! εἰπὸν αὐτῷ τῷ ἐμῷ,Verify against page image/PDF before using as Greek-fragment or variant evidence.
data/raw/1_enoch_charles_1912_djvu.txt,36132,translation and notes,1 Enoch 10,23,"ὀνόματι Κρύψον σεαυτόν, καὶ",Verify against page image/PDF before using as Greek-fragment or variant evidence.
data/raw/1_enoch_charles_1912_djvu.txt,36133,translation and notes,1 Enoch 10,27,"δήλωσον αὐτῷ τέλος ἐπερχόμενον,",Verify against page image/PDF before using as Greek-fragment or variant evidence.
data/raw/1_enoch_charles_1912_djvu.txt,36134,translation and notes,1 Enoch 10,22,"ὅτι ἡ γῆ ἀπόλλυται πᾶσα"" καὶ",Verify against page image/PDF before using as Greek-fragment or variant evidence.
data/raw/1_enoch_charles_1912_djvu.txt,36135,translation and notes,1 Enoch 10,24,Γεϊπὸν αὐτῷ ὅτι! κατακλυσμὸς,Verify against page image/PDF before using as Greek-fragment or variant evidence.
data/raw/1_enoch_charles_1912_djvu.txt,36136,translation and notes,1 Enoch 10,25,μέλλει γίνεσθαι πάσης τῆς γῆς,Verify against page image/PDF before using as Greek-fragment or variant evidence.
data/raw/1_enoch_charles_1912_djvu.txt,36137,translation and notes,1 Enoch 10,23,"ἀπολέσαι πάντα ""ἀπὸ προσώπο",Verify against page image/PDF before using as Greek-fragment or variant evidence.
data/raw/1_enoch_charles_1912_djvu.txt,36138,translation and notes,1 Enoch 10,15,"τῆς γῆς."" 8. δίδαξον ‘ror δί:",Verify against page image/PDF before using as Greek-fragment or variant evidence.
data/raw/1_enoch_charles_1912_djvu.txt,36139,translation and notes,1 Enoch 10,23,"καιον} ὃ τί Γποιήσει,. τὸν υἱὸϊ",Verify against page image/PDF before using as Greek-fragment or variant evidence.
data/raw/1_enoch_charles_1912_djvu.txt,36140,translation and notes,1 Enoch 10,24,"Λάμεχ, καὶ τὴν ψυχὴν αὐτοῦ εἰς",Verify against page image/PDF before using as Greek-fragment or variant evidence.
data/raw/1_enoch_charles_1912_djvu.txt,36141,translation and notes,1 Enoch 10,27,"ζωὴν συντηρήσει, καὶ! ἐκφεύξεται",Verify against page image/PDF before using as Greek-fragment or variant evidence.
data/raw/1_enoch_charles_1912_djvu.txt,36142,translation and notes,1 Enoch 10,20,"Γδι᾿ αἰῶνος"", καὶ ἐξ αὐτοῦ ‘purev-",Verify against page image/PDF before using as Greek-fragment or variant evidence.
data/raw/1_enoch_charles_1912_djvu.txt,36143,translation and notes,1 Enoch 10,21,θήσεται! φύτευμα ‘kal! σταθήσε:,Verify against page image/PDF before using as Greek-fragment or variant evidence.
data/raw/1_enoch_charles_1912_djvu.txt,36144,translation and notes,1 Enoch 10,25,ται πάσας τὰς γενεὰς τοῦ αἰῶνα,Verify against page image/PDF before using as Greek-fragment or variant evidence.
data/raw/1_enoch_charles_1912_djvu.txt,36149,translation and notes,1 Enoch 10,14,πρὸς αὐτόν. G* λέγων. 7 Emendec,Verify against page image/PDF before using as Greek-fragment or variant evidence.
data/raw/1_enoch_charles_1912_djvu.txt,36150,translation and notes,1 Enoch 10,8,by Raderm. from ἐστιν ὃ GEE = αὖ,Verify against page image/PDF before using as Greek-fragment or variant evidence.
data/raw/1_enoch_charles_1912_djvu.txt,36157,translation and notes,1 Enoch 10,19,ἢ 4. Kai! τῷ Ραφαὴλ εἶπεν Δῆσον,Verify against page image/PDF before using as Greek-fragment or variant evidence.
data/raw/1_enoch_charles_1912_djvu.txt,36158,translation and notes,1 Enoch 10,25,": τὸν ᾿Α(αὴλ ποσὶν καὶ χερσίν, καὶ",Verify against page image/PDF before using as Greek-fragment or variant evidence.
data/raw/1_enoch_charles_1912_djvu.txt,36166,translation and notes,1 Enoch 10,23,": βάλε αὐτὸν εἰς τὸ σκότος, καὶ",Verify against page image/PDF before using as Greek-fragment or variant evidence.
data/raw/1_enoch_charles_1912_djvu.txt,36167,translation and notes,1 Enoch 10,24,ἄνοιξον τὴν ἔρημον τὴν οὖσαν,Verify against page image/PDF before using as Greek-fragment or variant evidence.
data/raw/1_enoch_charles_1912_djvu.txt,36168,translation and notes,1 Enoch 10,25,"| ἐν τῷ Δαδουὴλ κἀκεῖ βάλε αὐτόν,",Verify against page image/PDF before using as Greek-fragment or variant evidence.
data/raw/1_enoch_charles_1912_djvu.txt,36169,translation and notes,1 Enoch 10,22,"5. καὶ ὑπόθες"" αὐτῷ λίθους τρα-",Verify against page image/PDF before using as Greek-fragment or variant evidence.
data/raw/1_enoch_charles_1912_djvu.txt,36171,translation and notes,1 Enoch 10,25,χεῖς καὶ ὀξεῖς καὶ ἐπικάλυψον,Verify against page image/PDF before using as Greek-fragment or variant evidence.
data/raw/1_enoch_charles_1912_djvu.txt,36177,translation and notes,1 Enoch 10,22,"ὑτῷ τὸ σκότος, καὶ οἰκησάτω",Verify against page image/PDF before using as Greek-fragment or variant evidence.
data/raw/1_enoch_charles_1912_djvu.txt,36206,translation and notes,1 Enoch 10,23,"ἐκεῖ εἰς τοὺς αἰῶνας, καὶ τὴν",Verify against page image/PDF before using as Greek-fragment or variant evidence.
data/raw/1_enoch_charles_1912_djvu.txt,36207,translation and notes,1 Enoch 10,22,ὄψιν αὐτοῦ πώμασον καὶ φῶς,Verify against page image/PDF before using as Greek-fragment or variant evidence.
data/raw/1_enoch_charles_1912_djvu.txt,36208,translation and notes,1 Enoch 10,8,"le θεωρείτω""",Verify against page image/PDF before using as Greek-fragment or variant evidence.
data/raw/1_enoch_charles_1912_djvu.txt,36210,translation and notes,1 Enoch 10,20,"μέρᾳ ""τῆς μεγάλης! τῆς κρί-",Verify against page image/PDF before using as Greek-fragment or variant evidence.
data/raw/1_enoch_charles_1912_djvu.txt,36211,translation and notes,1 Enoch 10,23,| ws ἀπαχθήσεται εἰς τὸν ἐγπυρι-,Verify against page image/PDF before using as Greek-fragment or variant evidence.
data/raw/1_enoch_charles_1912_djvu.txt,36212,translation and notes,1 Enoch 10,18,"ἢ 7. καὶ ἰαθήσεται ἡ γῆ, ἣν",Verify against page image/PDF before using as Greek-fragment or variant evidence.
data/raw/1_enoch_charles_1912_djvu.txt,36219,translation and notes,1 Enoch 10,21,"ἱνισαν οἱ ἄγγελοι, καὶ τὴν",Verify against page image/PDF before using as Greek-fragment or variant evidence.
data/raw/1_enoch_charles_1912_djvu.txt,36220,translation and notes,1 Enoch 10,19,"σιν τῆς γῆς δήλωσον, ἵνα",Verify against page image/PDF before using as Greek-fragment or variant evidence.
data/raw/1_enoch_charles_1912_djvu.txt,36221,translation and notes,1 Enoch 10,22,"ωνται ὃ τὴν πληγήν ὃ, ἵνα μὴ ἴ",Verify against page image/PDF before using as Greek-fragment or variant evidence.
data/raw/1_enoch_charles_1912_djvu.txt,36222,translation and notes,1 Enoch 10,19,'πόλωνται πάντες οἱ viol τῶν,Verify against page image/PDF before using as Greek-fragment or variant evidence.
data/raw/1_enoch_charles_1912_djvu.txt,36223,translation and notes,1 Enoch 10,19,"a ὄπων ἐν τῷ μυστηρίῳ [ὅλῳ""",Verify against page image/PDF before using as Greek-fragment or variant evidence.
data/raw/1_enoch_charles_1912_djvu.txt,36225,translation and notes,1 Enoch 10,23,t ἐπάταξαν + ὃ οἱ ἐγρήγοροι καὶ,Verify against page image/PDF before using as Greek-fragment or variant evidence.
data/raw/1_enoch_charles_1912_djvu.txt,36226,translation and notes,1 Enoch 10,20,"δ (δα)ξαν τοὺς υἱοὺς αὐτῶν, 8.",Verify against page image/PDF before using as Greek-fragment or variant evidence.
data/raw/1_enoch_charles_1912_djvu.txt,36227,translation and notes,1 Enoch 10,19,‘a ἠρημώθη πᾶσα ἡ γῆ [ἀφανι-,Verify against page image/PDF before using as Greek-fragment or variant evidence.
data/raw/1_enoch_charles_1912_djvu.txt,36228,translation and notes,1 Enoch 10,15,"᾿ 0) ἴσα] "" ἐν *rots ἔργοις τῆς",Verify against page image/PDF before using as Greek-fragment or variant evidence.
data/raw/1_enoch_charles_1912_djvu.txt,36229,translation and notes,1 Enoch 10,15,δι ασκαλίας 9 ᾿Α(αήλ',Verify against page image/PDF before using as Greek-fragment or variant evidence.
data/raw/1_enoch_charles_1912_djvu.txt,36230,translation and notes,1 Enoch 10,26,αὐτῷ γράψον τὰς ἁμαρτίας πάσας.,Verify against page image/PDF before using as Greek-fragment or variant evidence.
data/raw/1_enoch_charles_1912_djvu.txt,36231,translation and notes,1 Enoch 10,24,"). Καὶ τῷ Γαβριὴλ εἶπεν ὁ κύριος""",Verify against page image/PDF before using as Greek-fragment or variant evidence.
data/raw/1_enoch_charles_1912_djvu.txt,36232,translation and notes,1 Enoch 10,19,"jou ἐπὶ τοὺς μαζηρέους, ἐπὶ",Verify against page image/PDF before using as Greek-fragment or variant evidence.
data/raw/1_enoch_charles_1912_djvu.txt,36233,translation and notes,1 Enoch 10,21,κιβδήλους 15 καὶ τοὺς υἱοὺς,Verify against page image/PDF before using as Greek-fragment or variant evidence.
data/raw/1_enoch_charles_1912_djvu.txt,36234,translation and notes,1 Enoch 10,19,"πορνείας 15, καὶ ἀπόλεσον 15",Verify against page image/PDF before using as Greek-fragment or variant evidence.
data/raw/1_enoch_charles_1912_djvu.txt,36240,translation and notes,1 Enoch 10,11,1 E adds πάλιν 6 κύριος.,Verify against page image/PDF before using as Greek-fragment or variant evidence.
data/raw/1_enoch_charles_1912_djvu.txt,36246,translation and notes,1 Enoch 10,11,5 ΜΆ. ἰασονται. ὃ E=,Verify against page image/PDF before using as Greek-fragment or variant evidence.
data/raw/1_enoch_charles_1912_djvu.txt,36253,translation and notes,1 Enoch 10,20,WE = τῇ διδασκαλίᾳ τῶν ἔργων. 1: GE,Verify against page image/PDF before using as Greek-fragment or variant evidence.
data/raw/1_enoch_charles_1912_djvu.txt,36256,translation and notes,1 Enoch 10,8,corrupt for πορνείας.,Verify against page image/PDF before using as Greek-fragment or variant evidence.
data/raw/1_enoch_charles_1912_djvu.txt,36263,translation and notes,1 Enoch 10,15,4. Καὶ τῷ Ραφαὴλ εἶπε 'Tlo-,Verify against page image/PDF before using as Greek-fragment or variant evidence.
data/raw/1_enoch_charles_1912_djvu.txt,36265,translation and notes,1 Enoch 10,8,"pevov, ‘Padand, kal! δῆσον τὸν",Verify against page image/PDF before using as Greek-fragment or variant evidence.
data/raw/1_enoch_charles_1912_djvu.txt,36266,translation and notes,1 Enoch 10,23,᾿Αζαὴλ χερσὶ καὶ ποσὶ [συμπό-,Verify against page image/PDF before using as Greek-fragment or variant evidence.
data/raw/1_enoch_charles_1912_djvu.txt,36268,translation and notes,1 Enoch 10,24,"δισον αὐτόν], καὶ ἔμβαλε αὐτὸν",Verify against page image/PDF before using as Greek-fragment or variant evidence.
data/raw/1_enoch_charles_1912_djvu.txt,36270,translation and notes,1 Enoch 10,24,"εἰς τὸ σκότος, καὶ ἄνοιξον τὴν",Verify against page image/PDF before using as Greek-fragment or variant evidence.
data/raw/1_enoch_charles_1912_djvu.txt,36271,translation and notes,1 Enoch 10,23,ἔρημον τὴν οὖσαν ἐν τῇ [ἐρήμῳ],Verify against page image/PDF before using as Greek-fragment or variant evidence.
data/raw/1_enoch_charles_1912_djvu.txt,36272,translation and notes,1 Enoch 10,13,ρημον τὴ ἢ [ἐρήμῳ,Verify against page image/PDF before using as Greek-fragment or variant evidence.
data/raw/1_enoch_charles_1912_djvu.txt,36273,translation and notes,1 Enoch 10,23,"Δουδαήλ, καὶ ἐκεῖ πορευθεὶς""",Verify against page image/PDF before using as Greek-fragment or variant evidence.
data/raw/1_enoch_charles_1912_djvu.txt,36274,translation and notes,1 Enoch 10,9,"βάλε αὐτόν""",Verify against page image/PDF before using as Greek-fragment or variant evidence.
data/raw/1_enoch_charles_1912_djvu.txt,36277,translation and notes,1 Enoch 10,28,"λίθους ὀξεῖς καὶ Γλίθους"" τραχεῖς",Verify against page image/PDF before using as Greek-fragment or variant evidence.
data/raw/1_enoch_charles_1912_djvu.txt,36281,translation and notes,1 Enoch 10,13,5. καὶ ὑπόθες αὐτῷ,Verify against page image/PDF before using as Greek-fragment or variant evidence.
data/raw/1_enoch_charles_1912_djvu.txt,36285,translation and notes,1 Enoch 10,26,"καὶ ἐπικάλυψον αὐτῷ σκότος, καὶ",Verify against page image/PDF before using as Greek-fragment or variant evidence.
data/raw/1_enoch_charles_1912_djvu.txt,36286,translation and notes,1 Enoch 10,26,"οἰκησάτω ἐκεῖ εἰς τὸν αἰῶνα"" καὶ",Verify against page image/PDF before using as Greek-fragment or variant evidence.
data/raw/1_enoch_charles_1912_djvu.txt,36288,translation and notes,1 Enoch 10,22,τὴν ὄψιν αὐτοῦ πώμασον Kal φῶς,Verify against page image/PDF before using as Greek-fragment or variant evidence.
data/raw/1_enoch_charles_1912_djvu.txt,36290,translation and notes,1 Enoch 10,12,μὴ Oewpetrw’ 6θ. Kal ἐν τῇ ἡμέρᾳ,Verify against page image/PDF before using as Greek-fragment or variant evidence.
data/raw/1_enoch_charles_1912_djvu.txt,36291,translation and notes,1 Enoch 10,27,τῆς κρίσεως ἀπαχθήσεται εἰς τὸν,Verify against page image/PDF before using as Greek-fragment or variant evidence.
data/raw/1_enoch_charles_1912_djvu.txt,36292,translation and notes,1 Enoch 10,18,"ἐμπυρισμὸν rod πυρός, 7. καὶ",Verify against page image/PDF before using as Greek-fragment or variant evidence.
data/raw/1_enoch_charles_1912_djvu.txt,36294,translation and notes,1 Enoch 10,23,ἴασαι τὴν γῆν ἣν ἠφάνισαν οἱ,Verify against page image/PDF before using as Greek-fragment or variant evidence.
data/raw/1_enoch_charles_1912_djvu.txt,36296,translation and notes,1 Enoch 10,9,ἐγρήγοροι,Verify against page image/PDF before using as Greek-fragment or variant evidence.
data/raw/1_enoch_charles_1912_djvu.txt,36297,translation and notes,1 Enoch 10,24,"πληγῆς * δήλωσον, ἵνα * ἰάσωνται",Verify against page image/PDF before using as Greek-fragment or variant evidence.
data/raw/1_enoch_charles_1912_djvu.txt,36301,translation and notes,1 Enoch 10,11,kal τὴν ἴασιν τῆς,Verify against page image/PDF before using as Greek-fragment or variant evidence.
data/raw/1_enoch_charles_1912_djvu.txt,36305,translation and notes,1 Enoch 10,23,τὴν πληγὴν καὶ μὴ ἀπόλωνται,Verify against page image/PDF before using as Greek-fragment or variant evidence.
data/raw/1_enoch_charles_1912_djvu.txt,36307,translation and notes,1 Enoch 10,25,πάντες οἱ υἱοὶ τῶν ἀνθρώπων ἐν,Verify against page image/PDF before using as Greek-fragment or variant evidence.
data/raw/1_enoch_charles_1912_djvu.txt,36309,translation and notes,1 Enoch 10,27,τῷ μυστηρίῳ ὃ εἶπον οἱ ἐγρήγοροι,Verify against page image/PDF before using as Greek-fragment or variant evidence.
data/raw/1_enoch_charles_1912_djvu.txt,36310,translation and notes,1 Enoch 10,25,"καὶ ἐδίδαξαν τοὺς υἱοὺς αὐτῶν,",Verify against page image/PDF before using as Greek-fragment or variant evidence.
data/raw/1_enoch_charles_1912_djvu.txt,36311,translation and notes,1 Enoch 10,22,8. καὶ ἠρημώθη πᾶσα 7) γῆ ἐν τοῖς,Verify against page image/PDF before using as Greek-fragment or variant evidence.
data/raw/1_enoch_charles_1912_djvu.txt,36312,translation and notes,1 Enoch 10,27,ἔργοις τῆς διδασκαλίας ᾿Αζαήλ᾽,Verify against page image/PDF before using as Greek-fragment or variant evidence.
data/raw/1_enoch_charles_1912_djvu.txt,36313,translation and notes,1 Enoch 10,24,καὶ ἐπ᾽ αὐτῇ |! γράψον πάσας τὰς,Verify against page image/PDF before using as Greek-fragment or variant evidence.
data/raw/1_enoch_charles_1912_djvu.txt,36316,translation and notes,1 Enoch 10,20,ἁμαρτίας. 9. Καὶ τῷ Γαβριὴλ,Verify against page image/PDF before using as Greek-fragment or variant evidence.
data/raw/1_enoch_charles_1912_djvu.txt,36317,translation and notes,1 Enoch 10,23,"εἶπε᾽ Πορεύου, ᾿Γαβριήλ', ἐπὶ",Verify against page image/PDF before using as Greek-fragment or variant evidence.
data/raw/1_enoch_charles_1912_djvu.txt,36320,translation and notes,1 Enoch 10,28,"τοὺς γίγαντας, ἐπὶ τοὺς κιβδήλους,",Verify against page image/PDF before using as Greek-fragment or variant evidence.
data/raw/1_enoch_charles_1912_djvu.txt,36327,translation and notes,1 Enoch 10,12,αὐτῷ. 12 κίβδηλος here seems to-,Verify against page image/PDF before using as Greek-fragment or variant evidence.
data/raw/1_enoch_charles_1912_djvu.txt,36333,translation and notes,1 Enoch 10,14,"took it as = ἀδόκιμος. 18 E = πόρνης,",Verify against page image/PDF before using as Greek-fragment or variant evidence.
data/raw/1_enoch_charles_1912_djvu.txt,36342,translation and notes,1 Enoch 10,24,τοὺς υἱοὺς τῶν ἐγρηγόρων ἀπὸ,Verify against page image/PDF before using as Greek-fragment or variant evidence.
data/raw/1_enoch_charles_1912_djvu.txt,36343,translation and notes,1 Enoch 10,23,"τῶν ἀνθρώπων"" πέμψον αὐτοὺς 5",Verify against page image/PDF before using as Greek-fragment or variant evidence.
data/raw/1_enoch_charles_1912_djvu.txt,36345,translation and notes,1 Enoch 10,24,ἐν πολέμῳ ἀπωλείας. μακρότης,Verify against page image/PDF before using as Greek-fragment or variant evidence.
data/raw/1_enoch_charles_1912_djvu.txt,36347,translation and notes,1 Enoch 10,22,"γὰρ ἡμερῶν οὐκ ἔστιν αὐτῶν, 10.",Verify against page image/PDF before using as Greek-fragment or variant evidence.
data/raw/1_enoch_charles_1912_djvu.txt,36349,translation and notes,1 Enoch 10,24,καὶ πᾶσα ἐρώτησις ὁ (οὐκ) ἔσται,Verify against page image/PDF before using as Greek-fragment or variant evidence.
data/raw/1_enoch_charles_1912_djvu.txt,36351,translation and notes,1 Enoch 10,20,τοῖς πατράσιν αὐτῶν [καὶ] ‘wept,Verify against page image/PDF before using as Greek-fragment or variant evidence.
data/raw/1_enoch_charles_1912_djvu.txt,36352,translation and notes,1 Enoch 10,23,"αὐτῶν"", ὅτι ἐλπίζουσιν ζῆσαι",Verify against page image/PDF before using as Greek-fragment or variant evidence.
data/raw/1_enoch_charles_1912_djvu.txt,36354,translation and notes,1 Enoch 10,24,"ζωὴν αἰώνιον, καὶ ὅτι ζήσεται",Verify against page image/PDF before using as Greek-fragment or variant evidence.
data/raw/1_enoch_charles_1912_djvu.txt,36355,translation and notes,1 Enoch 10,25,ἕκαστος αὐτῶν ἔτη πεντακόσια.,Verify against page image/PDF before using as Greek-fragment or variant evidence.
data/raw/1_enoch_charles_1912_djvu.txt,36357,translation and notes,1 Enoch 10,15,11. Kai εἶπεν (τῷ) Μιχαήλ Πο-,Verify against page image/PDF before using as Greek-fragment or variant evidence.
data/raw/1_enoch_charles_1912_djvu.txt,36358,translation and notes,1 Enoch 10,22,ρεύου καὶ δήλωσον Σεμιαζᾷ,Verify against page image/PDF before using as Greek-fragment or variant evidence.
data/raw/1_enoch_charles_1912_djvu.txt,36359,translation and notes,1 Enoch 10,25,καὶ τοῖς λοιποῖς τοῖς σὺν αὐτῷ,Verify against page image/PDF before using as Greek-fragment or variant evidence.
data/raw/1_enoch_charles_1912_djvu.txt,36361,translation and notes,1 Enoch 10,29,"ταῖς γυναιξὶν μιγέντας, μιανθῆναι",Verify against page image/PDF before using as Greek-fragment or variant evidence.
data/raw/1_enoch_charles_1912_djvu.txt,36362,translation and notes,1 Enoch 10,26,"ἐν αὐταῖς ἐν"" τῇ ἀκαθαρσίᾳ αὐτῶν""",Verify against page image/PDF before using as Greek-fragment or variant evidence.
data/raw/1_enoch_charles_1912_djvu.txt,36363,translation and notes,1 Enoch 10,21,1... καὶ ὅταν κατασφαγῶσιν οἱ,Verify against page image/PDF before using as Greek-fragment or variant evidence.
data/raw/1_enoch_charles_1912_djvu.txt,36365,translation and notes,1 Enoch 10,20,viol αὐτῶν καὶ ἴδωσιν τὴν ἀπώ-,Verify against page image/PDF before using as Greek-fragment or variant evidence.
data/raw/1_enoch_charles_1912_djvu.txt,36366,translation and notes,1 Enoch 10,24,"λειαν τῶν ἀγαπητῶν, [καὶ] δῆσον",Verify against page image/PDF before using as Greek-fragment or variant evidence.
data/raw/1_enoch_charles_1912_djvu.txt,36368,translation and notes,1 Enoch 10,26,αὐτοὺς ἑβδομήκοντα γενεὰς εἰς,Verify against page image/PDF before using as Greek-fragment or variant evidence.
data/raw/1_enoch_charles_1912_djvu.txt,36370,translation and notes,1 Enoch 10,19,Tas νάπας THs γῆς μέχρι ἡμέρας,Verify against page image/PDF before using as Greek-fragment or variant evidence.
data/raw/1_enoch_charles_1912_djvu.txt,36371,translation and notes,1 Enoch 10,26,"κρίσεως αὐτῶν καὶ συντελεσμοῦ,",Verify against page image/PDF before using as Greek-fragment or variant evidence.
data/raw/1_enoch_charles_1912_djvu.txt,36373,translation and notes,1 Enoch 10,26,ἕως τελεσθῇ τὸ κρίμα τοῦ αἰῶνος,Verify against page image/PDF before using as Greek-fragment or variant evidence.
data/raw/1_enoch_charles_1912_djvu.txt,36374,translation and notes,1 Enoch 10,16,τῶν αἰώνων. 18. τότε ἀπα-,Verify against page image/PDF before using as Greek-fragment or variant evidence.
data/raw/1_enoch_charles_1912_djvu.txt,36375,translation and notes,1 Enoch 10,26,χθήσονται εἰς τὸ χάος τοῦ πυρὸς,Verify against page image/PDF before using as Greek-fragment or variant evidence.
data/raw/1_enoch_charles_1912_djvu.txt,36376,translation and notes,1 Enoch 10,21,"kal"" εἰς τὴν βάσανον καὶ εἰς τὸ",Verify against page image/PDF before using as Greek-fragment or variant evidence.
data/raw/1_enoch_charles_1912_djvu.txt,36377,translation and notes,1 Enoch 10,25,δεσμωτήριον * συνκλείσεως αἰῶ-,Verify against page image/PDF before using as Greek-fragment or variant evidence.
data/raw/1_enoch_charles_1912_djvu.txt,36380,translation and notes,1 Enoch 10,23,"καυσθῇ {'° καὶ ἀφανισθῇ, ἀπὸ τοῦ",Verify against page image/PDF before using as Greek-fragment or variant evidence.
data/raw/1_enoch_charles_1912_djvu.txt,36381,translation and notes,1 Enoch 10,22,νῦν pet αὐτῶν ὁμοῦ δεθήσονται,Verify against page image/PDF before using as Greek-fragment or variant evidence.
data/raw/1_enoch_charles_1912_djvu.txt,36383,translation and notes,1 Enoch 10,19,χρι τελειώσεως γενεᾶς.,Verify against page image/PDF before using as Greek-fragment or variant evidence.
data/raw/1_enoch_charles_1912_djvu.txt,36387,translation and notes,1 Enoch 10,16,απόστειλον αὐτοὺς kai—a dittographic,Verify against page image/PDF before using as Greek-fragment or variant evidence.
data/raw/1_enoch_charles_1912_djvu.txt,36388,translation and notes,1 Enoch 10,11,"rendering, 2 Add εἰς ἀλλήλους with",Verify against page image/PDF before using as Greek-fragment or variant evidence.
data/raw/1_enoch_charles_1912_djvu.txt,36393,translation and notes,1 Enoch 10,14,υἱοὺς THs πόρνης καί.,Verify against page image/PDF before using as Greek-fragment or variant evidence.
data/raw/1_enoch_charles_1912_djvu.txt,36400,translation and notes,1 Enoch 10,26,ἀπόλεσον τοὺς υἱοὺς τῶν ἐγρηγό-,Verify against page image/PDF before using as Greek-fragment or variant evidence.
data/raw/1_enoch_charles_1912_djvu.txt,36406,translation and notes,1 Enoch 10,21,"pov ἀπὸ τῶν υἱῶν τῶν ἀνθρώπων""",Verify against page image/PDF before using as Greek-fragment or variant evidence.
data/raw/1_enoch_charles_1912_djvu.txt,36436,translation and notes,1 Enoch 10,25,"πέμψον αὐτοὺς * εἰς ἀλλήλους, ἐξ",Verify against page image/PDF before using as Greek-fragment or variant evidence.
data/raw/1_enoch_charles_1912_djvu.txt,36437,translation and notes,1 Enoch 10,23,"αὐτῶν εἰς αὐτούς ἃ, ἐν πολέμῳ.",Verify against page image/PDF before using as Greek-fragment or variant evidence.
data/raw/1_enoch_charles_1912_djvu.txt,36438,translation and notes,1 Enoch 10,8,καὶ μακρό,Verify against page image/PDF before using as Greek-fragment or variant evidence.
data/raw/1_enoch_charles_1912_djvu.txt,36440,translation and notes,1 Enoch 10,23,"ἡμερῶν οὐκ ἔσται αὐτοῖς, 10, καὶ",Verify against page image/PDF before using as Greek-fragment or variant evidence.
data/raw/1_enoch_charles_1912_djvu.txt,36443,translation and notes,1 Enoch 10,12,καὶ ἐν ἀπωλείᾳ.,Verify against page image/PDF before using as Greek-fragment or variant evidence.
data/raw/1_enoch_charles_1912_djvu.txt,36446,translation and notes,1 Enoch 10,19,πᾶσα ἐρώτησις οὐκ ἔστι TOD,Verify against page image/PDF before using as Greek-fragment or variant evidence.
data/raw/1_enoch_charles_1912_djvu.txt,36447,translation and notes,1 Enoch 10,24,"πατράσιν αὐτῶν, ὅτι ἐλπίζουο",Verify against page image/PDF before using as Greek-fragment or variant evidence.
data/raw/1_enoch_charles_1912_djvu.txt,36450,translation and notes,1 Enoch 10,27,"ζήσεται ἕκαστος αὐτῶν ἔτη πεντα-,",Verify against page image/PDF before using as Greek-fragment or variant evidence.
data/raw/1_enoch_charles_1912_djvu.txt,36453,translation and notes,1 Enoch 10,17,"ζωὴν αἰώνιον, καὶ ὅτι",Verify against page image/PDF before using as Greek-fragment or variant evidence.
data/raw/1_enoch_charles_1912_djvu.txt,36454,translation and notes,1 Enoch 10,16,κόσια. 11. Καὶ τῷ Μιχαὴλ,Verify against page image/PDF before using as Greek-fragment or variant evidence.
data/raw/1_enoch_charles_1912_djvu.txt,36455,translation and notes,1 Enoch 10,24,"εἶπε"" Πορεύου, ᾿ Μιχαήλ], δῆσον ὃ",Verify against page image/PDF before using as Greek-fragment or variant evidence.
data/raw/1_enoch_charles_1912_djvu.txt,36456,translation and notes,1 Enoch 10,24,Σεμιαζᾶν καὶ τοὺς ἄλλους σὺν,Verify against page image/PDF before using as Greek-fragment or variant evidence.
data/raw/1_enoch_charles_1912_djvu.txt,36457,translation and notes,1 Enoch 10,23,αὐτῷ τοὺς συμμιγέντας ταῖς,Verify against page image/PDF before using as Greek-fragment or variant evidence.
data/raw/1_enoch_charles_1912_djvu.txt,36458,translation and notes,1 Enoch 10,23,θυγατράσι τῶν ἀνθρώπων τοῦ,Verify against page image/PDF before using as Greek-fragment or variant evidence.
data/raw/1_enoch_charles_1912_djvu.txt,36459,translation and notes,1 Enoch 10,24,μιανθῆναι ἐν αὐταῖς ἐν τῇ ἀκα-,Verify against page image/PDF before using as Greek-fragment or variant evidence.
data/raw/1_enoch_charles_1912_djvu.txt,36464,translation and notes,1 Enoch 10,20,κατασφαγῶσιν of viol αὐτῶν καὶ,Verify against page image/PDF before using as Greek-fragment or variant evidence.
data/raw/1_enoch_charles_1912_djvu.txt,36467,translation and notes,1 Enoch 10,11,θαρσίᾳ αὐτῶν.,Verify against page image/PDF before using as Greek-fragment or variant evidence.
data/raw/1_enoch_charles_1912_djvu.txt,36470,translation and notes,1 Enoch 10,24,ἴδωσι τὴν ἀπώλειαν τῶν ἀγαπὴ,Verify against page image/PDF before using as Greek-fragment or variant evidence.
data/raw/1_enoch_charles_1912_djvu.txt,36471,translation and notes,1 Enoch 10,22,"τῶν αὐτῶν, δῆσον αὐτοὺς ἐπὶ",Verify against page image/PDF before using as Greek-fragment or variant evidence.
data/raw/1_enoch_charles_1912_djvu.txt,36472,translation and notes,1 Enoch 10,28,ἑβδομήκοντα γενεὰς εἰς τὰς νάπας,Verify against page image/PDF before using as Greek-fragment or variant evidence.
data/raw/1_enoch_charles_1912_djvu.txt,36473,translation and notes,1 Enoch 10,24,τῆς γῆς μέχρι ἡμέρας κρίσεως,Verify against page image/PDF before using as Greek-fragment or variant evidence.
data/raw/1_enoch_charles_1912_djvu.txt,36474,translation and notes,1 Enoch 10,26,"αὐτῶν, μέχρι ἡμέρας τελειώσεως",Verify against page image/PDF before using as Greek-fragment or variant evidence.
data/raw/1_enoch_charles_1912_djvu.txt,36475,translation and notes,1 Enoch 10,21,"[τελεσμοῦ], ἕως συντελεσθῇ",Verify against page image/PDF before using as Greek-fragment or variant evidence.
data/raw/1_enoch_charles_1912_djvu.txt,36476,translation and notes,1 Enoch 10,20,μα τοῦ αἰῶνος τῶν αἰώνων.,Verify against page image/PDF before using as Greek-fragment or variant evidence.
data/raw/1_enoch_charles_1912_djvu.txt,36478,translation and notes,1 Enoch 10,26,τότε ἀπενεχθήσονται εἰς τὸ χάο!,Verify against page image/PDF before using as Greek-fragment or variant evidence.
data/raw/1_enoch_charles_1912_djvu.txt,36479,translation and notes,1 Enoch 10,25,τοῦ πυρὸς καὶ ἴ εἰς τὴν βάσανοι,Verify against page image/PDF before using as Greek-fragment or variant evidence.
data/raw/1_enoch_charles_1912_djvu.txt,36480,translation and notes,1 Enoch 10,22,καὶ εἰς τὸ δεσμωτήριον τῆς ovy=,Verify against page image/PDF before using as Greek-fragment or variant evidence.
data/raw/1_enoch_charles_1912_djvu.txt,36484,translation and notes,1 Enoch 10,20,ds ἂν κατακριθῆ καὶ ἀφανιο,Verify against page image/PDF before using as Greek-fragment or variant evidence.
data/raw/1_enoch_charles_1912_djvu.txt,36487,translation and notes,1 Enoch 10,18,"κλείσεως τοῦ αἰῶνος ὃ,",Verify against page image/PDF before using as Greek-fragment or variant evidence.
data/raw/1_enoch_charles_1912_djvu.txt,36491,translation and notes,1 Enoch 10,19,omits. ὃ E = καὶ συγκλειθήσονται.,Verify against page image/PDF before using as Greek-fragment or variant evidence.
data/raw/1_enoch_charles_1912_djvu.txt,36507,translation and notes,1 Enoch 10,38,τῶν ἐγρηγόρων διὰ τὸ ἀδικῆσαι τοὺς ἀνθρώπους.,Verify against page image/PDF before using as Greek-fragment or variant evidence.
data/raw/1_enoch_charles_1912_djvu.txt,36508,translation and notes,1 Enoch 10,49,"ἀδικίαν πᾶσαν ἀπὸ τῆς γῆς, καὶ πᾶν ἔργον πονηρίας ἐκλειπέτω,",High-density Greek OCR line; verify against page image/PDF before source-row import.
data/raw/1_enoch_charles_1912_djvu.txt,36529,translation and notes,1 Enoch 10,24,ἀπὸ Tod νῦν μετ᾽ αὐτῶν δεθήσεται,Verify against page image/PDF before using as Greek-fragment or variant evidence.
data/raw/1_enoch_charles_1912_djvu.txt,36530,translation and notes,1 Enoch 10,26,"μέχρι τελειώσεως γενεᾶς αὐτῶν 1""",Verify against page image/PDF before using as Greek-fragment or variant evidence.
data/raw/1_enoch_charles_1912_djvu.txt,36532,translation and notes,1 Enoch 10,47,15. ᾿Απόλεσον πάντα τὰ πνεύματα τῶν κιβδήλων καὶ τοὺς υἱοὺς,High-density Greek OCR line; verify against page image/PDF before source-row import.
data/raw/1_enoch_charles_1912_djvu.txt,36535,translation and notes,1 Enoch 10,11,16. καὶ ἀπόλεσον,Verify against page image/PDF before using as Greek-fragment or variant evidence.
data/raw/1_enoch_charles_1912_djvu.txt,36538,translation and notes,1 Enoch 10,51,ἀναφανήτω τὸ φυτὸν τῆς δικαιοσύνης καὶ τῆς ἀληθείας: εἰς τοὺς,High-density Greek OCR line; verify against page image/PDF before source-row import.
data/raw/1_enoch_charles_1912_djvu.txt,36540,translation and notes,1 Enoch 10,23,ας... μετὰ χαρᾶς φυτευ(θή)σεται.,Verify against page image/PDF before using as Greek-fragment or variant evidence.
data/raw/1_enoch_charles_1912_djvu.txt,36542,translation and notes,1 Enoch 10,32,"| 17. Καὶ νῦν πάντες οἱ δίκαιοι ἐκφεύξονται,",Verify against page image/PDF before using as Greek-fragment or variant evidence.
data/raw/1_enoch_charles_1912_djvu.txt,36544,translation and notes,1 Enoch 10,37,"i καὶ ἔσονται ζῶντες ἕως γεννήσωσιν χιλιάδας,",Verify against page image/PDF before using as Greek-fragment or variant evidence.
data/raw/1_enoch_charles_1912_djvu.txt,36546,translation and notes,1 Enoch 10,48,"| καὶ πᾶσαι αἱ ἡμέραι νεότητος αὐτῶν, καὶ ἡ τὰ σάββατα αὐτῶν ὃ",High-density Greek OCR line; verify against page image/PDF before source-row import.
data/raw/1_enoch_charles_1912_djvu.txt,36547,translation and notes,1 Enoch 10,22,"μετὰ εἰρήνης πληρώσουσιν 8,",Verify against page image/PDF before using as Greek-fragment or variant evidence.
data/raw/1_enoch_charles_1912_djvu.txt,36550,translation and notes,1 Enoch 10,47,"18, τότε ἐργασθήσεται πᾶσα ἡ γῆ ἐν δικαιοσύνῃ καὶ καταφυτευ-",High-density Greek OCR line; verify against page image/PDF before source-row import.
data/raw/1_enoch_charles_1912_djvu.txt,36553,translation and notes,1 Enoch 10,40,"σεται * δένδρον ἐν αὐτῇ 4, καὶ πλησθήσεται εὐλογίας.",High-density Greek OCR line; verify against page image/PDF before source-row import.
data/raw/1_enoch_charles_1912_djvu.txt,36559,translation and notes,1 Enoch 10,50,"ἐσόνται φυτεύοντες ἀμπέλους, (κ)αὶ ἡ ἄμπελος ἣν ἂν φυτεύσωσιν,",High-density Greek OCR line; verify against page image/PDF before source-row import.
data/raw/1_enoch_charles_1912_djvu.txt,36562,translation and notes,1 Enoch 10,18,"σουσιν προχοῦς οἴνου""",Verify against page image/PDF before using as Greek-fragment or variant evidence.
data/raw/1_enoch_charles_1912_djvu.txt,36565,translation and notes,1 Enoch 10,45,"; α τὰ δένδρα τῆς γῆς ἀγαλλιάσονται ἡ ὃ φυτευθήσεται, καὶ",High-density Greek OCR line; verify against page image/PDF before source-row import.
data/raw/1_enoch_charles_1912_djvu.txt,36570,translation and notes,1 Enoch 10,33,"ov μέτρον ὃ, ἐλαίας ποιήσει ἀνὰ βάτους δέκα.",Verify against page image/PDF before using as Greek-fragment or variant evidence.
data/raw/1_enoch_charles_1912_djvu.txt,36573,translation and notes,1 Enoch 10,29,Ἐ χιλιάδας καὶ σπόρου ποιήσει καθ᾽,Verify against page image/PDF before using as Greek-fragment or variant evidence.
data/raw/1_enoch_charles_1912_djvu.txt,36580,translation and notes,1 Enoch 10,51,αθάρισον τὴν γῆν ἀπὸ πάσης ἀκαθαρσίας ἴ καὶ ἀπὸ πάσης ἀδικίας,High-density Greek OCR line; verify against page image/PDF before source-row import.
data/raw/1_enoch_charles_1912_djvu.txt,36583,translation and notes,1 Enoch 10,20,ἀπὸ (πά)σης ἁμαρτίας καὶ ὃ,Verify against page image/PDF before using as Greek-fragment or variant evidence.
data/raw/1_enoch_charles_1912_djvu.txt,36589,translation and notes,1 Enoch 10,29,"ἀσεβείας, καὶ πάσας τὰς ἀκαθαρσίας",Verify against page image/PDF before using as Greek-fragment or variant evidence.
data/raw/1_enoch_charles_1912_djvu.txt,36592,translation and notes,1 Enoch 10,29,ἃς γινομένας ἐπὶ τῆς γῆς ἐξάλειψον 3,Verify against page image/PDF before using as Greek-fragment or variant evidence.
data/raw/1_enoch_charles_1912_djvu.txt,36595,translation and notes,1 Enoch 10,16,"€ 21, καὶ ἔσονται πάντες",Verify against page image/PDF before using as Greek-fragment or variant evidence.
data/raw/1_enoch_charles_1912_djvu.txt,36599,translation and notes,1 Enoch 10,44,2. καὶ καθαρισθήσεται 'raca! ἡ γῆ ἀπὸ παντὸς μιάσματος καὶ ἀπὸ,High-density Greek OCR line; verify against page image/PDF before source-row import.
data/raw/1_enoch_charles_1912_djvu.txt,36603,translation and notes,1 Enoch 10,48,"σὴς ἀκαθαρσίας καὶ ὀργῆς καὶ μάστιγος, καὶ οὐκέτι πέμψω ἐπ",High-density Greek OCR line; verify against page image/PDF before source-row import.
data/raw/1_enoch_charles_1912_djvu.txt,36612,translation and notes,1 Enoch 10,56,λα ρεύοντες οἱ λαοὶ καὶ εὐλογοῦντες πάντες ἐμοὶ καὶ προσκυνοῦντες.,High-density Greek OCR line; verify against page image/PDF before source-row import.
data/raw/1_enoch_charles_1912_djvu.txt,36619,translation and notes,1 Enoch 10,25,πὰ seis πάσας τὰς γενεὰς τοῦ αἰῶνος.,Verify against page image/PDF before using as Greek-fragment or variant evidence.
data/raw/1_enoch_charles_1912_djvu.txt,36622,translation and notes,1 Enoch 11,15,XI. καὶ τότε ἀνοίξω τὰ,Verify against page image/PDF before using as Greek-fragment or variant evidence.
data/raw/1_enoch_charles_1912_djvu.txt,36625,translation and notes,1 Enoch 11,50,"ἴα τῆς εὐλογίας τὰ ὄντα ἐν τῷ οὐρανῷ, καὶ κατενεγκεῖν αὐτὰ 19 ἐπὶ",High-density Greek OCR line; verify against page image/PDF before source-row import.
data/raw/1_enoch_charles_1912_djvu.txt,36629,translation and notes,1 Enoch 11,8,1 Add with E καὶ ἔσται,Verify against page image/PDF before using as Greek-fragment or variant evidence.
data/raw/1_enoch_charles_1912_djvu.txt,36631,translation and notes,1 Enoch 11,23,ia’ τὰ ἔργα τῆς δικαιοσύνης καὶ,Verify against page image/PDF before using as Greek-fragment or variant evidence.
data/raw/1_enoch_charles_1912_djvu.txt,36633,translation and notes,1 Enoch 11,8,i is ἀληθείαν lost through hmt. ? =,Verify against page image/PDF before using as Greek-fragment or variant evidence.
data/raw/1_enoch_charles_1912_djvu.txt,36638,translation and notes,1 Enoch 11,12,τὸ γῆρα: αὐτῶν. δ Appears to be,Verify against page image/PDF before using as Greek-fragment or variant evidence.
data/raw/1_enoch_charles_1912_djvu.txt,36647,translation and notes,1 Enoch 11,8,δένδροις. 5 Corrupt. E = ‘and all,Verify against page image/PDF before using as Greek-fragment or variant evidence.
data/raw/1_enoch_charles_1912_djvu.txt,36650,translation and notes,1 Enoch 11,33,σπόρος ὃ σπαρεὶς ἐν αὐτῇ ἕκαστον μέτρον,Verify against page image/PDF before using as Greek-fragment or variant evidence.
data/raw/1_enoch_charles_1912_djvu.txt,36651,translation and notes,1 Enoch 11,31,ποιήσει χιλιάδας καὶ ἕκαστον μέτρον. Here,Verify against page image/PDF before using as Greek-fragment or variant evidence.
data/raw/1_enoch_charles_1912_djvu.txt,36654,translation and notes,1 Enoch 11,19,® E adds ἀπὸ τῆς γῆς. 21. καὶ ἔσονται,Verify against page image/PDF before using as Greek-fragment or variant evidence.
data/raw/1_enoch_charles_1912_djvu.txt,36655,translation and notes,1 Enoch 11,30,πάντες οἱ υἱοὶ τῶν ἀνθρώπων δίκαιοι.,Verify against page image/PDF before using as Greek-fragment or variant evidence.
data/raw/1_enoch_charles_1912_djvu.txt,36656,translation and notes,1 Enoch 11,9,10 KE adds ἐπὶ τῆν γῆν.,Verify against page image/PDF before using as Greek-fragment or variant evidence.
data/raw/1_enoch_charles_1912_djvu.txt,36663,translation and notes,1 Enoch 11,43,"τὰ ἔργα, ἐπὶ τὸν κόπον τῶν υἱῶν τῶν ἀνθρώπων. 2. καὶ ἵτότε",High-density Greek OCR line; verify against page image/PDF before source-row import.
data/raw/1_enoch_charles_1912_djvu.txt,36664,translation and notes,1 Enoch 11,54,* ἀλήθεια καὶ εἰρήνη ᾿ κοινωνήσουσιν ὁμοῦ εἰς πάσας τὰς ἡμέρας τοῦ,High-density Greek OCR line; verify against page image/PDF before source-row import.
data/raw/1_enoch_charles_1912_djvu.txt,36665,translation and notes,1 Enoch 11,37,αἰῶνος καὶ εἰς πάσας τὰς γενεὰς τῶν ἀνθρώπων 3. :,Verify against page image/PDF before using as Greek-fragment or variant evidence.
data/raw/1_enoch_charles_1912_djvu.txt,36666,translation and notes,1 Enoch 11,41,"ΧΙ, Πρὸ τούτων τῶν λόγων ἐλήμφθη, Ἔν, καὶ οὐδεὶς ὃ τῶν",High-density Greek OCR line; verify against page image/PDF before source-row import.
data/raw/1_enoch_charles_1912_djvu.txt,36667,translation and notes,1 Enoch 11,40,ἈΘΡΌΩΣ ἔγνω ποῦ ig καὶ ποῦ ἐστιν καὶ τί ἐγένετο αὐτῷ.,High-density Greek OCR line; verify against page image/PDF before source-row import.
data/raw/1_enoch_charles_1912_djvu.txt,36668,translation and notes,1 Enoch 11,46,"2. καὶ τὰ ἔργα αὐτοῦ ὁ μετὰ τῶν ἐγρηγόρων, καὶ μετὰ τῶν ἁγίων Fa",High-density Greek OCR line; verify against page image/PDF before source-row import.
data/raw/1_enoch_charles_1912_djvu.txt,36669,translation and notes,1 Enoch 11,46,"ἡμέραι ὃ αὐτοῦ. 8, Καὶ ἑστὼς ἤμην"" “Ενὼχ εὐλογῶν τῷ κυρίῳϑ τῆς",High-density Greek OCR line; verify against page image/PDF before source-row import.
data/raw/1_enoch_charles_1912_djvu.txt,36670,translation and notes,1 Enoch 11,47,"μεγαλοσύνης, τῷ βασιλεῖ τῶν αἰώνων. καὶ ἰδοὺ οἱ ἐγρήγοροι ‘rod",High-density Greek OCR line; verify against page image/PDF before source-row import.
data/raw/1_enoch_charles_1912_djvu.txt,36671,translation and notes,1 Enoch 11,41,"ἁγίου τοῦ μεγάλου"" ἐκάλουν pe Ἑνώχ Ἷ,...,. 4. ὁ γραμματεὺς τῆς",High-density Greek OCR line; verify against page image/PDF before source-row import.
data/raw/1_enoch_charles_1912_djvu.txt,36672,translation and notes,1 Enoch 11,56,δικαιοσύνης «Πορεύου καὶ εἰπὲ τοῖς ἐγρηγόροις τοῦ οὐρανοῦ οἵτινες,High-density Greek OCR line; verify against page image/PDF before source-row import.
data/raw/1_enoch_charles_1912_djvu.txt,36674,translation and notes,1 Enoch 11,52,"ἀπολιπόντες τὸν οὐρανὸν τὸν ὑψηλὸν, τὸ ἁγίασμα τῆς στάσεως τοῦ",High-density Greek OCR line; verify against page image/PDF before source-row import.
data/raw/1_enoch_charles_1912_djvu.txt,36675,translation and notes,1 Enoch 11,51,"αἰῶνος, μετὰ τῶν γυναικῶν ἐμιάνθησαν, καὶ ὥσπερ οἱ υἱοὶ τῆς γῆς",High-density Greek OCR line; verify against page image/PDF before source-row import.
data/raw/1_enoch_charles_1912_djvu.txt,36677,translation and notes,1 Enoch 11,54,"ποιοῦσιν, οὕτως καὶ αὐτοὶ ποιοῦσιν ὃ, καὶ ἔλαβον ἑαυτοῖς γυναῖκας""",High-density Greek OCR line; verify against page image/PDF before source-row import.
data/raw/1_enoch_charles_1912_djvu.txt,36678,translation and notes,1 Enoch 11,48,"ἀφανισμὸν μέγαν Τκατηφανίσατε τὴν γῆν, 5. καὶ οὐκ ἔσται ὑμῖν 1""",High-density Greek OCR line; verify against page image/PDF before source-row import.
data/raw/1_enoch_charles_1912_djvu.txt,36680,translation and notes,1 Enoch 11,49,"εἰρήνη οὔτε ἄφεσις. καὶ περὶ ὧν χαίρουσιν τῶν υἱῶν αὐτῶν 1', 6, τὸν",High-density Greek OCR line; verify against page image/PDF before source-row import.
data/raw/1_enoch_charles_1912_djvu.txt,36682,translation and notes,1 Enoch 11,50,"φόνον τῶν ἀγαπητῶν αὐτῶν ὄψονται, καὶ ἐπὶ τῇ ἀπωλείᾳ τῶν υἱῶν",High-density Greek OCR line; verify against page image/PDF before source-row import.
data/raw/1_enoch_charles_1912_djvu.txt,36684,translation and notes,1 Enoch 11,45,"αὐτῶν στενάξουσιν Kal δεηθήσονται eis τὸν αἰῶνα, καὶ οὐκ ἔστα",High-density Greek OCR line; verify against page image/PDF before source-row import.
data/raw/1_enoch_charles_1912_djvu.txt,36685,translation and notes,1 Enoch 11,25,αὐτοῖς εἰς ἔλεον καὶ εἰρήνην 13 ᾿,Verify against page image/PDF before using as Greek-fragment or variant evidence.
data/raw/1_enoch_charles_1912_djvu.txt,36686,translation and notes,1 Enoch 13,39,XIII. ὋὉ δὲ ᾿Ενὼχ ἡτῷ ᾿Α(αωὴλ εἶπεν Πορεύου Ὑ 1 οὐκ ἔσται oo,Verify against page image/PDF before using as Greek-fragment or variant evidence.
data/raw/1_enoch_charles_1912_djvu.txt,36687,translation and notes,1 Enoch 13,46,"εἰρήνη. κρίμα μέγα ἐξῆλθεν κατὰ σοῦ δῆσαί σε, 2. καὶ ἀνοχὴ κα",High-density Greek OCR line; verify against page image/PDF before source-row import.
data/raw/1_enoch_charles_1912_djvu.txt,36689,translation and notes,1 Enoch 13,55,ἐρώτησίς σοι οὐκ ἔσται περὶ ὧν ἔδειξας ἀδικημάτων καὶ περὶ πάντων,High-density Greek OCR line; verify against page image/PDF before source-row import.
data/raw/1_enoch_charles_1912_djvu.txt,36690,translation and notes,1 Enoch 13,49,"τῶν ἔργων τῶν ἀσεβειῶν καὶ τῆς ἀδικίας καὶ τῆς ἁμαρτίας, ὅσα",High-density Greek OCR line; verify against page image/PDF before source-row import.
data/raw/1_enoch_charles_1912_djvu.txt,36693,translation and notes,1 Enoch 13,23,ὑπέδειξας τοῖς ἀνθρώποις. : Ἶ,Verify against page image/PDF before using as Greek-fragment or variant evidence.
data/raw/1_enoch_charles_1912_djvu.txt,36694,translation and notes,1 Enoch 13,49,"3. Τότε πορευθεὶς εἴρηκα. πᾶσιν αὐτοῖς, καὶ αὐτοὶ πάντες ἐφοβή-",High-density Greek OCR line; verify against page image/PDF before source-row import.
data/raw/1_enoch_charles_1912_djvu.txt,36695,translation and notes,1 Enoch 13,45,"θησαν, καὶ ἔλαβεν αὐτοὺς τρόμος καὶ φόβος. 4, καὶ ἠρώτησαν 4",High-density Greek OCR line; verify against page image/PDF before source-row import.
data/raw/1_enoch_charles_1912_djvu.txt,36701,translation and notes,1 Enoch 13,10,1Etrans. 3. Εἰ -- αἰώνων ἃ wrong expan. verse. 12 A strange constructio ν,Verify against page image/PDF before using as Greek-fragment or variant evidence.
data/raw/1_enoch_charles_1912_djvu.txt,36702,translation and notes,1 Enoch 13,26,sion of ἀστῶν which appears inG. * Β [18 Corrupt for πορευθεὶς εἶπεν ᾿Αζαήλ a,Verify against page image/PDF before using as Greek-fragment or variant evidence.
data/raw/1_enoch_charles_1912_djvu.txt,36703,translation and notes,1 Enoch 13,16,"adds τῶν υἱῶν. 4 ΜΆ. αὐτῶν. ὅδ is shown by E, and G 13%. The cor-",Verify against page image/PDF before using as Greek-fragment or variant evidence.
data/raw/1_enoch_charles_1912_djvu.txt,36704,translation and notes,1 Enoch 13,18,corrupt = é ταῖς ἡμέραι. 5 Εὐλογεῖν ruption in G may have originated i,Verify against page image/PDF before using as Greek-fragment or variant evidence.
data/raw/1_enoch_charles_1912_djvu.txt,36707,translation and notes,1 Enoch 13,27,7 Add with E τὸν γραμματέα καὶ εἶπον ΠΝ) brs. σα ὦ ὧν Sa,Verify against page image/PDF before using as Greek-fragment or variant evidence.
data/raw/1_enoch_charles_1912_djvu.txt,36708,translation and notes,1 Enoch 13,12,"ἐμοί Ἑνώχ lost through hmt, ὃ B= μον; to a happy emendation of th",Verify against page image/PDF before using as Greek-fragment or variant evidence.
data/raw/1_enoch_charles_1912_djvu.txt,36709,translation and notes,1 Enoch 13,23,ἐποίησαν or πεποιήκεσαν. 9 MS. και- Ethiopic translator of @ or of the seri Ἃ,Verify against page image/PDF before using as Greek-fragment or variant evidence.
data/raw/1_enoch_charles_1912_djvu.txt,36710,translation and notes,1 Enoch 13,23,"ἠφανισατε. Ἐ -- καὶ ἀφ. μέγ. ἠφανί. of the Greek MS, used by E or to he",Verify against page image/PDF before using as Greek-fragment or variant evidence.
data/raw/1_enoch_charles_1912_djvu.txt,36711,translation and notes,1 Enoch 13,12,σθησαν. 10 E = αὐτοῖς which appears existence in the Aramaic of both forms,Verify against page image/PDF before using as Greek-fragment or variant evidence.
data/raw/1_enoch_charles_1912_djvu.txt,36712,translation and notes,1 Enoch 13,8,wrong. 4 Read ὑμῶν and ὑμῖν for the corrupt in the text and the,Verify against page image/PDF before using as Greek-fragment or variant evidence.
data/raw/1_enoch_charles_1912_djvu.txt,36713,translation and notes,1 Enoch 13,11,αὐτῶν and αὐτοῖς here and in the next reading in the margin. 184 E adds,Verify against page image/PDF before using as Greek-fragment or variant evidence.
data/raw/1_enoch_charles_1912_djvu.txt,36722,translation and notes,1 Enoch 13,49,"ὅπως γράψω αὐτοῖς ὑπομνήματα ἐρωτήσεως, ἵνα yevnrat! αὐτοῖς ἄφεσις,",High-density Greek OCR line; verify against page image/PDF before source-row import.
data/raw/1_enoch_charles_1912_djvu.txt,36727,translation and notes,1 Enoch 13,50,"“καὶ ἵνα ἐγὼ ἀναγνῶ "" αὐτοῖς τὸ ὑπόμνημα τῆς ἐρωτήσεως ἐνώπιον",High-density Greek OCR line; verify against page image/PDF before source-row import.
data/raw/1_enoch_charles_1912_djvu.txt,36741,translation and notes,1 Enoch 13,49,"ζυρίου τοῦ οὐρανοῦ, 5. ὅτι αὐτοὶ οὐκέτι δύνανται λαλῆσαι, οὐδὲ",High-density Greek OCR line; verify against page image/PDF before source-row import.
data/raw/1_enoch_charles_1912_djvu.txt,36742,translation and notes,1 Enoch 13,46,pees αὐτῶν τοὺς ὀφθαλμοὺς εἰς τὸν οὐρανὸν ἀπὸ αἰσχύνης * περὶ,High-density Greek OCR line; verify against page image/PDF before source-row import.
data/raw/1_enoch_charles_1912_djvu.txt,36743,translation and notes,1 Enoch 13,49,y ἡμαρτήκεισαν καὶ κατεκρίθησαν ὃ. 6. Τότε ἔγραψα τὸ ἀἠρίρμλμν,High-density Greek OCR line; verify against page image/PDF before source-row import.
data/raw/1_enoch_charles_1912_djvu.txt,36744,translation and notes,1 Enoch 13,51,tis ἐρωτήσεως αὐτῶν καὶ τὰς δεήσεις περὶ τῶν πνευμάτων αὐτῶν καὶ,High-density Greek OCR line; verify against page image/PDF before source-row import.
data/raw/1_enoch_charles_1912_djvu.txt,36745,translation and notes,1 Enoch 13,47,"rept ὧν δέονται, ὅ ὅπως αὐτῶν γένωνται ἄφεσις καὶ μακρότης. 7. καὶ",High-density Greek OCR line; verify against page image/PDF before source-row import.
data/raw/1_enoch_charles_1912_djvu.txt,36746,translation and notes,1 Enoch 13,49,"πορευθεὶς ἐπάϑισα ἐπὶ τῶν ὑδάτων Δὰν ἐν γῃ Δάν, ἥτις ἐστὶν ἐκ",High-density Greek OCR line; verify against page image/PDF before source-row import.
data/raw/1_enoch_charles_1912_djvu.txt,36747,translation and notes,1 Enoch 13,54,ἐδεῤιῶν ' Ερμωνειεὶμ δύσεως © ἀνεγίνωσκον τὸ ὑπόμνημα τῶν δεήσεων,High-density Greek OCR line; verify against page image/PDF before source-row import.
data/raw/1_enoch_charles_1912_djvu.txt,36748,translation and notes,1 Enoch 13,46,αὐτῶν ἕως ἴ ἐκοιμήθην. 8. καὶ ἰδοὺ ὄνειροι ἐπ᾽ ἐμὲ ἦλθον καὶ,High-density Greek OCR line; verify against page image/PDF before source-row import.
data/raw/1_enoch_charles_1912_djvu.txt,36749,translation and notes,1 Enoch 13,50,"ὁράσεις ἐπ᾽ ἐμὲ ἐπέπιπτον, καὶ ἴδον"" δράσεις ὀργῆς, ‘kat ἦλθεν φωνὴ",High-density Greek OCR line; verify against page image/PDF before source-row import.
data/raw/1_enoch_charles_1912_djvu.txt,36750,translation and notes,1 Enoch 13,42,λέγουσα! Εἰπὸν ὃ τοῖς υἱοῖς τοῦ οὐρανοῦ * τοῦ ἐλέγξαι,High-density Greek OCR line; verify against page image/PDF before source-row import.
data/raw/1_enoch_charles_1912_djvu.txt,36751,translation and notes,1 Enoch 13,53,". καὶ ἔξυπνος γενόμενος ἦλθον πρὸς αὐτούς, καὶ πάντες συνηγμένοι",High-density Greek OCR line; verify against page image/PDF before source-row import.
data/raw/1_enoch_charles_1912_djvu.txt,36758,translation and notes,1 Enoch 13,42,"KC Invto πενθοῦντες [σ]ἐν ᾿Εβελσατά 1), ἥτις ἐστὶν ἀνὰ μέσον τοῦ",High-density Greek OCR line; verify against page image/PDF before source-row import.
data/raw/1_enoch_charles_1912_djvu.txt,36759,translation and notes,1 Enoch 13,47,"Λιβάνου καὶ Σενισήλ 11, περικεκαλυμμένοι τὴν ὄψιν, 10. ἐνώπιον",High-density Greek OCR line; verify against page image/PDF before source-row import.
data/raw/1_enoch_charles_1912_djvu.txt,36760,translation and notes,1 Enoch 13,53,υὐτῶν καὶ 13 ἀνήγγειλα αὐτοῖς πάσας τὰς ὁράσεις ἃς εἶδον κατὰ τοὺς,High-density Greek OCR line; verify against page image/PDF before source-row import.
data/raw/1_enoch_charles_1912_djvu.txt,36761,translation and notes,1 Enoch 13,47,"Tvovs, καὶ ἠρξάμην λαλεῖν τοὺς λόγους τῆς δικαιοσύνης, ἐλέγχων 15",High-density Greek OCR line; verify against page image/PDF before source-row import.
data/raw/1_enoch_charles_1912_djvu.txt,36762,translation and notes,1 Enoch 13,22,ὺς ἐγρηγόρους τοῦ οὐρανοῦ.,Verify against page image/PDF before using as Greek-fragment or variant evidence.
data/raw/1_enoch_charles_1912_djvu.txt,36763,translation and notes,1 Enoch 13,52,᾿ XIV. Βίβλος λόγων δικαιοσύνης καὶ αἱ ὀλέγξεως ἐ ἐγρηγόρων τῶν ἀπὸ,High-density Greek OCR line; verify against page image/PDF before source-row import.
data/raw/1_enoch_charles_1912_djvu.txt,36764,translation and notes,1 Enoch 13,47,"00 ) αἰῶνος, κατὰ τὴν. ἐντολὴν τοῦ ἁγίου * τοῦ μεγάλου ἐν ταύτῃ τῇ",High-density Greek OCR line; verify against page image/PDF before source-row import.
data/raw/1_enoch_charles_1912_djvu.txt,36765,translation and notes,1 Enoch 13,35,hoe. 2. Ἐγὼ εἶδον κατὰ τοὺς ὕπνους μου ὃ 15 νῦν λέγω ἐν,Verify against page image/PDF before using as Greek-fragment or variant evidence.
data/raw/1_enoch_charles_1912_djvu.txt,36766,translation and notes,1 Enoch 13,47,"γλώσσῃ σαρκίνῃ * ἐν τῷ πνεύματι τοῦ στόματός μου, ὃ ἔδωκεν ὁ",High-density Greek OCR line; verify against page image/PDF before source-row import.
data/raw/1_enoch_charles_1912_djvu.txt,36767,translation and notes,1 Enoch 13,46,Ὁ ας 1® τοῖς ἀνθρώποις. λαλεῖν ἐν αὐτοῖς καὶ * νοήσει καρδίας 17,High-density Greek OCR line; verify against page image/PDF before source-row import.
data/raw/1_enoch_charles_1912_djvu.txt,36768,translation and notes,1 Enoch 13,50,", ὃς 18 ἔκτισεν καὶ ἔδωκεν 19 ἐλέγξασθαι 39 ἐγρηγόρους τοὺς υἱοὺς τοῦ",High-density Greek OCR line; verify against page image/PDF before source-row import.
data/raw/1_enoch_charles_1912_djvu.txt,36778,translation and notes,1 Enoch 13,45,"0 ὑρανοῦ. 4. ᾿Εγὼ τὴν ἐρώτησιν ὑμῶν [τῶν ἀγγέλων] 3᾽, ἔγραψα, καὶ",High-density Greek OCR line; verify against page image/PDF before source-row import.
data/raw/1_enoch_charles_1912_djvu.txt,36781,translation and notes,1 Enoch 13,13,"yu 3 ΜΗ, avayvo. = καὶ ἐλέγχειν. 14 Eaddsxai. ™ MS.",Verify against page image/PDF before using as Greek-fragment or variant evidence.
data/raw/1_enoch_charles_1912_djvu.txt,36782,translation and notes,1 Enoch 13,17,sE= ων. 16 EH = καὶ ἐν τῷ πνεύματί pov,Verify against page image/PDF before using as Greek-fragment or variant evidence.
data/raw/1_enoch_charles_1912_djvu.txt,36783,translation and notes,1 Enoch 13,23,"ὃ ἔδωκεν ὃ μέγας εἰς τὸ στόμα, but is",Verify against page image/PDF before using as Greek-fragment or variant evidence.
data/raw/1_enoch_charles_1912_djvu.txt,36787,translation and notes,1 Enoch 13,14,νοῆσαι καρδίᾳ. 18 Read ὡς with E.,Verify against page image/PDF before using as Greek-fragment or variant evidence.
data/raw/1_enoch_charles_1912_djvu.txt,36791,translation and notes,1 Enoch 13,8,. 1 MS. γενονται-,Verify against page image/PDF before using as Greek-fragment or variant evidence.
data/raw/1_enoch_charles_1912_djvu.txt,36792,translation and notes,1 Enoch 13,11,ls ἀνάγω corrupt for ἀναγνῶ.,Verify against page image/PDF before using as Greek-fragment or variant evidence.
data/raw/1_enoch_charles_1912_djvu.txt,36793,translation and notes,1 Enoch 13,22,i τῶν ἁμαρτιῶν αὐτῶν περὶ ὧν Kare-,Verify against page image/PDF before using as Greek-fragment or variant evidence.
data/raw/1_enoch_charles_1912_djvu.txt,36798,translation and notes,1 Enoch 13,16,E = ἵνα εἴπω © E= καὶ ἐλέγξω.,Verify against page image/PDF before using as Greek-fragment or variant evidence.
data/raw/1_enoch_charles_1912_djvu.txt,36801,translation and notes,1 Enoch 13,11,ἢ -- ᾿Αβελσιαήλ. 1: E=Sénésér=the,Verify against page image/PDF before using as Greek-fragment or variant evidence.
data/raw/1_enoch_charles_1912_djvu.txt,36811,translation and notes,1 Enoch 13,16,ἔκτισεν καὶ ἔδωκεν.,Verify against page image/PDF before using as Greek-fragment or variant evidence.
data/raw/1_enoch_charles_1912_djvu.txt,36815,translation and notes,1 Enoch 13,31,"νοεῖν τοὺς λόγους τῆς γνώσεως, καὶ ἐμὲ",Verify against page image/PDF before using as Greek-fragment or variant evidence.
data/raw/1_enoch_charles_1912_djvu.txt,36816,translation and notes,1 Enoch 13,12,"20 ΜΗ, εκλεξασθαι.",Verify against page image/PDF before using as Greek-fragment or variant evidence.
data/raw/1_enoch_charles_1912_djvu.txt,36853,translation and notes,1 Enoch 13,50,ἐν τῇ ὁράσει μου τοῦτο! ἐδείχθη: ὃ καὶ οὔτε ® ἡ ἐρώτησις ὑμῶν παρε-,High-density Greek OCR line; verify against page image/PDF before source-row import.
data/raw/1_enoch_charles_1912_djvu.txt,36854,translation and notes,1 Enoch 13,45,"δέχθη δ, 5. * va μηκέτι"" εἰς τὸν οὐρανὸν ἀναβῆτε ἐπὶ πάντας τοὺς",High-density Greek OCR line; verify against page image/PDF before source-row import.
data/raw/1_enoch_charles_1912_djvu.txt,36855,translation and notes,1 Enoch 13,53,"αἰῶνας, καὶ * ἐν τοῖς ἡ δεσμοῖς ἡ τῆς γῆς ὅ ἐρρέθη δῆσαι ὑμᾶς εἰς πάσο",High-density Greek OCR line; verify against page image/PDF before source-row import.
data/raw/1_enoch_charles_1912_djvu.txt,36856,translation and notes,1 Enoch 13,52,"τὰς γενεὰς ὃ τοῦ αἰῶνος, 6. καὶ Γἵνα! πρὸ ἴ τούτων ἴδητε τὴν ἀπώλειαν",High-density Greek OCR line; verify against page image/PDF before source-row import.
data/raw/1_enoch_charles_1912_djvu.txt,36857,translation and notes,1 Enoch 13,51,"τῶν υἱῶν ὑμῶν τῶν ἀγαπητῶν, καὶ ὅτι οὐκ ἔσται ὑμῖν ὄνησις αὐτῶν",High-density Greek OCR line; verify against page image/PDF before source-row import.
data/raw/1_enoch_charles_1912_djvu.txt,36858,translation and notes,1 Enoch 13,43,ἀλλὰ πεσοῦνται ἐνώπιον ὑμῶν ἐν μαχαίρᾳ. 7. καὶ ἡ ἐρώτησ,High-density Greek OCR line; verify against page image/PDF before source-row import.
data/raw/1_enoch_charles_1912_djvu.txt,36859,translation and notes,1 Enoch 13,48,ὑμῶν περὶ αὐτῶν οὐκ ἔσται οὐδὲ περὶ ὑμῶν’ *«al ὑμεῖς κλαίοντες ὃ,High-density Greek OCR line; verify against page image/PDF before source-row import.
data/raw/1_enoch_charles_1912_djvu.txt,36860,translation and notes,1 Enoch 13,47,καὶ δεόμενοι καὶ μὴν λαλοῦντες πᾶν ῥῆμα ἀπὸ τῆς γραφῆς ἧς,High-density Greek OCR line; verify against page image/PDF before source-row import.
data/raw/1_enoch_charles_1912_djvu.txt,36861,translation and notes,1 Enoch 13,46,"ἔγραψα. 8. Καὶ ἐμοὶ Ἔ ἐφ᾽ ὁράσει 19 οὕτως ἐδείχθη"" ἰδοὺ νεφέλαι",High-density Greek OCR line; verify against page image/PDF before source-row import.
data/raw/1_enoch_charles_1912_djvu.txt,36862,translation and notes,1 Enoch 13,51,"ἐν τῇ ὁράσει ἐκάλουν καὶ ὁμίχλαι με ἐφώνουν, καὶ διαδρομαὶ τῶι",High-density Greek OCR line; verify against page image/PDF before source-row import.
data/raw/1_enoch_charles_1912_djvu.txt,36863,translation and notes,1 Enoch 13,50,ἀστέρων. καὶ διαστραπαί με κατεσπούδαζον καὶ ὑ ἐθορύβαζόνὶ ™,High-density Greek OCR line; verify against page image/PDF before source-row import.
data/raw/1_enoch_charles_1912_djvu.txt,36864,translation and notes,1 Enoch 13,46,"καὶ ἄνεμοι ἐν τῇ ὁράσει μου t ἐξεπέτασάν ""5 με καὶ ἐπῆράν ὃ με dvw™",High-density Greek OCR line; verify against page image/PDF before source-row import.
data/raw/1_enoch_charles_1912_djvu.txt,36865,translation and notes,1 Enoch 13,50,"καὶ εἰσήνεγκάν με εἰς τὸν οὐρανόν. 9, καὶ εἰσῆλθον μέχρις ἤγγὶο",High-density Greek OCR line; verify against page image/PDF before source-row import.
data/raw/1_enoch_charles_1912_djvu.txt,36866,translation and notes,1 Enoch 13,51,τείχους οἰκοδομῆς 15 ἐν λίθοις χαλάζης καὶ γλώσσαις 16 πυρὸς κύκλ,High-density Greek OCR line; verify against page image/PDF before source-row import.
data/raw/1_enoch_charles_1912_djvu.txt,36868,translation and notes,1 Enoch 13,42,αὐτῶν: καὶ ἤρξαντο ἐκφοβεῖν με. 10. Καὶ εἰσῆλθον εἰς τὰς,High-density Greek OCR line; verify against page image/PDF before source-row import.
data/raw/1_enoch_charles_1912_djvu.txt,36869,translation and notes,1 Enoch 13,50,"γλώσσας τοῦ πυρός, καὶ ἤγγισα εἰς οἶκον μέγαν οἰκοδομημένον &",High-density Greek OCR line; verify against page image/PDF before source-row import.
data/raw/1_enoch_charles_1912_djvu.txt,36870,translation and notes,1 Enoch 13,51,"λίθοις χαλάζης, καὶ οἱ τοῖχοι τοῦ οἴκου ὡς λιθόπλακες, καὶ πᾶσα",High-density Greek OCR line; verify against page image/PDF before source-row import.
data/raw/1_enoch_charles_1912_djvu.txt,36871,translation and notes,1 Enoch 13,39,"ἦσαν ἐκ ai 17 καὶ ἐδάφη χιονικά, 11, καὶ αἱ σία ὡς διαδρομα",Verify against page image/PDF before using as Greek-fragment or variant evidence.
data/raw/1_enoch_charles_1912_djvu.txt,36872,translation and notes,1 Enoch 13,54,"ἀστέρων καὶ ἀστραπαί, καὶ μεταξὺ αὐτῶν χερουβὶν πύρινα, καὶ οὐραΐ",High-density Greek OCR line; verify against page image/PDF before source-row import.
data/raw/1_enoch_charles_1912_djvu.txt,36873,translation and notes,1 Enoch 13,39,"αὐτῶν ὕδωρ, 12, καὶ πῦρ φλεγόμενον κύκλῳ τῶν τοίχων, Kat 6",Verify against page image/PDF before using as Greek-fragment or variant evidence.
data/raw/1_enoch_charles_1912_djvu.txt,36874,translation and notes,1 Enoch 13,48,"πυρὶ καιόμεναι. 18. εἰσῆλθον 18 εἰς τὸν οἶκον ἐκεῖνον, θερμὸν '* ὡς π",High-density Greek OCR line; verify against page image/PDF before source-row import.
data/raw/1_enoch_charles_1912_djvu.txt,36875,translation and notes,1 Enoch 13,46,"καὶ ψυχρὸν ὡς χιών 13, καὶ πᾶσα τροφὴ ""Ὁ ζωῆς οὐκ ἣν ἐν αὐτῷ"" φόβ Os",High-density Greek OCR line; verify against page image/PDF before source-row import.
data/raw/1_enoch_charles_1912_djvu.txt,36876,translation and notes,1 Enoch 13,44,pe ἐκάλυψεν καὶ τρόμος με ἔλαβεν. 14. καὶ ἤμην σειόμενος καὶ,High-density Greek OCR line; verify against page image/PDF before source-row import.
data/raw/1_enoch_charles_1912_djvu.txt,36877,translation and notes,1 Enoch 13,45,"τρέμων, καὶ ἔπεσον * ἐπὶ πρόσωπόν pov καὶ *! ἐθεώρουν *év τῇ ὁράσει",High-density Greek OCR line; verify against page image/PDF before source-row import.
data/raw/1_enoch_charles_1912_djvu.txt,36878,translation and notes,1 Enoch 13,43,"Γμου} 35, 48, καὶ ἰδοὺ * ἄλλην θύραν ἀνεῳγμένην κατέναντί μοὶ",High-density Greek OCR line; verify against page image/PDF before source-row import.
data/raw/1_enoch_charles_1912_djvu.txt,36881,translation and notes,1 Enoch 13,30,"1 Ἐς-- κατὰ τοῦτο, “ Ἐ--ὅτι, %E=oin οἵ κατεσπούδαζον. 12 This may be",Verify against page image/PDF before using as Greek-fragment or variant evidence.
data/raw/1_enoch_charles_1912_djvu.txt,36882,translation and notes,1 Enoch 13,26,"ἔσται ὑμῖν, and adds εἰς πάσας τὰς ἡμέρας an attempt to render MDS = ‘ caused",Verify against page image/PDF before using as Greek-fragment or variant evidence.
data/raw/1_enoch_charles_1912_djvu.txt,36883,translation and notes,1 Enoch 13,42,"τοῦ αἰῶνος καὶ ἡ κρίσις ἐτελειώθη ἐφ᾽ bpas to fly’, E= ἀνεπτέρωσαν. Or rath",High-density Greek OCR line; verify against page image/PDF before source-row import.
data/raw/1_enoch_charles_1912_djvu.txt,36884,translation and notes,1 Enoch 13,32,"καὶ ov« ἔσται ὑμῖν. * Ἐ -- καὶ ἀπὸτοῦ it may be corrupt for ἐξεπέρασαν (Lods),",Verify against page image/PDF before using as Greek-fragment or variant evidence.
data/raw/1_enoch_charles_1912_djvu.txt,36885,translation and notes,1 Enoch 13,14,"νῦν. 5 For δεσμοῖς risy#sweshould [ 3. E=«areomovdaov, or possibly ἔπαι-",Verify against page image/PDF before using as Greek-fragment or variant evidence.
data/raw/1_enoch_charles_1912_djvu.txt,36886,translation and notes,1 Enoch 13,16,probably read δεσμοῖς ἐν τῇ γῇ. Eas ρον. 14 E wrongly trans. into next,Verify against page image/PDF before using as Greek-fragment or variant evidence.
data/raw/1_enoch_charles_1912_djvu.txt,36887,translation and notes,1 Enoch 13,18,"ἐν τῇ yp only. © E=apépas, 7MS, clause. 15 E = οἰκοδομημένου. 1° Ν",Verify against page image/PDF before using as Greek-fragment or variant evidence.
data/raw/1_enoch_charles_1912_djvu.txt,36888,translation and notes,1 Enoch 13,27,περί. 8 Weshould expect καὶ κλαιόν-ὀ ‘yAwoons. 11 Ἢ = ἐν λίθοις τοῖς,Verify against page image/PDF before using as Greek-fragment or variant evidence.
data/raw/1_enoch_charles_1912_djvu.txt,36889,translation and notes,1 Enoch 13,11,"των. 9. Em. from MS. μη, which E χιόνος, [18 E prefixesxai, 415 E",Verify against page image/PDF before using as Greek-fragment or variant evidence.
data/raw/1_enoch_charles_1912_djvu.txt,36890,translation and notes,1 Enoch 13,21,"follows, 10 KE = ὅρασις. 11 This κρύσταλλος. 20 E = τρυφή. These",Verify against page image/PDF before using as Greek-fragment or variant evidence.
data/raw/1_enoch_charles_1912_djvu.txt,36904,translation and notes,1 Enoch 13,52,"καὶ ὁ οἷκὸς μείζων τούτου, καὶ dos! οἰκοδομημένος ἐν γλώσσαις πυρὸς,",High-density Greek OCR line; verify against page image/PDF before source-row import.
data/raw/1_enoch_charles_1912_djvu.txt,36905,translation and notes,1 Enoch 13,51,"16, καὶ ὅλος διαφέρων ἐν δόξῃ καὶ ἐν τιμῇ καὶ ἐν μεγαλοσύνῃ, ὥστε μὴ",High-density Greek OCR line; verify against page image/PDF before source-row import.
data/raw/1_enoch_charles_1912_djvu.txt,36906,translation and notes,1 Enoch 13,55,δύνασθαί με ἐξειπεῖν ὑμῖν περὶ τῆς δόξης καὶ περὶ τῆς μεγαλοσύνης,High-density Greek OCR line; verify against page image/PDF before source-row import.
data/raw/1_enoch_charles_1912_djvu.txt,36907,translation and notes,1 Enoch 13,37,"A prov. 17. τὸ"" ἔδαφος αὐτοῦ ἦν πυρός, τὸ δὲ ἀνώτερον αὐτοῦ",Verify against page image/PDF before using as Greek-fragment or variant evidence.
data/raw/1_enoch_charles_1912_djvu.txt,36908,translation and notes,1 Enoch 13,49,"σαν ἀστραπαὶ καὶ διαδρομαὶ ἀστέρων, καὶ ἡ στέγη αὐτοῦ ἦν πῦρ",High-density Greek OCR line; verify against page image/PDF before source-row import.
data/raw/1_enoch_charles_1912_djvu.txt,36909,translation and notes,1 Enoch 13,43,"φλέγον. 18. ᾿Εθεώρουν δὲ καὶ εἶδον ὃ θρόνον ὑψηλόν "", καὶ τὸ",High-density Greek OCR line; verify against page image/PDF before source-row import.
data/raw/1_enoch_charles_1912_djvu.txt,36910,translation and notes,1 Enoch 13,50,"el os αὐτοῦ ὡσεὶ κρυστάλλινον, καὶ * τροχὸς ὡς ἡλίου λάμποντος ὅ καὶ",High-density Greek OCR line; verify against page image/PDF before source-row import.
data/raw/1_enoch_charles_1912_djvu.txt,36911,translation and notes,1 Enoch 13,45,"F ὅρος ὑ δ χερουβίν. 19, καὶ ὑποκάτω τοῦ θρόνου ἐξεπορεύοντο",High-density Greek OCR line; verify against page image/PDF before source-row import.
data/raw/1_enoch_charles_1912_djvu.txt,36939,translation and notes,1 Enoch 13,47,"ποταμοὶ πυρὸς φλεγόμενοι ἴ, καὶ οὐκ ἐδυνάσθην ἰδεῖν. 20. καὶ ἡ",High-density Greek OCR line; verify against page image/PDF before source-row import.
data/raw/1_enoch_charles_1912_djvu.txt,36940,translation and notes,1 Enoch 13,46,όξα ἡ μεγάλη ἐκάθητο ἐπ᾽ aire τὸ περιβόλαιον αὐτοῦ [ὡς εἶδος] ὃ,High-density Greek OCR line; verify against page image/PDF before source-row import.
data/raw/1_enoch_charles_1912_djvu.txt,36941,translation and notes,1 Enoch 13,46,"ἡλίου λαμπρότερον καὶ λευκότερον πάσης χιόνος. 21, καὶ οὐκ",High-density Greek OCR line; verify against page image/PDF before source-row import.
data/raw/1_enoch_charles_1912_djvu.txt,36944,translation and notes,1 Enoch 13,50,ἐδύνατο πᾶς ἄγγελος παρελθεῖν ‘eis τὸν οἶκον τοῦτον καὶ ἰδεῖν τὸ,High-density Greek OCR line; verify against page image/PDF before source-row import.
data/raw/1_enoch_charles_1912_djvu.txt,36945,translation and notes,1 Enoch 13,48,"πρόσωπον» αὐτοῦ * διὰ τὸ ἔντιμον καὶ ἔνδοξον 3, καὶ οὐκ ἐδύνατο",High-density Greek OCR line; verify against page image/PDF before source-row import.
data/raw/1_enoch_charles_1912_djvu.txt,36946,translation and notes,1 Enoch 13,40,"a σὰρξ ἰδεῖν αὐτόν. 22. τὸ πῦρ φλεγόμενον κύκλῳ"" καὶ πῦρ",High-density Greek OCR line; verify against page image/PDF before source-row import.
data/raw/1_enoch_charles_1912_djvu.txt,36947,translation and notes,1 Enoch 13,53,"μέγα παρειστήκει αὐτῷ, καὶ οὐδεὶς ἐγγίζει αὐτῷ (τῶν) 5 κύκλῳ, μυρίαι",High-density Greek OCR line; verify against page image/PDF before source-row import.
data/raw/1_enoch_charles_1912_djvu.txt,36948,translation and notes,1 Enoch 13,51,"ἰυριάδες ἑστήκασιν ἐνώπιον αὐτοῦ, * καὶ πᾶς λόγος αὐτοῦ ἔργον ᾽"".",High-density Greek OCR line; verify against page image/PDF before source-row import.
data/raw/1_enoch_charles_1912_djvu.txt,36949,translation and notes,1 Enoch 13,50,13. καὶ οἱ ἅγιοι τῶν ἀγγέλων 13 οἱ ἐγγίζοντες αὐτῷ οὐκ ἀποχωροῦσιν,High-density Greek OCR line; verify against page image/PDF before source-row import.
data/raw/1_enoch_charles_1912_djvu.txt,36951,translation and notes,1 Enoch 13,45,"γυκτὸς οὔτε ἀφίστανται αὐτοῦ, 24, Κἀγὼ ἤμην ἕως τούτου ἐπὶ",High-density Greek OCR line; verify against page image/PDF before source-row import.
data/raw/1_enoch_charles_1912_djvu.txt,36952,translation and notes,1 Enoch 13,49,"πρόσωπόν μου βεβλημένος 15 καὶ τρέμων, καὶ ὁ κύριος τῷ στόματι",High-density Greek OCR line; verify against page image/PDF before source-row import.
data/raw/1_enoch_charles_1912_djvu.txt,36953,translation and notes,1 Enoch 13,47,"ὑτοῦ ἐκάλεσέν με καὶ εἶπέν μοι Πρόσελθε ὧδε, ᾿Ενώχ, καὶ τὸν",High-density Greek OCR line; verify against page image/PDF before source-row import.
data/raw/1_enoch_charles_1912_djvu.txt,36954,translation and notes,1 Enoch 13,34,\6 ov pov ἄκουσον 15. 25. Γκαὶ προσελθών μοι εἷς τῶν ἁγίων,Verify against page image/PDF before using as Greek-fragment or variant evidence.
data/raw/1_enoch_charles_1912_djvu.txt,36955,translation and notes,1 Enoch 13,49,"ἡγειρέν με καὶ ἔστησέν με, καὶ προσήγαγέν με μέχρι τῆς θύρας""",High-density Greek OCR line; verify against page image/PDF before source-row import.
data/raw/1_enoch_charles_1912_djvu.txt,36956,translation and notes,1 Enoch 13,28,ἐγὼ δὲ τὸ πρόσωπόν μου κάτω ἔκυφον.,Verify against page image/PDF before using as Greek-fragment or variant evidence.
data/raw/1_enoch_charles_1912_djvu.txt,36957,translation and notes,1 Enoch 15,47,"XV. Καὶ ἀποκριθεὶς εἶπέν μοι [Ὃ ἄνθρωπος ὁ ἀληθινός, ἄνθρωπος",High-density Greek OCR line; verify against page image/PDF before source-row import.
data/raw/1_enoch_charles_1912_djvu.txt,36958,translation and notes,1 Enoch 15,46,τῆς ἀληθείας ὁ γραμματεύς 115 καὶ τῆς φωνῆς αὐτοῦ ἤκουσα μὴ,High-density Greek OCR line; verify against page image/PDF before source-row import.
data/raw/1_enoch_charles_1912_djvu.txt,36960,translation and notes,1 Enoch 15,30,sense = ἄλλος οἶκος μείζων τούτου καὶ ming. κύκλῳ cannot be connected,Verify against page image/PDF before using as Greek-fragment or variant evidence.
data/raw/1_enoch_charles_1912_djvu.txt,36961,translation and notes,1 Enoch 15,29,᾿ ἡ θύρα αὐτοῦ ἀνεῳγμένη κατέναντί with the next clause owing to the,Verify against page image/PDF before using as Greek-fragment or variant evidence.
data/raw/1_enoch_charles_1912_djvu.txt,36962,translation and notes,1 Enoch 15,19,pov καί. G® appears to be a dislocated words ἐνώπιον αὐτοῦ. i E = οὐδὲ,Verify against page image/PDF before using as Greek-fragment or variant evidence.
data/raw/1_enoch_charles_1912_djvu.txt,36963,translation and notes,1 Enoch 15,31,ἢ or ἢ of E. 2 E=xal τό. 3 E προσδεῖται οὐδεμιᾶς συμβουλῆς. It is,Verify against page image/PDF before using as Greek-fragment or variant evidence.
data/raw/1_enoch_charles_1912_djvu.txt,36964,translation and notes,1 Enoch 15,10,"adds ἐν αὐτῷῷς:ς Ἅ4 gmqofE=iyndod. probable that this clause, or some",Verify against page image/PDF before using as Greek-fragment or variant evidence.
data/raw/1_enoch_charles_1912_djvu.txt,36965,translation and notes,1 Enoch 15,24,"5 E= τροχὸς αὐτοῦ ὡς ἥλιος λάμπων. equivalent,islostinG, 15 E=dyiov.",Verify against page image/PDF before using as Greek-fragment or variant evidence.
data/raw/1_enoch_charles_1912_djvu.txt,36966,translation and notes,1 Enoch 15,15,* Corrupt for ὅρασις. Eseemstohave 15 E = περίβλημα which is corrupt.,Verify against page image/PDF before using as Greek-fragment or variant evidence.
data/raw/1_enoch_charles_1912_djvu.txt,36969,translation and notes,1 Enoch 15,10,"ead φλεγομένου with E: cf, Dan. 7195, their correct form and place two lines",Verify against page image/PDF before using as Greek-fragment or variant evidence.
data/raw/1_enoch_charles_1912_djvu.txt,36973,translation and notes,1 Enoch 15,25,"-- χτρῦ ἐντίμου, καὶ évddgov, 19 τῶν thentic the second ἄνθρωπος must be",Verify against page image/PDF before using as Greek-fragment or variant evidence.
data/raw/1_enoch_charles_1912_djvu.txt,36990,translation and notes,1 Enoch 15,51,"φοβηθῇς, Ενώχ, ἄνθρωπος ἀληθινὸς καὶ γραμματεὺς τῆς ἀληθείας""",High-density Greek OCR line; verify against page image/PDF before source-row import.
data/raw/1_enoch_charles_1912_djvu.txt,36993,translation and notes,1 Enoch 15,29,"πρόσελθε ὧδε, καὶ τῆς φωνῆς pov ἄκουσον.",Verify against page image/PDF before using as Greek-fragment or variant evidence.
data/raw/1_enoch_charles_1912_djvu.txt,36996,translation and notes,1 Enoch 15,16,εἰπὲ 5 τοῖς πέμψασίν oe®,Verify against page image/PDF before using as Greek-fragment or variant evidence.
data/raw/1_enoch_charles_1912_djvu.txt,36999,translation and notes,1 Enoch 15,34,"ἀνθρώπων, καὶ μὴ τοὺς ἀνθρώπους περὶ ὑμῶν.",Verify against page image/PDF before using as Greek-fragment or variant evidence.
data/raw/1_enoch_charles_1912_djvu.txt,37000,translation and notes,1 Enoch 15,54,"τὸν οὐρανὸν τὸν ὑψηλὸν τὸν ἅγιον τοῦ αἰῶνος, καὶ μετὰ τῶν γυναικῶν",High-density Greek OCR line; verify against page image/PDF before source-row import.
data/raw/1_enoch_charles_1912_djvu.txt,37001,translation and notes,1 Enoch 15,52,ἐκοιμήθητε καὶ μετὰ τῶν θυγατέρων τῶν ἀνθρώπων ἐμιάνθητε καὶ,High-density Greek OCR line; verify against page image/PDF before source-row import.
data/raw/1_enoch_charles_1912_djvu.txt,37002,translation and notes,1 Enoch 15,53,ἐλάβετε ἑαυτοῖς γυναῖκας ;* ὥσπερ υἱοὶ τῆς γῆς ἐποιήσατε καὶ ἔγεν-,High-density Greek OCR line; verify against page image/PDF before source-row import.
data/raw/1_enoch_charles_1912_djvu.txt,37003,translation and notes,1 Enoch 15,32,νήσατε ἑαυτοῖς [τέκνα] ὅ υἱοὺς γίγαντας.,Verify against page image/PDF before using as Greek-fragment or variant evidence.
data/raw/1_enoch_charles_1912_djvu.txt,37004,translation and notes,1 Enoch 15,53,"Ἑκαὶ πνεύμα(τα) "" ζῶντα αἰώνια"" ἐν τῷ αἵματι τῶν γυναικῶν ἐμιάνθητε,",High-density Greek OCR line; verify against page image/PDF before source-row import.
data/raw/1_enoch_charles_1912_djvu.txt,37005,translation and notes,1 Enoch 15,54,καὶ ἐν αἵματι σαρκὸς ἐγεννήσατε;καὶ ἡ ἐν αἵματι ἀνθρώπων ἐπεθυμή-,High-density Greek OCR line; verify against page image/PDF before source-row import.
data/raw/1_enoch_charles_1912_djvu.txt,37008,translation and notes,1 Enoch 15,50,"σατεῖ, καθὼς καὶ αὐτοὶ ποιοῦσιν, σάρκα καὶ αἷμα, οἵτινες ἀποθν",High-density Greek OCR line; verify against page image/PDF before source-row import.
data/raw/1_enoch_charles_1912_djvu.txt,37012,translation and notes,1 Enoch 15,13,oKovow καὶ ἀπόλλυνται.,Verify against page image/PDF before using as Greek-fragment or variant evidence.
data/raw/1_enoch_charles_1912_djvu.txt,37015,translation and notes,1 Enoch 15,15,σπερματίσουσιν ὃ,Verify against page image/PDF before using as Greek-fragment or variant evidence.
data/raw/1_enoch_charles_1912_djvu.txt,37020,translation and notes,1 Enoch 15,12,ἵνα μὴ ἐκλείπῃ 1°,Verify against page image/PDF before using as Greek-fragment or variant evidence.
data/raw/1_enoch_charles_1912_djvu.txt,37021,translation and notes,1 Enoch 15,17,ὑπήρχετε πνεύμαί(τα,Verify against page image/PDF before using as Greek-fragment or variant evidence.
data/raw/1_enoch_charles_1912_djvu.txt,37022,translation and notes,1 Enoch 15,24,πάσας τὰς γενεὰς τοῦ αἰῶνος.᾿,Verify against page image/PDF before using as Greek-fragment or variant evidence.
data/raw/1_enoch_charles_1912_djvu.txt,37023,translation and notes,1 Enoch 15,13,"ὑμῖν θηλείας"" τὰ 15",Verify against page image/PDF before using as Greek-fragment or variant evidence.
data/raw/1_enoch_charles_1912_djvu.txt,37024,translation and notes,1 Enoch 15,10,κησὶς αὐτῶν.,Verify against page image/PDF before using as Greek-fragment or variant evidence.
data/raw/1_enoch_charles_1912_djvu.txt,37026,translation and notes,1 Enoch 15,18,8. καὶ νῦν οἱ γίγαντες οἱ yer-,Verify against page image/PDF before using as Greek-fragment or variant evidence.
data/raw/1_enoch_charles_1912_djvu.txt,37027,translation and notes,1 Enoch 15,23,'νηθέντες ἀπὸ τῶν πνευμάτων Kat,Verify against page image/PDF before using as Greek-fragment or variant evidence.
data/raw/1_enoch_charles_1912_djvu.txt,37028,translation and notes,1 Enoch 15,21,σαρκὸς πνεύμα(τα) TF ἰσχυρὰ ἡ 15,Verify against page image/PDF before using as Greek-fragment or variant evidence.
data/raw/1_enoch_charles_1912_djvu.txt,37031,translation and notes,1 Enoch 15,25,(κληθήσονται) ἐπὶ τῆς γῆς! καὶ ἐν,Verify against page image/PDF before using as Greek-fragment or variant evidence.
data/raw/1_enoch_charles_1912_djvu.txt,37036,translation and notes,1 Enoch 15,25,τῇ γῇ ἣ κατοίκησις αὐτῶν ἔσται.,Verify against page image/PDF before using as Greek-fragment or variant evidence.
data/raw/1_enoch_charles_1912_djvu.txt,37037,translation and notes,1 Enoch 15,21,‘9. πνεύμα(τα) πονηρὰ ἐξῆλθον,Verify against page image/PDF before using as Greek-fragment or variant evidence.
data/raw/1_enoch_charles_1912_djvu.txt,37038,translation and notes,1 Enoch 15,23,"ἀπὸ τοῦ σώματος αὐτῶν, διότι",Verify against page image/PDF before using as Greek-fragment or variant evidence.
data/raw/1_enoch_charles_1912_djvu.txt,37041,translation and notes,1 Enoch 15,23,"-ἀπὸ τῶν ἡ ἀνωτέρων 11 ἐγένοντο,",Verify against page image/PDF before using as Greek-fragment or variant evidence.
data/raw/1_enoch_charles_1912_djvu.txt,37045,translation and notes,1 Enoch 15,24,‘2 E adds τοῖς ἔγρηγόροις τοῦ οὐρανοῦ.,Verify against page image/PDF before using as Greek-fragment or variant evidence.
data/raw/1_enoch_charles_1912_djvu.txt,37047,translation and notes,1 Enoch 15,17,lost through hint. : ἐρωτῆσαι περὶ αὐτῶν.,Verify against page image/PDF before using as Greek-fragment or variant evidence.
data/raw/1_enoch_charles_1912_djvu.txt,37051,translation and notes,1 Enoch 15,16,in ἐν αἵματι ἀνθρώπων. This = D723,Verify against page image/PDF before using as Greek-fragment or variant evidence.
data/raw/1_enoch_charles_1912_djvu.txt,37057,translation and notes,1 Enoch 15,20,Nv 223 = ὥσπερ υἱοὶ τῶν ἀνθρώπων.,Verify against page image/PDF before using as Greek-fragment or variant evidence.
data/raw/1_enoch_charles_1912_djvu.txt,37060,translation and notes,1 Enoch 15,32,"᾿ ὅς διὰ τοῦτο ἔδωκα αὐτοῖς θηλείας, ἵνα",Verify against page image/PDF before using as Greek-fragment or variant evidence.
data/raw/1_enoch_charles_1912_djvu.txt,37061,translation and notes,1 Enoch 15,41,εἰς αὐτὰς καὶ τεκνώσουσιν ἐν αὐταῖς ὃ τέκνα οὕτως.,High-density Greek OCR line; verify against page image/PDF before source-row import.
data/raw/1_enoch_charles_1912_djvu.txt,37062,translation and notes,1 Enoch 15,17,πᾶν ἔργον ἐπὶ τῆς γῆς.,Verify against page image/PDF before using as Greek-fragment or variant evidence.
data/raw/1_enoch_charles_1912_djvu.txt,37063,translation and notes,1 Enoch 15,14,ζῶντα αἰώνια καὶ,Verify against page image/PDF before using as Greek-fragment or variant evidence.
data/raw/1_enoch_charles_1912_djvu.txt,37067,translation and notes,1 Enoch 15,29,"πνεύμα(τα) 13 τοῦ οὐρανοῦ, ἐν τῷ οὐρανῷ ἡ Karol",Verify against page image/PDF before using as Greek-fragment or variant evidence.
data/raw/1_enoch_charles_1912_djvu.txt,37073,translation and notes,1 Enoch 15,9,16 Added with Ἐς G* has καλέσου,Verify against page image/PDF before using as Greek-fragment or variant evidence.
data/raw/1_enoch_charles_1912_djvu.txt,37075,translation and notes,1 Enoch 15,8,"""ἀνθρώπων as in G*.",Verify against page image/PDF before using as Greek-fragment or variant evidence.
data/raw/1_enoch_charles_1912_djvu.txt,37078,translation and notes,1 Enoch 15,13,2. πορεύθητι καὶ ἢ,Verify against page image/PDF before using as Greek-fragment or variant evidence.
data/raw/1_enoch_charles_1912_djvu.txt,37081,translation and notes,1 Enoch 15,23,.... Ἐρωτῆσαι ὑμᾶς ἔδει περὶ τῶν,Verify against page image/PDF before using as Greek-fragment or variant evidence.
data/raw/1_enoch_charles_1912_djvu.txt,37084,translation and notes,1 Enoch 15,14,8. διὰ τί ἀπελίπετε,Verify against page image/PDF before using as Greek-fragment or variant evidence.
data/raw/1_enoch_charles_1912_djvu.txt,37107,translation and notes,1 Enoch 15,16,4. καὶ ὑμεῖς ἦτε ἅγιοι,Verify against page image/PDF before using as Greek-fragment or variant evidence.
data/raw/1_enoch_charles_1912_djvu.txt,37117,translation and notes,1 Enoch 15,17,13 οὐκ ἀποθνήσκοντα εἰ,Verify against page image/PDF before using as Greek-fragment or variant evidence.
data/raw/1_enoch_charles_1912_djvu.txt,37120,translation and notes,1 Enoch 15,21,7. καὶ διὰ τοῦτο οὐκ ἐποίησα,Verify against page image/PDF before using as Greek-fragment or variant evidence.
data/raw/1_enoch_charles_1912_djvu.txt,37125,translation and notes,1 Enoch 15,18,8. Καὶ νῦν οἱ γίγαντες οἱ ye »-,Verify against page image/PDF before using as Greek-fragment or variant evidence.
data/raw/1_enoch_charles_1912_djvu.txt,37126,translation and notes,1 Enoch 15,22,νηθέντες ἀπὸ πνευμάτων κα,Verify against page image/PDF before using as Greek-fragment or variant evidence.
data/raw/1_enoch_charles_1912_djvu.txt,37127,translation and notes,1 Enoch 15,23,σαρκὸς πνεύματα πονηρὰ ἐπὶ,Verify against page image/PDF before using as Greek-fragment or variant evidence.
data/raw/1_enoch_charles_1912_djvu.txt,37128,translation and notes,1 Enoch 15,23,"γῆς καλέσουσιν αὐτούς 156, ὅτι ἣ",Verify against page image/PDF before using as Greek-fragment or variant evidence.
data/raw/1_enoch_charles_1912_djvu.txt,37129,translation and notes,1 Enoch 15,23,κατοίκησις αὐτῶν ἔσται ἐπὶ,Verify against page image/PDF before using as Greek-fragment or variant evidence.
data/raw/1_enoch_charles_1912_djvu.txt,37131,translation and notes,1 Enoch 15,25,"Γἔσονται, τὰ πνεύματα! ἐξεληλυ-",Verify against page image/PDF before using as Greek-fragment or variant evidence.
data/raw/1_enoch_charles_1912_djvu.txt,37134,translation and notes,1 Enoch 15,14,".9,. πνεύματα πονηρὰ",Verify against page image/PDF before using as Greek-fragment or variant evidence.
data/raw/1_enoch_charles_1912_djvu.txt,37135,translation and notes,1 Enoch 15,17,θότα ἀπὸ τοῦ σώματος ‘THs cap,Verify against page image/PDF before using as Greek-fragment or variant evidence.
data/raw/1_enoch_charles_1912_djvu.txt,37138,translation and notes,1 Enoch 15,8,In that. case the object οὗ ἐπεθυμ:,Verify against page image/PDF before using as Greek-fragment or variant evidence.
data/raw/1_enoch_charles_1912_djvu.txt,37139,translation and notes,1 Enoch 15,12,is σάρκα καὶ αἷμα.,Verify against page image/PDF before using as Greek-fragment or variant evidence.
data/raw/1_enoch_charles_1912_djvu.txt,37141,translation and notes,1 Enoch 15,10,1 Ἐ᾿ = ἐν αὐταῖς. 13,Verify against page image/PDF before using as Greek-fragment or variant evidence.
data/raw/1_enoch_charles_1912_djvu.txt,37148,translation and notes,1 Enoch 15,8,ἐκλειπει.,Verify against page image/PDF before using as Greek-fragment or variant evidence.
data/raw/1_enoch_charles_1912_djvu.txt,37150,translation and notes,1 Enoch 15,10,"πνευματικά,",Verify against page image/PDF before using as Greek-fragment or variant evidence.
data/raw/1_enoch_charles_1912_djvu.txt,37162,translation and notes,1 Enoch 15,20,"a ἐκ ""τῶν ἁγίων ἐγρηγόρων ἡ",Verify against page image/PDF before using as Greek-fragment or variant evidence.
data/raw/1_enoch_charles_1912_djvu.txt,37178,translation and notes,1 Enoch 15,20,ἀρχὴ ἕτῆς κτίσεως | αὐτῶν *xai,Verify against page image/PDF before using as Greek-fragment or variant evidence.
data/raw/1_enoch_charles_1912_djvu.txt,37181,translation and notes,1 Enoch 15,9,Ἀπνεύματα,Verify against page image/PDF before using as Greek-fragment or variant evidence.
data/raw/1_enoch_charles_1912_djvu.txt,37187,translation and notes,1 Enoch 15,25,"πνεύμα(τα) οὐρανοῦ, ἐν τῷ οὐρανῷ",Verify against page image/PDF before using as Greek-fragment or variant evidence.
data/raw/1_enoch_charles_1912_djvu.txt,37190,translation and notes,1 Enoch 15,11,"οχὴ θεμελίου 5""",Verify against page image/PDF before using as Greek-fragment or variant evidence.
data/raw/1_enoch_charles_1912_djvu.txt,37191,translation and notes,1 Enoch 15,16,"πονηρὰ κληθήσεται 3,",Verify against page image/PDF before using as Greek-fragment or variant evidence.
data/raw/1_enoch_charles_1912_djvu.txt,37195,translation and notes,1 Enoch 15,25,"v4 ) κατοίκησις αὐτῶν ἔσται"" καὶ τὰ",Verify against page image/PDF before using as Greek-fragment or variant evidence.
data/raw/1_enoch_charles_1912_djvu.txt,37196,translation and notes,1 Enoch 15,24,τνεύματα ἐπὶ τῆς γῆς τὰ γεννη-,Verify against page image/PDF before using as Greek-fragment or variant evidence.
data/raw/1_enoch_charles_1912_djvu.txt,37206,translation and notes,1 Enoch 15,20,ψεύματα τῶν γιγάντων ft νε-,Verify against page image/PDF before using as Greek-fragment or variant evidence.
data/raw/1_enoch_charles_1912_djvu.txt,37207,translation and notes,1 Enoch 15,20,"Aas + ὃ ἀδικοῦντα, ἀφανίζοντα",Verify against page image/PDF before using as Greek-fragment or variant evidence.
data/raw/1_enoch_charles_1912_djvu.txt,37208,translation and notes,1 Enoch 15,22,δ πτεέστοτο x συνπαλαίοντα,Verify against page image/PDF before using as Greek-fragment or variant evidence.
data/raw/1_enoch_charles_1912_djvu.txt,37209,translation and notes,1 Enoch 15,22,αὶ συνρίπτοντα ἐπὶ τῆς γῆς,Verify against page image/PDF before using as Greek-fragment or variant evidence.
data/raw/1_enoch_charles_1912_djvu.txt,37210,translation and notes,1 Enoch 15,22,πνεύματα σκληρὰ γιγάντων} °,Verify against page image/PDF before using as Greek-fragment or variant evidence.
data/raw/1_enoch_charles_1912_djvu.txt,37211,translation and notes,1 Enoch 15,23,δρόμους 7 ποιοῦντα καὶ μηδὲν,Verify against page image/PDF before using as Greek-fragment or variant evidence.
data/raw/1_enoch_charles_1912_djvu.txt,37212,translation and notes,1 Enoch 15,23,"θίοντα, [ἀλλ᾽ ἀσιτοῦντα"" ὃ καὶ",Verify against page image/PDF before using as Greek-fragment or variant evidence.
data/raw/1_enoch_charles_1912_djvu.txt,37215,translation and notes,1 Enoch 15,17,"᾿ καὶ προσκόπτοντα ὃ,",Verify against page image/PDF before using as Greek-fragment or variant evidence.
data/raw/1_enoch_charles_1912_djvu.txt,37237,translation and notes,1 Enoch 15,22,νεύμα(τα) \° εἰς τοὺς υἱοὺς τῶν,Verify against page image/PDF before using as Greek-fragment or variant evidence.
data/raw/1_enoch_charles_1912_djvu.txt,37243,translation and notes,1 Enoch 15,21,M θρώπων καὶ Ἐγῶν γυναικῶν,Verify against page image/PDF before using as Greek-fragment or variant evidence.
data/raw/1_enoch_charles_1912_djvu.txt,37244,translation and notes,1 Enoch 15,16,ἐξεληλύθασιν ‘ar’ ἜΣΤΙ,Verify against page image/PDF before using as Greek-fragment or variant evidence.
data/raw/1_enoch_charles_1912_djvu.txt,37245,translation and notes,1 Enoch 15,16,V1. ἀπὸ ἡμέρας φαγῇ καὶ,Verify against page image/PDF before using as Greek-fragment or variant evidence.
data/raw/1_enoch_charles_1912_djvu.txt,37247,translation and notes,1 Enoch 15,22,13 τὰ πνεύματα ἐκπορευόμενα,Verify against page image/PDF before using as Greek-fragment or variant evidence.
data/raw/1_enoch_charles_1912_djvu.txt,37248,translation and notes,1 Enoch 15,22,τῆς ψυχῆς τῆς σαρκὸς αὐτῶν,Verify against page image/PDF before using as Greek-fragment or variant evidence.
data/raw/1_enoch_charles_1912_djvu.txt,37251,translation and notes,1 Enoch 15,14,πωλείας Kat θανάτου 15,Verify against page image/PDF before using as Greek-fragment or variant evidence.
data/raw/1_enoch_charles_1912_djvu.txt,37260,translation and notes,1 Enoch 15,14,graphy. ἀρχὴ τῆς κτίσεως = N01) WN,Verify against page image/PDF before using as Greek-fragment or variant evidence.
data/raw/1_enoch_charles_1912_djvu.txt,37262,translation and notes,1 Enoch 15,12,DID “7 = ἀρχὴ θεμελίου. In Aram.,Verify against page image/PDF before using as Greek-fragment or variant evidence.
data/raw/1_enoch_charles_1912_djvu.txt,37265,translation and notes,1 Enoch 15,26,ἐπὶ τῆς γῆς καὶ πνεύματα πονηρὰ,Verify against page image/PDF before using as Greek-fragment or variant evidence.
data/raw/1_enoch_charles_1912_djvu.txt,37267,translation and notes,1 Enoch 15,13,θήσετα. Add with GS E καὶ πνεύ-,Verify against page image/PDF before using as Greek-fragment or variant evidence.
data/raw/1_enoch_charles_1912_djvu.txt,37268,translation and notes,1 Enoch 15,16,Hare πονηρὰ κληθήσεται. “4 This verse,Verify against page image/PDF before using as Greek-fragment or variant evidence.
data/raw/1_enoch_charles_1912_djvu.txt,37271,translation and notes,1 Enoch 15,8,"iso E = p80). G* has νεμόμενα, which",Verify against page image/PDF before using as Greek-fragment or variant evidence.
data/raw/1_enoch_charles_1912_djvu.txt,37274,translation and notes,1 Enoch 15,25,"θέντα, ἐπὶ τῆς γῆς ἡ κατοίκησις.",Verify against page image/PDF before using as Greek-fragment or variant evidence.
data/raw/1_enoch_charles_1912_djvu.txt,37277,translation and notes,1 Enoch 15,21,2. καὶ ἐξαναστήσει 7 ταῦτα (τὰ),Verify against page image/PDF before using as Greek-fragment or variant evidence.
data/raw/1_enoch_charles_1912_djvu.txt,37287,translation and notes,1 Enoch 15,24,"κὸς αὐτῶν, διότι ἀπὸ τῶν ἀνθρώ-",Verify against page image/PDF before using as Greek-fragment or variant evidence.
data/raw/1_enoch_charles_1912_djvu.txt,37288,translation and notes,1 Enoch 15,24,"πων ἐγένοντο, καὶ ἐκ τῶν ἁγίων",Verify against page image/PDF before using as Greek-fragment or variant evidence.
data/raw/1_enoch_charles_1912_djvu.txt,37290,translation and notes,1 Enoch 15,19,τῶν ἐγρηγόρων ip ἀρχὴ *rijs κτί-,Verify against page image/PDF before using as Greek-fragment or variant evidence.
data/raw/1_enoch_charles_1912_djvu.txt,37292,translation and notes,1 Enoch 15,20,σεως αὐτῶν καὶ ἀρχὴ θεμε-,Verify against page image/PDF before using as Greek-fragment or variant evidence.
data/raw/1_enoch_charles_1912_djvu.txt,37293,translation and notes,1 Enoch 15,24,λίου 3: πνεύματα πονηρὰ ἐπὶ τῆς,Verify against page image/PDF before using as Greek-fragment or variant evidence.
data/raw/1_enoch_charles_1912_djvu.txt,37295,translation and notes,1 Enoch 15,21,γῆς ἔσονται ὃ. . τὰ πνεύματα,Verify against page image/PDF before using as Greek-fragment or variant evidence.
data/raw/1_enoch_charles_1912_djvu.txt,37296,translation and notes,1 Enoch 15,23,"τῶν γιγάντων νεμόμενα, ᾿ἄδι-",Verify against page image/PDF before using as Greek-fragment or variant evidence.
data/raw/1_enoch_charles_1912_djvu.txt,37298,translation and notes,1 Enoch 15,26,"κοῦντα, ἀφανίζοντα, ἐμπίπτοντα",Verify against page image/PDF before using as Greek-fragment or variant evidence.
data/raw/1_enoch_charles_1912_djvu.txt,37299,translation and notes,1 Enoch 15,27,καὶ συμπαλαίοντα καὶ ῥιπτοῦντα,Verify against page image/PDF before using as Greek-fragment or variant evidence.
data/raw/1_enoch_charles_1912_djvu.txt,37301,translation and notes,1 Enoch 15,24,"ἐπὶ τῆς γῆς Kat δρόμους ποιοῦντα,",Verify against page image/PDF before using as Greek-fragment or variant evidence.
data/raw/1_enoch_charles_1912_djvu.txt,37302,translation and notes,1 Enoch 15,23,"καὶ μηδὲν ἐσθίοντα, ἀλλ᾽ ἀσι-",Verify against page image/PDF before using as Greek-fragment or variant evidence.
data/raw/1_enoch_charles_1912_djvu.txt,37303,translation and notes,1 Enoch 15,26,"τοῦντα ὃ Ἑκαὶ φάσματα ποιοῦντα""",Verify against page image/PDF before using as Greek-fragment or variant evidence.
data/raw/1_enoch_charles_1912_djvu.txt,37304,translation and notes,1 Enoch 15,26,καὶ διψῶντα καὶ προσκόπτονταδ.,Verify against page image/PDF before using as Greek-fragment or variant evidence.
data/raw/1_enoch_charles_1912_djvu.txt,37305,translation and notes,1 Enoch 15,23,12. καὶ ἐξαναστήσονται τὰ πνεύ-,Verify against page image/PDF before using as Greek-fragment or variant evidence.
data/raw/1_enoch_charles_1912_djvu.txt,37306,translation and notes,1 Enoch 15,24,ματα ἐπὶ τοὺς υἱοὺς τῶν ἀνθρώ-,Verify against page image/PDF before using as Greek-fragment or variant evidence.
data/raw/1_enoch_charles_1912_djvu.txt,37308,translation and notes,1 Enoch 15,19,"tev καὶ * τῶν γυναικῶν 1"", ὅτι ἐξ",Verify against page image/PDF before using as Greek-fragment or variant evidence.
data/raw/1_enoch_charles_1912_djvu.txt,37309,translation and notes,1 Enoch 15,16,"αὐτῶν ἐξεληλύθασι, XVI.",Verify against page image/PDF before using as Greek-fragment or variant evidence.
data/raw/1_enoch_charles_1912_djvu.txt,37310,translation and notes,1 Enoch 15,24,ἀπὸ ἡμέρας 'καιροῦ! σφαγῆς καὶ,Verify against page image/PDF before using as Greek-fragment or variant evidence.
data/raw/1_enoch_charles_1912_djvu.txt,37317,translation and notes,1 Enoch 15,26,ἀπωλείας καὶ θανάτου τῶν γιγάν-,Verify against page image/PDF before using as Greek-fragment or variant evidence.
data/raw/1_enoch_charles_1912_djvu.txt,37318,translation and notes,1 Enoch 15,23,"των [Ναφηλείμ, οἱ ἰσχυροὶ τῆς",Verify against page image/PDF before using as Greek-fragment or variant evidence.
data/raw/1_enoch_charles_1912_djvu.txt,37319,translation and notes,1 Enoch 15,23,"γῆς, οἱ μεγάλοι ὀνομαστοί,] τὰ",Verify against page image/PDF before using as Greek-fragment or variant evidence.
data/raw/1_enoch_charles_1912_djvu.txt,37320,translation and notes,1 Enoch 15,25,πνεύματα τὰ ἐκπορευόμενα ἀπὸ,Verify against page image/PDF before using as Greek-fragment or variant evidence.
data/raw/1_enoch_charles_1912_djvu.txt,37321,translation and notes,1 Enoch 15,13,"τῆς ψυχῆς αὐτῶν,",Verify against page image/PDF before using as Greek-fragment or variant evidence.
data/raw/1_enoch_charles_1912_djvu.txt,37322,translation and notes,1 Enoch 15,28,σαρκὸς ἔσονται ἀφανίζοντα χωρὶς,Verify against page image/PDF before using as Greek-fragment or variant evidence.
data/raw/1_enoch_charles_1912_djvu.txt,37328,translation and notes,1 Enoch 15,24,"κρίσεως"" οὕτως ἀφανίσουσι μέ-",Verify against page image/PDF before using as Greek-fragment or variant evidence.
data/raw/1_enoch_charles_1912_djvu.txt,37333,translation and notes,1 Enoch 15,13,may be a doublet of μηδὲν ἐσθίοντα.,Verify against page image/PDF before using as Greek-fragment or variant evidence.
data/raw/1_enoch_charles_1912_djvu.txt,37335,translation and notes,1 Enoch 15,14,trans. before καὶ ἐξαναστήσει. 1} E=,Verify against page image/PDF before using as Greek-fragment or variant evidence.
data/raw/1_enoch_charles_1912_djvu.txt,37336,translation and notes,1 Enoch 15,24,εἰς τὰς γυναῖκα. 132 Add τῶν γιγάντων,Verify against page image/PDF before using as Greek-fragment or variant evidence.
data/raw/1_enoch_charles_1912_djvu.txt,37338,translation and notes,1 Enoch 15,10,13 ἀφ᾽ ὧν must be taken with ἐκ τῆς,Verify against page image/PDF before using as Greek-fragment or variant evidence.
data/raw/1_enoch_charles_1912_djvu.txt,37339,translation and notes,1 Enoch 15,19,ψυχῆς τῆς σαρκὸς αὐτῶν. It is the,Verify against page image/PDF before using as Greek-fragment or variant evidence.
data/raw/1_enoch_charles_1912_djvu.txt,37347,translation and notes,1 Enoch 15,50,"ἔσται ἀφανίζοντα χωρὶς κρίσεως"" χρις ἡμέρας τῆς τελειώσεως, Ews",High-density Greek OCR line; verify against page image/PDF before source-row import.
data/raw/1_enoch_charles_1912_djvu.txt,37377,translation and notes,1 Enoch 15,51,"οὕτως ἀφανίσουσιν μέχρις ἡμέρας τῆς κρίσεως τῆς μεγάλης, ἐν ἣ",High-density Greek OCR line; verify against page image/PDF before source-row import.
data/raw/1_enoch_charles_1912_djvu.txt,37378,translation and notes,1 Enoch 15,41,"τελειώσεως, *rijs κρίσεως τῆς αἰὼν *6 μέγας τελεσθήσεται""",High-density Greek OCR line; verify against page image/PDF before source-row import.
data/raw/1_enoch_charles_1912_djvu.txt,37379,translation and notes,1 Enoch 15,10,"μεγάλης, ἐν ἧ",Verify against page image/PDF before using as Greek-fragment or variant evidence.
data/raw/1_enoch_charles_1912_djvu.txt,37382,translation and notes,1 Enoch 15,12,"τελεσθήσεται 3,",Verify against page image/PDF before using as Greek-fragment or variant evidence.
data/raw/1_enoch_charles_1912_djvu.txt,37385,translation and notes,1 Enoch 15,27,"ὁ αἰὼν *6 péyas’ ἐφάπαξ ὁμοῦ τελεσθήσεται,",Verify against page image/PDF before using as Greek-fragment or variant evidence.
data/raw/1_enoch_charles_1912_djvu.txt,37388,translation and notes,1 Enoch 15,47,"2. Καὶ νῦν ἐγρηγόροις τοῖς πέμψασίν σε ἐρωτῆσαι περὶ αὐτῶν,",High-density Greek OCR line; verify against page image/PDF before source-row import.
data/raw/1_enoch_charles_1912_djvu.txt,37389,translation and notes,1 Enoch 15,44,"οἵτινες ὅ ἐν οὐρανῷ ἦσαν. 8, Ὑμεῖς ἐν τῷ οὐρανῷ ἦτε, καὶ πᾶν",High-density Greek OCR line; verify against page image/PDF before source-row import.
data/raw/1_enoch_charles_1912_djvu.txt,37390,translation and notes,1 Enoch 15,51,μυστήριον [ὃ] οὐκ ἀνεκαλύφθη ὑμῖν καὶ μυστήριον Ἔ τὸ ἐκ τοῦ θεοῦ,High-density Greek OCR line; verify against page image/PDF before source-row import.
data/raw/1_enoch_charles_1912_djvu.txt,37391,translation and notes,1 Enoch 15,53,"γεγενημένον ὃ ἔγνωτε, καὶ τοῦτο ἐμηνύσατε ταῖς γυναιξὶν ἐν ταῖς",High-density Greek OCR line; verify against page image/PDF before source-row import.
data/raw/1_enoch_charles_1912_djvu.txt,37392,translation and notes,1 Enoch 15,49,"σκληροκαρδίαις ὑμῶν, καὶ ἐν τῷ μυστηρίῳ τούτῳ πληθύνουσιν at",High-density Greek OCR line; verify against page image/PDF before source-row import.
data/raw/1_enoch_charles_1912_djvu.txt,37393,translation and notes,1 Enoch 15,50,θήλειαι καὶ οἱ ἄνθρωποι τὰ κακὰ ἐπὶ τῆς γῆς. 4. εἰπὸν οὖν αὐτοῖς ὃ,High-density Greek OCR line; verify against page image/PDF before source-row import.
data/raw/1_enoch_charles_1912_djvu.txt,37394,translation and notes,1 Enoch 15,15,Οὐκ ἔστιν εἰρήνη. ἷ,Verify against page image/PDF before using as Greek-fragment or variant evidence.
data/raw/1_enoch_charles_1912_djvu.txt,37396,translation and notes,1 Enoch 17,41,"XVII. Καὶ παραλαβόντες με εἴς τινα τόπον Γ ἀπήγαγον"", ἐν ᾧ ot",High-density Greek OCR line; verify against page image/PDF before source-row import.
data/raw/1_enoch_charles_1912_djvu.txt,37397,translation and notes,1 Enoch 17,51,"ὄντες ἐκεῖ γίνονται ὡς πῦρ φλέγον καί, ὅταν θέλωσιν, φαίνονται.",High-density Greek OCR line; verify against page image/PDF before source-row import.
data/raw/1_enoch_charles_1912_djvu.txt,37398,translation and notes,1 Enoch 17,44,ὡσεὶ ἄνθρωποι. 2. Καὶ ἀπήγαγόν pe εἰς ζοφώδη ἴ τόπον καὶ εἰς,High-density Greek OCR line; verify against page image/PDF before source-row import.
data/raw/1_enoch_charles_1912_djvu.txt,37399,translation and notes,1 Enoch 17,42,ὄρος οὗ *) κεφαλὴ ὃ ἀφικνεῖτο εἰς τὸν οὐρανόν. 8. καὶ ἴδον,High-density Greek OCR line; verify against page image/PDF before source-row import.
data/raw/1_enoch_charles_1912_djvu.txt,37400,translation and notes,1 Enoch 17,44,"τόπον τῶν φωστήρων ‘kal. τοὺς θησαυροὺς τῶν ἀστέρων"" καὶ τῶ",High-density Greek OCR line; verify against page image/PDF before source-row import.
data/raw/1_enoch_charles_1912_djvu.txt,37401,translation and notes,1 Enoch 17,46,"βροντῶν, ‘kal! εἰς τὰ ἀεροβαθῆ, ὅπου τόξον πυρὸς καὶ τὰ βέλη καὶ",High-density Greek OCR line; verify against page image/PDF before source-row import.
data/raw/1_enoch_charles_1912_djvu.txt,37402,translation and notes,1 Enoch 17,43,αἱ θῆκαι αὐτῶν 19 καὶ αἱ ἀστρωπαὶ πᾶσαι. 4. Καὶ ἀπήγαγόν με,High-density Greek OCR line; verify against page image/PDF before source-row import.
data/raw/1_enoch_charles_1912_djvu.txt,37403,translation and notes,1 Enoch 17,52,"μέχρι ὑδάτων ζώντων καὶ μέχρι πυρὸς δύσεως, ὅ ἐστιν καὶ παρέχον **",High-density Greek OCR line; verify against page image/PDF before source-row import.
data/raw/1_enoch_charles_1912_djvu.txt,37404,translation and notes,1 Enoch 17,45,πάσας τὰς δύσεις τοῦ ἡλίου. ὅ. καὶ ἤλθο[με]ν μέχρι ποταμοῦ,High-density Greek OCR line; verify against page image/PDF before source-row import.
data/raw/1_enoch_charles_1912_djvu.txt,37405,translation and notes,1 Enoch 17,54,"πυρός, ἐν ᾧ κατατρέχει τὸ πῦρ ὡς ὕδωρ καὶ ῥέει εἰς θάλασσαν μεγάλην",High-density Greek OCR line; verify against page image/PDF before source-row import.
data/raw/1_enoch_charles_1912_djvu.txt,37406,translation and notes,1 Enoch 17,42,"δύσεως. 6, ἴδον ᾿5 τοὺς μεγάλους ποταμού(ς), καὶ “μέχρι τοῦ",High-density Greek OCR line; verify against page image/PDF before source-row import.
data/raw/1_enoch_charles_1912_djvu.txt,37407,translation and notes,1 Enoch 17,51,"μεγάλου ποταμοῦ καὶ μέχρι τοῦ μεγάλου 15 σκότους ἑατήντησα, καὶ",High-density Greek OCR line; verify against page image/PDF before source-row import.
data/raw/1_enoch_charles_1912_djvu.txt,37408,translation and notes,1 Enoch 17,47,"ἀπῆλθον ὅπου πᾶσα σὰρξ οὐ"" περιπατεῖ. 7. ἴδον τοὺς ἀνέμους τῷ",High-density Greek OCR line; verify against page image/PDF before source-row import.
data/raw/1_enoch_charles_1912_djvu.txt,37409,translation and notes,1 Enoch 17,52,"γνόφων ἡ 1"" τοὺς χειμερινοὺς καὶ τὴν ἔκχυσιν Ἔ τῆς ἀβύσσου πάντων",High-density Greek OCR line; verify against page image/PDF before source-row import.
data/raw/1_enoch_charles_1912_djvu.txt,37410,translation and notes,1 Enoch 17,42,"ὑδάτων >, 8. ἴδον"" 5 τὸ στόμα τῆς γῆς πάντων τῶν ποταμῶν καὶ",High-density Greek OCR line; verify against page image/PDF before source-row import.
data/raw/1_enoch_charles_1912_djvu.txt,37414,translation and notes,1 Enoch 17,16,"omits. 2 Add with Εἰ ἐπὶ τοῖς éypn- κεφαλῆς. . 9 E seems corrupt, but",Verify against page image/PDF before using as Greek-fragment or variant evidence.
data/raw/1_enoch_charles_1912_djvu.txt,37415,translation and notes,1 Enoch 17,42,γόροις καὶ τοῖς ἀσεβέσιν ὅλως τελεσθῆσε- may point back to ἄκρα βάθη. 101,High-density Greek OCR line; verify against page image/PDF before source-row import.
data/raw/1_enoch_charles_1912_djvu.txt,37416,translation and notes,1 Enoch 17,28,ται. % E adds πρότερον. Ἅ Inter- adds καὶ μάχαιραν πυρός. 11 E=mapa,Verify against page image/PDF before using as Greek-fragment or variant evidence.
data/raw/1_enoch_charles_1912_djvu.txt,37417,translation and notes,1 Enoch 17,15,polated (?). ἘΣ omits. 5 E=éov- δεχόμενον. I don’t anderstand παρέ,Verify against page image/PDF before using as Greek-fragment or variant evidence.
data/raw/1_enoch_charles_1912_djvu.txt,37418,translation and notes,1 Enoch 17,15,θενημένα. © Kadds‘Tpiv. ™E= in this clause. 12 E = καὶ ἴδον,Verify against page image/PDF before using as Greek-fragment or variant evidence.
data/raw/1_enoch_charles_1912_djvu.txt,37419,translation and notes,1 Enoch 17,16,Ὑνοφώδη taking γνόφος in the sense of 18 E omits through hmt. 14 Εὶ --τ',Verify against page image/PDF before using as Greek-fragment or variant evidence.
data/raw/1_enoch_charles_1912_djvu.txt,37420,translation and notes,1 Enoch 17,18,"‘whirlwind’ or ‘tempest’, as in Job ὄρη τῶν γνόφων. 15 OE = ὑδάτων",Verify against page image/PDF before using as Greek-fragment or variant evidence.
data/raw/1_enoch_charles_1912_djvu.txt,37450,translation and notes,1 Enoch 17,38,Ϊ r dpa τῆς ἀβύσσοιυ. XVIII. ἴδον; τοὺς θησαυροὺς τῶν ἀνέμων,Verify against page image/PDF before using as Greek-fragment or variant evidence.
data/raw/1_enoch_charles_1912_djvu.txt,37451,translation and notes,1 Enoch 17,47,"πάντων, tov! ὅτι ἐν αὐτοῖς ἐκόσμησεν πάσας τὰς κτίσεις καὶ τὸν",High-density Greek OCR line; verify against page image/PDF before source-row import.
data/raw/1_enoch_charles_1912_djvu.txt,37452,translation and notes,1 Enoch 17,48,"| θεμέλιον τῆς γῆς, 2. καὶ τὸν λίθον ἴδον τῆς γωνίας τῆς γῆς. ἴδον",High-density Greek OCR line; verify against page image/PDF before source-row import.
data/raw/1_enoch_charles_1912_djvu.txt,37453,translation and notes,1 Enoch 17,52,"i τοὺς τέσσαρας ἀνέμους [τὴν γῆν] 5 βαστάζοντας, καὶ τὸ στερέωμα τοῦ",High-density Greek OCR line; verify against page image/PDF before source-row import.
data/raw/1_enoch_charles_1912_djvu.txt,37454,translation and notes,1 Enoch 17,35,"| pavod, 3. καὶ ὃ αὐτοὶ ἱστᾶσιν μεταξὺ γῆς καὶ οὐρανοῦ +, 4,",Verify against page image/PDF before using as Greek-fragment or variant evidence.
data/raw/1_enoch_charles_1912_djvu.txt,37455,translation and notes,1 Enoch 17,47,ἴδον * ἀνέμους *rSv οὐρανῶν ὃ στρέφοντας καὶ ἵ διανεύοντας t+ 5 τὸν,High-density Greek OCR line; verify against page image/PDF before source-row import.
data/raw/1_enoch_charles_1912_djvu.txt,37456,translation and notes,1 Enoch 17,48,"τροχὸν τοῦ ἡλίου, καὶ πάντας τοὺς ἀστέρας. 5. ἴδον τοὺς ἐπὶ τῆς",High-density Greek OCR line; verify against page image/PDF before source-row import.
data/raw/1_enoch_charles_1912_djvu.txt,37457,translation and notes,1 Enoch 17,46,γῆς ἀνέμους βαστάζοντας ἵ ἐν νεφέλῃ t7. ἴδον ὃ (παρὰ) ὃ πέρατα,High-density Greek OCR line; verify against page image/PDF before source-row import.
data/raw/1_enoch_charles_1912_djvu.txt,37458,translation and notes,1 Enoch 17,42,"τ ς γῆς, τὸ στήριγμα τοῦ οὐρανοῦ ἐπάνω. 6. Παρῆλθον 19 Γκαὶ",High-density Greek OCR line; verify against page image/PDF before source-row import.
data/raw/1_enoch_charles_1912_djvu.txt,37459,translation and notes,1 Enoch 17,54,"ἴδον τόπον"" καιόμενον νυκτὸς καὶ ἡμέρας, ὅπου τὰ ἑπτὰ ὄρη ἀπὸ λίθων",High-density Greek OCR line; verify against page image/PDF before source-row import.
data/raw/1_enoch_charles_1912_djvu.txt,37460,translation and notes,1 Enoch 17,47,"τι υτελῶν, (τρία) }} εἰς ἀνατολὰς καὶ τρία 1 εἰς νότον ᾿βάλλοντα."" 13",High-density Greek OCR line; verify against page image/PDF before source-row import.
data/raw/1_enoch_charles_1912_djvu.txt,37461,translation and notes,1 Enoch 17,46,"΄, καὶ τὰ μὲν πρὸς ἀνατολὰς 18 ἀπὸ λίθου χρώματος, τὸ δὲ ἦν ἀπὸ",High-density Greek OCR line; verify against page image/PDF before source-row import.
data/raw/1_enoch_charles_1912_djvu.txt,37462,translation and notes,1 Enoch 17,47,"λίθου μαργαρίτου, καὶ τὸ ἀπὸ λίθου Τταθέν 7 14, τὰ 15 δὲ κατὰ νότον",High-density Greek OCR line; verify against page image/PDF before source-row import.
data/raw/1_enoch_charles_1912_djvu.txt,37468,translation and notes,1 Enoch 17,45,"ϑρόνος θεοῦ ἀπὸ λίθου hone”. 16, καὶ ἡ κορυφὴ τοῦ θρόνου ἀπὸ λίθου",High-density Greek OCR line; verify against page image/PDF before source-row import.
data/raw/1_enoch_charles_1912_djvu.txt,37471,translation and notes,1 Enoch 17,43,"πὸ λίθου πυρροῦ"" 8. τὸ δὲ μέσον αὐτῶν ᾿ εἰς οὐρανόν, ὥσπερ",High-density Greek OCR line; verify against page image/PDF before source-row import.
data/raw/1_enoch_charles_1912_djvu.txt,37474,translation and notes,1 Enoch 17,46,| ᾿ ἱπφείρου; 9. καὶ πῦρ καιόμενον ἴδον. κἀ(πέλεεννα τῶν ὀρέων.,High-density Greek OCR line; verify against page image/PDF before source-row import.
data/raw/1_enoch_charles_1912_djvu.txt,37475,translation and notes,1 Enoch 17,40,"ων 10. τόπος ἐστὶν πέρας 1ἴ τῆς μεγάλης γῆς"" ἐκεῖ συντε-",High-density Greek OCR line; verify against page image/PDF before source-row import.
data/raw/1_enoch_charles_1912_djvu.txt,37476,translation and notes,1 Enoch 17,37,σονται 18 οἱ οὐρανοί. 11. καὶ ἴδον χάσμα μέγα ἐν τοῖς,Verify against page image/PDF before using as Greek-fragment or variant evidence.
data/raw/1_enoch_charles_1912_djvu.txt,37479,translation and notes,1 Enoch 17,52,ὕλοις 1) τοῦ πυρὸς καταβαίνοντας καὶ οὐκ ἦν μέτρον οὔτε εἰς βάθος,High-density Greek OCR line; verify against page image/PDF before source-row import.
data/raw/1_enoch_charles_1912_djvu.txt,37480,translation and notes,1 Enoch 17,35,οὔτε εἰς ὕψος. 12. καὶ ἐπέκεινα τοῦ oil τούτου 39 ἴδον,Verify against page image/PDF before using as Greek-fragment or variant evidence.
data/raw/1_enoch_charles_1912_djvu.txt,37481,translation and notes,1 Enoch 17,44,"Tov ὅπου οὐδὲ στερέωμα οὐρανοῦ ἐπάνω, οὔτε γῆ 2! ἡ 3: τεθεμελιω-",High-density Greek OCR line; verify against page image/PDF before source-row import.
data/raw/1_enoch_charles_1912_djvu.txt,37491,translation and notes,1 Enoch 17,45,"7 | ὑποκάτω αὐτοῦ οὔτε ὕδωρ ἦν ὑπὸ αὐτῷ 25 οὔτε πετεινόν, ἀλλὰ",High-density Greek OCR line; verify against page image/PDF before source-row import.
data/raw/1_enoch_charles_1912_djvu.txt,37492,translation and notes,1 Enoch 17,45,πος ἦν ἔρημος καὶ φοβερός. 18. ἐκεῖ ἴδον ἑπτὰ ἀστέρας ὡς ὄρη,High-density Greek OCR line; verify against page image/PDF before source-row import.
data/raw/1_enoch_charles_1912_djvu.txt,37498,translation and notes,1 Enoch 17,13,α καιό Ἐπερὶ θ 14. εἶ,Verify against page image/PDF before using as Greek-fragment or variant evidence.
data/raw/1_enoch_charles_1912_djvu.txt,37499,translation and notes,1 Enoch 17,26,"μενα, *nept ὧν πυνθανομένῳ μοι ὃ . εἶπεν 6",Verify against page image/PDF before using as Greek-fragment or variant evidence.
data/raw/1_enoch_charles_1912_djvu.txt,37500,translation and notes,1 Enoch 17,47,"λος Οὗτός ἐστιν ὁ τόπος τὸ τέλος τοῦ οὐρανοῦ καὶ γῆς"" δεσμω-",High-density Greek OCR line; verify against page image/PDF before source-row import.
data/raw/1_enoch_charles_1912_djvu.txt,37503,translation and notes,1 Enoch 17,22,σσου πάσης. 1E = καὶ ἴδον. πέρατα. Radermacher and Diels add,Verify against page image/PDF before using as Greek-fragment or variant evidence.
data/raw/1_enoch_charles_1912_djvu.txt,37504,translation and notes,1 Enoch 17,15,"“So also E, corruptly. 3 Before περὶ τά. 10 E adds πρὸς νότον.",Verify against page image/PDF before using as Greek-fragment or variant evidence.
data/raw/1_enoch_charles_1912_djvu.txt,37505,translation and notes,1 Enoch 17,35,"| Badds καὶ ἴδον ὡς of ἄνεμοι ἐξέτεινον 11 MS. rps. 12. ΜΗ͂, βαλλοντας.",Verify against page image/PDF before using as Greek-fragment or variant evidence.
data/raw/1_enoch_charles_1912_djvu.txt,37506,translation and notes,1 Enoch 17,14,< ὕψος τοῦ ovpavod—lost through hmt. 18 Add τὸ μέν (Radermacher). Ἐν,Verify against page image/PDF before using as Greek-fragment or variant evidence.
data/raw/1_enoch_charles_1912_djvu.txt,37507,translation and notes,1 Enoch 17,33,Add with E καὶ οὗτοί εἰσιν οἱ στῦλοι -- tavews corrupt ἴον ἰάσπιδο. 18 ΜΆ.,Verify against page image/PDF before using as Greek-fragment or variant evidence.
data/raw/1_enoch_charles_1912_djvu.txt,37509,translation and notes,1 Enoch 17,32,ould probably emend into τὸν οὐρανόν 17 Εὶ-- πέραν. 18 Ἐ -- συνετελέσθησαν.,Verify against page image/PDF before using as Greek-fragment or variant evidence.
data/raw/1_enoch_charles_1912_djvu.txt,37510,translation and notes,1 Enoch 17,24,"hE. © E -- δύνοντας in an active 19 ΜΗ, εἰς τους στυλους. Add with E",Verify against page image/PDF before using as Greek-fragment or variant evidence.
data/raw/1_enoch_charles_1912_djvu.txt,37511,translation and notes,1 Enoch 17,33,"e, and this is probably the right τοῦ πυρὸς τοῦ οὐρανοῦ καὶ ἴδον ἐν αὐτοῖς",Verify against page image/PDF before using as Greek-fragment or variant evidence.
data/raw/1_enoch_charles_1912_djvu.txt,37513,translation and notes,1 Enoch 17,21,"= τὰς νεφέλας. 8 Add with Ἐ ἐκείνους % ΜΒ. putsinacc. 33 MS,",Verify against page image/PDF before using as Greek-fragment or variant evidence.
data/raw/1_enoch_charles_1912_djvu.txt,37514,translation and notes,1 Enoch 17,11,"yet iov—lost through avo, 23 MS. πῦθανομαιον po. E",Verify against page image/PDF before using as Greek-fragment or variant evidence.
data/raw/1_enoch_charles_1912_djvu.txt,37515,translation and notes,1 Enoch 17,24,mt. ® Added with E. Lost before corrupt = καὶ ὡς πνεύματα πυνθανόμενά,Verify against page image/PDF before using as Greek-fragment or variant evidence.
data/raw/1_enoch_charles_1912_djvu.txt,37551,translation and notes,1 Enoch 17,48,τήριον τοῦτο ἐγένετο τοῖς ἄστροις Kal *rats δυνάμεσιν τοῦ οὐρανοῦ,High-density Greek OCR line; verify against page image/PDF before source-row import.
data/raw/1_enoch_charles_1912_djvu.txt,37555,translation and notes,1 Enoch 17,42,"15. καὶ οἱ ἀστέρες οἱ κυλιόμενοι *év τῷ πυρί 3, οὗτοί εἰσιν οἱ mapa",High-density Greek OCR line; verify against page image/PDF before source-row import.
data/raw/1_enoch_charles_1912_djvu.txt,37558,translation and notes,1 Enoch 17,52,βάντες πρόσταγμα Κυρίου ὃ ἐν ἀρχῇ. τῆς ἀνατολῆς αὐτῶν [ὅτι τόπος,High-density Greek OCR line; verify against page image/PDF before source-row import.
data/raw/1_enoch_charles_1912_djvu.txt,37565,translation and notes,1 Enoch 17,47,"ἔξω τοῦ οὐρανοῦ κενός ἐστιν], ὅτι οὐκ ἐξῆλθαν ἐν τοῖς καιρὸ",High-density Greek OCR line; verify against page image/PDF before source-row import.
data/raw/1_enoch_charles_1912_djvu.txt,37571,translation and notes,1 Enoch 17,44,"τελειώσεως [αὐτῶν] ἁμαρτίας αὐτῶν, Ἐἐνιαυτῶν μυρίων ὅ.",High-density Greek OCR line; verify against page image/PDF before source-row import.
data/raw/1_enoch_charles_1912_djvu.txt,37577,translation and notes,1 Enoch 17,52,"γυναιξὶν στήσονται, καὶ τὰ πνεύματα αὐτῶν πολύμορφα γενόμενα",High-density Greek OCR line; verify against page image/PDF before source-row import.
data/raw/1_enoch_charles_1912_djvu.txt,37578,translation and notes,1 Enoch 17,55,λυμαίνεται τοὺς ἀνθρώπους καὶ πλανήσει αὐτοὺς ἐπιθύειν τοῖς. δαι,High-density Greek OCR line; verify against page image/PDF before source-row import.
data/raw/1_enoch_charles_1912_djvu.txt,37579,translation and notes,1 Enoch 17,48,"μονίοις ὃ μέχρι ἴ τῆς μεγάλης κρίσεως, ἐν ἧ κριθήσονται εἰς amore:",High-density Greek OCR line; verify against page image/PDF before source-row import.
data/raw/1_enoch_charles_1912_djvu.txt,37585,translation and notes,1 Enoch 17,21,εἰς 'σειρῆθας γενήσονται.,Verify against page image/PDF before using as Greek-fragment or variant evidence.
data/raw/1_enoch_charles_1912_djvu.txt,37591,translation and notes,1 Enoch 17,15,8. κἀγὼ “Evox ἴδον τὰ θεωρή-,Verify against page image/PDF before using as Greek-fragment or variant evidence.
data/raw/1_enoch_charles_1912_djvu.txt,37594,translation and notes,1 Enoch 17,23,"ματα μόνος, τὰ πέρατα πάντων,",Verify against page image/PDF before using as Greek-fragment or variant evidence.
data/raw/1_enoch_charles_1912_djvu.txt,37595,translation and notes,1 Enoch 17,25,καὶ οὐ μὴ ἴδῃ οὐδὲ εἷς ἀνθρώπων,Verify against page image/PDF before using as Greek-fragment or variant evidence.
data/raw/1_enoch_charles_1912_djvu.txt,37596,translation and notes,1 Enoch 17,9,ὡς ἐγὼ ἴδον.,Verify against page image/PDF before using as Greek-fragment or variant evidence.
data/raw/1_enoch_charles_1912_djvu.txt,37599,translation and notes,1 Enoch 20,18,XX. Αγγελοι τῶν δυνάμεων ae,Verify against page image/PDF before using as Greek-fragment or variant evidence.
data/raw/1_enoch_charles_1912_djvu.txt,37602,translation and notes,1 Enoch 20,19,"2. Οὐριήλ, 6 εἷς τῶν ἁγίων ἀγ-",Verify against page image/PDF before using as Greek-fragment or variant evidence.
data/raw/1_enoch_charles_1912_djvu.txt,37603,translation and notes,1 Enoch 20,23,γέλων 6 ἐπὶ τοῦ κόσμου 19 καὶ τοῦ,Verify against page image/PDF before using as Greek-fragment or variant evidence.
data/raw/1_enoch_charles_1912_djvu.txt,37604,translation and notes,1 Enoch 20,9,"3. Ῥαφαήλ, 6 εἷς",Verify against page image/PDF before using as Greek-fragment or variant evidence.
data/raw/1_enoch_charles_1912_djvu.txt,37607,translation and notes,1 Enoch 20,22,τῶν ἁγίων ἀγγέλων ὁ ἐπὶ τῶν,Verify against page image/PDF before using as Greek-fragment or variant evidence.
data/raw/1_enoch_charles_1912_djvu.txt,37610,translation and notes,1 Enoch 20,8,"Ταρτάρου 1""",Verify against page image/PDF before using as Greek-fragment or variant evidence.
data/raw/1_enoch_charles_1912_djvu.txt,37613,translation and notes,1 Enoch 20,20,πνευμάτων τῶν ἀνθρώπων. . 4.,Verify against page image/PDF before using as Greek-fragment or variant evidence.
data/raw/1_enoch_charles_1912_djvu.txt,37619,translation and notes,1 Enoch 20,21,"“Ραγουήλ, ὁ εἷς τῶν ἁγίων ἀγ-",Verify against page image/PDF before using as Greek-fragment or variant evidence.
data/raw/1_enoch_charles_1912_djvu.txt,37625,translation and notes,1 Enoch 20,22,γέλων ὁ ἐκδικῶν 15 τὸν κόσμον,Verify against page image/PDF before using as Greek-fragment or variant evidence.
data/raw/1_enoch_charles_1912_djvu.txt,37628,translation and notes,1 Enoch 20,15,"*réy φωστήρων 1ὅ, 5. Μιχαήλ,",Verify against page image/PDF before using as Greek-fragment or variant evidence.
data/raw/1_enoch_charles_1912_djvu.txt,37634,translation and notes,1 Enoch 20,9,"μυστηρίου. Cf. 21%, 6 E adds ws",Verify against page image/PDF before using as Greek-fragment or variant evidence.
data/raw/1_enoch_charles_1912_djvu.txt,37635,translation and notes,1 Enoch 20,13,θεοῖς. 7 Kadds τῆς ἡμέρα. 8 This,Verify against page image/PDF before using as Greek-fragment or variant evidence.
data/raw/1_enoch_charles_1912_djvu.txt,37639,translation and notes,1 Enoch 20,17,of the chapter: G*! ἀρχαγγέλων ὀνόματα,Verify against page image/PDF before using as Greek-fragment or variant evidence.
data/raw/1_enoch_charles_1912_djvu.txt,37641,translation and notes,1 Enoch 20,19,as in G8? ὀνόματα ζ΄ ἀρχαγγέλων. Taken.,Verify against page image/PDF before using as Greek-fragment or variant evidence.
data/raw/1_enoch_charles_1912_djvu.txt,37642,translation and notes,1 Enoch 20,10,together these point to ὀνόματα τῶν,Verify against page image/PDF before using as Greek-fragment or variant evidence.
data/raw/1_enoch_charles_1912_djvu.txt,37646,translation and notes,1 Enoch 20,12,ὑπὲρ τοῦ πυρός.,Verify against page image/PDF before using as Greek-fragment or variant evidence.
data/raw/1_enoch_charles_1912_djvu.txt,37649,translation and notes,1 Enoch 20,42,16. κἀὶ ὀργίσθη αὐτοῖς καὶ ἔδησεν αὐτοὺς μέχρι καιροῦ,High-density Greek OCR line; verify against page image/PDF before source-row import.
data/raw/1_enoch_charles_1912_djvu.txt,37652,translation and notes,1 Enoch 20,45,καὶ εἶπέν μοι. Οὐριήλ ᾿Ενθάδε οἱ μιγέντες ἄγγελοι ταῖς,High-density Greek OCR line; verify against page image/PDF before source-row import.
data/raw/1_enoch_charles_1912_djvu.txt,37655,translation and notes,1 Enoch 20,40,2. Ἔ καὶ αἱ γυναῖκες αὐτῶν τῶν τοράβόνχον ἀγγέλων ὁ,High-density Greek OCR line; verify against page image/PDF before source-row import.
data/raw/1_enoch_charles_1912_djvu.txt,37680,translation and notes,1 Enoch 20,15,θυ a: ἀνθρώπων & ὡς ἐγὼ,Verify against page image/PDF before using as Greek-fragment or variant evidence.
data/raw/1_enoch_charles_1912_djvu.txt,37685,translation and notes,1 Enoch 20,24,ἁγίων ἀγγέλων ὁ ἐπὶ τοῦ κόσμε,Verify against page image/PDF before using as Greek-fragment or variant evidence.
data/raw/1_enoch_charles_1912_djvu.txt,37689,translation and notes,1 Enoch 20,23,ὁ εἷς τῶν ἁγίων ἀγγέλων ὁ ἐπὶ,Verify against page image/PDF before using as Greek-fragment or variant evidence.
data/raw/1_enoch_charles_1912_djvu.txt,37692,translation and notes,1 Enoch 20,14,καὶ τοῦ ταρτάρου.,Verify against page image/PDF before using as Greek-fragment or variant evidence.
data/raw/1_enoch_charles_1912_djvu.txt,37695,translation and notes,1 Enoch 20,23,τῶν πνευμάτων τῶν ἀνθρώπων:,Verify against page image/PDF before using as Greek-fragment or variant evidence.
data/raw/1_enoch_charles_1912_djvu.txt,37696,translation and notes,1 Enoch 20,19,4. Ῥαγουὴλ ὁ εἷς τῶν 12 ἁγίων,Verify against page image/PDF before using as Greek-fragment or variant evidence.
data/raw/1_enoch_charles_1912_djvu.txt,37697,translation and notes,1 Enoch 20,24,ἀγγέλων ὁ ἐκδικῶν 14 τὸν κόσμον,Verify against page image/PDF before using as Greek-fragment or variant evidence.
data/raw/1_enoch_charles_1912_djvu.txt,37699,translation and notes,1 Enoch 20,9,8 ἁγίων aaa ὃς ἐπ,Verify against page image/PDF before using as Greek-fragment or variant evidence.
data/raw/1_enoch_charles_1912_djvu.txt,37706,translation and notes,1 Enoch 20,9,ἑπτὰ ως τῶν ph E=,Verify against page image/PDF before using as Greek-fragment or variant evidence.
data/raw/1_enoch_charles_1912_djvu.txt,37707,translation and notes,1 Enoch 20,30,καὶ ταῦτά ἐστιν ὀνόματα τῶν ἔγρηγόρ,Verify against page image/PDF before using as Greek-fragment or variant evidence.
data/raw/1_enoch_charles_1912_djvu.txt,37709,translation and notes,1 Enoch 20,15,τῶν ἁγίων ἀγγέλων. 10 Tf the origi,Verify against page image/PDF before using as Greek-fragment or variant evidence.
data/raw/1_enoch_charles_1912_djvu.txt,37715,translation and notes,1 Enoch 20,13,"12 ΜΗ, τον. 18. MS. εκδεικων I hav",Verify against page image/PDF before using as Greek-fragment or variant evidence.
data/raw/1_enoch_charles_1912_djvu.txt,37717,translation and notes,1 Enoch 20,15,"EKEKOV. 15 E = καὶ τοὺς φωστῆρας,",Verify against page image/PDF before using as Greek-fragment or variant evidence.
data/raw/1_enoch_charles_1912_djvu.txt,37718,translation and notes,1 Enoch 20,8,"but G is right. 16 MS, ο εἰς τον, ὦ",Verify against page image/PDF before using as Greek-fragment or variant evidence.
data/raw/1_enoch_charles_1912_djvu.txt,37733,translation and notes,1 Enoch 20,23,ὁ εἷς τῶν ἁγίων ἀγγέλων ὁ ἐπὶ,Verify against page image/PDF before using as Greek-fragment or variant evidence.
data/raw/1_enoch_charles_1912_djvu.txt,37737,translation and notes,1 Enoch 20,23,Gv τοῦ λαοῦ ἀγαθῶν τεταγμένος,Verify against page image/PDF before using as Greek-fragment or variant evidence.
data/raw/1_enoch_charles_1912_djvu.txt,37741,translation and notes,1 Enoch 20,22,εἷς τῶν ἁγίων ἀγγέλων ὁ ἐπὶ,Verify against page image/PDF before using as Greek-fragment or variant evidence.
data/raw/1_enoch_charles_1912_djvu.txt,37742,translation and notes,1 Enoch 20,24,τῶν πνευμάτων οἵτινες * ἐπὶ τῷ,Verify against page image/PDF before using as Greek-fragment or variant evidence.
data/raw/1_enoch_charles_1912_djvu.txt,37743,translation and notes,1 Enoch 20,22,ψεύματι ὃ ἁμαρτάνουσιν. 7. Γὰ-,Verify against page image/PDF before using as Greek-fragment or variant evidence.
data/raw/1_enoch_charles_1912_djvu.txt,37744,translation and notes,1 Enoch 20,24,"Ἰριήλ, ὁ εἷς τῶν ἁγίων ἀγγέλων",Verify against page image/PDF before using as Greek-fragment or variant evidence.
data/raw/1_enoch_charles_1912_djvu.txt,37747,translation and notes,1 Enoch 20,8,1 ἐπὶ τῷ χάφ 3.,Verify against page image/PDF before using as Greek-fragment or variant evidence.
data/raw/1_enoch_charles_1912_djvu.txt,37750,translation and notes,1 Enoch 20,24,ὃς ἐπὶ τοῦ παραδείσου καὶ τῶν,Verify against page image/PDF before using as Greek-fragment or variant evidence.
data/raw/1_enoch_charles_1912_djvu.txt,37751,translation and notes,1 Enoch 20,18,"ἡρακόντων. 'χερουβείν +,",Verify against page image/PDF before using as Greek-fragment or variant evidence.
data/raw/1_enoch_charles_1912_djvu.txt,37754,translation and notes,1 Enoch 20,17,τ υγνον. ὀνόματα ἑπτά.,Verify against page image/PDF before using as Greek-fragment or variant evidence.
data/raw/1_enoch_charles_1912_djvu.txt,37781,translation and notes,1 Enoch 20,20,E ᾿ XXI. Καὶ ᾿ ἐφώδευσα ἕ ἕως τῆς,Verify against page image/PDF before using as Greek-fragment or variant evidence.
data/raw/1_enoch_charles_1912_djvu.txt,37782,translation and notes,1 Enoch 20,22,r κατασκευάστου. 2. κἀκεῖ ἐθεα-,Verify against page image/PDF before using as Greek-fragment or variant evidence.
data/raw/1_enoch_charles_1912_djvu.txt,37783,translation and notes,1 Enoch 20,19,‘oduny ἔργον ᾿φοβερόν' ἑώρακα,Verify against page image/PDF before using as Greek-fragment or variant evidence.
data/raw/1_enoch_charles_1912_djvu.txt,37784,translation and notes,1 Enoch 20,20,"θ apa ᾿τεθεμελιωμένην, ἀλλὰ",Verify against page image/PDF before using as Greek-fragment or variant evidence.
data/raw/1_enoch_charles_1912_djvu.txt,37785,translation and notes,1 Enoch 20,23,ὅπον ἀκατασκεύαστον καὶ φο-,Verify against page image/PDF before using as Greek-fragment or variant evidence.
data/raw/1_enoch_charles_1912_djvu.txt,37786,translation and notes,1 Enoch 20,19,8. καὶ ἐκεῖ τεθέαμαι ἑπτὰ,Verify against page image/PDF before using as Greek-fragment or variant evidence.
data/raw/1_enoch_charles_1912_djvu.txt,37787,translation and notes,1 Enoch 20,24,ν ἀστέρων τοῦ οὐρανοῦ δεδεμέ-,Verify against page image/PDF before using as Greek-fragment or variant evidence.
data/raw/1_enoch_charles_1912_djvu.txt,37788,translation and notes,1 Enoch 20,22,"tous καὶ ἐρριμμένους ὃ ἐν αὐτῷ ἢ,",Verify against page image/PDF before using as Greek-fragment or variant evidence.
data/raw/1_enoch_charles_1912_djvu.txt,37789,translation and notes,1 Enoch 20,26,ὁμοίους ὄρεσιν μεγάλοις καὶ ἐν,Verify against page image/PDF before using as Greek-fragment or variant evidence.
data/raw/1_enoch_charles_1912_djvu.txt,37790,translation and notes,1 Enoch 20,9,"Tupi 4, τότε εἶπον",Verify against page image/PDF before using as Greek-fragment or variant evidence.
data/raw/1_enoch_charles_1912_djvu.txt,37791,translation and notes,1 Enoch 20,28,"ἶ διὰ ποίαν αἰτίαν ἐπεδέθησαν, καὶ",Verify against page image/PDF before using as Greek-fragment or variant evidence.
data/raw/1_enoch_charles_1912_djvu.txt,37792,translation and notes,1 Enoch 20,11,é rt ὧδε ἐρίφησαν ; 7,Verify against page image/PDF before using as Greek-fragment or variant evidence.
data/raw/1_enoch_charles_1912_djvu.txt,37793,translation and notes,1 Enoch 20,21,"imév μοι Οὐριήλ, ὁ εἷς τῶν ἁγίων",Verify against page image/PDF before using as Greek-fragment or variant evidence.
data/raw/1_enoch_charles_1912_djvu.txt,37794,translation and notes,1 Enoch 20,27,γγέλων ὃς μετ᾽ ἐμοῦ ἢ ἦν καὶ αὐτὸς,Verify against page image/PDF before using as Greek-fragment or variant evidence.
data/raw/1_enoch_charles_1912_djvu.txt,37796,translation and notes,1 Enoch 20,20,"Xs περὶ τίνος ἐρωτᾷς, ἢ περὶ",Verify against page image/PDF before using as Greek-fragment or variant evidence.
data/raw/1_enoch_charles_1912_djvu.txt,37799,translation and notes,1 Enoch 20,10,καιομένους.,Verify against page image/PDF before using as Greek-fragment or variant evidence.
data/raw/1_enoch_charles_1912_djvu.txt,37805,translation and notes,1 Enoch 20,18,"κεῖτο αὐτῶν, καὶ εἶπέν",Verify against page image/PDF before using as Greek-fragment or variant evidence.
data/raw/1_enoch_charles_1912_djvu.txt,37811,translation and notes,1 Enoch 20,8,ich G® preserves before ἐπὶ τῷ λαῷ,Verify against page image/PDF before using as Greek-fragment or variant evidence.
data/raw/1_enoch_charles_1912_djvu.txt,37832,translation and notes,1 Enoch 20,24,τῶν τοῦ λαοῦ ἀγαθῶν τέτακται,Verify against page image/PDF before using as Greek-fragment or variant evidence.
data/raw/1_enoch_charles_1912_djvu.txt,37835,translation and notes,1 Enoch 20,23,ὁ εἷς τῶν ἁγίων ἀγγέλων ὁ ἐπὶ,Verify against page image/PDF before using as Greek-fragment or variant evidence.
data/raw/1_enoch_charles_1912_djvu.txt,37843,translation and notes,1 Enoch 20,19,TOV πνευμάτων οἵτινες ἐπὶ TO,Verify against page image/PDF before using as Greek-fragment or variant evidence.
data/raw/1_enoch_charles_1912_djvu.txt,37845,translation and notes,1 Enoch 20,15,els τῶν ἁγίων ἀγγέλων,Verify against page image/PDF before using as Greek-fragment or variant evidence.
data/raw/1_enoch_charles_1912_djvu.txt,37848,translation and notes,1 Enoch 20,20,"πνεύματι ἁμαρτάνουσιν,",Verify against page image/PDF before using as Greek-fragment or variant evidence.
data/raw/1_enoch_charles_1912_djvu.txt,37850,translation and notes,1 Enoch 20,23,ὁ ἐπὶ τοῦ παραδείσου καὶ τῶν,Verify against page image/PDF before using as Greek-fragment or variant evidence.
data/raw/1_enoch_charles_1912_djvu.txt,37851,translation and notes,1 Enoch 20,22,δρακόντων καὶ χερουβίν. 8. Ῥε-,Verify against page image/PDF before using as Greek-fragment or variant evidence.
data/raw/1_enoch_charles_1912_djvu.txt,37852,translation and notes,1 Enoch 20,24,"μειήλ, ὁ εἷς τῶν ἁγίων ἀγγέλων",Verify against page image/PDF before using as Greek-fragment or variant evidence.
data/raw/1_enoch_charles_1912_djvu.txt,37853,translation and notes,1 Enoch 20,25,ὃν ἔταξεν ὁ θεὸς ἐπὶ τῶν ἀνιστα-,Verify against page image/PDF before using as Greek-fragment or variant evidence.
data/raw/1_enoch_charles_1912_djvu.txt,37854,translation and notes,1 Enoch 20,19,"μένων."" ὀνόματα ζ΄ ἀρχαγ-",Verify against page image/PDF before using as Greek-fragment or variant evidence.
data/raw/1_enoch_charles_1912_djvu.txt,37857,translation and notes,1 Enoch 21,15,XXI. Καὶ ΠΡΌΝΜΕΣ μέχρι,Verify against page image/PDF before using as Greek-fragment or variant evidence.
data/raw/1_enoch_charles_1912_djvu.txt,37858,translation and notes,1 Enoch 21,24,τῆς ἀκατασκευάστου. 2. καὶ ἐκεῖ,Verify against page image/PDF before using as Greek-fragment or variant evidence.
data/raw/1_enoch_charles_1912_djvu.txt,37859,translation and notes,1 Enoch 21,23,ἐθεασάμην ἔργον φοβερόν ἕώ-,Verify against page image/PDF before using as Greek-fragment or variant evidence.
data/raw/1_enoch_charles_1912_djvu.txt,37860,translation and notes,1 Enoch 21,24,ρᾶκα οὔτε οὐρανὸν ἐπάνω οὔτε,Verify against page image/PDF before using as Greek-fragment or variant evidence.
data/raw/1_enoch_charles_1912_djvu.txt,37861,translation and notes,1 Enoch 21,26,"γῆν τεθεμελιωμένην, ἀλλὰ τόπον",Verify against page image/PDF before using as Greek-fragment or variant evidence.
data/raw/1_enoch_charles_1912_djvu.txt,37862,translation and notes,1 Enoch 21,24,ἀκατασκεύαστον καὶ φοβερόν. 8.,Verify against page image/PDF before using as Greek-fragment or variant evidence.
data/raw/1_enoch_charles_1912_djvu.txt,37863,translation and notes,1 Enoch 21,27,καὶ ἐκεῖ τεθέαμαι ζ΄ ἀστέρας τοῦ,Verify against page image/PDF before using as Greek-fragment or variant evidence.
data/raw/1_enoch_charles_1912_djvu.txt,37864,translation and notes,1 Enoch 21,27,οὐρανοῦ δεδεμένους καὶ ἐρριμμέ-,Verify against page image/PDF before using as Greek-fragment or variant evidence.
data/raw/1_enoch_charles_1912_djvu.txt,37865,translation and notes,1 Enoch 21,20,"vous ἐν αὐτῷ, ὁμοίους Τόράσει",Verify against page image/PDF before using as Greek-fragment or variant evidence.
data/raw/1_enoch_charles_1912_djvu.txt,37867,translation and notes,1 Enoch 21,23,4. τότε εἶπον Διὰ ποίαν αἰτίαν,Verify against page image/PDF before using as Greek-fragment or variant evidence.
data/raw/1_enoch_charles_1912_djvu.txt,37868,translation and notes,1 Enoch 21,8,* διὰ ποίαν,Verify against page image/PDF before using as Greek-fragment or variant evidence.
data/raw/1_enoch_charles_1912_djvu.txt,37872,translation and notes,1 Enoch 21,26,"εἶπέν μοι Οὐριήλ, ὃ εἷς τῶν ἁγίων",Verify against page image/PDF before using as Greek-fragment or variant evidence.
data/raw/1_enoch_charles_1912_djvu.txt,37875,translation and notes,1 Enoch 21,19,καὶ ἐν πυρὶ καιομένους:,Verify against page image/PDF before using as Greek-fragment or variant evidence.
data/raw/1_enoch_charles_1912_djvu.txt,37878,translation and notes,1 Enoch 21,13,"ἐπεδέθησαν, καὶ",Verify against page image/PDF before using as Greek-fragment or variant evidence.
data/raw/1_enoch_charles_1912_djvu.txt,37881,translation and notes,1 Enoch 21,17,αἰτίαν ἐρίφησαν ὧδε ;,Verify against page image/PDF before using as Greek-fragment or variant evidence.
data/raw/1_enoch_charles_1912_djvu.txt,37885,translation and notes,1 Enoch 21,25,ἀγγέλων 6 μετ᾽ ἐμοῦ ὧν καὶ αὐτὸς,Verify against page image/PDF before using as Greek-fragment or variant evidence.
data/raw/1_enoch_charles_1912_djvu.txt,37889,translation and notes,1 Enoch 21,11,"αὐτῶν NYELTO, καὶ ELTEVY “μοι",Verify against page image/PDF before using as Greek-fragment or variant evidence.
data/raw/1_enoch_charles_1912_djvu.txt,37893,translation and notes,1 Enoch 21,20,"VOX, περὶ τίνος ἐρωτᾷς, ἢ περὶ",Verify against page image/PDF before using as Greek-fragment or variant evidence.
data/raw/1_enoch_charles_1912_djvu.txt,37897,translation and notes,1 Enoch 21,8,phrase goes badly with τεθέαμαι. E,Verify against page image/PDF before using as Greek-fragment or variant evidence.
data/raw/1_enoch_charles_1912_djvu.txt,37900,translation and notes,1 Enoch 21,10,"δεδεμένους, and could easily fall out",Verify against page image/PDF before using as Greek-fragment or variant evidence.
data/raw/1_enoch_charles_1912_djvu.txt,37909,translation and notes,1 Enoch 21,25,τίνος ἕτὴν ἀλήθειαν φιλοσπου-,Verify against page image/PDF before using as Greek-fragment or variant evidence.
data/raw/1_enoch_charles_1912_djvu.txt,37910,translation and notes,1 Enoch 21,22,"δεῖς ᾿; 6, οὗτοί εἰσιν τῶν ἀστέ-",Verify against page image/PDF before using as Greek-fragment or variant evidence.
data/raw/1_enoch_charles_1912_djvu.txt,37911,translation and notes,1 Enoch 21,26,ρων ἵτοῦ οὐρανοῦ! οἱ παραβάντες,Verify against page image/PDF before using as Greek-fragment or variant evidence.
data/raw/1_enoch_charles_1912_djvu.txt,37912,translation and notes,1 Enoch 21,23,"τὴν ἐπιταγὴν τοῦ κυρίου 3, καὶ",Verify against page image/PDF before using as Greek-fragment or variant evidence.
data/raw/1_enoch_charles_1912_djvu.txt,37913,translation and notes,1 Enoch 21,24,ἐδέθησαν ὧδε μέχρι τοῦ πληρῶ-,Verify against page image/PDF before using as Greek-fragment or variant evidence.
data/raw/1_enoch_charles_1912_djvu.txt,37914,translation and notes,1 Enoch 21,24,"σαι μύρια ἔτη, τὸν χρόνον ὁ τῶν",Verify against page image/PDF before using as Greek-fragment or variant evidence.
data/raw/1_enoch_charles_1912_djvu.txt,37915,translation and notes,1 Enoch 21,16,ἁμαρτημάτων αὐτῶν.,Verify against page image/PDF before using as Greek-fragment or variant evidence.
data/raw/1_enoch_charles_1912_djvu.txt,37917,translation and notes,1 Enoch 21,19,7. Κἀκεῖθεν ἐφώδευσα εἰς,Verify against page image/PDF before using as Greek-fragment or variant evidence.
data/raw/1_enoch_charles_1912_djvu.txt,37918,translation and notes,1 Enoch 21,27,"ἄλλον τόπον τούτου φοβερώτερον,",Verify against page image/PDF before using as Greek-fragment or variant evidence.
data/raw/1_enoch_charles_1912_djvu.txt,37919,translation and notes,1 Enoch 21,25,"καὶ τεθέαμαι ἔργα φοβερώτερα,",Verify against page image/PDF before using as Greek-fragment or variant evidence.
data/raw/1_enoch_charles_1912_djvu.txt,37920,translation and notes,1 Enoch 21,23,πῦρ μέγα ἐκεῖ καιόμενον καὶ,Verify against page image/PDF before using as Greek-fragment or variant evidence.
data/raw/1_enoch_charles_1912_djvu.txt,37921,translation and notes,1 Enoch 21,26,"φλεγόμενον, καὶ διακοπὴν εἶχεν",Verify against page image/PDF before using as Greek-fragment or variant evidence.
data/raw/1_enoch_charles_1912_djvu.txt,37922,translation and notes,1 Enoch 21,25,"ὁ τόπος ἕως τῆς ἀβύσσου, πλήρης",Verify against page image/PDF before using as Greek-fragment or variant evidence.
data/raw/1_enoch_charles_1912_djvu.txt,37923,translation and notes,1 Enoch 21,22,στύλων πυρὸς μεγάλου 5 κατα-,Verify against page image/PDF before using as Greek-fragment or variant evidence.
data/raw/1_enoch_charles_1912_djvu.txt,37924,translation and notes,1 Enoch 21,9,"φερομένων""",Verify against page image/PDF before using as Greek-fragment or variant evidence.
data/raw/1_enoch_charles_1912_djvu.txt,37925,translation and notes,1 Enoch 21,15,πλάτος ἴ ἠδυνήθην,Verify against page image/PDF before using as Greek-fragment or variant evidence.
data/raw/1_enoch_charles_1912_djvu.txt,37928,translation and notes,1 Enoch 21,14,οὔτε μέτρον οὔτε,Verify against page image/PDF before using as Greek-fragment or variant evidence.
data/raw/1_enoch_charles_1912_djvu.txt,37930,translation and notes,1 Enoch 21,9,ἰδεῖν οὐδὲ,Verify against page image/PDF before using as Greek-fragment or variant evidence.
data/raw/1_enoch_charles_1912_djvu.txt,37931,translation and notes,1 Enoch 21,18,εἰκάσαι. 8. τότε εἶπον ‘Qs φο-,Verify against page image/PDF before using as Greek-fragment or variant evidence.
data/raw/1_enoch_charles_1912_djvu.txt,37932,translation and notes,1 Enoch 21,21,βερὸς 6° τόπος καὶ ὡς δεινὸς 19,Verify against page image/PDF before using as Greek-fragment or variant evidence.
data/raw/1_enoch_charles_1912_djvu.txt,37933,translation and notes,1 Enoch 21,8,τῇ ὁράσει.,Verify against page image/PDF before using as Greek-fragment or variant evidence.
data/raw/1_enoch_charles_1912_djvu.txt,37935,translation and notes,1 Enoch 21,23,"ὃς μετ᾽ ἐμοῦ ἦν, καὶ εἶπέν μοι",Verify against page image/PDF before using as Greek-fragment or variant evidence.
data/raw/1_enoch_charles_1912_djvu.txt,37936,translation and notes,1 Enoch 21,18,"“Evex', διὰ τί ἐφοβήθης οὕτως",Verify against page image/PDF before using as Greek-fragment or variant evidence.
data/raw/1_enoch_charles_1912_djvu.txt,37939,translation and notes,1 Enoch 21,12,9. τότε ἀπεκρίθη,Verify against page image/PDF before using as Greek-fragment or variant evidence.
data/raw/1_enoch_charles_1912_djvu.txt,37940,translation and notes,1 Enoch 21,19,ὁ εἷς τῶν ἁγίων ἀγγέλων,Verify against page image/PDF before using as Greek-fragment or variant evidence.
data/raw/1_enoch_charles_1912_djvu.txt,37943,translation and notes,1 Enoch 21,47,καὶ ἐπτοήθης ; * καὶ ἀπεκρίθη(ν) 15 Περὶ τούτου τοῦ φοβεροῦ (τόπο,High-density Greek OCR line; verify against page image/PDF before source-row import.
data/raw/1_enoch_charles_1912_djvu.txt,37946,translation and notes,1 Enoch 21,29,"καὶ περὶ τῆς προσόψεως ἕτῆς δεινῆς 13,",Verify against page image/PDF before using as Greek-fragment or variant evidence.
data/raw/1_enoch_charles_1912_djvu.txt,37947,translation and notes,1 Enoch 21,51,δεσμωτήριον ἀγγέλων᾽ ὧδε ᾽ξ συνσχεθήσονται [μέχρι ἑνὸς] 1ὅ εἰς roi,High-density Greek OCR line; verify against page image/PDF before source-row import.
data/raw/1_enoch_charles_1912_djvu.txt,37948,translation and notes,1 Enoch 21,9,αἰῶνα. Ὡς ΜΗ :,Verify against page image/PDF before using as Greek-fragment or variant evidence.
data/raw/1_enoch_charles_1912_djvu.txt,37950,translation and notes,1 Enoch 22,42,"XXII. Κἀκεῖθεν ἐφόδευσα εἰς ἄλλον τόπον, καὶ ἔδειξέν μοι mpd",High-density Greek OCR line; verify against page image/PDF before source-row import.
data/raw/1_enoch_charles_1912_djvu.txt,37951,translation and notes,1 Enoch 22,41,"δυσμὰς Γἄλλο! ὄρος μέγα καὶ ὑψηλὸν 15 πέτρας στερεᾶς 1,",High-density Greek OCR line; verify against page image/PDF before source-row import.
data/raw/1_enoch_charles_1912_djvu.txt,37955,translation and notes,1 Enoch 22,14,= θεοῦ. 8 Ge E = πληρωθῆναι.,Verify against page image/PDF before using as Greek-fragment or variant evidence.
data/raw/1_enoch_charles_1912_djvu.txt,37956,translation and notes,1 Enoch 22,16,4 E= Tov ἀριθμὸν τῶν ἡμερῶν. 5 G8E,Verify against page image/PDF before using as Greek-fragment or variant evidence.
data/raw/1_enoch_charles_1912_djvu.txt,37957,translation and notes,1 Enoch 22,13,"= φοβερά, 6 Read μεγάλων with E.",Verify against page image/PDF before using as Greek-fragment or variant evidence.
data/raw/1_enoch_charles_1912_djvu.txt,37959,translation and notes,1 Enoch 22,12,πλάτος as is clear from μέτρον which,Verify against page image/PDF before using as Greek-fragment or variant evidence.
data/raw/1_enoch_charles_1912_djvu.txt,37992,translation and notes,1 Enoch 22,24,τίνος τὴν ἀλήθειαν φιλοσπου:,Verify against page image/PDF before using as Greek-fragment or variant evidence.
data/raw/1_enoch_charles_1912_djvu.txt,37993,translation and notes,1 Enoch 22,24,δεῖς]; 6. οὗτοί εἰσιν τῶν ἀστέρων,Verify against page image/PDF before using as Greek-fragment or variant evidence.
data/raw/1_enoch_charles_1912_djvu.txt,37994,translation and notes,1 Enoch 22,22,"""rod οὐρανοῦ"" οἱ παραβάντες τὴν",Verify against page image/PDF before using as Greek-fragment or variant evidence.
data/raw/1_enoch_charles_1912_djvu.txt,37995,translation and notes,1 Enoch 22,23,"ἐπιταγὴν τοῦ κυρίου 3, καὶ ἐδέ-",Verify against page image/PDF before using as Greek-fragment or variant evidence.
data/raw/1_enoch_charles_1912_djvu.txt,37996,translation and notes,1 Enoch 22,23,θησαν ὧδε μέχρι πληρωθῆναι,Verify against page image/PDF before using as Greek-fragment or variant evidence.
data/raw/1_enoch_charles_1912_djvu.txt,37997,translation and notes,1 Enoch 22,26,"μύρια ἔτη, τὸν χρόνον τῶν ἁμαρτη-",Verify against page image/PDF before using as Greek-fragment or variant evidence.
data/raw/1_enoch_charles_1912_djvu.txt,37998,translation and notes,1 Enoch 22,10,μάτων αὐτῶν.,Verify against page image/PDF before using as Greek-fragment or variant evidence.
data/raw/1_enoch_charles_1912_djvu.txt,38000,translation and notes,1 Enoch 22,21,7. Κἀκεῖθεν ἐφώδευσα εἰς ἄλ-,Verify against page image/PDF before using as Greek-fragment or variant evidence.
data/raw/1_enoch_charles_1912_djvu.txt,38001,translation and notes,1 Enoch 22,25,"λον τόπον τούτου φοβερώτερον,",Verify against page image/PDF before using as Greek-fragment or variant evidence.
data/raw/1_enoch_charles_1912_djvu.txt,38002,translation and notes,1 Enoch 22,24,καὶ τεθέαμαι ἔργα φοβερά: πῦρ,Verify against page image/PDF before using as Greek-fragment or variant evidence.
data/raw/1_enoch_charles_1912_djvu.txt,38003,translation and notes,1 Enoch 22,26,μέγα ἐκεῖ καιόμειϊον καὶ φλεγό-,Verify against page image/PDF before using as Greek-fragment or variant evidence.
data/raw/1_enoch_charles_1912_djvu.txt,38004,translation and notes,1 Enoch 22,18,"μενον, Kat διακοπὴν εἶχεν",Verify against page image/PDF before using as Greek-fragment or variant evidence.
data/raw/1_enoch_charles_1912_djvu.txt,38005,translation and notes,1 Enoch 22,24,"τόπος ἕως τῆς ἀβύσσου, πλήρης",Verify against page image/PDF before using as Greek-fragment or variant evidence.
data/raw/1_enoch_charles_1912_djvu.txt,38006,translation and notes,1 Enoch 22,23,στύλων πυρὸς μεγάλου ὃ κατα:,Verify against page image/PDF before using as Greek-fragment or variant evidence.
data/raw/1_enoch_charles_1912_djvu.txt,38007,translation and notes,1 Enoch 22,9,"φερομένων""",Verify against page image/PDF before using as Greek-fragment or variant evidence.
data/raw/1_enoch_charles_1912_djvu.txt,38008,translation and notes,1 Enoch 22,28,μέγεθος ἠδυνήθην ἰδεῖν οὔτε εἰκά:,Verify against page image/PDF before using as Greek-fragment or variant evidence.
data/raw/1_enoch_charles_1912_djvu.txt,38011,translation and notes,1 Enoch 22,14,οὔτε μέτρον οὔτε,Verify against page image/PDF before using as Greek-fragment or variant evidence.
data/raw/1_enoch_charles_1912_djvu.txt,38014,translation and notes,1 Enoch 22,20,σαι. ὅ. τότε εἶπον ‘Qs φοβερὸς,Verify against page image/PDF before using as Greek-fragment or variant evidence.
data/raw/1_enoch_charles_1912_djvu.txt,38020,translation and notes,1 Enoch 22,22,ὁ τόπος οὗτος καὶ ὡς δεινὸς,Verify against page image/PDF before using as Greek-fragment or variant evidence.
data/raw/1_enoch_charles_1912_djvu.txt,38023,translation and notes,1 Enoch 22,21,ὁράσει. 9. τότε ἀπεκρίθη μοὶ,Verify against page image/PDF before using as Greek-fragment or variant evidence.
data/raw/1_enoch_charles_1912_djvu.txt,38026,translation and notes,1 Enoch 22,8,καὶ εἶπεν. ...,Verify against page image/PDF before using as Greek-fragment or variant evidence.
data/raw/1_enoch_charles_1912_djvu.txt,38029,translation and notes,1 Enoch 22,18,10. καὶ εἶπεν Οὗτος ὁ τόπο!,Verify against page image/PDF before using as Greek-fragment or variant evidence.
data/raw/1_enoch_charles_1912_djvu.txt,38035,translation and notes,1 Enoch 22,13,10 E = ὀδυνηρός. 11 E adds Οὐριή),Verify against page image/PDF before using as Greek-fragment or variant evidence.
data/raw/1_enoch_charles_1912_djvu.txt,38036,translation and notes,1 Enoch 22,9,12 ἘΞ wrongly trans. before καὶ εἶπι,Verify against page image/PDF before using as Greek-fragment or variant evidence.
data/raw/1_enoch_charles_1912_djvu.txt,38038,translation and notes,1 Enoch 22,15,= τῆς ὀδύνης. 1 E = καὶ ὧδε. 1,Verify against page image/PDF before using as Greek-fragment or variant evidence.
data/raw/1_enoch_charles_1912_djvu.txt,38040,translation and notes,1 Enoch 22,9,αἰῶνα. _ Here ἐνὸς is a corruption ¢,Verify against page image/PDF before using as Greek-fragment or variant evidence.
data/raw/1_enoch_charles_1912_djvu.txt,38041,translation and notes,1 Enoch 22,9,αἰῶνος. 16 Eadds καί. 1 Here,Verify against page image/PDF before using as Greek-fragment or variant evidence.
data/raw/1_enoch_charles_1912_djvu.txt,38048,translation and notes,1 Enoch 22,30,"τέσσαρες ' τόποι ἐν αὐτῷ κοῖλοι, βάθος",Verify against page image/PDF before using as Greek-fragment or variant evidence.
data/raw/1_enoch_charles_1912_djvu.txt,38055,translation and notes,1 Enoch 22,19,"ἔχοντες καὶ λίαν λεῖοι,",Verify against page image/PDF before using as Greek-fragment or variant evidence.
data/raw/1_enoch_charles_1912_djvu.txt,38059,translation and notes,1 Enoch 22,54,"; τρεῖς αὐτῶν σκοτεινοὶ καὶ εἷς φωτεινός, καὶ πηγὴ ὕδατος ἀνὰ μέσον",High-density Greek OCR line; verify against page image/PDF before source-row import.
data/raw/1_enoch_charles_1912_djvu.txt,38062,translation and notes,1 Enoch 22,18,αἱ σκοτεινὰ τῇ ὁράσει.,Verify against page image/PDF before using as Greek-fragment or variant evidence.
data/raw/1_enoch_charles_1912_djvu.txt,38065,translation and notes,1 Enoch 22,46,"ὑτοῦ. καὶ εἶπον"" ὃ Πῶς} λεῖα τὰ κοιλώματα ' ταῦτα καὶ ὁλοβαθῆ",High-density Greek OCR line; verify against page image/PDF before source-row import.
data/raw/1_enoch_charles_1912_djvu.txt,38066,translation and notes,1 Enoch 22,24,"3. τότε ἀπεκρίθη ‘Pagar, ὁ εἷς τῶν ἁγίων",Verify against page image/PDF before using as Greek-fragment or variant evidence.
data/raw/1_enoch_charles_1912_djvu.txt,38069,translation and notes,1 Enoch 22,52,"γγέλων ὃς μετ᾽ ἐμοῦ ἦν, καὶ εἶπέν μοι Οὗτοι οἱ τόποι οἱ κοῖλοι, ἵνα",High-density Greek OCR line; verify against page image/PDF before source-row import.
data/raw/1_enoch_charles_1912_djvu.txt,38072,translation and notes,1 Enoch 22,51,"πισυνάγωνται εἰς αὐτοὺς τὰ πνεύματα τῶν ψυχῶν τῶν νεκρῶν, εἰς",High-density Greek OCR line; verify against page image/PDF before source-row import.
data/raw/1_enoch_charles_1912_djvu.txt,38094,translation and notes,1 Enoch 22,8,Tal ἐν αὐτοῖς.,Verify against page image/PDF before using as Greek-fragment or variant evidence.
data/raw/1_enoch_charles_1912_djvu.txt,38101,translation and notes,1 Enoch 22,11,ἧι ω ρίζεσθαι,Verify against page image/PDF before using as Greek-fragment or variant evidence.
data/raw/1_enoch_charles_1912_djvu.txt,38116,translation and notes,1 Enoch 22,13,τὰ πνεύματα τῶν,Verify against page image/PDF before using as Greek-fragment or variant evidence.
data/raw/1_enoch_charles_1912_djvu.txt,38124,translation and notes,1 Enoch 22,9,os. °° EB omits. For σκοτεινοί,Verify against page image/PDF before using as Greek-fragment or variant evidence.
data/raw/1_enoch_charles_1912_djvu.txt,38125,translation and notes,1 Enoch 22,13,S. gives εἰσκοτινοι. 4 E adds τῶν,Verify against page image/PDF before using as Greek-fragment or variant evidence.
data/raw/1_enoch_charles_1912_djvu.txt,38126,translation and notes,1 Enoch 22,8,v. 5 The impossible ἐποίησαν is,Verify against page image/PDF before using as Greek-fragment or variant evidence.
data/raw/1_enoch_charles_1912_djvu.txt,38132,translation and notes,1 Enoch 22,10,that of E which = τὰ πνεύματα,Verify against page image/PDF before using as Greek-fragment or variant evidence.
data/raw/1_enoch_charles_1912_djvu.txt,38133,translation and notes,1 Enoch 22,19,νεκρῶν καὶ ἡ φωνὴ αὐτῶν. As,Verify against page image/PDF before using as Greek-fragment or variant evidence.
data/raw/1_enoch_charles_1912_djvu.txt,38140,translation and notes,1 Enoch 22,9,MS. ειστερεας.,Verify against page image/PDF before using as Greek-fragment or variant evidence.
data/raw/1_enoch_charles_1912_djvu.txt,38147,translation and notes,1 Enoch 22,47,"ὑτὸ τοῦτο ἐκρίθησαν, ὧδε ἐπισυνάγεσθαι πάσας τὰς ψυχὰς ἢ",High-density Greek OCR line; verify against page image/PDF before source-row import.
data/raw/1_enoch_charles_1912_djvu.txt,38150,translation and notes,1 Enoch 22,43,"ῷ Τοῦτο τὸ πνεῦμα 'τὸ ἐντυγχάνον"" τίνος ἐστίν, οὗ 15 οὕτως",High-density Greek OCR line; verify against page image/PDF before source-row import.
data/raw/1_enoch_charles_1912_djvu.txt,38153,translation and notes,1 Enoch 22,42,ἡ αὐτοῦ προβαίνει καὶ ἐντυγχάνει Γἕως τοῦ οὐρανοῦ] ;,High-density Greek OCR line; verify against page image/PDF before source-row import.
data/raw/1_enoch_charles_1912_djvu.txt,38157,translation and notes,1 Enoch 22,39,ἕρματος τῶν ἀνθρώπων ἀφανισθῇ τὸ σπέρμα αὐτοῦ.,Verify against page image/PDF before using as Greek-fragment or variant evidence.
data/raw/1_enoch_charles_1912_djvu.txt,38166,translation and notes,1 Enoch 22,35,4. καὶ οὗτοι οἱ τόποι. εἰς ἐπισύνσχεσι(ν) αὐτῶν,Verify against page image/PDF before using as Greek-fragment or variant evidence.
data/raw/1_enoch_charles_1912_djvu.txt,38167,translation and notes,1 Enoch 22,48,τοιζήθγησαν μέχρι τῆς ἡμέρας τῆς κρίσεως. αὐτῶν καὶ μέχρι,High-density Greek OCR line; verify against page image/PDF before source-row import.
data/raw/1_enoch_charles_1912_djvu.txt,38168,translation and notes,1 Enoch 22,48,"δῦ διορισμοῦ [καὶ διορισμένου χρόνου,] ἐν ᾧ ἡ κρίσις ἡ μεγάλη",High-density Greek OCR line; verify against page image/PDF before source-row import.
data/raw/1_enoch_charles_1912_djvu.txt,38169,translation and notes,1 Enoch 22,37,"5. Τεθέαμαι ἀνθρώπους νεκροὺς ' ἐντυγχάνοντος,",Verify against page image/PDF before using as Greek-fragment or variant evidence.
data/raw/1_enoch_charles_1912_djvu.txt,38171,translation and notes,1 Enoch 22,39,povy adtrod}™ μέχρι τοῦ οὐρανοῦ προέβαινεν καὶ ἐνετύγχανεν.,Verify against page image/PDF before using as Greek-fragment or variant evidence.
data/raw/1_enoch_charles_1912_djvu.txt,38172,translation and notes,1 Enoch 22,48,"᾿ς καὶ ὃ ἠρώτησα "" Ραφαὴλ τὸν ἄγγελον ὃς μετ᾽ ἐμοῦ ἦν, καὶ εἶπα",High-density Greek OCR line; verify against page image/PDF before source-row import.
data/raw/1_enoch_charles_1912_djvu.txt,38181,translation and notes,1 Enoch 22,50,: κρίθη μοι λέγων Τοῦτο τὸ πνεῦμά ἐστιν τὸ ἐξελθὸν ἀπὸ ἽΛβελ ὃν,High-density Greek OCR line; verify against page image/PDF before source-row import.
data/raw/1_enoch_charles_1912_djvu.txt,38182,translation and notes,1 Enoch 22,51,"ὄνευσεν Κάειν 6 ἀδελφός, καὶ ΓΑβελ! ἐντυγχάνει περὶ αὐτοῦ μέχρι",High-density Greek OCR line; verify against page image/PDF before source-row import.
data/raw/1_enoch_charles_1912_djvu.txt,38183,translation and notes,1 Enoch 22,48,"Ὁ ἀπολέσαι τὸ σπέρμα αὐτοῦ ἀπὸ προσώπου τῆς γῆς, καὶ ἀπὸ τοῦ",High-density Greek OCR line; verify against page image/PDF before source-row import.
data/raw/1_enoch_charles_1912_djvu.txt,38189,translation and notes,1 Enoch 22,48,"γώτησα 13 περὶ τῶν κοιλωμάτων 13 πάντων, διὰ τί ἐχωρίσθησαν *ev ἀπὸ",High-density Greek OCR line; verify against page image/PDF before source-row import.
data/raw/1_enoch_charles_1912_djvu.txt,38190,translation and notes,1 Enoch 22,40,9. καὶ ἀπεκρίθη μοι λέγων Οὗτοι οἱ τρὶς ἐποιήθησαν,High-density Greek OCR line; verify against page image/PDF before source-row import.
data/raw/1_enoch_charles_1912_djvu.txt,38193,translation and notes,1 Enoch 22,16,καὶ οὕτως 15 (ἐχωρίσθη,Verify against page image/PDF before using as Greek-fragment or variant evidence.
data/raw/1_enoch_charles_1912_djvu.txt,38196,translation and notes,1 Enoch 22,42,"τὰ πνεύματα τῶν δικαίων, οὗ ἡ πηγὴ τοῦ ὕδατος ἐν αὐτῷ 15",High-density Greek OCR line; verify against page image/PDF before source-row import.
data/raw/1_enoch_charles_1912_djvu.txt,38199,translation and notes,1 Enoch 22,33,πνεῦμα ἀνθρώπου νεκροῦ ἐντυγχάνοντος,Verify against page image/PDF before using as Greek-fragment or variant evidence.
data/raw/1_enoch_charles_1912_djvu.txt,38200,translation and notes,1 Enoch 22,17,καὶ ἡ φωνὴ αὐτοῦ. 8 E = τότε.,Verify against page image/PDF before using as Greek-fragment or variant evidence.
data/raw/1_enoch_charles_1912_djvu.txt,38201,translation and notes,1 Enoch 22,8,9 MS. ηρωτησεν. 10 Em. with E from,Verify against page image/PDF before using as Greek-fragment or variant evidence.
data/raw/1_enoch_charles_1912_djvu.txt,38202,translation and notes,1 Enoch 22,12,do. Thus in οὗ... ἡ φωνὴ αὐτοῦ we,Verify against page image/PDF before using as Greek-fragment or variant evidence.
data/raw/1_enoch_charles_1912_djvu.txt,38204,translation and notes,1 Enoch 22,12,11 E omits. 12 E adds περὶ αὐτοῦ καί,Verify against page image/PDF before using as Greek-fragment or variant evidence.
data/raw/1_enoch_charles_1912_djvu.txt,38206,translation and notes,1 Enoch 22,10,κυκλωματων. The translator of E found,Verify against page image/PDF before using as Greek-fragment or variant evidence.
data/raw/1_enoch_charles_1912_djvu.txt,38207,translation and notes,1 Enoch 22,9,"κυκλώματα in ver, 2 for a corruption of",Verify against page image/PDF before using as Greek-fragment or variant evidence.
data/raw/1_enoch_charles_1912_djvu.txt,38208,translation and notes,1 Enoch 22,9,"κοιλώματα preserved in G, and here",Verify against page image/PDF before using as Greek-fragment or variant evidence.
data/raw/1_enoch_charles_1912_djvu.txt,38209,translation and notes,1 Enoch 22,13,κριμάτων another corruption of κοιλω-,Verify against page image/PDF before using as Greek-fragment or variant evidence.
data/raw/1_enoch_charles_1912_djvu.txt,38226,translation and notes,1 Enoch 22,33,"gotun'. ἈἈἜἃ10. καὶ οὕτως ἐκτίσθη *rois ἁμαρτωλοῖς 2, ὅταν amo",Verify against page image/PDF before using as Greek-fragment or variant evidence.
data/raw/1_enoch_charles_1912_djvu.txt,38227,translation and notes,1 Enoch 22,53,"θάνωσιν καὶ ταφῶσιν εἰς τὴν γῆν, καὶ κρίσις οὐκ ἐγενήθη ἐπ᾽ αὐτῶν",High-density Greek OCR line; verify against page image/PDF before source-row import.
data/raw/1_enoch_charles_1912_djvu.txt,38228,translation and notes,1 Enoch 22,45,τῇ Con αὐτῶν. 11. ὧδε χωρίζεται τὰ πνεύματα αὐτῶν εἰς τὴν μεγάλ,High-density Greek OCR line; verify against page image/PDF before source-row import.
data/raw/1_enoch_charles_1912_djvu.txt,38229,translation and notes,1 Enoch 22,54,"βάσανον ταύτην, μέχρι τῆς μεγάλης ἡμέρας τῆς κρίσεως, τῶν μαστίγω:",High-density Greek OCR line; verify against page image/PDF before source-row import.
data/raw/1_enoch_charles_1912_djvu.txt,38230,translation and notes,1 Enoch 22,45,καὶ τῶν βασάνων τῶν κατηραμένων ὃ μέχρι αἰῶνος ὁ *iy’ ἀνταπ',High-density Greek OCR line; verify against page image/PDF before source-row import.
data/raw/1_enoch_charles_1912_djvu.txt,38231,translation and notes,1 Enoch 22,48,"δοσις ὃ τῶν πιευμάτων"" ἐκεῖ δήσει αὐτοὺς μέχρις αἰῶνος. 49. καὶ",High-density Greek OCR line; verify against page image/PDF before source-row import.
data/raw/1_enoch_charles_1912_djvu.txt,38232,translation and notes,1 Enoch 22,49,"οὕτως ἐχωρίσθη τοῖς πνεύμασιν τῶν ἐντυγχανόντων, οἵτινες evpar",High-density Greek OCR line; verify against page image/PDF before source-row import.
data/raw/1_enoch_charles_1912_djvu.txt,38233,translation and notes,1 Enoch 22,44,"Covow περὶ τῆς. ἀπωλείας, ὅταν φονευθῶσιν ἐν ταῖς ἡμέραις τῷ",High-density Greek OCR line; verify against page image/PDF before source-row import.
data/raw/1_enoch_charles_1912_djvu.txt,38234,translation and notes,1 Enoch 22,48,ἁμαρτωλῶν. 118. καὶ οὕτως ἐκτίσθη τοῖς πνεύμασιν τῶν ἀνθρώπων,High-density Greek OCR line; verify against page image/PDF before source-row import.
data/raw/1_enoch_charles_1912_djvu.txt,38235,translation and notes,1 Enoch 22,14,"7 ἀσεβεῖς, καὶ μετὰ",Verify against page image/PDF before using as Greek-fragment or variant evidence.
data/raw/1_enoch_charles_1912_djvu.txt,38236,translation and notes,1 Enoch 22,55,τῶν ἀνόμων ἔσονται μέτοχοι. τὰ δὲ πνεύματα [ὅτι οἱ ἐνθάδε θλιβέντει,High-density Greek OCR line; verify against page image/PDF before source-row import.
data/raw/1_enoch_charles_1912_djvu.txt,38239,translation and notes,1 Enoch 22,37,"ὅσοι οὐκ. ἔσονται ὃ ὅσιοι ἀλλὰ ἁμαρτωλοί, ὅσοι",Verify against page image/PDF before using as Greek-fragment or variant evidence.
data/raw/1_enoch_charles_1912_djvu.txt,38242,translation and notes,1 Enoch 22,54,"ἔλαττον κολάζονται ὃ αὐτῶν, οὐ τιμωρηθήσονται ἐν ἡμέρᾳ τῆς κρίσε",High-density Greek OCR line; verify against page image/PDF before source-row import.
data/raw/1_enoch_charles_1912_djvu.txt,38261,translation and notes,1 Enoch 22,47,οὐδὲ μὴ μετεγερθῶσιν ἐντεῦθεν. 14. Τότε ηὐλόγησα τὸν κύριον,High-density Greek OCR line; verify against page image/PDF before source-row import.
data/raw/1_enoch_charles_1912_djvu.txt,38262,translation and notes,1 Enoch 22,47,"δόξης, καὶ εἶπα Εὐλογητὸς *et, Κύριε ὁ τῆς δικαιοσύνης 19, κυριεύ",High-density Greek OCR line; verify against page image/PDF before source-row import.
data/raw/1_enoch_charles_1912_djvu.txt,38264,translation and notes,1 Enoch 23,40,XXIII. Κἀκεῖθεν ἐφώδευσα εἰς ἄλλον τόπον πρὸς δυσμὰς 15 τ,High-density Greek OCR line; verify against page image/PDF before source-row import.
data/raw/1_enoch_charles_1912_djvu.txt,38265,translation and notes,1 Enoch 23,39,περάτων τῆς γῆς. 2. καὶ ἐθεασάμην zip’ διατρέχον καὶ οὗ,Verify against page image/PDF before using as Greek-fragment or variant evidence.
data/raw/1_enoch_charles_1912_djvu.txt,38266,translation and notes,1 Enoch 23,53,"ἀναπαυόμενον οὐδὲ ἐνλεῖπον τοῦ δρόμου, ἡμέρας καὶ νυκτὸς ἡἅμαγ |",High-density Greek OCR line; verify against page image/PDF before source-row import.
data/raw/1_enoch_charles_1912_djvu.txt,38267,translation and notes,1 Enoch 23,45,διαμένον. 3. καὶ ἠρώτησα λέγων Τί ἐστὶν τὸ μὴ ἔχον ἀνάπαυσ P,High-density Greek OCR line; verify against page image/PDF before source-row import.
data/raw/1_enoch_charles_1912_djvu.txt,38268,translation and notes,1 Enoch 23,44,"4. τότε ἀπεκρίθη μοι “PayourA, ὁ εἷς τῶν ἁγίων ἀγγέλων ὃς μετ᾽ ἐμοί",High-density Greek OCR line; verify against page image/PDF before source-row import.
data/raw/1_enoch_charles_1912_djvu.txt,38269,translation and notes,1 Enoch 23,52,ἦν 1 Οὗτος ὁ δρόμος τοῦ πυρὸς 1 τὸ πρὸς δυσμὰς πῦρ. τὸ ἐκδιῶκόν ἐστιὶ,High-density Greek OCR line; verify against page image/PDF before source-row import.
data/raw/1_enoch_charles_1912_djvu.txt,38270,translation and notes,1 Enoch 23,39,πάντας τοὺς φωστῆρας τοῦ οὐρανοῦ. ΧΧΙ͂Ν. Kal! ἔδειξέν poi,Verify against page image/PDF before using as Greek-fragment or variant evidence.
data/raw/1_enoch_charles_1912_djvu.txt,38271,translation and notes,1 Enoch 23,38,ὄρη πυρὸς καιόμενα 18... . νυκτός. 2. καὶ ἐπέκεινα αὐτῶι,Verify against page image/PDF before using as Greek-fragment or variant evidence.
data/raw/1_enoch_charles_1912_djvu.txt,38272,translation and notes,1 Enoch 23,49,"ἐπορεύθην καὶ ἐθεασάμην"" ἑπτὰ ὄρη ἔνδοξα, πάντα ἑκάτερα τοί",High-density Greek OCR line; verify against page image/PDF before source-row import.
data/raw/1_enoch_charles_1912_djvu.txt,38273,translation and notes,1 Enoch 23,45,"ἑκατέρου διαλλάσσοντα, *dv οἱ λίθοι ἔντιμοι τῇ καλλονῇ 1"", κα",High-density Greek OCR line; verify against page image/PDF before source-row import.
data/raw/1_enoch_charles_1912_djvu.txt,38274,translation and notes,1 Enoch 23,53,"πάντα ἔντιμα καὶ ἔνδοξα καὶ εὐειδῆ, (τρία ἐπ᾽) ἀνατολὰς ἐστηριγμέ 16",High-density Greek OCR line; verify against page image/PDF before source-row import.
data/raw/1_enoch_charles_1912_djvu.txt,38275,translation and notes,1 Enoch 23,47,"(ἐν) ἐν τῷ ἑνί, καὶ τρία ἐπὶ νότον (ἐν) ἐν τῷ Evi. καὶ φάραγγες βαθεῖα",High-density Greek OCR line; verify against page image/PDF before source-row import.
data/raw/1_enoch_charles_1912_djvu.txt,38276,translation and notes,1 Enoch 23,41,"καὶ τραχεῖαι 33, μία τῇ μιᾷ οὐκ ἐγγίζουσαι, 8, καὶ [τῷ ὄρει]",High-density Greek OCR line; verify against page image/PDF before source-row import.
data/raw/1_enoch_charles_1912_djvu.txt,38280,translation and notes,1 Enoch 23,12,from των apapTwAw. 8. E takes this 12 Eadds μέχρ. [18 E adds φλεγό:,Verify against page image/PDF before using as Greek-fragment or variant evidence.
data/raw/1_enoch_charles_1912_djvu.txt,38281,translation and notes,1 Enoch 23,9,"transitively: but it is to be taken μενον. 14 Read ἀλλά with E, '",Verify against page image/PDF before using as Greek-fragment or variant evidence.
data/raw/1_enoch_charles_1912_djvu.txt,38282,translation and notes,1 Enoch 23,21,passively. 4 EB = μέχρι αἰῶνος καί. adds.xal εἶπέν po. 1 Eadds ὃν,Verify against page image/PDF before using as Greek-fragment or variant evidence.
data/raw/1_enoch_charles_1912_djvu.txt,38284,translation and notes,1 Enoch 23,42,avrarodwoes. E = καὶ τῆς ἀνταποδόσεως. ἐφώδευσα eis ἄλλον τόπον τῆς γῆς. ',High-density Greek OCR line; verify against page image/PDF before source-row import.
data/raw/1_enoch_charles_1912_djvu.txt,38285,translation and notes,1 Enoch 23,29,6 KE = ἦσαν. 7 Add ὅλοι with E. adds ἡμέρας καί. 19 E = καὶ τοὺς λίθου:,Verify against page image/PDF before using as Greek-fragment or variant evidence.
data/raw/1_enoch_charles_1912_djvu.txt,38286,translation and notes,1 Enoch 23,17,8 An explanatory gloss. 9 E=dvai- ἐντίμους καὶ καλούς or bya slight change,Verify against page image/PDF before using as Greek-fragment or variant evidence.
data/raw/1_enoch_charles_1912_djvu.txt,38287,translation and notes,1 Enoch 23,29,"ρεθήσονται or ἀποθανοῦνται. 10. Ὁ)“ ~thenom.can be read, 2 E= σκολις",Verify against page image/PDF before using as Greek-fragment or variant evidence.
data/raw/1_enoch_charles_1912_djvu.txt,38288,translation and notes,1 Enoch 23,30,"= κύριός μου, ὃ κύριος"" τῆς δικαιοσύνης. 1 An intrusion. 0 ae",Verify against page image/PDF before using as Greek-fragment or variant evidence.
data/raw/1_enoch_charles_1912_djvu.txt,38319,translation and notes,1 Enoch 23,50,"ἰβδομον ὄρος ἀνὰ μέσον τούτων, καὶ ὑπερεῖχεν τῷ ὕψει, ὅμοιον ἷ",High-density Greek OCR line; verify against page image/PDF before source-row import.
data/raw/1_enoch_charles_1912_djvu.txt,38320,translation and notes,1 Enoch 23,49,"᾿καθέδρᾳ θρόνου, καὶ περιεκύκλου δένδρα αὐτὸ 5 εὐειδῆ 5. 4. καὶ ἦν",High-density Greek OCR line; verify against page image/PDF before source-row import.
data/raw/1_enoch_charles_1912_djvu.txt,38321,translation and notes,1 Enoch 23,51,iy αὐτοῖς δένδρον ὃ οὐδέποτε ὥσφρανμαι καὶ οὐδεὶς ἕτερος αὐτῶν,High-density Greek OCR line; verify against page image/PDF before source-row import.
data/raw/1_enoch_charles_1912_djvu.txt,38327,translation and notes,1 Enoch 23,52,"ὑφράνθη"", καὶ οὐδὲν ἕτερον ὅμοιον αὐτῷ ὀσμὴν εἶχεν εὐωδεστέραν",High-density Greek OCR line; verify against page image/PDF before source-row import.
data/raw/1_enoch_charles_1912_djvu.txt,38330,translation and notes,1 Enoch 23,45,"ov ἀρωμάτων, καὶ τὰ φύλλα αὐτοῦ καὶ τὸ ἄνθος καὶ τὸ δένδρον",High-density Greek OCR line; verify against page image/PDF before source-row import.
data/raw/1_enoch_charles_1912_djvu.txt,38331,translation and notes,1 Enoch 23,44,"ὑ φθίνει εἰς τὸν αἰῶνα"" *ol δὲ περὶ τὸν καρπὸν "" ὡσεὶ βότρυες",High-density Greek OCR line; verify against page image/PDF before source-row import.
data/raw/1_enoch_charles_1912_djvu.txt,38332,translation and notes,1 Enoch 23,40,| ίκων. 5. τότε εἶπον “Qs! καλὸν τὸ δένδρον τοῦτό ἐστιν καὶ,High-density Greek OCR line; verify against page image/PDF before source-row import.
data/raw/1_enoch_charles_1912_djvu.txt,38333,translation and notes,1 Enoch 23,45,"Peades τ᾿ καὶ ὡραῖα τὰ φύλλα, καὶ τὰ ἄνθη αὐτοῦ ὡραῖα ὃ τῇ ὁράσει.",High-density Greek OCR line; verify against page image/PDF before source-row import.
data/raw/1_enoch_charles_1912_djvu.txt,38334,translation and notes,1 Enoch 23,46,". τότε ἀπεκρίθη μοι Μιχαήλ, εἷς τῶν ἁγίων ὃ ἀγγέλων ὃς per’ ἐμοῦ",High-density Greek OCR line; verify against page image/PDF before source-row import.
data/raw/1_enoch_charles_1912_djvu.txt,38335,translation and notes,1 Enoch 23,36,"» καὶ αὐτὸς αὐτῶν ἡγεῖτο, XXV. καὶ εἶπέν μοι Ἑνώχ, τί",Verify against page image/PDF before using as Greek-fragment or variant evidence.
data/raw/1_enoch_charles_1912_djvu.txt,38336,translation and notes,1 Enoch 23,37,"pa Gs'° ‘kai τί ἐθαύμασας""! ἐν τῇ ὀσμῇ τοῦ δένδρου, καὶ [διὰ τί!",Verify against page image/PDF before using as Greek-fragment or variant evidence.
data/raw/1_enoch_charles_1912_djvu.txt,38337,translation and notes,1 Enoch 23,43,ἔλεις τὴν ἀλήθειαν μαθεῖν; 2. τότε ἀπεκρίθην 1' αὐτῷ 15 Περὶ,High-density Greek OCR line; verify against page image/PDF before source-row import.
data/raw/1_enoch_charles_1912_djvu.txt,38338,translation and notes,1 Enoch 23,46,"wv, εἰδέναι θέλω, μάλιστα δὲ περὶ τοῦ δένδρου τούτου. σφόδρα.",High-density Greek OCR line; verify against page image/PDF before source-row import.
data/raw/1_enoch_charles_1912_djvu.txt,38339,translation and notes,1 Enoch 23,41,"pp eet ἀπεκρίθη λέγων Τοῦτο τὸ ὄρος τὸ ὑψηλόν 15, οὗ ἡ κορυφὴ",High-density Greek OCR line; verify against page image/PDF before source-row import.
data/raw/1_enoch_charles_1912_djvu.txt,38340,translation and notes,1 Enoch 23,45,"2 θρόνου θεοῦ, καθέδρα ᾽"" ἐστὶν οὗ καθίζει'5 Ἐὸ μέγας κύριος,",High-density Greek OCR line; verify against page image/PDF before source-row import.
data/raw/1_enoch_charles_1912_djvu.txt,38341,translation and notes,1 Enoch 23,38,"ἔν. τῆς δόξης 15, ὁ βασιλεὺς *108 αἰῶνος 17, ὅταν καταβῇ ἐπι-",Verify against page image/PDF before using as Greek-fragment or variant evidence.
data/raw/1_enoch_charles_1912_djvu.txt,38342,translation and notes,1 Enoch 23,35,"xe rag Oat τὴν γῆν ἐπ᾿ ἀγαθῷ, 4. Kal τοῦτο τὸ δένδρον εὐωδίας,",Verify against page image/PDF before using as Greek-fragment or variant evidence.
data/raw/1_enoch_charles_1912_djvu.txt,38343,translation and notes,1 Enoch 23,52,αἱ οὐδεμία σὰρξ ἐξουσίαν ἔχει ἅψασθαι αὐτοῦ μέχρι τῆς μεγάλης,High-density Greek OCR line; verify against page image/PDF before source-row import.
data/raw/1_enoch_charles_1912_djvu.txt,38347,translation and notes,1 Enoch 23,45,"ἴσεως, ev'® 7 ἐκδίκησις πάντων Kal τελείωσις μέχρις αἰῶνος τότε",High-density Greek OCR line; verify against page image/PDF before source-row import.
data/raw/1_enoch_charles_1912_djvu.txt,38350,translation and notes,1 Enoch 23,43,ικαίοις καὶ doles δοθήσεται. 5. *6 καρπὸς αὐτοῦ τοῖς ἐκλεκτοῖς,High-density Greek OCR line; verify against page image/PDF before source-row import.
data/raw/1_enoch_charles_1912_djvu.txt,38354,translation and notes,1 Enoch 23,36,"s Colt εἰς βοράν, καὶ πυρά ρϑνμῤμύ ἐν, τόπῳ ἁγίῳ παρὰ",Verify against page image/PDF before using as Greek-fragment or variant evidence.
data/raw/1_enoch_charles_1912_djvu.txt,38355,translation and notes,1 Enoch 23,29,"ἤδνον τοῦ θεοῦ ""' βασιλέως 35 * τοῦ αἰῶνος",Verify against page image/PDF before using as Greek-fragment or variant evidence.
data/raw/1_enoch_charles_1912_djvu.txt,38357,translation and notes,1 Enoch 23,44,6. τότε εὐφρανθήσονται εὐφραινόμενοι καὶ χαρήσονται,High-density Greek OCR line; verify against page image/PDF before source-row import.
data/raw/1_enoch_charles_1912_djvu.txt,38359,translation and notes,1 Enoch 23,28,"τ καὶ * ἕ εἰς τὸ ἅγιον εἰσελεύσονται""",Verify against page image/PDF before using as Greek-fragment or variant evidence.
data/raw/1_enoch_charles_1912_djvu.txt,38361,translation and notes,1 Enoch 23,29,"ak ὀσμαὶ αὐτοῦ ""ὃ ἐν τοῖς ὀστέοις αὐτῶν,",Verify against page image/PDF before using as Greek-fragment or variant evidence.
data/raw/1_enoch_charles_1912_djvu.txt,38364,translation and notes,1 Enoch 23,28,καὶ ζωὴν πλείονα 35 ζήσονται ἐπὶ γῆς,Verify against page image/PDF before using as Greek-fragment or variant evidence.
data/raw/1_enoch_charles_1912_djvu.txt,38367,translation and notes,1 Enoch 23,35,"= καὶ τὸ ὕψος) αὐτῶν ἦσαν ὅμοια πάντα, -- καθίσε. 1Ὁ Text confused. E =",Verify against page image/PDF before using as Greek-fragment or variant evidence.
data/raw/1_enoch_charles_1912_djvu.txt,38368,translation and notes,1 Enoch 23,34,"| πάντα is an intrusion. 2MS, 6 ἅγιος καὶ ὃ μέγας ὃ κύριος τῆς δόξης.",Verify against page image/PDF before using as Greek-fragment or variant evidence.
data/raw/1_enoch_charles_1912_djvu.txt,38369,translation and notes,1 Enoch 23,20,5 EB = εὐώδη which is right. ὃ κύριος τῆς δόξης is supported by 275.,Verify against page image/PDF before using as Greek-fragment or variant evidence.
data/raw/1_enoch_charles_1912_djvu.txt,38370,translation and notes,1 Enoch 23,11,"17 E = αἰώνιος. 18. ΜΆ, εἰ. YE",Verify against page image/PDF before using as Greek-fragment or variant evidence.
data/raw/1_enoch_charles_1912_djvu.txt,38375,translation and notes,1 Enoch 23,15,αὐτῷ E gives οὐδὲν (or οὐδεὶς),Verify against page image/PDF before using as Greek-fragment or variant evidence.
data/raw/1_enoch_charles_1912_djvu.txt,38376,translation and notes,1 Enoch 23,37,ν καὶ οὐδὲν ἕτερον ὅμοιον αὐτῷ jv. save the phrase εἰς (ωήν τε! πὸ τὰ,Verify against page image/PDF before using as Greek-fragment or variant evidence.
data/raw/1_enoch_charles_1912_djvu.txt,38377,translation and notes,1 Enoch 23,19,15. φθεινι. © E=6 δὲ καρπὸς καλὸς possibly aaend Conran for sud =,Verify against page image/PDF before using as Greek-fragment or variant evidence.
data/raw/1_enoch_charles_1912_djvu.txt,38378,translation and notes,1 Enoch 23,29,ὶ ὁ καρπός. 7 E=cieadés but text ἔσται. 3) Ἐὶ -- κυρίου. * MS. βασιλευς.,Verify against page image/PDF before using as Greek-fragment or variant evidence.
data/raw/1_enoch_charles_1912_djvu.txt,38379,translation and notes,1 Enoch 23,19,"better. ὃ E adds σφόδρα. °E 2388 - αἰωνίου. 35 E trans. after ἅγιον,",Verify against page image/PDF before using as Greek-fragment or variant evidence.
data/raw/1_enoch_charles_1912_djvu.txt,38380,translation and notes,1 Enoch 23,13,ἃ is καὶ ἐντίμων. 19 Eaddsye. 11 ΜΒ. and perhaps rightly. 56 See notes on,Verify against page image/PDF before using as Greek-fragment or variant evidence.
data/raw/1_enoch_charles_1912_djvu.txt,38382,translation and notes,1 Enoch 23,11,"κρειθη. 13 E adds λέγων. 8 E text, pp. 58, 54. 36 This seems to",Verify against page image/PDF before using as Greek-fragment or variant evidence.
data/raw/1_enoch_charles_1912_djvu.txt,38389,translation and notes,1 Enoch 23,15,"| E (i.e. hob) = ὑπερεῖχεν (a, B-hob adds ὃ εἶδες. 14 Eaddsairov. %E",Verify against page image/PDF before using as Greek-fragment or variant evidence.
data/raw/1_enoch_charles_1912_djvu.txt,38403,translation and notes,1 Enoch 23,20,"ἣν ἔζησαν οἱ πατέρες σου,",Verify against page image/PDF before using as Greek-fragment or variant evidence.
data/raw/1_enoch_charles_1912_djvu.txt,38404,translation and notes,1 Enoch 23,31,καὶ ἐν ταῖς ἡμέραις αὐτῶν ' καὶ βάσανοι,Verify against page image/PDF before using as Greek-fragment or variant evidence.
data/raw/1_enoch_charles_1912_djvu.txt,38430,translation and notes,1 Enoch 23,35,. καὶ πληγαὶ καὶ μάστιγες οὐχ ἅψονται αὐτῶν.,Verify against page image/PDF before using as Greek-fragment or variant evidence.
data/raw/1_enoch_charles_1912_djvu.txt,38431,translation and notes,1 Enoch 23,43,"7. Τότε ηὐλόγησα "" τὸν θεὸν τῆς δόξης, τὸν βασιλέα * 700 αἰῶνος 3,",High-density Greek OCR line; verify against page image/PDF before source-row import.
data/raw/1_enoch_charles_1912_djvu.txt,38432,translation and notes,1 Enoch 23,52,"ἡτοίμασεν ᾿ ἀνθρώποις τὰ τοιαῦτα δικαίοις *, καὶ αὐτὰ ἔκτισεν κα",High-density Greek OCR line; verify against page image/PDF before source-row import.
data/raw/1_enoch_charles_1912_djvu.txt,38433,translation and notes,1 Enoch 23,17,εἶπεν δοῦναι αὐτοῖς.,Verify against page image/PDF before using as Greek-fragment or variant evidence.
data/raw/1_enoch_charles_1912_djvu.txt,38439,translation and notes,1 Enoch 23,46,"ΧΧΨΥῚ. Καὶ ἐκεῖθεν ἐφώδευσα εἰς τὸ μέσον τῆς γῆς, καὶ ἴδον",High-density Greek OCR line; verify against page image/PDF before source-row import.
data/raw/1_enoch_charles_1912_djvu.txt,38442,translation and notes,1 Enoch 23,52,"τόπον ηὐλογημένον, ἐν ᾧ [δένδρα ἔχοντα! παραφυάδας μενούσας καὶ",High-density Greek OCR line; verify against page image/PDF before source-row import.
data/raw/1_enoch_charles_1912_djvu.txt,38443,translation and notes,1 Enoch 23,43,βλαστούσας [τοῦ δένδρου ἐκκοπέντος ]. 2. κἀκεῖ τεθέαμαι dpos,High-density Greek OCR line; verify against page image/PDF before source-row import.
data/raw/1_enoch_charles_1912_djvu.txt,38444,translation and notes,1 Enoch 23,45,"ἅγιον 6. ὑποκάτω τοῦ ὄρους ὕδωρ ἐξ ἀνατολῶν, καὶ τὴν t+ δύσιν F '",High-density Greek OCR line; verify against page image/PDF before source-row import.
data/raw/1_enoch_charles_1912_djvu.txt,38445,translation and notes,1 Enoch 23,46,"εἶχεν πρὸς νότον. 8, καὶ ἴδον πρὸς ἀνατολὰς ἄλλο ὄρος ὑψηλό-",High-density Greek OCR line; verify against page image/PDF before source-row import.
data/raw/1_enoch_charles_1912_djvu.txt,38446,translation and notes,1 Enoch 23,52,"τερον τούτου, καὶ ἀνὰ μέσον αὐτοῦ Ἱ φάραγγα βαθεῖαν, οὐκ ἔχουσαν",High-density Greek OCR line; verify against page image/PDF before source-row import.
data/raw/1_enoch_charles_1912_djvu.txt,38447,translation and notes,1 Enoch 23,46,"πλάτος, καὶ δι’ αὐτῆς ὕδωρ πορεύεται Γὑποκάτω"" ὑπὸ τὸ ὄρος.",High-density Greek OCR line; verify against page image/PDF before source-row import.
data/raw/1_enoch_charles_1912_djvu.txt,38448,translation and notes,1 Enoch 23,54,καὶ πρὸς δυσμὰς τούτου ἄλλο ὄρος ταπεινότερον αὐτοῦ καὶ οὐκ ἔχον,High-density Greek OCR line; verify against page image/PDF before source-row import.
data/raw/1_enoch_charles_1912_djvu.txt,38449,translation and notes,1 Enoch 23,46,"ὕψος, καὶ φάραγγα ᾿βαθεῖαν καὶ ξηρὰν 15 ἀνὰ μέσον αὐτῶν, καὶ",High-density Greek OCR line; verify against page image/PDF before source-row import.
data/raw/1_enoch_charles_1912_djvu.txt,38450,translation and notes,1 Enoch 23,50,ἄλλην φάραγγα βαθεῖαν καὶ ξηρὰν ἐπ᾽ ἄκρων τῶν τριῶν Γὀρέων. ὕ,High-density Greek OCR line; verify against page image/PDF before source-row import.
data/raw/1_enoch_charles_1912_djvu.txt,38451,translation and notes,1 Enoch 23,46,"καὶ ἔπᾶσαι papayyés ὃ εἰσιν βαθεῖαι 19 ἐκ πέτρας στερεᾶς, καὶ δένδρο.",High-density Greek OCR line; verify against page image/PDF before source-row import.
data/raw/1_enoch_charles_1912_djvu.txt,38452,translation and notes,1 Enoch 23,45,"οὐκ ἐφυτεύετο ἐπ’ αὐτάς. 6, καὶ ἐθαύμασα 11 περὶ τῆς φάραγγος",High-density Greek OCR line; verify against page image/PDF before source-row import.
data/raw/1_enoch_charles_1912_djvu.txt,38453,translation and notes,1 Enoch 23,41,"καὶ λίαν ἐθαύμασα. ΧΧΥΊΤΙ, καὶ 13 εἶπον Διὰ τί ἡ γῆ. αὕτη i",High-density Greek OCR line; verify against page image/PDF before source-row import.
data/raw/1_enoch_charles_1912_djvu.txt,38454,translation and notes,1 Enoch 23,51,"εὐλογημένη καὶ πᾶσα πλήρης δένδρων, αὕτη δὲ ἡ φάραγξ κεκατήρο",High-density Greek OCR line; verify against page image/PDF before source-row import.
data/raw/1_enoch_charles_1912_djvu.txt,38455,translation and notes,1 Enoch 23,41,"μένη ἐσεῖν ον γι, 2. γῆ 15 κατάρατος τοῖς κεκαταραμένο ς",High-density Greek OCR line; verify against page image/PDF before source-row import.
data/raw/1_enoch_charles_1912_djvu.txt,38456,translation and notes,1 Enoch 23,49,ἐστὶν μέχρι αἰῶνος. ὧδε ἐπισυναχθήσονται πάντες “ol κεκατηρα,High-density Greek OCR line; verify against page image/PDF before source-row import.
data/raw/1_enoch_charles_1912_djvu.txt,38459,translation and notes,1 Enoch 23,12,μένοι! οἵτινες 1,Verify against page image/PDF before using as Greek-fragment or variant evidence.
data/raw/1_enoch_charles_1912_djvu.txt,38462,translation and notes,1 Enoch 23,35,ἐροῦσιν τῷ στόματι αὐτῶν κατὰ Κυρίου φωνὴ,Verify against page image/PDF before using as Greek-fragment or variant evidence.
data/raw/1_enoch_charles_1912_djvu.txt,38463,translation and notes,1 Enoch 23,48,"ἀπρεπῆ, καὶ περὶ τῆς δόξης αὐτοῦ σκληρὰ λαλήσουσιν. ὧδε ἐπι-",High-density Greek OCR line; verify against page image/PDF before source-row import.
data/raw/1_enoch_charles_1912_djvu.txt,38464,translation and notes,1 Enoch 23,46,"συναχθήσονται, καὶ ὧδε ἔσται τὸ οἰκητήριον 15, 8. ἐπ᾽ ἐσχάτοι",High-density Greek OCR line; verify against page image/PDF before source-row import.
data/raw/1_enoch_charles_1912_djvu.txt,38467,translation and notes,1 Enoch 23,48,"αἰῶσιν, *éy ταῖς ἡμέραις 11 τῆς κρίσεως τῆς ἀληθινῆς ἐναντίον τῶ",High-density Greek OCR line; verify against page image/PDF before source-row import.
data/raw/1_enoch_charles_1912_djvu.txt,38470,translation and notes,1 Enoch 23,27,"require us to read ἤ before ἥν. 8 od μέσῳ; τότε ἀπεκρίθη Οὐριήλ, ὃ ε",Verify against page image/PDF before using as Greek-fragment or variant evidence.
data/raw/1_enoch_charles_1912_djvu.txt,38471,translation and notes,1 Enoch 23,39,"adds καὶ λύπη. 2 MS. ηυλογῆσαν, τῶν ἁγίων ἀγγέλων ὃς per’ ἐμοῦ ἣν, k",Verify against page image/PDF before using as Greek-fragment or variant evidence.
data/raw/1_enoch_charles_1912_djvu.txt,38474,translation and notes,1 Enoch 23,12,"8 E = αἰώνιον, 4 This order is εἶπεν, 1 A transliteration of 8°.",Verify against page image/PDF before using as Greek-fragment or variant evidence.
data/raw/1_enoch_charles_1912_djvu.txt,38477,translation and notes,1 Enoch 23,14,ὁ Corrupt. E = ῥύσιν which is right. = φάραγξ. Before γῇ add with E af,Verify against page image/PDF before using as Greek-fragment or variant evidence.
data/raw/1_enoch_charles_1912_djvu.txt,38478,translation and notes,1 Enoch 23,18,7 Better αὐτῶν with E. 8 Instead 7. 10 MS. τινὲς. [1ὅ E = κριτήρι,Verify against page image/PDF before using as Greek-fragment or variant evidence.
data/raw/1_enoch_charles_1912_djvu.txt,38481,translation and notes,1 Enoch 23,17,"of this phrase Ereads ὑποκάτω. ὃΜΗ, αὐτῶν. E is corrupt, % E=é στ",Verify against page image/PDF before using as Greek-fragment or variant evidence.
data/raw/1_enoch_charles_1912_djvu.txt,38482,translation and notes,1 Enoch 23,25,ποῦε φαρανγες. 10 E adds καὶ οὐς ἡ ὅρασις. Thus E makes the senten,Verify against page image/PDF before using as Greek-fragment or variant evidence.
data/raw/1_enoch_charles_1912_djvu.txt,38483,translation and notes,1 Enoch 23,16,"ἔχουσαι πλάτος. 11 Add with E περ begin with this verse, whereas G ma",Verify against page image/PDF before using as Greek-fragment or variant evidence.
data/raw/1_enoch_charles_1912_djvu.txt,38484,translation and notes,1 Enoch 23,13,τῶν πετρῶν καὶ @avpaca—lost through the first half of this verse part of ἢ,Verify against page image/PDF before using as Greek-fragment or variant evidence.
data/raw/1_enoch_charles_1912_djvu.txt,38491,translation and notes,1 Enoch 23,53,ἡικαίων εἰς τὸν ἅπαντα χρόνον. ὧδε εὐλογήσουσιν οἱ εὐσεβεῖς ' τὸν,High-density Greek OCR line; verify against page image/PDF before source-row import.
data/raw/1_enoch_charles_1912_djvu.txt,38492,translation and notes,1 Enoch 23,43,"κύριον τῆς δόξης, τὸν βασιλέα * rod αἰῶνος 5, 4. ἐν ταῖς ἡμέραις",High-density Greek OCR line; verify against page image/PDF before source-row import.
data/raw/1_enoch_charles_1912_djvu.txt,38493,translation and notes,1 Enoch 23,51,"τῆς κρίσεως αὐτῶν εὐλογήσουσιν ἐν ἐλέει δ, ὡς ἐμέρισεν αὐτοῖς.",High-density Greek OCR line; verify against page image/PDF before source-row import.
data/raw/1_enoch_charles_1912_djvu.txt,38494,translation and notes,1 Enoch 23,43,"ἡ, Τότε ηὐλόγησα τὸν κύριον τῆς δόξης, καὶ ‘thy δόξαν!) αὐτοῦ",High-density Greek OCR line; verify against page image/PDF before source-row import.
data/raw/1_enoch_charles_1912_djvu.txt,38495,translation and notes,1 Enoch 23,28,ἐδήλωσα καὶ ὕμνησα μεγαλοπρεπῶς.,Verify against page image/PDF before using as Greek-fragment or variant evidence.
data/raw/1_enoch_charles_1912_djvu.txt,38496,translation and notes,1 Enoch 23,32,"᾿ XXVIII. Καὶ ἐκεῖθεν ἐπορεύθην ὁ εἰς τὸ μέσον ὃ, MavdoBapd®,",Verify against page image/PDF before using as Greek-fragment or variant evidence.
data/raw/1_enoch_charles_1912_djvu.txt,38497,translation and notes,1 Enoch 23,48,"αὶ ἴδον αὐτὸ ἴ ἔρημον καὶ αὐτὸ μόνον, πλήρης δένδρων"" fF καὶ ἀπὸ",High-density Greek OCR line; verify against page image/PDF before source-row import.
data/raw/1_enoch_charles_1912_djvu.txt,38498,translation and notes,1 Enoch 23,38,"τῶν σπερμάτων ἡ ὃ 2. ὕδωρ ὃ ἀνομβροῦν 19, ἄνωθεν 3. φερό-",Verify against page image/PDF before using as Greek-fragment or variant evidence.
data/raw/1_enoch_charles_1912_djvu.txt,38499,translation and notes,1 Enoch 23,45,"ἐνὸν 11 ὡς ὑδραγωγὸς δαψιλὴς ᾿"" ὡς 15 Ἐπρὸς βορρᾶν ἐπὶ δυσμῶν 15",High-density Greek OCR line; verify against page image/PDF before source-row import.
data/raw/1_enoch_charles_1912_djvu.txt,38500,translation and notes,1 Enoch 23,31,"γτοθεν Ἔ ἀνάγει ἡ ὕδωρ ἡ καὶ δρόσον 1ὅ, XXIX. ἘΞ",Verify against page image/PDF before using as Greek-fragment or variant evidence.
data/raw/1_enoch_charles_1912_djvu.txt,38501,translation and notes,1 Enoch 23,40,κεῖθεν 18 ἐπορεύθην εἰς ἄλλον τόπον Ἐὲν τῷ 11 Eanes 18. καὶ 19. πρὸς,High-density Greek OCR line; verify against page image/PDF before source-row import.
data/raw/1_enoch_charles_1912_djvu.txt,38521,translation and notes,1 Enoch 23,42,"ἱνατολὰς τοῦ ὄρους τούτου φχόμην, 2. καὶ 39 ἴδον κρίσεως “1",High-density Greek OCR line; verify against page image/PDF before source-row import.
data/raw/1_enoch_charles_1912_djvu.txt,38522,translation and notes,1 Enoch 23,48,"ἐνὸρα πνέοντα 552 ἀρωμάτων λιβάνων καὶ ζμύρνης 33, καὶ τὰ δένδρα",High-density Greek OCR line; verify against page image/PDF before source-row import.
data/raw/1_enoch_charles_1912_djvu.txt,38523,translation and notes,1 Enoch 23,28,τῶν ὅμοια patna 4 XXX. Kal * ἐπέκεινα 35 τούτων ὠχόμην *,Verify against page image/PDF before using as Greek-fragment or variant evidence.
data/raw/1_enoch_charles_1912_djvu.txt,38524,translation and notes,1 Enoch 23,38,"7 ods ἀνατολὰς 27 μακράν, καὶ ἴδον τόπον ἄλλον 'péyav', φάραγγα",Verify against page image/PDF before using as Greek-fragment or variant evidence.
data/raw/1_enoch_charles_1912_djvu.txt,38525,translation and notes,1 Enoch 23,35,"aros*®, ᾧ. *év ᾧ καὶ δένδρον 35 χρόα *° ἀρωμάτων ὁμοίων σχίνῳ,",Verify against page image/PDF before using as Greek-fragment or variant evidence.
data/raw/1_enoch_charles_1912_djvu.txt,38528,translation and notes,1 Enoch 23,48,", καὶ τὰ παρὰ τὰ χείλη τῶν φαράγγων τούτων ἴδον Ἐκιννάμωμον",High-density Greek OCR line; verify against page image/PDF before source-row import.
data/raw/1_enoch_charles_1912_djvu.txt,38534,translation and notes,1 Enoch 23,35,ATOV καὶ ἐπέκεινα 35 τούτων φχόμην πρὸς ἀνατολάς.,Verify against page image/PDF before using as Greek-fragment or variant evidence.
data/raw/1_enoch_charles_1912_djvu.txt,38537,translation and notes,1 Enoch 23,46,"ΓΧΧΙ. καὶ ἴδον ἄλλα ὄρη καὶ ἐν αὐτοῖς Γἄλση! δένδρων, καὶ ἐκ-",High-density Greek OCR line; verify against page image/PDF before source-row import.
data/raw/1_enoch_charles_1912_djvu.txt,38540,translation and notes,1 Enoch 23,29,"MS. ασεβεις. 3 E = αἰώνιον. μενον, but G is right. MS. φαιρομενον.",Verify against page image/PDF before using as Greek-fragment or variant evidence.
data/raw/1_enoch_charles_1912_djvu.txt,38541,translation and notes,1 Enoch 23,23,"E = ὑπὲρ ἐλέους. 4 E adds mpds 12 E adds ὃς ὑδραγωγεῖ, 13 ὡς is re-",Verify against page image/PDF before using as Greek-fragment or variant evidence.
data/raw/1_enoch_charles_1912_djvu.txt,38551,translation and notes,1 Enoch 23,23,"~ ρά in 29%, Though NIAID 15. = ἀνάγεται ὕδωρ καὶ δρόσος, but by a",Verify against page image/PDF before using as Greek-fragment or variant evidence.
data/raw/1_enoch_charles_1912_djvu.txt,38553,translation and notes,1 Enoch 23,13,: nal was Aramaic; for σῦ ἢ =G. 15 E = καὶ ἐκεῖθεν which it has,Verify against page image/PDF before using as Greek-fragment or variant evidence.
data/raw/1_enoch_charles_1912_djvu.txt,38566,translation and notes,1 Enoch 23,27,"Γ 1812 μαδβαρῖτις or μαβδαρῖτι. Of κρίσεως. 5 E corrupt. % = ,",Verify against page image/PDF before using as Greek-fragment or variant evidence.
data/raw/1_enoch_charles_1912_djvu.txt,38569,translation and notes,1 Enoch 23,10,"famaisms probably unconsciously. renders by ἐπὶ ἐκείνων, cf. 18°. 26 E",Verify against page image/PDF before using as Greek-fragment or variant evidence.
data/raw/1_enoch_charles_1912_djvu.txt,38570,translation and notes,1 Enoch 23,9,"Εἰ omits αὐτό rightly. 8E=dnd -- ὄρη. E adds o}, *% E adds",Verify against page image/PDF before using as Greek-fragment or variant evidence.
data/raw/1_enoch_charles_1912_djvu.txt,38571,translation and notes,1 Enoch 23,33,"v σπερμάτων καί. 5 Kadds ἐν αὐτῷς devdov, agloss, % E = καὶ ἴδον δένδρον",Verify against page image/PDF before using as Greek-fragment or variant evidence.
data/raw/1_enoch_charles_1912_djvu.txt,38572,translation and notes,1 Enoch 23,18,"᾿ Ἐπ, with E from avopBpov which καλόν. 89 E = ὅμοιον, χρόα may be",Verify against page image/PDF before using as Greek-fragment or variant evidence.
data/raw/1_enoch_charles_1912_djvu.txt,38598,translation and notes,1 Enoch 23,39,πορευόμενον ἐξ αὐτῶν ' νέκταρ τὸ καλοὔμενον cappav® καὶ yar,Verify against page image/PDF before using as Greek-fragment or variant evidence.
data/raw/1_enoch_charles_1912_djvu.txt,38603,translation and notes,1 Enoch 23,45,"Γπρὸς ἀνατολὰς τῶν περάτων τῆς γῆς"", καὶ πάντα τὰ δένδρα",High-density Greek OCR line; verify against page image/PDF before source-row import.
data/raw/1_enoch_charles_1912_djvu.txt,38606,translation and notes,1 Enoch 23,35,2. καὶ ἐπέκεινα ὁ τῶν ὀρέων τούτων ὅ ἴδον ἄλλο dpo,Verify against page image/PDF before using as Greek-fragment or variant evidence.
data/raw/1_enoch_charles_1912_djvu.txt,38611,translation and notes,1 Enoch 23,42,* εἰς βορρᾶν 1: ‘pds ἀνατολὰς! τεθέαμαι ἑπτὰ ὄρη πλήρη νάῤδε,High-density Greek OCR line; verify against page image/PDF before source-row import.
data/raw/1_enoch_charles_1912_djvu.txt,38614,translation and notes,1 Enoch 23,35,"πλήρης Ἷ στακτῆς ὃ ἐν ὁμοιώματι ἀμυγδάλων.""",Verify against page image/PDF before using as Greek-fragment or variant evidence.
data/raw/1_enoch_charles_1912_djvu.txt,38615,translation and notes,1 Enoch 23,29,διὸ 10 εὐωδέστερον ὑπὲρ πᾶν ἀρωμάτων]. ... ...,Verify against page image/PDF before using as Greek-fragment or variant evidence.
data/raw/1_enoch_charles_1912_djvu.txt,38618,translation and notes,1 Enoch 23,40,χρηστοῦ καὶ * σχίνου 13 καὶ κινναμώμου καὶ πιπέρεως.,High-density Greek OCR line; verify against page image/PDF before source-row import.
data/raw/1_enoch_charles_1912_djvu.txt,38620,translation and notes,1 Enoch 23,41,2. Καὶ ἐκεῖθεν ἐφόδευσα ἐπὶ 15 τὰς ἀρχὰς 'πάντων! τῶν ὁρέ :,High-density Greek OCR line; verify against page image/PDF before source-row import.
data/raw/1_enoch_charles_1912_djvu.txt,38621,translation and notes,1 Enoch 23,46,"τούτων, μακρὰν ἀπέχων πρὸς ἀνατολὰς ‘rhs γῆς"", καὶ διέβην ἐπάν ;",High-density Greek OCR line; verify against page image/PDF before source-row import.
data/raw/1_enoch_charles_1912_djvu.txt,38622,translation and notes,1 Enoch 23,47,"τῆς ἐρυθρᾶς θαλάσσης, καὶ φχόμην “ἐπ᾽ Ακρων; καὶ ἀπὸ τούτου ™",High-density Greek OCR line; verify against page image/PDF before source-row import.
data/raw/1_enoch_charles_1912_djvu.txt,38623,translation and notes,1 Enoch 23,45,διέβην ἐπάνω 1 τοῦ Ζωτιήλ. 8. καὶ ἦλθον 156 πρὸς τὸν παράδεισοι,High-density Greek OCR line; verify against page image/PDF before source-row import.
data/raw/1_enoch_charles_1912_djvu.txt,38624,translation and notes,1 Enoch 23,53,"τῆς δικαιοσύνης, καὶ ἴδον Ἔμακρόθεν τῶν δένδρων τούτων 17 δένδρ αι",High-density Greek OCR line; verify against page image/PDF before source-row import.
data/raw/1_enoch_charles_1912_djvu.txt,38625,translation and notes,1 Enoch 23,22,"ἐκεῖ °, μεγάλα σφόδρα καλὰ κα",Verify against page image/PDF before using as Greek-fragment or variant evidence.
data/raw/1_enoch_charles_1912_djvu.txt,38628,translation and notes,1 Enoch 23,22,πλείονα 18 καὶ μεγάλα δύω μὲν 19,Verify against page image/PDF before using as Greek-fragment or variant evidence.
data/raw/1_enoch_charles_1912_djvu.txt,38631,translation and notes,1 Enoch 23,26,"καὶ τὸ δένδρον τῆς φρονήσεως, οὗ 3",Verify against page image/PDF before using as Greek-fragment or variant evidence.
data/raw/1_enoch_charles_1912_djvu.txt,38635,translation and notes,1 Enoch 23,17,"ἔνδοξα ‘kal μεγαλοπρεπῆ 2}, |",Verify against page image/PDF before using as Greek-fragment or variant evidence.
data/raw/1_enoch_charles_1912_djvu.txt,38636,translation and notes,1 Enoch 23,49,"ἐσθίουσιν. Γἁγίου τοῦ καρποῦ αὐτοῦ"" “ καὶ ἐπίστανται φρόνησι",High-density Greek OCR line; verify against page image/PDF before source-row import.
data/raw/1_enoch_charles_1912_djvu.txt,38637,translation and notes,1 Enoch 23,43,"μεγάλην. 4, ὅμοιον ‘rd δένδρον ἐκεῖνο στροβιλέᾳ τὸ ὕψος, τὸ",High-density Greek OCR line; verify against page image/PDF before source-row import.
data/raw/1_enoch_charles_1912_djvu.txt,38638,translation and notes,1 Enoch 23,42,"δὲ φύλλα αὐτοῦ"" 35 κερατίᾳ ** ὅμοια, ὁ δὲ καρπὸς αὐτοῦ ὡσεὶ Pdrpve:",High-density Greek OCR line; verify against page image/PDF before source-row import.
data/raw/1_enoch_charles_1912_djvu.txt,38639,translation and notes,1 Enoch 23,46,"ἀμπέλου ἱλαροὶ λίαν, ἣ δὲ ὀσμὴ αὐτοῦ διέτρεχεν πόρρω ἀπὸ TO",High-density Greek OCR line; verify against page image/PDF before source-row import.
data/raw/1_enoch_charles_1912_djvu.txt,38640,translation and notes,1 Enoch 23,42,"δένδρου. 5. τότε 35 εἶπον “Qs! καλὸν τὸ δένδρον, καὶ ὡς ἐπίχαρι ;",High-density Greek OCR line; verify against page image/PDF before source-row import.
data/raw/1_enoch_charles_1912_djvu.txt,38643,translation and notes,1 Enoch 23,37,"τῇ ὁράσει. 6. τότε ἀπεκρίθη ῬῬαφαήλ, ὁ ἅγιος Avast ὁ μετ",Verify against page image/PDF before using as Greek-fragment or variant evidence.
data/raw/1_enoch_charles_1912_djvu.txt,38646,translation and notes,1 Enoch 23,49,"ἐμοῦ ὦν, Τοῦτο τὸ δένδρον Φρυνήσεως, ἐξ οὗ ἔφαγεν ὃ ὁ πατήρ σου.",High-density Greek OCR line; verify against page image/PDF before source-row import.
data/raw/1_enoch_charles_1912_djvu.txt,38649,translation and notes,1 Enoch 23,14,note on p. ὅδ. ΤῈ adds ὡς. ?= . εὐωδῶν a free rendering. 18 B= ὑπ' Lo,Verify against page image/PDF before using as Greek-fragment or variant evidence.
data/raw/1_enoch_charles_1912_djvu.txt,38653,translation and notes,1 Enoch 23,15,"νων, ὟΣ 189, δῈ -- ἐκείνων. ὃ This",Verify against page image/PDF before using as Greek-fragment or variant evidence.
data/raw/1_enoch_charles_1912_djvu.txt,38656,translation and notes,1 Enoch 23,15,αὐτῷ δένδρα ἀλόης. 7 Indeclinable,Verify against page image/PDF before using as Greek-fragment or variant evidence.
data/raw/1_enoch_charles_1912_djvu.txt,38657,translation and notes,1 Enoch 23,9,"8 ἴῃ 28, 8. Em. from εξαυτης. E",Verify against page image/PDF before using as Greek-fragment or variant evidence.
data/raw/1_enoch_charles_1912_djvu.txt,38658,translation and notes,1 Enoch 23,13,corrupt = στερεός. στακτή = 105 Gen.,Verify against page image/PDF before using as Greek-fragment or variant evidence.
data/raw/1_enoch_charles_1912_djvu.txt,38661,translation and notes,1 Enoch 23,23,"λάβωσιν, and adds ἐκεῖνον τὸν καρπόν,",Verify against page image/PDF before using as Greek-fragment or variant evidence.
data/raw/1_enoch_charles_1912_djvu.txt,38664,translation and notes,1 Enoch 23,11,καύσωσιν. 19 Komits. 1 E = καὶ,Verify against page image/PDF before using as Greek-fragment or variant evidence.
data/raw/1_enoch_charles_1912_djvu.txt,38665,translation and notes,1 Enoch 23,31,«μετὰ ταῦτα τὰ ἀρώματα εἰς βορρᾶν ὁρῶν,Verify against page image/PDF before using as Greek-fragment or variant evidence.
data/raw/1_enoch_charles_1912_djvu.txt,38666,translation and notes,1 Enoch 23,9,ὑπὲρ τὰ ὄρη the first five words of which,Verify against page image/PDF before using as Greek-fragment or variant evidence.
data/raw/1_enoch_charles_1912_djvu.txt,38670,translation and notes,1 Enoch 23,18,14 E = μακρὰν ἀπὸ τούτου καί. 15 E add,Verify against page image/PDF before using as Greek-fragment or variant evidence.
data/raw/1_enoch_charles_1912_djvu.txt,38672,translation and notes,1 Enoch 23,18,"τοῦ ἀγγέλους ~ 16 MS, ελθων.. Τ᾿",Verify against page image/PDF before using as Greek-fragment or variant evidence.
data/raw/1_enoch_charles_1912_djvu.txt,38673,translation and notes,1 Enoch 23,16,takes μακρόθεν as = μακράν ον n,Verify against page image/PDF before using as Greek-fragment or variant evidence.
data/raw/1_enoch_charles_1912_djvu.txt,38695,translation and notes,1 Enoch 23,22,such as: ὅμοιον Γτὸ δένδρον ἐκεῖνο... .,Verify against page image/PDF before using as Greek-fragment or variant evidence.
data/raw/1_enoch_charles_1912_djvu.txt,38698,translation and notes,1 Enoch 23,22,ὅμοια! κερατίᾳ. 34 ΜΆ. κερατι. 35 Ἐπ,Verify against page image/PDF before using as Greek-fragment or variant evidence.
data/raw/1_enoch_charles_1912_djvu.txt,38699,translation and notes,1 Enoch 23,11,καί. 38 E adds καλὸν καί beforethis wo,Verify against page image/PDF before using as Greek-fragment or variant evidence.
data/raw/1_enoch_charles_1912_djvu.txt,38722,translation and notes,1 Enoch 23,46,"πλησίον αὐτῶν, ὅτι εἰς τὸν αἰῶνα οὐ μὴ ἀποστῇ an’ αὐτοῦ ψῦχος",High-density Greek OCR line; verify against page image/PDF before source-row import.
data/raw/1_enoch_charles_1912_djvu.txt,38723,translation and notes,1 Enoch 23,45,"χιὼν καὶ πάχνη καὶ δρόσος οὐ μὴ καταβῇ εἰς αὐτό, εἰ μὴ εἰς",High-density Greek OCR line; verify against page image/PDF before source-row import.
data/raw/1_enoch_charles_1912_djvu.txt,38724,translation and notes,1 Enoch 23,44,"τι καταβήσεται ἐπ᾽ αὐτό, μέχρις ἡμέρας κρίδεως τῆς ΕΝ",High-density Greek OCR line; verify against page image/PDF before source-row import.
data/raw/1_enoch_charles_1912_djvu.txt,38725,translation and notes,1 Enoch 23,50,καιρῷ ἐκείνῳ κατακαυθήσεται καὶ ταπεινωθήσεται καὶ ἔσται,High-density Greek OCR line; verify against page image/PDF before source-row import.
data/raw/1_enoch_charles_1912_djvu.txt,38726,translation and notes,1 Enoch 23,53,"καιόμενον καὶ τηκόμενον ὡς κηρὸς ἀπὸ πυρός, οὕτως κατακαήσεται",High-density Greek OCR line; verify against page image/PDF before source-row import.
data/raw/1_enoch_charles_1912_djvu.txt,38727,translation and notes,1 Enoch 23,46,pt πάντων τῶν ἔργων αὐτοῦ. καὶ νῦν ἐγὼ λέγω ὑμῖν υἱοῖς ἀνθρώ-,High-density Greek OCR line; verify against page image/PDF before source-row import.
data/raw/1_enoch_charles_1912_djvu.txt,38728,translation and notes,1 Enoch 23,46,"iv, , ὀργὴ μεγάλη καθ᾽ ὑμῶν, κατὰ τῶν υἱῶν ὑμῶν, καὶ οὐ παύσεται",High-density Greek OCR line; verify against page image/PDF before source-row import.
data/raw/1_enoch_charles_1912_djvu.txt,38729,translation and notes,1 Enoch 23,42,"py) αὕτη ἀφ᾽ ὑμῶν, μέχρὶ καιροῦ σφαγῆς τῶν υἱῶν ὑμῶν. καὶ",High-density Greek OCR line; verify against page image/PDF before source-row import.
data/raw/1_enoch_charles_1912_djvu.txt,38730,translation and notes,1 Enoch 23,51,οῦνται οἱ ἀγαπητοὶ ὑμῶν καὶ ἀποθανοῦνται οἱ ἔντιμοι ὑμῶν ἀπὸ,High-density Greek OCR line; verify against page image/PDF before source-row import.
data/raw/1_enoch_charles_1912_djvu.txt,38731,translation and notes,1 Enoch 23,39,"᾿ ris γῆς, ὅτι πᾶσαι ai ἡμέραι τῆς ζωῆς αὐτῶν ἀπὸ τοῦ νῦν od",Verify against page image/PDF before using as Greek-fragment or variant evidence.
data/raw/1_enoch_charles_1912_djvu.txt,38732,translation and notes,1 Enoch 23,51,ἔσονται πλείω τῶν ἑκατὸν εἴκοσιν ἐτῶν. καὶ μὴ δύξητε ἔτι ζῆσαι,High-density Greek OCR line; verify against page image/PDF before source-row import.
data/raw/1_enoch_charles_1912_djvu.txt,38733,translation and notes,1 Enoch 23,47,"ὶ πλείονα ἔτη"" οὐ γὰρ ἐστὶν én’ αὐτοῖς πᾶσα ὁδὸς ἐκφεύξεως ἀπὸ",High-density Greek OCR line; verify against page image/PDF before source-row import.
data/raw/1_enoch_charles_1912_djvu.txt,38734,translation and notes,1 Enoch 23,46,Ὁ νῦν διὰ τὴν ὀργὴν ἣν ὠργίσθη ὑμῖν ὁ βασιλεὺς πάντων τῶν,High-density Greek OCR line; verify against page image/PDF before source-row import.
data/raw/1_enoch_charles_1912_djvu.txt,38735,translation and notes,1 Enoch 23,28,bs ov μὴ νομίσητε ὅτι ἐκφεύξεσθε ταῦτα.,Verify against page image/PDF before using as Greek-fragment or variant evidence.
data/raw/1_enoch_charles_1912_djvu.txt,38737,translation and notes,1 Enoch 23,49,[αἱ ταῦτα μὲν ἐκ τοῦ πρώτου βιβλίου ᾿Ενὼχ περὶ τῶν ἐγρηγόρων.,High-density Greek OCR line; verify against page image/PDF before source-row import.
data/raw/1_enoch_charles_1912_djvu.txt,38796,translation and notes,1 Enoch 23,12,"| eet υἱὸν ἀνθρώπου. Even there they are real designations ~, ».",Verify against page image/PDF before using as Greek-fragment or variant evidence.
data/raw/1_enoch_charles_1912_djvu.txt,39502,translation and notes,1 Enoch 23,28,"πλὴν renee ολέβει kee rn τὸν γὐκοϑαῶ,». το ϑήρσνν",Verify against page image/PDF before using as Greek-fragment or variant evidence.
data/raw/1_enoch_charles_1912_djvu.txt,39814,translation and notes,1 Enoch 23,16,"of μερὶ, ἀήλεύστονν ον 814. Cf. 9878",Verify against page image/PDF before using as Greek-fragment or variant evidence.
data/raw/1_enoch_charles_1912_djvu.txt,39889,translation and notes,1 Enoch 23,9,"te δεν γείνει"" xci.",Verify against page image/PDF before using as Greek-fragment or variant evidence.
data/raw/1_enoch_charles_1912_djvu.txt,40813,translation and notes,1 Enoch 23,9,(1) First World J οὔροισι ΝΣ,Verify against page image/PDF before using as Greek-fragment or variant evidence.
data/raw/1_enoch_charles_1912_djvu.txt,41474,translation and notes,1 Enoch 23,8,SS ee ee a ΣῊ ΎΜΝΥΉ Ε,Verify against page image/PDF before using as Greek-fragment or variant evidence.
data/raw/1_enoch_charles_1912_djvu.txt,42597,translation and notes,1 Enoch 23,8,ΚΤ phy χὴν ἡ δὴ bene,Verify against page image/PDF before using as Greek-fragment or variant evidence.
data/raw/1_enoch_charles_1912_djvu.txt,42651,translation and notes,1 Enoch 23,8,ἜΑΣΟΝ Ε κ᾿,Verify against page image/PDF before using as Greek-fragment or variant evidence.
