book_code,book_name,canonical_order,section,intro_title,traditional_author,authorship_basis,jesus_or_nt_attribution,composition_date,mt_timeline,lxx_timeline,historical_setting,purpose_theme,key_themes,outline,oldest_fragment,oldest_fragment_date,oldest_substantial_manuscript,oldest_substantial_date,oldest_complete_hebrew,oldest_complete_hebrew_date,oldest_complete_greek,oldest_complete_greek_date,oldest_external_reference,oldest_external_reference_author,oldest_external_reference_date,textual_notes,conservative_notes,source_notes,status
GEN,Genesis,1,OT,Genesis,Moses,"Received as Mosaic in Jewish and Christian tradition; the Pentateuch is treated as Moses' writing, with only final inspired editorial updating where needed.","Jesus appealed to Moses in John 5:46-47; see also Mark 12:26 and Luke 24:27,44.",ca. 1446-1406 BC during Israel's wilderness period,"MT chronology yields the shorter primeval and patriarchal timeline; from creation to Jacob's family entering Egypt it is markedly shorter than the LXX, especially in Genesis 5 and 11.","LXX chronology is longer than the MT in the antediluvian and postdiluvian genealogies, chiefly because several patriarchal begetting ages are 100 years higher.","From creation through Joseph's death; written for covenant Israel as foundational history of origins, sin, nations, and the patriarchal line.","To give the true beginning of the world, man, sin, nations, and the covenant line, and to trace the promised seed through the fathers.","creation; fall; flood; Babel; Abrahamic covenant; promised seed; election; providence; covenant land","Primeval history 1-11; Patriarchal history 12-36; Joseph and the descent to Egypt 37-50.","4Q Genesis g (4Q7) and other early Qumran Genesis fragments",Hasmonean period ca. 100-1 BC,"4QpaleoGenesis-Exodus (4Q12), an extensive though fragmentary Hebrew witness covering large stretches of Genesis and Exodus",Hasmonean period,Leningrad Codex,AD 1008,"Codex Alexandrinus, Volume 1 (Genesis-2 Chronicles)",5th century AD,"Chronographical treatment of Genesis traditions",Demetrius the Chronographer,late 3rd century BC,"Genesis survives in both MT and LXX forms; the LXX genealogical numbers in chapters 5 and 11 are often longer. Early Jewish and Christian chronographers frequently reflect awareness of the longer Greek chronology.","Because Christ and the apostles treat Moses as author, this edition receives Genesis as Mosaic in authorship and originally inerrant in wording; later textual divergence in transmission does not overturn the inspiration of the autographs.","IAA Dead Sea Scrolls Featured Scrolls and 4Q Genesis pages; USC WSRP Leningrad Codex page; British Library Codex Alexandrinus catalogue; Britannica chronology entry on Demetrius.",draft
EXO,Exodus,2,OT,Exodus,Moses,"Received as Mosaic in Jewish and Christian tradition; Exodus is part of the law of Moses.","Jesus treats the bush narrative as Mosaic in Mark 12:26; see also Luke 20:37 and John 5:46-47.",ca. 1446-1406 BC during the wilderness period,"MT chronology places the exodus in the Mosaic generation and preserves the shorter genealogical framework reflected in the standard Hebrew text.","The LXX wording often expands or smooths details, but the historical setting remains the Mosaic exodus and Sinai covenant.","Israel's redemption from Egypt, covenant-making at Sinai, and the erection of the tabernacle.","To record the LORD's redemption, covenant law, and dwelling among His people.","redemption; Passover; covenant; law; tabernacle; priesthood; divine presence","Bondage and deliverance 1-15; Covenant at Sinai 16-24; Tabernacle instructions 25-31; Apostasy and renewal 32-34; Tabernacle construction 35-40.","7Q1 Greek Exodus fragment",late 2nd to early 1st century BC,"4Q paleoGenesis-Exodus and other Qumran Exodus witnesses",Hasmonean period,Leningrad Codex,AD 1008,"Codex Vaticanus, with Codex Alexandrinus also preserving Exodus",4th-5th century AD,Exagoge,Ezekiel the Tragedian,3rd-2nd century BC,"Exodus is preserved in both Hebrew and Greek streams; some early Greek witnesses show readings nearer the Hebrew tradition in places, while the LXX also preserves distinctive renderings and expansions.","Because Christ appeals to Moses in the Torah, this edition receives Exodus as Mosaic and originally inerrant in wording; later transmissional divergence is treated as a textual issue, not an authorship issue.","IAA Cave 7 and 4Q paleoGenesis-Exodus pages; IAA historical timeline; CSNTM/British Library major codex notices; Britannica and Oxford material on Ezekiel the Tragedian.",draft
LEV,Leviticus,3,OT,Leviticus,Moses,"Received as Mosaic in Jewish and Christian tradition; Leviticus stands within the law delivered through Moses.","The NT repeatedly treats the Mosaic law as Mosaic; see Mark 1:44, Matthew 8:4, and John 7:19-23.",ca. 1445-1406 BC at Sinai and in the wilderness,"MT chronology places Leviticus immediately after the tabernacle's erection and before the Sinai departure narratives in Numbers.","The LXX preserves the same wilderness setting, while sometimes differing in detail and wording from the later MT tradition.","Priestly legislation delivered from the tabernacle after the covenant at Sinai.","To set forth holy worship, priesthood, sacrifice, purity, atonement, and covenant holiness before a holy God.","holiness; sacrifice; priesthood; purity; atonement; Day of Atonement; covenant worship","Sacrifices 1-7; Priesthood 8-10; Clean and unclean 11-15; Atonement 16; Holiness laws 17-27.","4Q Leviticus and related early Qumran Leviticus fragments",Hasmonean period,"11Q paleoLeviticus a, a substantial early witness written in paleo-Hebrew script",Herodian period,Leningrad Codex,AD 1008,"Codex Vaticanus, with Codex Alexandrinus also preserving Leviticus",4th-5th century AD,"Discussion of the translated Mosaic law",Letter of Aristeas,mid-2nd century BC,"Leviticus is important for comparing priestly terminology across Hebrew and Greek; some Greek renderings illuminate how Second Temple readers understood cultic vocabulary.","This edition receives Leviticus as Mosaic law from God through Moses; holiness legislation is treated as divinely given, not as a late priestly invention.","IAA Featured Scrolls on paleoLeviticus; IAA archive entries for Leviticus manuscripts; Britannica on Letter of Aristeas.",draft
NUM,Numbers,4,OT,Numbers,Moses,"Received as Mosaic in Jewish and Christian tradition; the wilderness census and journey record belong to Moses' law-history.","Jesus and the apostles consistently subsume the wilderness law-history under Moses; see John 5:46-47 and 1 Corinthians 10's use of the wilderness narratives.",ca. 1445-1406 BC during Israel's wilderness wanderings,"MT chronology keeps the wilderness events in a tighter chronological framework from Sinai to the plains of Moab.","The LXX follows the same wilderness sequence but often reflects different numerical, lexical, or stylistic decisions in individual passages.","From Sinai through the wilderness to the plains of Moab east of Jordan.","To show the ordering, testing, judgment, preservation, and preparation of the covenant people on the way to the land.","wilderness testing; census; priestly order; rebellion; judgment; preservation; Balaam; inheritance","First generation ordered 1-10; Wilderness rebellion 11-25; Second generation prepared 26-36.","Qumran Numbers fragments such as 4QNumbers",Hasmonean period,"Several Qumran Numbers manuscripts provide substantial early Hebrew witnesses",Hasmonean-Herodian periods,Leningrad Codex,AD 1008,"Codex Vaticanus, with Codex Alexandrinus also preserving Numbers",4th-5th century AD,"Chronographic use of wilderness and Mosaic material",Demetrius the Chronographer,late 3rd century BC,"Numbers contains several places where textual comparison of MT and LXX affects chronology, figures, or wording; these deserve close apparatus work in a study edition.","This edition receives Numbers as Mosaic and historically grounded; numerical and textual differences between witnesses are treated as transmissional, not as evidence against inspiration.","IAA archive entries for Numbers manuscripts; Dead Sea Scrolls introduction/timeline; Demetrius chronographer references preserved in later writers.",draft
DEU,Deuteronomy,5,OT,Deuteronomy,Moses,"Received as Mosaic in Jewish and Christian tradition as Moses' covenant-renewal addresses on the plains of Moab.","Jesus explicitly cites Deuteronomy in temptation narratives and elsewhere as authoritative Scripture given through Moses; see Matthew 4:1-11 and Mark 12:29-31.",ca. 1406 BC on the plains of Moab just before Israel entered Canaan,"MT chronology places Deuteronomy at the close of Moses' life, immediately prior to Joshua's leadership.","The LXX preserves the same closing-Mosaic setting, though it sometimes differs in wording and sequence details from the MT.","Moses' final addresses, covenant renewal, and blessing before his death east of Jordan.","To renew the covenant, press covenant love and obedience, and prepare the next generation to enter the land.","covenant renewal; love of God; law; blessing and curse; central worship; succession; song of Moses","First address 1-4; Covenant stipulations 5-26; Blessings and curses 27-30; Final charge and death of Moses 31-34.","4Q Deuteronomy manuscripts including 4QDeut n",Hasmonean-Herodian periods,"Multiple substantial Qumran Deuteronomy witnesses survive, including copies of the Decalogue",Hasmonean-Herodian periods,Leningrad Codex,AD 1008,"Codex Vaticanus, with Codex Alexandrinus also preserving Deuteronomy",4th-5th century AD,"Account of the Greek translation of the Law",Letter of Aristeas,mid-2nd century BC,"Deuteronomy is a major control point for MT/LXX comparison because of its legal and covenant formulations, the Song of Moses, and several well-known quotation loci in the NT.","This edition receives Deuteronomy as Mosaic in substance and authorship, with the death notice understood as inspired final completion without overturning Mosaic authorship of the book proper.","IAA Featured Scrolls on 4Q Deuteronomy n; IAA archive entries; Britannica on Letter of Aristeas; major codex catalogues.",draft
JOS,Joshua,6,OT,Joshua,Joshua with possible inspired final notices by Eleazar or Phinehas,"The book naturally reads as Joshua's conquest record with brief closing notices after his death.","No direct saying of Jesus names Joshua as author, but the OT historical books are treated as truthful covenant history; see Hebrews 4:8 for Joshua's historical role.",ca. 1406-1380 BC during and shortly after the conquest,"MT chronology places Joshua immediately after Moses and before the judges in Israel's settlement of Canaan.","The LXX preserves the same conquest setting, though some speech and place-name details differ from the MT in spots.","Israel's entry into, conquest of, and initial allotment within Canaan under Joshua.","To show the LORD's covenant faithfulness in giving the land and to call Israel to obedient covenant fidelity.","conquest; covenant faithfulness; land promise; holy war; inheritance; covenant renewal","Entry and conquest 1-12; Land allotment 13-21; Covenant charge and renewal 22-24.","4Q Joshua a (4Q47)",ca. 200-100 BC,"4Q Joshua a and b preserve substantial early Hebrew portions of Joshua",Hasmonean period,Leningrad Codex,AD 1008,"Codex Vaticanus, with Codex Alexandrinus also preserving Joshua",4th-5th century AD,"Retelling of Israel's conquest traditions",Josephus,1st century AD,"Joshua's textual witnesses show the usual MT/LXX differences in wording and arrangement; some Qumran evidence helps illuminate earlier Hebrew forms behind later traditions.","This edition receives Joshua as fundamentally authored within Joshua's lifetime, with any brief posthumous notices understood as inspired completion, not a denial of substantial Joshuanic authorship.","IAA 4Q Joshua archive page; Josephus Antiquities; major codex catalogues.",draft
JDG,Judges,7,OT,Judges,Samuel (traditional conservative view),"Jewish and Christian tradition often ascribes Judges to Samuel; the recurring refrain fits an early-monarchy perspective looking back on the pre-kingdom period.","No direct NT attribution names the human writer, but Judges is received as truthful sacred history within the same covenant-historical stream Christ and the apostles endorse.",early monarchy, likely ca. 11th century BC,"MT chronology presents Judges as the era between Joshua and Samuel/Saul, though exact lengths within the book are debated.","The LXX preserves the same judges-era framework while differing from the MT in various details and some plus/minus readings.","The unsettled tribal era between Joshua and the rise of the monarchy.","To show Israel's cycle of apostasy, oppression, crying out, and deliverance, and the need for righteous covenant leadership.","apostasy; deliverance; covenant discipline; tribal disorder; need for godly rule","Introduction and incomplete conquest 1-3; Major judges 3-16; Epilogue of social and cultic disorder 17-21.","1Q Judges a (1Q6) and 4Q Judges fragments",before 68 BC,"Early Qumran Judges manuscripts preserve portions of the book in Hebrew",Hasmonean-Herodian periods,Leningrad Codex,AD 1008,"Codex Alexandrinus and Codex Vaticanus preserve Judges in Greek",4th-5th century AD,"Retelling of judges-era history",Josephus,1st century AD,"Judges contains significant textual variation in a number of scenes, and the LXX can preserve readings useful for evaluating difficult MT passages.","This edition receives Judges as true covenant history, traditionally associated with Samuel, and reads the refrain about no king in Israel as a theological, not anti-inerrancy, marker.","IAA/DSS archive material for Judges fragments; Josephus Antiquities; major Greek codex catalogues.",draft
RUT,Ruth,8,OT,Ruth,Samuel (traditional conservative view),"Ancient Jewish tradition commonly linked Ruth with Samuel; the Davidic genealogy and early-monarchy perspective fit that setting.","No direct NT statement names Ruth's writer, but Matthew 1 confirms Ruth's place in the true messianic genealogy.",early monarchy, likely 11th century BC,"MT chronology places Ruth in the days of the judges, with the genealogy reaching David in the monarchy's opening era.","The LXX preserves the same judges-era setting and Davidic trajectory, with only limited textual divergence from the MT.","A famine-era Bethlehem setting during the judges, leading to the Davidic line through Ruth and Boaz.","To display covenant kindness, providence, and the inclusion of Ruth the Moabitess in the line of David and Messiah.","kindness; redemption; providence; Davidic line; kinsman-redeemer; covenant mercy","Naomi's emptiness 1; Ruth and Boaz meet 2; Redemption arranged 3; Redemption completed and genealogy 4.","4Q Ruth a (4Q104)",about 50 BC,"4Q Ruth fragments provide the earliest Hebrew witness to the book",1st century BC,Leningrad Codex,AD 1008,"Codex Alexandrinus and Codex Vaticanus preserve Ruth in Greek",4th-5th century AD,"Retelling of Ruth within Israel's sacred history",Josephus,1st century AD,"Ruth is comparatively stable textually, though Qumran and Greek evidence remain useful at individual points.","This edition receives Ruth as true history and as a providential bridge to David and ultimately Christ; its shortness does not lessen its canonical weight.","IAA/DSS archive material for Ruth fragments; Josephus Antiquities; Matthew 1 genealogy; major codex catalogues.",draft
1SA,1 Samuel,9,OT,1 Samuel,Samuel with later prophetic completion by Nathan and Gad,"Conservative tradition often understands Samuel to have written the early material, with Nathan and Gad completing the later record; compare 1 Chronicles 29:29.","The NT treats the Samuel narrative as real sacred history; Acts 3:24 names Samuel prominently among the prophets.",ca. 11th-10th century BC across Samuel's ministry into David's early reign,"MT chronology covers the transition from judgeship to monarchy, from Samuel to Saul and David.","The LXX preserves the same transition period but sometimes preserves notable readings differing from the MT, especially in Samuel.","Israel's transition from tribal confederation to monarchy under Samuel, Saul, and David.","To show the rise of the monarchy under God's sovereign rule, the failure of Saul, and the divine choice of David.","prophetic leadership; kingship; covenant obedience; rejection of Saul; rise of David","Samuel and Eli 1-7; Saul's rise and fall 8-15; David's rise under Saul's shadow 16-31.","4Q Samuel b (4Q52)",about 250 BC,"4Q Samuel a and related Samuel manuscripts preserve extensive early Hebrew evidence of both 1 and 2 Samuel",3rd-1st centuries BC,Leningrad Codex,AD 1008,"Codex Vaticanus and Codex Alexandrinus preserve Samuel in Greek",4th-5th century AD,"Retelling of Samuel-Saul-David history",Josephus,1st century AD,"Samuel is one of the most textually important books in MT/LXX comparison; 4QSamuel often aligns with the LXX against the MT and can preserve older readings.","This edition receives the Samuel corpus as truthful prophetic history and treats the strong Qumran-LXX evidence as valuable for recovering earlier Hebrew readings where the MT appears secondary.","IAA/DSS archive material for 4QSamuel manuscripts; 1 Chronicles 29:29; Josephus Antiquities; major codex catalogues.",draft
2SA,2 Samuel,10,OT,2 Samuel,Nathan and Gad continuing the Samuel corpus,"Conservative tradition commonly reads 1-2 Samuel as one prophetic history completed after Samuel's death by Nathan and Gad; compare 1 Chronicles 29:29.","The David narratives are treated throughout the NT as real sacred history grounding the messianic hope.",ca. 10th century BC during David's reign,"MT chronology covers David's reign over Judah and all Israel, the covenant promise, and the later court narratives.","The LXX preserves the same Davidic framework, though Samuel remains one of the books with major textual interest between MT and Greek tradition.","David's reign in Hebron and Jerusalem, including covenant promise, sin, chastening, and kingdom consolidation.","To present the establishment of David's kingdom, the Davidic covenant, and the moral seriousness of sin even in the Lord's chosen king.","Davidic covenant; kingship; sin and repentance; providence; kingdom consolidation; messianic promise","David's ascent 1-5; Ark and covenant promise 6-7; Royal victories 8-10; David's sin and its consequences 11-20; Final words and appendices 21-24.","4Q Samuel a (4Q51) preserves extensive 2 Samuel material",about 50 BC,"4Q Samuel manuscripts are the earliest substantial Hebrew witnesses to large portions of 2 Samuel",3rd-1st centuries BC,Leningrad Codex,AD 1008,"Codex Vaticanus and Codex Alexandrinus preserve 2 Samuel in Greek",4th-5th century AD,"Retelling of David's reign",Josephus,1st century AD,"2 Samuel contains major text-critical loci, and Qumran plus LXX evidence is often crucial where the MT is difficult or abbreviated.","This edition receives 2 Samuel as prophetic court history standing within the inspired Samuel corpus and treats textual divergence as a preservation issue, not a challenge to inerrancy.","IAA/DSS archive material for Samuel manuscripts; 1 Chronicles 29:29; Josephus Antiquities; major codex catalogues.",draft
1KI,1 Kings,11,OT,1 Kings,Jeremiah (traditional conservative view),"Jewish and Christian tradition often associates Kings with Jeremiah or a prophetic school around him; the book reads as prophetic covenant history.","No direct NT attribution names the human writer, but the Elijah-Elisha and Solomon narratives are received as true sacred history throughout later Scripture.",exilic or late pre-exilic composition using earlier royal records,"MT chronology runs from David's death through Solomon and the divided kingdom down to Ahab and Jehoshaphat's era.","The LXX preserves the same royal history but differs from the MT in order and detail at several points, especially in the kingdom narratives.","From Solomon's accession to the divided kingdom and the ministries of Elijah and related prophets.","To explain the monarchy under the covenant, showing blessing for obedience and judgment for apostasy.","kingdom; temple; covenant obedience; idolatry; prophetic warning; Elijah","Solomon's reign 1-11; Divided kingdom beginnings 12-16; Elijah cycle and royal narratives 17-22.","Qumran Kings fragments survive only sparsely",Second Temple period,"No large Qumran witness survives comparable to Samuel; major evidence comes from the medieval Hebrew tradition and ancient versions",n/a,Leningrad Codex,AD 1008,"Codex Vaticanus and Codex Alexandrinus preserve 1 Kings in Greek",4th-5th century AD,"Retelling of Israel's monarchy",Josephus,1st century AD,"Kings is important for MT/LXX comparison because the Greek tradition sometimes preserves different order, pluses, or names in the royal accounts.","This edition receives Kings as prophetic covenant history, historically true and theologically interpretive, not as late fictionalized court legend.","Josephus Antiquities; standard codex catalogues; overview material on the Greek Kingdoms tradition.",draft
2KI,2 Kings,12,OT,2 Kings,Jeremiah (traditional conservative view),"Conservative tradition reads 1-2 Kings as one prophetic history shaped from royal and prophetic records, commonly linked with Jeremiah.","Later Scripture consistently treats the fall of Samaria and Jerusalem as real covenant judgments exactly as Kings presents them.",exilic composition using earlier records and prophetic material,"MT chronology runs from Ahaziah and Elisha through the falls of Samaria and Jerusalem and the exile.","The LXX preserves the same exile-centered history while differing at points from the MT in names, order, and phrasing.","The decline of both kingdoms to exile, with prophetic ministries including Elisha, Isaiah's era, and the final collapse of Judah.","To explain exile as covenant judgment while preserving hope through prophetic witness and Davidic continuity.","exile; covenant curse; prophetic warning; reform; apostasy; remnant","Elisha and kings 1-8; Jehu and later northern kingdom 9-17; Judah's decline to exile 18-25.","Qumran Kings fragments are sparse",Second Temple period,"As with 1 Kings, the main early full-book comparison is between the later Hebrew tradition and the ancient Greek witnesses",n/a,Leningrad Codex,AD 1008,"Codex Vaticanus and Codex Alexandrinus preserve 2 Kings in Greek",4th-5th century AD,"Retelling of the exilic catastrophe",Josephus,1st century AD,"2 Kings is central to evaluating how MT and LXX preserve royal and exilic history, especially in synchronisms and proper names.","This edition receives 2 Kings as true prophetic interpretation of Israel's fall under God's covenant sanctions.","Josephus Antiquities; major codex catalogues; general studies of Kingdoms/Kings in the LXX.",draft
1CH,1 Chronicles,13,OT,1 Chronicles,Ezra (traditional conservative view),"Conservative tradition often links Chronicles to Ezra; the genealogical and priestly concerns fit a post-exilic covenant-restoration setting.","No direct NT attribution names the human author, but Chronicles participates in the inspired canonical history Christ endorsed in the Hebrew Scriptures.",post-exilic, likely 5th century BC,"MT chronology surveys from Adam to David, then narrows to David's reign with strong priestly and worship emphasis.","The Greek tradition preserves the same broad shape, though Chronicles has far fewer dramatic MT/LXX divergences than Samuel-Kings.","Post-exilic retelling of sacred history from Adam to David, written for the restored community.","To reframe Israel's history around covenant continuity, temple worship, priesthood, and the Davidic line.","genealogy; temple worship; Levites; Davidic kingship; covenant continuity","Genealogies 1-9; David's reign and preparations for worship 10-29.","Qumran Chronicles fragments survive only in limited form",Second Temple period,"No extensive early Qumran witness comparable to Samuel; the chronicler's text is chiefly known from later Hebrew manuscripts and Greek tradition",n/a,Leningrad Codex,AD 1008,"Codex Alexandrinus preserves Chronicles in Greek; Vaticanus is defective in parts of the historical books",5th century AD,"Use of Chronicles material in later Jewish historiography",Josephus,1st century AD,"Chronicles often preserves an interpretive retelling distinct from Samuel-Kings; textual work must distinguish redactional purpose from transmissional difference.","This edition receives Chronicles as inspired post-exilic sacred history, not revisionist fiction, and sees its selectivity as theological focus under inspiration.","Josephus Antiquities; codex notices for Alexandrinus; standard conservative introductions.",draft
2CH,2 Chronicles,14,OT,2 Chronicles,Ezra (traditional conservative view),"Traditionally linked with Ezra as part of the same Chronicler history.","The NT does not name the human writer, but the temple and Davidic history it preserves is treated as real covenant history.",post-exilic, likely 5th century BC,"MT chronology continues from Solomon through the southern kings to Cyrus's decree.","The Greek tradition preserves the same Judah-centered framework with normal versional differences.","Judah's temple-centered history from Solomon to exile and restoration decree.","To explain Judah's history through worship, reform, apostasy, and the hope of restoration under the Davidic and temple promises.","temple; reform; apostasy; exile; restoration; Davidic line","Solomon and temple 1-9; Kings of Judah 10-36; Exile and Cyrus decree 36.","Qumran Chronicles fragments are limited",Second Temple period,"Early Hebrew evidence is limited; the principal full witnesses are medieval Hebrew plus ancient Greek tradition",n/a,Leningrad Codex,AD 1008,"Codex Alexandrinus preserves 2 Chronicles in Greek",5th century AD,"Use of Chronicles history in later Jewish writing",Josephus,1st century AD,"Chronicles should be read as complementary inspired history with its own theological emphases; textual divergence from Kings does not imply contradiction.","This edition receives 2 Chronicles as inspired historical theology for the restored community, culminating in the opening note of return.","Josephus Antiquities; codex notices; conservative introductions to Chronicles.",draft
EZR,Ezra,15,OT,Ezra,Ezra,"The book's first-person sections and priestly-scribal perspective support Ezran authorship, with possible final compilation of Ezra-Nehemiah materials.","Ezra's role as priest and scribe is affirmed within the book itself; later Scripture receives the restoration account as true sacred history.",5th century BC in the Persian period,"MT chronology begins with Cyrus's decree and spans the return, temple rebuilding, and Ezra's reform mission.","The Greek tradition preserves the same Persian-period restoration frame, though 1 Esdras witnesses a related alternate Greek arrangement of some material.","Return from Babylon, temple restoration, and covenant reform under Persian rule.","To show the LORD's faithfulness in restoring His people, temple, and law after exile.","return; temple; law; reform; covenant restoration; providence under empire","First return and temple rebuilding 1-6; Ezra's mission and reform 7-10.","4Q Ezra material is limited and often overlaps the broader Ezra-Nehemiah tradition",Second Temple period,"Early Hebrew evidence for Ezra is limited; comparison with Greek 1 Esdras is especially important",n/a,Leningrad Codex,AD 1008,"Codex Vaticanus and Alexandrinus preserve Ezra/Esdras material in Greek",4th-5th century AD,"Use of Persian restoration history",Josephus,1st century AD,"Ezra is text-critically important because 1 Esdras sometimes preserves material parallel to canonical Ezra with differences in order and wording.","This edition receives Ezra as true post-exilic history under God's providence, with Greek parallels used to illuminate, not unsettle, the canonical book.","Josephus Antiquities; major codex catalogues; standard introductions on Ezra and 1 Esdras.",draft
NEH,Nehemiah,16,OT,Nehemiah,Nehemiah with Ezran/Chronicler compilation,"The first-person memoir strongly supports Nehemiah's authorship of core sections, with compilation alongside Ezra materials in the final book.","No direct NT attribution names the writer, but Nehemiah's restoration history stands within the authoritative post-exilic Scriptures.","5th century BC in the Persian period,"MT chronology covers Nehemiah's wall rebuilding and covenant reforms after Ezra's earlier mission.","The Greek tradition preserves the same restoration setting, with some overlap and variation in the wider Ezra-Nehemiah/Esdras textual tradition.","Jerusalem's wall rebuilding, civic restoration, and covenant renewal under Persian rule.","To show God's providential restoration of Jerusalem's defenses, order, and covenant life.","restoration; leadership; prayer; reform; covenant renewal; opposition","Nehemiah's commission and rebuilding 1-7; Law and covenant renewal 8-10; community order and reforms 11-13.","Qumran Nehemiah evidence is very limited",Second Temple period,"Early Hebrew evidence is limited; later Hebrew manuscripts and the Greek Esdras tradition are primary witnesses",n/a,Leningrad Codex,AD 1008,"Greek Ezra-Nehemiah traditions preserved in major codices",4th-5th century AD,"Use of restoration history",Josephus,1st century AD,"Nehemiah must be read with awareness of the wider Ezra-Nehemiah textual tradition, especially where Greek witness and canonical division differ.","This edition receives Nehemiah as truthful restoration memoir-history under inspiration, not as a late didactic fiction.","Josephus Antiquities; codex notices; standard introductions to Ezra-Nehemiah.",draft
ESG,Esther,17,OT,Esther,Mordecai or a near-contemporary Jewish witness (traditional conservative view),"The book itself points to court knowledge and written records; Jewish tradition often linked it with Mordecai or a witness close to the events.","Though God's name is not explicit in the Hebrew form, the canonical narrative is received as true providential history preserving the covenant people.",Persian period, likely 5th century BC or soon after,"MT chronology places Esther in the reign of Ahasuerus/Xerxes I within the Persian dispersion.","The Greek Esther tradition is much fuller than the MT, adding prayers, letters, and explicit references to God; this edition's OT base uses the Greek Esther tradition in the LXX stream.","Jewish preservation in Persia during the reign of Ahasuerus, between return waves to Judah.","To show God's providential preservation of His covenant people under foreign rule and the origin of Purim.","providence; preservation; reversal; covenant people in exile; Purim","Royal court crisis 1-4; Esther's intervention 5-7; Deliverance and Purim 8-10.","4Q Proto-Esther? evidence is debated and no certain Qumran Esther manuscript is widely accepted",uncertain,"No certain Hebrew Qumran Esther witness is securely established",n/a,Leningrad Codex,AD 1008,"Codex Vaticanus and Alexandrinus preserve Greek Esther with additions",4th-5th century AD,"Retelling of Esther traditions",Josephus,1st century AD,"Esther is a major MT/LXX divergence point because the Greek tradition contains substantial additions absent from the MT; this study edition should note those differences clearly.","This edition receives Esther as true providential history and recognizes the Greek Esther tradition as an important witness in the LXX stream, while also noting its expansions over the MT form.","Josephus Antiquities; codex notices; major introductions on Greek Esther and the absence of a secure Qumran Esther manuscript.",draft
JOB,Job,18,OT,Job,Job or an early inspired patriarchal-era recorder (conservative options vary),"Conservative scholarship differs on the exact human writer, but commonly treats the book as preserving very early patriarchal wisdom history under inspiration.","James 5:11 treats Job as a real historical exemplar of endurance.",patriarchal-era setting; composition date debated,"MT places Job in wisdom literature without explicit historical anchoring, but many conservative readers place the events in the patriarchal period.","The LXX of Job is notably shorter than the MT and can reflect a different Greek Vorlage or abridgment history.","A wisdom dialogue set in the land of Uz around the suffering of a righteous man under God's sovereignty.","To vindicate God's wisdom and sovereignty in suffering and to expose the limits of merely human explanations.","suffering; sovereignty; wisdom; righteousness; endurance; divine speeches","Prologue 1-2; Dialogues 3-31; Elihu 32-37; The LORD's answer 38-42; Epilogue 42.","4Q Job and 11Q Targum Job witness early circulation of the book",Hasmonean period,"Qumran Job fragments preserve early Hebrew evidence, though the Greek Job tradition is especially significant",Second Temple period,Leningrad Codex,AD 1008,"Codex Vaticanus and Alexandrinus preserve Greek Job",4th-5th century AD,"Job used as historical example",James,1st century AD,"Job is a major MT/LXX comparison point because the Greek text is materially shorter than the MT; the difference should be noted regularly in apparatus work.","This edition receives Job as truthful wisdom history with originally inerrant wording, even where witness traditions differ substantially in extent or phrasing.","DSS archive entries for Job; major codex catalogues; James 5:11.",draft
PSA,Psalms,19,OT,Psalms,David chiefly, with Asaph, sons of Korah, Moses, Solomon, and others,"The superscriptions name many human authors; David remains the principal psalmist in both Scripture and tradition.","Jesus attributes Psalm 110 to David in Matthew 22:43-45; Acts 4:25 attributes Psalm 2 to David; Acts 1:16 treats the Psalms as spoken by the Spirit through David.",collected across Israel's history, chiefly 10th-5th centuries BC,"MT Psalms preserves the Hebrew five-book Psalter with 150 psalms.","The LXX Psalter differs in numbering and includes Psalm 151 in some traditions, an important issue for an LXX-based edition.","Israel's canonical hymnbook for worship, lament, kingship, repentance, wisdom, and messianic hope.","To teach the people of God how to pray, praise, lament, repent, hope, and worship in covenant fellowship.","praise; lament; kingship; Messiah; wisdom; repentance; worship","Books I-V of the Psalter; praise crescendo closes the collection.","Qumran Psalms manuscripts are abundant, including 11Q Psalms a",3rd-1st centuries BC,"11Q Psalms a is a substantial early Hebrew Psalms witness with notable collection features",Hasmonean period,Leningrad Codex,AD 1008,"Codex Alexandrinus and Vaticanus preserve the Greek Psalter",4th-5th century AD,"Psalm citations/allusions in early Jewish literature and the NT",Multiple,pre-Christian and 1st century AD,"Psalms is text-critically rich because of MT/LXX numbering differences, collection shape questions, and the presence of Psalm 151 in the Greek tradition.","This edition receives the Davidic and other inspired superscription claims seriously and treats Christ's and the apostles' Davidic attributions as decisive where they speak.","DSS Psalms material; Matthew 22:43-45; Acts 4:25; major codex catalogues.",draft
PRO,Proverbs,20,OT,Proverbs,Solomon chiefly, with Agur and Lemuel sections and later inspired compilation,"The book itself names Solomon as principal source and includes later collected materials plus named sayings of Agur and Lemuel.","1 Kings 4:32 testifies to Solomon's proverbial activity; the canonical book itself supplies the remaining internal attributions.",mainly 10th century BC with later collected sections,"MT Proverbs presents the standard Hebrew order of sayings and collections.","The LXX of Proverbs differs notably in order and some wording from the MT, making it a significant comparison point.","Wisdom instruction for covenant life under the fear of the LORD.","To impart practical, moral, and covenantal wisdom ordered under the fear of the LORD.","wisdom; fear of the LORD; righteousness; speech; family; kingship; discipline","Prologue 1-9; Solomonic sayings 10-24; Additional collections 25-29; Agur 30; Lemuel 31.","Qumran Proverbs fragments survive in limited form",Second Temple period,"Early Hebrew evidence is limited compared with Psalms or Samuel, so the MT and ancient versions carry special weight",n/a,Leningrad Codex,AD 1008,"Codex Vaticanus and Alexandrinus preserve Greek Proverbs",4th-5th century AD,"Use of proverbial material in later Jewish wisdom tradition",Ben Sira and others,2nd century BC and later,"Proverbs is one of the books where the Greek tradition can differ markedly in order and arrangement from the MT.","This edition receives Solomonic authorship where the text claims it and treats later collected sections as inspired canonical compilation rather than anonymous accretion devoid of authority.","Major codex catalogues; 1 Kings 4:32; standard introductions to Proverbs.",draft
ECC,Ecclesiastes,21,OT,Ecclesiastes,Solomon (Qoheleth) in conservative evangelical reading,"The speaker identifies himself as son of David, king in Jerusalem; conservative interpretation receives this as Solomonic.","The canonical self-presentation is the principal basis; conservative readers do not treat the Solomonic voice as literary fiction.",10th century BC in Solomon's later life,"MT Ecclesiastes presents Qoheleth's reflections in the standard Hebrew form.","The LXX of Ecclesiastes is often quite literal but still participates in the broader Greek textual history of the book.","A wisdom reflection on life under the sun, mortality, vanity, and the fear of God.","To expose the vanity of life apart from God and to drive the reader to fear God and keep His commandments.","vanity; mortality; joy; wisdom; judgment; fear of God","Prologue 1:1-11; Qoheleth's investigations 1:12-12:7; Epilogue 12:8-14.","Qumran Ecclesiastes fragments survive, including 4Q109",1st century BC,"Qumran fragments provide early Hebrew support for the book's text",Late Second Temple period,Leningrad Codex,AD 1008,"Codex Vaticanus and Alexandrinus preserve Greek Ecclesiastes",4th-5th century AD,"Use in later Jewish and Christian wisdom reflection",Multiple,later Second Temple and early Christian periods,"Ecclesiastes is comparatively stable textually, though interpretation and voice remain more debated than the text itself.","This edition receives Ecclesiastes as Solomonic wisdom and reads its realism as fully compatible with inspiration and inerrancy.","DSS archive material for Ecclesiastes; major codex catalogues; conservative introductions.",draft
SNG,Song of Solomon,22,OT,Song of Solomon,Solomon,"The superscription identifies the Song with Solomon; conservative reading receives this straightforwardly.","The book's own superscription supplies the primary attribution.",10th century BC,"MT Song of Songs preserves the Hebrew love poetry collection in its canonical form.","The LXX preserves the same basic collection, though poetic nuance can shift in translation.","A poetic song celebrating covenantal love, beauty, longing, and marital delight.","To honor covenant love and marriage while also fitting within the wider canonical pattern of the Lord's delight in His people.","love; marriage; beauty; delight; covenant affection; desire rightly ordered","Opening desire 1-2; courtship and longing 3-5; mutual praise 6-8.","4Q Song of Songs fragments survive",Second Temple period,"Qumran fragments provide early Hebrew witness to the Song",Hasmonean-Herodian periods,Leningrad Codex,AD 1008,"Codex Vaticanus and Alexandrinus preserve the Song in Greek",4th-5th century AD,"Use in later Jewish interpretation",Rabbinic and later Jewish tradition,later Second Temple and after,"The Song is less about major textual divergence than poetic translation nuance between Hebrew and Greek.","This edition receives the Song as inspired Solomonic poetry honoring God-ordained love and marriage, without denying its place in the larger redemptive canon.","DSS archive material for Song fragments; major codex catalogues; conservative introductions.",draft
ISA,Isaiah,23,OT,Isaiah,Isaiah son of Amoz,"The book repeatedly names Isaiah son of Amoz, and conservative scholarship receives the whole canonical book as Isaianic prophecy.","John 12:38-41 cites both Isaiah 53 and Isaiah 6 as Isaiah; Matthew 13:14; Acts 28:25; Romans 10:16,20 all treat Isaiah as the prophet speaking these words.",8th century BC,ca. 740-680 BC,"MT chronology places Isaiah in the reigns of Uzziah, Jotham, Ahaz, and Hezekiah.","The LXX preserves the same prophetic horizon, though Isaiah is one of the major books where Greek renderings can significantly shape later quotation and interpretation.","Judah in the Assyrian crisis, with prophecy reaching far beyond to exile, restoration, and Messiah.","To announce the Holy One's judgment on sin and His salvation through the coming Servant-King.","holiness; judgment; remnant; Messiah; servant; Zion; new creation","Oracles of judgment and hope 1-39; Comfort and redemption 40-55; Restoration and consummation 56-66.","1Q Isaiah a, the Great Isaiah Scroll",2nd century BC,"1Q Isaiah a is an almost complete early Hebrew witness; 1Q Isaiah b and others also survive",2nd-1st centuries BC,Leningrad Codex,AD 1008,"Codex Vaticanus and Alexandrinus preserve Greek Isaiah",4th-5th century AD,"Extensive use in later Jewish literature and the NT",Multiple,2nd century BC onward,"Isaiah is a premier book for MT/LXX and NT quotation study because both traditions are richly attested and frequently cited.","This edition receives the entire canonical book as Isaiah's prophecy and treats NT attributions to Isaiah as decisive against partition theories that deny unity of authorship.","Great Isaiah Scroll resources; NT citations; major codex catalogues.",draft
JER,Jeremiah,24,OT,Jeremiah,Jeremiah with Baruch as scribal associate,"The book itself presents Jeremiah's prophetic ministry and Baruch's scribal role; conservative scholarship receives Jeremiah as the prophet behind the book.","Matthew 2:17; Hebrews 8:8 and other NT texts receive Jeremiah as the speaking prophet.",late 7th to early 6th century BC,"MT chronology follows Jeremiah's ministry from Josiah through Jerusalem's fall and aftermath.","The LXX of Jeremiah is substantially shorter and differently ordered than the MT, making it one of the most important textual comparison books in Scripture.","Judah's final decades before exile, with prophecies of judgment, exile, and new covenant hope.","To proclaim covenant judgment on Judah and the nations while promising restoration and the new covenant.","judgment; exile; new covenant; false prophecy; restoration; nations","Call and early oracles 1-25; Narrative and conflict 26-45; Oracles against the nations 46-51; Fall of Jerusalem 52.","4Q Jeremiah manuscripts, some aligning more with the LXX form",3rd-2nd centuries BC,"Qumran Jeremiah manuscripts provide crucial evidence for both longer and shorter textual forms",3rd-1st centuries BC,Leningrad Codex,AD 1008,"Codex Vaticanus and Alexandrinus preserve Greek Jeremiah",4th-5th century AD,"Use in later Jewish writing and heavily in the NT",Multiple,pre-Christian and 1st century AD,"Jeremiah is a flagship example of MT/LXX textual divergence, with major differences in order and extent and important Qumran support for shorter forms.","This edition receives Jeremiah as the true prophet of the book and treats textual plurality in transmission as a preservation issue, not as a denial of inspired prophetic authorship.","Qumran Jeremiah resources; Hebrews 8:8; major codex catalogues.",draft
LAM,Lamentations,25,OT,Lamentations,Jeremiah (traditional conservative view),"Jewish and Christian tradition long associated Lamentations with Jeremiah in response to Jerusalem's fall.","The NT does not explicitly name the writer, but the traditional Jeremianic setting remains the standard conservative reading.",shortly after 586 BC,"MT chronology places the poems in the aftermath of Jerusalem's destruction by Babylon.","The LXX preserves the same exilic lament setting and explicitly frames the poems with a Jeremianic superscription in some traditions.","Poetic lament over Jerusalem's destruction, suffering, sin, and hope in God's mercies.","To give faithful lament language for covenant catastrophe while sustaining hope in God's compassion.","lament; judgment; grief; confession; hope; mercy","Poems 1-4 over the fall; prayer for restoration 5.","4Q Lamentations fragments survive",Second Temple period,"Qumran fragments provide early Hebrew witness",Hasmonean-Herodian periods,Leningrad Codex,AD 1008,"Codex Vaticanus and Alexandrinus preserve Greek Lamentations",4th-5th century AD,"Use in later Jewish lament tradition",Multiple,Second Temple and later,"Lamentations is relatively stable textually, though the Greek superscription and poetic choices deserve notice.","This edition receives the traditional Jeremianic connection as strong and fitting the historical situation immediately after Jerusalem's fall.","DSS archive material; codex catalogues; conservative introductions.",draft
EZK,Ezekiel,26,OT,Ezekiel,Ezekiel the priest-prophet,"The book repeatedly names Ezekiel and is anchored in his exilic visionary ministry.","The NT echoes Ezekiel extensively and receives his prophecies as authoritative Scripture, though without naming authorship in the same way as Isaiah or Jeremiah.",ca. 593-571 BC in the Babylonian exile,"MT chronology anchors Ezekiel's visions by dated notices in exile.","The LXX preserves the same exilic framework and is an important witness for some difficult passages.","Exilic prophetic ministry among the deportees in Babylon.","To announce judgment on Jerusalem and the nations, then restoration, new heart, new temple, and renewed land.","glory of God; judgment; exile; new heart; shepherd; restoration; temple","Judgment visions 1-24; Oracles against nations 25-32; Restoration and temple vision 33-48.","4Q Ezekiel fragments survive",Second Temple period,"Qumran Ezekiel manuscripts provide early Hebrew witness to parts of the book",Hasmonean-Herodian periods,Leningrad Codex,AD 1008,"Codex Vaticanus and Alexandrinus preserve Greek Ezekiel",4th-5th century AD,"Use in later Jewish apocalyptic and Christian interpretation",Multiple,Second Temple and early Christian periods,"Ezekiel's symbolic language, measurements, and temple vision make versional comparison useful, though not as radically divergent as Jeremiah.","This edition receives Ezekiel as the named priest-prophet of the book and treats the dated vision notices as historically grounded prophetic testimony.","DSS archive material for Ezekiel; codex catalogues; conservative introductions.",draft
DAG,Daniel,27,OT,Daniel,Daniel,"The book names Daniel and conservative scholarship receives both court tales and visions as Danielic, with later copying but not late pseudonymous authorship.","Jesus explicitly refers to Daniel as the prophet in Matthew 24:15.",6th century BC in the Babylonian and Persian periods,"MT chronology places Daniel in the exile from Babylon through Persian rule; the Hebrew-Aramaic form is part of the canonical witness.","The Greek tradition preserves Daniel in Old Greek and Theodotionic forms; this edition's LXX stream especially requires careful note of Greek Daniel material and its relation to the MT/Aramaic form.","Court history and apocalyptic visions in exile, showing God's rule over empires and the coming kingdom.","To reveal God's sovereignty over world kingdoms and His final triumph through the Son of Man's everlasting dominion.","sovereignty; exile; kingdom; resurrection; antichrist pattern; Son of Man; deliverance","Court narratives 1-6; Visions 7-12; Greek Daniel additions in the wider tradition.","4Q Daniel manuscripts",2nd-1st centuries BC,"Qumran Daniel manuscripts provide early Hebrew-Aramaic witness close to the Maccabean era and argue strongly for the book's early acceptance",2nd-1st centuries BC,Leningrad Codex,AD 1008,"Codex Vaticanus and Alexandrinus preserve Greek Daniel traditions, though Theodotion became dominant in much Christian use",4th-5th century AD,"Use in later Jewish apocalyptic and explicit citation by Jesus",Jesus and later Jewish literature,1st century AD and earlier,"Daniel is central for comparing Hebrew-Aramaic text, Old Greek, Theodotion, and the Greek additions such as Susanna and Bel and the Dragon.","This edition receives Daniel as the prophet named by Christ and therefore rejects late pseudonymous theories as incompatible with Christ's testimony.","DSS Daniel resources; Matthew 24:15; major codex catalogues; standard introductions on Greek Daniel.",draft
HOS,Hosea,28,OT,Hosea,Hosea,"The book names Hosea and is received as his prophetic ministry to the northern kingdom.","Romans 9:25-26 and Matthew 2:15 cite Hosea as prophetic Scripture.",8th century BC,"MT chronology places Hosea in the late northern kingdom before Samaria's fall.","The LXX preserves the same horizon, with normal versional differences.","Northern kingdom prophecy using Hosea's marriage and family as sign-acts.","To expose covenant unfaithfulness and proclaim the LORD's steadfast restoring love.","covenant unfaithfulness; steadfast love; judgment; restoration; sonship","Marriage sign and accusations 1-3; Covenant lawsuit and judgment 4-13; Restoration hope 14.","Qumran Hosea fragments survive",Second Temple period,"Early Hebrew witness survives in Qumran fragments",Hasmonean-Herodian periods,Leningrad Codex,AD 1008,"Codex Vaticanus and Alexandrinus preserve Greek Hosea",4th-5th century AD,"Cited in later Jewish and NT writings",Paul and Matthew,1st century AD,"Hosea is frequently quoted in the NT, making MT/LXX comparison especially important at citation points.","This edition receives Hosea as the named prophet and his sign-act marriage as real prophetic history under inspiration.","Qumran minor prophets materials; Romans 9; Matthew 2.",draft
JOL,Joel,29,OT,Joel,Joel,"The book names Joel; conservative scholarship receives the prophecy as Joel's own.","Acts 2 cites Joel 2 explicitly as Joel's prophecy.",date debated; conservative options range from early monarchy to post-exilic,"MT preserves Joel as a compact prophetic book centered on locust judgment and the day of the LORD.","The LXX preserves the same message and is especially important because Acts quotes Joel through the Greek tradition.","Prophecy of judgment and restoration centered on the day of the LORD.","To call God's people to repentance and announce future outpouring, judgment, and restoration.","day of the LORD; repentance; Spirit outpouring; restoration; nations","Locust crisis and call to repent 1-2; Spirit outpouring and final judgment 2-3.","Qumran Joel fragments survive",Second Temple period,"Early Hebrew witness survives in fragmentary form",Second Temple period,Leningrad Codex,AD 1008,"Codex Vaticanus and Alexandrinus preserve Greek Joel",4th-5th century AD,"Explicitly cited in the NT",Peter,1st century AD,"Joel is especially important for LXX/NT quotation study because Acts 2 cites Joel in Greek form.","This edition receives Joel as the real prophet behind the book and the Pentecost citation as confirmation of its prophetic authority.","Acts 2; Qumran minor prophets materials; codex catalogues.",draft
AMO,Amos,30,OT,Amos,Amos,"The book names Amos the herdsman-prophet from Tekoa.","Acts 7:42-43 and James 9:11-12 cite Amos as prophetic Scripture.",8th century BC,"MT chronology places Amos in the prosperous but corrupt northern kingdom before Samaria's fall.","The LXX preserves the same setting and is important for the wording used in Acts 15.","Northern kingdom prophecy from a Judean herdsman in a time of social injustice and false security.","To denounce covenant injustice and announce judgment while preserving hope for David's fallen booth.","justice; judgment; nations; false worship; remnant; Davidic restoration","Judgment on nations and Israel 1-6; visions and confrontation 7-9.","Qumran Amos fragments survive",Second Temple period,"Early Hebrew witness survives in fragmentary form",Second Temple period,Leningrad Codex,AD 1008,"Codex Vaticanus and Alexandrinus preserve Greek Amos",4th-5th century AD,"Explicit NT citation",Stephen and James,1st century AD,"Amos is a key book for LXX/NT comparison because Acts 15 quotes Amos 9 in a form closer to the Greek tradition.","This edition receives Amos as the named prophet and his social-justice oracles as covenantal, not merely political, preaching.","Acts 15; Acts 7; Qumran minor prophets materials.",draft
OBA,Obadiah,31,OT,Obadiah,Obadiah,"The book names Obadiah; the exact historical setting is debated, but conservative scholarship receives the named prophet as genuine.","No direct NT attribution names the writer, but the prophecy stands in the canonical witness against Edom and for Zion.",date debated, often 9th or 6th century BC,"MT preserves the short oracle against Edom and promise of Zion's kingdom.","The LXX preserves the same message with ordinary versional differences.","Oracle against Edom for violence against Jacob and promise of Zion's triumph.","To announce the LORD's judgment on proud Edom and vindication of His covenant people.","judgment on Edom; pride; Zion; kingdom of the LORD","Edom's downfall 1-14; Day of the LORD and Zion's triumph 15-21.","Qumran Obadiah fragments survive",Second Temple period,"Early Hebrew witness is fragmentary",Second Temple period,Leningrad Codex,AD 1008,"Codex Vaticanus and Alexandrinus preserve Greek Obadiah",4th-5th century AD,"Use in later Jewish interpretation",Multiple,Second Temple and later,"Obadiah's brevity makes each textual variant proportionally weighty in interpretation.","This edition receives Obadiah as a genuine prophetic book and reads its Edom oracles within the larger covenant-history conflict line.","Qumran minor prophets materials; codex catalogues.",draft
JON,Jonah,32,OT,Jonah,Jonah son of Amittai,"The book's prophetic identity matches 2 Kings 14:25, and conservative scholarship receives Jonah as historical.","Jesus explicitly treats Jonah and the fish as historical in Matthew 12:39-41.",8th century BC,"MT chronology places Jonah in the era of Jeroboam II and Assyrian significance.","The LXX preserves the same narrative with some wording differences but the same historical claim.","Narrative of a prophet sent to Nineveh who fled, was chastened, and preached repentance.","To show the LORD's sovereign mercy to sinners, including Gentiles, and to expose the narrowness of the prophet's heart.","mercy; repentance; Gentiles; prophet; sovereignty; sign of Jonah","Flight and storm 1; Fish and prayer 2; Nineveh's repentance 3; Jonah's complaint and God's lesson 4.","Qumran Jonah fragments survive",Second Temple period,"Early Hebrew witness is fragmentary",Second Temple period,Leningrad Codex,AD 1008,"Codex Vaticanus and Alexandrinus preserve Greek Jonah",4th-5th century AD,"Explicit appeal by Jesus",Jesus,1st century AD,"Jonah's historicity is reinforced by Christ's own use of Jonah as a sign; textual differences are secondary to that anchor.","This edition receives Jonah as historical prophetic narrative because Christ did.","Matthew 12:39-41; 2 Kings 14:25; Qumran minor prophets materials.",draft
MIC,Micah,33,OT,Micah,Micah,"The book names Micah of Moresheth and is received as his prophecy.","Matthew 2:5-6 cites Micah 5; Jeremiah 26:18 cites Micah 3:12 by name.",8th century BC,"MT chronology places Micah alongside Isaiah in Judah during the Assyrian crisis.","The LXX preserves the same setting and provides an important witness for NT quotation points.","Judah-focused prophecy of judgment and restoration in the 8th century BC.","To confront sin in leaders and people while announcing Bethlehem's ruler and the LORD's final restoration.","judgment; remnant; Bethlehem ruler; justice; mercy; restoration","Judgment cycles 1-3; Hope and ruler from Bethlehem 4-5; Covenant lawsuit and final hope 6-7.","Qumran Micah fragments survive",Second Temple period,"Early Hebrew witness is fragmentary",Second Temple period,Leningrad Codex,AD 1008,"Codex Vaticanus and Alexandrinus preserve Greek Micah",4th-5th century AD,"Named citation in Jeremiah and NT use in Matthew",Jeremiah and Matthew,7th century BC and 1st century AD,"Micah matters for messianic quotation study, especially Micah 5 in Matthew 2.","This edition receives Micah as the named prophet and reads Micah 6:8 and 5:2 in the full canonical-messianic frame.","Jeremiah 26:18; Matthew 2:5-6; Qumran minor prophets materials.",draft
NAM,Nahum,34,OT,Nahum,Nahum,"The book names Nahum the Elkoshite and is received as his prophecy.","No direct NT attribution names the writer, but Nahum's oracle against Nineveh stands in the prophetic canon as genuine revelation.",7th century BC before Nineveh's fall in 612 BC,"MT chronology places Nahum in the late Assyrian period after Thebes and before Nineveh's fall.","The LXX preserves the same Assyrian setting with normal versional variation.","Oracle announcing Nineveh's downfall and comfort for Judah.","To proclaim the LORD's justice against oppressive empire and comfort for His people.","judgment; justice; Nineveh; comfort; divine vengeance","The LORD's majesty 1; Nineveh's siege and fall 2-3.","Qumran Nahum pesher and fragments survive",Second Temple period,"The Nahum pesher provides important early reception evidence alongside Hebrew fragments",Second Temple period,Leningrad Codex,AD 1008,"Codex Vaticanus and Alexandrinus preserve Greek Nahum",4th-5th century AD,"Qumran Nahum Pesher",Community at Qumran,1st century BC,"Nahum is notable not only for text but also for early interpretive reception in the pesher tradition.","This edition receives Nahum as a true historical oracle of judgment and comfort, not merely anti-Assyrian rhetoric.","Qumran Nahum Pesher resources; codex catalogues.",draft
HAB,Habakkuk,35,OT,Habakkuk,Habakkuk,"The book names Habakkuk and is received as his prophetic dialogue and prayer.","Romans 1:17, Galatians 3:11, and Hebrews 10:38 quote Habakkuk 2:4.",late 7th century BC,"MT chronology places Habakkuk on the eve of Babylonian judgment.","The LXX preserves the same setting and is crucial at Habakkuk 2:4 and other quotation points.","Dialogue of a prophet wrestling with violence, Babylon, and the righteous life of faith.","To answer the problem of unchecked evil by revealing God's sovereign justice and calling the righteous to live by faith.","faith; judgment; Babylon; theodicy; waiting; worship","Dialogue 1-2; Prayer and hymn 3.","Qumran Habakkuk Pesher and fragments survive",Second Temple period,"The Habakkuk Pesher is a major early witness to reception, alongside Hebrew fragments",Second Temple period,Leningrad Codex,AD 1008,"Codex Vaticanus and Alexandrinus preserve Greek Habakkuk",4th-5th century AD,"Explicit NT quotation and Qumran pesher",Paul and the Qumran community,1st century AD and earlier,"Habakkuk is major for NT theology because Habakkuk 2:4 is cited repeatedly, and MT/LXX wording affects doctrinal emphasis.","This edition receives Habakkuk as the named prophet and sees the faith text as central to biblical theology without detaching it from its historical context.","Romans 1:17; Galatians 3:11; Hebrews 10:38; Qumran Habakkuk Pesher.",draft
ZEP,Zephaniah,36,OT,Zephaniah,Zephaniah,"The book names Zephaniah son of Cushi with royal lineage details and is received as his prophecy.","No direct NT attribution names the writer, but Zephaniah belongs to the authenticated prophetic corpus.",late 7th century BC in Josiah's days,"MT chronology places Zephaniah in Josiah's reign before the reform fully took hold.","The LXX preserves the same pre-exilic setting and message of the day of the LORD.","Judah-focused prophecy of the coming day of the LORD, judgment, and purified restoration.","To warn of the coming day of the LORD and promise a purified remnant and restored worship.","day of the LORD; remnant; judgment; restoration; humility","Judgment on Judah and nations 1-2; Woe and restoration 3.","Qumran Zephaniah fragments survive",Second Temple period,"Early Hebrew witness is fragmentary",Second Temple period,Leningrad Codex,AD 1008,"Codex Vaticanus and Alexandrinus preserve Greek Zephaniah",4th-5th century AD,"Use in later prophetic interpretation",Multiple,later biblical and post-biblical reception,"Zephaniah's compact structure makes its day-of-the-LORD theology especially important for intertextual study.","This edition receives Zephaniah as the named prophet in Josiah's era and reads its warnings and promises as historically grounded prophecy.","Qumran minor prophets materials; codex catalogues.",draft
HAG,Haggai,37,OT,Haggai,Haggai,"The book names Haggai and dates its oracles precisely in the Persian period.","Ezra 5-6 confirms Haggai's prophetic role in the rebuilding era.",520 BC,"MT chronology places Haggai during the second year of Darius I amid temple rebuilding.","The LXX preserves the same precisely dated post-exilic setting.","Short post-exilic prophecy urging temple rebuilding and covenant priority.","To call the restored community to rebuild the temple and expect future glory.","temple; obedience; covenant priorities; latter glory; Zerubbabel","Calls to rebuild 1; Promise of future glory and covenant blessing 2.","Qumran Haggai fragments survive",Second Temple period,"Early Hebrew witness is fragmentary",Second Temple period,Leningrad Codex,AD 1008,"Codex Vaticanus and Alexandrinus preserve Greek Haggai",4th-5th century AD,"Corroborated by Ezra's narrative",Ezra,Persian period narrative and later canon,"Haggai is textually modest but historically valuable because of its precise dates and integration with Ezra.","This edition receives Haggai as precisely dated prophetic preaching in the restoration era.","Ezra 5-6; Qumran minor prophets materials; codex catalogues.",draft
ZEC,Zechariah,38,OT,Zechariah,Zechariah son of Berechiah son of Iddo,"The book names Zechariah and dates much of its material in the Persian period; conservative scholarship typically receives the whole canonical book as Zechariah's prophecy.","Jesus refers to Zechariah son of Berechiah in Matthew 23:35.",520-518 BC and after,"MT chronology places Zechariah alongside Haggai in the restoration era, with later oracles extending beyond the initial temple work.","The LXX preserves the same restoration-era framework, though the later chapters remain important for messianic quotation and textual study.","Post-exilic visions and oracles encouraging restoration and projecting messianic hope.","To encourage the restored community, call for repentance, and announce the coming king, shepherd, and future kingdom.","visions; repentance; messianic king; shepherd; temple; future kingdom","Night visions 1-6; Fasting and renewal 7-8; Messianic and eschatological oracles 9-14.","Qumran Zechariah fragments survive",Second Temple period,"Early Hebrew witness is fragmentary",Second Temple period,Leningrad Codex,AD 1008,"Codex Vaticanus and Alexandrinus preserve Greek Zechariah",4th-5th century AD,"Quoted/alluded to heavily in the NT",Multiple,1st century AD,"Zechariah is a major messianic quotation book, especially chapters 9-14, making MT/LXX comparison important in the passion narratives.","This edition receives Zechariah as the prophet named in the book and reads the later chapters as genuine predictive prophecy, not late anonymous additions.","Matthew 23:35; NT passion citations; Qumran minor prophets materials.",draft
MAL,Malachi,39,OT,Malachi,Malachi,"The book identifies its burden through Malachi, understood conservatively as the prophet's name or title borne by the human messenger.","No direct NT attribution names the writer, but Malachi's prophecy of the forerunner is foundational in the Gospels.",5th century BC,"MT chronology places Malachi in the late post-exilic period after temple restoration but before the intertestamental silence.","The LXX preserves the same post-exilic setting and the same key promises about the forerunner and day of the LORD.","Post-exilic rebuke of priestly corruption, covenant unfaithfulness, and spiritual weariness.","To call God's people to covenant faithfulness and announce the coming messenger before the day of the LORD.","covenant faithfulness; priesthood; tithes; divorce; forerunner; day of the LORD","Disputations 1-3; Closing warning and Elijah promise 4.","Qumran Malachi fragments survive",Second Temple period,"Early Hebrew witness is fragmentary",Second Temple period,Leningrad Codex,AD 1008,"Codex Vaticanus and Alexandrinus preserve Greek Malachi",4th-5th century AD,"Interpreted in the Gospels as fulfilled in John the Baptist",Jesus and Gospel writers,1st century AD,"Malachi is vital for intertestamental framing because its forerunner promise is directly tied to John the Baptist in the NT.","This edition receives Malachi as the closing prophetic voice of the OT canon, genuinely predicting the messenger fulfilled in John the Baptist.","Gospel citations/allusions; Qumran minor prophets materials; codex catalogues.",draft
MAT,Matthew,40,NT,Matthew,Matthew the apostle and former tax collector,"Early church testimony, especially Papias and Irenaeus, associates this Gospel with Matthew.","The canonical title and unanimous early church witness support Matthean authorship; apostolic status fits the book's Jewish and instructional character.",before AD 70 in common conservative dating,"MT timeline not applicable; historically set in the earthly ministry of Christ before the fall of Jerusalem.","LXX timeline not applicable; the Gospel quotes the OT often in forms reflecting both Hebrew and Greek textual streams.","Gospel account presenting Jesus as the promised Messiah and King in fulfillment of Scripture.","To present Jesus as the Messiah, teacher, son of David, and fulfillment of the Law and the Prophets.","Messiah; kingdom; fulfillment; discipleship; judgment; church","Narrative and infancy 1-4; ministry and discourses 5-25; passion and resurrection 26-28.","Papyrus 104",late 2nd century AD,"Papyrus 64/67 and other early Matthew witnesses preserve larger sections",late 2nd to early 3rd century AD,"No complete Hebrew original survives",n/a,"Codex Sinaiticus and Codex Vaticanus preserve complete Greek Matthew",4th century AD,"Tradition on Matthew's composition",Papias,early 2nd century AD,"Matthew's quotations are crucial for MT/LXX comparison because he often cites OT texts in forms close to Hebrew, Greek, or a mixed testimony tradition.","This edition receives Matthew as the apostolic Gospel and treats its fulfillment formulas as inspired interpretation of the OT.","Papias fragments via Eusebius; Irenaeus; major NT papyri catalogues.",draft
MRK,Mark,41,NT,Mark,John Mark under Petrine apostolic oversight,"Early church testimony consistently links Mark with Peter's preaching, especially in Papias and Irenaeus.","Mark's close Petrine perspective and unanimous patristic witness support traditional authorship.",before AD 70 in common conservative dating,"Not applicable as a textual tradition label; historically the Gospel narrates Christ's ministry in Roman-facing concise form.","Not applicable; Mark's OT citations still bear on Hebrew and Greek quotation study.","Fast-paced Gospel emphasizing Christ's authority, suffering, and servant ministry.","To present Jesus as the mighty Son of God and suffering servant and to call readers to discipleship under the cross.","authority; Son of God; suffering servant; discipleship; immediacy","Introduction and Galilean ministry 1-8; journey and passion teaching 8-13; passion and resurrection 14-16.","No very early tiny fragment is universally agreed; Papyrus 137 is one candidate",2nd-3rd century AD,"Papyrus 45 is the earliest substantial Mark witness",3rd century AD,"No complete Hebrew original survives",n/a,"Codex Sinaiticus and Codex Vaticanus preserve complete Greek Mark",4th century AD,"Tradition on Mark as Peter's interpreter",Papias,early 2nd century AD,"Mark's ending and several shorter textual problems make it one of the key NT books for text-critical discussion.","This edition receives Mark as the authentic Gospel of John Mark rooted in apostolic Petrine preaching.","Papias via Eusebius; Irenaeus; NT papyri catalogues.",draft
LUK,Luke,42,NT,Luke,Luke the beloved physician and companion of Paul,"The prologue, Acts' we-sections, and unanimous early church testimony support Lucan authorship.","Colossians 4:14, 2 Timothy 4:11, and Philemon 24 identify Luke as Paul's coworker, fitting the Gospel-Acts corpus.",AD 60-62 in common conservative dating,Not applicable,Not applicable,"Orderly Gospel narrative addressed to Theophilus, rooted in eyewitness testimony and careful investigation.","To give certainty about the things fulfilled in Christ and to present the Savior for Jew and Gentile alike.","certainty; salvation; compassion; Holy Spirit; prayer; Gentiles","Infancy and preparation 1-4; Galilean ministry 4-9; travel narrative 9-19; Jerusalem, passion, resurrection 19-24.","Papyrus 4 and Papyrus 75 preserve early Luke material",late 2nd to early 3rd century AD,"Papyrus 75 is the earliest substantial Luke witness",late 2nd to early 3rd century AD,"No complete Hebrew original survives",n/a,"Codex Vaticanus and Codex Sinaiticus preserve complete Greek Luke",4th century AD,"Likely early use in apostolic fathers; clear attestation in Irenaeus",Irenaeus,late 2nd century AD,"Luke's wording matters for several OT quotations and for the relation of Luke and Acts to early text families.","This edition receives Luke as the physician-companion of Paul and the faithful historian-theologian of the Gospel and Acts.","Luke 1:1-4; Pauline coworker texts; papyri catalogues; Irenaeus.",draft
JHN,John,43,NT,John,John the apostle,"Early church testimony strongly attributes the Gospel to John the son of Zebedee, and the internal beloved-disciple claim fits apostolic authorship.","John 21:24 identifies the disciple behind the testimony; early church witness connects this with the apostle John.",AD 80-90 in common conservative dating,Not applicable,Not applicable,"Reflective Gospel centered on Jesus' signs, identity, and saving purpose.","To lead readers to believe that Jesus is the Christ, the Son of God, and to have life in His name.","signs; deity of Christ; belief; life; witness; love","Prologue 1; book of signs 2-12; book of glory 13-20; epilogue 21.","Papyrus 52",early 2nd century AD,"Papyrus 66 is the earliest substantial John witness",ca. AD 200,"No complete Hebrew original survives",n/a,"Codex Vaticanus and Codex Sinaiticus preserve complete Greek John",4th century AD,"Likely early allusion in Ignatius; clear attestation in Irenaeus",Irenaeus,late 2nd century AD,"John is text-critically important at several famous loci, but its early papyrus attestation is exceptionally strong.","This edition receives John's high Christology as apostolic eyewitness testimony, not as a late theological invention.","P52 and P66 catalogues; Irenaeus; John 21:24.",draft
ACT,Acts,44,NT,Acts,Luke,"Acts continues Luke's account to the same addressee and shares style, vocabulary, and perspective with the Gospel.","The we-sections and early church tradition support Luke as the author of Acts.",AD 62 or shortly after in common conservative dating,Not applicable,Not applicable,"Historical account of the risen Christ's work by the Spirit through the apostles from Jerusalem to Rome.","To narrate the spread of the gospel, the formation of the church, and the mission to the nations under the Spirit's power.","Holy Spirit; mission; church; apostolic witness; Jew and Gentile; providence","Jerusalem witness 1-7; Judea and Samaria 8-12; Gentile mission to Rome 13-28.","Papyrus 29 and Papyrus 38 are early small witnesses; Papyrus 45 is substantial",3rd century AD,"Papyrus 45 is the earliest substantial Acts witness",3rd century AD,"No complete Hebrew original survives",n/a,"Codex Vaticanus and Codex Sinaiticus preserve complete Greek Acts",4th century AD,"Clear early attestation in Irenaeus and Muratorian tradition",Irenaeus,late 2nd century AD,"Acts is central for text criticism because the Alexandrian and Western forms differ at many points.","This edition receives Acts as accurate sacred history written by Luke under inspiration.","Lucan prologue connection; Irenaeus; papyri catalogues.",draft
ROM,Romans,45,NT,Romans,Paul the apostle,"The opening identifies Paul, and the church has always received Romans as Pauline.","The book explicitly names Paul and coheres with Acts and the Pauline corpus.",AD 56-57 from Corinth,Not applicable,Not applicable,"Paul's fullest doctrinal letter, written to the believers in Rome before his visit there.","To set forth the righteousness of God in the gospel and unify Jew and Gentile believers in Christ.","righteousness; justification; union with Christ; Israel; sanctification; gospel","Guilt and justification 1-5; sanctification 6-8; Israel and God's plan 9-11; practical exhortation 12-16.","Papyrus 46",ca. AD 200,"Papyrus 46 is the earliest substantial Romans witness",ca. AD 200,"No complete Hebrew original survives",n/a,"Codex Vaticanus and Codex Sinaiticus preserve complete Greek Romans",4th century AD,"Likely echoed in 1 Clement",Clement of Rome,late 1st century AD,"Romans is textually well attested and theologically central, with some variation in closing doxology placement.","This edition receives Romans as Paul's Spirit-inspired magisterial exposition of the gospel.","Romans 1:1; P46; 1 Clement parallels.",draft
1CO,1 Corinthians,46,NT,1 Corinthians,Paul the apostle,"The opening identifies Paul, and the church has always received 1 Corinthians as Pauline.","The book explicitly names Paul and coheres with Acts' Corinthian setting.",AD 54-55 from Ephesus,Not applicable,Not applicable,"Pastoral and doctrinal letter addressing a troubled but gifted church in Corinth.","To correct disorder, answer questions, and re-center the church on Christ crucified and risen.","church order; holiness; resurrection; gifts; love; discipline","Divisions and wisdom 1-4; moral and practical issues 5-11; gifts and worship 12-14; resurrection 15; closing 16.","Papyrus 46",ca. AD 200,"Papyrus 46 is the earliest substantial 1 Corinthians witness",ca. AD 200,"No complete Hebrew original survives",n/a,"Codex Vaticanus and Codex Sinaiticus preserve complete Greek 1 Corinthians",4th century AD,"Extensively echoed by Clement of Rome",Clement of Rome,late 1st century AD,"1 Corinthians is early and strongly attested, making it a major control point for Pauline text.","This edition receives 1 Corinthians as direct apostolic correction for a real first-century church.","P46; 1 Clement.",draft
2CO,2 Corinthians,47,NT,2 Corinthians,Paul the apostle,"The opening identifies Paul, and the church has always received 2 Corinthians as Pauline.","The personal, travel, and conflict material fits Paul in Acts and the wider Pauline corpus.",AD 55-56 from Macedonia,Not applicable,Not applicable,"Paul's deeply personal defense of his ministry and appeal to the Corinthians.","To reconcile with the church, defend apostolic ministry, and display Christ's strength in weakness.","apostolic ministry; weakness; comfort; generosity; reconciliation","Ministry and comfort 1-7; collection 8-9; defense against opponents 10-13.","Papyrus 46",ca. AD 200,"Papyrus 46 is the earliest substantial 2 Corinthians witness",ca. AD 200,"No complete Hebrew original survives",n/a,"Codex Vaticanus and Codex Sinaiticus preserve complete Greek 2 Corinthians",4th century AD,"Likely echoed in early Christian correspondence",Polycarp or Clement,late 1st to early 2nd century AD,"2 Corinthians' unity is debated by some, but conservative scholarship receives the canonical letter as Pauline and coherent.","This edition receives 2 Corinthians as authentic apostolic self-disclosure under inspiration.","P46; early patristic echoes.",draft
GAL,Galatians,48,NT,Galatians,Paul the apostle,"The opening identifies Paul, and the church has always received Galatians as Pauline.","Paul's autobiographical defense and doctrinal argument fit the apostolic controversy reflected in Acts.",AD 48-49 or 54-55 depending on destination theory,Not applicable,Not applicable,"Polemic letter against justification by works of the law and for freedom in Christ.","To defend the true gospel of justification by faith and the Spirit's transforming work.","justification; law and gospel; promise; Spirit; liberty","Apostolic defense 1-2; doctrinal argument 3-4; practical freedom 5-6.","Papyrus 46",ca. AD 200,"Papyrus 46 is the earliest substantial Galatians witness",ca. AD 200,"No complete Hebrew original survives",n/a,"Codex Vaticanus and Codex Sinaiticus preserve complete Greek Galatians",4th century AD,"Likely echoed in Polycarp and later fathers",Polycarp,early 2nd century AD,"Galatians is important for text-critical and doctrinal comparison because of its central soteriological language.","This edition receives Galatians as authentic Pauline controversy literature defending the once-for-all apostolic gospel.","P46; Polycarp parallels.",draft
EPH,Ephesians,49,NT,Ephesians,Paul the apostle,"The opening identifies Paul, and conservative scholarship receives the letter as Pauline, whether or not intended as a circular letter.","Traditional church reception strongly supports Pauline authorship.",AD 60-62 during Roman imprisonment,Not applicable,Not applicable,"Prison epistle celebrating Christ's cosmic headship and the church's unity.","To unfold the believer's blessings in Christ and call the church to unity, holiness, and spiritual warfare.","union with Christ; church; grace; unity; holiness; armor of God","Blessings and prayer 1-3; worthy walk 4-6.","Papyrus 46",ca. AD 200,"Papyrus 46 is the earliest substantial Ephesians witness",ca. AD 200,"No complete Hebrew original survives",n/a,"Codex Vaticanus and Codex Sinaiticus preserve complete Greek Ephesians",4th century AD,"Likely echoed in Ignatius",Ignatius,early 2nd century AD,"Ephesians has some textual discussion around the address line and a few wording issues, but is strongly attested.","This edition receives Ephesians as Pauline and fully apostolic in doctrine and exhortation.","P46; Ignatius parallels.",draft
PHP,Philippians,50,NT,Philippians,Paul the apostle,"The opening identifies Paul, and the church has always received Philippians as Pauline.","Its prison setting, coworkers, and warm personal tone fit Paul well.",AD 60-62 during Roman imprisonment,Not applicable,Not applicable,"Warm prison letter to a faithful supporting church.","To thank the Philippians, encourage joy and unity, and exalt Christ's humiliation and exaltation.","joy; humility; Christ hymn; perseverance; partnership","Thanksgiving and prayer 1; Christlike humility 2; warning and goal 3; peace and gratitude 4.","Papyrus 16 and Papyrus 46 witness Philippians",ca. AD 200,"Papyrus 46 is the earliest substantial Philippians witness",ca. AD 200,"No complete Hebrew original survives",n/a,"Codex Vaticanus and Codex Sinaiticus preserve complete Greek Philippians",4th century AD,"Likely echoed in Polycarp",Polycarp,early 2nd century AD,"Philippians is early and well attested, with no major textual instability compared with some other books.","This edition receives Philippians as authentic Pauline prison correspondence.","P46; Polycarp.",draft
COL,Colossians,51,NT,Colossians,Paul the apostle,"The opening identifies Paul, and conservative scholarship receives Colossians as Pauline.","Its links to Philemon and the prison setting support traditional authorship.",AD 60-62 during Roman imprisonment,Not applicable,Not applicable,"Prison epistle magnifying Christ's supremacy over all powers and urging holy living.","To combat false teaching by exalting the all-sufficient Christ and calling believers to walk in Him.","supremacy of Christ; new creation; holiness; fullness; church","Supremacy and reconciliation 1-2; new life and household order 3-4.","Papyrus 46",ca. AD 200,"Papyrus 46 is the earliest substantial Colossians witness",ca. AD 200,"No complete Hebrew original survives",n/a,"Codex Vaticanus and Codex Sinaiticus preserve complete Greek Colossians",4th century AD,"Likely echoed in Ignatius and Polycarp",Ignatius and Polycarp,early 2nd century AD,"Colossians is textually stable overall and closely linked to Philemon for historical setting.","This edition receives Colossians as authentic Pauline prison teaching centered on Christ's supremacy.","P46; Ignatius; Polycarp.",draft
1TH,1 Thessalonians,52,NT,1 Thessalonians,Paul the apostle,"The opening identifies Paul, and the church has always received 1 Thessalonians as Pauline.","It fits the Acts 17-18 setting and early apostolic mission period.",AD 50-51 from Corinth,Not applicable,Not applicable,"One of Paul's earliest letters, written to a young persecuted church.","To encourage steadfastness, holiness, brotherly love, and hope in Christ's return.","sanctification; hope; second coming; persecution; work","Thanksgiving and defense 1-3; holy living and the Lord's coming 4-5.","Papyrus 46",ca. AD 200,"Papyrus 46 is the earliest substantial 1 Thessalonians witness",ca. AD 200,"No complete Hebrew original survives",n/a,"Codex Vaticanus and Codex Sinaiticus preserve complete Greek 1 Thessalonians",4th century AD,"Likely early echoes in Ignatius and Polycarp",Ignatius and Polycarp,early 2nd century AD,"1 Thessalonians is early and textually strong, with eschatological passages especially important for apparatus work.","This edition receives 1 Thessalonians as among Paul's earliest surviving apostolic letters.","P46; early patristic echoes.",draft
2TH,2 Thessalonians,53,NT,2 Thessalonians,Paul the apostle,"The opening identifies Paul, and conservative scholarship receives 2 Thessalonians as Pauline.","Its close relationship to 1 Thessalonians and its apostolic tone support authenticity.",AD 51-52 from Corinth,Not applicable,Not applicable,"Follow-up letter correcting confusion about the day of the Lord and urging steadfastness.","To steady the church amid persecution and clarify events connected with the Lord's return.","day of the Lord; lawlessness; perseverance; discipline","Persecution and justice 1; man of lawlessness 2; exhortation and discipline 3.","Papyrus 30 and Papyrus 46 witness 2 Thessalonians",3rd century AD and ca. AD 200,"Papyrus 46 is the earliest substantial 2 Thessalonians witness",ca. AD 200,"No complete Hebrew original survives",n/a,"Codex Vaticanus and Codex Sinaiticus preserve complete Greek 2 Thessalonians",4th century AD,"Likely echoed in early fathers",Polycarp,early 2nd century AD,"2 Thessalonians is central in eschatological discussion and textually well attested.","This edition receives 2 Thessalonians as Pauline clarification, not pseudonymous imitation.","P46; Polycarp parallels.",draft
1TI,1 Timothy,54,NT,1 Timothy,Paul the apostle,"The opening identifies Paul, and conservative scholarship receives the Pastoral Epistles as Pauline.","The letter's personal address, church-order concerns, and later travel setting fit traditional Pauline chronology.",mid-60s AD,Not applicable,Not applicable,"Pastoral instruction to Timothy for ordering doctrine and life in the Ephesian sphere.","To guard sound doctrine, shape church leadership, and call believers to godliness.","church order; sound doctrine; eldership; godliness; warning against error","Charge and doctrine 1; worship and leadership 2-3; warning and exhortation 4-6.","Papyrus 133 is an early fragment; later majuscules preserve the full book",3rd century AD,"No papyrus as substantial as P46 survives for 1 Timothy; major uncials are primary full witnesses",n/a,"No complete Hebrew original survives",n/a,"Codex Sinaiticus and Codex Alexandrinus preserve complete Greek 1 Timothy",4th-5th century AD,"Likely echoed in Polycarp",Polycarp,early 2nd century AD,"The Pastorals have different witness patterns from the major Pauline collection, but remain textually secure in the broad sense.","This edition receives 1 Timothy as authentic Pauline pastoral instruction.","Polycarp parallels; major uncial catalogues.",draft
2TI,2 Timothy,55,NT,2 Timothy,Paul the apostle,"The opening identifies Paul, and conservative scholarship receives it as Paul's final surviving letter.","Its personal tone, martyrdom horizon, and coworker references suit Paul's last imprisonment.",AD 66-67 from Rome,Not applicable,Not applicable,"Final apostolic charge to Timothy in view of suffering and death.","To summon Timothy to faithful ministry, endurance, and preservation of the apostolic deposit.","endurance; Scripture; ministry; apostasy; martyrdom","Guard the deposit 1; endure as a soldier 2; perilous times 3; final charge 4.","Papyrus 61 and other small witnesses survive; full text rests mainly in uncials",3rd-4th century AD,"Major uncials preserve the earliest substantial 2 Timothy text",4th century AD,"No complete Hebrew original survives",n/a,"Codex Sinaiticus and Codex Alexandrinus preserve complete Greek 2 Timothy",4th-5th century AD,"Likely echoed in Polycarp and later fathers",Polycarp,early 2nd century AD,"2 Timothy contains key statements on Scripture and ministry and is well preserved in the main textual tradition.","This edition receives 2 Timothy as Paul's final inspired testament to the church.","Polycarp parallels; major uncial catalogues.",draft
TIT,Titus,56,NT,Titus,Paul the apostle,"The opening identifies Paul, and conservative scholarship receives Titus as Pauline.","Its personal directions and pastoral instruction fit the same post-Acts missionary horizon as 1 Timothy.",mid-60s AD,Not applicable,Not applicable,"Pastoral letter for church order and godly living in Crete.","To establish qualified leadership, oppose false teachers, and adorn the doctrine of God with good works.","leadership; good works; sound doctrine; grace; order","Leadership and rebuke 1; fitting conduct 2; grace and good works 3.","Papyrus 32 preserves a small early Titus witness",3rd century AD,"Major uncials preserve the earliest substantial Titus text",4th century AD,"No complete Hebrew original survives",n/a,"Codex Sinaiticus and Codex Alexandrinus preserve complete Greek Titus",4th-5th century AD,"Likely echoed in early fathers",Clement of Alexandria or later fathers,late 2nd century AD,"Titus is textually stable overall and closely linked to the Pastoral corpus.","This edition receives Titus as authentic Pauline pastoral direction.","Papyrus catalogues; major uncials.",draft
PHM,Philemon,57,NT,Philemon,Paul the apostle,"The opening identifies Paul, and the church has always received Philemon as Pauline.","Its close ties to Colossians and concrete personal details strongly support authenticity.",AD 60-62 during Roman imprisonment,Not applicable,Not applicable,"Brief personal prison letter appealing for Onesimus's reception.","To embody gospel reconciliation and brotherhood in Christ in a concrete case.","reconciliation; brotherhood; grace; appeal; slavery and freedom in Christ","Opening and thanksgiving 1-7; appeal for Onesimus 8-25.","Papyrus 87 preserves a small early Philemon witness",3rd century AD,"Major uncials preserve the earliest substantial Philemon text",4th century AD,"No complete Hebrew original survives",n/a,"Codex Sinaiticus and Codex Alexandrinus preserve complete Greek Philemon",4th-5th century AD,"Likely known in early Pauline reception",Marcion or later fathers,2nd century AD,"Philemon is short and comparatively stable textually, but historically valuable for the Pauline network.","This edition receives Philemon as authentic Pauline personal correspondence under inspiration.","Papyrus catalogues; Pauline corpus reception history.",draft
HEB,Hebrews,58,NT,Hebrews,Unknown human writer; conservative options often include Paul, Luke, Barnabas, or Apollos,"The church received Hebrews as canonical and apostolic in doctrine, though the human penman remains uncertain.","2 Peter 3:15 may possibly allude to Pauline teaching received alongside Hebrews, but the book itself is anonymous.",before AD 70 in common conservative dating,Not applicable,Not applicable,"Sustained sermon-letter exalting Christ's superiority and warning against apostasy.","To show the finality of Christ's priesthood and covenant and to call believers to persevering faith.","superiority of Christ; priesthood; covenant; perseverance; faith","Christ superior 1-10; persevering faith and exhortation 11-13.","Papyrus 46",ca. AD 200,"Papyrus 46 is the earliest substantial Hebrews witness",ca. AD 200,"No complete Hebrew original survives",n/a,"Codex Vaticanus and Codex Sinaiticus preserve complete Greek Hebrews",4th century AD,"Clearly used by Clement of Rome",Clement of Rome,late 1st century AD,"Hebrews is early and strongly attested; debates concern human authorship more than canonicity or textual preservation.","This edition affirms the book's full inspiration and inerrancy regardless of the anonymity of the human penman.","P46; Clement of Rome; Hebrews introductions.",draft
JAS,James,59,NT,James,James the brother of the Lord,"The letter names James, and conservative scholarship receives it as written by James the Lord's brother, leader of the Jerusalem church.","Acts 15 and Galatians 1-2 establish James's authority and profile consistent with the epistle.",mid-40s to early 60s AD,Not applicable,Not applicable,"Practical wisdom epistle addressing scattered believers under trial.","To call believers to steadfastness, whole-hearted obedience, bridled speech, and living faith.","trials; wisdom; faith and works; speech; worldliness; prayer","Trials and wisdom 1; impartiality and living faith 2; speech and wisdom 3; worldliness and humility 4; endurance and prayer 5.","Papyrus 20 and Papyrus 23 preserve early James fragments",3rd century AD,"Major uncials preserve the earliest substantial James text",4th century AD,"No complete Hebrew original survives",n/a,"Codex Sinaiticus and Codex Vaticanus preserve complete Greek James",4th century AD,"Likely early allusions in 1 Clement and Shepherd of Hermas; clear later attestation",Origen or earlier echoes,2nd-3rd century AD,"James is comparatively late in explicit patristic attestation but textually secure in the received Greek tradition.","This edition receives James as the epistle of the Lord's brother and not as a later pseudonymous moral tract.","Papyrus catalogues; Acts 15; James introductions.",draft
1PE,1 Peter,60,NT,1 Peter,Peter the apostle,"The opening identifies Peter, and the church has always received 1 Peter as Petrine.","The letter's self-identification and pastoral authority fit Peter speaking through Silvanus.",early 60s AD,Not applicable,Not applicable,"Circular letter to suffering believers in Asia Minor.","To strengthen believers under suffering with living hope, holy conduct, and Christ's example.","suffering; holiness; hope; exile; Christ's example","Living hope and holiness 1-2; suffering and witness 3-4; shepherding and humility 5.","Papyrus 72 contains 1 Peter",3rd-4th century AD,"Papyrus 72 is the earliest substantial 1 Peter witness",3rd-4th century AD,"No complete Hebrew original survives",n/a,"Codex Sinaiticus and Codex Vaticanus preserve complete Greek 1 Peter",4th century AD,"Likely echoed by Polycarp",Polycarp,early 2nd century AD,"1 Peter is well attested and often discussed for its relation to the LXX in OT quotations.","This edition receives 1 Peter as apostolic Petrine instruction to suffering exiles.","P72; Polycarp.",draft
2PE,2 Peter,61,NT,2 Peter,Peter the apostle,"The opening identifies Simon Peter; conservative scholarship receives the letter as genuinely Petrine despite its later and sparser attestation.","2 Peter 1 and 3 present apostolic self-consciousness, eyewitness claim, and relation to Paul.",mid-60s AD,Not applicable,Not applicable,"Final apostolic warning against false teachers and unbelief concerning Christ's return.","To call believers to growth, guard against corruption, and affirm the certainty of the Lord's coming.","knowledge; holiness; false teachers; second coming; Scripture","Growth and calling 1; false teachers 2; day of the Lord 3.","Papyrus 72 contains 2 Peter",3rd-4th century AD,"Papyrus 72 is the earliest substantial 2 Peter witness",3rd-4th century AD,"No complete Hebrew original survives",n/a,"Codex Sinaiticus and Vaticanus preserve complete Greek 2 Peter",4th century AD,"Earliest clear attestation in Origen",Origen,3rd century AD,"2 Peter has the sparsest early external attestation among NT books, but its textual preservation in the received tradition is secure.","This edition receives 2 Peter as genuinely Petrine and does not accept late pseudonymity as compatible with the book's self-witness.","P72; Origen; 2 Peter introductions.",draft
1JN,1 John,62,NT,1 John,John the apostle,"Early church testimony and the close relation to the Fourth Gospel support Johannine apostolic authorship.","The language, theology, and pastoral voice align with the apostle John and the Johannine circle under his oversight.",late 1st century AD,Not applicable,Not applicable,"Pastoral doctrinal tract combating false claims while assuring believers of eternal life.","To strengthen assurance, define true fellowship, and expose antichrist error.","assurance; fellowship; love; truth; incarnation; obedience","Tests of life and fellowship 1-5.","Papyrus 9 and Papyrus 74 preserve early 1 John material",3rd-7th century AD,"Papyrus 74 and major uncials preserve substantial text",3rd-4th century AD,"No complete Hebrew original survives",n/a,"Codex Sinaiticus and Codex Vaticanus preserve complete Greek 1 John",4th century AD,"Likely echoed by Polycarp",Polycarp,early 2nd century AD,"1 John is central in Christological and assurance passages; textually it is well preserved overall.","This edition receives 1 John as apostolic Johannine testimony against early christological error.","Polycarp; papyri catalogues.",draft
2JN,2 John,63,NT,2 John,John the apostle,"Early church testimony attributes 2 John to the apostle or the elder John identified with him in conservative reading.","Its style and content closely cohere with 1 John and the Fourth Gospel.",late 1st century AD,Not applicable,Not applicable,"Short letter warning against deceivers and urging fidelity to truth and love.","To guard the church from false teachers while maintaining Christian love.","truth; love; doctrine; deception","Greeting 1-3; walking in truth and love 4-6; warning against deceivers 7-11; closing 12-13.","Papyrus 74 preserves 2 John",7th century AD,"Major uncials preserve the earliest substantial 2 John text",4th century AD,"No complete Hebrew original survives",n/a,"Codex Sinaiticus and Codex Vaticanus preserve complete Greek 2 John",4th century AD,"Likely attested by Irenaeus",Irenaeus,late 2nd century AD,"2 John is short and less heavily witnessed in papyri, but secure in the main Greek tradition.","This edition receives 2 John as genuinely Johannine and apostolic.","Irenaeus; major uncials; papyri catalogues.",draft
3JN,3 John,64,NT,3 John,John the apostle,"Early church testimony attributes 3 John to the apostle or the elder John identified with him in conservative reading.","Its language and themes closely cohere with 1 and 2 John.",late 1st century AD,Not applicable,Not applicable,"Brief personal letter concerning hospitality, truth, and Diotrephes's arrogance.","To commend faithfulness, rebuke pride, and support gospel workers.","truth; hospitality; authority; faithfulness","Greeting and praise 1-8; Diotrephes and Demetrius 9-12; closing 13-15.","Papyrus 74 preserves 3 John",7th century AD,"Major uncials preserve the earliest substantial 3 John text",4th century AD,"No complete Hebrew original survives",n/a,"Codex Sinaiticus and Codex Vaticanus preserve complete Greek 3 John",4th century AD,"Likely attested by later 2nd-century fathers",Irenaeus or later witnesses,late 2nd century AD,"3 John is short and relatively thinly attested in early papyri, but stable in the main textual stream.","This edition receives 3 John as authentic Johannine apostolic correspondence.","Major uncials; papyri catalogues.",draft
JUD,Jude,65,NT,Jude,Jude the brother of James and servant of Jesus Christ,"The opening identifies Jude, and conservative scholarship receives him as Jude the brother of James and half-brother of the Lord.","The self-designation fits the known family of Jesus without claiming apostolic office directly.",mid to late 1st century AD,Not applicable,Not applicable,"Short urgent letter warning against ungodly infiltrators and calling believers to contend for the faith.","To defend the once-for-all delivered faith and expose libertine false teachers.","false teachers; judgment; perseverance; contend for the faith","Greeting and purpose 1-4; examples of judgment 5-16; exhortation and doxology 17-25.","Papyrus 72 contains Jude",3rd-4th century AD,"Papyrus 72 is the earliest substantial Jude witness",3rd-4th century AD,"No complete Hebrew original survives",n/a,"Codex Sinaiticus and Codex Vaticanus preserve complete Greek Jude",4th century AD,"Likely known in later 2nd-century fathers",Clement of Alexandria or Tertullian,late 2nd century AD,"Jude is important for its use of Jewish traditional material and its close relation to 2 Peter.","This edition receives Jude as authentic by the brother of James and reads his use of traditional material under inspiration.","P72; Clement of Alexandria; Jude introductions.",draft
REV,Revelation,66,NT,Revelation,John the apostle,"The book names John, and conservative scholarship commonly receives this as the apostle John writing from Patmos.","Revelation 1:1-4 and 22:8 self-present a prophetic eyewitness named John; early church testimony often supports apostolic authorship.",AD 95-96 in common conservative dating,Not applicable,Not applicable,"Apocalyptic prophecy to seven churches in Asia under Roman pressure.","To unveil Jesus Christ in His present reign, covenant judgments, final victory, and the consummation of all things.","apocalypse; sovereignty; judgment; perseverance; kingdom; new creation","Vision of Christ and churches 1-3; heavenly throne and judgments 4-19; millennial and final victory 20; new creation 21-22.","Papyrus 98 and Papyrus 47 preserve early Revelation material",2nd-3rd century AD,"Papyrus 47 is the earliest substantial Revelation witness",3rd century AD,"No complete Hebrew original survives",n/a,"Codex Sinaiticus and Codex Alexandrinus preserve complete Greek Revelation",4th-5th century AD,"Early attestation by Justin Martyr and Irenaeus",Justin Martyr,mid 2nd century AD,"Revelation is text-critically important because of its distinctive manuscript profile and dense reuse of OT language.","This edition receives Revelation as genuine apostolic prophecy by John and rejects approaches that reduce it to merely coded political literature devoid of predictive revelation.","P47; Justin Martyr; Irenaeus; Revelation introductions.",draft
TOB,Tobit,67,Apocrypha,Tobit,Traditionally Tobit or a later inspired narrator in the Jewish diaspora tradition,"The book presents itself as family history from the Assyrian exile setting; exact human authorship is uncertain.","No NT attribution identifies a human writer; this edition treats Tobit as deuterocanonical/apocryphal literature included with the Brenton corpus, not as part of the Hebrew canon.",Hellenistic period composition using earlier story traditions,"MT timeline not applicable; no complete Hebrew canonical line exists, though Hebrew and Aramaic fragments survive at Qumran.","The Greek tradition is primary for the full book and is the form transmitted in Brenton LXX.","Diaspora family narrative centered on Tobit, Tobias, Sarah, Raphael, almsgiving, and providential deliverance.","To commend piety, almsgiving, marriage faithfulness, and trust in God's providence in exile.","diaspora piety; angelic aid; almsgiving; marriage; providence","Tobit's trial 1-3; Tobias's journey 4-11; praise and conclusion 12-14.","Qumran Aramaic and Hebrew Tobit fragments",2nd-1st centuries BC,"Qumran fragments provide the earliest surviving Tobit evidence",Second Temple period,"No complete Hebrew witness survives",n/a,"Codex Sinaiticus preserves a principal Greek text of Tobit",4th century AD,"Use in early Jewish and Christian literature",Early Christian fathers,2nd-4th centuries AD,"Tobit exists in multiple Greek forms, and Qumran fragments are important for evaluating the longer and shorter recensions.","Included here as part of the public-domain Brenton corpus and clearly distinguished from the Hebrew canon in intro metadata.","Qumran Tobit studies; Sinaiticus Tobit tradition; standard introductions.",draft
JDT,Judith,68,Apocrypha,Judith,Unknown Jewish author,"The book is anonymous and often read as edifying historical romance or compressed national story in Jewish tradition.","No NT attribution identifies a human writer; this edition includes Judith as part of the Brenton/Apocrypha corpus.",Hellenistic period,Not applicable,"The Greek tradition is primary for the full surviving book, though some later Hebrew forms exist.","Narrative of Judith's courageous deliverance of her people from foreign threat.","To celebrate zeal, courage, covenant loyalty, and God's deliverance through a faithful woman.","deliverance; courage; covenant zeal; prayer; reversal","Crisis and siege 1-7; Judith's intervention 8-13; deliverance and praise 14-16.","No early Hebrew original survives; Greek witness is primary",n/a,"Greek manuscript tradition is the main substantial witness",Hellenistic and later,n/a,n/a,"Codex Vaticanus and Alexandrinus preserve Judith in Greek",4th-5th century AD,"Used in patristic literature",Church fathers,2nd-4th centuries AD,"Judith's historical framework is difficult to harmonize in detail, and the Greek textual tradition is the central witness for the book.","Included as apocryphal/deuterocanonical material in the Brenton corpus, not as part of the Hebrew canon.","Standard introductions; major Greek codices.",draft
WIS,Wisdom,69,Apocrypha,Wisdom,Traditionally Solomon in literary voice; actually anonymous Jewish wisdom author,"The book speaks in Solomonic voice, but most scholarship sees an anonymous Jewish author writing in Greek.","No NT attribution identifies the human writer; the book is included here as part of the Brenton/Apocrypha corpus.",late 1st century BC,Not applicable,"Greek is the original language and the primary textual form.","Hellenistic Jewish wisdom work, likely from Alexandria, exalting righteousness, wisdom, and God's rule in history.","To commend divine wisdom, righteousness, and hope beyond death in a Hellenistic setting.","wisdom; righteousness; immortality; exodus typology; idolatry critique","Wisdom and righteous hope 1-5; praise of wisdom 6-9; wisdom in history 10-19.","No Hebrew original is known",n/a,"Greek text is primary and original",Hellenistic period,n/a,n/a,"Codex Vaticanus and Alexandrinus preserve Greek Wisdom",4th-5th century AD,"Used by early Christian writers",Church fathers,2nd-4th centuries AD,"Because Greek is original, textual work centers on the Greek tradition rather than MT/LXX comparison.","Included as Greek Jewish wisdom literature within the Brenton corpus, with its non-Hebrew-canonical status made explicit.","Standard introductions; codex catalogues.",draft
SIR,Sirach,70,Apocrypha,Sirach,Jesus son of Sirach; translated by his grandson,"The prologue identifies the translator and points back to Jesus ben Sirach as the original author.","No NT attribution identifies the writer; the work is included here as part of the Brenton/Apocrypha corpus.",early 2nd century BC,"Hebrew witnesses exist in part, though the book circulated widely in Greek through the translator's version.","The Greek translation by the grandson is the principal full form used in the LXX tradition.","Extended wisdom instruction combining practical, moral, and covenantal teaching with praise of Israel's fathers.","To teach wisdom, fear of the Lord, and faithful covenant life in a changing Hellenistic world.","wisdom; fear of the Lord; ethics; praise of fathers; law","Instruction and ethics 1-43; praise of the fathers 44-50; closing prayer and colophon 51.","Hebrew Sirach fragments from Cairo Geniza and other finds; Greek translator's prologue",2nd century BC onward,"Hebrew fragments are substantial but partial; Greek remains the principal full witness",Second Temple and medieval periods,"No complete ancient Hebrew witness survives",n/a,"Codex Vaticanus and Alexandrinus preserve Greek Sirach",4th-5th century AD,"Known and used by early Jewish and Christian writers",Early Christian fathers,2nd-4th centuries AD,"Sirach is important because partial Hebrew survives, allowing comparison with the Greek translation in many places.","Included here as Brenton Apocrypha material, with its partial Hebrew evidence noted but its non-Hebrew-canonical status maintained.","Translator's prologue; Hebrew Sirach studies; codex catalogues.",draft
BAR,Baruch,71,Apocrypha,Baruch,Attributed to Baruch in the book's frame; exact composition history debated,"The work presents itself in Baruch's name, but the final literary history is complex.","No NT attribution identifies the human writer; this edition includes Baruch as part of the Brenton/Apocrypha corpus.",exilic frame; likely later composition history,"No secure full Hebrew original survives for the whole book.","The Greek tradition is the principal full witness.","Exilic-style confession, wisdom, and consolation material linked to Jeremiah's circle.","To call the exiles to confession, wisdom, and hope in God's mercy.","confession; wisdom; exile; consolation; Jerusalem","Confession and prayer 1-3; wisdom poem 3-4; consolation 4-5.","No early full Hebrew witness survives",n/a,"Greek tradition is the principal substantial witness",Hellenistic and later,n/a,n/a,"Codex Vaticanus and Alexandrinus preserve Greek Baruch",4th-5th century AD,"Used in later Christian tradition",Church fathers,2nd-4th centuries AD,"Baruch is transmitted in Greek with important ties to Jeremiah material and to the Letter of Jeremiah in some traditions.","Included here as part of the Brenton Apocrypha and clearly separated from the Hebrew canon.","Standard introductions; major codices.",draft
LJE,Letter of Jeremiah,72,Apocrypha,Letter of Jeremiah,Attributed to Jeremiah in literary frame; exact human authorship uncertain,"The superscription links it with Jeremiah, but the work's precise literary history is debated.","No NT attribution identifies the human writer; it is included here as part of the Brenton Apocrypha corpus.",Hellenistic period or earlier tradition,Not applicable,"Greek is the principal full witness, though some Semitic background has been proposed.","Polemic letter against idolatry framed as warning to exiles.","To expose the folly of idols and strengthen covenant faithfulness in exile.","idolatry critique; exile; polemic; fidelity","Single sustained anti-idolatry discourse.","No secure full Hebrew witness survives",n/a,"Greek tradition is the principal substantial witness",Hellenistic and later,n/a,n/a,"Codex Vaticanus and Alexandrinus preserve the Greek Letter of Jeremiah",4th-5th century AD,"Used in later Christian tradition",Church fathers,2nd-4th centuries AD,"Often transmitted with Baruch; textual handling depends on the Greek tradition.","Included here as apocryphal material attached to the Brenton corpus.","Standard introductions; major codices.",draft
SUS,Susanna,73,Apocrypha,Susanna,Attached to Greek Daniel tradition,"The story survives in the Greek Daniel tradition rather than the Hebrew canon.","No NT attribution identifies a human writer; included here as a Greek Daniel addition in the Brenton corpus.",Hellenistic period,Not applicable,"Greek tradition is primary; this is one of the additions to Daniel preserved in the LXX stream.","Court tale of Susanna's vindication through Daniel's wisdom.","To vindicate chastity, expose corrupt judges, and honor God's justice.","justice; chastity; wisdom; vindication","Single narrative of accusation, trial, and vindication.","No early Hebrew original survives",n/a,"Greek Daniel traditions are the primary witnesses",Hellenistic and later,n/a,n/a,"Codex Vaticanus and Alexandrinus preserve Susanna in Greek Daniel tradition",4th-5th century AD,"Used in Christian tradition with Daniel",Church fathers,2nd-4th centuries AD,"Susanna belongs to the Greek Daniel textual tradition and must be handled alongside Old Greek/Theodotionic Daniel evidence.","Included here as Greek Daniel material in the Brenton corpus, not as part of the Hebrew Daniel canon.","Greek Daniel studies; codex catalogues.",draft
BEL,Bel and the Dragon,74,Apocrypha,Bel and the Dragon,Attached to Greek Daniel tradition,"The story survives in the Greek Daniel tradition rather than the Hebrew canon.","No NT attribution identifies a human writer; included here as a Greek Daniel addition in the Brenton corpus.",Hellenistic period,Not applicable,"Greek tradition is primary and transmitted with Daniel in the LXX stream.","Narratives exposing idolatry and celebrating God's deliverance of Daniel.","To mock idols, magnify the living God, and show Daniel's vindication.","idolatry critique; deliverance; Daniel; divine power","Bel exposed; dragon destroyed; Daniel delivered.","No early Hebrew original survives",n/a,"Greek Daniel traditions are the primary witnesses",Hellenistic and later,n/a,n/a,"Codex Vaticanus and Alexandrinus preserve Bel and the Dragon in Greek Daniel tradition",4th-5th century AD,"Used in Christian Daniel tradition",Church fathers,2nd-4th centuries AD,"Bel and the Dragon belongs to the Greek Daniel textual tradition and should be read alongside Susanna and Greek Daniel forms.","Included here as Greek Daniel material in the Brenton corpus, not as part of the Hebrew Daniel canon.","Greek Daniel studies; codex catalogues.",draft
1MA,1 Maccabees,75,Apocrypha,1 Maccabees,Anonymous Jewish historian,"The author is anonymous but writes close to the events in a sober historiographic style.","No NT attribution identifies the human writer; included here as historical Apocrypha in the Brenton corpus.",late 2nd century BC,"A Hebrew original is widely believed though not fully preserved; the complete book survives in Greek.","The Greek tradition is the principal full witness for the surviving text.","Historical narrative of the Maccabean revolt and Hasmonean rise.","To recount Jewish resistance, temple restoration, and political deliverance from Seleucid oppression.","revolt; temple; covenant zeal; martyrdom; deliverance; Hasmoneans","Antiochus and revolt 1-2; Judas Maccabeus 3-9; Jonathan 9-12; Simon 13-16.","No complete Hebrew original survives",n/a,"Greek text is the principal substantial witness",Hellenistic and later,"No complete Hebrew witness survives",n/a,"Codex Alexandrinus preserves 1 Maccabees in Greek",5th century AD,"Used by Josephus",Josephus,1st century AD,"1 Maccabees is historically valuable and comparatively straightforward textually within the Greek tradition.","Included as historical Apocrypha in the Brenton corpus, not as Hebrew-canonical Scripture.","Josephus; codex catalogues; Maccabees introductions.",draft
2MA,2 Maccabees,76,Apocrypha,2 Maccabees,Epitomist of Jason of Cyrene,"The book identifies itself as an epitome of a larger work by Jason of Cyrene.","No NT attribution identifies the human writer; included here as historical Apocrypha in the Brenton corpus.",late 2nd century BC,Not applicable,"Greek is the primary surviving form.","Theological historical narrative focused on selected episodes from the Maccabean crisis, temple, martyrdom, and divine justice.","To interpret the Maccabean crisis theologically, emphasizing prayer, martyrdom, resurrection hope, and God's vindication.","martyrdom; temple; resurrection hope; divine judgment; intercession","Preface 1-2; Heliodorus to Nicanor narratives 3-15.","No complete Hebrew original survives",n/a,"Greek text is the principal substantial witness",Hellenistic and later,n/a,n/a,"Codex Alexandrinus preserves 2 Maccabees in Greek",5th century AD,"Used by later Jewish and Christian writers",Josephus and church fathers,1st-4th centuries AD,"2 Maccabees is openly selective and theological rather than a full parallel chronicle to 1 Maccabees.","Included as Greek historical-religious Apocrypha in the Brenton corpus.","Maccabees introductions; codex catalogues.",draft
1ES,1 Esdras,77,Apocrypha,1 Esdras,Anonymous compiler of Greek Ezra material,"The book is an anonymous Greek retelling/arrangement of material parallel to Chronicles-Ezra-Nehemiah plus the Three Guards episode.","No NT attribution identifies the human writer; included here as Greek Apocrypha in the Brenton corpus.",Hellenistic period,Not applicable,"Greek is the principal textual tradition; it overlaps heavily with canonical Ezra material.","Retelling of restoration history with an added court tale about the strongest thing.","To present restoration themes and divine favor in a Greek retelling of Ezra-related history.","restoration; temple; return; wisdom; royal favor","Historical retelling 1-9 with Three Guards episode embedded.","No complete Hebrew original survives",n/a,"Greek text is the principal substantial witness",Hellenistic and later,n/a,n/a,"Codex Vaticanus and Alexandrinus preserve 1 Esdras in Greek",4th-5th century AD,"Used by Josephus in places",Josephus,1st century AD,"1 Esdras is text-critically important because it parallels canonical Ezra material and can preserve alternate Greek forms.","Included here as Greek Apocrypha and useful for comparison with Ezra-Nehemiah.","Josephus; codex catalogues; Ezra/Esdras studies.",draft
MAN,Prayer of Manasseh,78,Apocrypha,Prayer of Manasseh,Anonymous liturgical writer; framed in Manasseh's voice,"The prayer is transmitted as Manasseh's penitential prayer, though its literary history is uncertain.","No NT attribution identifies the human writer; included here as liturgical Apocrypha in the Brenton corpus.",Hellenistic or later,Not applicable,"Greek is the principal widely transmitted form.","Short penitential prayer framed by 2 Chronicles 33's notice about Manasseh's prayer.","To model repentance, confession, and appeal to divine mercy.","repentance; mercy; confession; humility","Single penitential prayer.","No complete Hebrew original survives",n/a,"Greek text is the principal substantial witness",late antiquity,n/a,n/a,"Greek and later liturgical traditions preserve the prayer",late antique and medieval periods,"Used in Christian liturgical and devotional tradition",Church tradition,late antique and medieval,"The prayer is brief and textually simple compared with larger apocryphal books.","Included here as devotional Apocrypha in the Brenton corpus.","Prayer of Manasseh introductions; liturgical tradition studies.",draft
3MA,3 Maccabees,79,Apocrypha,3 Maccabees,Anonymous Hellenistic Jewish author,"The author is anonymous and writes in Greek about persecution under Ptolemaic rule.","No NT attribution identifies the human writer; included here as Greek Apocrypha in the Brenton corpus.",Hellenistic period,Not applicable,"Greek is the original and principal form.","Diaspora narrative of threatened persecution and divine deliverance in Egypt.","To encourage Jews under pressure by recounting God's deliverance from royal oppression.","diaspora; persecution; deliverance; prayer; reversal","Royal threat 1-4; divine deliverance 5-7.","No Hebrew original is known",n/a,"Greek text is the principal substantial witness",Hellenistic and later,n/a,n/a,"Codex Alexandrinus preserves 3 Maccabees in Greek",5th century AD,"Used in later Eastern Christian tradition",Later church tradition,late antique and medieval,"3 Maccabees is Greek Jewish literature distinct from the Hasmonean history of 1-2 Maccabees.","Included here as Greek Apocrypha in the Brenton corpus.","3 Maccabees introductions; codex catalogues.",draft
4MA,4 Maccabees,80,Apocrypha,4 Maccabees,Anonymous Hellenistic Jewish philosopher-author,"The work is anonymous and reads as a philosophical discourse using martyr narratives.","No NT attribution identifies the human writer; included here as Greek Apocrypha in the Brenton corpus.",1st century AD or slightly earlier/later,Not applicable,"Greek is the original and principal form.","Philosophical-religious discourse on reason, law, passion, and martyrdom.","To argue that devout reason governs the passions, illustrated by martyr examples from the Maccabean era.","reason; martyrdom; law; virtue; endurance","Philosophical thesis 1-3; martyr examples 4-18.","No Hebrew original is known",n/a,"Greek text is the principal substantial witness",Roman period,n/a,n/a,"Codex Alexandrinus preserves 4 Maccabees in Greek appendix tradition",5th century AD,"Used in later Christian moral reflection",Church tradition,late antique and later,"4 Maccabees is philosophically distinct from 1-2 Maccabees and should be identified clearly as later Greek Jewish literature.","Included here as Greek Apocrypha in the Brenton corpus.","4 Maccabees introductions; codex catalogues.",draft
