name,kind,first_reference,source,english_equivalent,source_form,greek_form,name_meaning,equivalent_source,equivalent_confidence,footnote
Pishon,place,Genesis 2:11,ot,Pison,Pishon,Φισῶν·,changing; extension of the mouth,UKJV same-reference name-order alignment,aligned,Place-name meaning: Pison — changing; extension of the mouth. Standard English equivalent: Pison. Source form: Pishon. Greek form: Φισῶν·. Equivalent source: UKJV same-reference name-order alignment.
Gihon,place,Genesis 2:13,ot,Gihon,Gihon,Γεῶν·,valley of grace,UKJV same-reference name-order alignment,aligned,Place-name meaning: Gihon — valley of grace. Source form: Gihon. Greek form: Γεῶν·. Equivalent source: UKJV same-reference name-order alignment.
Ethiopia,place,Genesis 2:13,ot,Ethiopia,Ethiopia,Αἰθιοπίας,blackness; heat,UKJV same-reference name-order alignment,aligned,Place-name meaning: Ethiopia — blackness; heat. Source form: Ethiopia. Greek form: Αἰθιοπίας. Equivalent source: UKJV same-reference name-order alignment.
Tigris,place,Genesis 2:14,ot,Tigris,Tigris,Τίγρις·,meaning uncertain/not securely attested in the consulted name dictionaries,Logos Bible Knowledgebase alias,alias,Place-name meaning: Tigris — meaning uncertain/not securely attested in the consulted name dictionaries. Source form: Tigris. Greek form: Τίγρις·. Equivalent source: Logos Bible Knowledgebase alias.
Assyrians,people_group,Genesis 2:14,ot,,,,,,,Ethnic or group proper noun; retained as a people-name rather than translated as ordinary vocabulary.
Euphrates,place,Genesis 2:14,ot,Euphrate,Euphrates,Εὐφράτης,meaning uncertain/not securely attested in the consulted name dictionaries,UKJV same-reference name-order alignment,aligned,Place-name meaning: Euphrate — meaning uncertain/not securely attested in the consulted name dictionaries. Standard English equivalent: Euphrate. Source form: Euphrates. Greek form: Εὐφράτης. Equivalent source: UKJV same-reference name-order alignment.
Naid,place,Genesis 4:16,ot,Nod,Naid,Ναὶδ,vagabond; fugitive,UKJV same-reference name-order alignment,aligned,Place-name meaning: Nod — vagabond; fugitive. Standard English equivalent: Nod. Source form: Naid. Greek form: Ναὶδ. Equivalent source: UKJV same-reference name-order alignment.
Gaidad,person,Genesis 4:18,ot,,,,,,,Source text carries this as a personal name; retained as a proper noun rather than translated as ordinary vocabulary.
Ada,person,Genesis 4:19,ot,,,,,,,Source text carries this as a personal name; retained as a proper noun rather than translated as ordinary vocabulary.
Iobel,person,Genesis 4:20,ot,,,,,,,Source text carries this as a personal name; retained as a proper noun rather than translated as ordinary vocabulary.
Enos,person,Genesis 4:26,ot,,,,,,,Source text carries this as a personal name; retained as a proper noun rather than translated as ordinary vocabulary.
Cainan,person,Genesis 5:9,ot,,,,,,,Source text carries this as a personal name; retained as a proper noun rather than translated as ordinary vocabulary.
Ararat,place,Genesis 8:4,ot,Ararat,Ararat,᾿Αραράτ,the curse of trembling,UKJV same-reference name-order alignment,aligned,Place-name meaning: Ararat — the curse of trembling. Source form: Ararat. Greek form: ᾿Αραράτ. Equivalent source: UKJV same-reference name-order alignment.
Madai,person,Genesis 10:2,ot,,,,,,,Source text carries this as a personal name; retained as a proper noun rather than translated as ordinary vocabulary.
Riphath,person,Genesis 10:3,ot,,,,,,,Source text carries this as a personal name; retained as a proper noun rather than translated as ordinary vocabulary.
Babylon,place,Genesis 10:10,ot,Babel,Babylon,Βαβυλὼν,confusion; mixture,UKJV same-reference name-order alignment,aligned,Place-name meaning: Babel — confusion; mixture. Standard English equivalent: Babel. Source form: Babylon. Greek form: Βαβυλὼν. Equivalent source: UKJV same-reference name-order alignment.
Nineveh,place,Genesis 10:11,ot,Nineveh,Nineveh,Νινευΐ,handsome; agreeable,UKJV same-reference name-order alignment,aligned,Place-name meaning: Nineveh — handsome; agreeable. Source form: Nineveh. Greek form: Νινευΐ. Equivalent source: UKJV same-reference name-order alignment.
Phylistieim,people_group,Genesis 10:14,ot,,,,,,,Ethnic or group proper noun; retained as a people-name rather than translated as ordinary vocabulary.
Gergesite,people_group,Genesis 10:16,ot,,,,,,,Ethnic or group proper noun; retained as a people-name rather than translated as ordinary vocabulary.
Canaanites,people_group,Genesis 10:18,ot,,,,,,,Ethnic or group proper noun; retained as a people-name rather than translated as ordinary vocabulary.
Gerara,place,Genesis 10:19,ot,Gerar,Gerara,Γεραρὰ,same as Gera,UKJV same-reference name-order alignment,aligned,Place-name meaning: Gerar — same as Gera. Standard English equivalent: Gerar. Source form: Gerara. Greek form: Γεραρὰ. Equivalent source: UKJV same-reference name-order alignment.
Gaza,place,Genesis 10:19,ot,Gaza,Gaza,Γαζάν,strong; a goat,UKJV same-reference name-order alignment,aligned,Place-name meaning: Gaza — strong; a goat. Source form: Gaza. Greek form: Γαζάν. Equivalent source: UKJV same-reference name-order alignment.
Sodom,place,Genesis 10:19,ot,Sodom,Sodom,Σοδόμων,their secret; their cement,UKJV same-reference name-order alignment,aligned,Place-name meaning: Sodom — their secret; their cement. Source form: Sodom. Greek form: Σοδόμων. Equivalent source: UKJV same-reference name-order alignment.
Gomorrah,place,Genesis 10:19,ot,Gomorrah,Gomorrah,Γομόρρας,rebellious people,UKJV same-reference name-order alignment,aligned,Place-name meaning: Gomorrah — rebellious people. Source form: Gomorrah. Greek form: Γομόρρας. Equivalent source: UKJV same-reference name-order alignment.
Dasa,place,Genesis 10:19,ot,Lasha,Dasa,Δασά,meaning uncertain/not securely attested in the consulted name dictionaries,UKJV same-reference name-order alignment,aligned,Place-name meaning: Lasha — meaning uncertain/not securely attested in the consulted name dictionaries. Standard English equivalent: Lasha. Source form: Dasa. Greek form: Δασά. Equivalent source: UKJV same-reference name-order alignment.
Arphaxad,person,Genesis 10:22,ot,,,,,,,Source text carries this as a personal name; retained as a proper noun rather than translated as ordinary vocabulary.
Aram,place,Genesis 10:22,ot,Ram,Aram,᾿Αρὰμ,elevated; sublime,UKJV same-reference name-order alignment,aligned,Place-name meaning: Ram — elevated; sublime. Standard English equivalent: Ram. Source form: Aram. Greek form: ᾿Αρὰμ. Equivalent source: UKJV same-reference name-order alignment.
Sala,person,Genesis 10:24,ot,,,,,,,Source text carries this as a personal name; retained as a proper noun rather than translated as ordinary vocabulary.
Abimael,person,Genesis 10:27,ot,,,,,,,Source text carries this as a personal name; retained as a proper noun rather than translated as ordinary vocabulary.
Jobab,person,Genesis 10:28,ot,,,,,,,Source text carries this as a personal name; retained as a proper noun rather than translated as ordinary vocabulary.
Masse,place,Genesis 10:30,ot,Massa,Masse,Μασσῆ,a burden; prophecy,UKJV same-reference name-order alignment,aligned,Place-name meaning: Massa — a burden; prophecy. Standard English equivalent: Massa. Source form: Masse. Greek form: Μασσῆ. Equivalent source: UKJV same-reference name-order alignment.
Chaldeans,people_group,Genesis 11:28,ot,,,,,,,Ethnic or group proper noun; retained as a people-name rather than translated as ordinary vocabulary.
Sychem,transliterated_form,Genesis 12:6,ot,Shechem,Sychem,Συχέμ,part; portion; back early in the morning,manual/standard English equivalent,manual,Standard English equivalent: Shechem. Source form: Sychem. Greek form: Συχέμ. Name meaning: part; portion; back early in the morning. Equivalent source: manual/standard English equivalent.
Egyptians,people_group,Genesis 12:12,ot,,,,,,,Ethnic or group proper noun; retained as a people-name rather than translated as ordinary vocabulary.
Perizzites,people_group,Genesis 13:7,ot,,,,,,,Ethnic or group proper noun; retained as a people-name rather than translated as ordinary vocabulary.
Jordan,place,Genesis 13:10,ot,Jordan,Jordan,᾿Ιορδάνου,the river of judgment,UKJV same-reference name-order alignment,aligned,Place-name meaning: Jordan — the river of judgment. Source form: Jordan. Greek form: ᾿Ιορδάνου. Equivalent source: UKJV same-reference name-order alignment.
Zoar,place,Genesis 13:10,ot,Zoar,Zoar,Ζόγορα,little; small,UKJV same-reference name-order alignment,aligned,Place-name meaning: Zoar — little; small. Source form: Zoar. Greek form: Ζόγορα. Equivalent source: UKJV same-reference name-order alignment.
Arioch,person,Genesis 14:1,ot,,,,,,,Source text carries this as a personal name; retained as a proper noun rather than translated as ordinary vocabulary.
Ellasar,place,Genesis 14:1,ot,Ellasar,Ellasar,᾿Ελλασάρ,revolting from God,UKJV same-reference name-order alignment,aligned,Place-name meaning: Ellasar — revolting from God. Source form: Ellasar. Greek form: ᾿Ελλασάρ. Equivalent source: UKJV same-reference name-order alignment.
Balak,person,Genesis 14:2,ot,,,,,,,Source text carries this as a personal name; retained as a proper noun rather than translated as ordinary vocabulary.
Astaroth,place,Genesis 14:5,ot,Ashtaroth,Astaroth,᾿Ασταρὼθ,"Ashtoreth, flocks; sheep; riches",UKJV same-reference name-order alignment,aligned,"Place-name meaning: Ashtaroth — Ashtoreth, flocks; sheep; riches. Standard English equivalent: Ashtaroth. Source form: Astaroth. Greek form: ᾿Ασταρὼθ. Equivalent source: UKJV same-reference name-order alignment."
Karnaim,place,Genesis 14:5,ot,Karnaim,Karnaim,Καρναΐν,horns,UKJV same-reference witness,1.00,Place-name meaning: Karnaim — horns. Source form: Karnaim. Greek form: Καρναΐν. Equivalent source: UKJV same-reference witness.
Ommaeans,people_group,Genesis 14:5,ot,,,,,,,Ethnic or group proper noun; retained as a people-name rather than translated as ordinary vocabulary.
Seir,person,Genesis 14:6,ot,,,,,,,Source text carries this as a personal name; retained as a proper noun rather than translated as ordinary vocabulary.
Amalek,person,Genesis 14:7,ot,,,,,,,Source text carries this as a personal name; retained as a proper noun rather than translated as ordinary vocabulary.
Amorites,people_group,Genesis 14:7,ot,,,,,,,Ethnic or group proper noun; retained as a people-name rather than translated as ordinary vocabulary.
Hebrew,person,Genesis 14:13,ot,,,,,,,Source text carries this as a personal name; retained as a proper noun rather than translated as ordinary vocabulary.
Amorite,people_group,Genesis 14:13,ot,,,,,,,Ethnic or group proper noun; retained as a people-name rather than translated as ordinary vocabulary.
Choba,place,Genesis 14:15,ot,Hobah,Choba,Χοβά,love; friendship; secrecy,UKJV same-reference name-order alignment,aligned,Place-name meaning: Hobah — love; friendship; secrecy. Standard English equivalent: Hobah. Source form: Choba. Greek form: Χοβά. Equivalent source: UKJV same-reference name-order alignment.
Damascus,place,Genesis 14:15,ot,Damascu,Damascus,Δαμασκοῦ,meaning uncertain/not securely attested in the consulted name dictionaries,UKJV same-reference name-order alignment,aligned,Place-name meaning: Damascu — meaning uncertain/not securely attested in the consulted name dictionaries. Standard English equivalent: Damascu. Source form: Damascus. Greek form: Δαμασκοῦ. Equivalent source: UKJV same-reference name-order alignment.
Salem,place,Genesis 14:18,ot,Shallum,Salem,Σαλὴμ,perfect; agreeable,UKJV same-reference name-order alignment,aligned,Place-name meaning: Shallum — perfect; agreeable. Standard English equivalent: Shallum. Source form: Salem. Greek form: Σαλὴμ. Equivalent source: UKJV same-reference name-order alignment.
Eliezer,person,Genesis 15:2,ot,,,,,,,Source text carries this as a personal name; retained as a proper noun rather than translated as ordinary vocabulary.
Kenites,people_group,Genesis 15:19,ot,,,,,,,Ethnic or group proper noun; retained as a people-name rather than translated as ordinary vocabulary.
Hittites,people_group,Genesis 15:20,ot,,,,,,,Ethnic or group proper noun; retained as a people-name rather than translated as ordinary vocabulary.
Hivites,people_group,Genesis 15:21,ot,,,,,,,Ethnic or group proper noun; retained as a people-name rather than translated as ordinary vocabulary.
Jebusites,people_group,Genesis 15:21,ot,,,,,,,Ethnic or group proper noun; retained as a people-name rather than translated as ordinary vocabulary.
Egyptian,people_group,Genesis 16:1,ot,,,,,,,Ethnic or group proper noun; retained as a people-name rather than translated as ordinary vocabulary.
Shur,place,Genesis 16:7,ot,Shur,Shur,Σούρ,wall; ox; that beholds,UKJV same-reference name-order alignment,aligned,Place-name meaning: Shur — wall; ox; that beholds. Source form: Shur. Greek form: Σούρ. Equivalent source: UKJV same-reference name-order alignment.
Kadesh,transliterated_form,Genesis 16:14,ot,Kadesh,Kadesh,Κάδης,holiness,UKJV same-reference name-order alignment,aligned,Standard English equivalent: Kadesh. Source form: Kadesh. Greek form: Κάδης. Name meaning: holiness. Equivalent source: UKJV same-reference name-order alignment.
Barad,place,Genesis 16:14,ot,Bedad,Barad,Βαράδ,alone; solitary,UKJV same-reference name-order alignment,aligned,Place-name meaning: Bedad — alone; solitary. Standard English equivalent: Bedad. Source form: Barad. Greek form: Βαράδ. Equivalent source: UKJV same-reference name-order alignment.
Moab,place,Genesis 19:37,ot,Moab,Moab,Μωὰβ,of his father,UKJV same-reference name-order alignment,aligned,Place-name meaning: Moab — of his father. Source form: Moab. Greek form: Μωὰβ. Equivalent source: UKJV same-reference name-order alignment.
Moabites,people_group,Genesis 19:37,ot,,,,,,,Ethnic or group proper noun; retained as a people-name rather than translated as ordinary vocabulary.
Amman,place,Genesis 19:38,ot,Benammi,Amman,᾿Αμμάν,son of my people,UKJV same-reference name-order alignment,aligned,Place-name meaning: Benammi — son of my people. Standard English equivalent: Benammi. Source form: Amman. Greek form: ᾿Αμμάν. Equivalent source: UKJV same-reference name-order alignment.
Philistines,people_group,Genesis 21:32,ot,,,,,,,Ethnic or group proper noun; retained as a people-name rather than translated as ordinary vocabulary.
Uz,place,Genesis 22:21,ot,Huz,Uz,Οὒζ,counsel; woods; fastened,UKJV same-reference name-order alignment,aligned,Place-name meaning: Huz — counsel; woods; fastened. Standard English equivalent: Huz. Source form: Uz. Greek form: Οὒζ. Equivalent source: UKJV same-reference name-order alignment.
Syrians,people_group,Genesis 22:21,ot,,,,,,,Ethnic or group proper noun; retained as a people-name rather than translated as ordinary vocabulary.
Bathouel,person,Genesis 22:22,ot,,,,,,,Source text carries this as a personal name; retained as a proper noun rather than translated as ordinary vocabulary.
Rebecca,person,Genesis 22:23,ot,,,,,,,Source text carries this as a personal name; retained as a proper noun rather than translated as ordinary vocabulary.
Tabek,person,Genesis 22:24,ot,,,,,,,Source text carries this as a personal name; retained as a proper noun rather than translated as ordinary vocabulary.
Tochos,person,Genesis 22:24,ot,,,,,,,Source text carries this as a personal name; retained as a proper noun rather than translated as ordinary vocabulary.
Heth,person,Genesis 23:3,ot,,,,,,,Source text carries this as a personal name; retained as a proper noun rather than translated as ordinary vocabulary.
Ephron,place,Genesis 23:8,ot,Ephron,Ephron,᾿Εφρὼν,dust,UKJV same-reference name-order alignment,aligned,Place-name meaning: Ephron — dust. Source form: Ephron. Greek form: ᾿Εφρὼν. Equivalent source: UKJV same-reference name-order alignment.
Hittite,people_group,Genesis 23:10,ot,,,,,,,Ethnic or group proper noun; retained as a people-name rather than translated as ordinary vocabulary.
Put,person,Genesis 24:2,ot,,,,,,,Source text carries this as a personal name; retained as a proper noun rather than translated as ordinary vocabulary.
Mesopotamia,place,Genesis 24:10,ot,Mesopotamia,Mesopotamia,Μεσοποταμίαν,between two rivers,UKJV same-reference name-order alignment,aligned,Place-name meaning: Mesopotamia — between two rivers. Source form: Mesopotamia. Greek form: Μεσοποταμίαν. Equivalent source: UKJV same-reference name-order alignment.
Milcah,person,Genesis 24:15,ot,,,,,,,Source text carries this as a personal name; retained as a proper noun rather than translated as ordinary vocabulary.
Thaiman,transliterated_form,Genesis 25:3,ot,Teman,Thaiman,Θαιμὰν,"Temani, the south; Africa; perfect",manual/standard English equivalent,manual,"Standard English equivalent: Teman. Source form: Thaiman. Greek form: Θαιμὰν. Name meaning: Temani, the south; Africa; perfect. Equivalent source: manual/standard English equivalent."
Nabaioth,place,Genesis 25:13,ot,Nebajoth,Nabaioth,Ναβαιώθ,meaning uncertain/not securely attested in the consulted name dictionaries,UKJV same-reference name-order alignment,aligned,Place-name meaning: Nebajoth — meaning uncertain/not securely attested in the consulted name dictionaries. Standard English equivalent: Nebajoth. Source form: Nabaioth. Greek form: Ναβαιώθ. Equivalent source: UKJV same-reference name-order alignment.
Syrian,person,Genesis 25:20,ot,,,,,,,Source text carries this as a personal name; retained as a proper noun rather than translated as ordinary vocabulary.
Syria,place,Genesis 25:20,ot,Syrian,Syria,Συρίας,meaning uncertain/not securely attested in the consulted name dictionaries,UKJV same-reference name-order alignment,aligned,Place-name meaning: Syrian — meaning uncertain/not securely attested in the consulted name dictionaries. Standard English equivalent: Syrian. Source form: Syria. Greek form: Συρίας. Equivalent source: UKJV same-reference name-order alignment.
Edom,place,Genesis 25:30,ot,Edom,Edom,᾿Εδώμ,"red, earthy; of blood",UKJV same-reference name-order alignment,aligned,"Place-name meaning: Edom — red, earthy; of blood. Source form: Edom. Greek form: ᾿Εδώμ. Equivalent source: UKJV same-reference name-order alignment."
Gerar,place,Genesis 26:17,ot,Gerar,Gerar,Γεράρων,same as Gera,UKJV same-reference name-order alignment,aligned,Place-name meaning: Gerar — same as Gera. Source form: Gerar. Greek form: Γεράρων. Equivalent source: UKJV same-reference name-order alignment.
Judith,person,Genesis 26:34,ot,,,,,,,Source text carries this as a personal name; retained as a proper noun rather than translated as ordinary vocabulary.
Basemath,person,Genesis 26:34,ot,,,,,,,Source text carries this as a personal name; retained as a proper noun rather than translated as ordinary vocabulary.
Helon,person,Genesis 26:34,ot,,,,,,,Source text carries this as a personal name; retained as a proper noun rather than translated as ordinary vocabulary.
Dinah,person,Genesis 30:21,ot,,,,,,,Source text carries this as a personal name; retained as a proper noun rather than translated as ordinary vocabulary.
Jabbok,place,Genesis 32:22,ot,Jabbok,Jabbok,᾿Ιαβώκ·,evacuation; dissipation; wrestling,UKJV same-reference name-order alignment,aligned,Place-name meaning: Jabbok — evacuation; dissipation; wrestling. Source form: Jabbok. Greek form: ᾿Ιαβώκ·. Equivalent source: UKJV same-reference name-order alignment.
Hivite,people_group,Genesis 34:2,ot,,,,,,,Ethnic or group proper noun; retained as a people-name rather than translated as ordinary vocabulary.
Deborah,person,Genesis 35:8,ot,,,,,,,Source text carries this as a personal name; retained as a proper noun rather than translated as ordinary vocabulary.
Ephratha,place,Genesis 35:16,ot,Ephrathah,Ephratha,᾿Εφραθᾶ,"Ephrath, abundance; bearing fruit",manual/standard English equivalent,manual,"Place-name meaning: Ephrathah — Ephrath, abundance; bearing fruit. Standard English equivalent: Ephrathah. Source form: Ephratha. Greek form: ᾿Εφραθᾶ. Equivalent source: manual/standard English equivalent."
Bethlehem,place,Genesis 35:19,ot,Bethlehem,Bethlehem,Βηθλεέμ,house of bread,manual/standard English equivalent,manual,Place-name meaning: Bethlehem — house of bread. Source form: Bethlehem. Greek form: Βηθλεέμ. Equivalent source: manual/standard English equivalent.
Ailon,place,Genesis 36:2,ot,Elon,Ailon,Αἰλὼμ,oak; grove; strong,UKJV same-reference name-order alignment,aligned,Place-name meaning: Elon — oak; grove; strong. Standard English equivalent: Elon. Source form: Ailon. Greek form: Αἰλὼμ. Equivalent source: UKJV same-reference name-order alignment.
Ana,transliterated_form,Genesis 36:2,ot,Anah,Ana,᾿Ανὰ,one who answers; afflicted,UKJV same-reference name-order alignment,aligned,Standard English equivalent: Anah. Source form: Ana. Greek form: ᾿Ανὰ. Name meaning: one who answers; afflicted. Equivalent source: UKJV same-reference name-order alignment.
Eliphas,transliterated_form,Genesis 36:4,ot,Eliphaz,Eliphas,῾Ελιφάς,the endeavor of God,manual/standard English equivalent,manual,Standard English equivalent: Eliphaz. Source form: Eliphas. Greek form: ῾Ελιφάς. Name meaning: the endeavor of God. Equivalent source: manual/standard English equivalent.
Kore,person,Genesis 36:5,ot,,,,,,,Source text carries this as a personal name; retained as a proper noun rather than translated as ordinary vocabulary.
Omar,person,Genesis 36:11,ot,,,,,,,Source text carries this as a personal name; retained as a proper noun rather than translated as ordinary vocabulary.
Sophar,place,Genesis 36:11,ot,Shepho,Sophar,Σωφάρ,desert,UKJV same-reference name-order alignment,aligned,Place-name meaning: Shepho — desert. Standard English equivalent: Shepho. Source form: Sophar. Greek form: Σωφάρ. Equivalent source: UKJV same-reference name-order alignment.
Idumea,place,Genesis 36:16,ot,Idumea,Idumea,᾿Ιδουμαίᾳ·,red; earthy; bloody,UKJV same-reference name-order alignment,aligned,Place-name meaning: Idumea — red; earthy; bloody. Source form: Idumea. Greek form: ᾿Ιδουμαίᾳ·. Equivalent source: UKJV same-reference name-order alignment.
Lotan,person,Genesis 36:20,ot,,,,,,,Source text carries this as a personal name; retained as a proper noun rather than translated as ordinary vocabulary.
Sobal,place,Genesis 36:20,ot,Shobal,Sobal,Σωβάλ,path; ear of corn,UKJV same-reference name-order alignment,aligned,Place-name meaning: Shobal — path; ear of corn. Standard English equivalent: Shobal. Source form: Sobal. Greek form: Σωβάλ. Equivalent source: UKJV same-reference name-order alignment.
Ithran,person,Genesis 36:26,ot,,,,,,,Source text carries this as a personal name; retained as a proper noun rather than translated as ordinary vocabulary.
Aran,person,Genesis 36:28,ot,,,,,,,Source text carries this as a personal name; retained as a proper noun rather than translated as ordinary vocabulary.
Asom,person,Genesis 36:34,ot,,,,,,,Source text carries this as a personal name; retained as a proper noun rather than translated as ordinary vocabulary.
Masekka,place,Genesis 36:36,ot,Masrekah,Masekka,Μασεκκᾶς,whistling; hissing,UKJV same-reference name-order alignment,aligned,Place-name meaning: Masrekah — whistling; hissing. Standard English equivalent: Masrekah. Source form: Masekka. Greek form: Μασεκκᾶς. Equivalent source: UKJV same-reference name-order alignment.
Rooboth,place,Genesis 36:37,ot,Rehoboth,Rooboth,Ροωβὼθ,spaces; places,UKJV same-reference name-order alignment,aligned,Place-name meaning: Rehoboth — spaces; places. Standard English equivalent: Rehoboth. Source form: Rooboth. Greek form: Ροωβὼθ. Equivalent source: UKJV same-reference name-order alignment.
Phogor,place,Genesis 36:39,ot,Peor,Phogor,Φογώρ,hole; opening,UKJV same-reference name-order alignment,aligned,Place-name meaning: Peor — hole; opening. Standard English equivalent: Peor. Source form: Phogor. Greek form: Φογώρ. Equivalent source: UKJV same-reference name-order alignment.
Maizoob,person,Genesis 36:39,ot,,,,,,,Source text carries this as a personal name; retained as a proper noun rather than translated as ordinary vocabulary.
Jether,person,Genesis 36:40,ot,,,,,,,Source text carries this as a personal name; retained as a proper noun rather than translated as ordinary vocabulary.
Zilpah,person,Genesis 37:2,ot,,,,,,,Source text carries this as a personal name; retained as a proper noun rather than translated as ordinary vocabulary.
Ishmaelite,people_group,Genesis 37:25,ot,,,,,,,Ethnic or group proper noun; retained as a people-name rather than translated as ordinary vocabulary.
Ishmaelites,people_group,Genesis 37:27,ot,,,,,,,Ethnic or group proper noun; retained as a people-name rather than translated as ordinary vocabulary.
Midianite,people_group,Genesis 37:28,ot,,,,,,,Ethnic or group proper noun; retained as a people-name rather than translated as ordinary vocabulary.
Midianites,people_group,Genesis 37:36,ot,,,,,,,Ethnic or group proper noun; retained as a people-name rather than translated as ordinary vocabulary.
Potiphar,person,Genesis 37:36,ot,,,,,,,Source text carries this as a personal name; retained as a proper noun rather than translated as ordinary vocabulary.
Adullamite,people_group,Genesis 38:1,ot,,,,,,,Ethnic or group proper noun; retained as a people-name rather than translated as ordinary vocabulary.
Hirah,person,Genesis 38:1,ot,,,,,,,Source text carries this as a personal name; retained as a proper noun rather than translated as ordinary vocabulary.
Canaanite,people_group,Genesis 38:2,ot,,,,,,,Ethnic or group proper noun; retained as a people-name rather than translated as ordinary vocabulary.
Shua,person,Genesis 38:2,ot,,,,,,,Source text carries this as a personal name; retained as a proper noun rather than translated as ordinary vocabulary.
Er,person,Genesis 38:3,ot,,,,,,,Source text carries this as a personal name; retained as a proper noun rather than translated as ordinary vocabulary.
Onan,person,Genesis 38:4,ot,,,,,,,Source text carries this as a personal name; retained as a proper noun rather than translated as ordinary vocabulary.
Shelah,person,Genesis 38:5,ot,,,,,,,Source text carries this as a personal name; retained as a proper noun rather than translated as ordinary vocabulary.
Enaim,place,Genesis 38:14,ot,Enaim,Enaim,ἐν,meaning uncertain/not securely attested in the consulted name dictionaries,Logos Bible Knowledgebase alias,alias,Place-name meaning: Enaim — meaning uncertain/not securely attested in the consulted name dictionaries. Source form: Enaim. Greek form: ἐν. Equivalent source: Logos Bible Knowledgebase alias.
Perez,person,Genesis 38:29,ot,,,,,,,Source text carries this as a personal name; retained as a proper noun rather than translated as ordinary vocabulary.
Zerah,person,Genesis 38:30,ot,,,,,,,Source text carries this as a personal name; retained as a proper noun rather than translated as ordinary vocabulary.
Hebrews,people_group,Genesis 40:15,ot,,,,,,,Ethnic or group proper noun; retained as a people-name rather than translated as ordinary vocabulary.
Arabia,place,Genesis 45:10,ot,Arabia,Arabia,᾿Αραβίας,evening; desert; ravens,UKJV same-reference name-order alignment,aligned,Place-name meaning: Arabia — evening; desert; ravens. Source form: Arabia. Greek form: ᾿Αραβίας. Equivalent source: UKJV same-reference name-order alignment.
Jemuel,person,Genesis 46:10,ot,,,,,,,Source text carries this as a personal name; retained as a proper noun rather than translated as ordinary vocabulary.
Jamin,person,Genesis 46:10,ot,,,,,,,Source text carries this as a personal name; retained as a proper noun rather than translated as ordinary vocabulary.
Jachin,person,Genesis 46:10,ot,,,,,,,Source text carries this as a personal name; retained as a proper noun rather than translated as ordinary vocabulary.
Merari,person,Genesis 46:11,ot,,,,,,,Source text carries this as a personal name; retained as a proper noun rather than translated as ordinary vocabulary.
Selom,person,Genesis 46:12,ot,,,,,,,Source text carries this as a personal name; retained as a proper noun rather than translated as ordinary vocabulary.
Phares,transliterated_form,Genesis 46:12,ot,Perez,Phares,Φαρὲς,divided,manual/standard English equivalent,manual,Standard English equivalent: Perez. Source form: Phares. Greek form: Φαρὲς. Name meaning: divided. Equivalent source: manual/standard English equivalent.
Zara,transliterated_form,Genesis 46:12,ot,Zerah,Zara,Ζαρά·,same as Zarah,manual/standard English equivalent,manual,Standard English equivalent: Zerah. Source form: Zara. Greek form: Ζαρά·. Name meaning: same as Zarah. Equivalent source: manual/standard English equivalent.
Sered,person,Genesis 46:14,ot,,,,,,,Source text carries this as a personal name; retained as a proper noun rather than translated as ordinary vocabulary.
Allon,person,Genesis 46:14,ot,,,,,,,Source text carries this as a personal name; retained as a proper noun rather than translated as ordinary vocabulary.
Machir,person,Genesis 46:20,ot,,,,,,,Source text carries this as a personal name; retained as a proper noun rather than translated as ordinary vocabulary.
Galaad,transliterated_form,Genesis 46:20,ot,Gilead,Galaad,Γαλαάδ,the heap or mass of testimony,manual/standard English equivalent,manual,Standard English equivalent: Gilead. Source form: Galaad. Greek form: Γαλαάδ. Name meaning: the heap or mass of testimony. Equivalent source: manual/standard English equivalent.
Gera,person,Genesis 46:21,ot,,,,,,,Source text carries this as a personal name; retained as a proper noun rather than translated as ordinary vocabulary.
Asiel,person,Genesis 46:24,ot,,,,,,,Source text carries this as a personal name; retained as a proper noun rather than translated as ordinary vocabulary.
Sikima,place,Genesis 48:22,ot,Shechem,Sikima,Σίκιμα,part; portion; back early in the morning,Logos Bible Knowledgebase alias,alias,Place-name meaning: Shechem — part; portion; back early in the morning. Standard English equivalent: Shechem. Source form: Sikima. Greek form: Σίκιμα. Equivalent source: Logos Bible Knowledgebase alias.
Pithom,place,Exodus 1:11,ot,Pithom,Pithom,πιθωμ,their mouthful; a dilatation of the mouth,UKJV same-reference witness,1.00,Place-name meaning: Pithom — their mouthful; a dilatation of the mouth. Source form: Pithom. Greek form: πιθωμ. Equivalent source: UKJV same-reference witness.
Raguel,person,Exodus 2:18,ot,,,,,,,Source text carries this as a personal name; retained as a proper noun rather than translated as ordinary vocabulary.
Horeb,place,Exodus 3:1,ot,Horeb,Horeb,χωρηβ,desert; solitude; destruction,UKJV same-reference name-order alignment,aligned,Place-name meaning: Horeb — desert; solitude; destruction. Source form: Horeb. Greek form: χωρηβ. Equivalent source: UKJV same-reference name-order alignment.
Girgashites,people_group,Exodus 3:8,ot,,,,,,,Ethnic or group proper noun; retained as a people-name rather than translated as ordinary vocabulary.
Levite,people_group,Exodus 4:14,ot,,,,,,,Ethnic or group proper noun; retained as a people-name rather than translated as ordinary vocabulary.
Semei,person,Exodus 6:17,ot,,,,,,,Source text carries this as a personal name; retained as a proper noun rather than translated as ordinary vocabulary.
Chebron,transliterated_form,Exodus 6:18,ot,Hebron,Chebron,χεβρων,society; friendship,manual/standard English equivalent,manual,Standard English equivalent: Hebron. Source form: Chebron. Greek form: χεβρων. Name meaning: society; friendship. Equivalent source: manual/standard English equivalent.
Oziel,person,Exodus 6:18,ot,,,,,,,Source text carries this as a personal name; retained as a proper noun rather than translated as ordinary vocabulary.
Zechri,person,Exodus 6:21,ot,,,,,,,Source text carries this as a personal name; retained as a proper noun rather than translated as ordinary vocabulary.
Elisabeth,transliterated_form,Exodus 6:23,ot,Elizabeth,Elisabeth,ελισαβεθ,God is my oath,manual/standard English equivalent,manual,Standard English equivalent: Elizabeth. Source form: Elisabeth. Greek form: ελισαβεθ. Name meaning: God is my oath. Equivalent source: manual/standard English equivalent.
Aminadab,transliterated_form,Exodus 6:23,ot,Amminadab,Aminadab,αμιναδαβ,my people is liberal,manual/standard English equivalent,manual,Standard English equivalent: Amminadab. Source form: Aminadab. Greek form: αμιναδαβ. Name meaning: my people is liberal. Equivalent source: manual/standard English equivalent.
Naasson,transliterated_form,Exodus 6:23,ot,Nahshon,Naasson,ναασσων,same as Naashon,manual/standard English equivalent,manual,Standard English equivalent: Nahshon. Source form: Naasson. Greek form: ναασσων. Name meaning: same as Naashon. Equivalent source: manual/standard English equivalent.
Abiud,transliterated_form,Exodus 6:23,ot,Abiud,Abiud,αβιουδ,father of praise,manual/standard English equivalent,manual,Standard English equivalent: Abiud. Source form: Abiud. Greek form: αβιουδ. Name meaning: father of praise. Equivalent source: manual/standard English equivalent.
Eleazar,person,Exodus 6:23,ot,,,,,,,Source text carries this as a personal name; retained as a proper noun rather than translated as ordinary vocabulary.
Abiasaph,person,Exodus 6:24,ot,,,,,,,Source text carries this as a personal name; retained as a proper noun rather than translated as ordinary vocabulary.
Phinees,transliterated_form,Exodus 6:25,ot,Phinehas,Phinees,φινεες,bold aspect; face of trust or protection,manual/standard English equivalent,manual,Standard English equivalent: Phinehas. Source form: Phinees. Greek form: φινεες. Name meaning: bold aspect; face of trust or protection. Equivalent source: manual/standard English equivalent.
Levites,people_group,Exodus 6:25,ot,,,,,,,Ethnic or group proper noun; retained as a people-name rather than translated as ordinary vocabulary.
Goshen,place,Exodus 8:18,ot,Goshen,Goshen,γην,approaching; drawing near,UKJV same-reference name-order alignment,aligned,Place-name meaning: Goshen — approaching; drawing near. Source form: Goshen. Greek form: γην. Equivalent source: UKJV same-reference name-order alignment.
Rameses,place,Exodus 12:37,ot,Ramese,Rameses,ραμεσση,meaning uncertain/not securely attested in the consulted name dictionaries,UKJV same-reference name-order alignment,aligned,Place-name meaning: Ramese — meaning uncertain/not securely attested in the consulted name dictionaries. Standard English equivalent: Ramese. Source form: Rameses. Greek form: ραμεσση. Equivalent source: UKJV same-reference name-order alignment.
Othom,place,Exodus 13:20,ot,Etham,Othom,οθομ,their strength; their sign,UKJV same-reference witness,0.60,Place-name meaning: Etham — their strength; their sign. Standard English equivalent: Etham. Source form: Othom. Greek form: οθομ. Equivalent source: UKJV same-reference witness.
Miriam,person,Exodus 15:20,ot,,,,,,,Source text carries this as a personal name; retained as a proper noun rather than translated as ordinary vocabulary.
Elim,place,Exodus 15:27,ot,Elim,Elim,αιλιμ,the rams; the strong; stags,UKJV same-reference name-order alignment,aligned,Place-name meaning: Elim — the rams; the strong; stags. Source form: Elim. Greek form: αιλιμ. Equivalent source: UKJV same-reference name-order alignment.
Sin,transliterated_form,Exodus 16:1,ot,Sin,Sin,σιν,bush,UKJV same-reference name-order alignment,aligned,Standard English equivalent: Sin. Source form: Sin. Greek form: σιν. Name meaning: bush. Equivalent source: UKJV same-reference name-order alignment.
Sinai,place,Exodus 16:1,ot,Sinai,Sinai,σινα,a bush; enmity,UKJV same-reference name-order alignment,aligned,Place-name meaning: Sinai — a bush; enmity. Source form: Sinai. Greek form: σινα. Equivalent source: UKJV same-reference name-order alignment.
Phoenicia,place,Exodus 16:35,ot,Phoenicia,Phoenicia,φοινικης,meaning uncertain/not securely attested in the consulted name dictionaries,Logos Bible Knowledgebase alias,alias,Place-name meaning: Phoenicia — meaning uncertain/not securely attested in the consulted name dictionaries. Source form: Phoenicia. Greek form: φοινικης. Equivalent source: Logos Bible Knowledgebase alias.
Hur,person,Exodus 17:10,ot,,,,,,,Source text carries this as a personal name; retained as a proper noun rather than translated as ordinary vocabulary.
Jethro,person,Exodus 18:1,ot,,,,,,,Source text carries this as a personal name; retained as a proper noun rather than translated as ordinary vocabulary.
Zipporah,person,Exodus 18:2,ot,,,,,,,Source text carries this as a personal name; retained as a proper noun rather than translated as ordinary vocabulary.
Perizzite,people_group,Exodus 23:23,ot,,,,,,,Ethnic or group proper noun; retained as a people-name rather than translated as ordinary vocabulary.
Girgashite,people_group,Exodus 23:23,ot,,,,,,,Ethnic or group proper noun; retained as a people-name rather than translated as ordinary vocabulary.
Abihu,person,Exodus 24:1,ot,,,,,,,Source text carries this as a personal name; retained as a proper noun rather than translated as ordinary vocabulary.
Bezalel,person,Exodus 31:2,ot,,,,,,,Source text carries this as a personal name; retained as a proper noun rather than translated as ordinary vocabulary.
Uri,person,Exodus 31:2,ot,,,,,,,Source text carries this as a personal name; retained as a proper noun rather than translated as ordinary vocabulary.
Oholiab,person,Exodus 31:6,ot,,,,,,,Source text carries this as a personal name; retained as a proper noun rather than translated as ordinary vocabulary.
Ahisamach,person,Exodus 31:6,ot,,,,,,,Source text carries this as a personal name; retained as a proper noun rather than translated as ordinary vocabulary.
Nun,person,Exodus 33:11,ot,,,,,,,Source text carries this as a personal name; retained as a proper noun rather than translated as ordinary vocabulary.
Korah,person,Exodus 38:22,ot,,,,,,,Source text carries this as a personal name; retained as a proper noun rather than translated as ordinary vocabulary.
Uzziel,person,Leviticus 10:4,ot,,,,,,,Source text carries this as a personal name; retained as a proper noun rather than translated as ordinary vocabulary.
Israelite,people_group,Leviticus 24:10,ot,,,,,,,Ethnic or group proper noun; retained as a people-name rather than translated as ordinary vocabulary.
Shelomith,person,Leviticus 24:11,ot,,,,,,,Source text carries this as a personal name; retained as a proper noun rather than translated as ordinary vocabulary.
Dibri,person,Leviticus 24:11,ot,,,,,,,Source text carries this as a personal name; retained as a proper noun rather than translated as ordinary vocabulary.
Elizur,person,Numbers 1:5,ot,,,,,,,Source text carries this as a personal name; retained as a proper noun rather than translated as ordinary vocabulary.
Shedeur,person,Numbers 1:5,ot,,,,,,,Source text carries this as a personal name; retained as a proper noun rather than translated as ordinary vocabulary.
Shelumiel,person,Numbers 1:6,ot,,,,,,,Source text carries this as a personal name; retained as a proper noun rather than translated as ordinary vocabulary.
Zurishaddai,person,Numbers 1:6,ot,,,,,,,Source text carries this as a personal name; retained as a proper noun rather than translated as ordinary vocabulary.
Nahshon,person,Numbers 1:7,ot,,,,,,,Source text carries this as a personal name; retained as a proper noun rather than translated as ordinary vocabulary.
Amminadab,person,Numbers 1:7,ot,,,,,,,Source text carries this as a personal name; retained as a proper noun rather than translated as ordinary vocabulary.
Nethanel,person,Numbers 1:8,ot,,,,,,,Source text carries this as a personal name; retained as a proper noun rather than translated as ordinary vocabulary.
Zuar,person,Numbers 1:8,ot,,,,,,,Source text carries this as a personal name; retained as a proper noun rather than translated as ordinary vocabulary.
Eliab,person,Numbers 1:9,ot,,,,,,,Source text carries this as a personal name; retained as a proper noun rather than translated as ordinary vocabulary.
Elishama,person,Numbers 1:10,ot,,,,,,,Source text carries this as a personal name; retained as a proper noun rather than translated as ordinary vocabulary.
Ammihud,person,Numbers 1:10,ot,,,,,,,Source text carries this as a personal name; retained as a proper noun rather than translated as ordinary vocabulary.
Pedahzur,person,Numbers 1:10,ot,,,,,,,Source text carries this as a personal name; retained as a proper noun rather than translated as ordinary vocabulary.
Abidan,person,Numbers 1:11,ot,,,,,,,Source text carries this as a personal name; retained as a proper noun rather than translated as ordinary vocabulary.
Gideoni,person,Numbers 1:11,ot,,,,,,,Source text carries this as a personal name; retained as a proper noun rather than translated as ordinary vocabulary.
Ahiezer,person,Numbers 1:12,ot,,,,,,,Source text carries this as a personal name; retained as a proper noun rather than translated as ordinary vocabulary.
Ammishaddai,person,Numbers 1:12,ot,,,,,,,Source text carries this as a personal name; retained as a proper noun rather than translated as ordinary vocabulary.
Pagiel,person,Numbers 1:13,ot,,,,,,,Source text carries this as a personal name; retained as a proper noun rather than translated as ordinary vocabulary.
Eliasaph,person,Numbers 1:14,ot,,,,,,,Source text carries this as a personal name; retained as a proper noun rather than translated as ordinary vocabulary.
Reuel,person,Numbers 1:14,ot,,,,,,,Source text carries this as a personal name; retained as a proper noun rather than translated as ordinary vocabulary.
Ahira,person,Numbers 1:15,ot,,,,,,,Source text carries this as a personal name; retained as a proper noun rather than translated as ordinary vocabulary.
Enan,person,Numbers 1:15,ot,,,,,,,Source text carries this as a personal name; retained as a proper noun rather than translated as ordinary vocabulary.
Gershon,person,Numbers 3:17,ot,,,,,,,Source text carries this as a personal name; retained as a proper noun rather than translated as ordinary vocabulary.
Kohath,person,Numbers 3:17,ot,,,,,,,Source text carries this as a personal name; retained as a proper noun rather than translated as ordinary vocabulary.
Shimei,person,Numbers 3:18,ot,,,,,,,Source text carries this as a personal name; retained as a proper noun rather than translated as ordinary vocabulary.
Amram,person,Numbers 3:19,ot,,,,,,,Source text carries this as a personal name; retained as a proper noun rather than translated as ordinary vocabulary.
Mushi,person,Numbers 3:20,ot,,,,,,,Source text carries this as a personal name; retained as a proper noun rather than translated as ordinary vocabulary.
Lael,person,Numbers 3:24,ot,,,,,,,Source text carries this as a personal name; retained as a proper noun rather than translated as ordinary vocabulary.
Amramites,people_group,Numbers 3:27,ot,,,,,,,Ethnic or group proper noun; retained as a people-name rather than translated as ordinary vocabulary.
Hebronites,people_group,Numbers 3:27,ot,,,,,,,Ethnic or group proper noun; retained as a people-name rather than translated as ordinary vocabulary.
Mushites,people_group,Numbers 3:33,ot,,,,,,,Ethnic or group proper noun; retained as a people-name rather than translated as ordinary vocabulary.
Abichail,person,Numbers 3:35,ot,,,,,,,Source text carries this as a personal name; retained as a proper noun rather than translated as ordinary vocabulary.
Paran,place,Numbers 10:12,ot,Paran,Paran,φαραν,beauty; glory; ornament,UKJV same-reference name-order alignment,aligned,Place-name meaning: Paran — beauty; glory; ornament. Source form: Paran. Greek form: φαραν. Equivalent source: UKJV same-reference name-order alignment.
Hobab,person,Numbers 10:29,ot,,,,,,,Source text carries this as a personal name; retained as a proper noun rather than translated as ordinary vocabulary.
Eldad,person,Numbers 11:26,ot,,,,,,,Source text carries this as a personal name; retained as a proper noun rather than translated as ordinary vocabulary.
Hazeroth,place,Numbers 11:35,ot,Hazeroth,Hazeroth,ασηρωθ,villages; palaces,UKJV same-reference name-order alignment,aligned,Place-name meaning: Hazeroth — villages; palaces. Source form: Hazeroth. Greek form: ασηρωθ. Equivalent source: UKJV same-reference name-order alignment.
Salamiēl,transliterated_form,Numbers 13:4,ot,Shammua,Salamiēl,σαλαμιηλ,he that is heard; he that is obeyed,manual/standard English equivalent,manual,Standard English equivalent: Shammua. Source form: Salamiēl. Greek form: σαλαμιηλ. Name meaning: he that is heard; he that is obeyed. Equivalent source: manual/standard English equivalent.
Souri,person,Numbers 13:5,ot,,,,,,,Source text carries this as a personal name; retained as a proper noun rather than translated as ordinary vocabulary.
Jephonnē,transliterated_form,Numbers 13:6,ot,Jephunneh,Jephonnē,ιεφοννη,he that beholds,manual/standard English equivalent,manual,Standard English equivalent: Jephunneh. Source form: Jephonnē. Greek form: ιεφοννη. Name meaning: he that beholds. Equivalent source: manual/standard English equivalent.
Ausē,transliterated_form,Numbers 13:8,ot,Hoshea,Ausē,αυση,Salvation,manual/standard English equivalent,manual,Standard English equivalent: Hoshea. Source form: Ausē. Greek form: αυση. Name meaning: Salvation. Equivalent source: manual/standard English equivalent.
Nauē,transliterated_form,Numbers 13:8,ot,Nun,Nauē,ναυη,same as Non,manual/standard English equivalent,manual,Standard English equivalent: Nun. Source form: Nauē. Greek form: ναυη. Name meaning: same as Non. Equivalent source: manual/standard English equivalent.
Goudiēl,transliterated_form,Numbers 13:10,ot,Gaddiel,Goudiēl,γουδιηλ,goat of God; the Lord my happiness,UKJV same-reference name-order alignment,aligned,Standard English equivalent: Gaddiel. Source form: Goudiēl. Greek form: γουδιηλ. Name meaning: goat of God; the Lord my happiness. Equivalent source: UKJV same-reference name-order alignment.
Gaddi,person,Numbers 13:11,ot,,,,,,,Source text carries this as a personal name; retained as a proper noun rather than translated as ordinary vocabulary.
Amiēl,transliterated_form,Numbers 13:12,ot,Ammiel,Amiēl,αμιηλ,the people of God,UKJV same-reference name-order alignment,aligned,Standard English equivalent: Ammiel. Source form: Amiēl. Greek form: αμιηλ. Name meaning: the people of God. Equivalent source: UKJV same-reference name-order alignment.
Gamali,person,Numbers 13:12,ot,,,,,,,Source text carries this as a personal name; retained as a proper noun rather than translated as ordinary vocabulary.
Michael,supernatural_being,Numbers 13:13,ot,,,,,,,Source text carries this as a divine or supernatural name/title; retained as a proper noun.
Iabi,person,Numbers 13:14,ot,,,,,,,Source text carries this as a personal name; retained as a proper noun rather than translated as ordinary vocabulary.
Hamath,place,Numbers 13:21,ot,Hamath,Hamath,εφααθ,anger; heat; a wall,UKJV same-reference name-order alignment,aligned,Place-name meaning: Hamath — anger; heat; a wall. Source form: Hamath. Greek form: εφααθ. Equivalent source: UKJV same-reference name-order alignment.
Anak,person,Numbers 13:22,ot,,,,,,,Source text carries this as a personal name; retained as a proper noun rather than translated as ordinary vocabulary.
Tanis,place,Numbers 13:22,ot,Hane,Tanis,τανιν,meaning uncertain/not securely attested in the consulted name dictionaries,UKJV same-reference witness,0.60,Place-name meaning: Hane — meaning uncertain/not securely attested in the consulted name dictionaries. Standard English equivalent: Hane. Source form: Tanis. Greek form: τανιν. Equivalent source: UKJV same-reference witness.
Dathan,person,Numbers 16:1,ot,,,,,,,Source text carries this as a personal name; retained as a proper noun rather than translated as ordinary vocabulary.
Abiram,person,Numbers 16:1,ot,,,,,,,Source text carries this as a personal name; retained as a proper noun rather than translated as ordinary vocabulary.
Phaleth,person,Numbers 16:1,ot,,,,,,,Source text carries this as a personal name; retained as a proper noun rather than translated as ordinary vocabulary.
Atharim,place,Numbers 21:1,ot,Atharim,Atharim,αθαριν,meaning uncertain/not securely attested in the consulted name dictionaries,Logos Bible Knowledgebase alias,alias,Place-name meaning: Atharim — meaning uncertain/not securely attested in the consulted name dictionaries. Source form: Atharim. Greek form: αθαριν. Equivalent source: Logos Bible Knowledgebase alias.
Oboth,place,Numbers 21:10,ot,Oboth,Oboth,ωβωθ,dragons; fathers; desires,UKJV same-reference name-order alignment,aligned,Place-name meaning: Oboth — dragons; fathers; desires. Source form: Oboth. Greek form: ωβωθ. Equivalent source: UKJV same-reference name-order alignment.
Zaret,place,Numbers 21:12,ot,Zared,Zaret,ζαρετ,strange descent,UKJV same-reference name-order alignment,aligned,Place-name meaning: Zared — strange descent. Standard English equivalent: Zared. Source form: Zaret. Greek form: ζαρετ. Equivalent source: UKJV same-reference name-order alignment.
Arnon,place,Numbers 21:13,ot,Arnon,Arnon,αρνων,rejoicing; sunlight,UKJV same-reference name-order alignment,aligned,Place-name meaning: Arnon — rejoicing; sunlight. Source form: Arnon. Greek form: αρνων. Equivalent source: UKJV same-reference name-order alignment.
Ar,place,Numbers 21:15,ot,Ar,Ar,ηρ,awakening; uncovering,UKJV same-reference name-order alignment,aligned,Place-name meaning: Ar — awakening; uncovering. Source form: Ar. Greek form: ηρ. Equivalent source: UKJV same-reference name-order alignment.
Bamoth,place,Numbers 21:19,ot,Bamoth,Bamoth,βαμωθ,meaning uncertain/not securely attested in the consulted name dictionaries,UKJV same-reference name-order alignment,aligned,Place-name meaning: Bamoth — meaning uncertain/not securely attested in the consulted name dictionaries. Source form: Bamoth. Greek form: βαμωθ. Equivalent source: UKJV same-reference name-order alignment.
Sihon,person,Numbers 21:21,ot,,,,,,,Source text carries this as a personal name; retained as a proper noun rather than translated as ordinary vocabulary.
Jahaz,place,Numbers 21:23,ot,Jahaz,Jahaz,ιασσα,"Jahazah, quarrel; dispute",UKJV same-reference name-order alignment,aligned,"Place-name meaning: Jahaz — Jahazah, quarrel; dispute. Source form: Jahaz. Greek form: ιασσα. Equivalent source: UKJV same-reference name-order alignment."
Jazer,place,Numbers 21:24,ot,Jaazer,Jazer,ιαζηρ,meaning uncertain/not securely attested in the consulted name dictionaries,UKJV same-reference name-order alignment,aligned,Place-name meaning: Jaazer — meaning uncertain/not securely attested in the consulted name dictionaries. Standard English equivalent: Jaazer. Source form: Jazer. Greek form: ιαζηρ. Equivalent source: UKJV same-reference name-order alignment.
Heshbon,place,Numbers 21:25,ot,Heshbon,Heshbon,εσεβων,invention; industry,UKJV same-reference name-order alignment,aligned,Place-name meaning: Heshbon — invention; industry. Source form: Heshbon. Greek form: εσεβων. Equivalent source: UKJV same-reference name-order alignment.
Aroer,place,Numbers 21:26,ot,Aroer,Aroer,αροηρ,heath; tamarisk,UKJV same-reference name-order alignment,aligned,Place-name meaning: Aroer — heath; tamarisk. Source form: Aroer. Greek form: αροηρ. Equivalent source: UKJV same-reference name-order alignment.
Chemosh,supernatural_being,Numbers 21:29,ot,,,,,,,Source text carries this as a divine or supernatural name/title; retained as a proper noun.
Dibon,place,Numbers 21:30,ot,Dibon,Dibon,δαιβων,abundance of knowledge,UKJV same-reference name-order alignment,aligned,Place-name meaning: Dibon — abundance of knowledge. Source form: Dibon. Greek form: δαιβων. Equivalent source: UKJV same-reference name-order alignment.
Bashan,place,Numbers 21:33,ot,Bashan,Bashan,βασαν,"in the tooth, in ivory",UKJV same-reference name-order alignment,aligned,"Place-name meaning: Bashan — in the tooth, in ivory. Source form: Bashan. Greek form: βασαν. Equivalent source: UKJV same-reference name-order alignment."
Og,person,Numbers 21:33,ot,,,,,,,Source text carries this as a personal name; retained as a proper noun rather than translated as ordinary vocabulary.
Jericho,place,Numbers 22:1,ot,Jericho,Jericho,ιεριχω,his moon; his month; his sweet smell,UKJV same-reference name-order alignment,aligned,Place-name meaning: Jericho — his moon; his month; his sweet smell. Source form: Jericho. Greek form: ιεριχω. Equivalent source: UKJV same-reference name-order alignment.
Zippor,person,Numbers 22:2,ot,,,,,,,Source text carries this as a personal name; retained as a proper noun rather than translated as ordinary vocabulary.
Peor,place,Numbers 23:28,ot,Peor,Peor,φογωρ,hole; opening,UKJV same-reference name-order alignment,aligned,Place-name meaning: Peor — hole; opening. Source form: Peor. Greek form: φογωρ. Equivalent source: UKJV same-reference name-order alignment.
Gog,people_group,Numbers 24:7,ot,,,,,,,Ethnic or group proper noun; retained as a people-name rather than translated as ordinary vocabulary.
Kittim,people_group,Numbers 24:24,ot,,,,,,,Ethnic or group proper noun; retained as a people-name rather than translated as ordinary vocabulary.
Phinehas,person,Numbers 25:7,ot,,,,,,,Source text carries this as a personal name; retained as a proper noun rather than translated as ordinary vocabulary.
Zambri,person,Numbers 25:14,ot,,,,,,,Source text carries this as a personal name; retained as a proper noun rather than translated as ordinary vocabulary.
Salu,person,Numbers 25:14,ot,,,,,,,Source text carries this as a personal name; retained as a proper noun rather than translated as ordinary vocabulary.
Sur,place,Numbers 25:15,ot,Zur,Sur,σουρ,stone; rock; that besieges,UKJV same-reference witness,0.67,Place-name meaning: Zur — stone; rock; that besieges. Standard English equivalent: Zur. Source form: Sur. Greek form: σουρ. Equivalent source: UKJV same-reference witness.
Hanochite,people_group,Numbers 26:5,ot,,,,,,,Ethnic or group proper noun; retained as a people-name rather than translated as ordinary vocabulary.
Hezronite,people_group,Numbers 26:6,ot,,,,,,,Ethnic or group proper noun; retained as a people-name rather than translated as ordinary vocabulary.
Carmi,person,Numbers 26:6,ot,,,,,,,Source text carries this as a personal name; retained as a proper noun rather than translated as ordinary vocabulary.
Jachinite,people_group,Numbers 26:12,ot,,,,,,,Ethnic or group proper noun; retained as a people-name rather than translated as ordinary vocabulary.
Shelanite,people_group,Numbers 26:16,ot,,,,,,,Ethnic or group proper noun; retained as a people-name rather than translated as ordinary vocabulary.
Zerahite,people_group,Numbers 26:16,ot,,,,,,,Ethnic or group proper noun; retained as a people-name rather than translated as ordinary vocabulary.
Jashub,person,Numbers 26:20,ot,,,,,,,Source text carries this as a personal name; retained as a proper noun rather than translated as ordinary vocabulary.
Jashubite,people_group,Numbers 26:20,ot,,,,,,,Ethnic or group proper noun; retained as a people-name rather than translated as ordinary vocabulary.
Sared,person,Numbers 26:22,ot,,,,,,,Source text carries this as a personal name; retained as a proper noun rather than translated as ordinary vocabulary.
Addi,person,Numbers 26:25,ot,,,,,,,Source text carries this as a personal name; retained as a proper noun rather than translated as ordinary vocabulary.
Melchiel,person,Numbers 26:29,ot,,,,,,,Source text carries this as a personal name; retained as a proper noun rather than translated as ordinary vocabulary.
Gileadite,people_group,Numbers 26:33,ot,,,,,,,Ethnic or group proper noun; retained as a people-name rather than translated as ordinary vocabulary.
Esriel,person,Numbers 26:35,ot,,,,,,,Source text carries this as a personal name; retained as a proper noun rather than translated as ordinary vocabulary.
Opher,place,Numbers 26:36,ot,Hepher,Opher,οφερ,a digger,UKJV same-reference name-order alignment,aligned,Place-name meaning: Hepher — a digger. Standard English equivalent: Hepher. Source form: Opher. Greek form: οφερ. Equivalent source: UKJV same-reference name-order alignment.
Thersa,transliterated_form,Numbers 26:37,ot,Tirzah,Thersa,θερσα,benevolent; complaisant; pleasing,manual/standard English equivalent,manual,Standard English equivalent: Tirzah. Source form: Thersa. Greek form: θερσα. Name meaning: benevolent; complaisant; pleasing. Equivalent source: manual/standard English equivalent.
Adar,transliterated_form,Numbers 26:44,ot,Adar,Adar,αδαρ,high; eminent,UKJV same-reference name-order alignment,aligned,Standard English equivalent: Adar. Source form: Adar. Greek form: αδαρ. Name meaning: high; eminent. Equivalent source: UKJV same-reference name-order alignment.
Kaath,transliterated_form,Numbers 26:57,ot,Kohath,Kaath,κααθ,congregation; wrinkle; bluntness,manual/standard English equivalent,manual,Standard English equivalent: Kohath. Source form: Kaath. Greek form: κααθ. Name meaning: congregation; wrinkle; bluntness. Equivalent source: manual/standard English equivalent.
Jephunneh,person,Numbers 26:65,ot,,,,,,,Source text carries this as a personal name; retained as a proper noun rather than translated as ordinary vocabulary.
Ataroth,place,Numbers 32:3,ot,Ataroth,Ataroth,αταρωθ,crowns,UKJV same-reference name-order alignment,aligned,Place-name meaning: Ataroth — crowns. Source form: Ataroth. Greek form: αταρωθ. Equivalent source: UKJV same-reference name-order alignment.
Elealeh,place,Numbers 32:3,ot,Elealeh,Elealeh,ελεαλη,burnt-offering of God,UKJV same-reference name-order alignment,aligned,Place-name meaning: Elealeh — burnt-offering of God. Source form: Elealeh. Greek form: ελεαλη. Equivalent source: UKJV same-reference name-order alignment.
Nambran,place,Numbers 32:36,ot,Beth-nimrah,Nambran,ναμβραν,house of rebellion,Logos Bible Knowledgebase alias,alias,Place-name meaning: Beth-nimrah — house of rebellion. Standard English equivalent: Beth-nimrah. Source form: Nambran. Greek form: ναμβραν. Equivalent source: Logos Bible Knowledgebase alias.
Baitharan,place,Numbers 32:36,ot,Bethharan,Baitharan,βαιθαραν,house of grace,UKJV same-reference name-order alignment,aligned,Place-name meaning: Bethharan — house of grace. Standard English equivalent: Bethharan. Source form: Baitharan. Greek form: βαιθαραν. Equivalent source: UKJV same-reference name-order alignment.
Beelmeon,place,Numbers 32:38,ot,Baalmeon,Beelmeon,βεελμεων,idol or master of the house,UKJV same-reference witness,0.75,Place-name meaning: Baalmeon — idol or master of the house. Standard English equivalent: Baalmeon. Source form: Beelmeon. Greek form: βεελμεων. Equivalent source: UKJV same-reference witness.
Naboth,person,Numbers 32:42,ot,,,,,,,Source text carries this as a personal name; retained as a proper noun rather than translated as ordinary vocabulary.
Bouthan,place,Numbers 33:6,ot,Etham,Bouthan,βουθαν,their strength; their sign,UKJV same-reference name-order alignment,aligned,Place-name meaning: Etham — their strength; their sign. Standard English equivalent: Etham. Source form: Bouthan. Greek form: βουθαν. Equivalent source: UKJV same-reference name-order alignment.
Ailim,place,Numbers 33:9,ot,Elim,Ailim,αιλιμ,the rams; the strong; stags,UKJV same-reference name-order alignment,aligned,Place-name meaning: Elim — the rams; the strong; stags. Standard English equivalent: Elim. Source form: Ailim. Greek form: αιλιμ. Equivalent source: UKJV same-reference name-order alignment.
Raphaka,place,Numbers 33:12,ot,Dophkah,Raphaka,ραφακα,a knocking,UKJV same-reference name-order alignment,aligned,Place-name meaning: Dophkah — a knocking. Standard English equivalent: Dophkah. Source form: Raphaka. Greek form: ραφακα. Equivalent source: UKJV same-reference name-order alignment.
Aseroth,place,Numbers 33:17,ot,Hazeroth,Aseroth,ασηρωθ,villages; palaces,UKJV same-reference name-order alignment,aligned,Place-name meaning: Hazeroth — villages; palaces. Standard English equivalent: Hazeroth. Source form: Aseroth. Greek form: ασηρωθ. Equivalent source: UKJV same-reference name-order alignment.
Rathama,place,Numbers 33:18,ot,Rithmah,Rathama,ραθαμα,juniper; noise,UKJV same-reference name-order alignment,aligned,Place-name meaning: Rithmah — juniper; noise. Standard English equivalent: Rithmah. Source form: Rathama. Greek form: ραθαμα. Equivalent source: UKJV same-reference name-order alignment.
Lemona,place,Numbers 33:20,ot,Libnah,Lemona,λεμωνα,white; whiteness,UKJV same-reference name-order alignment,aligned,Place-name meaning: Libnah — white; whiteness. Standard English equivalent: Libnah. Source form: Lemona. Greek form: λεμωνα. Equivalent source: UKJV same-reference name-order alignment.
Dessa,place,Numbers 33:21,ot,Rissah,Dessa,δεσσα,watering; distillation; dew,UKJV same-reference name-order alignment,aligned,Place-name meaning: Rissah — watering; distillation; dew. Standard English equivalent: Rissah. Source form: Dessa. Greek form: δεσσα. Equivalent source: UKJV same-reference name-order alignment.
Makellath,place,Numbers 33:22,ot,Kehelathah,Makellath,μακελλαθ,meaning uncertain/not securely attested in the consulted name dictionaries,UKJV same-reference name-order alignment,aligned,Place-name meaning: Kehelathah — meaning uncertain/not securely attested in the consulted name dictionaries. Standard English equivalent: Kehelathah. Source form: Makellath. Greek form: μακελλαθ. Equivalent source: UKJV same-reference name-order alignment.
Makeloth,place,Numbers 33:25,ot,Makheloth,Makeloth,μακηλωθ,assemblies; congregations,UKJV same-reference name-order alignment,aligned,Place-name meaning: Makheloth — assemblies; congregations. Standard English equivalent: Makheloth. Source form: Makeloth. Greek form: μακηλωθ. Equivalent source: UKJV same-reference name-order alignment.
Kataath,place,Numbers 33:26,ot,Tahath,Kataath,κατααθ,fear; going down,UKJV same-reference name-order alignment,aligned,Place-name meaning: Tahath — fear; going down. Standard English equivalent: Tahath. Source form: Kataath. Greek form: κατααθ. Equivalent source: UKJV same-reference name-order alignment.
Tarath,place,Numbers 33:27,ot,Tarah,Tarath,ταραθ,a hair; a wretch; one banished,UKJV same-reference name-order alignment,aligned,Place-name meaning: Tarah — a hair; a wretch; one banished. Standard English equivalent: Tarah. Source form: Tarath. Greek form: ταραθ. Equivalent source: UKJV same-reference name-order alignment.
Matekka,place,Numbers 33:28,ot,Mithkah,Matekka,ματεκκα,meaning uncertain/not securely attested in the consulted name dictionaries,Logos Bible Knowledgebase alias,alias,Place-name meaning: Mithkah — meaning uncertain/not securely attested in the consulted name dictionaries. Standard English equivalent: Mithkah. Source form: Matekka. Greek form: ματεκκα. Equivalent source: Logos Bible Knowledgebase alias.
Selmona,place,Numbers 33:29,ot,Hashmonah,Selmona,σελμωνα,meaning uncertain/not securely attested in the consulted name dictionaries,UKJV same-reference name-order alignment,aligned,Place-name meaning: Hashmonah — meaning uncertain/not securely attested in the consulted name dictionaries. Standard English equivalent: Hashmonah. Source form: Selmona. Greek form: σελμωνα. Equivalent source: UKJV same-reference name-order alignment.
Gadgad,place,Numbers 33:32,ot,Horhagidgad,Gadgad,γαδγαδ,the hill of felicity,UKJV same-reference name-order alignment,aligned,Place-name meaning: Horhagidgad — the hill of felicity. Standard English equivalent: Horhagidgad. Source form: Gadgad. Greek form: γαδγαδ. Equivalent source: UKJV same-reference name-order alignment.
Gai,place,Numbers 33:45,ot,Giah,Gai,γαι,to guide; draw out; produce; a groan or sigh,UKJV same-reference name-order alignment,aligned,Place-name meaning: Giah — to guide; draw out; produce; a groan or sigh. Standard English equivalent: Giah. Source form: Gai. Greek form: γαι. Equivalent source: UKJV same-reference name-order alignment.
Abarim,place,Numbers 33:47,ot,Abarim,Abarim,αβαριμ,passages; passengers,UKJV same-reference name-order alignment,aligned,Place-name meaning: Abarim — passages; passengers. Source form: Abarim. Greek form: αβαριμ. Equivalent source: UKJV same-reference name-order alignment.
Aisimoth,place,Numbers 33:49,ot,Bethjesimoth,Aisimoth,αισιμωθ,meaning uncertain/not securely attested in the consulted name dictionaries,UKJV same-reference name-order alignment,aligned,Place-name meaning: Bethjesimoth — meaning uncertain/not securely attested in the consulted name dictionaries. Standard English equivalent: Bethjesimoth. Source form: Aisimoth. Greek form: αισιμωθ. Equivalent source: UKJV same-reference name-order alignment.
Belsattim,place,Numbers 33:49,ot,Abelshittim,Belsattim,βελσαττιμ,mourning of thorns,UKJV same-reference name-order alignment,aligned,Place-name meaning: Abelshittim — mourning of thorns. Standard English equivalent: Abelshittim. Source form: Belsattim. Greek form: βελσαττιμ. Equivalent source: UKJV same-reference name-order alignment.
Asemona,place,Numbers 34:4,ot,Azmon,Asemona,ασεμωνα,bone of a bone; our strength,UKJV same-reference name-order alignment,aligned,Place-name meaning: Azmon — bone of a bone; our strength. Standard English equivalent: Azmon. Source form: Asemona. Greek form: ασεμωνα. Equivalent source: UKJV same-reference name-order alignment.
Dephrōn,transliterated_form,Numbers 34:9,ot,Ziphron,Dephrōn,δεφρωνα,falsehood of a song; rejoicing,UKJV same-reference name-order alignment,aligned,Standard English equivalent: Ziphron. Source form: Dephrōn. Greek form: δεφρωνα. Name meaning: falsehood of a song; rejoicing. Equivalent source: UKJV same-reference name-order alignment.
Arbela,place,Numbers 34:11,ot,Riblah,Arbela,αρβηλα,quarrel; greatness to him,UKJV same-reference name-order alignment,aligned,Place-name meaning: Riblah — quarrel; greatness to him. Standard English equivalent: Riblah. Source form: Arbela. Greek form: αρβηλα. Equivalent source: UKJV same-reference name-order alignment.
Chaslōn,transliterated_form,Numbers 34:21,ot,Chislon,Chaslōn,χασλων,"hope, trust",UKJV same-reference name-order alignment,aligned,"Standard English equivalent: Chislon. Source form: Chaslōn. Greek form: χασλων. Name meaning: hope, trust. Equivalent source: UKJV same-reference name-order alignment."
Aniēl,transliterated_form,Numbers 34:23,ot,Hanniel,Aniēl,ανιηλ,grace or mercy of God,UKJV same-reference name-order alignment,aligned,Standard English equivalent: Hanniel. Source form: Aniēl. Greek form: ανιηλ. Name meaning: grace or mercy of God. Equivalent source: UKJV same-reference name-order alignment.
Kamouēl,transliterated_form,Numbers 34:24,ot,Kemuel,Kamouēl,καμουηλ,"God hath raised up, or established him",UKJV same-reference name-order alignment,aligned,"Standard English equivalent: Kemuel. Source form: Kamouēl. Greek form: καμουηλ. Name meaning: God hath raised up, or established him. Equivalent source: UKJV same-reference name-order alignment."
Phaltiēl,transliterated_form,Numbers 34:26,ot,Paltiel,Phaltiēl,φαλτιηλ,"deliverance; or banishment, of God",manual/standard English equivalent,manual,"Standard English equivalent: Paltiel. Source form: Phaltiēl. Greek form: φαλτιηλ. Name meaning: deliverance; or banishment, of God. Equivalent source: manual/standard English equivalent."
Achiōr,transliterated_form,Numbers 34:27,ot,Ahihud,Achiōr,αχιωρ,"brother of vanity, or of darkness, or of joy, or of praise; witty brother",UKJV same-reference name-order alignment,aligned,"Standard English equivalent: Ahihud. Source form: Achiōr. Greek form: αχιωρ. Name meaning: brother of vanity, or of darkness, or of joy, or of praise; witty brother. Equivalent source: UKJV same-reference name-order alignment."
Phadaēl,transliterated_form,Numbers 34:28,ot,Pedahel,Phadaēl,φαδαηλ,God has redeemed,manual/standard English equivalent,manual,Standard English equivalent: Pedahel. Source form: Phadaēl. Greek form: φαδαηλ. Name meaning: God has redeemed. Equivalent source: manual/standard English equivalent.
Tophel,place,Deuteronomy 1:1,ot,Tophel,Tophel,τοφολ,meaning uncertain/not securely attested in the consulted name dictionaries,UKJV same-reference name-order alignment,aligned,Place-name meaning: Tophel — meaning uncertain/not securely attested in the consulted name dictionaries. Source form: Tophel. Greek form: τοφολ. Equivalent source: UKJV same-reference name-order alignment.
Arabah,place,Deuteronomy 1:7,ot,Zobah,Arabah,αραβα,"Zobebah, an army; warring",UKJV same-reference witness,0.55,"Place-name meaning: Zobah — Zobebah, an army; warring. Standard English equivalent: Zobah. Source form: Arabah. Greek form: αραβα. Equivalent source: UKJV same-reference witness."
Lebanon,place,Deuteronomy 1:7,ot,Lebanon,Lebanon,αντιλιβανον,"white, incense",UKJV same-reference name-order alignment,aligned,"Place-name meaning: Lebanon — white, incense. Source form: Lebanon. Greek form: αντιλιβανον. Equivalent source: UKJV same-reference name-order alignment."
Anakim,people_group,Deuteronomy 2:10,ot,,,,,,,Ethnic or group proper noun; retained as a people-name rather than translated as ordinary vocabulary.
Raphain,person,Deuteronomy 2:11,ot,,,,,,,Source text carries this as a personal name; retained as a proper noun rather than translated as ordinary vocabulary.
Cappadocia,place,Deuteronomy 2:23,ot,Cappadocia,Cappadocia,καππαδοκιας,the same as Caphtor,Logos Bible Knowledgebase alias,alias,Place-name meaning: Cappadocia — the same as Caphtor. Source form: Cappadocia. Greek form: καππαδοκιας. Equivalent source: Logos Bible Knowledgebase alias.
Argob,person,Deuteronomy 3:4,ot,,,,,,,Source text carries this as a personal name; retained as a proper noun rather than translated as ordinary vocabulary.
Selcha,place,Deuteronomy 3:10,ot,Salcah,Selcha,σελχα,thy basket; thy lifting up,UKJV same-reference name-order alignment,aligned,Place-name meaning: Salcah — thy basket; thy lifting up. Standard English equivalent: Salcah. Source form: Selcha. Greek form: σελχα. Equivalent source: UKJV same-reference name-order alignment.
Phasga,person,Deuteronomy 3:17,ot,,,,,,,Source text carries this as a personal name; retained as a proper noun rather than translated as ordinary vocabulary.
Bosor,place,Deuteronomy 4:43,ot,Besor,Bosor,βοσορ,glad news; incarnation,UKJV same-reference name-order alignment,aligned,Place-name meaning: Besor — glad news; incarnation. Standard English equivalent: Besor. Source form: Bosor. Greek form: βοσορ. Equivalent source: UKJV same-reference name-order alignment.
Ramoth,place,Deuteronomy 4:43,ot,Ramoth,Ramoth,ραμωθ,eminences; high places,UKJV same-reference name-order alignment,aligned,Place-name meaning: Ramoth — eminences; high places. Source form: Ramoth. Greek form: ραμωθ. Equivalent source: UKJV same-reference name-order alignment.
Sion,transliterated_form,Deuteronomy 4:48,ot,Zion,Sion,σηων,monument; raised up; sepulcher,manual/standard English equivalent,manual,Standard English equivalent: Zion. Source form: Sion. Greek form: σηων. Name meaning: monument; raised up; sepulcher. Equivalent source: manual/standard English equivalent.
Beeroth,place,Deuteronomy 10:6,ot,Beeroth,Beeroth,βηρωθ,wells; explaining,UKJV same-reference name-order alignment,aligned,Place-name meaning: Beeroth — wells; explaining. Source form: Beeroth. Greek form: βηρωθ. Equivalent source: UKJV same-reference name-order alignment.
Moabite,people_group,Deuteronomy 23:4,ot,,,,,,,Ethnic or group proper noun; retained as a people-name rather than translated as ordinary vocabulary.
Zeboiim,place,Deuteronomy 29:22,ot,Zeboiim,Zeboiim,σεβωιμ,deer; goats,Logos Bible Knowledgebase alias,alias,Place-name meaning: Zeboiim — deer; goats. Source form: Zeboiim. Greek form: σεβωιμ. Equivalent source: Logos Bible Knowledgebase alias.
Shittim,place,Joshua 2:1,ot,Shittim,Shittim,σαττιν,thorns,UKJV same-reference name-order alignment,aligned,Place-name meaning: Shittim — thorns. Source form: Shittim. Greek form: σαττιν. Equivalent source: UKJV same-reference name-order alignment.
Galgala,transliterated_form,Joshua 4:19,ot,Gilgal,Galgala,γαλγαλοις,wheel; rolling; heap,manual/standard English equivalent,manual,Standard English equivalent: Gilgal. Source form: Galgala. Greek form: γαλγαλοις. Name meaning: wheel; rolling; heap. Equivalent source: manual/standard English equivalent.
Sabaoth,transliterated_form,Joshua 6:17,ot,LORD of hosts,Sabaoth,σαβαωθ,Yahweh of armies; Lord of heavenly hosts,manual/standard English equivalent,manual,Standard English equivalent: LORD of hosts. Source form: Sabaoth. Greek form: σαβαωθ. Name meaning: Yahweh of armies; Lord of heavenly hosts. Equivalent source: manual/standard English equivalent.
Abiron,person,Joshua 6:26,ot,,,,,,,Source text carries this as a personal name; retained as a proper noun rather than translated as ordinary vocabulary.
Achar,person,Joshua 7:1,ot,,,,,,,Source text carries this as a personal name; retained as a proper noun rather than translated as ordinary vocabulary.
Ai,place,Joshua 7:2,ot,Ai,Ai,και,"or Hai, mass; heap",UKJV same-reference name-order alignment,aligned,"Place-name meaning: Ai — or Hai, mass; heap. Source form: Ai. Greek form: και. Equivalent source: UKJV same-reference name-order alignment."
Gibeon,place,Joshua 9:3,ot,Gibeon,Gibeon,γαβαων,hill; cup; thing lifted up,UKJV same-reference name-order alignment,aligned,Place-name meaning: Gibeon — hill; cup; thing lifted up. Source form: Gibeon. Greek form: γαβαων. Equivalent source: UKJV same-reference name-order alignment.
Adonibezek,person,Joshua 10:1,ot,,,,,,,Source text carries this as a personal name; retained as a proper noun rather than translated as ordinary vocabulary.
Jerusalem,place,Joshua 10:1,ot,Jerusalem,Jerusalem,ιερουσαλημ,vision of peace,UKJV same-reference name-order alignment,aligned,Place-name meaning: Jerusalem — vision of peace. Source form: Jerusalem. Greek form: ιερουσαλημ. Equivalent source: UKJV same-reference name-order alignment.
Ailam,place,Joshua 10:3,ot,Helam,Ailam,αιλαμ,their army; their trouble,UKJV same-reference name-order alignment,aligned,Place-name meaning: Helam — their army; their trouble. Standard English equivalent: Helam. Source form: Ailam. Greek form: αιλαμ. Equivalent source: UKJV same-reference name-order alignment.
Jerimoth,person,Joshua 10:3,ot,,,,,,,Source text carries this as a personal name; retained as a proper noun rather than translated as ordinary vocabulary.
Lachish,place,Joshua 10:3,ot,Lachish,Lachish,λαχις,"who walks, or exists, of himself",UKJV same-reference name-order alignment,aligned,"Place-name meaning: Lachish — who walks, or exists, of himself. Source form: Lachish. Greek form: λαχις. Equivalent source: UKJV same-reference name-order alignment."
Odollam,place,Joshua 10:3,ot,Adullam,Odollam,οδολλαμ,their testimony; their prey; their ornament,UKJV same-reference name-order alignment,aligned,Place-name meaning: Adullam — their testimony; their prey; their ornament. Standard English equivalent: Adullam. Source form: Odollam. Greek form: οδολλαμ. Equivalent source: UKJV same-reference name-order alignment.
Negeb,place,Joshua 10:40,ot,Negeb,Negeb,ναγεβ,meaning uncertain/not securely attested in the consulted name dictionaries,Logos Bible Knowledgebase alias,alias,Place-name meaning: Negeb — meaning uncertain/not securely attested in the consulted name dictionaries. Source form: Negeb. Greek form: ναγεβ. Equivalent source: Logos Bible Knowledgebase alias.
Jabin,person,Joshua 11:1,ot,,,,,,,Source text carries this as a personal name; retained as a proper noun rather than translated as ordinary vocabulary.
Marron,place,Joshua 11:1,ot,Madon,Marron,μαρρων,a chiding; a garment; his measure,UKJV same-reference name-order alignment,aligned,Place-name meaning: Madon — a chiding; a garment; his measure. Standard English equivalent: Madon. Source form: Marron. Greek form: μαρρων. Equivalent source: UKJV same-reference name-order alignment.
Raba,place,Joshua 11:2,ot,Arabah,Raba,ραβα,meaning uncertain/not securely attested in the consulted name dictionaries,Logos Bible Knowledgebase alias,alias,Place-name meaning: Arabah — meaning uncertain/not securely attested in the consulted name dictionaries. Standard English equivalent: Arabah. Source form: Raba. Greek form: ραβα. Equivalent source: Logos Bible Knowledgebase alias.
Hermon,place,Joshua 11:3,ot,Hermon,Hermon,αερμων,anathema; devoted to destruction,UKJV same-reference name-order alignment,aligned,Place-name meaning: Hermon — anathema; devoted to destruction. Source form: Hermon. Greek form: αερμων. Equivalent source: UKJV same-reference name-order alignment.
Massoch,place,Joshua 11:8,ot,Mizpah,Massoch,μασσωχ,"Mizpeh, a watch-tower; speculation",Logos Bible Knowledgebase alias,alias,"Place-name meaning: Mizpah — Mizpeh, a watch-tower; speculation. Standard English equivalent: Mizpah. Source form: Massoch. Greek form: μασσωχ. Equivalent source: Logos Bible Knowledgebase alias."
Geth,place,Joshua 11:22,ot,Gath,Geth,γεθ,a wine-press,UKJV same-reference name-order alignment,aligned,Place-name meaning: Gath — a wine-press. Standard English equivalent: Gath. Source form: Geth. Greek form: γεθ. Equivalent source: UKJV same-reference name-order alignment.
Arath,place,Joshua 12:14,ot,Arad,Arath,αραθ,a wild ass; a dragon,UKJV same-reference name-order alignment,aligned,Place-name meaning: Arad — a wild ass; a dragon. Standard English equivalent: Arad. Source form: Arath. Greek form: αραθ. Equivalent source: UKJV same-reference name-order alignment.
Aphek,place,Joshua 12:18,ot,Aphek,Aphek,αφεκ,"Aphekah, Aphik, strength; a rapid torrent",UKJV same-reference name-order alignment,aligned,"Place-name meaning: Aphek — Aphekah, Aphik, strength; a rapid torrent. Source form: Aphek. Greek form: αφεκ. Equivalent source: UKJV same-reference name-order alignment."
Sharon,place,Joshua 12:18,ot,Lasharon,Sharon,σαρων,meaning uncertain/not securely attested in the consulted name dictionaries,UKJV same-reference name-order alignment,aligned,Place-name meaning: Lasharon — meaning uncertain/not securely attested in the consulted name dictionaries. Standard English equivalent: Lasharon. Source form: Sharon. Greek form: σαρων. Equivalent source: UKJV same-reference name-order alignment.
Dor,place,Joshua 12:23,ot,Dor,Dor,δωρ,"generation, habitation",UKJV same-reference witness,1.00,"Place-name meaning: Dor — generation, habitation. Source form: Dor. Greek form: δωρ. Equivalent source: UKJV same-reference witness."
Goiim,place,Joshua 12:23,ot,Goiim,Goiim,γωιμ,meaning uncertain/not securely attested in the consulted name dictionaries,Logos Bible Knowledgebase alias,alias,Place-name meaning: Goiim — meaning uncertain/not securely attested in the consulted name dictionaries. Source form: Goiim. Greek form: γωιμ. Equivalent source: Logos Bible Knowledgebase alias.
Galilee,place,Joshua 12:23,ot,Galilee,Galilee,γαλιλαιας,wheel; revolution,UKJV same-reference name-order alignment,aligned,Place-name meaning: Galilee — wheel; revolution. Source form: Galilee. Greek form: γαλιλαιας. Equivalent source: UKJV same-reference name-order alignment.
Ekron,place,Joshua 13:3,ot,Ekron,Ekron,ακκαρων,barrenness; torn away,UKJV same-reference name-order alignment,aligned,Place-name meaning: Ekron — barrenness; torn away. Source form: Ekron. Greek form: ακκαρων. Equivalent source: UKJV same-reference name-order alignment.
Gittite,people_group,Joshua 13:3,ot,,,,,,,Ethnic or group proper noun; retained as a people-name rather than translated as ordinary vocabulary.
Sidonians,people_group,Joshua 13:4,ot,,,,,,,Ethnic or group proper noun; retained as a people-name rather than translated as ordinary vocabulary.
Daibon,place,Joshua 13:9,ot,Dibon,Daibon,δαιβαν,abundance of knowledge,UKJV same-reference witness,0.91,Place-name meaning: Dibon — abundance of knowledge. Standard English equivalent: Dibon. Source form: Daibon. Greek form: δαιβαν. Equivalent source: UKJV same-reference witness.
Kedemoth,place,Joshua 13:18,ot,Kedemoth,Kedemoth,κεδημωθ,antiquity; old age,UKJV same-reference name-order alignment,aligned,Place-name meaning: Kedemoth — antiquity; old age. Source form: Kedemoth. Greek form: κεδημωθ. Equivalent source: UKJV same-reference name-order alignment.
Mephaath,place,Joshua 13:18,ot,Mephaath,Mephaath,μεφααθ,"appearance, or force, of waters",UKJV same-reference name-order alignment,aligned,"Place-name meaning: Mephaath — appearance, or force, of waters. Source form: Mephaath. Greek form: μεφααθ. Equivalent source: UKJV same-reference name-order alignment."
Sior,place,Joshua 13:19,ot,Zair,Sior,σιωρ,little; afflicted; in tribulation,UKJV same-reference name-order alignment,aligned,Place-name meaning: Zair — little; afflicted; in tribulation. Standard English equivalent: Zair. Source form: Sior. Greek form: σιωρ. Equivalent source: UKJV same-reference name-order alignment.
Botanin,place,Joshua 13:26,ot,Betonim,Botanin,βοτανιν,bellies,UKJV same-reference witness,0.57,Place-name meaning: Betonim — bellies. Standard English equivalent: Betonim. Source form: Botanin. Greek form: βοτανιν. Equivalent source: UKJV same-reference witness.
Sokchotha,place,Joshua 13:27,ot,Succoth,Sokchotha,σοκχωθα,tents; tabernacles,UKJV same-reference witness,0.62,Place-name meaning: Succoth — tents; tabernacles. Standard English equivalent: Succoth. Source form: Sokchotha. Greek form: σοκχωθα. Equivalent source: UKJV same-reference witness.
Addara,place,Joshua 15:3,ot,Adar,Addara,αδδαρα,high; eminent,UKJV same-reference name-order alignment,aligned,Place-name meaning: Adar — high; eminent. Standard English equivalent: Adar. Source form: Addara. Greek form: αδδαρα. Equivalent source: UKJV same-reference name-order alignment.
Addamin,place,Joshua 15:7,ot,Adummim,Addamin,αδδαμιν,earthy; red; bloody things,UKJV same-reference witness,0.57,Place-name meaning: Adummim — earthy; red; bloody things. Standard English equivalent: Adummim. Source form: Addamin. Greek form: αδδαμιν. Equivalent source: UKJV same-reference witness.
Rogel,place,Joshua 15:7,ot,Enrogel,Rogel,ρωγηλ,the fuller's fountain; the well of searching,UKJV same-reference witness,0.83,Place-name meaning: Enrogel — the fuller's fountain; the well of searching. Standard English equivalent: Enrogel. Source form: Rogel. Greek form: ρωγηλ. Equivalent source: UKJV same-reference witness.
Jebus,place,Joshua 15:8,ot,Jebusite,Jebus,ιεβους,treading under foot; manger,UKJV same-reference witness,0.77,Place-name meaning: Jebusite — treading under foot; manger. Standard English equivalent: Jebusite. Source form: Jebus. Greek form: ιεβους. Equivalent source: UKJV same-reference witness.
Naphtho,place,Joshua 15:9,ot,Nephtoah,Naphtho,ναφθω,meaning uncertain/not securely attested in the consulted name dictionaries,UKJV same-reference name-order alignment,aligned,Place-name meaning: Nephtoah — meaning uncertain/not securely attested in the consulted name dictionaries. Standard English equivalent: Nephtoah. Source form: Naphtho. Greek form: ναφθω. Equivalent source: UKJV same-reference name-order alignment.
Assares,place,Joshua 15:10,ot,Mount Seir,Assares,ασσαρες,meaning uncertain/not securely attested in the consulted name dictionaries,Logos Bible Knowledgebase alias,alias,Place-name meaning: Mount Seir — meaning uncertain/not securely attested in the consulted name dictionaries. Standard English equivalent: Mount Seir. Source form: Assares. Greek form: ασσαρες. Equivalent source: Logos Bible Knowledgebase alias.
Ara,person,Joshua 15:21,ot,,,,,,,Source text carries this as a personal name; retained as a proper noun rather than translated as ordinary vocabulary.
Asor,place,Joshua 15:21,ot,Hazor,Asor,ασωρ,court; hay,UKJV same-reference name-order alignment,aligned,Place-name meaning: Hazor — court; hay. Standard English equivalent: Hazor. Source form: Asor. Greek form: ασωρ. Equivalent source: UKJV same-reference name-order alignment.
Gabaa,transliterated_form,Joshua 15:57,ot,Gibeah,Gabaa,γαβαα,a hill,manual/standard English equivalent,manual,Standard English equivalent: Gibeah. Source form: Gabaa. Greek form: γαβαα. Name meaning: a hill. Equivalent source: manual/standard English equivalent.
Thamnatha,place,Joshua 15:57,ot,Thimnathah,Thamnatha,θαμναθα,meaning uncertain/not securely attested in the consulted name dictionaries,UKJV same-reference name-order alignment,aligned,Place-name meaning: Thimnathah — meaning uncertain/not securely attested in the consulted name dictionaries. Standard English equivalent: Thimnathah. Source form: Thamnatha. Greek form: θαμναθα. Equivalent source: UKJV same-reference name-order alignment.
Aptalim,people_group,Joshua 16:3,ot,,,,,,,Ethnic or group proper noun; retained as a people-name rather than translated as ordinary vocabulary.
Macho,place,Joshua 16:7,ot,Janoah,Macho,μαχω,"Janohah, resting; tarrying; deriving",Logos Bible Knowledgebase alias,alias,"Place-name meaning: Janoah — Janohah, resting; tarrying; deriving. Standard English equivalent: Janoah. Source form: Macho. Greek form: μαχω. Equivalent source: Logos Bible Knowledgebase alias."
Taphou,place,Joshua 16:8,ot,Tappuah,Taphou,ταφου,apple; swelling,UKJV same-reference name-order alignment,aligned,Place-name meaning: Tappuah — apple; swelling. Standard English equivalent: Tappuah. Source form: Taphou. Greek form: ταφου. Equivalent source: UKJV same-reference name-order alignment.
Jezer,person,Joshua 17:2,ot,,,,,,,Source text carries this as a personal name; retained as a proper noun rather than translated as ordinary vocabulary.
Jeziel,person,Joshua 17:2,ot,,,,,,,Source text carries this as a personal name; retained as a proper noun rather than translated as ordinary vocabulary.
Anath,person,Joshua 17:7,ot,,,,,,,Source text carries this as a personal name; retained as a proper noun rather than translated as ordinary vocabulary.
Thapheth,place,Joshua 17:8,ot,Tappuah,Thapheth,θαφεθ,apple; swelling,Logos Bible Knowledgebase alias,alias,Place-name meaning: Tappuah — apple; swelling. Standard English equivalent: Tappuah. Source form: Thapheth. Greek form: θαφεθ. Equivalent source: Logos Bible Knowledgebase alias.
Jezrael,transliterated_form,Joshua 17:16,ot,Jezreel,Jezrael,ιεζραελ,God sows,UKJV same-reference name-order alignment,aligned,Standard English equivalent: Jezreel. Source form: Jezrael. Greek form: ιεζραελ. Name meaning: God sows. Equivalent source: UKJV same-reference name-order alignment.
Shiloh,place,Joshua 18:1,ot,Shiloh,Shiloh,σηλω,sent,UKJV same-reference name-order alignment,aligned,Place-name meaning: Shiloh — sent. Source form: Shiloh. Greek form: σηλω. Equivalent source: UKJV same-reference name-order alignment.
Maatarothorech,place,Joshua 18:13,ot,Atarothadar,Maatarothorech,μααταρωθορεχ,meaning uncertain/not securely attested in the consulted name dictionaries,UKJV same-reference witness,0.64,Place-name meaning: Atarothadar — meaning uncertain/not securely attested in the consulted name dictionaries. Standard English equivalent: Atarothadar. Source form: Maatarothorech. Greek form: μααταρωθορεχ. Equivalent source: UKJV same-reference witness.
Emekraphain,place,Joshua 18:16,ot,Valley of Rephaim,Emekraphain,εμεκραφαιν,meaning uncertain/not securely attested in the consulted name dictionaries,Logos Bible Knowledgebase alias,alias,Place-name meaning: Valley of Rephaim — meaning uncertain/not securely attested in the consulted name dictionaries. Standard English equivalent: Valley of Rephaim. Source form: Emekraphain. Greek form: εμεκραφαιν. Equivalent source: Logos Bible Knowledgebase alias.
Baithsamyis,transliterated_form,Joshua 18:17,ot,Beth-shemesh,Baithsamyis,βαιθσαμυς,house of the sun,manual/standard English equivalent,manual,Standard English equivalent: Beth-shemesh. Source form: Baithsamyis. Greek form: βαιθσαμυς. Name meaning: house of the sun. Equivalent source: manual/standard English equivalent.
Galiloth,place,Joshua 18:17,ot,Geliloth,Galiloth,γαλιλωθ,"rolling, wheel, heap",UKJV same-reference name-order alignment,aligned,"Place-name meaning: Geliloth — rolling, wheel, heap. Standard English equivalent: Geliloth. Source form: Galiloth. Greek form: γαλιλωθ. Equivalent source: UKJV same-reference name-order alignment."
Aithamin,place,Joshua 18:17,ot,Adummim,Aithamin,αιθαμιν,earthy; red; bloody things,Logos Bible Knowledgebase alias,alias,Place-name meaning: Adummim — earthy; red; bloody things. Standard English equivalent: Adummim. Source form: Aithamin. Greek form: αιθαμιν. Equivalent source: Logos Bible Knowledgebase alias.
Gabaon,place,Joshua 18:25,ot,Gibeon,Gabaon,γαβαων,hill; cup; thing lifted up,UKJV same-reference name-order alignment,aligned,Place-name meaning: Gibeon — hill; cup; thing lifted up. Standard English equivalent: Gibeon. Source form: Gabaon. Greek form: γαβαων. Equivalent source: UKJV same-reference name-order alignment.
Rama,transliterated_form,Joshua 18:25,ot,Ramah,Rama,ραμα,same as Ram,manual/standard English equivalent,manual,Standard English equivalent: Ramah. Source form: Rama. Greek form: ραμα. Name meaning: same as Ram. Equivalent source: manual/standard English equivalent.
Bersabee,transliterated_form,Joshua 19:2,ot,Beersheba,Bersabee,βηρσαβεε,the well of an oath; the seventh well,manual/standard English equivalent,manual,Standard English equivalent: Beersheba. Source form: Bersabee. Greek form: βηρσαβεε. Name meaning: the well of an oath; the seventh well. Equivalent source: manual/standard English equivalent.
Ether,place,Joshua 19:7,ot,Ether,Ether,εθερ,talk,UKJV same-reference name-order alignment,aligned,Place-name meaning: Ether — talk. Source form: Ether. Greek form: εθερ. Equivalent source: UKJV same-reference name-order alignment.
Barek,place,Joshua 19:8,ot,Baalath-beer,Barek,βαρεκ,subjected pit,Logos Bible Knowledgebase alias,alias,Place-name meaning: Baalath-beer — subjected pit. Standard English equivalent: Baalath-beer. Source form: Barek. Greek form: βαρεκ. Equivalent source: Logos Bible Knowledgebase alias.
Bameth,place,Joshua 19:8,ot,Ramath,Bameth,βαμεθ,"Ramatha, raised; lofty",UKJV same-reference name-order alignment,aligned,"Place-name meaning: Ramath — Ramatha, raised; lofty. Standard English equivalent: Ramath. Source form: Bameth. Greek form: βαμεθ. Equivalent source: UKJV same-reference name-order alignment."
Esedek,place,Joshua 19:10,ot,Sarid,Esedek,εσεδεκ,remaining; hand of a prince,Logos Bible Knowledgebase alias,alias,Place-name meaning: Sarid — remaining; hand of a prince. Standard English equivalent: Sarid. Source form: Esedek. Greek form: εσεδεκ. Equivalent source: Logos Bible Knowledgebase alias.
Maragella,place,Joshua 19:11,ot,Maralah,Maragella,μαραγελλα,sleep; a sacrifice of myrrh; ascension,UKJV same-reference witness,0.75,Place-name meaning: Maralah — sleep; a sacrifice of myrrh; ascension. Standard English equivalent: Maralah. Source form: Maragella. Greek form: μαραγελλα. Equivalent source: UKJV same-reference witness.
Seddouk,place,Joshua 19:12,ot,Sarid,Seddouk,σεδδουκ,remaining; hand of a prince,Logos Bible Knowledgebase alias,alias,Place-name meaning: Sarid — remaining; hand of a prince. Standard English equivalent: Sarid. Source form: Seddouk. Greek form: σεδδουκ. Equivalent source: Logos Bible Knowledgebase alias.
Katasem,place,Joshua 19:13,ot,Eth-kazin,Katasem,κατασεμ,meaning uncertain/not securely attested in the consulted name dictionaries,Logos Bible Knowledgebase alias,alias,Place-name meaning: Eth-kazin — meaning uncertain/not securely attested in the consulted name dictionaries. Standard English equivalent: Eth-kazin. Source form: Katasem. Greek form: κατασεμ. Equivalent source: Logos Bible Knowledgebase alias.
Amoth,place,Joshua 19:14,ot,Hannathon,Amoth,αμωθ,the gift of grace,Logos Bible Knowledgebase alias,alias,Place-name meaning: Hannathon — the gift of grace. Standard English equivalent: Hannathon. Source form: Amoth. Greek form: αμωθ. Equivalent source: Logos Bible Knowledgebase alias.
Salim,place,Joshua 19:22,ot,Shahazimah,Salim,σαλιμ,meaning uncertain/not securely attested in the consulted name dictionaries,UKJV same-reference name-order alignment,aligned,Place-name meaning: Shahazimah — meaning uncertain/not securely attested in the consulted name dictionaries. Standard English equivalent: Shahazimah. Source form: Salim. Greek form: σαλιμ. Equivalent source: UKJV same-reference name-order alignment.
Carmel,place,Joshua 19:26,ot,Carmel,Carmel,καρμηλω,circumcised lamb; harvest; full of ears of corn,UKJV same-reference name-order alignment,aligned,Place-name meaning: Carmel — circumcised lamb; harvest; full of ears of corn. Source form: Carmel. Greek form: καρμηλω. Equivalent source: UKJV same-reference name-order alignment.
Moolam,place,Joshua 19:33,ot,Lakum,Moolam,μοολαμ,meaning uncertain/not securely attested in the consulted name dictionaries,UKJV same-reference witness,0.55,Place-name meaning: Lakum — meaning uncertain/not securely attested in the consulted name dictionaries. Standard English equivalent: Lakum. Source form: Moolam. Greek form: μοολαμ. Equivalent source: UKJV same-reference witness.
Arme,place,Joshua 19:33,ot,Adami-nekeb,Arme,αρμε,meaning uncertain/not securely attested in the consulted name dictionaries,Logos Bible Knowledgebase alias,alias,Place-name meaning: Adami-nekeb — meaning uncertain/not securely attested in the consulted name dictionaries. Standard English equivalent: Adami-nekeb. Source form: Arme. Greek form: αρμε. Equivalent source: Logos Bible Knowledgebase alias.
Nabok,place,Joshua 19:33,ot,Adami-nekeb,Nabok,ναβωκ,meaning uncertain/not securely attested in the consulted name dictionaries,Logos Bible Knowledgebase alias,alias,Place-name meaning: Adami-nekeb — meaning uncertain/not securely attested in the consulted name dictionaries. Standard English equivalent: Adami-nekeb. Source form: Nabok. Greek form: ναβωκ. Equivalent source: Logos Bible Knowledgebase alias.
Dodam,place,Joshua 19:33,ot,Adami,Dodam,δωδαμ,my man; red; earthy; human,UKJV same-reference witness,0.60,Place-name meaning: Adami — my man; red; earthy; human. Standard English equivalent: Adami. Source form: Dodam. Greek form: δωδαμ. Equivalent source: UKJV same-reference witness.
Tyre,place,Joshua 19:35,ot,Tyre,Tyre,τυρος,"Tyrus, strength; rock; sharp",UKJV same-reference name-order alignment,aligned,"Place-name meaning: Tyre — Tyrus, strength; rock; sharp. Source form: Tyre. Greek form: τυρος. Equivalent source: UKJV same-reference name-order alignment."
Kerōe,transliterated_form,Joshua 19:38,ot,Iron,Kerōe,κερωε,watchful; city-name meaning uncertain,manual/standard English equivalent,manual,Standard English equivalent: Iron. Source form: Kerōe. Greek form: κερωε. Name meaning: watchful; city-name meaning uncertain. Equivalent source: manual/standard English equivalent.
Akkaron,place,Joshua 19:43,ot,Ekron,Akkaron,ακκαρων,barrenness; torn away,UKJV same-reference name-order alignment,aligned,Place-name meaning: Ekron — barrenness; torn away. Standard English equivalent: Ekron. Source form: Akkaron. Greek form: ακκαρων. Equivalent source: UKJV same-reference name-order alignment.
Azor,person,Joshua 19:45,ot,,,,,,,Source text carries this as a personal name; retained as a proper noun rather than translated as ordinary vocabulary.
Joppa,place,Joshua 19:46,ot,Joppa,Joppa,ιοππης,beauty; comeliness,UKJV same-reference name-order alignment,aligned,Place-name meaning: Joppa — beauty; comeliness. Source form: Joppa. Greek form: ιοππης. Equivalent source: UKJV same-reference name-order alignment.
Arēmōth,transliterated_form,Joshua 20:8,ot,Ramoth,Arēmōth,αρημωθ,eminences; high places,UKJV same-reference witness,0.77,Standard English equivalent: Ramoth. Source form: Arēmōth. Greek form: αρημωθ. Name meaning: eminences; high places. Equivalent source: UKJV same-reference witness.
Ailom,place,Joshua 21:14,ot,Aijalon,Ailom,αιλωμ,a chain; strength; a stag,Logos Bible Knowledgebase alias,alias,Place-name meaning: Aijalon — a chain; strength; a stag. Standard English equivalent: Aijalon. Source form: Ailom. Greek form: αιλωμ. Equivalent source: Logos Bible Knowledgebase alias.
Dabbōn,transliterated_form,Joshua 21:30,ot,Abdon,Dabbōn,δαββων,servant; cloud of judgment,UKJV same-reference name-order alignment,aligned,Standard English equivalent: Abdon. Source form: Dabbōn. Greek form: δαββων. Name meaning: servant; cloud of judgment. Equivalent source: UKJV same-reference name-order alignment.
Themmōn,transliterated_form,Joshua 21:32,ot,Themmon,Themmōn,θεμμων,meaning uncertain/not securely attested in the consulted name dictionaries,normalized source form,fallback,Standard English equivalent: Themmon. Source form: Themmōn. Greek form: θεμμων. Name meaning: meaning uncertain/not securely attested in the consulted name dictionaries. Equivalent source: normalized source form.
Iazēr,transliterated_form,Joshua 21:36,ot,Jazer,Iazēr,ιαζηρ,assistance; helper,manual/standard English equivalent,manual,Standard English equivalent: Jazer. Source form: Iazēr. Greek form: ιαζηρ. Name meaning: assistance; helper. Equivalent source: manual/standard English equivalent.
Dekmōn,transliterated_form,Joshua 21:37,ot,Kedemoth,Dekmōn,δεκμων,antiquity; old age,UKJV same-reference name-order alignment,aligned,Standard English equivalent: Kedemoth. Source form: Dekmōn. Greek form: δεκμων. Name meaning: antiquity; old age. Equivalent source: UKJV same-reference name-order alignment.
Esebōn,transliterated_form,Joshua 21:39,ot,Heshbon,Esebōn,εσεβων,invention; industry,UKJV same-reference name-order alignment,aligned,Standard English equivalent: Heshbon. Source form: Esebōn. Greek form: εσεβων. Name meaning: invention; industry. Equivalent source: UKJV same-reference name-order alignment.
Reubenites,people_group,Joshua 22:34,ot,,,,,,,Ethnic or group proper noun; retained as a people-name rather than translated as ordinary vocabulary.
Gadites,people_group,Joshua 22:34,ot,,,,,,,Ethnic or group proper noun; retained as a people-name rather than translated as ordinary vocabulary.
Sepphor,person,Joshua 24:9,ot,,,,,,,Source text carries this as a personal name; retained as a proper noun rather than translated as ordinary vocabulary.
Bezek,place,Judges 1:4,ot,Bezek,Bezek,βεζεκ,lightning; in the chains,UKJV same-reference name-order alignment,aligned,Place-name meaning: Bezek — lightning; in the chains. Source form: Bezek. Greek form: βεζεκ. Equivalent source: UKJV same-reference name-order alignment.
Enak,person,Judges 1:10,ot,,,,,,,Source text carries this as a personal name; retained as a proper noun rather than translated as ordinary vocabulary.
Gothoniēl,transliterated_form,Judges 1:13,ot,Othniel,Gothoniēl,γοθονιηλ,the hour of God,manual/standard English equivalent,manual,Standard English equivalent: Othniel. Source form: Gothoniēl. Greek form: γοθονιηλ. Name meaning: the hour of God. Equivalent source: manual/standard English equivalent.
Jōbab,transliterated_form,Judges 1:16,ot,Hobab,Jōbab,ιωβαβ,favored; beloved,UKJV same-reference witness,0.80,Standard English equivalent: Hobab. Source form: Jōbab. Greek form: ιωβαβ. Name meaning: favored; beloved. Equivalent source: UKJV same-reference witness.
Azotus,place,Judges 1:18,ot,Gazite,Azotus,αζωτον,meaning uncertain/not securely attested in the consulted name dictionaries,UKJV same-reference witness,0.62,Place-name meaning: Gazite — meaning uncertain/not securely attested in the consulted name dictionaries. Standard English equivalent: Gazite. Source form: Azotus. Greek form: αζωτον. Equivalent source: UKJV same-reference witness.
Rēchab,transliterated_form,Judges 1:19,ot,Rechab,Rēchab,ρηχαβ,square; chariot with team of four horses,UKJV same-reference name-order alignment,aligned,Standard English equivalent: Rechab. Source form: Rēchab. Greek form: ρηχαβ. Name meaning: square; chariot with team of four horses. Equivalent source: UKJV same-reference name-order alignment.
Scythians,people_group,Judges 1:27,ot,,,,,,,Ethnic or group proper noun; retained as a people-name rather than translated as ordinary vocabulary.
Magedō,transliterated_form,Judges 1:27,ot,Megiddo,Magedō,μαγεδων,his precious fruit; declaring a message,UKJV same-reference witness,0.62,Standard English equivalent: Megiddo. Source form: Magedō. Greek form: μαγεδων. Name meaning: his precious fruit; declaring a message. Equivalent source: UKJV same-reference witness.
Kedron,place,Judges 1:30,ot,Kidron,Kedron,κεδρων,obscure; making black or sad,UKJV same-reference name-order alignment,aligned,Place-name meaning: Kidron — obscure; making black or sad. Standard English equivalent: Kidron. Source form: Kedron. Greek form: κεδρων. Equivalent source: UKJV same-reference name-order alignment.
Akchō,transliterated_form,Judges 1:31,ot,Acco,Akchō,ακχω,close; pressed together,manual/standard English equivalent,manual,Standard English equivalent: Acco. Source form: Akchō. Greek form: ακχω. Name meaning: close; pressed together. Equivalent source: manual/standard English equivalent.
Dōr,transliterated_form,Judges 1:31,ot,Dor,Dōr,δωρ,"generation, habitation",manual/standard English equivalent,manual,"Standard English equivalent: Dor. Source form: Dōr. Greek form: δωρ. Name meaning: generation, habitation. Equivalent source: manual/standard English equivalent."
Roōb,transliterated_form,Judges 1:31,ot,Rehob,Roōb,ροωβ,breadth; space; extent,UKJV same-reference name-order alignment,aligned,Standard English equivalent: Rehob. Source form: Roōb. Greek form: ροωβ. Name meaning: breadth; space; extent. Equivalent source: UKJV same-reference name-order alignment.
Myrsinōn,transliterated_form,Judges 1:35,ot,Myrsinon,Myrsinōn,μυρσινωνος,meaning uncertain/not securely attested in the consulted name dictionaries,normalized source form,fallback,Standard English equivalent: Myrsinon. Source form: Myrsinōn. Greek form: μυρσινωνος. Name meaning: meaning uncertain/not securely attested in the consulted name dictionaries. Equivalent source: normalized source form.
Sidonian,people_group,Judges 3:3,ot,,,,,,,Ethnic or group proper noun; retained as a people-name rather than translated as ordinary vocabulary.
Baal-hermon,place,Judges 3:3,ot,Baalhermon,Baal-hermon,βαλαερμων,possessor of destruction or of a thing cursed,UKJV same-reference witness,1.00,Place-name meaning: Baalhermon — possessor of destruction or of a thing cursed. Standard English equivalent: Baalhermon. Source form: Baal-hermon. Greek form: βαλαερμων. Equivalent source: UKJV same-reference witness.
Lobōēmath,transliterated_form,Judges 3:3,ot,Zobah,Lobōēmath,λοβωημαθ,"Zobebah, an army; warring",UKJV same-reference witness,0.57,"Standard English equivalent: Zobah. Source form: Lobōēmath. Greek form: λοβωημαθ. Name meaning: Zobebah, an army; warring. Equivalent source: UKJV same-reference witness."
Chousarsathōm,transliterated_form,Judges 3:8,ot,Chushan-rishathaim,Chousarsathōm,χουσαρσαθωμ,blackness of iniquities,manual/standard English equivalent,manual,Standard English equivalent: Chushan-rishathaim. Source form: Chousarsathōm. Greek form: χουσαρσαθωμ. Name meaning: blackness of iniquities. Equivalent source: manual/standard English equivalent.
Ehud,person,Judges 3:15,ot,,,,,,,Source text carries this as a personal name; retained as a proper noun rather than translated as ordinary vocabulary.
Gēra,transliterated_form,Judges 3:15,ot,Gera,Gēra,γηρα,"pilgrimage, combat; dispute",UKJV same-reference name-order alignment,aligned,"Standard English equivalent: Gera. Source form: Gēra. Greek form: γηρα. Name meaning: pilgrimage, combat; dispute. Equivalent source: UKJV same-reference name-order alignment."
Seirōtha,transliterated_form,Judges 3:26,ot,Seirath,Seirōtha,σειρωθα,meaning uncertain/not securely attested in the consulted name dictionaries,UKJV same-reference name-order alignment,aligned,Standard English equivalent: Seirath. Source form: Seirōtha. Greek form: σειρωθα. Name meaning: meaning uncertain/not securely attested in the consulted name dictionaries. Equivalent source: UKJV same-reference name-order alignment.
Sisara,transliterated_form,Judges 4:2,ot,Sisera,Sisara,σισαρα,that sees a horse or a swallow,manual/standard English equivalent,manual,Standard English equivalent: Sisera. Source form: Sisara. Greek form: σισαρα. Name meaning: that sees a horse or a swallow. Equivalent source: manual/standard English equivalent.
Arisōth,transliterated_form,Judges 4:2,ot,Harosheth,Arisōth,αρισωθ,a forest; agriculture; workmanship; deafness; silence,UKJV same-reference witness,0.62,Standard English equivalent: Harosheth. Source form: Arisōth. Greek form: αρισωθ. Name meaning: a forest; agriculture; workmanship; deafness; silence. Equivalent source: UKJV same-reference witness.
Lapidōth,transliterated_form,Judges 4:4,ot,Lapidoth,Lapidōth,λαφιδωθ,enlightened; lamps,UKJV same-reference name-order alignment,aligned,Standard English equivalent: Lapidoth. Source form: Lapidōth. Greek form: λαφιδωθ. Name meaning: enlightened; lamps. Equivalent source: UKJV same-reference name-order alignment.
Barak,person,Judges 4:6,ot,,,,,,,Source text carries this as a personal name; retained as a proper noun rather than translated as ordinary vocabulary.
Thabor,place,Judges 4:6,ot,Tabor,Thabor,θαβωρ,choice; purity; bruising,UKJV same-reference name-order alignment,aligned,Place-name meaning: Tabor — choice; purity; bruising. Standard English equivalent: Tabor. Source form: Thabor. Greek form: θαβωρ. Equivalent source: UKJV same-reference name-order alignment.
Kishōn,transliterated_form,Judges 4:7,ot,Kishon,Kishōn,κισων,hard; sore,UKJV same-reference name-order alignment,aligned,Standard English equivalent: Kishon. Source form: Kishōn. Greek form: κισων. Name meaning: hard; sore. Equivalent source: UKJV same-reference name-order alignment.
Jael,person,Judges 4:17,ot,,,,,,,Source text carries this as a personal name; retained as a proper noun rather than translated as ordinary vocabulary.
Mageddō,transliterated_form,Judges 5:19,ot,Megiddo,Mageddō,μαγεδδω,his precious fruit; declaring a message,UKJV same-reference witness,0.71,Standard English equivalent: Megiddo. Source form: Mageddō. Greek form: μαγεδδω. Name meaning: his precious fruit; declaring a message. Equivalent source: UKJV same-reference witness.
Marōz,transliterated_form,Judges 5:23,ot,Meroz,Marōz,μαρωζ,"secret, leanness",UKJV same-reference name-order alignment,aligned,"Standard English equivalent: Meroz. Source form: Marōz. Greek form: μαρωζ. Name meaning: secret, leanness. Equivalent source: UKJV same-reference name-order alignment."
Joash,person,Judges 6:11,ot,,,,,,,Source text carries this as a personal name; retained as a proper noun rather than translated as ordinary vocabulary.
Ezri,person,Judges 6:24,ot,,,,,,,Source text carries this as a personal name; retained as a proper noun rather than translated as ordinary vocabulary.
Arōed,transliterated_form,Judges 7:1,ot,Harod,Arōed,αρωεδ,astonishment; fear,UKJV same-reference witness,0.80,Standard English equivalent: Harod. Source form: Arōed. Greek form: αρωεδ. Name meaning: astonishment; fear. Equivalent source: UKJV same-reference witness.
Abōr,transliterated_form,Judges 7:1,ot,Habor,Abōr,αβωρ,a partaker; a companion,UKJV same-reference name-order alignment,aligned,Standard English equivalent: Habor. Source form: Abōr. Greek form: αβωρ. Name meaning: a partaker; a companion. Equivalent source: UKJV same-reference name-order alignment.
Tabath,place,Judges 7:22,ot,Tabbath,Tabath,ταβαθ,good; goodness,UKJV same-reference witness,0.92,Place-name meaning: Tabbath — good; goodness. Standard English equivalent: Tabbath. Source form: Tabath. Greek form: ταβαθ. Equivalent source: UKJV same-reference witness.
Ōrēb,transliterated_form,Judges 7:25,ot,Oreb,Ōrēb,ωρηβ,a raven,UKJV same-reference name-order alignment,aligned,Standard English equivalent: Oreb. Source form: Ōrēb. Greek form: ωρηβ. Name meaning: a raven. Equivalent source: UKJV same-reference name-order alignment.
Zēb,transliterated_form,Judges 7:25,ot,Zeeb,Zēb,ζηβ,wolf,UKJV same-reference name-order alignment,aligned,Standard English equivalent: Zeeb. Source form: Zēb. Greek form: ζηβ. Name meaning: wolf. Equivalent source: UKJV same-reference name-order alignment.
Jakephzēb,transliterated_form,Judges 7:25,ot,Jakephzeb,Jakephzēb,ιακεφζηβ,meaning uncertain/not securely attested in the consulted name dictionaries,normalized source form,fallback,Standard English equivalent: Jakephzeb. Source form: Jakephzēb. Greek form: ιακεφζηβ. Name meaning: meaning uncertain/not securely attested in the consulted name dictionaries. Equivalent source: normalized source form.
Succoth,place,Judges 8:5,ot,Succoth,Succoth,σοκχωθ,tents; tabernacles,UKJV same-reference name-order alignment,aligned,Place-name meaning: Succoth — tents; tabernacles. Source form: Succoth. Greek form: σοκχωθ. Equivalent source: UKJV same-reference name-order alignment.
Zebah,person,Judges 8:5,ot,,,,,,,Source text carries this as a personal name; retained as a proper noun rather than translated as ordinary vocabulary.
Phanouēl,transliterated_form,Judges 8:8,ot,Penuel,Phanouēl,φανουηλ,same as Peniel,UKJV same-reference name-order alignment,aligned,Standard English equivalent: Penuel. Source form: Phanouēl. Greek form: φανουηλ. Name meaning: same as Peniel. Equivalent source: UKJV same-reference name-order alignment.
Karkar,place,Judges 8:10,ot,Karkor,Karkar,καρκαρ,they rested,UKJV same-reference name-order alignment,aligned,Place-name meaning: Karkor — they rested. Standard English equivalent: Karkor. Source form: Karkar. Greek form: καρκαρ. Equivalent source: UKJV same-reference name-order alignment.
Jōatham,transliterated_form,Judges 9:5,ot,Jotham,Jōatham,ιωαθαμ,the perfection of the Lord,UKJV same-reference name-order alignment,aligned,Standard English equivalent: Jotham. Source form: Jōatham. Greek form: ιωαθαμ. Name meaning: the perfection of the Lord. Equivalent source: UKJV same-reference name-order alignment.
Maallōn,transliterated_form,Judges 9:6,ot,Millo,Maallōn,μααλλων,fullness,UKJV same-reference name-order alignment,aligned,Standard English equivalent: Millo. Source form: Maallōn. Greek form: μααλλων. Name meaning: fullness. Equivalent source: UKJV same-reference name-order alignment.
Gaal,person,Judges 9:26,ot,,,,,,,Source text carries this as a personal name; retained as a proper noun rather than translated as ordinary vocabulary.
Emmōr,transliterated_form,Judges 9:28,ot,Hamor,Emmōr,εμμωρ,an ass; clay; dirt,UKJV same-reference witness,0.60,Standard English equivalent: Hamor. Source form: Emmōr. Greek form: εμμωρ. Name meaning: an ass; clay; dirt. Equivalent source: UKJV same-reference witness.
Selmōn,transliterated_form,Judges 9:48,ot,Zalmon,Selmōn,σελμων,his shade; his image,UKJV same-reference name-order alignment,aligned,Standard English equivalent: Zalmon. Source form: Selmōn. Greek form: σελμων. Name meaning: his shade; his image. Equivalent source: UKJV same-reference name-order alignment.
Thebes,place,Judges 9:50,ot,Thebez,Thebes,θεβες,muddy; eggs; fine linen or silk,UKJV same-reference name-order alignment,aligned,Place-name meaning: Thebez — muddy; eggs; fine linen or silk. Standard English equivalent: Thebez. Source form: Thebes. Greek form: θεβες. Equivalent source: UKJV same-reference name-order alignment.
Thōla,transliterated_form,Judges 10:1,ot,Tola,Thōla,θωλα,worm; grub; scarlet,UKJV same-reference witness,0.89,Standard English equivalent: Tola. Source form: Thōla. Greek form: θωλα. Name meaning: worm; grub; scarlet. Equivalent source: UKJV same-reference witness.
Rammō,transliterated_form,Judges 10:5,ot,Camon,Rammō,ραμμω,his resurrection,UKJV same-reference name-order alignment,aligned,Standard English equivalent: Camon. Source form: Rammō. Greek form: ραμμω. Name meaning: his resurrection. Equivalent source: UKJV same-reference name-order alignment.
Astarōths,transliterated_form,Judges 10:6,ot,Ashtaroth,Astarōths,ασταρωθ,"Ashtoreth, flocks; sheep; riches",UKJV same-reference witness,0.89,"Standard English equivalent: Ashtaroth. Source form: Astarōths. Greek form: ασταρωθ. Name meaning: Ashtoreth, flocks; sheep; riches. Equivalent source: UKJV same-reference witness."
Mizpah,place,Judges 10:17,ot,Mizpeh,Mizpah,μασσηφα,meaning uncertain/not securely attested in the consulted name dictionaries,UKJV same-reference name-order alignment,aligned,Place-name meaning: Mizpeh — meaning uncertain/not securely attested in the consulted name dictionaries. Standard English equivalent: Mizpeh. Source form: Mizpah. Greek form: μασσηφα. Equivalent source: UKJV same-reference name-order alignment.
Tōb,transliterated_form,Judges 11:3,ot,Tob,Tōb,τωβ,good; goodness,UKJV same-reference name-order alignment,aligned,Standard English equivalent: Tob. Source form: Tōb. Greek form: τωβ. Name meaning: good; goodness. Equivalent source: UKJV same-reference name-order alignment.
Sēōn,transliterated_form,Judges 11:19,ot,Sihon,Sēōn,σηων,rooting out; conclusion,UKJV same-reference name-order alignment,aligned,Standard English equivalent: Sihon. Source form: Sēōn. Greek form: σηων. Name meaning: rooting out; conclusion. Equivalent source: UKJV same-reference name-order alignment.
Jazēr,transliterated_form,Judges 11:26,ot,Aroer,Jazēr,ιαζηρ,heath; tamarisk,UKJV same-reference name-order alignment,aligned,Standard English equivalent: Aroer. Source form: Jazēr. Greek form: ιαζηρ. Name meaning: heath; tamarisk. Equivalent source: UKJV same-reference name-order alignment.
Aroēr,transliterated_form,Judges 11:33,ot,Aroer,Aroēr,αροηρ,heath; tamarisk,UKJV same-reference name-order alignment,aligned,Standard English equivalent: Aroer. Source form: Aroēr. Greek form: αροηρ. Name meaning: heath; tamarisk. Equivalent source: UKJV same-reference name-order alignment.
Semōith,transliterated_form,Judges 11:33,ot,Minnith,Semōith,σεμωιθ,same as Minni,UKJV same-reference witness,0.57,Standard English equivalent: Minnith. Source form: Semōith. Greek form: σεμωιθ. Name meaning: same as Minni. Equivalent source: UKJV same-reference witness.
Ailōn,transliterated_form,Judges 12:11,ot,Elon,Ailōn,αιλων,oak; grove; strong,UKJV same-reference name-order alignment,aligned,Standard English equivalent: Elon. Source form: Ailōn. Greek form: αιλων. Name meaning: oak; grove; strong. Equivalent source: UKJV same-reference name-order alignment.
Zebulunite,people_group,Judges 12:11,ot,,,,,,,Ethnic or group proper noun; retained as a people-name rather than translated as ordinary vocabulary.
Labdōn,transliterated_form,Judges 12:13,ot,Abdon,Labdōn,λαβδων,servant; cloud of judgment,UKJV same-reference name-order alignment,aligned,Standard English equivalent: Abdon. Source form: Labdōn. Greek form: λαβδων. Name meaning: servant; cloud of judgment. Equivalent source: UKJV same-reference name-order alignment.
Sellēm,transliterated_form,Judges 12:13,ot,Hillel,Sellēm,σελλημ,he that praises,UKJV same-reference name-order alignment,aligned,Standard English equivalent: Hillel. Source form: Sellēm. Greek form: σελλημ. Name meaning: he that praises. Equivalent source: UKJV same-reference name-order alignment.
Phraathōnite,transliterated_form,Judges 12:13,ot,Pirathonite,Phraathōnite,φρααθωνιτης,his dissipation or deprivation; his rupture,UKJV same-reference name-order alignment,aligned,Standard English equivalent: Pirathonite. Source form: Phraathōnite. Greek form: φρααθωνιτης. Name meaning: his dissipation or deprivation; his rupture. Equivalent source: UKJV same-reference name-order alignment.
Phraathōn,transliterated_form,Judges 12:15,ot,Pirathon,Phraathōn,φρααθων,his dissipation or deprivation; his rupture,UKJV same-reference name-order alignment,aligned,Standard English equivalent: Pirathon. Source form: Phraathōn. Greek form: φρααθων. Name meaning: his dissipation or deprivation; his rupture. Equivalent source: UKJV same-reference name-order alignment.
Manoah,person,Judges 13:2,ot,,,,,,,Source text carries this as a personal name; retained as a proper noun rather than translated as ordinary vocabulary.
Nazirite,people_group,Judges 13:5,ot,,,,,,,Ethnic or group proper noun; retained as a people-name rather than translated as ordinary vocabulary.
Gazites,people_group,Judges 16:2,ot,,,,,,,Ethnic or group proper noun; retained as a people-name rather than translated as ordinary vocabulary.
Sōrēch,transliterated_form,Judges 16:4,ot,Sorek,Sōrēch,σωρηχ,vine; hissing; a color inclining to yellow,UKJV same-reference name-order alignment,aligned,Standard English equivalent: Sorek. Source form: Sōrēch. Greek form: σωρηχ. Name meaning: vine; hissing; a color inclining to yellow. Equivalent source: UKJV same-reference name-order alignment.
Dagon,supernatural_being,Judges 16:23,ot,,,,,,,Source text carries this as a divine or supernatural name/title; retained as a proper noun.
Micha,person,Judges 17:1,ot,,,,,,,Source text carries this as a personal name; retained as a proper noun rather than translated as ordinary vocabulary.
Bethleem,place,Judges 17:7,ot,Bethlehem,Bethleem,βηθλεεμ,house of bread,manual/standard English equivalent,manual,Place-name meaning: Bethlehem — house of bread. Standard English equivalent: Bethlehem. Source form: Bethleem. Greek form: βηθλεεμ. Equivalent source: manual/standard English equivalent.
Gērsōm,transliterated_form,Judges 18:30,ot,Gershom,Gērsōm,γηρσωμ,a stranger here,UKJV same-reference witness,0.92,Standard English equivalent: Gershom. Source form: Gērsōm. Greek form: γηρσωμ. Name meaning: a stranger here. Equivalent source: UKJV same-reference witness.
Belial,supernatural_being,Judges 20:13,ot,,,,,,,Source text carries this as a divine or supernatural name/title; retained as a proper noun.
Lebōna,transliterated_form,Judges 21:19,ot,Lebonah,Lebōna,λεβωνα,same as Labana,UKJV same-reference witness,0.92,Standard English equivalent: Lebonah. Source form: Lebōna. Greek form: λεβωνα. Name meaning: same as Labana. Equivalent source: UKJV same-reference witness.
Ephrathites,people_group,Ruth 1:2,ot,,,,,,,Ethnic or group proper noun; retained as a people-name rather than translated as ordinary vocabulary.
Thamar,transliterated_form,Ruth 4:12,ot,Tamar,Thamar,θαμαρ,palm; palm-tree,manual/standard English equivalent,manual,Standard English equivalent: Tamar. Source form: Thamar. Greek form: θαμαρ. Name meaning: palm; palm-tree. Equivalent source: manual/standard English equivalent.
Ōbēd,transliterated_form,Ruth 4:17,ot,Obed,Ōbēd,ωβηδ,a servant; workman,UKJV same-reference name-order alignment,aligned,Standard English equivalent: Obed. Source form: Ōbēd. Greek form: ωβηδ. Name meaning: a servant; workman. Equivalent source: UKJV same-reference name-order alignment.
Esrōn,transliterated_form,Ruth 4:18,ot,Hezron,Esrōn,εσρων,the dart of joy; the division of the song,UKJV same-reference name-order alignment,aligned,Standard English equivalent: Hezron. Source form: Esrōn. Greek form: εσρων. Name meaning: the dart of joy; the division of the song. Equivalent source: UKJV same-reference name-order alignment.
Naassōn,transliterated_form,Ruth 4:20,ot,Nahshon,Naassōn,ναασσων,same as Naashon,UKJV same-reference name-order alignment,aligned,Standard English equivalent: Nahshon. Source form: Naassōn. Greek form: ναασσων. Name meaning: same as Naashon. Equivalent source: UKJV same-reference name-order alignment.
Siphā,transliterated_form,1 Samuel 1:1,ot,Ephraim,Siphā,σιφα,Fruitful; doubly fruitful,UKJV same-reference name-order alignment,aligned,Standard English equivalent: Ephraim. Source form: Siphā. Greek form: σιφα. Name meaning: Fruitful; doubly fruitful. Equivalent source: UKJV same-reference name-order alignment.
Ieremeēl,transliterated_form,1 Samuel 1:1,ot,Ieremeel,Ieremeēl,ιερεμεηλ,meaning uncertain/not securely attested in the consulted name dictionaries,normalized source form,fallback,Standard English equivalent: Ieremeel. Source form: Ieremeēl. Greek form: ιερεμεηλ. Name meaning: meaning uncertain/not securely attested in the consulted name dictionaries. Equivalent source: normalized source form.
Sabaōth,transliterated_form,1 Samuel 1:3,ot,LORD of hosts,Sabaōth,σαβαωθ,Yahweh of armies; Lord of heavenly hosts,manual/standard English equivalent,manual,Standard English equivalent: LORD of hosts. Source form: Sabaōth. Greek form: σαβαωθ. Name meaning: Yahweh of armies; Lord of heavenly hosts. Equivalent source: manual/standard English equivalent.
Shilō,transliterated_form,1 Samuel 1:3,ot,Shiloh,Shilō,σηλω,sent,UKJV same-reference name-order alignment,aligned,Standard English equivalent: Shiloh. Source form: Shilō. Greek form: σηλω. Name meaning: sent. Equivalent source: UKJV same-reference name-order alignment.
Ophni,place,1 Samuel 1:3,ot,Hophni,Ophni,οφνι,meaning uncertain/not securely attested in the consulted name dictionaries,UKJV same-reference name-order alignment,aligned,Place-name meaning: Hophni — meaning uncertain/not securely attested in the consulted name dictionaries. Standard English equivalent: Hophni. Source form: Ophni. Greek form: οφνι. Equivalent source: UKJV same-reference name-order alignment.
Adōnai,transliterated_form,1 Samuel 1:11,ot,Adonai,Adōnai,αδωναι,meaning uncertain/not securely attested in the consulted name dictionaries,normalized source form,fallback,Standard English equivalent: Adonai. Source form: Adōnai. Greek form: αδωναι. Name meaning: meaning uncertain/not securely attested in the consulted name dictionaries. Equivalent source: normalized source form.
Elōai,transliterated_form,1 Samuel 1:11,ot,Eloai,Elōai,ελωαι,meaning uncertain/not securely attested in the consulted name dictionaries,normalized source form,fallback,Standard English equivalent: Eloai. Source form: Elōai. Greek form: ελωαι. Name meaning: meaning uncertain/not securely attested in the consulted name dictionaries. Equivalent source: normalized source form.
Abenezēr,transliterated_form,1 Samuel 4:1,ot,Ebenezer,Abenezēr,αβενεζερ,the stone of help,UKJV same-reference witness,0.88,Standard English equivalent: Ebenezer. Source form: Abenezēr. Greek form: αβενεζερ. Name meaning: the stone of help. Equivalent source: UKJV same-reference witness.
Barchabōth,transliterated_form,1 Samuel 4:21,ot,Ichabod,Barchabōth,βαρχαβωθ,"where is the glory? or, no glory",UKJV same-reference witness,0.59,"Standard English equivalent: Ichabod. Source form: Barchabōth. Greek form: βαρχαβωθ. Name meaning: where is the glory? or, no glory. Equivalent source: UKJV same-reference witness."
Abennezēr,transliterated_form,1 Samuel 5:1,ot,Ebenezer,Abennezēr,αβεννεζερ,the stone of help,UKJV same-reference witness,0.82,Standard English equivalent: Ebenezer. Source form: Abennezēr. Greek form: αβεννεζερ. Name meaning: the stone of help. Equivalent source: UKJV same-reference witness.
Gittites,people_group,1 Samuel 5:8,ot,,,,,,,Ethnic or group proper noun; retained as a people-name rather than translated as ordinary vocabulary.
Ōsēe,transliterated_form,1 Samuel 6:14,ot,Hoshea,Ōsēe,ωσηε,Salvation,UKJV same-reference name-order alignment,aligned,Standard English equivalent: Hoshea. Source form: Ōsēe. Greek form: ωσηε. Name meaning: Salvation. Equivalent source: UKJV same-reference name-order alignment.
Astarōth,transliterated_form,1 Samuel 7:4,ot,Ashtaroth,Astarōth,ασταρωθ,"Ashtoreth, flocks; sheep; riches",UKJV same-reference name-order alignment,aligned,"Standard English equivalent: Ashtaroth. Source form: Astarōth. Greek form: ασταρωθ. Name meaning: Ashtoreth, flocks; sheep; riches. Equivalent source: UKJV same-reference name-order alignment."
Helper,supernatural_being,1 Samuel 7:12,ot,,,,,,,Source text carries this as a divine or supernatural name/title; retained as a proper noun.
Jōēl,transliterated_form,1 Samuel 8:2,ot,Joel,Jōēl,ιωηλ,he that wills or commands,UKJV same-reference name-order alignment,aligned,Standard English equivalent: Joel. Source form: Jōēl. Greek form: ιωηλ. Name meaning: he that wills or commands. Equivalent source: UKJV same-reference name-order alignment.
Abia,transliterated_form,1 Samuel 8:2,ot,Abijah,Abia,αβια,the Lord is my father,manual/standard English equivalent,manual,Standard English equivalent: Abijah. Source form: Abia. Greek form: αβια. Name meaning: the Lord is my father. Equivalent source: manual/standard English equivalent.
Kis,transliterated_form,1 Samuel 9:1,ot,Kish,Kis,κις,hard; difficult; straw; for age,manual/standard English equivalent,manual,Standard English equivalent: Kish. Source form: Kis. Greek form: κις. Name meaning: hard; difficult; straw; for age. Equivalent source: manual/standard English equivalent.
Abiēl,transliterated_form,1 Samuel 9:1,ot,Abiel,Abiēl,αβιηλ,God my father,UKJV same-reference name-order alignment,aligned,Standard English equivalent: Abiel. Source form: Abiēl. Greek form: αβιηλ. Name meaning: God my father. Equivalent source: UKJV same-reference name-order alignment.
Bachir,person,1 Samuel 9:1,ot,,,,,,,Source text carries this as a personal name; retained as a proper noun rather than translated as ordinary vocabulary.
Easakem,place,1 Samuel 9:4,ot,Shaalim,Easakem,εασακεμ,meaning uncertain/not securely attested in the consulted name dictionaries,Logos Bible Knowledgebase alias,alias,Place-name meaning: Shaalim — meaning uncertain/not securely attested in the consulted name dictionaries. Standard English equivalent: Shaalim. Source form: Easakem. Greek form: εασακεμ. Equivalent source: Logos Bible Knowledgebase alias.
Siph,place,1 Samuel 9:5,ot,Zuph,Siph,σιφ,"that beholds, observes, watches; roof; covering",UKJV same-reference name-order alignment,aligned,"Place-name meaning: Zuph — that beholds, observes, watches; roof; covering. Standard English equivalent: Zuph. Source form: Siph. Greek form: σιφ. Equivalent source: UKJV same-reference name-order alignment."
Mattari,people_group,1 Samuel 10:21,ot,,,,,,,Ethnic or group proper noun; retained as a people-name rather than translated as ordinary vocabulary.
Ammanite,people_group,1 Samuel 11:1,ot,,,,,,,Ethnic or group proper noun; retained as a people-name rather than translated as ordinary vocabulary.
Iabis,transliterated_form,1 Samuel 11:1,ot,Jabesh,Iabis,ιαβις,dryness; confusion; shame,manual/standard English equivalent,manual,Standard English equivalent: Jabesh. Source form: Iabis. Greek form: ιαβις. Name meaning: dryness; confusion; shame. Equivalent source: manual/standard English equivalent.
Abiezek,place,1 Samuel 11:8,ot,Bezek,Abiezek,αβιεζεκ,lightning; in the chains,UKJV same-reference name-order alignment,aligned,Place-name meaning: Bezek — lightning; in the chains. Standard English equivalent: Bezek. Source form: Abiezek. Greek form: αβιεζεκ. Equivalent source: UKJV same-reference name-order alignment.
Asōr,transliterated_form,1 Samuel 12:9,ot,Hazor,Asōr,ασωρ,court; hay,UKJV same-reference name-order alignment,aligned,Standard English equivalent: Hazor. Source form: Asōr. Greek form: ασωρ. Name meaning: court; hay. Equivalent source: UKJV same-reference name-order alignment.
Baithōn,transliterated_form,1 Samuel 13:5,ot,Baithon,Baithōn,βαιθων,meaning uncertain/not securely attested in the consulted name dictionaries,normalized source form,fallback,Standard English equivalent: Baithon. Source form: Baithōn. Greek form: βαιθων. Name meaning: meaning uncertain/not securely attested in the consulted name dictionaries. Equivalent source: normalized source form.
Sōgal,transliterated_form,1 Samuel 13:17,ot,Shual,Sōgal,σωγαλ,fox; path; first,UKJV same-reference witness,0.60,Standard English equivalent: Shual. Source form: Sōgal. Greek form: σωγαλ. Name meaning: fox; path; first. Equivalent source: UKJV same-reference witness.
Baithōrōn,transliterated_form,1 Samuel 13:18,ot,Bethhoron,Baithōrōn,βαιθωρων,house of wrath,UKJV same-reference name-order alignment,aligned,Standard English equivalent: Bethhoron. Source form: Baithōrōn. Greek form: βαιθωρων. Name meaning: house of wrath. Equivalent source: UKJV same-reference name-order alignment.
Magdōn,transliterated_form,1 Samuel 14:2,ot,Migron,Magdōn,μαγδων,fear; farm; throat,UKJV same-reference witness,0.67,Standard English equivalent: Migron. Source form: Magdōn. Greek form: μαγδων. Name meaning: fear; farm; throat. Equivalent source: UKJV same-reference witness.
Achia,transliterated_form,1 Samuel 14:3,ot,Ahijah,Achia,αχια,same with Ahiah,manual/standard English equivalent,manual,Standard English equivalent: Ahijah. Source form: Achia. Greek form: αχια. Name meaning: same with Ahiah. Equivalent source: manual/standard English equivalent.
Ahitub,person,1 Samuel 14:3,ot,,,,,,,Source text carries this as a personal name; retained as a proper noun rather than translated as ordinary vocabulary.
Iōchabēd,transliterated_form,1 Samuel 14:3,ot,Ichabod,Iōchabēd,ιωχαβηδ,"where is the glory? or, no glory",manual/standard English equivalent,manual,"Standard English equivalent: Ichabod. Source form: Iōchabēd. Greek form: ιωχαβηδ. Name meaning: where is the glory? or, no glory. Equivalent source: manual/standard English equivalent."
Sēlōm,transliterated_form,1 Samuel 14:3,ot,Shiloh,Sēlōm,σηλωμ,sent,UKJV same-reference name-order alignment,aligned,Standard English equivalent: Shiloh. Source form: Sēlōm. Greek form: σηλωμ. Name meaning: sent. Equivalent source: UKJV same-reference name-order alignment.
Geththēm,transliterated_form,1 Samuel 14:33,ot,Geththem,Geththēm,γεθθεμ,meaning uncertain/not securely attested in the consulted name dictionaries,normalized source form,fallback,Standard English equivalent: Geththem. Source form: Geththēm. Greek form: γεθθεμ. Name meaning: meaning uncertain/not securely attested in the consulted name dictionaries. Equivalent source: normalized source form.
Baithōr,transliterated_form,1 Samuel 14:47,ot,Baithor,Baithōr,βαιθεωρ,meaning uncertain/not securely attested in the consulted name dictionaries,normalized source form,fallback,Standard English equivalent: Baithor. Source form: Baithōr. Greek form: βαιθεωρ. Name meaning: meaning uncertain/not securely attested in the consulted name dictionaries. Equivalent source: normalized source form.
Souba,place,1 Samuel 14:47,ot,Zobah,Souba,σουβα,"Zobebah, an army; warring",UKJV same-reference name-order alignment,aligned,"Place-name meaning: Zobah — Zobebah, an army; warring. Standard English equivalent: Zobah. Source form: Souba. Greek form: σουβα. Equivalent source: UKJV same-reference name-order alignment."
Melchol,transliterated_form,1 Samuel 14:49,ot,Michal,Melchol,μελχολ,who is perfect?,manual/standard English equivalent,manual,Standard English equivalent: Michal. Source form: Melchol. Greek form: μελχολ. Name meaning: who is perfect?. Equivalent source: manual/standard English equivalent.
Achimaas,transliterated_form,1 Samuel 14:50,ot,Ahimaaz,Achimaas,αχιμαας,a brother of the council,manual/standard English equivalent,manual,Standard English equivalent: Ahimaaz. Source form: Achimaas. Greek form: αχιμαας. Name meaning: a brother of the council. Equivalent source: manual/standard English equivalent.
Ner,person,1 Samuel 14:50,ot,,,,,,,Source text carries this as a personal name; retained as a proper noun rather than translated as ordinary vocabulary.
Agag,person,1 Samuel 15:8,ot,,,,,,,Source text carries this as a personal name; retained as a proper noun rather than translated as ordinary vocabulary.
Karmēlos,transliterated_form,1 Samuel 15:12,ot,Carmel,Karmēlos,καρμηλον,circumcised lamb; harvest; full of ears of corn,UKJV same-reference witness,0.71,Standard English equivalent: Carmel. Source form: Karmēlos. Greek form: καρμηλον. Name meaning: circumcised lamb; harvest; full of ears of corn. Equivalent source: UKJV same-reference witness.
Iessai,transliterated_form,1 Samuel 16:1,ot,Jesse,Iessai,ιεσσαι,gift; oblation; one who is,manual/standard English equivalent,manual,Standard English equivalent: Jesse. Source form: Iessai. Greek form: ιεσσαι. Name meaning: gift; oblation; one who is. Equivalent source: manual/standard English equivalent.
Bēthleemite,transliterated_form,1 Samuel 16:18,ot,Bethlehemite,Bēthleemite,βηθλεεμιτην,house of bread,UKJV same-reference name-order alignment,aligned,Standard English equivalent: Bethlehemite. Source form: Bēthleemite. Greek form: βηθλεεμιτην. Name meaning: house of bread. Equivalent source: UKJV same-reference name-order alignment.
Socoh,person,1 Samuel 17:1,ot,,,,,,,Source text carries this as a personal name; retained as a proper noun rather than translated as ordinary vocabulary.
Azēka,transliterated_form,1 Samuel 17:1,ot,Azekah,Azēka,αζηκα,strength of walls,UKJV same-reference name-order alignment,aligned,Standard English equivalent: Azekah. Source form: Azēka. Greek form: αζηκα. Name meaning: strength of walls. Equivalent source: UKJV same-reference name-order alignment.
Goliath,person,1 Samuel 17:4,ot,,,,,,,Source text carries this as a personal name; retained as a proper noun rather than translated as ordinary vocabulary.
Askalōn,transliterated_form,1 Samuel 17:52,ot,Askelon,Askalōn,ασκαλωνος,weight; balance; fire of infamy,UKJV same-reference witness,0.86,Standard English equivalent: Askelon. Source form: Askalōn. Greek form: ασκαλωνος. Name meaning: weight; balance; fire of infamy. Equivalent source: UKJV same-reference witness.
Akkarōn,transliterated_form,1 Samuel 17:52,ot,Ekron,Akkarōn,ακκαρων,barrenness; torn away,UKJV same-reference name-order alignment,aligned,Standard English equivalent: Ekron. Source form: Akkarōn. Greek form: ακκαρων. Name meaning: barrenness; torn away. Equivalent source: UKJV same-reference name-order alignment.
Sephi,place,1 Samuel 19:22,ot,Sechu,Sephi,σεφι,defense; bough,UKJV same-reference witness,0.60,Place-name meaning: Sechu — defense; bough. Standard English equivalent: Sechu. Source form: Sephi. Greek form: σεφι. Equivalent source: UKJV same-reference witness.
Dōēk,transliterated_form,1 Samuel 21:8,ot,Doeg,Dōēk,δωηκ,"careful, who acts with uneasiness",UKJV same-reference name-order alignment,aligned,"Standard English equivalent: Doeg. Source form: Dōēk. Greek form: δωηκ. Name meaning: careful, who acts with uneasiness. Equivalent source: UKJV same-reference name-order alignment."
Ela,person,1 Samuel 21:10,ot,,,,,,,Source text carries this as a personal name; retained as a proper noun rather than translated as ordinary vocabulary.
Anchous,transliterated_form,1 Samuel 21:11,ot,Achish,Anchous,αγχους,thus it is; how is this,manual/standard English equivalent,manual,Standard English equivalent: Achish. Source form: Anchous. Greek form: αγχους. Name meaning: thus it is; how is this. Equivalent source: manual/standard English equivalent.
Keila,transliterated_form,1 Samuel 23:1,ot,Keilah,Keila,κειλα,meaning uncertain/not securely attested in the consulted name dictionaries,UKJV same-reference name-order alignment,aligned,Standard English equivalent: Keilah. Source form: Keila. Greek form: κειλα. Name meaning: meaning uncertain/not securely attested in the consulted name dictionaries. Equivalent source: UKJV same-reference name-order alignment.
Ziphites,people_group,1 Samuel 23:19,ot,,,,,,,Ethnic or group proper noun; retained as a people-name rather than translated as ordinary vocabulary.
Abigaia,transliterated_form,1 Samuel 25:3,ot,Abigail,Abigaia,αβιγαια,the father's joy,manual/standard English equivalent,manual,Standard English equivalent: Abigail. Source form: Abigaia. Greek form: αβιγαια. Name meaning: the father's joy. Equivalent source: manual/standard English equivalent.
Iezraēl,transliterated_form,1 Samuel 25:43,ot,Jezreel,Iezraēl,ιεζραελ,God sows,UKJV same-reference name-order alignment,aligned,Standard English equivalent: Jezreel. Source form: Iezraēl. Greek form: ιεζραελ. Name meaning: God sows. Equivalent source: UKJV same-reference name-order alignment.
Abessa,transliterated_form,1 Samuel 26:6,ot,Abishai,Abessa,αβεσσα,the present of my father,manual/standard English equivalent,manual,Standard English equivalent: Abishai. Source form: Abessa. Greek form: αβεσσα. Name meaning: the present of my father. Equivalent source: manual/standard English equivalent.
Sarouia,transliterated_form,1 Samuel 26:6,ot,Zeruiah,Sarouia,σαρουιας,pain or tribulation of the Lord,manual/standard English equivalent,manual,Standard English equivalent: Zeruiah. Source form: Sarouia. Greek form: σαρουιας. Name meaning: pain or tribulation of the Lord. Equivalent source: manual/standard English equivalent.
Ammach,person,1 Samuel 27:2,ot,,,,,,,Source text carries this as a personal name; retained as a proper noun rather than translated as ordinary vocabulary.
Jezreelite,people_group,1 Samuel 27:3,ot,,,,,,,Ethnic or group proper noun; retained as a people-name rather than translated as ordinary vocabulary.
Amalēkite,transliterated_form,1 Samuel 27:8,ot,Amalekite,Amalēkite,αμαληκιτην,a people that licks up,UKJV same-reference name-order alignment,aligned,Standard English equivalent: Amalekite. Source form: Amalēkite. Greek form: αμαληκιτην. Name meaning: a people that licks up. Equivalent source: UKJV same-reference name-order alignment.
Iesmega,people_group,1 Samuel 27:10,ot,,,,,,,Ethnic or group proper noun; retained as a people-name rather than translated as ordinary vocabulary.
Sōman,transliterated_form,1 Samuel 28:4,ot,Soman,Sōman,σωμαν,meaning uncertain/not securely attested in the consulted name dictionaries,normalized source form,fallback,Standard English equivalent: Soman. Source form: Sōman. Greek form: σωμαν. Name meaning: meaning uncertain/not securely attested in the consulted name dictionaries. Equivalent source: normalized source form.
Gelboue,place,1 Samuel 28:4,ot,Gilboa,Gelboue,γελβουε,revolution of inquiry,UKJV same-reference name-order alignment,aligned,Place-name meaning: Gilboa — revolution of inquiry. Standard English equivalent: Gilboa. Source form: Gelboue. Greek form: γελβουε. Equivalent source: UKJV same-reference name-order alignment.
Aendōr,transliterated_form,1 Samuel 28:7,ot,Endor,Aendōr,αενδωρ,"fountain, eye of generation, or of habitation",UKJV same-reference name-order alignment,aligned,"Standard English equivalent: Endor. Source form: Aendōr. Greek form: αενδωρ. Name meaning: fountain, eye of generation, or of habitation. Equivalent source: UKJV same-reference name-order alignment."
Amalēkites,transliterated_form,1 Samuel 30:18,ot,Amalekite,Amalēkites,αμαληκιται,a people that licks up,UKJV same-reference name-order alignment,aligned,Standard English equivalent: Amalekite. Source form: Amalēkites. Greek form: αμαληκιται. Name meaning: a people that licks up. Equivalent source: UKJV same-reference name-order alignment.
Saphi,place,1 Samuel 30:28,ot,Siphmoth,Saphi,σαφι,meaning uncertain/not securely attested in the consulted name dictionaries,Logos Bible Knowledgebase alias,alias,Place-name meaning: Siphmoth — meaning uncertain/not securely attested in the consulted name dictionaries. Standard English equivalent: Siphmoth. Source form: Saphi. Greek form: σαφι. Equivalent source: Logos Bible Knowledgebase alias.
Ieramēli,transliterated_form,1 Samuel 30:29,ot,Jerahmeelite,Ieramēli,ιεραμηλι,"the mercy, or the beloved, of God",UKJV same-reference name-order alignment,aligned,"Standard English equivalent: Jerahmeelite. Source form: Ieramēli. Greek form: ιεραμηλι. Name meaning: the mercy, or the beloved, of God. Equivalent source: UKJV same-reference name-order alignment."
Galaaditēs,transliterated_form,1 Samuel 31:11,ot,Gileadites,Galaaditēs,γαλααδιτιδος,the heap or mass of testimony,manual/standard English equivalent,manual,Standard English equivalent: Gileadites. Source form: Galaaditēs. Greek form: γαλααδιτιδος. Name meaning: the heap or mass of testimony. Equivalent source: manual/standard English equivalent.
Asahel,person,2 Samuel 2:18,ot,,,,,,,Source text carries this as a personal name; retained as a proper noun rather than translated as ordinary vocabulary.
Amnon,person,2 Samuel 3:2,ot,,,,,,,Source text carries this as a personal name; retained as a proper noun rather than translated as ordinary vocabulary.
Abital,person,2 Samuel 3:4,ot,,,,,,,Source text carries this as a personal name; retained as a proper noun rather than translated as ordinary vocabulary.
Ial,person,2 Samuel 3:7,ot,,,,,,,Source text carries this as a personal name; retained as a proper noun rather than translated as ordinary vocabulary.
Sellēs,transliterated_form,2 Samuel 3:15,ot,Selles,Sellēs,σελλης,meaning uncertain/not securely attested in the consulted name dictionaries,normalized source form,fallback,Standard English equivalent: Selles. Source form: Sellēs. Greek form: σελλης. Name meaning: meaning uncertain/not securely attested in the consulted name dictionaries. Equivalent source: normalized source form.
Baana,person,2 Samuel 4:2,ot,,,,,,,Source text carries this as a personal name; retained as a proper noun rather than translated as ordinary vocabulary.
Remmōn,transliterated_form,2 Samuel 4:2,ot,Rimmon,Remmōn,ρεμμων,exalted; pomegranate,UKJV same-reference name-order alignment,aligned,Standard English equivalent: Rimmon. Source form: Remmōn. Greek form: ρεμμων. Name meaning: exalted; pomegranate. Equivalent source: UKJV same-reference name-order alignment.
Bērōthaite,transliterated_form,2 Samuel 4:2,ot,Beerothite,Bērōthaite,βηρωθ,wells; explaining,UKJV same-reference name-order alignment,aligned,Standard English equivalent: Beerothite. Source form: Bērōthaite. Greek form: βηρωθ. Name meaning: wells; explaining. Equivalent source: UKJV same-reference name-order alignment.
Bērōth,transliterated_form,2 Samuel 4:2,ot,Beeroth,Bērōth,βηρωθ,wells; explaining,UKJV same-reference witness,0.92,Standard English equivalent: Beeroth. Source form: Bērōth. Greek form: βηρωθ. Name meaning: wells; explaining. Equivalent source: UKJV same-reference witness.
Bērōthaites,transliterated_form,2 Samuel 4:3,ot,Beerothite,Bērōthaites,βηρωθαιοι,wells; explaining,UKJV same-reference name-order alignment,aligned,Standard English equivalent: Beerothite. Source form: Bērōthaites. Greek form: βηρωθαιοι. Name meaning: wells; explaining. Equivalent source: UKJV same-reference name-order alignment.
Chiram,transliterated_form,2 Samuel 5:11,ot,Hiram,Chiram,χιραμ,exaltation of life; a destroyer,manual/standard English equivalent,manual,Standard English equivalent: Hiram. Source form: Chiram. Greek form: χιραμ. Name meaning: exaltation of life; a destroyer. Equivalent source: manual/standard English equivalent.
Sōbab,transliterated_form,2 Samuel 5:14,ot,Shobab,Sōbab,σωβαβ,returned; turned back; a spark,UKJV same-reference name-order alignment,aligned,Standard English equivalent: Shobab. Source form: Sōbab. Greek form: σωβαβ. Name meaning: returned; turned back; a spark. Equivalent source: UKJV same-reference name-order alignment.
Thēsous,transliterated_form,2 Samuel 5:16,ot,Thesous,Thēsous,θεησους,meaning uncertain/not securely attested in the consulted name dictionaries,normalized source form,fallback,Standard English equivalent: Thesous. Source form: Thēsous. Greek form: θεησους. Name meaning: meaning uncertain/not securely attested in the consulted name dictionaries. Equivalent source: normalized source form.
Gazēra,transliterated_form,2 Samuel 5:25,ot,Gazer,Gazēra,γαζηρα,a dividing; a sentence,UKJV same-reference witness,0.91,Standard English equivalent: Gazer. Source form: Gazēra. Greek form: γαζηρα. Name meaning: a dividing; a sentence. Equivalent source: UKJV same-reference witness.
Nōdab,transliterated_form,2 Samuel 6:6,ot,Nodab,Nōdab,νωδαβ,vowing of his own accord,normalized source form,fallback,Standard English equivalent: Nodab. Source form: Nōdab. Greek form: νωδαβ. Name meaning: vowing of his own accord. Equivalent source: normalized source form.
Adraazar,transliterated_form,2 Samuel 8:3,ot,Hadadezer,Adraazar,αδρααζαρ,beauty of assistance,manual/standard English equivalent,manual,Standard English equivalent: Hadadezer. Source form: Adraazar. Greek form: αδρααζαρ. Name meaning: beauty of assistance. Equivalent source: manual/standard English equivalent.
Solōmōn,transliterated_form,2 Samuel 8:7,ot,Solomon,Solōmōn,σολομωντος,Peaceable; peaceful,normalized source form,fallback,Standard English equivalent: Solomon. Source form: Solōmōn. Greek form: σολομωντος. Name meaning: Peaceable; peaceful. Equivalent source: normalized source form.
Jehoshaphat,person,2 Samuel 8:16,ot,,,,,,,Source text carries this as a personal name; retained as a proper noun rather than translated as ordinary vocabulary.
Banaias,person,2 Samuel 8:18,ot,,,,,,,Source text carries this as a personal name; retained as a proper noun rather than translated as ordinary vocabulary.
Jehoiada,person,2 Samuel 8:18,ot,,,,,,,Source text carries this as a personal name; retained as a proper noun rather than translated as ordinary vocabulary.
Siba,transliterated_form,2 Samuel 9:2,ot,Ziba,Siba,σιβα,army; fight; strength,manual/standard English equivalent,manual,Standard English equivalent: Ziba. Source form: Siba. Greek form: σιβα. Name meaning: army; fight; strength. Equivalent source: manual/standard English equivalent.
Ladabar,place,2 Samuel 9:4,ot,Lodebar,Ladabar,λαδαβαρ,meaning uncertain/not securely attested in the consulted name dictionaries,UKJV same-reference name-order alignment,aligned,Place-name meaning: Lodebar — meaning uncertain/not securely attested in the consulted name dictionaries. Standard English equivalent: Lodebar. Source form: Ladabar. Greek form: λαδαβαρ. Equivalent source: UKJV same-reference name-order alignment.
Anōn,transliterated_form,2 Samuel 10:1,ot,Hanun,Anōn,αννων,gracious; merciful,UKJV same-reference name-order alignment,aligned,Standard English equivalent: Hanun. Source form: Anōn. Greek form: αννων. Name meaning: gracious; merciful. Equivalent source: UKJV same-reference name-order alignment.
Baithroōb,transliterated_form,2 Samuel 10:6,ot,Bethrehob,Baithroōb,βαιθροωβ,meaning uncertain/not securely attested in the consulted name dictionaries,UKJV same-reference witness,0.67,Standard English equivalent: Bethrehob. Source form: Baithroōb. Greek form: βαιθροωβ. Name meaning: meaning uncertain/not securely attested in the consulted name dictionaries. Equivalent source: UKJV same-reference witness.
Istōb,transliterated_form,2 Samuel 10:6,ot,Ishtob,Istōb,ιστωβ,good man,UKJV same-reference name-order alignment,aligned,Standard English equivalent: Ishtob. Source form: Istōb. Greek form: ιστωβ. Name meaning: good man. Equivalent source: UKJV same-reference name-order alignment.
Rōōb,transliterated_form,2 Samuel 10:8,ot,Rehob,Rōōb,ροωβ,breadth; space; extent,UKJV same-reference name-order alignment,aligned,Standard English equivalent: Rehob. Source form: Rōōb. Greek form: ροωβ. Name meaning: breadth; space; extent. Equivalent source: UKJV same-reference name-order alignment.
Chalamak,place,2 Samuel 10:16,ot,Helam,Chalamak,χαλαμακ,their army; their trouble,UKJV same-reference witness,0.62,Place-name meaning: Helam — their army; their trouble. Standard English equivalent: Helam. Source form: Chalamak. Greek form: χαλαμακ. Equivalent source: UKJV same-reference witness.
Sōbak,transliterated_form,2 Samuel 10:16,ot,Shobach,Sōbak,σωβακ,your bonds; your chains,UKJV same-reference name-order alignment,aligned,Standard English equivalent: Shobach. Source form: Sōbak. Greek form: σωβακ. Name meaning: your bonds; your chains. Equivalent source: UKJV same-reference name-order alignment.
Bathsheba,person,2 Samuel 11:3,ot,,,,,,,Source text carries this as a personal name; retained as a proper noun rather than translated as ordinary vocabulary.
Iōnadab,transliterated_form,2 Samuel 13:3,ot,Jonadab,Iōnadab,ιωναδαβ,who gives liberally,UKJV same-reference name-order alignment,aligned,Standard English equivalent: Jonadab. Source form: Iōnadab. Greek form: ιωναδαβ. Name meaning: who gives liberally. Equivalent source: UKJV same-reference name-order alignment.
Belasōr,transliterated_form,2 Samuel 13:23,ot,Baal-hazor,Belasōr,βελασωρ,Baal's village; lord of the enclosure,manual/standard English equivalent,manual,Standard English equivalent: Baal-hazor. Source form: Belasōr. Greek form: βελασωρ. Name meaning: Baal's village; lord of the enclosure. Equivalent source: manual/standard English equivalent.
Ōrōnēn,transliterated_form,2 Samuel 13:34,ot,Ōronen,Ōrōnēn,ωρωνην,meaning uncertain/not securely attested in the consulted name dictionaries,normalized source form,fallback,Standard English equivalent: Ōronen. Source form: Ōrōnēn. Greek form: ωρωνην. Name meaning: meaning uncertain/not securely attested in the consulted name dictionaries. Equivalent source: normalized source form.
Thekōe,transliterated_form,2 Samuel 14:2,ot,Tekoa,Thekōe,θεκωε,trumpet; that is confirmed,UKJV same-reference name-order alignment,aligned,Standard English equivalent: Tekoa. Source form: Thekōe. Greek form: θεκωε. Name meaning: trumpet; that is confirmed. Equivalent source: UKJV same-reference name-order alignment.
Thekōite,transliterated_form,2 Samuel 14:4,ot,Tekoah,Thekōite,θεκωιτις,meaning uncertain/not securely attested in the consulted name dictionaries,UKJV same-reference name-order alignment,aligned,Standard English equivalent: Tekoah. Source form: Thekōite. Greek form: θεκωιτις. Name meaning: meaning uncertain/not securely attested in the consulted name dictionaries. Equivalent source: UKJV same-reference name-order alignment.
Achitophel,transliterated_form,2 Samuel 15:12,ot,Ahithophel,Achitophel,αχιτοφελ,brother of ruin or folly,manual/standard English equivalent,manual,Standard English equivalent: Ahithophel. Source form: Achitophel. Greek form: αχιτοφελ. Name meaning: brother of ruin or folly. Equivalent source: manual/standard English equivalent.
Gelmōnaian,transliterated_form,2 Samuel 15:12,ot,Gilonite,Gelmōnaian,γελμωναιον,meaning uncertain/not securely attested in the consulted name dictionaries,UKJV same-reference name-order alignment,aligned,Standard English equivalent: Gilonite. Source form: Gelmōnaian. Greek form: γελμωναιον. Name meaning: meaning uncertain/not securely attested in the consulted name dictionaries. Equivalent source: UKJV same-reference name-order alignment.
Gōla,transliterated_form,2 Samuel 15:12,ot,Gola,Gōla,γωλα,meaning uncertain/not securely attested in the consulted name dictionaries,normalized source form,fallback,Standard English equivalent: Gola. Source form: Gōla. Greek form: γωλα. Name meaning: meaning uncertain/not securely attested in the consulted name dictionaries. Equivalent source: normalized source form.
Kidron,place,2 Samuel 15:23,ot,Kidron,Kidron,κεδρων,obscure; making black or sad,UKJV same-reference name-order alignment,aligned,Place-name meaning: Kidron — obscure; making black or sad. Source form: Kidron. Greek form: κεδρων. Equivalent source: UKJV same-reference name-order alignment.
Zadok,person,2 Samuel 15:24,ot,,,,,,,Source text carries this as a personal name; retained as a proper noun rather than translated as ordinary vocabulary.
Chousi,person,2 Samuel 15:32,ot,,,,,,,Source text carries this as a personal name; retained as a proper noun rather than translated as ordinary vocabulary.
Ionathan,transliterated_form,2 Samuel 17:17,ot,Jonathan,Ionathan,ιωναθαν,Yahweh has given,manual/standard English equivalent,manual,Standard English equivalent: Jonathan. Source form: Ionathan. Greek form: ιωναθαν. Name meaning: Yahweh has given. Equivalent source: manual/standard English equivalent.
Ammiel,person,2 Samuel 17:27,ot,,,,,,,Source text carries this as a personal name; retained as a proper noun rather than translated as ordinary vocabulary.
Cherethite,people_group,2 Samuel 20:7,ot,,,,,,,Ethnic or group proper noun; retained as a people-name rather than translated as ordinary vocabulary.
Iodae,transliterated_form,2 Samuel 20:23,ot,Jehoiada,Iodae,ιωδαε,knowledge of the Lord,manual/standard English equivalent,manual,Standard English equivalent: Jehoiada. Source form: Iodae. Greek form: ιωδαε. Name meaning: knowledge of the Lord. Equivalent source: manual/standard English equivalent.
Adoniram,person,2 Samuel 20:24,ot,,,,,,,Source text carries this as a personal name; retained as a proper noun rather than translated as ordinary vocabulary.
Iosaphat,transliterated_form,2 Samuel 20:24,ot,Jehoshaphat,Iosaphat,ιωσαφατ,the Lord is judge,manual/standard English equivalent,manual,Standard English equivalent: Jehoshaphat. Source form: Iosaphat. Greek form: ιωσαφατ. Name meaning: the Lord is judge. Equivalent source: manual/standard English equivalent.
Achilouth,person,2 Samuel 20:24,ot,,,,,,,Source text carries this as a personal name; retained as a proper noun rather than translated as ordinary vocabulary.
Sousa,transliterated_form,2 Samuel 20:25,ot,Shavsha,Sousa,σουσα,meaning uncertain/not securely attested in the consulted name dictionaries,UKJV same-reference name-order alignment,aligned,Standard English equivalent: Shavsha. Source form: Sousa. Greek form: σουσα. Name meaning: meaning uncertain/not securely attested in the consulted name dictionaries. Equivalent source: UKJV same-reference name-order alignment.
Ira,person,2 Samuel 20:26,ot,,,,,,,Source text carries this as a personal name; retained as a proper noun rather than translated as ordinary vocabulary.
Aia,person,2 Samuel 21:8,ot,,,,,,,Source text carries this as a personal name; retained as a proper noun rather than translated as ordinary vocabulary.
Rapha,person,2 Samuel 21:16,ot,,,,,,,Source text carries this as a personal name; retained as a proper noun rather than translated as ordinary vocabulary.
Gob,place,2 Samuel 21:19,ot,Gob,Gob,γοβ,cistern; grasshopper,UKJV same-reference witness,1.00,Place-name meaning: Gob — cistern; grasshopper. Source form: Gob. Greek form: γοβ. Equivalent source: UKJV same-reference witness.
Elika,person,2 Samuel 23:25,ot,,,,,,,Source text carries this as a personal name; retained as a proper noun rather than translated as ordinary vocabulary.
Netophathite,people_group,2 Samuel 23:28,ot,,,,,,,Ethnic or group proper noun; retained as a people-name rather than translated as ordinary vocabulary.
Abiel,person,2 Samuel 23:31,ot,,,,,,,Source text carries this as a personal name; retained as a proper noun rather than translated as ordinary vocabulary.
Thabason,place,2 Samuel 24:6,ot,Tahtim hodshi,Thabason,θαβασων,meaning uncertain/not securely attested in the consulted name dictionaries,Logos Bible Knowledgebase alias,alias,Place-name meaning: Tahtim hodshi — meaning uncertain/not securely attested in the consulted name dictionaries. Standard English equivalent: Tahtim hodshi. Source form: Thabason. Greek form: θαβασων. Equivalent source: Logos Bible Knowledgebase alias.
Orna,transliterated_form,2 Samuel 24:16,ot,Araunah,Orna,ορνα,ark; song; joyful cry,manual/standard English equivalent,manual,Standard English equivalent: Araunah. Source form: Orna. Greek form: ορνα. Name meaning: ark; song; joyful cry. Equivalent source: manual/standard English equivalent.
Adonias,transliterated_form,1 Kings 1:5,ot,Adonijah,Adonias,αδωνιας,the Lord is my master,manual/standard English equivalent,manual,Standard English equivalent: Adonijah. Source form: Adonias. Greek form: αδωνιας. Name meaning: the Lord is my master. Equivalent source: manual/standard English equivalent.
Zoeleth,place,1 Kings 1:9,ot,Zoheleth,Zoeleth,ζωελεθ,"that creeps, slides, or draws",UKJV same-reference name-order alignment,aligned,"Place-name meaning: Zoheleth — that creeps, slides, or draws. Standard English equivalent: Zoheleth. Source form: Zoeleth. Greek form: ζωελεθ. Equivalent source: UKJV same-reference name-order alignment."
Moyses,transliterated_form,1 Kings 2:3,ot,Moses,Moyses,μωυσεως,Drawn out,manual/standard English equivalent,manual,Standard English equivalent: Moses. Source form: Moyses. Greek form: μωυσεως. Name meaning: Drawn out. Equivalent source: manual/standard English equivalent.
Eli,person,1 Kings 2:27,ot,,,,,,,Source text carries this as a personal name; retained as a proper noun rather than translated as ordinary vocabulary.
Assour,transliterated_form,1 Kings 2:35,ot,Asshur,Assour,ασσουρ,meaning uncertain/not securely attested in the consulted name dictionaries,manual/standard English equivalent,manual,Standard English equivalent: Asshur. Source form: Assour. Greek form: ασσουρ. Name meaning: meaning uncertain/not securely attested in the consulted name dictionaries. Equivalent source: manual/standard English equivalent.
Baalath,place,1 Kings 2:35,ot,Baalath,Baalath,βααλαθ,a rejoicing; our proud lord,UKJV same-reference name-order alignment,aligned,Place-name meaning: Baalath — a rejoicing; our proud lord. Source form: Baalath. Greek form: βααλαθ. Equivalent source: UKJV same-reference name-order alignment.
Abi,person,1 Kings 2:46,ot,,,,,,,Source text carries this as a personal name; retained as a proper noun rather than translated as ordinary vocabulary.
Achilid,person,1 Kings 4:3,ot,,,,,,,Source text carries this as a personal name; retained as a proper noun rather than translated as ordinary vocabulary.
Saph,person,1 Kings 4:6,ot,,,,,,,Source text carries this as a personal name; retained as a proper noun rather than translated as ordinary vocabulary.
Ephra,person,1 Kings 4:6,ot,,,,,,,Source text carries this as a personal name; retained as a proper noun rather than translated as ordinary vocabulary.
Benor,person,1 Kings 4:8,ot,,,,,,,Source text carries this as a personal name; retained as a proper noun rather than translated as ordinary vocabulary.
Rechab,person,1 Kings 4:9,ot,,,,,,,Source text carries this as a personal name; retained as a proper noun rather than translated as ordinary vocabulary.
Baithanan,place,1 Kings 4:9,ot,Elonbethhanan,Baithanan,βαιθαναν,the house of grace or mercy,UKJV same-reference witness,0.64,Place-name meaning: Elonbethhanan — the house of grace or mercy. Standard English equivalent: Elonbethhanan. Source form: Baithanan. Greek form: βαιθαναν. Equivalent source: UKJV same-reference witness.
Resphara,place,1 Kings 4:10,ot,Hepher,Resphara,ρησφαρα,a digger,UKJV same-reference name-order alignment,aligned,Place-name meaning: Hepher — a digger. Standard English equivalent: Hepher. Source form: Resphara. Greek form: ρησφαρα. Equivalent source: UKJV same-reference name-order alignment.
Sesathan,place,1 Kings 4:12,ot,Bethshean,Sesathan,σεσαθαν,meaning uncertain/not securely attested in the consulted name dictionaries,UKJV same-reference witness,0.59,Place-name meaning: Bethshean — meaning uncertain/not securely attested in the consulted name dictionaries. Standard English equivalent: Bethshean. Source form: Sesathan. Greek form: σεσαθαν. Equivalent source: UKJV same-reference witness.
Ebelmaola,place,1 Kings 4:12,ot,Abelmeholah,Ebelmaola,εβελμαωλα,mourning of sickness,UKJV same-reference witness,0.70,Place-name meaning: Abelmeholah — mourning of sickness. Standard English equivalent: Abelmeholah. Source form: Ebelmaola. Greek form: εβελμαωλα. Equivalent source: UKJV same-reference witness.
Gaber,place,1 Kings 4:13,ot,Gibbar,Gaber,γαβερ,"strong, manly",UKJV same-reference name-order alignment,aligned,"Place-name meaning: Gibbar — strong, manly. Standard English equivalent: Gibbar. Source form: Gaber. Greek form: γαβερ. Equivalent source: UKJV same-reference name-order alignment."
Adai,person,1 Kings 4:18,ot,,,,,,,Source text carries this as a personal name; retained as a proper noun rather than translated as ordinary vocabulary.
Darda,person,1 Kings 5:11,ot,,,,,,,Source text carries this as a personal name; retained as a proper noun rather than translated as ordinary vocabulary.
Mal,person,1 Kings 5:11,ot,,,,,,,Source text carries this as a personal name; retained as a proper noun rather than translated as ordinary vocabulary.
Sira,place,1 Kings 7:33,ot,Zarethan,Sira,σιρα,meaning uncertain/not securely attested in the consulted name dictionaries,Logos Bible Knowledgebase alias,alias,Place-name meaning: Zarethan — meaning uncertain/not securely attested in the consulted name dictionaries. Standard English equivalent: Zarethan. Source form: Sira. Greek form: σιρα. Equivalent source: Logos Bible Knowledgebase alias.
Souphir,place,1 Kings 10:11,ot,Ophir,Souphir,σουφιρ,fruitful region,UKJV same-reference name-order alignment,aligned,Place-name meaning: Ophir — fruitful region. Standard English equivalent: Ophir. Source form: Souphir. Greek form: σουφιρ. Equivalent source: UKJV same-reference name-order alignment.
Thekoue,place,1 Kings 10:28,ot,Kue,Thekoue,θεκουε,meaning uncertain/not securely attested in the consulted name dictionaries,Logos Bible Knowledgebase alias,alias,Place-name meaning: Kue — meaning uncertain/not securely attested in the consulted name dictionaries. Standard English equivalent: Kue. Source form: Thekoue. Greek form: θεκουε. Equivalent source: Logos Bible Knowledgebase alias.
Ammonites,people_group,1 Kings 11:1,ot,,,,,,,Ethnic or group proper noun; retained as a people-name rather than translated as ordinary vocabulary.
Idumeans,people_group,1 Kings 11:1,ot,,,,,,,Ethnic or group proper noun; retained as a people-name rather than translated as ordinary vocabulary.
Ader,transliterated_form,1 Kings 11:14,ot,Hadad,Ader,αδερ,joy; noise; clamor,manual/standard English equivalent,manual,Standard English equivalent: Hadad. Source form: Ader. Greek form: αδερ. Name meaning: joy; noise; clamor. Equivalent source: manual/standard English equivalent.
Esrom,transliterated_form,1 Kings 11:14,ot,Hezron,Esrom,εσρωμ,the dart of joy; the division of the song,manual/standard English equivalent,manual,Standard English equivalent: Hezron. Source form: Esrom. Greek form: εσρωμ. Name meaning: the dart of joy; the division of the song. Equivalent source: manual/standard English equivalent.
Eliadae,person,1 Kings 11:14,ot,,,,,,,Source text carries this as a personal name; retained as a proper noun rather than translated as ordinary vocabulary.
Nabat,person,1 Kings 11:26,ot,,,,,,,Source text carries this as a personal name; retained as a proper noun rather than translated as ordinary vocabulary.
Ephrathite,people_group,1 Kings 11:26,ot,,,,,,,Ethnic or group proper noun; retained as a people-name rather than translated as ordinary vocabulary.
Sarira,place,1 Kings 11:26,ot,Zeredah,Sarira,σαριρα,ambush; change of dominion,Logos Bible Knowledgebase alias,alias,Place-name meaning: Zeredah — ambush; change of dominion. Standard English equivalent: Zeredah. Source form: Sarira. Greek form: σαριρα. Equivalent source: Logos Bible Knowledgebase alias.
Samaias,transliterated_form,1 Kings 12:22,ot,Shemaiah,Samaias,σαμαιαν,that hears or obeys the Lord,manual/standard English equivalent,manual,Standard English equivalent: Shemaiah. Source form: Samaias. Greek form: σαμαιαν. Name meaning: that hears or obeys the Lord. Equivalent source: manual/standard English equivalent.
Anan,person,1 Kings 12:24,ot,,,,,,,Source text carries this as a personal name; retained as a proper noun rather than translated as ordinary vocabulary.
Elamite,people_group,1 Kings 12:24,ot,,,,,,,Ethnic or group proper noun; retained as a people-name rather than translated as ordinary vocabulary.
Baasa,transliterated_form,1 Kings 15:16,ot,Baasha,Baasa,βαασα,"he that seeks, or lays waste",manual/standard English equivalent,manual,"Standard English equivalent: Baasha. Source form: Baasa. Greek form: βαασα. Name meaning: he that seeks, or lays waste. Equivalent source: manual/standard English equivalent."
Azin,person,1 Kings 15:18,ot,,,,,,,Source text carries this as a personal name; retained as a proper noun rather than translated as ordinary vocabulary.
Ain,place,1 Kings 15:20,ot,Ijon,Ain,αιν,look; eye; fountain,UKJV same-reference name-order alignment,aligned,Place-name meaning: Ijon — look; eye; fountain. Standard English equivalent: Ijon. Source form: Ain. Greek form: αιν. Equivalent source: UKJV same-reference name-order alignment.
Anani,person,1 Kings 16:1,ot,,,,,,,Source text carries this as a personal name; retained as a proper noun rather than translated as ordinary vocabulary.
Osa,person,1 Kings 16:9,ot,,,,,,,Source text carries this as a personal name; retained as a proper noun rather than translated as ordinary vocabulary.
Ambri,transliterated_form,1 Kings 16:16,ot,Omri,Ambri,αμβρι,sheaf of corn,manual/standard English equivalent,manual,Standard English equivalent: Omri. Source form: Ambri. Greek form: αμβρι. Name meaning: sheaf of corn. Equivalent source: manual/standard English equivalent.
Gonath,person,1 Kings 16:21,ot,,,,,,,Source text carries this as a personal name; retained as a proper noun rather than translated as ordinary vocabulary.
Ioram,transliterated_form,1 Kings 16:22,ot,Joram,Ioram,ιωραμ,to cast; elevated,UKJV same-reference name-order alignment,aligned,Standard English equivalent: Joram. Source form: Ioram. Greek form: ιωραμ. Name meaning: to cast; elevated. Equivalent source: UKJV same-reference name-order alignment.
Semerōn,transliterated_form,1 Kings 16:24,ot,Shemer,Semerōn,σεμερων,guardian; thorn,UKJV same-reference witness,0.77,Standard English equivalent: Shemer. Source form: Semerōn. Greek form: σεμερων. Name meaning: guardian; thorn. Equivalent source: UKJV same-reference witness.
Semēr,transliterated_form,1 Kings 16:24,ot,Shemer,Semēr,σεμηρ,guardian; thorn,UKJV same-reference witness,0.91,Standard English equivalent: Shemer. Source form: Semēr. Greek form: σεμηρ. Name meaning: guardian; thorn. Equivalent source: UKJV same-reference witness.
Saemērōn,transliterated_form,1 Kings 16:24,ot,Shemer,Saemērōn,σαεμηρων,guardian; thorn,UKJV same-reference witness,0.71,Standard English equivalent: Shemer. Source form: Saemērōn. Greek form: σαεμηρων. Name meaning: guardian; thorn. Equivalent source: UKJV same-reference witness.
Iezabel,transliterated_form,1 Kings 16:31,ot,Jezebel,Iezabel,ιεζαβελ,chaste,manual/standard English equivalent,manual,Standard English equivalent: Jezebel. Source form: Iezabel. Greek form: ιεζαβελ. Name meaning: chaste. Equivalent source: manual/standard English equivalent.
Achiēl,transliterated_form,1 Kings 16:34,ot,Hiel,Achiēl,αχιηλ,God lives; the life of God,UKJV same-reference name-order alignment,aligned,Standard English equivalent: Hiel. Source form: Achiēl. Greek form: αχιηλ. Name meaning: God lives; the life of God. Equivalent source: UKJV same-reference name-order alignment.
Baithēlite,transliterated_form,1 Kings 16:34,ot,Bethelite,Baithēlite,βαιθηλιτης,the house of God,UKJV same-reference name-order alignment,aligned,Standard English equivalent: Bethelite. Source form: Baithēlite. Greek form: βαιθηλιτης. Name meaning: the house of God. Equivalent source: UKJV same-reference name-order alignment.
Abirōn,transliterated_form,1 Kings 16:34,ot,Abiram,Abirōn,αβιρων,high father; father of deceit,UKJV same-reference name-order alignment,aligned,Standard English equivalent: Abiram. Source form: Abirōn. Greek form: αβιρων. Name meaning: high father; father of deceit. Equivalent source: UKJV same-reference name-order alignment.
Iēsous,transliterated_form,1 Kings 16:34,ot,Jeshua,Iēsous,ιησου,same as Joshua,UKJV same-reference name-order alignment,aligned,Standard English equivalent: Jeshua. Source form: Iēsous. Greek form: ιησου. Name meaning: same as Joshua. Equivalent source: UKJV same-reference name-order alignment.
Abdiou,person,1 Kings 18:3,ot,,,,,,,Source text carries this as a personal name; retained as a proper noun rather than translated as ordinary vocabulary.
Kisōn,transliterated_form,1 Kings 18:40,ot,Kishon,Kisōn,κισων,hard; sore,UKJV same-reference name-order alignment,aligned,Standard English equivalent: Kishon. Source form: Kisōn. Greek form: κισων. Name meaning: hard; sore. Equivalent source: UKJV same-reference name-order alignment.
Iezrael,place,1 Kings 18:45,ot,Jezreel,Iezrael,ιεζραελ,God sows,UKJV same-reference name-order alignment,aligned,Place-name meaning: Jezreel — God sows. Standard English equivalent: Jezreel. Source form: Iezrael. Greek form: ιεζραελ. Equivalent source: UKJV same-reference name-order alignment.
Chōrēb,transliterated_form,1 Kings 19:8,ot,Horeb,Chōrēb,χωρηβ,desert; solitude; destruction,manual/standard English equivalent,manual,Standard English equivalent: Horeb. Source form: Chōrēb. Greek form: χωρηβ. Name meaning: desert; solitude; destruction. Equivalent source: manual/standard English equivalent.
Azaēl,transliterated_form,1 Kings 19:15,ot,Hazael,Azaēl,αζαηλ,that sees God,UKJV same-reference name-order alignment,aligned,Standard English equivalent: Hazael. Source form: Azaēl. Greek form: αζαηλ. Name meaning: that sees God. Equivalent source: UKJV same-reference name-order alignment.
Nabouthai,transliterated_form,1 Kings 20:1,ot,Naboth,Nabouthai,ναβουθαι,words; prophecies,manual/standard English equivalent,manual,Standard English equivalent: Naboth. Source form: Nabouthai. Greek form: ναβουθαι. Name meaning: words; prophecies. Equivalent source: manual/standard English equivalent.
Michaias,transliterated_form,1 Kings 22:8,ot,Micaiah,Michaias,μιχαιας,who is like to God?,UKJV same-reference name-order alignment,aligned,Standard English equivalent: Micaiah. Source form: Michaias. Greek form: μιχαιας. Name meaning: who is like to God?. Equivalent source: UKJV same-reference name-order alignment.
Iemla,person,1 Kings 22:8,ot,,,,,,,Source text carries this as a personal name; retained as a proper noun rather than translated as ordinary vocabulary.
Emēr,transliterated_form,1 Kings 22:26,ot,Emer,Emēr,εμηρ,meaning uncertain/not securely attested in the consulted name dictionaries,normalized source form,fallback,Standard English equivalent: Emer. Source form: Emēr. Greek form: εμηρ. Name meaning: meaning uncertain/not securely attested in the consulted name dictionaries. Equivalent source: normalized source form.
Ochozias,transliterated_form,1 Kings 22:40,ot,Ahaziah,Ochozias,οχοζιας,seizure; vision of the Lord,manual/standard English equivalent,manual,Standard English equivalent: Ahaziah. Source form: Ochozias. Greek form: οχοζιας. Name meaning: seizure; vision of the Lord. Equivalent source: manual/standard English equivalent.
Jehoram,person,1 Kings 22:51,ot,,,,,,,Source text carries this as a personal name; retained as a proper noun rather than translated as ordinary vocabulary.
Joram,person,2 Kings 1:18,ot,,,,,,,Source text carries this as a personal name; retained as a proper noun rather than translated as ordinary vocabulary.
Kir-hareseth,place,2 Kings 3:25,ot,Kirharaseth,Kir-hareseth,καθηρημενους,"Kirharesh, city of the sun; wall of burnt brick",UKJV same-reference name-order alignment,aligned,"Place-name meaning: Kirharaseth — Kirharesh, city of the sun; wall of burnt brick. Standard English equivalent: Kirharaseth. Source form: Kir-hareseth. Greek form: καθηρημενους. Equivalent source: UKJV same-reference name-order alignment."
Giezi,transliterated_form,2 Kings 4:12,ot,Gehazi,Giezi,γιεζι,valley of sight,manual/standard English equivalent,manual,Standard English equivalent: Gehazi. Source form: Giezi. Greek form: γιεζι. Name meaning: valley of sight. Equivalent source: manual/standard English equivalent.
Sōmanite,transliterated_form,2 Kings 4:12,ot,Shunammite,Sōmanite,σωμανιτιν,meaning uncertain/not securely attested in the consulted name dictionaries,UKJV same-reference name-order alignment,aligned,Standard English equivalent: Shunammite. Source form: Sōmanite. Greek form: σωμανιτιν. Name meaning: meaning uncertain/not securely attested in the consulted name dictionaries. Equivalent source: UKJV same-reference name-order alignment.
Naiman,transliterated_form,2 Kings 5:1,ot,Naaman,Naiman,ναιμαν,meaning uncertain/not securely attested in the consulted name dictionaries,manual/standard English equivalent,manual,Standard English equivalent: Naaman. Source form: Naiman. Greek form: ναιμαν. Name meaning: meaning uncertain/not securely attested in the consulted name dictionaries. Equivalent source: manual/standard English equivalent.
Abana,place,2 Kings 5:12,ot,Abana,Abana,αβανα,made of stone; a building,UKJV same-reference witness,1.00,Place-name meaning: Abana — made of stone; a building. Source form: Abana. Greek form: αβανα. Equivalent source: UKJV same-reference witness.
Remman,supernatural_being,2 Kings 5:18,ot,,,,,,,Source text carries this as a divine or supernatural name/title; retained as a proper noun.
Ben-hadad,person,2 Kings 6:24,ot,,,,,,,Source text carries this as a personal name; retained as a proper noun rather than translated as ordinary vocabulary.
Shaphat,person,2 Kings 6:31,ot,,,,,,,Source text carries this as a personal name; retained as a proper noun rather than translated as ordinary vocabulary.
Hazael,person,2 Kings 8:8,ot,,,,,,,Source text carries this as a personal name; retained as a proper noun rather than translated as ordinary vocabulary.
Josaphat,transliterated_form,2 Kings 8:16,ot,Jehoshaphat,Josaphat,ιωσαφατ,the Lord is judge,manual/standard English equivalent,manual,Standard English equivalent: Jehoshaphat. Source form: Josaphat. Greek form: ιωσαφατ. Name meaning: the Lord is judge. Equivalent source: manual/standard English equivalent.
Gotholia,transliterated_form,2 Kings 8:26,ot,Athaliah,Gotholia,γοθολια,the time of the Lord,manual/standard English equivalent,manual,Standard English equivalent: Athaliah. Source form: Gotholia. Greek form: γοθολια. Name meaning: the time of the Lord. Equivalent source: manual/standard English equivalent.
Iou,transliterated_form,2 Kings 9:2,ot,Jehu,Iou,ιου,himself who exists,manual/standard English equivalent,manual,Standard English equivalent: Jehu. Source form: Iou. Greek form: ιου. Name meaning: himself who exists. Equivalent source: manual/standard English equivalent.
Manasse,transliterated_form,2 Kings 10:33,ot,Manasseh,Manasse,μανασση,Causing to forget,manual/standard English equivalent,manual,Standard English equivalent: Manasseh. Source form: Manasse. Greek form: μανασση. Name meaning: Causing to forget. Equivalent source: manual/standard English equivalent.
Ioachas,transliterated_form,2 Kings 10:35,ot,Jehoahaz,Ioachas,ιωαχας,possession of the Lord,manual/standard English equivalent,manual,Standard English equivalent: Jehoahaz. Source form: Ioachas. Greek form: ιωαχας. Name meaning: possession of the Lord. Equivalent source: manual/standard English equivalent.
Ioas,transliterated_form,2 Kings 11:2,ot,Joash,Ioas,ιωας,who despairs or burns,manual/standard English equivalent,manual,Standard English equivalent: Joash. Source form: Ioas. Greek form: ιωας. Name meaning: who despairs or burns. Equivalent source: manual/standard English equivalent.
Matthan,person,2 Kings 11:18,ot,,,,,,,Source text carries this as a personal name; retained as a proper noun rather than translated as ordinary vocabulary.
Sōmēr,transliterated_form,2 Kings 12:22,ot,Somer,Sōmēr,σωμηρ,meaning uncertain/not securely attested in the consulted name dictionaries,normalized source form,fallback,Standard English equivalent: Somer. Source form: Sōmēr. Greek form: σωμηρ. Name meaning: meaning uncertain/not securely attested in the consulted name dictionaries. Equivalent source: normalized source form.
Amessias,transliterated_form,2 Kings 12:22,ot,Amaziah,Amessias,αμεσσιας,the strength of the Lord,UKJV same-reference name-order alignment,aligned,Standard English equivalent: Amaziah. Source form: Amessias. Greek form: αμεσσιας. Name meaning: the strength of the Lord. Equivalent source: UKJV same-reference name-order alignment.
Gai-melē,transliterated_form,2 Kings 14:7,ot,Gai-mele,Gai-melē,γαιμελε,meaning uncertain/not securely attested in the consulted name dictionaries,normalized source form,fallback,Standard English equivalent: Gai-mele. Source form: Gai-melē. Greek form: γαιμελε. Name meaning: meaning uncertain/not securely attested in the consulted name dictionaries. Equivalent source: normalized source form.
Petra,place,2 Kings 14:7,ot,Petra,Petra,πετραν,meaning uncertain/not securely attested in the consulted name dictionaries,Logos Bible Knowledgebase alias,alias,Place-name meaning: Petra — meaning uncertain/not securely attested in the consulted name dictionaries. Source form: Petra. Greek form: πετραν. Equivalent source: Logos Bible Knowledgebase alias.
Kathoēl,transliterated_form,2 Kings 14:7,ot,Joktheel,Kathoēl,καθοηλ,meaning uncertain/not securely attested in the consulted name dictionaries,UKJV same-reference witness,0.67,Standard English equivalent: Joktheel. Source form: Kathoēl. Greek form: καθοηλ. Name meaning: meaning uncertain/not securely attested in the consulted name dictionaries. Equivalent source: UKJV same-reference witness.
Azarias,transliterated_form,2 Kings 14:21,ot,Azariah,Azarias,αζαριαν,he that hears the Lord,manual/standard English equivalent,manual,Standard English equivalent: Azariah. Source form: Azarias. Greek form: αζαριαν. Name meaning: he that hears the Lord. Equivalent source: manual/standard English equivalent.
Iōnas,transliterated_form,2 Kings 14:25,ot,Jonah,Iōnas,ιωνα,Dove,UKJV same-reference witness,0.60,Standard English equivalent: Jonah. Source form: Iōnas. Greek form: ιωνα. Name meaning: Dove. Equivalent source: UKJV same-reference witness.
Jotham,person,2 Kings 15:5,ot,,,,,,,Source text carries this as a personal name; retained as a proper noun rather than translated as ordinary vocabulary.
Menahem,person,2 Kings 15:14,ot,,,,,,,Source text carries this as a personal name; retained as a proper noun rather than translated as ordinary vocabulary.
Ianōch,transliterated_form,2 Kings 15:29,ot,Janoah,Ianōch,ιανωχ,"Janohah, resting; tarrying; deriving",UKJV same-reference name-order alignment,aligned,"Standard English equivalent: Janoah. Source form: Ianōch. Greek form: ιανωχ. Name meaning: Janohah, resting; tarrying; deriving. Equivalent source: UKJV same-reference name-order alignment."
Sadōk,transliterated_form,2 Kings 15:33,ot,Zadok,Sadōk,σαδωκ,just; justified,UKJV same-reference witness,0.80,Standard English equivalent: Zadok. Source form: Sadōk. Greek form: σαδωκ. Name meaning: just; justified. Equivalent source: UKJV same-reference witness.
Uzziah,person,2 Kings 15:34,ot,,,,,,,Source text carries this as a personal name; retained as a proper noun rather than translated as ordinary vocabulary.
Raassōn,transliterated_form,2 Kings 15:37,ot,Raasson,Raassōn,ραασσων,meaning uncertain/not securely attested in the consulted name dictionaries,normalized source form,fallback,Standard English equivalent: Raasson. Source form: Raassōn. Greek form: ραασσων. Name meaning: meaning uncertain/not securely attested in the consulted name dictionaries. Equivalent source: normalized source form.
Ahaz,person,2 Kings 15:38,ot,,,,,,,Source text carries this as a personal name; retained as a proper noun rather than translated as ordinary vocabulary.
Sēgōr,transliterated_form,2 Kings 17:4,ot,Segor,Sēgōr,σηγωρ,meaning uncertain/not securely attested in the consulted name dictionaries,normalized source form,fallback,Standard English equivalent: Segor. Source form: Sēgōr. Greek form: σηγωρ. Name meaning: meaning uncertain/not securely attested in the consulted name dictionaries. Equivalent source: normalized source form.
Alae,place,2 Kings 17:6,ot,Halah,Alae,αλαε,a moist table,UKJV same-reference name-order alignment,aligned,Place-name meaning: Halah — a moist table. Standard English equivalent: Halah. Source form: Alae. Greek form: αλαε. Equivalent source: UKJV same-reference name-order alignment.
Gōzan,transliterated_form,2 Kings 17:6,ot,Gozan,Gōzan,γωζαν,fleece; pasture; who nourisheth the body,UKJV same-reference name-order alignment,aligned,Standard English equivalent: Gozan. Source form: Gōzan. Greek form: γωζαν. Name meaning: fleece; pasture; who nourisheth the body. Equivalent source: UKJV same-reference name-order alignment.
Medes,people_group,2 Kings 17:6,ot,,,,,,,Ethnic or group proper noun; retained as a people-name rather than translated as ordinary vocabulary.
Samaritans,people_group,2 Kings 17:29,ot,,,,,,,Ethnic or group proper noun; retained as a people-name rather than translated as ordinary vocabulary.
Sokkōthbainith,transliterated_form,2 Kings 17:30,ot,Succothbenoth,Sokkōthbainith,σοκχωθβαινιθ,"the tents of daughters, or young women; or prostitutes",UKJV same-reference name-order alignment,aligned,"Standard English equivalent: Succothbenoth. Source form: Sokkōthbainith. Greek form: σοκχωθβαινιθ. Name meaning: the tents of daughters, or young women; or prostitutes. Equivalent source: UKJV same-reference name-order alignment."
Nērigel,transliterated_form,2 Kings 17:30,ot,Nergal,Nērigel,νηριγελ,the great man; the hero,UKJV same-reference name-order alignment,aligned,Standard English equivalent: Nergal. Source form: Nērigel. Greek form: νηριγελ. Name meaning: the great man; the hero. Equivalent source: UKJV same-reference name-order alignment.
Sennacherib,person,2 Kings 18:13,ot,,,,,,,Source text carries this as a personal name; retained as a proper noun rather than translated as ordinary vocabulary.
Rabshakeh,person,2 Kings 18:17,ot,,,,,,,Source text carries this as a personal name; retained as a proper noun rather than translated as ordinary vocabulary.
Eliakim,person,2 Kings 18:18,ot,,,,,,,Source text carries this as a personal name; retained as a proper noun rather than translated as ordinary vocabulary.
Chelkias,person,2 Kings 18:18,ot,,,,,,,Source text carries this as a personal name; retained as a proper noun rather than translated as ordinary vocabulary.
Joah,person,2 Kings 18:18,ot,,,,,,,Source text carries this as a personal name; retained as a proper noun rather than translated as ordinary vocabulary.
Asaph,person,2 Kings 18:18,ot,,,,,,,Source text carries this as a personal name; retained as a proper noun rather than translated as ordinary vocabulary.
Judean,person,2 Kings 18:26,ot,,,,,,,Source text carries this as a personal name; retained as a proper noun rather than translated as ordinary vocabulary.
Amoz,person,2 Kings 19:2,ot,,,,,,,Source text carries this as a personal name; retained as a proper noun rather than translated as ordinary vocabulary.
Ethiopians,people_group,2 Kings 19:9,ot,,,,,,,Ethnic or group proper noun; retained as a people-name rather than translated as ordinary vocabulary.
Raphes,place,2 Kings 19:12,ot,Rezeph,Raphes,ραφες,pavement; burning coal,UKJV same-reference name-order alignment,aligned,Place-name meaning: Rezeph — pavement; burning coal. Standard English equivalent: Rezeph. Source form: Raphes. Greek form: ραφες. Equivalent source: UKJV same-reference name-order alignment.
Nineuē,transliterated_form,2 Kings 19:36,ot,Nineveh,Nineuē,νινευη,handsome; agreeable,UKJV same-reference name-order alignment,aligned,Standard English equivalent: Nineveh. Source form: Nineuē. Greek form: νινευη. Name meaning: handsome; agreeable. Equivalent source: UKJV same-reference name-order alignment.
Marōdachbaladan,transliterated_form,2 Kings 20:12,ot,Berodachbaladan,Marōdachbaladan,μαρωδαχβαλαδαν,the son of death,UKJV same-reference name-order alignment,aligned,Standard English equivalent: Berodachbaladan. Source form: Marōdachbaladan. Greek form: μαρωδαχβαλαδαν. Name meaning: the son of death. Equivalent source: UKJV same-reference name-order alignment.
Baladan,person,2 Kings 20:12,ot,,,,,,,Source text carries this as a personal name; retained as a proper noun rather than translated as ordinary vocabulary.
Amon,supernatural_being,2 Kings 21:18,ot,,,,,,,Source text carries this as a divine or supernatural name/title; retained as a proper noun.
Arōs,transliterated_form,2 Kings 21:19,ot,Aros,Arōs,αρους,meaning uncertain/not securely attested in the consulted name dictionaries,normalized source form,fallback,Standard English equivalent: Aros. Source form: Arōs. Greek form: αρους. Name meaning: meaning uncertain/not securely attested in the consulted name dictionaries. Equivalent source: normalized source form.
Basourōth,transliterated_form,2 Kings 22:1,ot,Boscath,Basourōth,βασουρωθ,meaning uncertain/not securely attested in the consulted name dictionaries,UKJV same-reference name-order alignment,aligned,Standard English equivalent: Boscath. Source form: Basourōth. Greek form: βασουρωθ. Name meaning: meaning uncertain/not securely attested in the consulted name dictionaries. Equivalent source: UKJV same-reference name-order alignment.
Achobōr,transliterated_form,2 Kings 22:12,ot,Achbor,Achobōr,αχοβωρ,a rat; bruising,UKJV same-reference name-order alignment,aligned,Standard English equivalent: Achbor. Source form: Achobōr. Greek form: αχοβωρ. Name meaning: a rat; bruising. Equivalent source: UKJV same-reference name-order alignment.
Topheth,place,2 Kings 23:10,ot,Topheth,Topheth,ταφεθ,meaning uncertain/not securely attested in the consulted name dictionaries,UKJV same-reference name-order alignment,aligned,Place-name meaning: Topheth — meaning uncertain/not securely attested in the consulted name dictionaries. Source form: Topheth. Greek form: ταφεθ. Equivalent source: UKJV same-reference name-order alignment.
Moloch,supernatural_being,2 Kings 23:10,ot,,,,,,,Source text carries this as a divine or supernatural name/title; retained as a proper noun.
Astartē,transliterated_form,2 Kings 23:13,ot,Ashtoreth,Astartē,ασταρτη,meaning uncertain/not securely attested in the consulted name dictionaries,UKJV same-reference witness,0.62,Standard English equivalent: Ashtoreth. Source form: Astartē. Greek form: ασταρτη. Name meaning: meaning uncertain/not securely attested in the consulted name dictionaries. Equivalent source: UKJV same-reference witness.
Chamōs,transliterated_form,2 Kings 23:13,ot,Chemosh,Chamōs,χαμως,handling; stroking; taking away,UKJV same-reference witness,0.77,Standard English equivalent: Chemosh. Source form: Chamōs. Greek form: χαμως. Name meaning: handling; stroking; taking away. Equivalent source: UKJV same-reference witness.
Deblatha,place,2 Kings 23:33,ot,Riblah,Deblatha,δεβλαθα,quarrel; greatness to him,UKJV same-reference name-order alignment,aligned,Place-name meaning: Riblah — quarrel; greatness to him. Standard English equivalent: Riblah. Source form: Deblatha. Greek form: δεβλαθα. Equivalent source: UKJV same-reference name-order alignment.
Ioakim,person,2 Kings 23:34,ot,,,,,,,Source text carries this as a personal name; retained as a proper noun rather than translated as ordinary vocabulary.
Johanan,person,2 Kings 25:23,ot,,,,,,,Source text carries this as a personal name; retained as a proper noun rather than translated as ordinary vocabulary.
Karēe,transliterated_form,2 Kings 25:23,ot,Careah,Karēe,καρηε,bald; ice,UKJV same-reference name-order alignment,aligned,Standard English equivalent: Careah. Source form: Karēe. Greek form: καρηε. Name meaning: bald; ice. Equivalent source: UKJV same-reference name-order alignment.
Euilmarōdach,transliterated_form,2 Kings 25:27,ot,Evilmerodach,Euilmarōdach,ευιλμαρωδαχ,the fool of Merodach; the fool grinds bitterly,UKJV same-reference name-order alignment,aligned,Standard English equivalent: Evilmerodach. Source form: Euilmarōdach. Greek form: ευιλμαρωδαχ. Name meaning: the fool of Merodach; the fool grinds bitterly. Equivalent source: UKJV same-reference name-order alignment.
Noe,transliterated_form,1 Chronicles 1:4,ot,Noah,Noe,νωε,Rest; comfort; relief,manual/standard English equivalent,manual,Standard English equivalent: Noah. Source form: Noe. Greek form: νωε. Name meaning: Rest; comfort; relief. Equivalent source: manual/standard English equivalent.
Abida,person,1 Chronicles 1:33,ot,,,,,,,Source text carries this as a personal name; retained as a proper noun rather than translated as ordinary vocabulary.
Onam,person,1 Chronicles 1:40,ot,,,,,,,Source text carries this as a personal name; retained as a proper noun rather than translated as ordinary vocabulary.
Iram,person,1 Chronicles 1:54,ot,,,,,,,Source text carries this as a personal name; retained as a proper noun rather than translated as ordinary vocabulary.
Beniamin,transliterated_form,1 Chronicles 2:2,ot,Benjamin,Beniamin,βενιαμιν,Son of the right hand,manual/standard English equivalent,manual,Standard English equivalent: Benjamin. Source form: Beniamin. Greek form: βενιαμιν. Name meaning: Son of the right hand. Equivalent source: manual/standard English equivalent.
Dara,person,1 Chronicles 2:6,ot,,,,,,,Source text carries this as a personal name; retained as a proper noun rather than translated as ordinary vocabulary.
Ram,person,1 Chronicles 2:9,ot,,,,,,,Source text carries this as a personal name; retained as a proper noun rather than translated as ordinary vocabulary.
Salmon,person,1 Chronicles 2:11,ot,,,,,,,Source text carries this as a personal name; retained as a proper noun rather than translated as ordinary vocabulary.
Booz,transliterated_form,1 Chronicles 2:11,ot,Boaz,Booz,βοος,In strength; swiftness,manual/standard English equivalent,manual,Standard English equivalent: Boaz. Source form: Booz. Greek form: βοος. Name meaning: In strength; swiftness. Equivalent source: manual/standard English equivalent.
Obed,person,1 Chronicles 2:12,ot,,,,,,,Source text carries this as a personal name; retained as a proper noun rather than translated as ordinary vocabulary.
Nathanael,person,1 Chronicles 2:14,ot,,,,,,,Source text carries this as a personal name; retained as a proper noun rather than translated as ordinary vocabulary.
Raddai,person,1 Chronicles 2:14,ot,,,,,,,Source text carries this as a personal name; retained as a proper noun rather than translated as ordinary vocabulary.
Abigail,person,1 Chronicles 2:16,ot,,,,,,,Source text carries this as a personal name; retained as a proper noun rather than translated as ordinary vocabulary.
Ephrath,person,1 Chronicles 2:19,ot,,,,,,,Source text carries this as a personal name; retained as a proper noun rather than translated as ordinary vocabulary.
Thekoe,place,1 Chronicles 2:24,ot,Tekoa,Thekoe,θεκωε,trumpet; that is confirmed,UKJV same-reference name-order alignment,aligned,Place-name meaning: Tekoa — trumpet; that is confirmed. Standard English equivalent: Tekoa. Source form: Thekoe. Greek form: θεκωε. Equivalent source: UKJV same-reference name-order alignment.
Iadae,person,1 Chronicles 2:28,ot,,,,,,,Source text carries this as a personal name; retained as a proper noun rather than translated as ordinary vocabulary.
Molid,person,1 Chronicles 2:29,ot,,,,,,,Source text carries this as a personal name; retained as a proper noun rather than translated as ordinary vocabulary.
Zabed,person,1 Chronicles 2:36,ot,,,,,,,Source text carries this as a personal name; retained as a proper noun rather than translated as ordinary vocabulary.
Eleasa,person,1 Chronicles 2:39,ot,,,,,,,Source text carries this as a personal name; retained as a proper noun rather than translated as ordinary vocabulary.
Saloum,person,1 Chronicles 2:40,ot,,,,,,,Source text carries this as a personal name; retained as a proper noun rather than translated as ordinary vocabulary.
Marisa,place,1 Chronicles 2:42,ot,Mareshah,Marisa,μαρισα,from the beginning; an inheritance,UKJV same-reference name-order alignment,aligned,Place-name meaning: Mareshah — from the beginning; an inheritance. Standard English equivalent: Mareshah. Source form: Marisa. Greek form: μαρισα. Equivalent source: UKJV same-reference name-order alignment.
Carmelite,people_group,1 Chronicles 3:1,ot,,,,,,,Ethnic or group proper noun; retained as a people-name rather than translated as ordinary vocabulary.
Amiel,person,1 Chronicles 3:5,ot,,,,,,,Source text carries this as a personal name; retained as a proper noun rather than translated as ordinary vocabulary.
Eliada,person,1 Chronicles 3:8,ot,,,,,,,Source text carries this as a personal name; retained as a proper noun rather than translated as ordinary vocabulary.
Amaziah,person,1 Chronicles 3:12,ot,,,,,,,Source text carries this as a personal name; retained as a proper noun rather than translated as ordinary vocabulary.
Manasses,transliterated_form,1 Chronicles 3:13,ot,Manasseh,Manasses,μανασσης,Causing to forget,manual/standard English equivalent,manual,Standard English equivalent: Manasseh. Source form: Manasses. Greek form: μανασσης. Name meaning: Causing to forget. Equivalent source: manual/standard English equivalent.
Salathiel,transliterated_form,1 Chronicles 3:17,ot,Shealtiel,Salathiel,σαλαθιηλ,same as Salathiel,manual/standard English equivalent,manual,Standard English equivalent: Shealtiel. Source form: Salathiel. Greek form: σαλαθιηλ. Name meaning: same as Salathiel. Equivalent source: manual/standard English equivalent.
Zorobabel,transliterated_form,1 Chronicles 3:19,ot,Zerubbabel,Zorobabel,ζοροβαβελ,a stranger at Babylon; dispersion of confusion,manual/standard English equivalent,manual,Standard English equivalent: Zerubbabel. Source form: Zorobabel. Greek form: ζοροβαβελ. Name meaning: a stranger at Babylon; dispersion of confusion. Equivalent source: manual/standard English equivalent.
Mosollamos,person,1 Chronicles 3:19,ot,,,,,,,Source text carries this as a personal name; retained as a proper noun rather than translated as ordinary vocabulary.
Joel,person,1 Chronicles 3:22,ot,,,,,,,Source text carries this as a personal name; retained as a proper noun rather than translated as ordinary vocabulary.
Mari,place,1 Chronicles 3:22,ot,Bariah,Mari,μαρι,meaning uncertain/not securely attested in the consulted name dictionaries,UKJV same-reference name-order alignment,aligned,Place-name meaning: Bariah — meaning uncertain/not securely attested in the consulted name dictionaries. Standard English equivalent: Bariah. Source form: Mari. Greek form: μαρι. Equivalent source: UKJV same-reference name-order alignment.
Dalaia,person,1 Chronicles 3:24,ot,,,,,,,Source text carries this as a personal name; retained as a proper noun rather than translated as ordinary vocabulary.
Ieth,person,1 Chronicles 4:2,ot,,,,,,,Source text carries this as a personal name; retained as a proper noun rather than translated as ordinary vocabulary.
Gedor,place,1 Chronicles 4:4,ot,Gedor,Gedor,γεδωρ,meaning uncertain/not securely attested in the consulted name dictionaries,UKJV same-reference name-order alignment,aligned,Place-name meaning: Gedor — meaning uncertain/not securely attested in the consulted name dictionaries. Source form: Gedor. Greek form: γεδωρ. Equivalent source: UKJV same-reference name-order alignment.
Ethnan,person,1 Chronicles 4:7,ot,,,,,,,Source text carries this as a personal name; retained as a proper noun rather than translated as ordinary vocabulary.
Gothoniel,person,1 Chronicles 4:13,ot,,,,,,,Source text carries this as a personal name; retained as a proper noun rather than translated as ordinary vocabulary.
Saraia,person,1 Chronicles 4:13,ot,,,,,,,Source text carries this as a personal name; retained as a proper noun rather than translated as ordinary vocabulary.
Iephonne,person,1 Chronicles 4:15,ot,,,,,,,Source text carries this as a personal name; retained as a proper noun rather than translated as ordinary vocabulary.
Era,person,1 Chronicles 4:15,ot,,,,,,,Source text carries this as a personal name; retained as a proper noun rather than translated as ordinary vocabulary.
Saraph,person,1 Chronicles 4:22,ot,,,,,,,Source text carries this as a personal name; retained as a proper noun rather than translated as ordinary vocabulary.
Elioenai,person,1 Chronicles 4:36,ot,,,,,,,Source text carries this as a personal name; retained as a proper noun rather than translated as ordinary vocabulary.
Zacharia,person,1 Chronicles 5:7,ot,,,,,,,Source text carries this as a personal name; retained as a proper noun rather than translated as ordinary vocabulary.
Abdiēl,transliterated_form,1 Chronicles 5:15,ot,Abdiel,Abdiēl,αβδιηλ,servant of God,UKJV same-reference witness,1.00,Standard English equivalent: Abdiel. Source form: Abdiēl. Greek form: αβδιηλ. Name meaning: servant of God. Equivalent source: UKJV same-reference witness.
Manassē,transliterated_form,1 Chronicles 5:18,ot,Manasseh,Manassē,μανασση,Causing to forget,UKJV same-reference name-order alignment,aligned,Standard English equivalent: Manasseh. Source form: Manassē. Greek form: μανασση. Name meaning: Causing to forget. Equivalent source: UKJV same-reference name-order alignment.
Eliel,person,1 Chronicles 5:24,ot,,,,,,,Source text carries this as a personal name; retained as a proper noun rather than translated as ordinary vocabulary.
Esdriēl,transliterated_form,1 Chronicles 5:24,ot,Azriel,Esdriēl,εσδριηλ,same as Asriel,UKJV same-reference name-order alignment,aligned,Standard English equivalent: Azriel. Source form: Esdriēl. Greek form: εσδριηλ. Name meaning: same as Asriel. Equivalent source: UKJV same-reference name-order alignment.
Iediēl,transliterated_form,1 Chronicles 5:24,ot,Jahdiel,Iediēl,ιεδιηλ,"the unity, or sharpness, or revenge, of God",UKJV same-reference name-order alignment,aligned,"Standard English equivalent: Jahdiel. Source form: Iediēl. Greek form: ιεδιηλ. Name meaning: the unity, or sharpness, or revenge, of God. Equivalent source: UKJV same-reference name-order alignment."
Chabor,place,1 Chronicles 5:26,ot,Habor,Chabor,χαβωρ,a partaker; a companion,UKJV same-reference name-order alignment,aligned,Place-name meaning: Habor — a partaker; a companion. Standard English equivalent: Habor. Source form: Chabor. Greek form: χαβωρ. Equivalent source: UKJV same-reference name-order alignment.
Hara,place,1 Chronicles 5:26,ot,Hara,Hara,χαβωρ,a hill; showing forth,UKJV same-reference name-order alignment,aligned,Place-name meaning: Hara — a hill; showing forth. Source form: Hara. Greek form: χαβωρ. Equivalent source: UKJV same-reference name-order alignment.
Gozan,place,1 Chronicles 5:26,ot,Gozan,Gozan,γωζαν,fleece; pasture; who nourisheth the body,UKJV same-reference name-order alignment,aligned,Place-name meaning: Gozan — fleece; pasture; who nourisheth the body. Source form: Gozan. Greek form: γωζαν. Equivalent source: UKJV same-reference name-order alignment.
Ioanas,person,1 Chronicles 5:36,ot,,,,,,,Source text carries this as a personal name; retained as a proper noun rather than translated as ordinary vocabulary.
Iōsadak,transliterated_form,1 Chronicles 5:40,ot,Iosadak,Iōsadak,ιωσαδακ,meaning uncertain/not securely attested in the consulted name dictionaries,normalized source form,fallback,Standard English equivalent: Iosadak. Source form: Iōsadak. Greek form: ιωσαδακ. Name meaning: meaning uncertain/not securely attested in the consulted name dictionaries. Equivalent source: normalized source form.
Ouriel,supernatural_being,1 Chronicles 6:9,ot,,,,,,,Source text carries this as a divine or supernatural name/title; retained as a proper noun.
Souphi,person,1 Chronicles 6:11,ot,,,,,,,Source text carries this as a personal name; retained as a proper noun rather than translated as ordinary vocabulary.
Abdi,person,1 Chronicles 6:29,ot,,,,,,,Source text carries this as a personal name; retained as a proper noun rather than translated as ordinary vocabulary.
Amasai,person,1 Chronicles 6:31,ot,,,,,,,Source text carries this as a personal name; retained as a proper noun rather than translated as ordinary vocabulary.
Bani,person,1 Chronicles 6:31,ot,,,,,,,Source text carries this as a personal name; retained as a proper noun rather than translated as ordinary vocabulary.
Galemeth,person,1 Chronicles 6:45,ot,,,,,,,Source text carries this as a personal name; retained as a proper noun rather than translated as ordinary vocabulary.
Eglaim,place,1 Chronicles 6:54,ot,Eglaim,Eglaim,εγλαμ,drops of the sea,Logos Bible Knowledgebase alias,alias,Place-name meaning: Eglaim — drops of the sea. Source form: Eglaim. Greek form: εγλαμ. Equivalent source: Logos Bible Knowledgebase alias.
Golan,place,1 Chronicles 6:56,ot,Golan,Golan,γωλαν,passage; revolution,Logos Bible Knowledgebase alias,alias,Place-name meaning: Golan — passage; revolution. Source form: Golan. Greek form: γωλαν. Equivalent source: Logos Bible Knowledgebase alias.
Roob,place,1 Chronicles 6:60,ot,Rehob,Roob,ροωβ,breadth; space; extent,Logos Bible Knowledgebase alias,alias,Place-name meaning: Rehob — breadth; space; extent. Standard English equivalent: Rehob. Source form: Roob. Greek form: ροωβ. Equivalent source: Logos Bible Knowledgebase alias.
Remmon,place,1 Chronicles 6:62,ot,Rimmon,Remmon,ρεμμων,exalted; pomegranate,UKJV same-reference witness,0.83,Place-name meaning: Rimmon — exalted; pomegranate. Standard English equivalent: Rimmon. Source form: Remmon. Greek form: ρεμμων. Equivalent source: UKJV same-reference witness.
Ieriēl,transliterated_form,1 Chronicles 7:2,ot,Jeriel,Ieriēl,ιεριηλ,"fear, or vision of God",UKJV same-reference name-order alignment,aligned,"Standard English equivalent: Jeriel. Source form: Ieriēl. Greek form: ιεριηλ. Name meaning: fear, or vision of God. Equivalent source: UKJV same-reference name-order alignment."
Iadiēl,transliterated_form,1 Chronicles 7:6,ot,Jediael,Iadiēl,ιαδιηλ,"the science, or knowledge, of God",UKJV same-reference name-order alignment,aligned,"Standard English equivalent: Jediael. Source form: Iadiēl. Greek form: ιαδιηλ. Name meaning: the science, or knowledge, of God. Equivalent source: UKJV same-reference name-order alignment."
Aēr,transliterated_form,1 Chronicles 7:12,ot,Aher,Aēr,αερ,meaning uncertain/not securely attested in the consulted name dictionaries,UKJV same-reference witness,0.86,Standard English equivalent: Aher. Source form: Aēr. Greek form: αερ. Name meaning: meaning uncertain/not securely attested in the consulted name dictionaries. Equivalent source: UKJV same-reference witness.
Iasiēl,transliterated_form,1 Chronicles 7:13,ot,Jahziel,Iasiēl,ιασιηλ,meaning uncertain/not securely attested in the consulted name dictionaries,UKJV same-reference name-order alignment,aligned,Standard English equivalent: Jahziel. Source form: Iasiēl. Greek form: ιασιηλ. Name meaning: meaning uncertain/not securely attested in the consulted name dictionaries. Equivalent source: UKJV same-reference name-order alignment.
Gōni,transliterated_form,1 Chronicles 7:13,ot,Guni,Gōni,γωνι,a garden; a covering,UKJV same-reference name-order alignment,aligned,Standard English equivalent: Guni. Source form: Gōni. Greek form: γωνι. Name meaning: a garden; a covering. Equivalent source: UKJV same-reference name-order alignment.
Issiēr,transliterated_form,1 Chronicles 7:13,ot,Issier,Issiēr,ισσιηρ,meaning uncertain/not securely attested in the consulted name dictionaries,normalized source form,fallback,Standard English equivalent: Issier. Source form: Issiēr. Greek form: ισσιηρ. Name meaning: meaning uncertain/not securely attested in the consulted name dictionaries. Equivalent source: normalized source form.
Aseriēl,transliterated_form,1 Chronicles 7:14,ot,Ashriel,Aseriēl,ασεριηλ,same as Asareel,UKJV same-reference name-order alignment,aligned,Standard English equivalent: Ashriel. Source form: Aseriēl. Greek form: ασεριηλ. Name meaning: same as Asareel. Equivalent source: UKJV same-reference name-order alignment.
Oulam,person,1 Chronicles 7:16,ot,,,,,,,Source text carries this as a personal name; retained as a proper noun rather than translated as ordinary vocabulary.
Aniam,person,1 Chronicles 7:19,ot,,,,,,,Source text carries this as a personal name; retained as a proper noun rather than translated as ordinary vocabulary.
Ezer,person,1 Chronicles 7:21,ot,,,,,,,Source text carries this as a personal name; retained as a proper noun rather than translated as ordinary vocabulary.
Elead,person,1 Chronicles 7:21,ot,,,,,,,Source text carries this as a personal name; retained as a proper noun rather than translated as ordinary vocabulary.
Seera,place,1 Chronicles 7:24,ot,Sherah,Seera,σεηρα,flesh; relationship,UKJV same-reference name-order alignment,aligned,Place-name meaning: Sherah — flesh; relationship. Standard English equivalent: Sherah. Source form: Seera. Greek form: σεηρα. Equivalent source: UKJV same-reference name-order alignment.
Laadan,person,1 Chronicles 7:26,ot,,,,,,,Source text carries this as a personal name; retained as a proper noun rather than translated as ordinary vocabulary.
Iēsoue,transliterated_form,1 Chronicles 7:27,ot,Iesoue,Iēsoue,ιησουε,meaning uncertain/not securely attested in the consulted name dictionaries,normalized source form,fallback,Standard English equivalent: Iesoue. Source form: Iēsoue. Greek form: ιησουε. Name meaning: meaning uncertain/not securely attested in the consulted name dictionaries. Equivalent source: normalized source form.
Naaran,place,1 Chronicles 7:28,ot,Naaran,Naaran,νααραν,meaning uncertain/not securely attested in the consulted name dictionaries,UKJV same-reference name-order alignment,aligned,Place-name meaning: Naaran — meaning uncertain/not securely attested in the consulted name dictionaries. Source form: Naaran. Greek form: νααραν. Equivalent source: UKJV same-reference name-order alignment.
Melchiēl,transliterated_form,1 Chronicles 7:31,ot,Malchiel,Melchiēl,μελχιηλ,"God is my king, or counselor",UKJV same-reference name-order alignment,aligned,"Standard English equivalent: Malchiel. Source form: Melchiēl. Greek form: μελχιηλ. Name meaning: God is my king, or counselor. Equivalent source: UKJV same-reference name-order alignment."
Bamaēl,transliterated_form,1 Chronicles 7:33,ot,Bimhal,Bamaēl,βαμαηλ,meaning uncertain/not securely attested in the consulted name dictionaries,UKJV same-reference name-order alignment,aligned,Standard English equivalent: Bimhal. Source form: Bamaēl. Greek form: βαμαηλ. Name meaning: meaning uncertain/not securely attested in the consulted name dictionaries. Equivalent source: UKJV same-reference name-order alignment.
Semmēr,transliterated_form,1 Chronicles 7:34,ot,Shamer,Semmēr,σεμμηρ,keeper; thorn; dregs,UKJV same-reference witness,0.67,Standard English equivalent: Shamer. Source form: Semmēr. Greek form: σεμμηρ. Name meaning: keeper; thorn; dregs. Equivalent source: UKJV same-reference witness.
Baniēlam,transliterated_form,1 Chronicles 7:35,ot,Banielam,Baniēlam,βανηελαμ,meaning uncertain/not securely attested in the consulted name dictionaries,normalized source form,fallback,Standard English equivalent: Banielam. Source form: Baniēlam. Greek form: βανηελαμ. Name meaning: meaning uncertain/not securely attested in the consulted name dictionaries. Equivalent source: normalized source form.
Selles,person,1 Chronicles 7:35,ot,,,,,,,Source text carries this as a personal name; retained as a proper noun rather than translated as ordinary vocabulary.
Amal,person,1 Chronicles 7:35,ot,,,,,,,Source text carries this as a personal name; retained as a proper noun rather than translated as ordinary vocabulary.
Imarē,transliterated_form,1 Chronicles 7:36,ot,Imrah,Imarē,ιμαρη,a rebel; waxing bitter; changing,UKJV same-reference name-order alignment,aligned,Standard English equivalent: Imrah. Source form: Imarē. Greek form: ιμαρη. Name meaning: a rebel; waxing bitter; changing. Equivalent source: UKJV same-reference name-order alignment.
Beēra,transliterated_form,1 Chronicles 7:37,ot,Beera,Beēra,βεηρα,a well; declaring,UKJV same-reference name-order alignment,aligned,Standard English equivalent: Beera. Source form: Beēra. Greek form: βεηρα. Name meaning: a well; declaring. Equivalent source: UKJV same-reference name-order alignment.
Sōpharphak,transliterated_form,1 Chronicles 8:5,ot,Sopharphak,Sōpharphak,σωφαρφακ,meaning uncertain/not securely attested in the consulted name dictionaries,normalized source form,fallback,Standard English equivalent: Sopharphak. Source form: Sōpharphak. Greek form: σωφαρφακ. Name meaning: meaning uncertain/not securely attested in the consulted name dictionaries. Equivalent source: normalized source form.
Ono,place,1 Chronicles 8:12,ot,Ono,Ono,ωνω,grief or strength or iniquity of him,UKJV same-reference name-order alignment,aligned,Place-name meaning: Ono — grief or strength or iniquity of him. Source form: Ono. Greek form: ωνω. Equivalent source: UKJV same-reference name-order alignment.
Lod,place,1 Chronicles 8:12,ot,Lod,Lod,λοδ,nativity; generation,UKJV same-reference name-order alignment,aligned,Place-name meaning: Lod — nativity; generation. Source form: Lod. Greek form: λοδ. Equivalent source: UKJV same-reference name-order alignment.
Oded,person,1 Chronicles 8:15,ot,,,,,,,Source text carries this as a personal name; retained as a proper noun rather than translated as ordinary vocabulary.
Zabdi,person,1 Chronicles 8:19,ot,,,,,,,Source text carries this as a personal name; retained as a proper noun rather than translated as ordinary vocabulary.
Elioēnai,transliterated_form,1 Chronicles 8:20,ot,Elienai,Elioēnai,ελιωηναι,the God of my eyes,UKJV same-reference name-order alignment,aligned,Standard English equivalent: Elienai. Source form: Elioēnai. Greek form: ελιωηναι. Name meaning: the God of my eyes. Equivalent source: UKJV same-reference name-order alignment.
Eliēli,transliterated_form,1 Chronicles 8:20,ot,Eliel,Eliēli,ελιηλι,"God, my God",UKJV same-reference name-order alignment,aligned,"Standard English equivalent: Eliel. Source form: Eliēli. Greek form: ελιηλι. Name meaning: God, my God. Equivalent source: UKJV same-reference name-order alignment."
Adaia,person,1 Chronicles 8:21,ot,,,,,,,Source text carries this as a personal name; retained as a proper noun rather than translated as ordinary vocabulary.
Eleēl,transliterated_form,1 Chronicles 8:22,ot,Eliel,Eleēl,ελεηλ,"God, my God",UKJV same-reference name-order alignment,aligned,"Standard English equivalent: Eliel. Source form: Eleēl. Greek form: ελεηλ. Name meaning: God, my God. Equivalent source: UKJV same-reference name-order alignment."
Abadōn,transliterated_form,1 Chronicles 8:23,ot,Abdon,Abadōn,αβαδων,servant; cloud of judgment,UKJV same-reference name-order alignment,aligned,Standard English equivalent: Abdon. Source form: Abadōn. Greek form: αβαδων. Name meaning: servant; cloud of judgment. Equivalent source: UKJV same-reference name-order alignment.
Anathōthia,transliterated_form,1 Chronicles 8:24,ot,Antothijah,Anathōthia,αναθωθια,answers or songs of the Lord; afflictions,UKJV same-reference witness,0.80,Standard English equivalent: Antothijah. Source form: Anathōthia. Greek form: αναθωθια. Name meaning: answers or songs of the Lord; afflictions. Equivalent source: UKJV same-reference witness.
Pheliēl,transliterated_form,1 Chronicles 8:25,ot,Pheliel,Pheliēl,φελιηλ,meaning uncertain/not securely attested in the consulted name dictionaries,normalized source form,fallback,Standard English equivalent: Pheliel. Source form: Pheliēl. Greek form: φελιηλ. Name meaning: meaning uncertain/not securely attested in the consulted name dictionaries. Equivalent source: normalized source form.
Gedour,person,1 Chronicles 8:31,ot,,,,,,,Source text carries this as a personal name; retained as a proper noun rather than translated as ordinary vocabulary.
Makalōth,transliterated_form,1 Chronicles 8:31,ot,Mikloth,Makalōth,μακαλωθ,little wants; little voices; looking downward,UKJV same-reference name-order alignment,aligned,Standard English equivalent: Mikloth. Source form: Makalōth. Greek form: μακαλωθ. Name meaning: little wants; little voices; looking downward. Equivalent source: UKJV same-reference name-order alignment.
Iōiada,transliterated_form,1 Chronicles 8:36,ot,Jehoadah,Iōiada,ιωιαδα,passing over; testimony of the Lord,UKJV same-reference name-order alignment,aligned,Standard English equivalent: Jehoadah. Source form: Iōiada. Greek form: ιωιαδα. Name meaning: passing over; testimony of the Lord. Equivalent source: UKJV same-reference name-order alignment.
Maisa,person,1 Chronicles 8:36,ot,,,,,,,Source text carries this as a personal name; retained as a proper noun rather than translated as ordinary vocabulary.
Elasa,place,1 Chronicles 8:37,ot,Eleasah,Elasa,ελασα,meaning uncertain/not securely attested in the consulted name dictionaries,UKJV same-reference name-order alignment,aligned,Place-name meaning: Eleasah — meaning uncertain/not securely attested in the consulted name dictionaries. Standard English equivalent: Eleasah. Source form: Elasa. Greek form: ελασα. Equivalent source: UKJV same-reference name-order alignment.
Seloni,people_group,1 Chronicles 9:5,ot,,,,,,,Ethnic or group proper noun; retained as a people-name rather than translated as ordinary vocabulary.
Jeuel,person,1 Chronicles 9:6,ot,,,,,,,Source text carries this as a personal name; retained as a proper noun rather than translated as ordinary vocabulary.
Salō,transliterated_form,1 Chronicles 9:7,ot,Sallu,Salō,σαλω,meaning uncertain/not securely attested in the consulted name dictionaries,UKJV same-reference name-order alignment,aligned,Standard English equivalent: Sallu. Source form: Salō. Greek form: σαλω. Name meaning: meaning uncertain/not securely attested in the consulted name dictionaries. Equivalent source: UKJV same-reference name-order alignment.
Massalēm,transliterated_form,1 Chronicles 9:8,ot,Massalem,Massalēm,μασσαλημ,meaning uncertain/not securely attested in the consulted name dictionaries,normalized source form,fallback,Standard English equivalent: Massalem. Source form: Massalēm. Greek form: μασσαλημ. Name meaning: meaning uncertain/not securely attested in the consulted name dictionaries. Equivalent source: normalized source form.
Ragouēl,transliterated_form,1 Chronicles 9:8,ot,Reuel,Ragouēl,ραγουηλ,the shepherd or friend of God,UKJV same-reference witness,0.67,Standard English equivalent: Reuel. Source form: Ragouēl. Greek form: ραγουηλ. Name meaning: the shepherd or friend of God. Equivalent source: UKJV same-reference witness.
Jedaiah,person,1 Chronicles 9:10,ot,,,,,,,Source text carries this as a personal name; retained as a proper noun rather than translated as ordinary vocabulary.
Iōarim,transliterated_form,1 Chronicles 9:10,ot,Jehoiarib,Iōarim,ιωαριμ,"fighting, or multiplying, of the Lord",UKJV same-reference name-order alignment,aligned,"Standard English equivalent: Jehoiarib. Source form: Iōarim. Greek form: ιωαριμ. Name meaning: fighting, or multiplying, of the Lord. Equivalent source: UKJV same-reference name-order alignment."
Adiēl,transliterated_form,1 Chronicles 9:12,ot,Adiel,Adiēl,αδιηλ,the witness of the Lord,UKJV same-reference name-order alignment,aligned,Standard English equivalent: Adiel. Source form: Adiēl. Greek form: αδιηλ. Name meaning: the witness of the Lord. Equivalent source: UKJV same-reference name-order alignment.
Emmēr,transliterated_form,1 Chronicles 9:12,ot,Immer,Emmēr,εμμηρ,saying; speaking; a lamb,UKJV same-reference name-order alignment,aligned,Standard English equivalent: Immer. Source form: Emmēr. Greek form: εμμηρ. Name meaning: saying; speaking; a lamb. Equivalent source: UKJV same-reference name-order alignment.
Galal,person,1 Chronicles 9:15,ot,,,,,,,Source text carries this as a personal name; retained as a proper noun rather than translated as ordinary vocabulary.
Iiiēl,transliterated_form,1 Chronicles 9:35,ot,Jehiel,Iiiēl,ιιηλ,meaning uncertain/not securely attested in the consulted name dictionaries,UKJV same-reference name-order alignment,aligned,Standard English equivalent: Jehiel. Source form: Iiiēl. Greek form: ιιηλ. Name meaning: meaning uncertain/not securely attested in the consulted name dictionaries. Equivalent source: UKJV same-reference name-order alignment.
Sir,person,1 Chronicles 9:36,ot,,,,,,,Source text carries this as a personal name; retained as a proper noun rather than translated as ordinary vocabulary.
Phaithon,person,1 Chronicles 9:41,ot,,,,,,,Source text carries this as a personal name; retained as a proper noun rather than translated as ordinary vocabulary.
Malach,person,1 Chronicles 9:41,ot,,,,,,,Source text carries this as a personal name; retained as a proper noun rather than translated as ordinary vocabulary.
Tharach,person,1 Chronicles 9:41,ot,,,,,,,Source text carries this as a personal name; retained as a proper noun rather than translated as ordinary vocabulary.
Iada,person,1 Chronicles 9:42,ot,,,,,,,Source text carries this as a personal name; retained as a proper noun rather than translated as ordinary vocabulary.
Gazmoth,person,1 Chronicles 9:42,ot,,,,,,,Source text carries this as a personal name; retained as a proper noun rather than translated as ordinary vocabulary.
Ahohite,person,1 Chronicles 11:12,ot,,,,,,,Source text carries this as a personal name; retained as a proper noun rather than translated as ordinary vocabulary.
Dodo,person,1 Chronicles 11:26,ot,,,,,,,Source text carries this as a personal name; retained as a proper noun rather than translated as ordinary vocabulary.
Ribai,person,1 Chronicles 11:31,ot,,,,,,,Source text carries this as a personal name; retained as a proper noun rather than translated as ordinary vocabulary.
Hararite,people_group,1 Chronicles 11:34,ot,,,,,,,Ethnic or group proper noun; retained as a people-name rather than translated as ordinary vocabulary.
Achim,person,1 Chronicles 11:35,ot,,,,,,,Source text carries this as a personal name; retained as a proper noun rather than translated as ordinary vocabulary.
Sachar,person,1 Chronicles 11:35,ot,,,,,,,Source text carries this as a personal name; retained as a proper noun rather than translated as ordinary vocabulary.
Naarai,person,1 Chronicles 11:37,ot,,,,,,,Source text carries this as a personal name; retained as a proper noun rather than translated as ordinary vocabulary.
Adina,person,1 Chronicles 11:42,ot,,,,,,,Source text carries this as a personal name; retained as a proper noun rather than translated as ordinary vocabulary.
Reubenite,people_group,1 Chronicles 11:42,ot,,,,,,,Ethnic or group proper noun; retained as a people-name rather than translated as ordinary vocabulary.
Jehiel,person,1 Chronicles 11:44,ot,,,,,,,Source text carries this as a personal name; retained as a proper noun rather than translated as ordinary vocabulary.
Elnaam,person,1 Chronicles 11:46,ot,,,,,,,Source text carries this as a personal name; retained as a proper noun rather than translated as ordinary vocabulary.
Aliēl,transliterated_form,1 Chronicles 11:47,ot,Eliel,Aliēl,αλιηλ,"God, my God",UKJV same-reference name-order alignment,aligned,"Standard English equivalent: Eliel. Source form: Aliēl. Greek form: αλιηλ. Name meaning: God, my God. Equivalent source: UKJV same-reference name-order alignment."
Iesiēl,transliterated_form,1 Chronicles 11:47,ot,Jasiel,Iesiēl,ιεσιηλ,the strength of God,UKJV same-reference name-order alignment,aligned,Standard English equivalent: Jasiel. Source form: Iesiēl. Greek form: ιεσιηλ. Name meaning: the strength of God. Equivalent source: UKJV same-reference name-order alignment.
Iēoul,transliterated_form,1 Chronicles 12:3,ot,Jeziel,Iēoul,ιηουλ,meaning uncertain/not securely attested in the consulted name dictionaries,UKJV same-reference witness,0.55,Standard English equivalent: Jeziel. Source form: Iēoul. Greek form: ιηουλ. Name meaning: meaning uncertain/not securely attested in the consulted name dictionaries. Equivalent source: UKJV same-reference witness.
Ieziēl,transliterated_form,1 Chronicles 12:5,ot,Ieziel,Ieziēl,ιεζιηλ,meaning uncertain/not securely attested in the consulted name dictionaries,normalized source form,fallback,Standard English equivalent: Ieziel. Source form: Ieziēl. Greek form: ιεζιηλ. Name meaning: meaning uncertain/not securely attested in the consulted name dictionaries. Equivalent source: normalized source form.
Eliazai,person,1 Chronicles 12:6,ot,,,,,,,Source text carries this as a personal name; retained as a proper noun rather than translated as ordinary vocabulary.
Iarimouth,person,1 Chronicles 12:6,ot,,,,,,,Source text carries this as a personal name; retained as a proper noun rather than translated as ordinary vocabulary.
Baalia,person,1 Chronicles 12:6,ot,,,,,,,Source text carries this as a personal name; retained as a proper noun rather than translated as ordinary vocabulary.
Iēsouni,transliterated_form,1 Chronicles 12:7,ot,Iesouni,Iēsouni,ιησουνι,meaning uncertain/not securely attested in the consulted name dictionaries,normalized source form,fallback,Standard English equivalent: Iesouni. Source form: Iēsouni. Greek form: ιησουνι. Name meaning: meaning uncertain/not securely attested in the consulted name dictionaries. Equivalent source: normalized source form.
Ozriēl,transliterated_form,1 Chronicles 12:7,ot,Ozriel,Ozriēl,οζριηλ,meaning uncertain/not securely attested in the consulted name dictionaries,normalized source form,fallback,Standard English equivalent: Ozriel. Source form: Ozriēl. Greek form: οζριηλ. Name meaning: meaning uncertain/not securely attested in the consulted name dictionaries. Equivalent source: normalized source form.
Iōazar,transliterated_form,1 Chronicles 12:7,ot,Ioazar,Iōazar,ιωαζαρ,meaning uncertain/not securely attested in the consulted name dictionaries,normalized source form,fallback,Standard English equivalent: Ioazar. Source form: Iōazar. Greek form: ιωαζαρ. Name meaning: meaning uncertain/not securely attested in the consulted name dictionaries. Equivalent source: normalized source form.
Masemannē,transliterated_form,1 Chronicles 12:11,ot,Masemanne,Masemannē,μασεμαννη,meaning uncertain/not securely attested in the consulted name dictionaries,normalized source form,fallback,Standard English equivalent: Masemanne. Source form: Masemannē. Greek form: μασεμαννη. Name meaning: meaning uncertain/not securely attested in the consulted name dictionaries. Equivalent source: normalized source form.
Edna,person,1 Chronicles 12:21,ot,,,,,,,Source text carries this as a personal name; retained as a proper noun rather than translated as ordinary vocabulary.
Iodiēl,transliterated_form,1 Chronicles 12:21,ot,Iodiel,Iodiēl,ιωδιηλ,meaning uncertain/not securely attested in the consulted name dictionaries,normalized source form,fallback,Standard English equivalent: Iodiel. Source form: Iodiēl. Greek form: ιωδιηλ. Name meaning: meaning uncertain/not securely attested in the consulted name dictionaries. Equivalent source: normalized source form.
Iōadae,transliterated_form,1 Chronicles 12:28,ot,Ioadae,Iōadae,ιωαδαε,meaning uncertain/not securely attested in the consulted name dictionaries,normalized source form,fallback,Standard English equivalent: Ioadae. Source form: Iōadae. Greek form: ιωαδαε. Name meaning: meaning uncertain/not securely attested in the consulted name dictionaries. Equivalent source: normalized source form.
Danites,people_group,1 Chronicles 12:36,ot,,,,,,,Ethnic or group proper noun; retained as a people-name rather than translated as ordinary vocabulary.
Ouriēl,transliterated_form,1 Chronicles 15:5,ot,Uriel,Ouriēl,ουριηλ,same as Uriah,UKJV same-reference name-order alignment,aligned,Standard English equivalent: Uriel. Source form: Ouriēl. Greek form: ουριηλ. Name meaning: same as Uriah. Equivalent source: UKJV same-reference name-order alignment.
Gērsam,transliterated_form,1 Chronicles 15:7,ot,Gershom,Gērsam,γηρσαμ,a stranger here,UKJV same-reference name-order alignment,aligned,Standard English equivalent: Gershom. Source form: Gērsam. Greek form: γηρσαμ. Name meaning: a stranger here. Equivalent source: UKJV same-reference name-order alignment.
Jeiel,person,1 Chronicles 15:18,ot,,,,,,,Source text carries this as a personal name; retained as a proper noun rather than translated as ordinary vocabulary.
Mattathias,person,1 Chronicles 15:21,ot,,,,,,,Source text carries this as a personal name; retained as a proper noun rather than translated as ordinary vocabulary.
Ēlkana,transliterated_form,1 Chronicles 15:23,ot,Elkanah,Ēlkana,ηλκανα,God the zealous; the zeal of God,UKJV same-reference name-order alignment,aligned,Standard English equivalent: Elkanah. Source form: Ēlkana. Greek form: ηλκανα. Name meaning: God the zealous; the zeal of God. Equivalent source: UKJV same-reference name-order alignment.
Metabēchas,transliterated_form,1 Chronicles 18:8,ot,Metabechas,Metabēchas,μεταβηχας,meaning uncertain/not securely attested in the consulted name dictionaries,normalized source form,fallback,Standard English equivalent: Metabechas. Source form: Metabēchas. Greek form: μεταβηχας. Name meaning: meaning uncertain/not securely attested in the consulted name dictionaries. Equivalent source: normalized source form.
Thōa,transliterated_form,1 Chronicles 18:9,ot,Tou,Thōa,θωα,meaning uncertain/not securely attested in the consulted name dictionaries,UKJV same-reference name-order alignment,aligned,Standard English equivalent: Tou. Source form: Thōa. Greek form: θωα. Name meaning: meaning uncertain/not securely attested in the consulted name dictionaries. Equivalent source: UKJV same-reference name-order alignment.
Rabbah,place,1 Chronicles 20:1,ot,Rabbah,Rabbah,ραββα,great; powerful; contentious,UKJV same-reference name-order alignment,aligned,Place-name meaning: Rabbah — great; powerful; contentious. Source form: Rabbah. Greek form: ραββα. Equivalent source: UKJV same-reference name-order alignment.
Gedsōn,transliterated_form,1 Chronicles 23:6,ot,Gershon,Gedsōn,γεδσων,his banishment; the change of pilgrimage,UKJV same-reference name-order alignment,aligned,Standard English equivalent: Gershon. Source form: Gedsōn. Greek form: γεδσων. Name meaning: his banishment; the change of pilgrimage. Equivalent source: UKJV same-reference name-order alignment.
Parosōm,transliterated_form,1 Chronicles 23:7,ot,Parosom,Parosōm,παροσωμ,meaning uncertain/not securely attested in the consulted name dictionaries,normalized source form,fallback,Standard English equivalent: Parosom. Source form: Parosōm. Greek form: παροσωμ. Name meaning: meaning uncertain/not securely attested in the consulted name dictionaries. Equivalent source: normalized source form.
Salōmith,transliterated_form,1 Chronicles 23:9,ot,Shelomith,Salōmith,σαλωμιθ,meaning uncertain/not securely attested in the consulted name dictionaries,UKJV same-reference name-order alignment,aligned,Standard English equivalent: Shelomith. Source form: Salōmith. Greek form: σαλωμιθ. Name meaning: meaning uncertain/not securely attested in the consulted name dictionaries. Equivalent source: UKJV same-reference name-order alignment.
Ziza,person,1 Chronicles 23:10,ot,,,,,,,Source text carries this as a personal name; retained as a proper noun rather than translated as ordinary vocabulary.
Soubaēl,transliterated_form,1 Chronicles 23:16,ot,Shebuel,Soubaēl,σουβαηλ,"turning, or captivity, or seat, of God",UKJV same-reference name-order alignment,aligned,"Standard English equivalent: Shebuel. Source form: Soubaēl. Greek form: σουβαηλ. Name meaning: turning, or captivity, or seat, of God. Equivalent source: UKJV same-reference name-order alignment."
Salōmōth,transliterated_form,1 Chronicles 23:18,ot,Shelomith,Salōmōth,σαλωμωθ,meaning uncertain/not securely attested in the consulted name dictionaries,UKJV same-reference name-order alignment,aligned,Standard English equivalent: Shelomith. Source form: Salōmōth. Greek form: σαλωμωθ. Name meaning: meaning uncertain/not securely attested in the consulted name dictionaries. Equivalent source: UKJV same-reference name-order alignment.
Iarimōth,transliterated_form,1 Chronicles 23:23,ot,Jeremoth,Iarimōth,ιαριμωθ,eminences; one that fears death,UKJV same-reference name-order alignment,aligned,Standard English equivalent: Jeremoth. Source form: Iarimōth. Greek form: ιαριμωθ. Name meaning: eminences; one that fears death. Equivalent source: UKJV same-reference name-order alignment.
Charēm,transliterated_form,1 Chronicles 24:8,ot,Harim,Charēm,χαρημ,destroyed; dedicated to God,UKJV same-reference name-order alignment,aligned,Standard English equivalent: Harim. Source form: Charēm. Greek form: χαρημ. Name meaning: destroyed; dedicated to God. Equivalent source: UKJV same-reference name-order alignment.
Seōrim,transliterated_form,1 Chronicles 24:8,ot,Seorim,Seōrim,σεωριμ,gates; hairs; tempests,UKJV same-reference name-order alignment,aligned,Standard English equivalent: Seorim. Source form: Seōrim. Greek form: σεωριμ. Name meaning: gates; hairs; tempests. Equivalent source: UKJV same-reference name-order alignment.
Kōs,transliterated_form,1 Chronicles 24:10,ot,Koz,Kōs,κως,meaning uncertain/not securely attested in the consulted name dictionaries,UKJV same-reference witness,0.67,Standard English equivalent: Koz. Source form: Kōs. Greek form: κως. Name meaning: meaning uncertain/not securely attested in the consulted name dictionaries. Equivalent source: UKJV same-reference witness.
Iēsou,transliterated_form,1 Chronicles 24:11,ot,Jeshuah,Iēsou,ιησου,meaning uncertain/not securely attested in the consulted name dictionaries,UKJV same-reference name-order alignment,aligned,Standard English equivalent: Jeshuah. Source form: Iēsou. Greek form: ιησου. Name meaning: meaning uncertain/not securely attested in the consulted name dictionaries. Equivalent source: UKJV same-reference name-order alignment.
Chēzir,transliterated_form,1 Chronicles 24:15,ot,Hezir,Chēzir,χηζιρ,meaning uncertain/not securely attested in the consulted name dictionaries,UKJV same-reference name-order alignment,aligned,Standard English equivalent: Hezir. Source form: Chēzir. Greek form: χηζιρ. Name meaning: meaning uncertain/not securely attested in the consulted name dictionaries. Equivalent source: UKJV same-reference name-order alignment.
Ezekēl,transliterated_form,1 Chronicles 24:16,ot,Jehezekel,Ezekēl,εζεκηλ,strength of God,UKJV same-reference name-order alignment,aligned,Standard English equivalent: Jehezekel. Source form: Ezekēl. Greek form: εζεκηλ. Name meaning: strength of God. Equivalent source: UKJV same-reference name-order alignment.
Maasai,person,1 Chronicles 24:18,ot,,,,,,,Source text carries this as a personal name; retained as a proper noun rather than translated as ordinary vocabulary.
Iaziēl,transliterated_form,1 Chronicles 24:23,ot,Jahaziel,Iaziēl,ιαζιηλ,seeing God,UKJV same-reference witness,0.71,Standard English equivalent: Jahaziel. Source form: Iaziēl. Greek form: ιαζιηλ. Name meaning: seeing God. Equivalent source: UKJV same-reference witness.
Samēr,transliterated_form,1 Chronicles 24:24,ot,Shamir,Samēr,σαμηρ,"Shamer, prison; bush; lees; thorn",UKJV same-reference name-order alignment,aligned,"Standard English equivalent: Shamir. Source form: Samēr. Greek form: σαμηρ. Name meaning: Shamer, prison; bush; lees; thorn. Equivalent source: UKJV same-reference name-order alignment."
Iramaēl,transliterated_form,1 Chronicles 24:29,ot,Jerahmeel,Iramaēl,ιραμαηλ,"the mercy, or the beloved, of God",UKJV same-reference name-order alignment,aligned,"Standard English equivalent: Jerahmeel. Source form: Iramaēl. Greek form: ιραμαηλ. Name meaning: the mercy, or the beloved, of God. Equivalent source: UKJV same-reference name-order alignment."
Eraēl,transliterated_form,1 Chronicles 25:2,ot,Erael,Eraēl,εραηλ,meaning uncertain/not securely attested in the consulted name dictionaries,normalized source form,fallback,Standard English equivalent: Erael. Source form: Eraēl. Greek form: εραηλ. Name meaning: meaning uncertain/not securely attested in the consulted name dictionaries. Equivalent source: normalized source form.
Azaraēl,transliterated_form,1 Chronicles 25:4,ot,Azarel,Azaraēl,αζαραηλ,meaning uncertain/not securely attested in the consulted name dictionaries,UKJV same-reference witness,0.92,Standard English equivalent: Azarel. Source form: Azaraēl. Greek form: αζαραηλ. Name meaning: meaning uncertain/not securely attested in the consulted name dictionaries. Equivalent source: UKJV same-reference witness.
Ierimōth,transliterated_form,1 Chronicles 25:4,ot,Jerimoth,Ierimōth,ιεριμωθ,he that fears or rejects death,UKJV same-reference name-order alignment,aligned,Standard English equivalent: Jerimoth. Source form: Ierimōth. Greek form: ιεριμωθ. Name meaning: he that fears or rejects death. Equivalent source: UKJV same-reference name-order alignment.
Ēliatha,transliterated_form,1 Chronicles 25:4,ot,Eliathah,Ēliatha,ηλιαθα,thou art my God,UKJV same-reference name-order alignment,aligned,Standard English equivalent: Eliathah. Source form: Ēliatha. Greek form: ηλιαθα. Name meaning: thou art my God. Equivalent source: UKJV same-reference name-order alignment.
Rōmemthi-ōd,transliterated_form,1 Chronicles 25:4,ot,Romamtiezer,Rōmemthi-ōd,ρωμεμθι,exaltation of help,UKJV same-reference name-order alignment,aligned,Standard English equivalent: Romamtiezer. Source form: Rōmemthi-ōd. Greek form: ρωμεμθι. Name meaning: exaltation of help. Equivalent source: UKJV same-reference name-order alignment.
Mallēthi,transliterated_form,1 Chronicles 25:4,ot,Mallothi,Mallēthi,μαλληθι,fullness; circumcision,UKJV same-reference name-order alignment,aligned,Standard English equivalent: Mallothi. Source form: Mallēthi. Greek form: μαλληθι. Name meaning: fullness; circumcision. Equivalent source: UKJV same-reference name-order alignment.
Ōthēri,transliterated_form,1 Chronicles 25:4,ot,Hothir,Ōthēri,ωθηρι,excelling; remaining,UKJV same-reference name-order alignment,aligned,Standard English equivalent: Hothir. Source form: Ōthēri. Greek form: ωθηρι. Name meaning: excelling; remaining. Equivalent source: UKJV same-reference name-order alignment.
Meazōth,transliterated_form,1 Chronicles 25:4,ot,Mahazioth,Meazōth,μεαζωθ,seeing a sign; seeing a letter,UKJV same-reference name-order alignment,aligned,Standard English equivalent: Mahazioth. Source form: Meazōth. Greek form: μεαζωθ. Name meaning: seeing a sign; seeing a letter. Equivalent source: UKJV same-reference name-order alignment.
Iseriēl,transliterated_form,1 Chronicles 25:14,ot,Iseriel,Iseriēl,ισεριηλ,meaning uncertain/not securely attested in the consulted name dictionaries,normalized source form,fallback,Standard English equivalent: Iseriel. Source form: Iseriēl. Greek form: ισεριηλ. Name meaning: meaning uncertain/not securely attested in the consulted name dictionaries. Equivalent source: normalized source form.
Iōsia,transliterated_form,1 Chronicles 25:15,ot,Iosia,Iōsia,ιωσια,meaning uncertain/not securely attested in the consulted name dictionaries,normalized source form,fallback,Standard English equivalent: Iosia. Source form: Iōsia. Greek form: ιωσια. Name meaning: meaning uncertain/not securely attested in the consulted name dictionaries. Equivalent source: normalized source form.
Mellēthi,transliterated_form,1 Chronicles 25:26,ot,Mallothi,Mellēthi,μελληθι,fullness; circumcision,UKJV same-reference witness,0.75,Standard English equivalent: Mallothi. Source form: Mellēthi. Greek form: μελληθι. Name meaning: fullness; circumcision. Equivalent source: UKJV same-reference witness.
Ēthir,transliterated_form,1 Chronicles 25:28,ot,Hothir,Ēthir,ηθιρ,excelling; remaining,UKJV same-reference witness,0.73,Standard English equivalent: Hothir. Source form: Ēthir. Greek form: ηθιρ. Name meaning: excelling; remaining. Equivalent source: UKJV same-reference witness.
Korēim,transliterated_form,1 Chronicles 26:1,ot,Korhite,Korēim,κορειμ,meaning uncertain/not securely attested in the consulted name dictionaries,UKJV same-reference name-order alignment,aligned,Standard English equivalent: Korhite. Source form: Korēim. Greek form: κορειμ. Name meaning: meaning uncertain/not securely attested in the consulted name dictionaries. Equivalent source: UKJV same-reference name-order alignment.
Korē,transliterated_form,1 Chronicles 26:1,ot,Kore,Korē,κωρη,meaning uncertain/not securely attested in the consulted name dictionaries,UKJV same-reference name-order alignment,aligned,Standard English equivalent: Kore. Source form: Korē. Greek form: κωρη. Name meaning: meaning uncertain/not securely attested in the consulted name dictionaries. Equivalent source: UKJV same-reference name-order alignment.
Idiēl,transliterated_form,1 Chronicles 26:2,ot,Jediael,Idiēl,ιδιηλ,"the science, or knowledge, of God",UKJV same-reference name-order alignment,aligned,"Standard English equivalent: Jediael. Source form: Idiēl. Greek form: ιδιηλ. Name meaning: the science, or knowledge, of God. Equivalent source: UKJV same-reference name-order alignment."
Iethnouēl,transliterated_form,1 Chronicles 26:2,ot,Jathniel,Iethnouēl,ιεθνουηλ,gift of God,UKJV same-reference name-order alignment,aligned,Standard English equivalent: Jathniel. Source form: Iethnouēl. Greek form: ιεθνουηλ. Name meaning: gift of God. Equivalent source: UKJV same-reference name-order alignment.
Ōlam,transliterated_form,1 Chronicles 26:3,ot,Elam,Ōlam,ωλαμ,a young man; a virgin; a secret,UKJV same-reference name-order alignment,aligned,Standard English equivalent: Elam. Source form: Ōlam. Greek form: ωλαμ. Name meaning: a young man; a virgin; a secret. Equivalent source: UKJV same-reference name-order alignment.
Eliōēnai,transliterated_form,1 Chronicles 26:3,ot,Elioenai,Eliōēnai,ελιωηναι,toward him are mine eyes; or to him are my fountains,UKJV same-reference name-order alignment,aligned,Standard English equivalent: Elioenai. Source form: Eliōēnai. Greek form: ελιωηναι. Name meaning: toward him are mine eyes; or to him are my fountains. Equivalent source: UKJV same-reference name-order alignment.
Iōzabad,transliterated_form,1 Chronicles 26:4,ot,Jehozabad,Iōzabad,ιωζαβαδ,the Lord's dowry; having a dowry,UKJV same-reference name-order alignment,aligned,Standard English equivalent: Jehozabad. Source form: Iōzabad. Greek form: ιωζαβαδ. Name meaning: the Lord's dowry; having a dowry. Equivalent source: UKJV same-reference name-order alignment.
Iōaa,transliterated_form,1 Chronicles 26:4,ot,Ioaa,Iōaa,ιωαα,meaning uncertain/not securely attested in the consulted name dictionaries,normalized source form,fallback,Standard English equivalent: Ioaa. Source form: Iōaa. Greek form: ιωαα. Name meaning: meaning uncertain/not securely attested in the consulted name dictionaries. Equivalent source: normalized source form.
Sōchar,transliterated_form,1 Chronicles 26:4,ot,Sacar,Sōchar,σωχαρ,wares; a price,UKJV same-reference witness,0.73,Standard English equivalent: Sacar. Source form: Sōchar. Greek form: σωχαρ. Name meaning: wares; a price. Equivalent source: UKJV same-reference witness.
Raphaēl,transliterated_form,1 Chronicles 26:7,ot,Rephael,Raphaēl,ραφαηλ,the physic or medicine of God,UKJV same-reference witness,0.86,Standard English equivalent: Rephael. Source form: Raphaēl. Greek form: ραφαηλ. Name meaning: the physic or medicine of God. Equivalent source: UKJV same-reference witness.
Elzabad,person,1 Chronicles 26:7,ot,,,,,,,Source text carries this as a personal name; retained as a proper noun rather than translated as ordinary vocabulary.
Isbakōm,transliterated_form,1 Chronicles 26:7,ot,Isbakom,Isbakōm,ισβακωμ,meaning uncertain/not securely attested in the consulted name dictionaries,normalized source form,fallback,Standard English equivalent: Isbakom. Source form: Isbakōm. Greek form: ισβακωμ. Name meaning: meaning uncertain/not securely attested in the consulted name dictionaries. Equivalent source: normalized source form.
Ōsa,transliterated_form,1 Chronicles 26:10,ot,Hosah,Ōsa,ωσα,trusting,UKJV same-reference witness,0.75,Standard English equivalent: Hosah. Source form: Ōsa. Greek form: ωσα. Name meaning: trusting. Equivalent source: UKJV same-reference witness.
Gērsōni,transliterated_form,1 Chronicles 26:21,ot,Gershonite,Gērsōni,γηρσωνι,his banishment; the change of pilgrimage,UKJV same-reference witness,0.82,Standard English equivalent: Gershonite. Source form: Gērsōni. Greek form: γηρσωνι. Name meaning: his banishment; the change of pilgrimage. Equivalent source: UKJV same-reference witness.
Gērsōnite,transliterated_form,1 Chronicles 26:21,ot,Gershonite,Gērsōnite,γηρσωνι,his banishment; the change of pilgrimage,UKJV same-reference name-order alignment,aligned,Standard English equivalent: Gershonite. Source form: Gērsōnite. Greek form: γηρσωνι. Name meaning: his banishment; the change of pilgrimage. Equivalent source: UKJV same-reference name-order alignment.
Jehieli,person,1 Chronicles 26:21,ot,,,,,,,Source text carries this as a personal name; retained as a proper noun rather than translated as ordinary vocabulary.
Iōsaias,transliterated_form,1 Chronicles 26:25,ot,Jeshaiah,Iōsaias,ιωσαιας,meaning uncertain/not securely attested in the consulted name dictionaries,UKJV same-reference name-order alignment,aligned,Standard English equivalent: Jeshaiah. Source form: Iōsaias. Greek form: ιωσαιας. Name meaning: meaning uncertain/not securely attested in the consulted name dictionaries. Equivalent source: UKJV same-reference name-order alignment.
Chōnenia,transliterated_form,1 Chronicles 26:29,ot,Chenaniah,Chōnenia,χωνενια,"preparation, or disposition, or strength, of the Lord",UKJV same-reference name-order alignment,aligned,"Standard English equivalent: Chenaniah. Source form: Chōnenia. Greek form: χωνενια. Name meaning: preparation, or disposition, or strength, of the Lord. Equivalent source: UKJV same-reference name-order alignment."
Chebrōnite,transliterated_form,1 Chronicles 26:30,ot,Hebronite,Chebrōnite,χεβρωνι,society; friendship,UKJV same-reference name-order alignment,aligned,Standard English equivalent: Hebronite. Source form: Chebrōnite. Greek form: χεβρωνι. Name meaning: society; friendship. Equivalent source: UKJV same-reference name-order alignment.
Zabdiēl,transliterated_form,1 Chronicles 27:2,ot,Zabdiel,Zabdiēl,ζαβδιηλ,meaning uncertain/not securely attested in the consulted name dictionaries,UKJV same-reference name-order alignment,aligned,Standard English equivalent: Zabdiel. Source form: Zabdiēl. Greek form: ζαβδιηλ. Name meaning: meaning uncertain/not securely attested in the consulted name dictionaries. Equivalent source: UKJV same-reference name-order alignment.
Dōdia,transliterated_form,1 Chronicles 27:4,ot,Dodavah,Dōdia,δωδια,love,UKJV same-reference name-order alignment,aligned,Standard English equivalent: Dodavah. Source form: Dōdia. Greek form: δωδια. Name meaning: love. Equivalent source: UKJV same-reference name-order alignment.
Echōchi,transliterated_form,1 Chronicles 27:4,ot,Ahohi,Echōchi,εχωχι,meaning uncertain/not securely attested in the consulted name dictionaries,UKJV same-reference witness,0.67,Standard English equivalent: Ahohi. Source form: Echōchi. Greek form: εχωχι. Name meaning: meaning uncertain/not securely attested in the consulted name dictionaries. Equivalent source: UKJV same-reference witness.
Samaōth,transliterated_form,1 Chronicles 27:8,ot,Shamhuth,Samaōth,σαμαωθ,desolation; destruction,UKJV same-reference witness,0.67,Standard English equivalent: Shamhuth. Source form: Samaōth. Greek form: σαμαωθ. Name meaning: desolation; destruction. Equivalent source: UKJV same-reference witness.
Ekkēs,transliterated_form,1 Chronicles 27:9,ot,Ikkesh,Ekkēs,εκκης,forward; wicked,UKJV same-reference witness,0.73,Standard English equivalent: Ikkesh. Source form: Ekkēs. Greek form: εκκης. Name meaning: forward; wicked. Equivalent source: UKJV same-reference witness.
Chellēs,transliterated_form,1 Chronicles 27:10,ot,Helez,Chellēs,χελλης,armed; set free,UKJV same-reference witness,0.67,Standard English equivalent: Helez. Source form: Chellēs. Greek form: χελλης. Name meaning: armed; set free. Equivalent source: UKJV same-reference witness.
Anathōth,transliterated_form,1 Chronicles 27:12,ot,Anetothite,Anathōth,αναθωθ,meaning uncertain/not securely attested in the consulted name dictionaries,UKJV same-reference witness,0.67,Standard English equivalent: Anetothite. Source form: Anathōth. Greek form: αναθωθ. Name meaning: meaning uncertain/not securely attested in the consulted name dictionaries. Equivalent source: UKJV same-reference witness.
Mēēra,transliterated_form,1 Chronicles 27:13,ot,Meera,Mēēra,μεηρα,meaning uncertain/not securely attested in the consulted name dictionaries,normalized source form,fallback,Standard English equivalent: Meera. Source form: Mēēra. Greek form: μεηρα. Name meaning: meaning uncertain/not securely attested in the consulted name dictionaries. Equivalent source: normalized source form.
Pharathōn,transliterated_form,1 Chronicles 27:14,ot,Pirathonite,Pharathōn,φαραθων,his dissipation or deprivation; his rupture,UKJV same-reference witness,0.70,Standard English equivalent: Pirathonite. Source form: Pharathōn. Greek form: φαραθων. Name meaning: his dissipation or deprivation; his rupture. Equivalent source: UKJV same-reference witness.
Esriēl,transliterated_form,1 Chronicles 27:19,ot,Azriel,Esriēl,εσριηλ,same as Asriel,UKJV same-reference name-order alignment,aligned,Standard English equivalent: Azriel. Source form: Esriēl. Greek form: εσριηλ. Name meaning: same as Asriel. Equivalent source: UKJV same-reference name-order alignment.
Ōsē,transliterated_form,1 Chronicles 27:20,ot,Hoshea,Ōsē,ωση,Salvation,UKJV same-reference name-order alignment,aligned,Standard English equivalent: Hoshea. Source form: Ōsē. Greek form: ωση. Name meaning: Salvation. Equivalent source: UKJV same-reference name-order alignment.
Oziou,person,1 Chronicles 27:20,ot,,,,,,,Source text carries this as a personal name; retained as a proper noun rather than translated as ordinary vocabulary.
Phadaia,person,1 Chronicles 27:20,ot,,,,,,,Source text carries this as a personal name; retained as a proper noun rather than translated as ordinary vocabulary.
Zabdiou,person,1 Chronicles 27:21,ot,,,,,,,Source text carries this as a personal name; retained as a proper noun rather than translated as ordinary vocabulary.
Asiēl,transliterated_form,1 Chronicles 27:21,ot,Jaasiel,Asiēl,ασιηλ,God's work,UKJV same-reference name-order alignment,aligned,Standard English equivalent: Jaasiel. Source form: Asiēl. Greek form: ασιηλ. Name meaning: God's work. Equivalent source: UKJV same-reference name-order alignment.
Azaraiēl,transliterated_form,1 Chronicles 27:22,ot,Azareel,Azaraiēl,αζαραηλ,help of God,UKJV same-reference name-order alignment,aligned,Standard English equivalent: Azareel. Source form: Azaraiēl. Greek form: αζαραηλ. Name meaning: help of God. Equivalent source: UKJV same-reference name-order alignment.
Jeroham,person,1 Chronicles 27:22,ot,,,,,,,Source text carries this as a personal name; retained as a proper noun rather than translated as ordinary vocabulary.
Asmōth,transliterated_form,1 Chronicles 27:25,ot,Azmaveth,Asmōth,ασμωθ,strong death; a he-goat,UKJV same-reference name-order alignment,aligned,Standard English equivalent: Azmaveth. Source form: Asmōth. Greek form: ασμωθ. Name meaning: strong death; a he-goat. Equivalent source: UKJV same-reference name-order alignment.
Ōdiēl,transliterated_form,1 Chronicles 27:25,ot,Adiel,Ōdiēl,ωδιηλ,the witness of the Lord,UKJV same-reference name-order alignment,aligned,Standard English equivalent: Adiel. Source form: Ōdiēl. Greek form: ωδιηλ. Name meaning: the witness of the Lord. Equivalent source: UKJV same-reference name-order alignment.
Esdri,people_group,1 Chronicles 27:26,ot,,,,,,,Ethnic or group proper noun; retained as a people-name rather than translated as ordinary vocabulary.
Choloub,person,1 Chronicles 27:26,ot,,,,,,,Source text carries this as a personal name; retained as a proper noun rather than translated as ordinary vocabulary.
Sephni,people_group,1 Chronicles 27:27,ot,,,,,,,Ethnic or group proper noun; retained as a people-name rather than translated as ordinary vocabulary.
Gedōrite,transliterated_form,1 Chronicles 27:28,ot,Gederite,Gedōrite,γεδωριτης,"Gederah, Gederoth, a wall",UKJV same-reference name-order alignment,aligned,"Standard English equivalent: Gederite. Source form: Gedōrite. Greek form: γεδωριτης. Name meaning: Gederah, Gederoth, a wall. Equivalent source: UKJV same-reference name-order alignment."
Asidōn,transliterated_form,1 Chronicles 27:29,ot,Sharon,Asidōn,ασιδων,his plain; his song,UKJV same-reference name-order alignment,aligned,Standard English equivalent: Sharon. Source form: Asidōn. Greek form: ασιδων. Name meaning: his plain; his song. Equivalent source: UKJV same-reference name-order alignment.
Sarōnite,transliterated_form,1 Chronicles 27:29,ot,Sharonite,Sarōnite,σαρωνιτης,his plain; his song,UKJV same-reference name-order alignment,aligned,Standard English equivalent: Sharonite. Source form: Sarōnite. Greek form: σαρωνιτης. Name meaning: his plain; his song. Equivalent source: UKJV same-reference name-order alignment.
Sōphat,transliterated_form,1 Chronicles 27:29,ot,Shaphat,Sōphat,σωφατ,judge,UKJV same-reference name-order alignment,aligned,Standard English equivalent: Shaphat. Source form: Sōphat. Greek form: σωφατ. Name meaning: judge. Equivalent source: UKJV same-reference name-order alignment.
Ōbil,transliterated_form,1 Chronicles 27:30,ot,Obil,Ōbil,ωβιλ,that weeps; who deserves to be bewailed,UKJV same-reference name-order alignment,aligned,Standard English equivalent: Obil. Source form: Ōbil. Greek form: ωβιλ. Name meaning: that weeps; who deserves to be bewailed. Equivalent source: UKJV same-reference name-order alignment.
Ismaēlite,transliterated_form,1 Chronicles 27:30,ot,Ishmaelite,Ismaēlite,ισμαηλιτης,God hears,UKJV same-reference name-order alignment,aligned,Standard English equivalent: Ishmaelite. Source form: Ismaēlite. Greek form: ισμαηλιτης. Name meaning: God hears. Equivalent source: UKJV same-reference name-order alignment.
Merathōn,transliterated_form,1 Chronicles 27:30,ot,Meronothite,Merathōn,μεραθων,my singing; rejoicing; bearing rule,UKJV same-reference name-order alignment,aligned,Standard English equivalent: Meronothite. Source form: Merathōn. Greek form: μεραθων. Name meaning: my singing; rejoicing; bearing rule. Equivalent source: UKJV same-reference name-order alignment.
Beseleēl,transliterated_form,2 Chronicles 1:5,ot,Bezaleel,Beseleēl,βεσελεηλ,in the shadow of God,UKJV same-reference witness,0.75,Standard English equivalent: Bezaleel. Source form: Beseleēl. Greek form: βεσελεηλ. Name meaning: in the shadow of God. Equivalent source: UKJV same-reference witness.
Ōr,transliterated_form,2 Chronicles 1:5,ot,Ōr,Ōr,ωρ,meaning uncertain/not securely attested in the consulted name dictionaries,normalized source form,fallback,Standard English equivalent: Ōr. Source form: Ōr. Greek form: ωρ. Name meaning: meaning uncertain/not securely attested in the consulted name dictionaries. Equivalent source: normalized source form.
Ioppē,transliterated_form,2 Chronicles 2:15,ot,Ioppe,Ioppē,ιοππης,meaning uncertain/not securely attested in the consulted name dictionaries,normalized source form,fallback,Standard English equivalent: Ioppe. Source form: Ioppē. Greek form: ιοππης. Name meaning: meaning uncertain/not securely attested in the consulted name dictionaries. Equivalent source: normalized source form.
Amoria,place,2 Chronicles 3:1,ot,Moriah,Amoria,αμορια,bitterness of the Lord,UKJV same-reference name-order alignment,aligned,Place-name meaning: Moriah — bitterness of the Lord. Standard English equivalent: Moriah. Source form: Amoria. Greek form: αμορια. Equivalent source: UKJV same-reference name-order alignment.
Sōba,transliterated_form,2 Chronicles 8:3,ot,Soba,Sōba,σωβα,meaning uncertain/not securely attested in the consulted name dictionaries,normalized source form,fallback,Standard English equivalent: Soba. Source form: Sōba. Greek form: σωβα. Name meaning: meaning uncertain/not securely attested in the consulted name dictionaries. Equivalent source: normalized source form.
Thedmor,place,2 Chronicles 8:4,ot,Tadmor,Thedmor,θεδμορ,the palm-tree; bitterness,UKJV same-reference name-order alignment,aligned,Place-name meaning: Tadmor — the palm-tree; bitterness. Standard English equivalent: Tadmor. Source form: Thedmor. Greek form: θεδμορ. Equivalent source: UKJV same-reference name-order alignment.
Gasiōngaber,transliterated_form,2 Chronicles 8:17,ot,Eziongeber,Gasiōngaber,γασιωνγαβερ,the wood of the man,UKJV same-reference name-order alignment,aligned,Standard English equivalent: Eziongeber. Source form: Gasiōngaber. Greek form: γασιωνγαβερ. Name meaning: the wood of the man. Equivalent source: UKJV same-reference name-order alignment.
Sōphira,transliterated_form,2 Chronicles 8:18,ot,Ophir,Sōphira,σωφιρα,fruitful region,UKJV same-reference name-order alignment,aligned,Standard English equivalent: Ophir. Source form: Sōphira. Greek form: σωφιρα. Name meaning: fruitful region. Equivalent source: UKJV same-reference name-order alignment.
Sēlōnite,transliterated_form,2 Chronicles 9:29,ot,Shilonite,Sēlōnite,σηλωνιτου,meaning uncertain/not securely attested in the consulted name dictionaries,UKJV same-reference name-order alignment,aligned,Standard English equivalent: Shilonite. Source form: Sēlōnite. Greek form: σηλωνιτου. Name meaning: meaning uncertain/not securely attested in the consulted name dictionaries. Equivalent source: UKJV same-reference name-order alignment.
Iōēl,transliterated_form,2 Chronicles 9:29,ot,Iddo,Iōēl,ιωηλ,his band; power; praise,UKJV same-reference name-order alignment,aligned,Standard English equivalent: Iddo. Source form: Iōēl. Greek form: ιωηλ. Name meaning: his band; power; praise. Equivalent source: UKJV same-reference name-order alignment.
Adōniram,transliterated_form,2 Chronicles 10:18,ot,Hadoram,Adōniram,αδωνιραμ,their beauty; their power,UKJV same-reference name-order alignment,aligned,Standard English equivalent: Hadoram. Source form: Adōniram. Greek form: αδωνιραμ. Name meaning: their beauty; their power. Equivalent source: UKJV same-reference name-order alignment.
Adōraim,transliterated_form,2 Chronicles 11:9,ot,Adoraim,Adōraim,αδωραιμ,strength of the sea,UKJV same-reference name-order alignment,aligned,Standard English equivalent: Adoraim. Source form: Adōraim. Greek form: αδωραιμ. Name meaning: strength of the sea. Equivalent source: UKJV same-reference name-order alignment.
Aialōn,transliterated_form,2 Chronicles 11:10,ot,Aijalon,Aialōn,αιαλων,a chain; strength; a stag,UKJV same-reference name-order alignment,aligned,Standard English equivalent: Aijalon. Source form: Aialōn. Greek form: αιαλων. Name meaning: a chain; strength; a stag. Equivalent source: UKJV same-reference name-order alignment.
Mōllath,transliterated_form,2 Chronicles 11:18,ot,Mahalath,Mōllath,μολλαθ,meaning uncertain/not securely attested in the consulted name dictionaries,UKJV same-reference name-order alignment,aligned,Standard English equivalent: Mahalath. Source form: Mōllath. Greek form: μολλαθ. Name meaning: meaning uncertain/not securely attested in the consulted name dictionaries. Equivalent source: UKJV same-reference name-order alignment.
Samarian,place,2 Chronicles 11:19,ot,Shamariah,Samarian,σαμαριαν,throne or keeping of the Lord,UKJV same-reference witness,0.82,Place-name meaning: Shamariah — throne or keeping of the Lord. Standard English equivalent: Shamariah. Source form: Samarian. Greek form: σαμαριαν. Equivalent source: UKJV same-reference witness.
Roōllam,transliterated_form,2 Chronicles 11:19,ot,Roollam,Roōllam,ροολλαμ,meaning uncertain/not securely attested in the consulted name dictionaries,normalized source form,fallback,Standard English equivalent: Roollam. Source form: Roōllam. Greek form: ροολλαμ. Name meaning: meaning uncertain/not securely attested in the consulted name dictionaries. Equivalent source: normalized source form.
Ieththi,person,2 Chronicles 11:20,ot,,,,,,,Source text carries this as a personal name; retained as a proper noun rather than translated as ordinary vocabulary.
Emmōth,transliterated_form,2 Chronicles 11:20,ot,Shelomith,Emmōth,εμμωθ,meaning uncertain/not securely attested in the consulted name dictionaries,UKJV same-reference name-order alignment,aligned,Standard English equivalent: Shelomith. Source form: Emmōth. Greek form: εμμωθ. Name meaning: meaning uncertain/not securely attested in the consulted name dictionaries. Equivalent source: UKJV same-reference name-order alignment.
Libyans,people_group,2 Chronicles 12:3,ot,,,,,,,Ethnic or group proper noun; retained as a people-name rather than translated as ordinary vocabulary.
Addō,transliterated_form,2 Chronicles 12:15,ot,Iddo,Addō,αδδω,his band; power; praise,UKJV same-reference name-order alignment,aligned,Standard English equivalent: Iddo. Source form: Addō. Greek form: αδδω. Name meaning: his band; power; praise. Equivalent source: UKJV same-reference name-order alignment.
Somorōn,transliterated_form,2 Chronicles 13:4,ot,Somoron,Somorōn,σομορων,meaning uncertain/not securely attested in the consulted name dictionaries,normalized source form,fallback,Standard English equivalent: Somoron. Source form: Somorōn. Greek form: σομορων. Name meaning: meaning uncertain/not securely attested in the consulted name dictionaries. Equivalent source: normalized source form.
Ephrōn,transliterated_form,2 Chronicles 13:19,ot,Ephraim,Ephrōn,εφρων,Fruitful; doubly fruitful,UKJV same-reference name-order alignment,aligned,Standard English equivalent: Ephraim. Source form: Ephrōn. Greek form: εφρων. Name meaning: Fruitful; doubly fruitful. Equivalent source: UKJV same-reference name-order alignment.
Gedōr,transliterated_form,2 Chronicles 14:12,ot,Gerar,Gedōr,γεδωρ,same as Gera,UKJV same-reference witness,0.60,Standard English equivalent: Gerar. Source form: Gedōr. Greek form: γεδωρ. Name meaning: same as Gera. Equivalent source: UKJV same-reference witness.
Ōdēd,transliterated_form,2 Chronicles 15:1,ot,Oded,Ōdēd,ωδηδ,"to sustain, hold or lift up",UKJV same-reference name-order alignment,aligned,"Standard English equivalent: Oded. Source form: Ōdēd. Greek form: ωδηδ. Name meaning: to sustain, hold or lift up. Equivalent source: UKJV same-reference name-order alignment."
Iōn,transliterated_form,2 Chronicles 16:4,ot,Ijon,Iōn,ιων,look; eye; fountain,UKJV same-reference name-order alignment,aligned,Standard English equivalent: Ijon. Source form: Iōn. Greek form: ιων. Name meaning: look; eye; fountain. Equivalent source: UKJV same-reference name-order alignment.
Semiramōth,transliterated_form,2 Chronicles 17:8,ot,Shemiramoth,Semiramōth,σεμιραμωθ,the height of the heavens,UKJV same-reference witness,0.95,Standard English equivalent: Shemiramoth. Source form: Semiramōth. Greek form: σεμιραμωθ. Name meaning: the height of the heavens. Equivalent source: UKJV same-reference witness.
Adōnias,transliterated_form,2 Chronicles 17:8,ot,Adonijah,Adōnias,αδωνιας,the Lord is my master,UKJV same-reference witness,0.80,Standard English equivalent: Adonijah. Source form: Adōnias. Greek form: αδωνιας. Name meaning: the Lord is my master. Equivalent source: UKJV same-reference witness.
Tōbias,transliterated_form,2 Chronicles 17:8,ot,Tobijah,Tōbias,τωβιας,meaning uncertain/not securely attested in the consulted name dictionaries,UKJV same-reference witness,0.77,Standard English equivalent: Tobijah. Source form: Tōbias. Greek form: τωβιας. Name meaning: meaning uncertain/not securely attested in the consulted name dictionaries. Equivalent source: UKJV same-reference witness.
Arabs,people_group,2 Chronicles 17:11,ot,,,,,,,Ethnic or group proper noun; retained as a people-name rather than translated as ordinary vocabulary.
Elēēl,transliterated_form,2 Chronicles 20:14,ot,Levite,Elēēl,ελεηλ,meaning uncertain/not securely attested in the consulted name dictionaries,UKJV same-reference witness,0.55,Standard English equivalent: Levite. Source form: Elēēl. Greek form: ελεηλ. Name meaning: meaning uncertain/not securely attested in the consulted name dictionaries. Equivalent source: UKJV same-reference witness.
Asas,place,2 Chronicles 20:16,ot,Ascent of Ziz,Asas,ασας,meaning uncertain/not securely attested in the consulted name dictionaries,Logos Bible Knowledgebase alias,alias,Place-name meaning: Ascent of Ziz — meaning uncertain/not securely attested in the consulted name dictionaries. Standard English equivalent: Ascent of Ziz. Source form: Asas. Greek form: ασας. Equivalent source: Logos Bible Knowledgebase alias.
Ieriiēl,transliterated_form,2 Chronicles 20:16,ot,Jeruel,Ieriiēl,ιεριηλ,"fear, or vision of God",UKJV same-reference name-order alignment,aligned,"Standard English equivalent: Jeruel. Source form: Ieriiēl. Greek form: ιεριηλ. Name meaning: fear, or vision of God. Equivalent source: UKJV same-reference name-order alignment."
Sali,person,2 Chronicles 20:31,ot,,,,,,,Source text carries this as a personal name; retained as a proper noun rather than translated as ordinary vocabulary.
Ēlias,transliterated_form,2 Chronicles 21:12,ot,Elijah,Ēlias,ηλιου,My God is Yahweh,UKJV same-reference name-order alignment,aligned,Standard English equivalent: Elijah. Source form: Ēlias. Greek form: ηλιου. Name meaning: My God is Yahweh. Equivalent source: UKJV same-reference name-order alignment.
Iōsabeath,transliterated_form,2 Chronicles 22:11,ot,Jehoshabeath,Iōsabeath,ιωσαβεθ,meaning uncertain/not securely attested in the consulted name dictionaries,UKJV same-reference name-order alignment,aligned,Standard English equivalent: Jehoshabeath. Source form: Iōsabeath. Greek form: ιωσαβεθ. Name meaning: meaning uncertain/not securely attested in the consulted name dictionaries. Equivalent source: UKJV same-reference name-order alignment.
Iōzabed,transliterated_form,2 Chronicles 24:26,ot,Jehozabad,Iōzabed,ιωζαβεδ,the Lord's dowry; having a dowry,UKJV same-reference name-order alignment,aligned,Standard English equivalent: Jehozabad. Source form: Iōzabed. Greek form: ιωζαβεδ. Name meaning: the Lord's dowry; having a dowry. Equivalent source: UKJV same-reference name-order alignment.
Sōmarōth,transliterated_form,2 Chronicles 24:26,ot,Shimrith,Sōmarōth,σομαρωθ,"Shimron, same as Shimri",UKJV same-reference name-order alignment,aligned,"Standard English equivalent: Shimrith. Source form: Sōmarōth. Greek form: σομαρωθ. Name meaning: Shimron, same as Shimri. Equivalent source: UKJV same-reference name-order alignment."
Iōaden,transliterated_form,2 Chronicles 25:1,ot,Jehoaddan,Iōaden,ιωαδεν,"pleasure, or time, of the Lord",UKJV same-reference name-order alignment,aligned,"Standard English equivalent: Jehoaddan. Source form: Iōaden. Greek form: ιωαδεν. Name meaning: pleasure, or time, of the Lord. Equivalent source: UKJV same-reference name-order alignment."
Iōachaz,transliterated_form,2 Chronicles 25:17,ot,Jehoahaz,Iōachaz,ιωαχαζ,possession of the Lord,UKJV same-reference name-order alignment,aligned,Standard English equivalent: Jehoahaz. Source form: Iōachaz. Greek form: ιωαχαζ. Name meaning: possession of the Lord. Equivalent source: UKJV same-reference name-order alignment.
Iabnē,transliterated_form,2 Chronicles 26:6,ot,Jabneh,Iabnē,ιαβνη,meaning uncertain/not securely attested in the consulted name dictionaries,UKJV same-reference name-order alignment,aligned,Standard English equivalent: Jabneh. Source form: Iabnē. Greek form: ιαβνη. Name meaning: meaning uncertain/not securely attested in the consulted name dictionaries. Equivalent source: UKJV same-reference name-order alignment.
Azōtos,transliterated_form,2 Chronicles 26:6,ot,Azotos,Azōtos,αζωτου,meaning uncertain/not securely attested in the consulted name dictionaries,normalized source form,fallback,Standard English equivalent: Azotos. Source form: Azōtos. Greek form: αζωτου. Name meaning: meaning uncertain/not securely attested in the consulted name dictionaries. Equivalent source: normalized source form.
Aphphousōth,transliterated_form,2 Chronicles 26:21,ot,Aphphousoth,Aphphousōth,αφφουσωθ,meaning uncertain/not securely attested in the consulted name dictionaries,normalized source form,fallback,Standard English equivalent: Aphphousoth. Source form: Aphphousōth. Greek form: αφφουσωθ. Name meaning: meaning uncertain/not securely attested in the consulted name dictionaries. Equivalent source: normalized source form.
Iēssiou,transliterated_form,2 Chronicles 26:22,ot,Iessiou,Iēssiou,ιεσσιου,meaning uncertain/not securely attested in the consulted name dictionaries,normalized source form,fallback,Standard English equivalent: Iessiou. Source form: Iēssiou. Greek form: ιεσσιου. Name meaning: meaning uncertain/not securely attested in the consulted name dictionaries. Equivalent source: normalized source form.
Romelia,person,2 Chronicles 28:6,ot,,,,,,,Source text carries this as a personal name; retained as a proper noun rather than translated as ordinary vocabulary.
Odēd,transliterated_form,2 Chronicles 28:9,ot,Oded,Odēd,ωδηδ,"to sustain, hold or lift up",UKJV same-reference name-order alignment,aligned,"Standard English equivalent: Oded. Source form: Odēd. Greek form: ωδηδ. Name meaning: to sustain, hold or lift up. Equivalent source: UKJV same-reference name-order alignment."
Iōanou,transliterated_form,2 Chronicles 28:12,ot,Ioanou,Iōanou,ιωανου,meaning uncertain/not securely attested in the consulted name dictionaries,normalized source form,fallback,Standard English equivalent: Ioanou. Source form: Iōanou. Greek form: ιωανου. Name meaning: meaning uncertain/not securely attested in the consulted name dictionaries. Equivalent source: normalized source form.
Mosolamōth,transliterated_form,2 Chronicles 28:12,ot,Meshillemoth,Mosolamōth,μοσολαμωθ,meaning uncertain/not securely attested in the consulted name dictionaries,UKJV same-reference name-order alignment,aligned,Standard English equivalent: Meshillemoth. Source form: Mosolamōth. Greek form: μοσολαμωθ. Name meaning: meaning uncertain/not securely attested in the consulted name dictionaries. Equivalent source: UKJV same-reference name-order alignment.
Gadērōth,transliterated_form,2 Chronicles 28:18,ot,Gederoth,Gadērōth,γαδηρωθ,meaning uncertain/not securely attested in the consulted name dictionaries,UKJV same-reference name-order alignment,aligned,Standard English equivalent: Gederoth. Source form: Gadērōth. Greek form: γαδηρωθ. Name meaning: meaning uncertain/not securely attested in the consulted name dictionaries. Equivalent source: UKJV same-reference name-order alignment.
Sokchō,transliterated_form,2 Chronicles 28:18,ot,Shocho,Sokchō,σωχω,meaning uncertain/not securely attested in the consulted name dictionaries,UKJV same-reference name-order alignment,aligned,Standard English equivalent: Shocho. Source form: Sokchō. Greek form: σωχω. Name meaning: meaning uncertain/not securely attested in the consulted name dictionaries. Equivalent source: UKJV same-reference name-order alignment.
Gamzō,transliterated_form,2 Chronicles 28:18,ot,Gimzo,Gamzō,γαμζω,that bulrush,UKJV same-reference name-order alignment,aligned,Standard English equivalent: Gimzo. Source form: Gamzō. Greek form: γαμζω. Name meaning: that bulrush. Equivalent source: UKJV same-reference name-order alignment.
Maath,person,2 Chronicles 29:12,ot,,,,,,,Source text carries this as a personal name; retained as a proper noun rather than translated as ordinary vocabulary.
Iallēl,transliterated_form,2 Chronicles 29:12,ot,Igal,Iallēl,ιαλλεληλ,redeemed; defiled,UKJV same-reference witness,0.60,Standard English equivalent: Igal. Source form: Iallēl. Greek form: ιαλλεληλ. Name meaning: redeemed; defiled. Equivalent source: UKJV same-reference witness.
Gedsōni,transliterated_form,2 Chronicles 29:12,ot,Gershonite,Gedsōni,γεδσωνι,his banishment; the change of pilgrimage,UKJV same-reference witness,0.67,Standard English equivalent: Gershonite. Source form: Gedsōni. Greek form: γεδσωνι. Name meaning: his banishment; the change of pilgrimage. Equivalent source: UKJV same-reference witness.
Iōa,transliterated_form,2 Chronicles 29:12,ot,Igal,Iōa,ιωα,redeemed; defiled,UKJV same-reference witness,0.57,Standard English equivalent: Igal. Source form: Iōa. Greek form: ιωα. Name meaning: redeemed; defiled. Equivalent source: UKJV same-reference witness.
Iōdan,transliterated_form,2 Chronicles 29:12,ot,Iodan,Iōdan,ιωδαν,meaning uncertain/not securely attested in the consulted name dictionaries,normalized source form,fallback,Standard English equivalent: Iodan. Source form: Iōdan. Greek form: ιωδαν. Name meaning: meaning uncertain/not securely attested in the consulted name dictionaries. Equivalent source: normalized source form.
Iōacha,transliterated_form,2 Chronicles 29:12,ot,Joah,Iōacha,ιωαχα,fraternity; brother of the Lord,UKJV same-reference witness,0.60,Standard English equivalent: Joah. Source form: Iōacha. Greek form: ιωαχα. Name meaning: fraternity; brother of the Lord. Equivalent source: UKJV same-reference witness.
Idithōn,transliterated_form,2 Chronicles 29:14,ot,Jeduthun,Idithōn,ιδιθων,his law; giving praise,UKJV same-reference name-order alignment,aligned,Standard English equivalent: Jeduthun. Source form: Idithōn. Greek form: ιδιθων. Name meaning: his law; giving praise. Equivalent source: UKJV same-reference name-order alignment.
Chōnenias,transliterated_form,2 Chronicles 31:12,ot,Cononiah,Chōnenias,χωνενιας,meaning uncertain/not securely attested in the consulted name dictionaries,UKJV same-reference name-order alignment,aligned,Standard English equivalent: Cononiah. Source form: Chōnenias. Greek form: χωνενιας. Name meaning: meaning uncertain/not securely attested in the consulted name dictionaries. Equivalent source: UKJV same-reference name-order alignment.
Iōzabath,transliterated_form,2 Chronicles 31:13,ot,Jozabad,Iōzabath,ιωζαβαθ,same as Josabad,UKJV same-reference name-order alignment,aligned,Standard English equivalent: Jozabad. Source form: Iōzabath. Greek form: ιωζαβαθ. Name meaning: same as Josabad. Equivalent source: UKJV same-reference name-order alignment.
Chōneniou,transliterated_form,2 Chronicles 31:13,ot,Cononiah,Chōneniou,χωνενιου,meaning uncertain/not securely attested in the consulted name dictionaries,UKJV same-reference name-order alignment,aligned,Standard English equivalent: Cononiah. Source form: Chōneniou. Greek form: χωνενιου. Name meaning: meaning uncertain/not securely attested in the consulted name dictionaries. Equivalent source: UKJV same-reference name-order alignment.
Giōn,transliterated_form,2 Chronicles 32:30,ot,Gihon,Giōn,γιων,valley of grace,UKJV same-reference name-order alignment,aligned,Standard English equivalent: Gihon. Source form: Giōn. Greek form: γιων. Name meaning: valley of grace. Equivalent source: UKJV same-reference name-order alignment.
Babylōnos,transliterated_form,2 Chronicles 32:31,ot,Babylon,Babylōnos,βαβυλωνος,same as Babel,UKJV same-reference witness,0.88,Standard English equivalent: Babylon. Source form: Babylōnos. Greek form: βαβυλωνος. Name meaning: same as Babel. Equivalent source: UKJV same-reference witness.
Symeōn,transliterated_form,2 Chronicles 34:6,ot,Simeon,Symeōn,συμεων,Heard,UKJV same-reference name-order alignment,aligned,Standard English equivalent: Simeon. Source form: Symeōn. Greek form: συμεων. Name meaning: Heard. Equivalent source: UKJV same-reference name-order alignment.
Iōach,transliterated_form,2 Chronicles 34:8,ot,Joah,Iōach,ιωαχαζ,fraternity; brother of the Lord,UKJV same-reference name-order alignment,aligned,Standard English equivalent: Joah. Source form: Iōach. Greek form: ιωαχαζ. Name meaning: fraternity; brother of the Lord. Equivalent source: UKJV same-reference name-order alignment.
Abdōn,transliterated_form,2 Chronicles 34:20,ot,Abdon,Abdōn,αβδων,servant; cloud of judgment,UKJV same-reference name-order alignment,aligned,Standard English equivalent: Abdon. Source form: Abdōn. Greek form: αβδων. Name meaning: servant; cloud of judgment. Equivalent source: UKJV same-reference name-order alignment.
Euphratēs,transliterated_form,2 Chronicles 35:20,ot,Euphrates,Euphratēs,ευφρατην,that makes fruitful,manual/standard English equivalent,manual,Standard English equivalent: Euphrates. Source form: Euphratēs. Greek form: ευφρατην. Name meaning: that makes fruitful. Equivalent source: manual/standard English equivalent.
Zechōra,transliterated_form,2 Chronicles 36:5,ot,Zechora,Zechōra,ζεχωρα,meaning uncertain/not securely attested in the consulted name dictionaries,normalized source form,fallback,Standard English equivalent: Zechora. Source form: Zechōra. Greek form: ζεχωρα. Name meaning: meaning uncertain/not securely attested in the consulted name dictionaries. Equivalent source: normalized source form.
Nēriou,transliterated_form,2 Chronicles 36:5,ot,Neriou,Nēriou,νηριου,meaning uncertain/not securely attested in the consulted name dictionaries,normalized source form,fallback,Standard English equivalent: Neriou. Source form: Nēriou. Greek form: νηριου. Name meaning: meaning uncertain/not securely attested in the consulted name dictionaries. Equivalent source: normalized source form.
Mōabitans,transliterated_form,2 Chronicles 36:5,ot,Moabitans,Mōabitans,μωαβιτων,meaning uncertain/not securely attested in the consulted name dictionaries,normalized source form,fallback,Standard English equivalent: Moabitans. Source form: Mōabitans. Greek form: μωαβιτων. Name meaning: meaning uncertain/not securely attested in the consulted name dictionaries. Equivalent source: normalized source form.
Persians,people_group,2 Chronicles 36:22,ot,,,,,,,Ethnic or group proper noun; retained as a people-name rather than translated as ordinary vocabulary.
Phoros,person,Ezra 2:3,ot,,,,,,,Source text carries this as a personal name; retained as a proper noun rather than translated as ordinary vocabulary.
Adonikam,person,Ezra 2:13,ot,,,,,,,Source text carries this as a personal name; retained as a proper noun rather than translated as ordinary vocabulary.
Adin,person,Ezra 2:15,ot,,,,,,,Source text carries this as a personal name; retained as a proper noun rather than translated as ordinary vocabulary.
Ater,person,Ezra 2:16,ot,,,,,,,Source text carries this as a personal name; retained as a proper noun rather than translated as ordinary vocabulary.
Beroth,place,Ezra 2:25,ot,Beeroth,Beroth,βηρωθ,wells; explaining,UKJV same-reference name-order alignment,aligned,Place-name meaning: Beeroth — wells; explaining. Standard English equivalent: Beeroth. Source form: Beroth. Greek form: βηρωθ. Equivalent source: UKJV same-reference name-order alignment.
Baithel,supernatural_being,Ezra 2:28,ot,,,,,,,Source text carries this as a divine or supernatural name/title; retained as a proper noun.
Iesou,transliterated_form,Ezra 2:36,ot,Jeshua,Iesou,ιησου,same as Joshua,UKJV same-reference name-order alignment,aligned,Standard English equivalent: Jeshua. Source form: Iesou. Greek form: ιησου. Name meaning: same as Joshua. Equivalent source: UKJV same-reference name-order alignment.
Kadmiel,person,Ezra 2:40,ot,,,,,,,Source text carries this as a personal name; retained as a proper noun rather than translated as ordinary vocabulary.
Nekoda,person,Ezra 2:48,ot,,,,,,,Source text carries this as a personal name; retained as a proper noun rather than translated as ordinary vocabulary.
Darkon,person,Ezra 2:56,ot,,,,,,,Source text carries this as a personal name; retained as a proper noun rather than translated as ordinary vocabulary.
Arthasastha,transliterated_form,Ezra 4:7,ot,Artaxerxes,Arthasastha,αρθασασθα,Whose rule is truth,manual/standard English equivalent,manual,Standard English equivalent: Artaxerxes. Source form: Arthasastha. Greek form: αρθασασθα. Name meaning: Whose rule is truth. Equivalent source: manual/standard English equivalent.
Tabeel,person,Ezra 4:7,ot,,,,,,,Source text carries this as a personal name; retained as a proper noun rather than translated as ordinary vocabulary.
Babylonians,people_group,Ezra 4:9,ot,,,,,,,Ethnic or group proper noun; retained as a people-name rather than translated as ordinary vocabulary.
Elamites,people_group,Ezra 4:9,ot,,,,,,,Ethnic or group proper noun; retained as a people-name rather than translated as ordinary vocabulary.
Ioudaioi,transliterated_form,Ezra 4:12,ot,Jews,Ioudaioi,ιουδαιοι,People of Judah; Judeans,manual/standard English equivalent,manual,Standard English equivalent: Jews. Source form: Ioudaioi. Greek form: ιουδαιοι. Name meaning: People of Judah; Judeans. Equivalent source: manual/standard English equivalent.
Persia,place,Ezra 6:14,ot,Persia,Persia,περσων,that cuts or divides; a nail; a gryphon; a horseman,UKJV same-reference name-order alignment,aligned,Place-name meaning: Persia — that cuts or divides; a nail; a gryphon; a horseman. Source form: Persia. Greek form: περσων. Equivalent source: UKJV same-reference name-order alignment.
Aziel,person,Ezra 8:5,ot,,,,,,,Source text carries this as a personal name; retained as a proper noun rather than translated as ordinary vocabulary.
Elnathan,person,Ezra 8:16,ot,,,,,,,Source text carries this as a personal name; retained as a proper noun rather than translated as ordinary vocabulary.
Zabad,person,Ezra 10:27,ot,,,,,,,Source text carries this as a personal name; retained as a proper noun rather than translated as ordinary vocabulary.
Arab,place,Nehemiah 2:19,ot,Arabian,Arab,αραβι,meaning uncertain/not securely attested in the consulted name dictionaries,UKJV same-reference name-order alignment,aligned,Place-name meaning: Arabian — meaning uncertain/not securely attested in the consulted name dictionaries. Standard English equivalent: Arabian. Source form: Arab. Greek form: αραβι. Equivalent source: UKJV same-reference name-order alignment.
Euzai,person,Nehemiah 3:25,ot,,,,,,,Source text carries this as a personal name; retained as a proper noun rather than translated as ordinary vocabulary.
East,place,Nehemiah 3:29,ot,East,East,εναντιας,meaning uncertain/not securely attested in the consulted name dictionaries,Logos Bible Knowledgebase alias,alias,Place-name meaning: East — meaning uncertain/not securely attested in the consulted name dictionaries. Source form: East. Greek form: εναντιας. Equivalent source: Logos Bible Knowledgebase alias.
Hanani,person,Nehemiah 7:2,ot,,,,,,,Source text carries this as a personal name; retained as a proper noun rather than translated as ordinary vocabulary.
Bethasmoth,place,Nehemiah 7:28,ot,Bethazmaveth,Bethasmoth,βηθασμωθ,house of death's strength,UKJV same-reference name-order alignment,aligned,Place-name meaning: Bethazmaveth — house of death's strength. Standard English equivalent: Bethazmaveth. Source form: Bethasmoth. Greek form: βηθασμωθ. Equivalent source: UKJV same-reference name-order alignment.
Gēzam,transliterated_form,Nehemiah 7:51,ot,Gazzam,Gēzam,γηζαμ,the fleece of them,UKJV same-reference name-order alignment,aligned,Standard English equivalent: Gazzam. Source form: Gēzam. Greek form: γηζαμ. Name meaning: the fleece of them. Equivalent source: UKJV same-reference name-order alignment.
Bēsi,transliterated_form,Nehemiah 7:52,ot,Besai,Bēsi,βησι,a despising; dirty,UKJV same-reference name-order alignment,aligned,Standard English equivalent: Besai. Source form: Bēsi. Greek form: βησι. Name meaning: a despising; dirty. Equivalent source: UKJV same-reference name-order alignment.
Meinōm,transliterated_form,Nehemiah 7:52,ot,Meunim,Meinōm,μεινωμ,dwelling-places; afflicted,UKJV same-reference name-order alignment,aligned,Standard English equivalent: Meunim. Source form: Meinōm. Greek form: μεινωμ. Name meaning: dwelling-places; afflicted. Equivalent source: UKJV same-reference name-order alignment.
Nephōsasim,transliterated_form,Nehemiah 7:52,ot,Nephishesim,Nephōsasim,νεφωσασιμ,diminished; torn in pieces,UKJV same-reference name-order alignment,aligned,Standard English equivalent: Nephishesim. Source form: Nephōsasim. Greek form: νεφωσασιμ. Name meaning: diminished; torn in pieces. Equivalent source: UKJV same-reference name-order alignment.
Emim,people_group,Nehemiah 7:59,ot,,,,,,,Ethnic or group proper noun; retained as a people-name rather than translated as ordinary vocabulary.
Bēbai,transliterated_form,Nehemiah 10:16,ot,Bebai,Bēbai,βηβαι,"void, empty",manual/standard English equivalent,manual,"Standard English equivalent: Bebai. Source form: Bēbai. Greek form: βηβαι. Name meaning: void, empty. Equivalent source: manual/standard English equivalent."
Nōbai,transliterated_form,Nehemiah 10:20,ot,Nobai,Nōbai,νωβαι,meaning uncertain/not securely attested in the consulted name dictionaries,normalized source form,fallback,Standard English equivalent: Nobai. Source form: Nōbai. Greek form: νωβαι. Name meaning: meaning uncertain/not securely attested in the consulted name dictionaries. Equivalent source: normalized source form.
Magaphēs,transliterated_form,Nehemiah 10:21,ot,Magaphes,Magaphēs,μαγαφης,meaning uncertain/not securely attested in the consulted name dictionaries,normalized source form,fallback,Standard English equivalent: Magaphes. Source form: Magaphēs. Greek form: μαγαφης. Name meaning: meaning uncertain/not securely attested in the consulted name dictionaries. Equivalent source: normalized source form.
Hezir,person,Nehemiah 10:21,ot,,,,,,,Source text carries this as a personal name; retained as a proper noun rather than translated as ordinary vocabulary.
Mesōzebel,transliterated_form,Nehemiah 10:22,ot,Mesozebel,Mesōzebel,μεσωζεβηλ,meaning uncertain/not securely attested in the consulted name dictionaries,normalized source form,fallback,Standard English equivalent: Mesozebel. Source form: Mesōzebel. Greek form: μεσωζεβηλ. Name meaning: meaning uncertain/not securely attested in the consulted name dictionaries. Equivalent source: normalized source form.
Osēe,transliterated_form,Nehemiah 10:24,ot,Osee,Osēe,ωσηε,meaning uncertain/not securely attested in the consulted name dictionaries,normalized source form,fallback,Standard English equivalent: Osee. Source form: Osēe. Greek form: ωσηε. Name meaning: meaning uncertain/not securely attested in the consulted name dictionaries. Equivalent source: normalized source form.
Alōēs,transliterated_form,Nehemiah 10:25,ot,Aloes,Alōēs,αλωης,meaning uncertain/not securely attested in the consulted name dictionaries,normalized source form,fallback,Standard English equivalent: Aloes. Source form: Alōēs. Greek form: αλωης. Name meaning: meaning uncertain/not securely attested in the consulted name dictionaries. Equivalent source: normalized source form.
Sōbēk,transliterated_form,Nehemiah 10:25,ot,Sobek,Sōbēk,σωβηκ,meaning uncertain/not securely attested in the consulted name dictionaries,normalized source form,fallback,Standard English equivalent: Sobek. Source form: Sōbēk. Greek form: σωβηκ. Name meaning: meaning uncertain/not securely attested in the consulted name dictionaries. Equivalent source: normalized source form.
Thēzia,transliterated_form,Nehemiah 11:5,ot,Hazaiah,Thēzia,θηζια,seeing the Lord,UKJV same-reference witness,0.62,Standard English equivalent: Hazaiah. Source form: Thēzia. Greek form: θηζια. Name meaning: seeing the Lord. Equivalent source: UKJV same-reference witness.
Sēlō,transliterated_form,Nehemiah 11:7,ot,Selo,Sēlō,σηλω,meaning uncertain/not securely attested in the consulted name dictionaries,normalized source form,fallback,Standard English equivalent: Selo. Source form: Sēlō. Greek form: σηλω. Name meaning: meaning uncertain/not securely attested in the consulted name dictionaries. Equivalent source: normalized source form.
Iōad,transliterated_form,Nehemiah 11:7,ot,Joed,Iōad,ιωαδ,witnessing; robbing; passing over,UKJV same-reference name-order alignment,aligned,Standard English equivalent: Joed. Source form: Iōad. Greek form: ιωαδ. Name meaning: witnessing; robbing; passing over. Equivalent source: UKJV same-reference name-order alignment.
Kōlia,transliterated_form,Nehemiah 11:7,ot,Kolaiah,Kōlia,κωλια,meaning uncertain/not securely attested in the consulted name dictionaries,UKJV same-reference name-order alignment,aligned,Standard English equivalent: Kolaiah. Source form: Kōlia. Greek form: κωλια. Name meaning: meaning uncertain/not securely attested in the consulted name dictionaries. Equivalent source: UKJV same-reference name-order alignment.
Aithiēl,transliterated_form,Nehemiah 11:7,ot,Ithiel,Aithiēl,αιθιηλ,"sign, or coming of God",UKJV same-reference name-order alignment,aligned,"Standard English equivalent: Ithiel. Source form: Aithiēl. Greek form: αιθιηλ. Name meaning: sign, or coming of God. Equivalent source: UKJV same-reference name-order alignment."
Gēbi,transliterated_form,Nehemiah 11:8,ot,Gabbai,Gēbi,γηβι,the back,UKJV same-reference name-order alignment,aligned,Standard English equivalent: Gabbai. Source form: Gēbi. Greek form: γηβι. Name meaning: the back. Equivalent source: UKJV same-reference name-order alignment.
Sēli,transliterated_form,Nehemiah 11:8,ot,Sallai,Sēli,σηλι,"Sallu, an exaltation; a basket",UKJV same-reference name-order alignment,aligned,"Standard English equivalent: Sallai. Source form: Sēli. Greek form: σηλι. Name meaning: Sallu, an exaltation; a basket. Equivalent source: UKJV same-reference name-order alignment."
Iōirib,transliterated_form,Nehemiah 11:10,ot,Joiarib,Iōirib,ιωριβ,"chiding, or multiplying, of the Lord",UKJV same-reference name-order alignment,aligned,"Standard English equivalent: Joiarib. Source form: Iōirib. Greek form: ιωριβ. Name meaning: chiding, or multiplying, of the Lord. Equivalent source: UKJV same-reference name-order alignment."
Mariōth,transliterated_form,Nehemiah 11:11,ot,Meraioth,Mariōth,μαριωθ,bitterness; rebellious; changing,UKJV same-reference name-order alignment,aligned,Standard English equivalent: Meraioth. Source form: Mariōth. Greek form: μαριωθ. Name meaning: bitterness; rebellious; changing. Equivalent source: UKJV same-reference name-order alignment.
Aitōb,transliterated_form,Nehemiah 11:11,ot,Ahitub,Aitōb,αιτωβ,brother of goodness,UKJV same-reference name-order alignment,aligned,Standard English equivalent: Ahitub. Source form: Aitōb. Greek form: αιτωβ. Name meaning: brother of goodness. Equivalent source: UKJV same-reference name-order alignment.
Badiēl,transliterated_form,Nehemiah 11:14,ot,Zabdiel,Badiēl,βαδιηλ,meaning uncertain/not securely attested in the consulted name dictionaries,UKJV same-reference name-order alignment,aligned,Standard English equivalent: Zabdiel. Source form: Badiēl. Greek form: βαδιηλ. Name meaning: meaning uncertain/not securely attested in the consulted name dictionaries. Equivalent source: UKJV same-reference name-order alignment.
Basēza,transliterated_form,Nehemiah 11:24,ot,Baseza,Basēza,βασηζα,meaning uncertain/not securely attested in the consulted name dictionaries,normalized source form,fallback,Standard English equivalent: Baseza. Source form: Basēza. Greek form: βασηζα. Name meaning: meaning uncertain/not securely attested in the consulted name dictionaries. Equivalent source: normalized source form.
Beērsabee,transliterated_form,Nehemiah 11:27,ot,Beersheba,Beērsabee,βεηρσαβεε,the well of an oath; the seventh well,UKJV same-reference witness,0.67,Standard English equivalent: Beersheba. Source form: Beērsabee. Greek form: βεηρσαβεε. Name meaning: the well of an oath; the seventh well. Equivalent source: UKJV same-reference witness.
Joiakim,person,Nehemiah 12:10,ot,,,,,,,Source text carries this as a personal name; retained as a proper noun rather than translated as ordinary vocabulary.
Ganathōn,transliterated_form,Nehemiah 12:16,ot,Ginnethon,Ganathōn,γαναθων,meaning uncertain/not securely attested in the consulted name dictionaries,UKJV same-reference name-order alignment,aligned,Standard English equivalent: Ginnethon. Source form: Ganathōn. Greek form: γαναθων. Name meaning: meaning uncertain/not securely attested in the consulted name dictionaries. Equivalent source: UKJV same-reference name-order alignment.
Phēlti,transliterated_form,Nehemiah 12:17,ot,Piltai,Phēlti,φελητι,meaning uncertain/not securely attested in the consulted name dictionaries,UKJV same-reference witness,0.67,Standard English equivalent: Piltai. Source form: Phēlti. Greek form: φελητι. Name meaning: meaning uncertain/not securely attested in the consulted name dictionaries. Equivalent source: UKJV same-reference witness.
Iōiarib,transliterated_form,Nehemiah 12:19,ot,Joiarib,Iōiarib,ιωιαριβ,"chiding, or multiplying, of the Lord",UKJV same-reference name-order alignment,aligned,"Standard English equivalent: Joiarib. Source form: Iōiarib. Greek form: ιωιαριβ. Name meaning: chiding, or multiplying, of the Lord. Equivalent source: UKJV same-reference name-order alignment."
Sallai,person,Nehemiah 12:20,ot,,,,,,,Source text carries this as a personal name; retained as a proper noun rather than translated as ordinary vocabulary.
Kallai,person,Nehemiah 12:20,ot,,,,,,,Source text carries this as a personal name; retained as a proper noun rather than translated as ordinary vocabulary.
Iōada,transliterated_form,Nehemiah 12:22,ot,Joiada,Iōada,ιωαδα,meaning uncertain/not securely attested in the consulted name dictionaries,UKJV same-reference name-order alignment,aligned,Standard English equivalent: Joiada. Source form: Iōada. Greek form: ιωαδα. Name meaning: meaning uncertain/not securely attested in the consulted name dictionaries. Equivalent source: UKJV same-reference name-order alignment.
Persian,people_group,Nehemiah 12:22,ot,,,,,,,Ethnic or group proper noun; retained as a people-name rather than translated as ordinary vocabulary.
Hōsaia,transliterated_form,Nehemiah 12:32,ot,Hoshaiah,Hōsaia,ωσαια,the salvation of the Lord,UKJV same-reference name-order alignment,aligned,Standard English equivalent: Hoshaiah. Source form: Hōsaia. Greek form: ωσαια. Name meaning: the salvation of the Lord. Equivalent source: UKJV same-reference name-order alignment.
Hanan,person,Nehemiah 13:13,ot,,,,,,,Source text carries this as a personal name; retained as a proper noun rather than translated as ordinary vocabulary.
Horonite,people_group,Nehemiah 13:28,ot,,,,,,,Ethnic or group proper noun; retained as a people-name rather than translated as ordinary vocabulary.
India,place,Esther 1:1,ot,India,India,ινδικης,praise; law,UKJV same-reference witness,1.00,Place-name meaning: India — praise; law. Source form: India. Greek form: ινδικης. Equivalent source: UKJV same-reference witness.
Media,place,Esther 1:3,ot,Media,Media,μηδων,measure; habit; covering,UKJV same-reference name-order alignment,aligned,Place-name meaning: Media — measure; habit; covering. Source form: Media. Greek form: μηδων. Equivalent source: UKJV same-reference name-order alignment.
Tharra,person,Esther 1:10,ot,,,,,,,Source text carries this as a personal name; retained as a proper noun rather than translated as ordinary vocabulary.
Borazē,transliterated_form,Esther 1:10,ot,Boraze,Borazē,βωραζη,meaning uncertain/not securely attested in the consulted name dictionaries,normalized source form,fallback,Standard English equivalent: Boraze. Source form: Borazē. Greek form: βωραζη. Name meaning: meaning uncertain/not securely attested in the consulted name dictionaries. Equivalent source: normalized source form.
Malēsear,transliterated_form,Esther 1:14,ot,Marsena,Malēsear,μαλησεαρ,bitterness of a bramble,UKJV same-reference witness,0.67,Standard English equivalent: Marsena. Source form: Malēsear. Greek form: μαλησεαρ. Name meaning: bitterness of a bramble. Equivalent source: UKJV same-reference witness.
Zōsara,transliterated_form,Esther 5:10,ot,Zosara,Zōsara,ζωσαραν,meaning uncertain/not securely attested in the consulted name dictionaries,normalized source form,fallback,Standard English equivalent: Zosara. Source form: Zōsara. Greek form: ζωσαραν. Name meaning: meaning uncertain/not securely attested in the consulted name dictionaries. Equivalent source: normalized source form.
Delphōn,transliterated_form,Esther 9:7,ot,Dalphon,Delphōn,δελφων,the house of caves,UKJV same-reference name-order alignment,aligned,Standard English equivalent: Dalphon. Source form: Delphōn. Greek form: δελφων. Name meaning: the house of caves. Equivalent source: UKJV same-reference name-order alignment.
Phardatha,person,Esther 9:8,ot,,,,,,,Source text carries this as a personal name; retained as a proper noun rather than translated as ordinary vocabulary.
Barea,person,Esther 9:8,ot,,,,,,,Source text carries this as a personal name; retained as a proper noun rather than translated as ordinary vocabulary.
Sarbacha,person,Esther 9:8,ot,,,,,,,Source text carries this as a personal name; retained as a proper noun rather than translated as ordinary vocabulary.
Marmasima,person,Esther 9:9,ot,,,,,,,Source text carries this as a personal name; retained as a proper noun rather than translated as ordinary vocabulary.
Arouphaios,person,Esther 9:9,ot,,,,,,,Source text carries this as a personal name; retained as a proper noun rather than translated as ordinary vocabulary.
Arsaios,person,Esther 9:9,ot,,,,,,,Source text carries this as a personal name; retained as a proper noun rather than translated as ordinary vocabulary.
Zabouthaithan,person,Esther 9:9,ot,,,,,,,Source text carries this as a personal name; retained as a proper noun rather than translated as ordinary vocabulary.
Macedonian,people_group,Esther 9:24,ot,,,,,,,Ethnic or group proper noun; retained as a people-name rather than translated as ordinary vocabulary.
Barachiēl,transliterated_form,Job 32:2,ot,Barachel,Barachiēl,βαραχιηλ,that bows before God,UKJV same-reference name-order alignment,aligned,Standard English equivalent: Barachel. Source form: Barachiēl. Greek form: βαραχιηλ. Name meaning: that bows before God. Equivalent source: UKJV same-reference name-order alignment.
Iōbab,transliterated_form,Job 42:17,ot,Iobab,Iōbab,ιωβαβ,meaning uncertain/not securely attested in the consulted name dictionaries,normalized source form,fallback,Standard English equivalent: Iobab. Source form: Iōbab. Greek form: ιωβαβ. Name meaning: meaning uncertain/not securely attested in the consulted name dictionaries. Equivalent source: normalized source form.
Arabian,people_group,Job 42:17,ot,,,,,,,Ethnic or group proper noun; retained as a people-name rather than translated as ordinary vocabulary.
Beōr,transliterated_form,Job 42:17,ot,Beor,Beōr,βεωρ,burning; foolish; mad,normalized source form,fallback,Standard English equivalent: Beor. Source form: Beōr. Greek form: βεωρ. Name meaning: burning; foolish; mad. Equivalent source: normalized source form.
Kadēs,transliterated_form,Psalms 28:8,ot,Kades,Kadēs,καδης,meaning uncertain/not securely attested in the consulted name dictionaries,normalized source form,fallback,Standard English equivalent: Kades. Source form: Kadēs. Greek form: καδης. Name meaning: meaning uncertain/not securely attested in the consulted name dictionaries. Equivalent source: normalized source form.
Doeg,person,Psalms 51:2,ot,,,,,,,Source text carries this as a personal name; retained as a proper noun rather than translated as ordinary vocabulary.
Gath,place,Psalms 55:1,ot,Gath,Gath,γεθ,a wine-press,UKJV same-reference name-order alignment,aligned,Place-name meaning: Gath — a wine-press. Source form: Gath. Greek form: γεθ. Equivalent source: UKJV same-reference name-order alignment.
Jeduthun,person,Psalms 61:1,ot,,,,,,,Source text carries this as a personal name; retained as a proper noun rather than translated as ordinary vocabulary.
Judea,place,Psalms 62:1,ot,Judah,Judea,ιουδαιας,Praise,UKJV same-reference name-order alignment,aligned,Place-name meaning: Judah — Praise. Standard English equivalent: Judah. Source form: Judea. Greek form: ιουδαιας. Equivalent source: UKJV same-reference name-order alignment.
Jonadab,person,Psalms 70:1,ot,,,,,,,Source text carries this as a personal name; retained as a proper noun rather than translated as ordinary vocabulary.
Arabians,people_group,Psalms 71:10,ot,,,,,,,Ethnic or group proper noun; retained as a people-name rather than translated as ordinary vocabulary.
Jesse,person,Psalms 71:20,ot,,,,,,,Source text carries this as a personal name; retained as a proper noun rather than translated as ordinary vocabulary.
Etham,place,Psalms 73:15,ot,Etham,Etham,ηθαμ,their strength; their sign,Logos Bible Knowledgebase alias,alias,Place-name meaning: Etham — their strength; their sign. Source form: Etham. Greek form: ηθαμ. Equivalent source: Logos Bible Knowledgebase alias.
Assyrian,people_group,Psalms 75:1,ot,,,,,,,Ethnic or group proper noun; retained as a people-name rather than translated as ordinary vocabulary.
Sisera,person,Psalms 82:10,ot,,,,,,,Source text carries this as a personal name; retained as a proper noun rather than translated as ordinary vocabulary.
Kishon,place,Psalms 82:10,ot,Kishon,Kishon,κισων,hard; sore,Logos Bible Knowledgebase alias,alias,Place-name meaning: Kishon — hard; sore. Source form: Kishon. Greek form: κισων. Equivalent source: Logos Bible Knowledgebase alias.
Oreb,person,Psalms 82:12,ot,,,,,,,Source text carries this as a personal name; retained as a proper noun rather than translated as ordinary vocabulary.
Zeeb,person,Psalms 82:12,ot,,,,,,,Source text carries this as a personal name; retained as a proper noun rather than translated as ordinary vocabulary.
Heman,person,Psalms 87:1,ot,,,,,,,Source text carries this as a personal name; retained as a proper noun rather than translated as ordinary vocabulary.
Ethan,person,Psalms 88:1,ot,,,,,,,Source text carries this as a personal name; retained as a proper noun rather than translated as ordinary vocabulary.
Tabor,place,Psalms 88:13,ot,Tabor,Tabor,θαβωρ,choice; purity; bruising,UKJV same-reference witness,1.00,Place-name meaning: Tabor — choice; purity; bruising. Source form: Tabor. Greek form: θαβωρ. Equivalent source: UKJV same-reference witness.
Beelphegor,place,Psalms 105:28,ot,Baal-peor,Beelphegor,βεελφεγωρ,master of the opening,Logos Bible Knowledgebase alias,alias,Place-name meaning: Baal-peor — master of the opening. Standard English equivalent: Baal-peor. Source form: Beelphegor. Greek form: βεελφεγωρ. Equivalent source: Logos Bible Knowledgebase alias.
Senir,place,Song of Solomon 4:8,ot,Mount Hermon,Senir,σανιρ,meaning uncertain/not securely attested in the consulted name dictionaries,Logos Bible Knowledgebase alias,alias,Place-name meaning: Mount Hermon — meaning uncertain/not securely attested in the consulted name dictionaries. Standard English equivalent: Mount Hermon. Source form: Senir. Greek form: σανιρ. Equivalent source: Logos Bible Knowledgebase alias.
Baal-hamon,place,Song of Solomon 8:11,ot,Baal-hamon,Baal-hamon,βεελαμων,who rules a crowd,Logos Bible Knowledgebase alias,alias,Place-name meaning: Baal-hamon — who rules a crowd. Source form: Baal-hamon. Greek form: βεελαμων. Equivalent source: Logos Bible Knowledgebase alias.
Rezin,person,Isaiah 7:1,ot,,,,,,,Source text carries this as a personal name; retained as a proper noun rather than translated as ordinary vocabulary.
Pekah,person,Isaiah 7:1,ot,,,,,,,Source text carries this as a personal name; retained as a proper noun rather than translated as ordinary vocabulary.
Remaliah,person,Isaiah 7:1,ot,,,,,,,Source text carries this as a personal name; retained as a proper noun rather than translated as ordinary vocabulary.
Shear-jashub,person,Isaiah 7:3,ot,,,,,,,Source text carries this as a personal name; retained as a proper noun rather than translated as ordinary vocabulary.
Uriah,person,Isaiah 8:2,ot,,,,,,,Source text carries this as a personal name; retained as a proper noun rather than translated as ordinary vocabulary.
Barachiah,person,Isaiah 8:2,ot,,,,,,,Source text carries this as a personal name; retained as a proper noun rather than translated as ordinary vocabulary.
Greeks,people_group,Isaiah 9:11,ot,,,,,,,Ethnic or group proper noun; retained as a people-name rather than translated as ordinary vocabulary.
Calneh,place,Isaiah 10:9,ot,Calno,Calneh,χαλαννη,our consummation; altogether himself,UKJV same-reference witness,0.73,Place-name meaning: Calno — our consummation; altogether himself. Standard English equivalent: Calno. Source form: Calneh. Greek form: χαλαννη. Equivalent source: UKJV same-reference witness.
Michmash,place,Isaiah 10:28,ot,Michmash,Michmash,μαχμας,meaning uncertain/not securely attested in the consulted name dictionaries,UKJV same-reference name-order alignment,aligned,Place-name meaning: Michmash — meaning uncertain/not securely attested in the consulted name dictionaries. Source form: Michmash. Greek form: μαχμας. Equivalent source: UKJV same-reference name-order alignment.
Ramah,place,Isaiah 10:29,ot,Jeremiah,Ramah,ραμα,Yahweh exalts; Yahweh throws,UKJV same-reference name-order alignment,aligned,Place-name meaning: Jeremiah — Yahweh exalts; Yahweh throws. Standard English equivalent: Jeremiah. Source form: Ramah. Greek form: ραμα. Equivalent source: UKJV same-reference name-order alignment.
Gallim,place,Isaiah 10:30,ot,Gallim,Gallim,γαλλιμ,who heap up; who cover,UKJV same-reference name-order alignment,aligned,Place-name meaning: Gallim — who heap up; who cover. Source form: Gallim. Greek form: γαλλιμ. Equivalent source: UKJV same-reference name-order alignment.
Laish,person,Isaiah 10:30,ot,,,,,,,Source text carries this as a personal name; retained as a proper noun rather than translated as ordinary vocabulary.
Gebim,place,Isaiah 10:31,ot,Gebim,Gebim,γιββιρ,grasshoppers; height,UKJV same-reference name-order alignment,aligned,Place-name meaning: Gebim — grasshoppers; height. Source form: Gebim. Greek form: γιββιρ. Equivalent source: UKJV same-reference name-order alignment.
Babylonia,place,Isaiah 11:11,ot,Babylon,Babylonia,βαβυλωνιας,same as Babel,UKJV same-reference name-order alignment,aligned,Place-name meaning: Babylon — same as Babel. Standard English equivalent: Babylon. Source form: Babylonia. Greek form: βαβυλωνιας. Equivalent source: UKJV same-reference name-order alignment.
Horonaim,place,Isaiah 15:5,ot,Horonaim,Horonaim,αρωνιιμ,angers; ragings,UKJV same-reference name-order alignment,aligned,Place-name meaning: Horonaim — angers; ragings. Source form: Horonaim. Greek form: αρωνιιμ. Equivalent source: UKJV same-reference name-order alignment.
Nemrim,place,Isaiah 15:6,ot,Nimrim,Nemrim,νεμριμ,meaning uncertain/not securely attested in the consulted name dictionaries,UKJV same-reference name-order alignment,aligned,Place-name meaning: Nimrim — meaning uncertain/not securely attested in the consulted name dictionaries. Standard English equivalent: Nimrim. Source form: Nemrim. Greek form: νεμριμ. Equivalent source: UKJV same-reference name-order alignment.
Memphis,place,Isaiah 19:13,ot,Memphi,Memphis,μεμφεως,meaning uncertain/not securely attested in the consulted name dictionaries,UKJV same-reference witness,1.00,Place-name meaning: Memphi — meaning uncertain/not securely attested in the consulted name dictionaries. Standard English equivalent: Memphi. Source form: Memphis. Greek form: μεμφεως. Equivalent source: UKJV same-reference witness.
Jews,people_group,Isaiah 19:17,ot,,,,,,,Ethnic or group proper noun; retained as a people-name rather than translated as ordinary vocabulary.
Tartan,person,Isaiah 20:1,ot,,,,,,,Source text carries this as a personal name; retained as a proper noun rather than translated as ordinary vocabulary.
Ashdod,place,Isaiah 20:1,ot,Ashdod,Ashdod,ασσυριων,effusion; inclination; theft,UKJV same-reference name-order alignment,aligned,Place-name meaning: Ashdod — effusion; inclination; theft. Source form: Ashdod. Greek form: ασσυριων. Equivalent source: UKJV same-reference name-order alignment.
Hilkiah,person,Isaiah 22:20,ot,,,,,,,Source text carries this as a personal name; retained as a proper noun rather than translated as ordinary vocabulary.
Sepharvaim,place,Isaiah 36:19,ot,Sepharvaim,Sepharvaim,σεπφαριμ,the two books; the two scribes,UKJV same-reference name-order alignment,aligned,Place-name meaning: Sepharvaim — the two books; the two scribes. Source form: Sepharvaim. Greek form: σεπφαριμ. Equivalent source: UKJV same-reference name-order alignment.
Anag,place,Isaiah 37:13,ot,Hena,Anag,αναγ,troubling,UKJV same-reference name-order alignment,aligned,Place-name meaning: Hena — troubling. Standard English equivalent: Hena. Source form: Anag. Greek form: αναγ. Equivalent source: UKJV same-reference name-order alignment.
Ougaua,place,Isaiah 37:13,ot,Ivvah,Ougaua,ουγαυα,meaning uncertain/not securely attested in the consulted name dictionaries,Logos Bible Knowledgebase alias,alias,Place-name meaning: Ivvah — meaning uncertain/not securely attested in the consulted name dictionaries. Standard English equivalent: Ivvah. Source form: Ougaua. Greek form: ουγαυα. Equivalent source: Logos Bible Knowledgebase alias.
Armenia,place,Isaiah 37:38,ot,Armenia,Armenia,αρμενιαν,meaning uncertain/not securely attested in the consulted name dictionaries,UKJV same-reference name-order alignment,aligned,Place-name meaning: Armenia — meaning uncertain/not securely attested in the consulted name dictionaries. Source form: Armenia. Greek form: αρμενιαν. Equivalent source: UKJV same-reference name-order alignment.
Marodach,supernatural_being,Isaiah 39:1,ot,,,,,,,Source text carries this as a divine or supernatural name/title; retained as a proper noun.
Syene,place,Isaiah 43:3,ot,Sin,Syene,σοηνην,bush,UKJV same-reference name-order alignment,aligned,Place-name meaning: Sin — bush. Standard English equivalent: Sin. Source form: Syene. Greek form: σοηνην. Equivalent source: UKJV same-reference name-order alignment.
Sabeans,people_group,Isaiah 45:14,ot,,,,,,,Ethnic or group proper noun; retained as a people-name rather than translated as ordinary vocabulary.
Bel,supernatural_being,Isaiah 46:1,ot,,,,,,,Source text carries this as a divine or supernatural name/title; retained as a proper noun.
Ephah,person,Isaiah 60:6,ot,,,,,,,Source text carries this as a personal name; retained as a proper noun rather than translated as ordinary vocabulary.
Nebaioth,person,Isaiah 60:7,ot,,,,,,,Source text carries this as a personal name; retained as a proper noun rather than translated as ordinary vocabulary.
Greece,place,Isaiah 66:19,ot,Greece,Greece,,meaning uncertain/not securely attested in the consulted name dictionaries,UKJV same-reference witness,1.00,Place-name meaning: Greece — meaning uncertain/not securely attested in the consulted name dictionaries. Source form: Greece. Equivalent source: UKJV same-reference witness.
Tahpanhes,place,Jeremiah 2:16,ot,Tahapane,Tahpanhes,ταφνας,meaning uncertain/not securely attested in the consulted name dictionaries,UKJV same-reference name-order alignment,aligned,Place-name meaning: Tahapane — meaning uncertain/not securely attested in the consulted name dictionaries. Standard English equivalent: Tahapane. Source form: Tahpanhes. Greek form: ταφνας. Equivalent source: UKJV same-reference name-order alignment.
Assyria,place,Jeremiah 2:36,ot,Assyria,Assyria,ασσουρ,country of Assur or Ashur,UKJV same-reference name-order alignment,aligned,Place-name meaning: Assyria — country of Assur or Ashur. Source form: Assyria. Greek form: ασσουρ. Equivalent source: UKJV same-reference name-order alignment.
Tekoa,place,Jeremiah 6:1,ot,Tekoa,Tekoa,θεκουε,trumpet; that is confirmed,UKJV same-reference name-order alignment,aligned,Place-name meaning: Tekoa — trumpet; that is confirmed. Source form: Tekoa. Greek form: θεκουε. Equivalent source: UKJV same-reference name-order alignment.
Beth-haccherem,place,Jeremiah 6:1,ot,Bethhaccerem,Beth-haccherem,βαιθαχαρμα,house of the vineyard,UKJV same-reference name-order alignment,aligned,Place-name meaning: Bethhaccerem — house of the vineyard. Standard English equivalent: Bethhaccerem. Source form: Beth-haccherem. Greek form: βαιθαχαρμα. Equivalent source: UKJV same-reference name-order alignment.
Uphaz,place,Jeremiah 10:9,ot,Uphaz,Uphaz,μωφαζ,pure gold; gold of Phasis or Pison,UKJV same-reference witness,1.00,Place-name meaning: Uphaz — pure gold; gold of Phasis or Pison. Source form: Uphaz. Greek form: μωφαζ. Equivalent source: UKJV same-reference witness.
Pashhur,person,Jeremiah 20:1,ot,,,,,,,Source text carries this as a personal name; retained as a proper noun rather than translated as ordinary vocabulary.
Maaseiah,person,Jeremiah 21:1,ot,,,,,,,Source text carries this as a personal name; retained as a proper noun rather than translated as ordinary vocabulary.
Shallum,person,Jeremiah 22:11,ot,,,,,,,Source text carries this as a personal name; retained as a proper noun rather than translated as ordinary vocabulary.
Jeconiah,person,Jeremiah 22:24,ot,,,,,,,Source text carries this as a personal name; retained as a proper noun rather than translated as ordinary vocabulary.
Amos,person,Jeremiah 25:3,ot,,,,,,,Source text carries this as a personal name; retained as a proper noun rather than translated as ordinary vocabulary.
Neco,person,Jeremiah 26:2,ot,,,,,,,Source text carries this as a personal name; retained as a proper noun rather than translated as ordinary vocabulary.
Carchemish,place,Jeremiah 26:2,ot,Carchemish,Carchemish,χαρχαμις,meaning uncertain/not securely attested in the consulted name dictionaries,Logos Bible Knowledgebase alias,alias,Place-name meaning: Carchemish — meaning uncertain/not securely attested in the consulted name dictionaries. Source form: Carchemish. Greek form: χαρχαμις. Equivalent source: Logos Bible Knowledgebase alias.
Migdol,place,Jeremiah 26:14,ot,Migdol,Migdol,μαγδωλον,a tower,Logos Bible Knowledgebase alias,alias,Place-name meaning: Migdol — a tower. Source form: Migdol. Greek form: μαγδωλον. Equivalent source: Logos Bible Knowledgebase alias.
Greek,people_group,Jeremiah 26:16,ot,,,,,,,Ethnic or group proper noun; retained as a people-name rather than translated as ordinary vocabulary.
Merodach,supernatural_being,Jeremiah 27:2,ot,,,,,,,Source text carries this as a divine or supernatural name/title; retained as a proper noun.
Chaldea,place,Jeremiah 27:10,ot,Chaldea,Chaldea,χαλδαια,"as demons, or as robbers",UKJV same-reference witness,1.00,"Place-name meaning: Chaldea — as demons, or as robbers. Source form: Chaldea. Greek form: χαλδαια. Equivalent source: UKJV same-reference witness."
Ashkenaz,place,Jeremiah 28:27,ot,Ashkenaz,Ashkenaz,ασχαναζαιοις,a fire that spreads,Logos Bible Knowledgebase alias,alias,Place-name meaning: Ashkenaz — a fire that spreads. Source form: Ashkenaz. Greek form: ασχαναζαιοις. Equivalent source: Logos Bible Knowledgebase alias.
Seraiah,person,Jeremiah 28:59,ot,,,,,,,Source text carries this as a personal name; retained as a proper noun rather than translated as ordinary vocabulary.
Neriah,person,Jeremiah 28:59,ot,,,,,,,Source text carries this as a personal name; retained as a proper noun rather than translated as ordinary vocabulary.
Ashkelon,place,Jeremiah 29:5,ot,Ashkelon,Ashkelon,ασκαλων,meaning uncertain/not securely attested in the consulted name dictionaries,Logos Bible Knowledgebase alias,alias,Place-name meaning: Ashkelon — meaning uncertain/not securely attested in the consulted name dictionaries. Source form: Ashkelon. Greek form: ασκαλων. Equivalent source: Logos Bible Knowledgebase alias.
Deblathaim,place,Jeremiah 31:22,ot,Almon-diblathaim,Deblathaim,δεβλαθαιμ,hidden in a cluster of fig trees,Logos Bible Knowledgebase alias,alias,Place-name meaning: Almon-diblathaim — hidden in a cluster of fig trees. Standard English equivalent: Almon-diblathaim. Source form: Deblathaim. Greek form: δεβλαθαιμ. Equivalent source: Logos Bible Knowledgebase alias.
Gamol,place,Jeremiah 31:23,ot,Beth-gamul,Gamol,γαμωλ,"house of recompense, or of the camel",Logos Bible Knowledgebase alias,alias,"Place-name meaning: Beth-gamul — house of recompense, or of the camel. Standard English equivalent: Beth-gamul. Source form: Gamol. Greek form: γαμωλ. Equivalent source: Logos Bible Knowledgebase alias."
Karioth,place,Jeremiah 31:24,ot,Kerioth,Karioth,καριωθ,the cities; the callings,Logos Bible Knowledgebase alias,alias,Place-name meaning: Kerioth — the cities; the callings. Standard English equivalent: Kerioth. Source form: Karioth. Greek form: καριωθ. Equivalent source: Logos Bible Knowledgebase alias.
Moabitis,place,Jeremiah 31:33,ot,Kir-hareseth,Moabitis,μωαβιτιδος,meaning uncertain/not securely attested in the consulted name dictionaries,Logos Bible Knowledgebase alias,alias,Place-name meaning: Kir-hareseth — meaning uncertain/not securely attested in the consulted name dictionaries. Standard English equivalent: Kir-hareseth. Source form: Moabitis. Greek form: μωαβιτιδος. Equivalent source: Logos Bible Knowledgebase alias.
Nebrim,place,Jeremiah 31:34,ot,Nimrim,Nebrim,νεβριμ,meaning uncertain/not securely attested in the consulted name dictionaries,Logos Bible Knowledgebase alias,alias,Place-name meaning: Nimrim — meaning uncertain/not securely attested in the consulted name dictionaries. Standard English equivalent: Nimrim. Source form: Nebrim. Greek form: νεβριμ. Equivalent source: Logos Bible Knowledgebase alias.
Shemaiah,person,Jeremiah 33:20,ot,,,,,,,Source text carries this as a personal name; retained as a proper noun rather than translated as ordinary vocabulary.
Ahikam,person,Jeremiah 33:24,ot,,,,,,,Source text carries this as a personal name; retained as a proper noun rather than translated as ordinary vocabulary.
Shaphan,person,Jeremiah 33:24,ot,,,,,,,Source text carries this as a personal name; retained as a proper noun rather than translated as ordinary vocabulary.
Hananiah,person,Jeremiah 35:1,ot,,,,,,,Source text carries this as a personal name; retained as a proper noun rather than translated as ordinary vocabulary.
Azekah,place,Jeremiah 41:7,ot,Azekah,Azekah,αζηκα,strength of walls,Logos Bible Knowledgebase alias,alias,Place-name meaning: Azekah — strength of walls. Source form: Azekah. Greek form: αζηκα. Equivalent source: Logos Bible Knowledgebase alias.
Chabasin,person,Jeremiah 42:3,ot,,,,,,,Source text carries this as a personal name; retained as a proper noun rather than translated as ordinary vocabulary.
Micaiah,person,Jeremiah 43:11,ot,,,,,,,Source text carries this as a personal name; retained as a proper noun rather than translated as ordinary vocabulary.
Delaiah,person,Jeremiah 43:12,ot,,,,,,,Source text carries this as a personal name; retained as a proper noun rather than translated as ordinary vocabulary.
Shelemiah,person,Jeremiah 43:12,ot,,,,,,,Source text carries this as a personal name; retained as a proper noun rather than translated as ordinary vocabulary.
Jehudi,person,Jeremiah 43:14,ot,,,,,,,Source text carries this as a personal name; retained as a proper noun rather than translated as ordinary vocabulary.
Nethaniah,person,Jeremiah 43:14,ot,,,,,,,Source text carries this as a personal name; retained as a proper noun rather than translated as ordinary vocabulary.
Chusi,place,Jeremiah 43:14,ot,Chusi,Chusi,χουσι,meaning uncertain/not securely attested in the consulted name dictionaries,Logos Bible Knowledgebase alias,alias,Place-name meaning: Chusi — meaning uncertain/not securely attested in the consulted name dictionaries. Source form: Chusi. Greek form: χουσι. Equivalent source: Logos Bible Knowledgebase alias.
Shephatiah,person,Jeremiah 45:1,ot,,,,,,,Source text carries this as a personal name; retained as a proper noun rather than translated as ordinary vocabulary.
Mattan,person,Jeremiah 45:1,ot,,,,,,,Source text carries this as a personal name; retained as a proper noun rather than translated as ordinary vocabulary.
Gedoliah,transliterated_form,Jeremiah 45:1,ot,Gedaliah,Gedoliah,γοδολιας,God is my greatness,manual/standard English equivalent,manual,Standard English equivalent: Gedaliah. Source form: Gedoliah. Greek form: γοδολιας. Name meaning: God is my greatness. Equivalent source: manual/standard English equivalent.
Malchiah,person,Jeremiah 45:6,ot,,,,,,,Source text carries this as a personal name; retained as a proper noun rather than translated as ordinary vocabulary.
Ebed-melech,person,Jeremiah 45:7,ot,,,,,,,Source text carries this as a personal name; retained as a proper noun rather than translated as ordinary vocabulary.
Nebuzaradan,person,Jeremiah 47:1,ot,,,,,,,Source text carries this as a personal name; retained as a proper noun rather than translated as ordinary vocabulary.
Kareah,person,Jeremiah 47:8,ot,,,,,,,Source text carries this as a personal name; retained as a proper noun rather than translated as ordinary vocabulary.
Tanhumeth,person,Jeremiah 47:8,ot,,,,,,,Source text carries this as a personal name; retained as a proper noun rather than translated as ordinary vocabulary.
Baalis,person,Jeremiah 47:14,ot,,,,,,,Source text carries this as a personal name; retained as a proper noun rather than translated as ordinary vocabulary.
Baasha,person,Jeremiah 48:9,ot,,,,,,,Source text carries this as a personal name; retained as a proper noun rather than translated as ordinary vocabulary.
Azariah,supernatural_being,Jeremiah 49:1,ot,,,,,,,Source text carries this as a divine or supernatural name/title; retained as a proper noun.
Hophra,person,Jeremiah 51:30,ot,,,,,,,Source text carries this as a personal name; retained as a proper noun rather than translated as ordinary vocabulary.
Nazirites,people_group,Lamentations 4:7,ot,,,,,,,Ethnic or group proper noun; retained as a people-name rather than translated as ordinary vocabulary.
Joakim,person,Ezekiel 1:2,ot,,,,,,,Source text carries this as a personal name; retained as a proper noun rather than translated as ordinary vocabulary.
Buzi,person,Ezekiel 1:3,ot,,,,,,,Source text carries this as a personal name; retained as a proper noun rather than translated as ordinary vocabulary.
Jaazaniah,person,Ezekiel 8:11,ot,,,,,,,Source text carries this as a personal name; retained as a proper noun rather than translated as ordinary vocabulary.
Tammuz,supernatural_being,Ezekiel 8:14,ot,,,,,,,Source text carries this as a divine or supernatural name/title; retained as a proper noun.
Azzur,person,Ezekiel 11:1,ot,,,,,,,Source text carries this as a personal name; retained as a proper noun rather than translated as ordinary vocabulary.
Pelatiah,person,Ezekiel 11:1,ot,,,,,,,Source text carries this as a personal name; retained as a proper noun rather than translated as ordinary vocabulary.
Benaiah,person,Ezekiel 11:1,ot,,,,,,,Source text carries this as a personal name; retained as a proper noun rather than translated as ordinary vocabulary.
Assur,place,Ezekiel 16:28,ot,Assyrian,Assur,ασσουρ,meaning uncertain/not securely attested in the consulted name dictionaries,UKJV same-reference name-order alignment,aligned,Place-name meaning: Assyrian — meaning uncertain/not securely attested in the consulted name dictionaries. Standard English equivalent: Assyrian. Source form: Assur. Greek form: ασσουρ. Equivalent source: UKJV same-reference name-order alignment.
Shoa,place,Ezekiel 23:23,ot,Shoa,Shoa,σουε,kings; tyrants,UKJV same-reference name-order alignment,aligned,Place-name meaning: Shoa — kings; tyrants. Source form: Shoa. Greek form: σουε. Equivalent source: UKJV same-reference name-order alignment.
Koa,people_group,Ezekiel 23:23,ot,,,,,,,Ethnic or group proper noun; retained as a people-name rather than translated as ordinary vocabulary.
Cretans,people_group,Ezekiel 25:16,ot,,,,,,,Ethnic or group proper noun; retained as a people-name rather than translated as ordinary vocabulary.
Elishah,person,Ezekiel 27:7,ot,,,,,,,Source text carries this as a personal name; retained as a proper noun rather than translated as ordinary vocabulary.
Minnith,place,Ezekiel 27:17,ot,Minnith,Minnith,,same as Minni,UKJV same-reference witness,1.00,Place-name meaning: Minnith — same as Minni. Source form: Minnith. Equivalent source: UKJV same-reference witness.
Miletus,place,Ezekiel 27:18,ot,Sahar,Miletus,μιλητου,meaning uncertain/not securely attested in the consulted name dictionaries,Logos Bible Knowledgebase alias,alias,Place-name meaning: Sahar — meaning uncertain/not securely attested in the consulted name dictionaries. Standard English equivalent: Sahar. Source form: Miletus. Greek form: μιλητου. Equivalent source: Logos Bible Knowledgebase alias.
Uzal,person,Ezekiel 27:19,ot,,,,,,,Source text carries this as a personal name; retained as a proper noun rather than translated as ordinary vocabulary.
Canneh,place,Ezekiel 27:23,ot,Canneh,Canneh,χαννα,meaning uncertain/not securely attested in the consulted name dictionaries,UKJV same-reference witness,1.00,Place-name meaning: Canneh — meaning uncertain/not securely attested in the consulted name dictionaries. Source form: Canneh. Greek form: χαννα. Equivalent source: UKJV same-reference witness.
Pathros,place,Ezekiel 29:14,ot,Pathro,Pathros,παθουρης,meaning uncertain/not securely attested in the consulted name dictionaries,UKJV same-reference name-order alignment,aligned,Place-name meaning: Pathro — meaning uncertain/not securely attested in the consulted name dictionaries. Standard English equivalent: Pathro. Source form: Pathros. Greek form: παθουρης. Equivalent source: UKJV same-reference name-order alignment.
Sais,place,Ezekiel 30:15,ot,Sin,Sais,σαιν,bush,UKJV same-reference witness,0.57,Place-name meaning: Sin — bush. Standard English equivalent: Sin. Source form: Sais. Greek form: σαιν. Equivalent source: UKJV same-reference witness.
Gomer,person,Ezekiel 38:6,ot,,,,,,,Source text carries this as a personal name; retained as a proper noun rather than translated as ordinary vocabulary.
Chebar,place,Ezekiel 43:3,ot,Chebar,Chebar,χοβαρ,force or strength,UKJV same-reference name-order alignment,aligned,Place-name meaning: Chebar — force or strength. Source form: Chebar. Greek form: χοβαρ. Equivalent source: UKJV same-reference name-order alignment.
Saunan,place,Ezekiel 47:16,ot,Hauran,Saunan,σαυναν,a hole; liberty; whiteness,UKJV same-reference witness,0.67,Place-name meaning: Hauran — a hole; liberty; whiteness. Standard English equivalent: Hauran. Source form: Saunan. Greek form: σαυναν. Equivalent source: UKJV same-reference witness.
Abiesdri,people_group,Daniel 1:3,ot,,,,,,,Ethnic or group proper noun; retained as a people-name rather than translated as ordinary vocabulary.
Mishael,person,Daniel 1:6,ot,,,,,,,Source text carries this as a personal name; retained as a proper noun rather than translated as ordinary vocabulary.
Belteshazzar,person,Daniel 1:7,ot,,,,,,,Source text carries this as a personal name; retained as a proper noun rather than translated as ordinary vocabulary.
Shadrach,person,Daniel 1:7,ot,,,,,,,Source text carries this as a personal name; retained as a proper noun rather than translated as ordinary vocabulary.
Meshach,person,Daniel 1:7,ot,,,,,,,Source text carries this as a personal name; retained as a proper noun rather than translated as ordinary vocabulary.
Abednego,person,Daniel 1:7,ot,,,,,,,Source text carries this as a personal name; retained as a proper noun rather than translated as ordinary vocabulary.
Belshazzar,person,Daniel 5:0,ot,,,,,,,Source text carries this as a personal name; retained as a proper noun rather than translated as ordinary vocabulary.
Ulai,place,Daniel 8:16,ot,Ulai,Ulai,ουλαι,strength; fool; senseless,UKJV same-reference name-order alignment,aligned,Place-name meaning: Ulai — strength; fool; senseless. Source form: Ulai. Greek form: ουλαι. Equivalent source: UKJV same-reference name-order alignment.
Gabriel,supernatural_being,Daniel 8:16,ot,,,,,,,Source text carries this as a divine or supernatural name/title; retained as a proper noun.
Xerxes,person,Daniel 9:1,ot,,,,,,,Source text carries this as a personal name; retained as a proper noun rather than translated as ordinary vocabulary.
Romans,people_group,Daniel 11:30,ot,,,,,,,Ethnic or group proper noun; retained as a people-name rather than translated as ordinary vocabulary.
Beeri,person,Hosea 1:1,ot,,,,,,,Source text carries this as a personal name; retained as a proper noun rather than translated as ordinary vocabulary.
Jehu,person,Hosea 1:4,ot,,,,,,,Source text carries this as a personal name; retained as a proper noun rather than translated as ordinary vocabulary.
Gilgal,place,Hosea 4:15,ot,Gilgal,Gilgal,γαλγαλα,wheel; rolling; heap,UKJV same-reference name-order alignment,aligned,Place-name meaning: Gilgal — wheel; rolling; heap. Source form: Gilgal. Greek form: γαλγαλα. Equivalent source: UKJV same-reference name-order alignment.
Salaman,person,Hosea 10:14,ot,,,,,,,Source text carries this as a personal name; retained as a proper noun rather than translated as ordinary vocabulary.
Gileadites,people_group,Amos 1:3,ot,,,,,,,Ethnic or group proper noun; retained as a people-name rather than translated as ordinary vocabulary.
Obadiah,person,Obadiah 1:1,ot,,,,,,,Source text carries this as a personal name; retained as a proper noun rather than translated as ordinary vocabulary.
Shephelah,place,Obadiah 1:19,ot,Shemariah,Shephelah,σεφηλα,God is my guard,UKJV same-reference witness,0.56,Place-name meaning: Shemariah — God is my guard. Standard English equivalent: Shemariah. Source form: Shephelah. Greek form: σεφηλα. Equivalent source: UKJV same-reference witness.
Cushi,person,Zephaniah 1:1,ot,,,,,,,Source text carries this as a personal name; retained as a proper noun rather than translated as ordinary vocabulary.
Crete,place,Zephaniah 2:6,ot,Crete,Crete,κρητη,carnal; fleshly,Logos Bible Knowledgebase alias,alias,Place-name meaning: Crete — carnal; fleshly. Source form: Crete. Greek form: κρητη. Equivalent source: Logos Bible Knowledgebase alias.
Zerubbabel,person,Haggai 1:1,ot,,,,,,,Source text carries this as a personal name; retained as a proper noun rather than translated as ordinary vocabulary.
Sophonias,person,Zechariah 6:10,ot,,,,,,,Source text carries this as a personal name; retained as a proper noun rather than translated as ordinary vocabulary.
Sedrach,place,Zechariah 9:1,ot,Hadrach,Sedrach,σεδραχ,point; joy of tenderness,UKJV same-reference name-order alignment,aligned,Place-name meaning: Hadrach — point; joy of tenderness. Standard English equivalent: Hadrach. Source form: Sedrach. Greek form: σεδραχ. Equivalent source: UKJV same-reference name-order alignment.
Iasol,place,Zechariah 14:5,ot,Azal,Iasol,ιασολ,meaning uncertain/not securely attested in the consulted name dictionaries,Logos Bible Knowledgebase alias,alias,Place-name meaning: Azal — meaning uncertain/not securely attested in the consulted name dictionaries. Standard English equivalent: Azal. Source form: Iasol. Greek form: ιασολ. Equivalent source: Logos Bible Knowledgebase alias.
Tishbite,person,Malachi 3:22,ot,,,,,,,Source text carries this as a personal name; retained as a proper noun rather than translated as ordinary vocabulary.
Christ,person,Matthew 1:1,nt,,,,,,,Source text carries this as a personal name; retained as a proper noun rather than translated as ordinary vocabulary.
Judas,transliterated_form,Matthew 1:2,nt,Judas,Judas,ιουδαν,"Jude, same as Judah",manual/standard English equivalent,manual,"UKJV form: Judas. Judas is the standard English form for the NT personal name; Matthew 1:2-3 uses the same Greek name-family in Judah's genealogy. Source form: Judas. Greek form: ιουδαν. Name meaning: Jude, same as Judah. Equivalent source: UKJV form plus manual context review."
Phares,transliterated_form,Matthew 1:3,nt,Perez,Phares,φαρες,divided,manual/standard English equivalent,manual,Standard English equivalent: Perez. Source form: Phares. Greek form: φαρες. Name meaning: divided. Equivalent source: manual/standard English equivalent.
Zara,transliterated_form,Matthew 1:3,nt,Zerah,Zara,ζαρα,same as Zarah,manual/standard English equivalent,manual,Standard English equivalent: Zerah. Source form: Zara. Greek form: ζαρα. Name meaning: same as Zarah. Equivalent source: manual/standard English equivalent.
Thamar,transliterated_form,Matthew 1:3,nt,Tamar,Thamar,θαμαρ,palm; palm-tree,manual/standard English equivalent,manual,Standard English equivalent: Tamar. Source form: Thamar. Greek form: θαμαρ. Name meaning: palm; palm-tree. Equivalent source: manual/standard English equivalent.
Esrom,transliterated_form,Matthew 1:3,nt,Hezron,Esrom,εσρωμ,the dart of joy; the division of the song,manual/standard English equivalent,manual,Standard English equivalent: Hezron. Source form: Esrom. Greek form: εσρωμ. Name meaning: the dart of joy; the division of the song. Equivalent source: manual/standard English equivalent.
Aram,place,Matthew 1:3,nt,Aram,Aram,αραμ,"highness, magnificence, one that deceives; curse",UKJV same-reference name-order alignment,aligned,"Place-name meaning: Aram — highness, magnificence, one that deceives; curse. Source form: Aram. Greek form: αραμ. Equivalent source: UKJV same-reference name-order alignment."
Aminadab,transliterated_form,Matthew 1:4,nt,Amminadab,Aminadab,αμιναδαβ,my people is liberal,manual/standard English equivalent,manual,Standard English equivalent: Amminadab. Source form: Aminadab. Greek form: αμιναδαβ. Name meaning: my people is liberal. Equivalent source: manual/standard English equivalent.
Naasson,transliterated_form,Matthew 1:4,nt,Nahshon,Naasson,ναασσων,same as Naashon,manual/standard English equivalent,manual,Standard English equivalent: Nahshon. Source form: Naasson. Greek form: ναασσων. Name meaning: same as Naashon. Equivalent source: manual/standard English equivalent.
Salmon,person,Matthew 1:4,nt,,,,,,,Source text carries this as a personal name; retained as a proper noun rather than translated as ordinary vocabulary.
Booz,transliterated_form,Matthew 1:5,nt,Boaz,Booz,βοοζ,In strength; swiftness,manual/standard English equivalent,manual,Standard English equivalent: Boaz. Source form: Booz. Greek form: βοοζ. Name meaning: In strength; swiftness. Equivalent source: manual/standard English equivalent.
Obed,person,Matthew 1:5,nt,,,,,,,Source text carries this as a personal name; retained as a proper noun rather than translated as ordinary vocabulary.
Jesse,person,Matthew 1:5,nt,,,,,,,Source text carries this as a personal name; retained as a proper noun rather than translated as ordinary vocabulary.
Abia,transliterated_form,Matthew 1:7,nt,Abijah,Abia,αβια,the Lord is my father,manual/standard English equivalent,manual,Standard English equivalent: Abijah. Source form: Abia. Greek form: αβια. Name meaning: the Lord is my father. Equivalent source: manual/standard English equivalent.
Josaphat,transliterated_form,Matthew 1:8,nt,Jehoshaphat,Josaphat,ιωσαφατ,the Lord is judge,manual/standard English equivalent,manual,Standard English equivalent: Jehoshaphat. Source form: Josaphat. Greek form: ιωσαφατ. Name meaning: the Lord is judge. Equivalent source: manual/standard English equivalent.
Joram,person,Matthew 1:8,nt,,,,,,,Source text carries this as a personal name; retained as a proper noun rather than translated as ordinary vocabulary.
Ozias,transliterated_form,Matthew 1:8,nt,Uzziah,Ozias,οζιαν,"Uzziel, the strength, or kid, of the Lord",manual/standard English equivalent,manual,"Standard English equivalent: Uzziah. Source form: Ozias. Greek form: οζιαν. Name meaning: Uzziel, the strength, or kid, of the Lord. Equivalent source: manual/standard English equivalent."
Joatham,transliterated_form,Matthew 1:9,nt,Jotham,Joatham,ιωαθαμ,the perfection of the Lord,manual/standard English equivalent,manual,Standard English equivalent: Jotham. Source form: Joatham. Greek form: ιωαθαμ. Name meaning: the perfection of the Lord. Equivalent source: manual/standard English equivalent.
Achaz,transliterated_form,Matthew 1:9,nt,Ahaz,Achaz,αχαζ,one that takes or possesses,manual/standard English equivalent,manual,Standard English equivalent: Ahaz. Source form: Achaz. Greek form: αχαζ. Name meaning: one that takes or possesses. Equivalent source: manual/standard English equivalent.
Ezekias,transliterated_form,Matthew 1:9,nt,Hezekiah,Ezekias,εζεκιαν,Yahweh strengthens,manual/standard English equivalent,manual,Standard English equivalent: Hezekiah. Source form: Ezekias. Greek form: εζεκιαν. Name meaning: Yahweh strengthens. Equivalent source: manual/standard English equivalent.
Manasses,transliterated_form,Matthew 1:10,nt,Manasseh,Manasses,μανασσης,Causing to forget,manual/standard English equivalent,manual,Standard English equivalent: Manasseh. Source form: Manasses. Greek form: μανασσης. Name meaning: Causing to forget. Equivalent source: manual/standard English equivalent.
Amon,supernatural_being,Matthew 1:10,nt,,,,,,,Source text carries this as a divine or supernatural name/title; retained as a proper noun.
Josias,transliterated_form,Matthew 1:10,nt,Josiah,Josias,ιωσιαν,Yahweh supports; Yahweh heals,manual/standard English equivalent,manual,Standard English equivalent: Josiah. Source form: Josias. Greek form: ιωσιαν. Name meaning: Yahweh supports; Yahweh heals. Equivalent source: manual/standard English equivalent.
Jechonias,transliterated_form,Matthew 1:11,nt,Jeconiah,Jechonias,ιεχονιαν,"preparation, or stability, of the Lord",manual/standard English equivalent,manual,"Standard English equivalent: Jeconiah. Source form: Jechonias. Greek form: ιεχονιαν. Name meaning: preparation, or stability, of the Lord. Equivalent source: manual/standard English equivalent."
Babylon,place,Matthew 1:11,nt,Babylon,Babylon,βαβυλωνος,same as Babel,UKJV same-reference name-order alignment,aligned,Place-name meaning: Babylon — same as Babel. Source form: Babylon. Greek form: βαβυλωνος. Equivalent source: UKJV same-reference name-order alignment.
Salathiel,transliterated_form,Matthew 1:12,nt,Shealtiel,Salathiel,σαλαθιηλ,same as Salathiel,manual/standard English equivalent,manual,Standard English equivalent: Shealtiel. Source form: Salathiel. Greek form: σαλαθιηλ. Name meaning: same as Salathiel. Equivalent source: manual/standard English equivalent.
Zorobabel,transliterated_form,Matthew 1:12,nt,Zerubbabel,Zorobabel,ζοροβαβελ,a stranger at Babylon; dispersion of confusion,manual/standard English equivalent,manual,Standard English equivalent: Zerubbabel. Source form: Zorobabel. Greek form: ζοροβαβελ. Name meaning: a stranger at Babylon; dispersion of confusion. Equivalent source: manual/standard English equivalent.
Abiud,transliterated_form,Matthew 1:13,nt,Abiud,Abiud,αβιουδ,father of praise,manual/standard English equivalent,manual,Standard English equivalent: Abiud. Source form: Abiud. Greek form: αβιουδ. Name meaning: father of praise. Equivalent source: manual/standard English equivalent.
Eliakim,person,Matthew 1:13,nt,,,,,,,Source text carries this as a personal name; retained as a proper noun rather than translated as ordinary vocabulary.
Azor,person,Matthew 1:13,nt,,,,,,,Source text carries this as a personal name; retained as a proper noun rather than translated as ordinary vocabulary.
Achim,person,Matthew 1:14,nt,,,,,,,Source text carries this as a personal name; retained as a proper noun rather than translated as ordinary vocabulary.
Eliud,transliterated_form,Matthew 1:14,nt,Eliud,Eliud,ελιουδ,God is my praise,manual/standard English equivalent,manual,Standard English equivalent: Eliud. Source form: Eliud. Greek form: ελιουδ. Name meaning: God is my praise. Equivalent source: manual/standard English equivalent.
Eleazar,person,Matthew 1:15,nt,,,,,,,Source text carries this as a personal name; retained as a proper noun rather than translated as ordinary vocabulary.
Matthan,person,Matthew 1:15,nt,,,,,,,Source text carries this as a personal name; retained as a proper noun rather than translated as ordinary vocabulary.
Bethlehem,place,Matthew 2:1,nt,Bethlehem,Bethlehem,βηθλεεμ,house of bread,manual/standard English equivalent,manual,Place-name meaning: Bethlehem — house of bread. Source form: Bethlehem. Greek form: βηθλεεμ. Equivalent source: manual/standard English equivalent.
Judaea,transliterated_form,Matthew 2:1,nt,Judea,Judaea,ιουδαιας,land of Judah,manual/standard English equivalent,manual,Standard English equivalent: Judea. Source form: Judaea. Greek form: ιουδαιας. Name meaning: land of Judah. Equivalent source: manual/standard English equivalent.
Jerusalem,place,Matthew 2:1,nt,Jerusalem,Jerusalem,ιεροσολυμα,vision of peace,UKJV same-reference name-order alignment,aligned,Place-name meaning: Jerusalem — vision of peace. Source form: Jerusalem. Greek form: ιεροσολυμα. Equivalent source: UKJV same-reference name-order alignment.
Jews,people_group,Matthew 2:2,nt,,,,,,,Ethnic or group proper noun; retained as a people-name rather than translated as ordinary vocabulary.
Juda,transliterated_form,Matthew 2:6,nt,Judah,Juda,ιουδα,Praise,manual/standard English equivalent,manual,"UKJV form: Juda. Standard English equivalent: Judah in land, tribe, and genealogy contexts; Mark 6:3 uses the same Greek form for Jesus' brother, normally rendered Judas or Jude. Source form: Juda. Greek form: ιουδα. Name meaning: Praise. Equivalent source: UKJV form plus manual context review."
Jeremy,transliterated_form,Matthew 2:17,nt,Jeremiah,Jeremy,ιερεμιου,Yahweh exalts; Yahweh throws,manual/standard English equivalent,manual,Standard English equivalent: Jeremiah. Source form: Jeremy. Greek form: ιερεμιου. Name meaning: Yahweh exalts; Yahweh throws. Equivalent source: manual/standard English equivalent.
Rama,transliterated_form,Matthew 2:18,nt,Ramah,Rama,ραμα,same as Ram,manual/standard English equivalent,manual,Standard English equivalent: Ramah. Source form: Rama. Greek form: ραμα. Name meaning: same as Ram. Equivalent source: manual/standard English equivalent.
Archelaus,person,Matthew 2:22,nt,,,,,,,Source text carries this as a personal name; retained as a proper noun rather than translated as ordinary vocabulary.
Galilee,place,Matthew 2:22,nt,Galilee,Galilee,γαλιλαιας,wheel; revolution,UKJV same-reference name-order alignment,aligned,Place-name meaning: Galilee — wheel; revolution. Source form: Galilee. Greek form: γαλιλαιας. Equivalent source: UKJV same-reference name-order alignment.
Nazareth,place,Matthew 2:23,nt,Nazareth,Nazareth,ναζαρεθ,separated; crowned; sanctified,UKJV same-reference name-order alignment,aligned,Place-name meaning: Nazareth — separated; crowned; sanctified. Source form: Nazareth. Greek form: ναζαρεθ. Equivalent source: UKJV same-reference name-order alignment.
Jordan,place,Matthew 3:5,nt,Jordan,Jordan,ιορδανου,the river of judgment,UKJV same-reference name-order alignment,aligned,Place-name meaning: Jordan — the river of judgment. Source form: Jordan. Greek form: ιορδανου. Equivalent source: UKJV same-reference name-order alignment.
Pharisees,people_group,Matthew 3:7,nt,,,,,,,Ethnic or group proper noun; retained as a people-name rather than translated as ordinary vocabulary.
Sadducees,people_group,Matthew 3:7,nt,,,,,,,Ethnic or group proper noun; retained as a people-name rather than translated as ordinary vocabulary.
Satan,supernatural_being,Matthew 4:10,nt,,,,,,,Source text carries this as a divine or supernatural name/title; retained as a proper noun.
Capernaum,place,Matthew 4:13,nt,Capernaum,Capernaum,καπερναουμ,the field of repentance; city of comfort,UKJV same-reference name-order alignment,aligned,Place-name meaning: Capernaum — the field of repentance; city of comfort. Source form: Capernaum. Greek form: καπερναουμ. Equivalent source: UKJV same-reference name-order alignment.
Gentiles,people_group,Matthew 4:15,nt,,,,,,,Ethnic or group proper noun; retained as a people-name rather than translated as ordinary vocabulary.
Simon,person,Matthew 4:18,nt,,,,,,,Source text carries this as a personal name; retained as a proper noun rather than translated as ordinary vocabulary.
Zebedee,person,Matthew 4:21,nt,,,,,,,Source text carries this as a personal name; retained as a proper noun rather than translated as ordinary vocabulary.
Syria,place,Matthew 4:24,nt,Syria,Syria,συριαν,meaning uncertain/not securely attested in the consulted name dictionaries,UKJV same-reference name-order alignment,aligned,Place-name meaning: Syria — meaning uncertain/not securely attested in the consulted name dictionaries. Source form: Syria. Greek form: συριαν. Equivalent source: UKJV same-reference name-order alignment.
Decapolis,place,Matthew 4:25,nt,Decapoli,Decapolis,δεκαπολεως,meaning uncertain/not securely attested in the consulted name dictionaries,UKJV same-reference name-order alignment,aligned,Place-name meaning: Decapoli — meaning uncertain/not securely attested in the consulted name dictionaries. Standard English equivalent: Decapoli. Source form: Decapolis. Greek form: δεκαπολεως. Equivalent source: UKJV same-reference name-order alignment.
Alphaeus,person,Matthew 10:3,nt,,,,,,,Source text carries this as a personal name; retained as a proper noun rather than translated as ordinary vocabulary.
Thaddaeus,person,Matthew 10:3,nt,,,,,,,Source text carries this as a personal name; retained as a proper noun rather than translated as ordinary vocabulary.
Canaanite,people_group,Matthew 10:4,nt,,,,,,,Ethnic or group proper noun; retained as a people-name rather than translated as ordinary vocabulary.
Samaritans,people_group,Matthew 10:5,nt,,,,,,,Ethnic or group proper noun; retained as a people-name rather than translated as ordinary vocabulary.
Sodom,place,Matthew 10:15,nt,Sodom,Sodom,σοδομων,their secret; their cement,UKJV same-reference name-order alignment,aligned,Place-name meaning: Sodom — their secret; their cement. Source form: Sodom. Greek form: σοδομων. Equivalent source: UKJV same-reference name-order alignment.
Gomorrha,transliterated_form,Matthew 10:15,nt,Gomorrah,Gomorrha,γομορρων,rebellious people,manual/standard English equivalent,manual,Standard English equivalent: Gomorrah. Source form: Gomorrha. Greek form: γομορρων. Name meaning: rebellious people. Equivalent source: manual/standard English equivalent.
Chorazin,place,Matthew 11:21,nt,Chorazin,Chorazin,χοραζιν,the secret; here is a mystery,UKJV same-reference name-order alignment,aligned,Place-name meaning: Chorazin — the secret; here is a mystery. Source form: Chorazin. Greek form: χοραζιν. Equivalent source: UKJV same-reference name-order alignment.
Bethsaida,place,Matthew 11:21,nt,Bethsaida,Bethsaida,βηθσαιδα,"house of fruits, or of food, or of snares",UKJV same-reference name-order alignment,aligned,"Place-name meaning: Bethsaida — house of fruits, or of food, or of snares. Source form: Bethsaida. Greek form: βηθσαιδα. Equivalent source: UKJV same-reference name-order alignment."
Tyre,place,Matthew 11:21,nt,Tyre,Tyre,τυρω,"Tyrus, strength; rock; sharp",UKJV same-reference name-order alignment,aligned,"Place-name meaning: Tyre — Tyrus, strength; rock; sharp. Source form: Tyre. Greek form: τυρω. Equivalent source: UKJV same-reference name-order alignment."
Nineveh,place,Matthew 12:41,nt,Nineveh,Nineveh,νινευιται,handsome; agreeable,UKJV same-reference name-order alignment,aligned,Place-name meaning: Nineveh — handsome; agreeable. Source form: Nineveh. Greek form: νινευιται. Equivalent source: UKJV same-reference name-order alignment.
Sir,person,Matthew 13:27,nt,,,,,,,Source text carries this as a personal name; retained as a proper noun rather than translated as ordinary vocabulary.
Joses,person,Matthew 13:55,nt,,,,,,,Source text carries this as a personal name; retained as a proper noun rather than translated as ordinary vocabulary.
Gennesaret,place,Matthew 14:34,nt,Gennesaret,Gennesaret,γεννησαρετ,garden of the prince,UKJV same-reference name-order alignment,aligned,Place-name meaning: Gennesaret — garden of the prince. Source form: Gennesaret. Greek form: γεννησαρετ. Equivalent source: UKJV same-reference name-order alignment.
Caesarea,place,Matthew 16:13,nt,Caesarea,Caesarea,καισαρειας,meaning uncertain/not securely attested in the consulted name dictionaries,UKJV same-reference name-order alignment,aligned,Place-name meaning: Caesarea — meaning uncertain/not securely attested in the consulted name dictionaries. Source form: Caesarea. Greek form: καισαρειας. Equivalent source: UKJV same-reference name-order alignment.
Philippi,place,Matthew 16:13,nt,Philippi,Philippi,φιλιππου,"same as Philip, in the plural",UKJV same-reference name-order alignment,aligned,"Place-name meaning: Philippi — same as Philip, in the plural. Source form: Philippi. Greek form: φιλιππου. Equivalent source: UKJV same-reference name-order alignment."
Jericho,place,Matthew 20:29,nt,Jericho,Jericho,ιεριχω,his moon; his month; his sweet smell,UKJV same-reference name-order alignment,aligned,Place-name meaning: Jericho — his moon; his month; his sweet smell. Source form: Jericho. Greek form: ιεριχω. Equivalent source: UKJV same-reference name-order alignment.
Bethphage,place,Matthew 21:1,nt,Bethphage,Bethphage,βηθφαγη,"house of my month, or of early figs",UKJV same-reference name-order alignment,aligned,"Place-name meaning: Bethphage — house of my month, or of early figs. Source form: Bethphage. Greek form: βηθφαγη. Equivalent source: UKJV same-reference name-order alignment."
Sion,transliterated_form,Matthew 21:5,nt,Zion,Sion,σιων,monument; raised up; sepulcher,manual/standard English equivalent,manual,Standard English equivalent: Zion. Source form: Sion. Greek form: σιων. Name meaning: monument; raised up; sepulcher. Equivalent source: manual/standard English equivalent.
Bethany,place,Matthew 21:17,nt,Bethany,Bethany,βηθανιαν,the house of song; the house of affliction,UKJV same-reference name-order alignment,aligned,Place-name meaning: Bethany — the house of song; the house of affliction. Source form: Bethany. Greek form: βηθανιαν. Equivalent source: UKJV same-reference name-order alignment.
Herodians,people_group,Matthew 22:16,nt,,,,,,,Ethnic or group proper noun; retained as a people-name rather than translated as ordinary vocabulary.
Caesar,person,Matthew 22:17,nt,,,,,,,Source text carries this as a personal name; retained as a proper noun rather than translated as ordinary vocabulary.
Pharisee,person,Matthew 23:26,nt,,,,,,,Source text carries this as a personal name; retained as a proper noun rather than translated as ordinary vocabulary.
Noe,transliterated_form,Matthew 24:37,nt,Noah,Noe,νωε,Rest; comfort; relief,manual/standard English equivalent,manual,Standard English equivalent: Noah. Source form: Noe. Greek form: νωε. Name meaning: Rest; comfort; relief. Equivalent source: manual/standard English equivalent.
Caiaphas,person,Matthew 26:3,nt,,,,,,,Source text carries this as a personal name; retained as a proper noun rather than translated as ordinary vocabulary.
Gethsemane,place,Matthew 26:36,nt,Gethsemane,Gethsemane,γεθσημανη,a very fat or plentiful vale,UKJV same-reference name-order alignment,aligned,Place-name meaning: Gethsemane — a very fat or plentiful vale. Source form: Gethsemane. Greek form: γεθσημανη. Equivalent source: UKJV same-reference name-order alignment.
Put,person,Matthew 26:52,nt,,,,,,,Source text carries this as a personal name; retained as a proper noun rather than translated as ordinary vocabulary.
Cyrene,place,Matthew 27:32,nt,Cyrene,Cyrene,ευρον,a wall; coldness; the floor,UKJV same-reference name-order alignment,aligned,Place-name meaning: Cyrene — a wall; coldness; the floor. Source form: Cyrene. Greek form: ευρον. Equivalent source: UKJV same-reference name-order alignment.
Golgotha,place,Matthew 27:33,nt,Golgotha,Golgotha,γολγοθα,a heap of skulls; something skull-shaped,UKJV same-reference name-order alignment,aligned,Place-name meaning: Golgotha — a heap of skulls; something skull-shaped. Source form: Golgotha. Greek form: γολγοθα. Equivalent source: UKJV same-reference name-order alignment.
Eli,person,Matthew 27:46,nt,,,,,,,Source text carries this as a personal name; retained as a proper noun rather than translated as ordinary vocabulary.
Magdalene,people_group,Matthew 27:56,nt,,,,,,,Ethnic or group proper noun; retained as a people-name rather than translated as ordinary vocabulary.
Boanerges,people_group,Mark 3:17,nt,,,,,,,Ethnic or group proper noun; retained as a people-name rather than translated as ordinary vocabulary.
Gadarenes,place,Mark 5:1,nt,Gadarene,Gadarenes,γαδαρηνων,meaning uncertain/not securely attested in the consulted name dictionaries,UKJV same-reference name-order alignment,aligned,Place-name meaning: Gadarene — meaning uncertain/not securely attested in the consulted name dictionaries. Standard English equivalent: Gadarene. Source form: Gadarenes. Greek form: γαδαρηνων. Equivalent source: UKJV same-reference name-order alignment.
Legion,supernatural_being,Mark 5:9,nt,,,,,,,Source text carries this as a divine or supernatural name/title; retained as a proper noun.
Greek,people_group,Mark 7:26,nt,,,,,,,Ethnic or group proper noun; retained as a people-name rather than translated as ordinary vocabulary.
Dalmanutha,place,Mark 8:10,nt,Dalmanutha,Dalmanutha,δαλμανουθα,a bucket; a branch,UKJV same-reference name-order alignment,aligned,Place-name meaning: Dalmanutha — a bucket; a branch. Source form: Dalmanutha. Greek form: δαλμανουθα. Equivalent source: UKJV same-reference name-order alignment.
Children,people_group,Mark 10:24,nt,,,,,,,Ethnic or group proper noun; retained as a people-name rather than translated as ordinary vocabulary.
Timaeus,person,Mark 10:46,nt,,,,,,,Source text carries this as a personal name; retained as a proper noun rather than translated as ordinary vocabulary.
Rufus,person,Mark 15:21,nt,,,,,,,Source text carries this as a personal name; retained as a proper noun rather than translated as ordinary vocabulary.
Elisabeth,transliterated_form,Luke 1:5,nt,Elizabeth,Elisabeth,ελισαβετ,God is my oath,manual/standard English equivalent,manual,Standard English equivalent: Elizabeth. Source form: Elisabeth. Greek form: ελισαβετ. Name meaning: God is my oath. Equivalent source: manual/standard English equivalent.
Gabriel,supernatural_being,Luke 1:19,nt,,,,,,,Source text carries this as a divine or supernatural name/title; retained as a proper noun.
Augustus,person,Luke 2:1,nt,,,,,,,Source text carries this as a personal name; retained as a proper noun rather than translated as ordinary vocabulary.
Phanuel,person,Luke 2:36,nt,,,,,,,Source text carries this as a personal name; retained as a proper noun rather than translated as ordinary vocabulary.
Ituraea,place,Luke 3:1,nt,Ituraea,Ituraea,ιτουραιας,meaning uncertain/not securely attested in the consulted name dictionaries,UKJV same-reference name-order alignment,aligned,Place-name meaning: Ituraea — meaning uncertain/not securely attested in the consulted name dictionaries. Source form: Ituraea. Greek form: ιτουραιας. Equivalent source: UKJV same-reference name-order alignment.
Trachonitis,place,Luke 3:1,nt,Trachoniti,Trachonitis,τραχωνιτιδος,meaning uncertain/not securely attested in the consulted name dictionaries,UKJV same-reference name-order alignment,aligned,Place-name meaning: Trachoniti — meaning uncertain/not securely attested in the consulted name dictionaries. Standard English equivalent: Trachoniti. Source form: Trachonitis. Greek form: τραχωνιτιδος. Equivalent source: UKJV same-reference name-order alignment.
Lysanias,person,Luke 3:1,nt,,,,,,,Source text carries this as a personal name; retained as a proper noun rather than translated as ordinary vocabulary.
Abilene,place,Luke 3:1,nt,Abilene,Abilene,αβιληνης,the father of mourning,UKJV same-reference name-order alignment,aligned,Place-name meaning: Abilene — the father of mourning. Source form: Abilene. Greek form: αβιληνης. Equivalent source: UKJV same-reference name-order alignment.
Annas,person,Luke 3:2,nt,,,,,,,Source text carries this as a personal name; retained as a proper noun rather than translated as ordinary vocabulary.
Matthat,person,Luke 3:24,nt,,,,,,,Source text carries this as a personal name; retained as a proper noun rather than translated as ordinary vocabulary.
Melchi,person,Luke 3:24,nt,,,,,,,Source text carries this as a personal name; retained as a proper noun rather than translated as ordinary vocabulary.
Mattathias,person,Luke 3:25,nt,,,,,,,Source text carries this as a personal name; retained as a proper noun rather than translated as ordinary vocabulary.
Amos,person,Luke 3:25,nt,,,,,,,Source text carries this as a personal name; retained as a proper noun rather than translated as ordinary vocabulary.
Esli,person,Luke 3:25,nt,,,,,,,Source text carries this as a personal name; retained as a proper noun rather than translated as ordinary vocabulary.
Maath,person,Luke 3:26,nt,,,,,,,Source text carries this as a personal name; retained as a proper noun rather than translated as ordinary vocabulary.
Semei,person,Luke 3:26,nt,,,,,,,Source text carries this as a personal name; retained as a proper noun rather than translated as ordinary vocabulary.
Joanna,person,Luke 3:27,nt,,,,,,,Source text carries this as a personal name; retained as a proper noun rather than translated as ordinary vocabulary.
Rhesa,person,Luke 3:27,nt,,,,,,,Source text carries this as a personal name; retained as a proper noun rather than translated as ordinary vocabulary.
Neri,person,Luke 3:27,nt,,,,,,,Source text carries this as a personal name; retained as a proper noun rather than translated as ordinary vocabulary.
Addi,person,Luke 3:28,nt,,,,,,,Source text carries this as a personal name; retained as a proper noun rather than translated as ordinary vocabulary.
Cosam,person,Luke 3:28,nt,,,,,,,Source text carries this as a personal name; retained as a proper noun rather than translated as ordinary vocabulary.
Er,person,Luke 3:28,nt,,,,,,,Source text carries this as a personal name; retained as a proper noun rather than translated as ordinary vocabulary.
Eliezer,person,Luke 3:29,nt,,,,,,,Source text carries this as a personal name; retained as a proper noun rather than translated as ordinary vocabulary.
Jorim,person,Luke 3:29,nt,,,,,,,Source text carries this as a personal name; retained as a proper noun rather than translated as ordinary vocabulary.
Melea,person,Luke 3:31,nt,,,,,,,Source text carries this as a personal name; retained as a proper noun rather than translated as ordinary vocabulary.
Mattatha,person,Luke 3:31,nt,,,,,,,Source text carries this as a personal name; retained as a proper noun rather than translated as ordinary vocabulary.
Heber,person,Luke 3:35,nt,,,,,,,Source text carries this as a personal name; retained as a proper noun rather than translated as ordinary vocabulary.
Sala,person,Luke 3:35,nt,,,,,,,Source text carries this as a personal name; retained as a proper noun rather than translated as ordinary vocabulary.
Cainan,person,Luke 3:36,nt,,,,,,,Source text carries this as a personal name; retained as a proper noun rather than translated as ordinary vocabulary.
Arphaxad,person,Luke 3:36,nt,,,,,,,Source text carries this as a personal name; retained as a proper noun rather than translated as ordinary vocabulary.
Enos,person,Luke 3:38,nt,,,,,,,Source text carries this as a personal name; retained as a proper noun rather than translated as ordinary vocabulary.
Naaman,person,Luke 4:27,nt,,,,,,,Source text carries this as a personal name; retained as a proper noun rather than translated as ordinary vocabulary.
Syrian,person,Luke 4:27,nt,,,,,,,Source text carries this as a personal name; retained as a proper noun rather than translated as ordinary vocabulary.
Nain,place,Luke 7:11,nt,Nain,Nain,ναιν,beauty; pleasantness,UKJV same-reference name-order alignment,aligned,Place-name meaning: Nain — beauty; pleasantness. Source form: Nain. Greek form: ναιν. Equivalent source: UKJV same-reference name-order alignment.
Chuza,person,Luke 8:3,nt,,,,,,,Source text carries this as a personal name; retained as a proper noun rather than translated as ordinary vocabulary.
Susanna,person,Luke 8:3,nt,,,,,,,Source text carries this as a personal name; retained as a proper noun rather than translated as ordinary vocabulary.
Levite,people_group,Luke 10:32,nt,,,,,,,Ethnic or group proper noun; retained as a people-name rather than translated as ordinary vocabulary.
Samaritan,people_group,Luke 10:33,nt,,,,,,,Ethnic or group proper noun; retained as a people-name rather than translated as ordinary vocabulary.
Ninevites,people_group,Luke 11:30,nt,,,,,,,Ethnic or group proper noun; retained as a people-name rather than translated as ordinary vocabulary.
Siloam,place,Luke 13:4,nt,Siloam,Siloam,σιλωαμ,meaning uncertain/not securely attested in the consulted name dictionaries,UKJV same-reference name-order alignment,aligned,Place-name meaning: Siloam — meaning uncertain/not securely attested in the consulted name dictionaries. Source form: Siloam. Greek form: σιλωαμ. Equivalent source: UKJV same-reference name-order alignment.
Hebrew,person,Luke 23:38,nt,,,,,,,Source text carries this as a personal name; retained as a proper noun rather than translated as ordinary vocabulary.
Emmaus,place,Luke 24:13,nt,Emmau,Emmaus,εμμαους,meaning uncertain/not securely attested in the consulted name dictionaries,UKJV same-reference name-order alignment,aligned,Place-name meaning: Emmau — meaning uncertain/not securely attested in the consulted name dictionaries. Standard English equivalent: Emmau. Source form: Emmaus. Greek form: εμμαους. Equivalent source: UKJV same-reference name-order alignment.
Levites,people_group,John 1:19,nt,,,,,,,Ethnic or group proper noun; retained as a people-name rather than translated as ordinary vocabulary.
Messiah,supernatural_being,John 1:41,nt,,,,,,,Source text carries this as a divine or supernatural name/title; retained as a proper noun.
Cephas,person,John 1:42,nt,,,,,,,Source text carries this as a personal name; retained as a proper noun rather than translated as ordinary vocabulary.
Nathanael,person,John 1:45,nt,,,,,,,Source text carries this as a personal name; retained as a proper noun rather than translated as ordinary vocabulary.
Israelite,people_group,John 1:47,nt,,,,,,,Ethnic or group proper noun; retained as a people-name rather than translated as ordinary vocabulary.
Cana,place,John 2:1,nt,Cana,Cana,κανα,zeal; jealousy; possession,UKJV same-reference name-order alignment,aligned,Place-name meaning: Cana — zeal; jealousy; possession. Source form: Cana. Greek form: κανα. Equivalent source: UKJV same-reference name-order alignment.
Aenon,place,John 3:23,nt,Aenon,Aenon,αινων,a cloud; fountain; his eye,UKJV same-reference name-order alignment,aligned,Place-name meaning: Aenon — a cloud; fountain; his eye. Source form: Aenon. Greek form: αινων. Equivalent source: UKJV same-reference name-order alignment.
Salim,place,John 3:23,nt,Salim,Salim,σαλειμ,foxes; fists; path,UKJV same-reference name-order alignment,aligned,Place-name meaning: Salim — foxes; fists; path. Source form: Salim. Greek form: σαλειμ. Equivalent source: UKJV same-reference name-order alignment.
Sychar,place,John 4:5,nt,Sychar,Sychar,συχαρ,end,UKJV same-reference name-order alignment,aligned,Place-name meaning: Sychar — end. Source form: Sychar. Greek form: συχαρ. Equivalent source: UKJV same-reference name-order alignment.
Jew,people_group,John 4:9,nt,,,,,,,Ethnic or group proper noun; retained as a people-name rather than translated as ordinary vocabulary.
Tiberias,place,John 6:1,nt,Tiberia,Tiberias,τιβεριαδος,meaning uncertain/not securely attested in the consulted name dictionaries,UKJV same-reference name-order alignment,aligned,Place-name meaning: Tiberia — meaning uncertain/not securely attested in the consulted name dictionaries. Standard English equivalent: Tiberia. Source form: Tiberias. Greek form: τιβεριαδος. Equivalent source: UKJV same-reference name-order alignment.
Romans,people_group,John 11:48,nt,,,,,,,Ethnic or group proper noun; retained as a people-name rather than translated as ordinary vocabulary.
Greeks,people_group,John 12:20,nt,,,,,,,Ethnic or group proper noun; retained as a people-name rather than translated as ordinary vocabulary.
Malchus,person,John 18:10,nt,,,,,,,Source text carries this as a personal name; retained as a proper noun rather than translated as ordinary vocabulary.
Justus,person,Acts 1:23,nt,,,,,,,Source text carries this as a personal name; retained as a proper noun rather than translated as ordinary vocabulary.
Parthians,people_group,Acts 2:9,nt,,,,,,,Ethnic or group proper noun; retained as a people-name rather than translated as ordinary vocabulary.
Medes,people_group,Acts 2:9,nt,,,,,,,Ethnic or group proper noun; retained as a people-name rather than translated as ordinary vocabulary.
Elamites,people_group,Acts 2:9,nt,,,,,,,Ethnic or group proper noun; retained as a people-name rather than translated as ordinary vocabulary.
Mesopotamia,place,Acts 2:9,nt,Mesopotamia,Mesopotamia,μεσοποταμιαν,between two rivers,UKJV same-reference name-order alignment,aligned,Place-name meaning: Mesopotamia — between two rivers. Source form: Mesopotamia. Greek form: μεσοποταμιαν. Equivalent source: UKJV same-reference name-order alignment.
Cappadocia,place,Acts 2:9,nt,Cappadocia,Cappadocia,καππαδοκιαν,the same as Caphtor,UKJV same-reference name-order alignment,aligned,Place-name meaning: Cappadocia — the same as Caphtor. Source form: Cappadocia. Greek form: καππαδοκιαν. Equivalent source: UKJV same-reference name-order alignment.
Pontus,place,Acts 2:9,nt,Pontu,Pontus,ποντον,meaning uncertain/not securely attested in the consulted name dictionaries,UKJV same-reference name-order alignment,aligned,Place-name meaning: Pontu — meaning uncertain/not securely attested in the consulted name dictionaries. Standard English equivalent: Pontu. Source form: Pontus. Greek form: ποντον. Equivalent source: UKJV same-reference name-order alignment.
Asia,place,Acts 2:9,nt,Asia,Asia,ασιαν,muddy; boggy,UKJV same-reference name-order alignment,aligned,Place-name meaning: Asia — muddy; boggy. Source form: Asia. Greek form: ασιαν. Equivalent source: UKJV same-reference name-order alignment.
Phrygia,place,Acts 2:10,nt,Phrygia,Phrygia,φρυγιαν,dry; barren,UKJV same-reference name-order alignment,aligned,Place-name meaning: Phrygia — dry; barren. Source form: Phrygia. Greek form: φρυγιαν. Equivalent source: UKJV same-reference name-order alignment.
Pamphylia,place,Acts 2:10,nt,Pamphylia,Pamphylia,παμφυλιαν,a nation made up of every tribe,UKJV same-reference name-order alignment,aligned,Place-name meaning: Pamphylia — a nation made up of every tribe. Source form: Pamphylia. Greek form: παμφυλιαν. Equivalent source: UKJV same-reference name-order alignment.
Libya,place,Acts 2:10,nt,Libya,Libya,λιβυης,the heart of the sea; fat,UKJV same-reference name-order alignment,aligned,Place-name meaning: Libya — the heart of the sea; fat. Source form: Libya. Greek form: λιβυης. Equivalent source: UKJV same-reference name-order alignment.
Rome,place,Acts 2:10,nt,Rome,Rome,ρωμαιοι,strength; power,UKJV same-reference name-order alignment,aligned,Place-name meaning: Rome — strength; power. Source form: Rome. Greek form: ρωμαιοι. Equivalent source: UKJV same-reference name-order alignment.
Arabians,people_group,Acts 2:11,nt,,,,,,,Ethnic or group proper noun; retained as a people-name rather than translated as ordinary vocabulary.
Joel,person,Acts 2:16,nt,,,,,,,Source text carries this as a personal name; retained as a proper noun rather than translated as ordinary vocabulary.
Cyprus,place,Acts 4:36,nt,Cypru,Cyprus,κυπριος,meaning uncertain/not securely attested in the consulted name dictionaries,UKJV same-reference name-order alignment,aligned,Place-name meaning: Cypru — meaning uncertain/not securely attested in the consulted name dictionaries. Standard English equivalent: Cypru. Source form: Cyprus. Greek form: κυπριος. Equivalent source: UKJV same-reference name-order alignment.
Theudas,person,Acts 5:36,nt,,,,,,,Source text carries this as a personal name; retained as a proper noun rather than translated as ordinary vocabulary.
Hebrews,people_group,Acts 6:1,nt,,,,,,,Ethnic or group proper noun; retained as a people-name rather than translated as ordinary vocabulary.
Prochorus,person,Acts 6:5,nt,,,,,,,Source text carries this as a personal name; retained as a proper noun rather than translated as ordinary vocabulary.
Nicanor,person,Acts 6:5,nt,,,,,,,Source text carries this as a personal name; retained as a proper noun rather than translated as ordinary vocabulary.
Timon,person,Acts 6:5,nt,,,,,,,Source text carries this as a personal name; retained as a proper noun rather than translated as ordinary vocabulary.
Parmenas,person,Acts 6:5,nt,,,,,,,Source text carries this as a personal name; retained as a proper noun rather than translated as ordinary vocabulary.
Antioch,place,Acts 6:5,nt,Antioch,Antioch,αντιοχεα,speedy as a chariot,UKJV same-reference name-order alignment,aligned,Place-name meaning: Antioch — speedy as a chariot. Source form: Antioch. Greek form: αντιοχεα. Equivalent source: UKJV same-reference name-order alignment.
Cyrenians,people_group,Acts 6:9,nt,,,,,,,Ethnic or group proper noun; retained as a people-name rather than translated as ordinary vocabulary.
Alexandrians,people_group,Acts 6:9,nt,,,,,,,Ethnic or group proper noun; retained as a people-name rather than translated as ordinary vocabulary.
Cilicia,place,Acts 6:9,nt,Cilicia,Cilicia,κιλικιας,which rolls or overturns,UKJV same-reference name-order alignment,aligned,Place-name meaning: Cilicia — which rolls or overturns. Source form: Cilicia. Greek form: κιλικιας. Equivalent source: UKJV same-reference name-order alignment.
Sychem,transliterated_form,Acts 7:16,nt,Shechem,Sychem,σιχεμ,part; portion; back early in the morning,manual/standard English equivalent,manual,Standard English equivalent: Shechem. Source form: Sychem. Greek form: σιχεμ. Name meaning: part; portion; back early in the morning. Equivalent source: manual/standard English equivalent.
Egyptians,people_group,Acts 7:22,nt,,,,,,,Ethnic or group proper noun; retained as a people-name rather than translated as ordinary vocabulary.
Egyptian,people_group,Acts 7:24,nt,,,,,,,Ethnic or group proper noun; retained as a people-name rather than translated as ordinary vocabulary.
Moloch,supernatural_being,Acts 7:43,nt,,,,,,,Source text carries this as a divine or supernatural name/title; retained as a proper noun.
Gaza,place,Acts 8:26,nt,Gaza,Gaza,γαζαν,strong; a goat,UKJV same-reference name-order alignment,aligned,Place-name meaning: Gaza — strong; a goat. Source form: Gaza. Greek form: γαζαν. Equivalent source: UKJV same-reference name-order alignment.
Ethiopia,place,Acts 8:27,nt,Ethiopia,Ethiopia,επι,blackness; heat,UKJV same-reference name-order alignment,aligned,Place-name meaning: Ethiopia — blackness; heat. Source form: Ethiopia. Greek form: επι. Equivalent source: UKJV same-reference name-order alignment.
Candace,person,Acts 8:27,nt,,,,,,,Source text carries this as a personal name; retained as a proper noun rather than translated as ordinary vocabulary.
Ethiopians,people_group,Acts 8:27,nt,,,,,,,Ethnic or group proper noun; retained as a people-name rather than translated as ordinary vocabulary.
Azotus,place,Acts 8:40,nt,Azotu,Azotus,αζωτον,meaning uncertain/not securely attested in the consulted name dictionaries,UKJV same-reference name-order alignment,aligned,Place-name meaning: Azotu — meaning uncertain/not securely attested in the consulted name dictionaries. Standard English equivalent: Azotu. Source form: Azotus. Greek form: αζωτον. Equivalent source: UKJV same-reference name-order alignment.
Damascus,place,Acts 9:2,nt,Damascu,Damascus,δαμασκον,meaning uncertain/not securely attested in the consulted name dictionaries,UKJV same-reference name-order alignment,aligned,Place-name meaning: Damascu — meaning uncertain/not securely attested in the consulted name dictionaries. Standard English equivalent: Damascu. Source form: Damascus. Greek form: δαμασκον. Equivalent source: UKJV same-reference name-order alignment.
Tarsus,place,Acts 9:11,nt,Tarsu,Tarsus,ταρσεα,meaning uncertain/not securely attested in the consulted name dictionaries,UKJV same-reference name-order alignment,aligned,Place-name meaning: Tarsu — meaning uncertain/not securely attested in the consulted name dictionaries. Standard English equivalent: Tarsu. Source form: Tarsus. Greek form: ταρσεα. Equivalent source: UKJV same-reference name-order alignment.
Lydda,place,Acts 9:32,nt,Lydda,Lydda,λυδδαν,"Lydia, a standing pool",UKJV same-reference name-order alignment,aligned,"Place-name meaning: Lydda — Lydia, a standing pool. Source form: Lydda. Greek form: λυδδαν. Equivalent source: UKJV same-reference name-order alignment."
Aeneas,person,Acts 9:33,nt,,,,,,,Source text carries this as a personal name; retained as a proper noun rather than translated as ordinary vocabulary.
Joppa,place,Acts 9:36,nt,Joppa,Joppa,ιοππη,beauty; comeliness,UKJV same-reference name-order alignment,aligned,Place-name meaning: Joppa — beauty; comeliness. Source form: Joppa. Greek form: ιοππη. Equivalent source: UKJV same-reference name-order alignment.
Tabitha,person,Acts 9:36,nt,,,,,,,Source text carries this as a personal name; retained as a proper noun rather than translated as ordinary vocabulary.
Christians,people_group,Acts 11:26,nt,,,,,,,Ethnic or group proper noun; retained as a people-name rather than translated as ordinary vocabulary.
Agabus,person,Acts 11:28,nt,,,,,,,Source text carries this as a personal name; retained as a proper noun rather than translated as ordinary vocabulary.
Claudius,person,Acts 11:28,nt,,,,,,,Source text carries this as a personal name; retained as a proper noun rather than translated as ordinary vocabulary.
Rhoda,person,Acts 12:13,nt,,,,,,,Source text carries this as a personal name; retained as a proper noun rather than translated as ordinary vocabulary.
Blastus,person,Acts 12:20,nt,,,,,,,Source text carries this as a personal name; retained as a proper noun rather than translated as ordinary vocabulary.
Niger,person,Acts 13:1,nt,,,,,,,Source text carries this as a personal name; retained as a proper noun rather than translated as ordinary vocabulary.
Lucius,person,Acts 13:1,nt,,,,,,,Source text carries this as a personal name; retained as a proper noun rather than translated as ordinary vocabulary.
Manaen,person,Acts 13:1,nt,,,,,,,Source text carries this as a personal name; retained as a proper noun rather than translated as ordinary vocabulary.
Seleucia,place,Acts 13:4,nt,Seleucia,Seleucia,σελευκειαν,shaken or beaten by the waves,UKJV same-reference name-order alignment,aligned,Place-name meaning: Seleucia — shaken or beaten by the waves. Source form: Seleucia. Greek form: σελευκειαν. Equivalent source: UKJV same-reference name-order alignment.
Salamis,place,Acts 13:5,nt,Salami,Salamis,σαλαμινι,meaning uncertain/not securely attested in the consulted name dictionaries,UKJV same-reference name-order alignment,aligned,Place-name meaning: Salami — meaning uncertain/not securely attested in the consulted name dictionaries. Standard English equivalent: Salami. Source form: Salamis. Greek form: σαλαμινι. Equivalent source: UKJV same-reference name-order alignment.
Paphos,place,Acts 13:6,nt,Papho,Paphos,παφου,meaning uncertain/not securely attested in the consulted name dictionaries,UKJV same-reference name-order alignment,aligned,Place-name meaning: Papho — meaning uncertain/not securely attested in the consulted name dictionaries. Standard English equivalent: Papho. Source form: Paphos. Greek form: παφου. Equivalent source: UKJV same-reference name-order alignment.
Perga,place,Acts 13:13,nt,Perga,Perga,περγην,very earthy,UKJV same-reference name-order alignment,aligned,Place-name meaning: Perga — very earthy. Source form: Perga. Greek form: περγην. Equivalent source: UKJV same-reference name-order alignment.
Pisidia,place,Acts 13:14,nt,Pisidia,Pisidia,πισιδιας,pitch; pitchy,UKJV same-reference name-order alignment,aligned,Place-name meaning: Pisidia — pitch; pitchy. Source form: Pisidia. Greek form: πισιδιας. Equivalent source: UKJV same-reference name-order alignment.
Iconium,place,Acts 13:51,nt,Iconium,Iconium,ικονιον,coming,UKJV same-reference name-order alignment,aligned,Place-name meaning: Iconium — coming. Source form: Iconium. Greek form: ικονιον. Equivalent source: UKJV same-reference name-order alignment.
Lystra,place,Acts 14:6,nt,Lystra,Lystra,λυστραν,that dissolves or disperses,UKJV same-reference name-order alignment,aligned,Place-name meaning: Lystra — that dissolves or disperses. Source form: Lystra. Greek form: λυστραν. Equivalent source: UKJV same-reference name-order alignment.
Derbe,place,Acts 14:6,nt,Derbe,Derbe,δερβην,a sting,UKJV same-reference name-order alignment,aligned,Place-name meaning: Derbe — a sting. Source form: Derbe. Greek form: δερβην. Equivalent source: UKJV same-reference name-order alignment.
Lycaonia,place,Acts 14:6,nt,Lycaonia,Lycaonia,λυκαονιας,she-wolf,UKJV same-reference name-order alignment,aligned,Place-name meaning: Lycaonia — she-wolf. Source form: Lycaonia. Greek form: λυκαονιας. Equivalent source: UKJV same-reference name-order alignment.
Attalia,place,Acts 14:25,nt,Attalia,Attalia,ατταλειαν,that increases or sends,UKJV same-reference name-order alignment,aligned,Place-name meaning: Attalia — that increases or sends. Source form: Attalia. Greek form: ατταλειαν. Equivalent source: UKJV same-reference name-order alignment.
Timotheus,transliterated_form,Acts 16:1,nt,Timothy,Timotheus,τιμοθεος,Honoring God,manual/standard English equivalent,manual,Standard English equivalent: Timothy. Source form: Timotheus. Greek form: τιμοθεος. Name meaning: Honoring God. Equivalent source: manual/standard English equivalent.
Galatia,place,Acts 16:6,nt,Galatia,Galatia,γαλατικην,white; the color of milk,UKJV same-reference name-order alignment,aligned,Place-name meaning: Galatia — white; the color of milk. Source form: Galatia. Greek form: γαλατικην. Equivalent source: UKJV same-reference name-order alignment.
Mysia,place,Acts 16:7,nt,Mysia,Mysia,μυσιαν,criminal; abominable,UKJV same-reference name-order alignment,aligned,Place-name meaning: Mysia — criminal; abominable. Source form: Mysia. Greek form: μυσιαν. Equivalent source: UKJV same-reference name-order alignment.
Bithynia,place,Acts 16:7,nt,Bithynia,Bithynia,βιθυνιαν,violent precipitation,UKJV same-reference name-order alignment,aligned,Place-name meaning: Bithynia — violent precipitation. Source form: Bithynia. Greek form: βιθυνιαν. Equivalent source: UKJV same-reference name-order alignment.
Troas,place,Acts 16:8,nt,Troa,Troas,τρωαδα,meaning uncertain/not securely attested in the consulted name dictionaries,UKJV same-reference name-order alignment,aligned,Place-name meaning: Troa — meaning uncertain/not securely attested in the consulted name dictionaries. Standard English equivalent: Troa. Source form: Troas. Greek form: τρωαδα. Equivalent source: UKJV same-reference name-order alignment.
Macedonia,place,Acts 16:9,nt,Macedonia,Macedonia,μακεδονιαν,burning; adoration,UKJV same-reference name-order alignment,aligned,Place-name meaning: Macedonia — burning; adoration. Source form: Macedonia. Greek form: μακεδονιαν. Equivalent source: UKJV same-reference name-order alignment.
Neapolis,place,Acts 16:11,nt,Neapoli,Neapolis,νεαπολιν,meaning uncertain/not securely attested in the consulted name dictionaries,UKJV same-reference name-order alignment,aligned,Place-name meaning: Neapoli — meaning uncertain/not securely attested in the consulted name dictionaries. Standard English equivalent: Neapoli. Source form: Neapolis. Greek form: νεαπολιν. Equivalent source: UKJV same-reference name-order alignment.
Thyatira,place,Acts 16:14,nt,Thyatira,Thyatira,θυατειρων,a perfume; sacrifice of labor,UKJV same-reference name-order alignment,aligned,Place-name meaning: Thyatira — a perfume; sacrifice of labor. Source form: Thyatira. Greek form: θυατειρων. Equivalent source: UKJV same-reference name-order alignment.
Amphipolis,place,Acts 17:1,nt,Amphipoli,Amphipolis,αμφιπολιν,meaning uncertain/not securely attested in the consulted name dictionaries,UKJV same-reference name-order alignment,aligned,Place-name meaning: Amphipoli — meaning uncertain/not securely attested in the consulted name dictionaries. Standard English equivalent: Amphipoli. Source form: Amphipolis. Greek form: αμφιπολιν. Equivalent source: UKJV same-reference name-order alignment.
Apollonia,place,Acts 17:1,nt,Apollonia,Apollonia,απολλωνιαν,"perdition, destruction",UKJV same-reference name-order alignment,aligned,"Place-name meaning: Apollonia — perdition, destruction. Source form: Apollonia. Greek form: απολλωνιαν. Equivalent source: UKJV same-reference name-order alignment."
Thessalonica,place,Acts 17:1,nt,Thessalonica,Thessalonica,θεσσαλονικην,victory against the Thessalians,UKJV same-reference name-order alignment,aligned,Place-name meaning: Thessalonica — victory against the Thessalians. Source form: Thessalonica. Greek form: θεσσαλονικην. Equivalent source: UKJV same-reference name-order alignment.
Berea,place,Acts 17:10,nt,Berea,Berea,βεροιαν,heavy; weighty,UKJV same-reference name-order alignment,aligned,Place-name meaning: Berea — heavy; weighty. Source form: Berea. Greek form: βεροιαν. Equivalent source: UKJV same-reference name-order alignment.
Athens,place,Acts 17:15,nt,Athen,Athens,αθηνων,meaning uncertain/not securely attested in the consulted name dictionaries,UKJV same-reference name-order alignment,aligned,Place-name meaning: Athen — meaning uncertain/not securely attested in the consulted name dictionaries. Standard English equivalent: Athen. Source form: Athens. Greek form: αθηνων. Equivalent source: UKJV same-reference name-order alignment.
Epicureans,people_group,Acts 17:18,nt,,,,,,,Ethnic or group proper noun; retained as a people-name rather than translated as ordinary vocabulary.
Areopagus,place,Acts 17:19,nt,Areopagu,Areopagus,αρειον,meaning uncertain/not securely attested in the consulted name dictionaries,UKJV same-reference name-order alignment,aligned,Place-name meaning: Areopagu — meaning uncertain/not securely attested in the consulted name dictionaries. Standard English equivalent: Areopagu. Source form: Areopagus. Greek form: αρειον. Equivalent source: UKJV same-reference name-order alignment.
Athenians,people_group,Acts 17:21,nt,,,,,,,Ethnic or group proper noun; retained as a people-name rather than translated as ordinary vocabulary.
Corinth,place,Acts 18:1,nt,Corinth,Corinth,κορινθον,which is satisfied; ornament; beauty,UKJV same-reference name-order alignment,aligned,Place-name meaning: Corinth — which is satisfied; ornament; beauty. Source form: Corinth. Greek form: κορινθον. Equivalent source: UKJV same-reference name-order alignment.
Italy,place,Acts 18:2,nt,Italy,Italy,ιταλιας,abounding with calves or heifers,UKJV same-reference name-order alignment,aligned,Place-name meaning: Italy — abounding with calves or heifers. Source form: Italy. Greek form: ιταλιας. Equivalent source: UKJV same-reference name-order alignment.
Corinthians,people_group,Acts 18:8,nt,,,,,,,Ethnic or group proper noun; retained as a people-name rather than translated as ordinary vocabulary.
Achaia,place,Acts 18:12,nt,Achaia,Achaia,αχαιας,grief; trouble,UKJV same-reference name-order alignment,aligned,Place-name meaning: Achaia — grief; trouble. Source form: Achaia. Greek form: αχαιας. Equivalent source: UKJV same-reference name-order alignment.
Ephesus,place,Acts 18:19,nt,Ephesu,Ephesus,εφεσον,meaning uncertain/not securely attested in the consulted name dictionaries,UKJV same-reference name-order alignment,aligned,Place-name meaning: Ephesu — meaning uncertain/not securely attested in the consulted name dictionaries. Standard English equivalent: Ephesu. Source form: Ephesus. Greek form: εφεσον. Equivalent source: UKJV same-reference name-order alignment.
Alexandria,place,Acts 18:24,nt,Alexandria,Alexandria,αλεξανδρευς,meaning uncertain/not securely attested in the consulted name dictionaries,UKJV same-reference name-order alignment,aligned,Place-name meaning: Alexandria — meaning uncertain/not securely attested in the consulted name dictionaries. Source form: Alexandria. Greek form: αλεξανδρευς. Equivalent source: UKJV same-reference name-order alignment.
Tyrannus,person,Acts 19:9,nt,,,,,,,Source text carries this as a personal name; retained as a proper noun rather than translated as ordinary vocabulary.
Sceva,person,Acts 19:14,nt,,,,,,,Source text carries this as a personal name; retained as a proper noun rather than translated as ordinary vocabulary.
Demetrius,person,Acts 19:24,nt,,,,,,,Source text carries this as a personal name; retained as a proper noun rather than translated as ordinary vocabulary.
Ephesians,people_group,Acts 19:28,nt,,,,,,,Ethnic or group proper noun; retained as a people-name rather than translated as ordinary vocabulary.
Greece,place,Acts 20:2,nt,Greece,Greece,,meaning uncertain/not securely attested in the consulted name dictionaries,UKJV same-reference name-order alignment,aligned,Place-name meaning: Greece — meaning uncertain/not securely attested in the consulted name dictionaries. Source form: Greece. Equivalent source: UKJV same-reference name-order alignment.
Sopater,person,Acts 20:4,nt,,,,,,,Source text carries this as a personal name; retained as a proper noun rather than translated as ordinary vocabulary.
Thessalonians,people_group,Acts 20:4,nt,,,,,,,Ethnic or group proper noun; retained as a people-name rather than translated as ordinary vocabulary.
Secundus,person,Acts 20:4,nt,,,,,,,Source text carries this as a personal name; retained as a proper noun rather than translated as ordinary vocabulary.
Trophimus,person,Acts 20:4,nt,,,,,,,Source text carries this as a personal name; retained as a proper noun rather than translated as ordinary vocabulary.
Eutychus,person,Acts 20:9,nt,,,,,,,Source text carries this as a personal name; retained as a proper noun rather than translated as ordinary vocabulary.
Assos,place,Acts 20:13,nt,Asso,Assos,ασσον,meaning uncertain/not securely attested in the consulted name dictionaries,UKJV same-reference name-order alignment,aligned,Place-name meaning: Asso — meaning uncertain/not securely attested in the consulted name dictionaries. Standard English equivalent: Asso. Source form: Assos. Greek form: ασσον. Equivalent source: UKJV same-reference name-order alignment.
Mitylene,place,Acts 20:14,nt,Mitylene,Mitylene,μιτυληνην,purity; cleansing; press,UKJV same-reference name-order alignment,aligned,Place-name meaning: Mitylene — purity; cleansing; press. Source form: Mitylene. Greek form: μιτυληνην. Equivalent source: UKJV same-reference name-order alignment.
Chios,place,Acts 20:15,nt,Chio,Chios,χιου,meaning uncertain/not securely attested in the consulted name dictionaries,UKJV same-reference name-order alignment,aligned,Place-name meaning: Chio — meaning uncertain/not securely attested in the consulted name dictionaries. Standard English equivalent: Chio. Source form: Chios. Greek form: χιου. Equivalent source: UKJV same-reference name-order alignment.
Samos,place,Acts 20:15,nt,Samo,Samos,σαμον,meaning uncertain/not securely attested in the consulted name dictionaries,UKJV same-reference name-order alignment,aligned,Place-name meaning: Samo — meaning uncertain/not securely attested in the consulted name dictionaries. Standard English equivalent: Samo. Source form: Samos. Greek form: σαμον. Equivalent source: UKJV same-reference name-order alignment.
Trogyllium,place,Acts 20:15,nt,Trogyllium,Trogyllium,τρωγυλλιω,meaning uncertain/not securely attested in the consulted name dictionaries,UKJV same-reference name-order alignment,aligned,Place-name meaning: Trogyllium — meaning uncertain/not securely attested in the consulted name dictionaries. Source form: Trogyllium. Greek form: τρωγυλλιω. Equivalent source: UKJV same-reference name-order alignment.
Miletus,place,Acts 20:15,nt,Miletu,Miletus,μιλητον,meaning uncertain/not securely attested in the consulted name dictionaries,UKJV same-reference name-order alignment,aligned,Place-name meaning: Miletu — meaning uncertain/not securely attested in the consulted name dictionaries. Standard English equivalent: Miletu. Source form: Miletus. Greek form: μιλητον. Equivalent source: UKJV same-reference name-order alignment.
Rhodes,place,Acts 21:1,nt,Rhode,Rhodes,ροδον,meaning uncertain/not securely attested in the consulted name dictionaries,UKJV same-reference name-order alignment,aligned,Place-name meaning: Rhode — meaning uncertain/not securely attested in the consulted name dictionaries. Standard English equivalent: Rhode. Source form: Rhodes. Greek form: ροδον. Equivalent source: UKJV same-reference name-order alignment.
Patara,place,Acts 21:1,nt,Patara,Patara,παταρα,trodden under foot,UKJV same-reference name-order alignment,aligned,Place-name meaning: Patara — trodden under foot. Source form: Patara. Greek form: παταρα. Equivalent source: UKJV same-reference name-order alignment.
Mnason,person,Acts 21:16,nt,,,,,,,Source text carries this as a personal name; retained as a proper noun rather than translated as ordinary vocabulary.
Ephesian,people_group,Acts 21:29,nt,,,,,,,Ethnic or group proper noun; retained as a people-name rather than translated as ordinary vocabulary.
Lysias,person,Acts 23:26,nt,,,,,,,Source text carries this as a personal name; retained as a proper noun rather than translated as ordinary vocabulary.
Antipatris,place,Acts 23:31,nt,Antipatri,Antipatris,αντιπατριδα,meaning uncertain/not securely attested in the consulted name dictionaries,UKJV same-reference name-order alignment,aligned,Place-name meaning: Antipatri — meaning uncertain/not securely attested in the consulted name dictionaries. Standard English equivalent: Antipatri. Source form: Antipatris. Greek form: αντιπατριδα. Equivalent source: UKJV same-reference name-order alignment.
Tertullus,person,Acts 24:1,nt,,,,,,,Source text carries this as a personal name; retained as a proper noun rather than translated as ordinary vocabulary.
Nazarenes,people_group,Acts 24:5,nt,,,,,,,Ethnic or group proper noun; retained as a people-name rather than translated as ordinary vocabulary.
Drusilla,person,Acts 24:24,nt,,,,,,,Source text carries this as a personal name; retained as a proper noun rather than translated as ordinary vocabulary.
Christian,people_group,Acts 26:28,nt,,,,,,,Ethnic or group proper noun; retained as a people-name rather than translated as ordinary vocabulary.
Julius,person,Acts 27:1,nt,,,,,,,Source text carries this as a personal name; retained as a proper noun rather than translated as ordinary vocabulary.
Adramyttium,place,Acts 27:2,nt,Adramyttium,Adramyttium,αδραμυττηνω,the court of death,UKJV same-reference name-order alignment,aligned,Place-name meaning: Adramyttium — the court of death. Source form: Adramyttium. Greek form: αδραμυττηνω. Equivalent source: UKJV same-reference name-order alignment.
Macedonian,people_group,Acts 27:2,nt,,,,,,,Ethnic or group proper noun; retained as a people-name rather than translated as ordinary vocabulary.
Myra,place,Acts 27:5,nt,Myra,Myra,μυρα,I flow; pour out; weep,UKJV same-reference name-order alignment,aligned,Place-name meaning: Myra — I flow; pour out; weep. Source form: Myra. Greek form: μυρα. Equivalent source: UKJV same-reference name-order alignment.
Lycia,place,Acts 27:5,nt,Lycia,Lycia,λυκιας,meaning uncertain/not securely attested in the consulted name dictionaries,UKJV same-reference name-order alignment,aligned,Place-name meaning: Lycia — meaning uncertain/not securely attested in the consulted name dictionaries. Source form: Lycia. Greek form: λυκιας. Equivalent source: UKJV same-reference name-order alignment.
Cnidus,place,Acts 27:7,nt,Cnidu,Cnidus,κνιδον,meaning uncertain/not securely attested in the consulted name dictionaries,UKJV same-reference name-order alignment,aligned,Place-name meaning: Cnidu — meaning uncertain/not securely attested in the consulted name dictionaries. Standard English equivalent: Cnidu. Source form: Cnidus. Greek form: κνιδον. Equivalent source: UKJV same-reference name-order alignment.
Crete,place,Acts 27:7,nt,Crete,Crete,κρητην,carnal; fleshly,UKJV same-reference name-order alignment,aligned,Place-name meaning: Crete — carnal; fleshly. Source form: Crete. Greek form: κρητην. Equivalent source: UKJV same-reference name-order alignment.
Salmone,place,Acts 27:7,nt,Salmone,Salmone,σαλμωνην,meaning uncertain/not securely attested in the consulted name dictionaries,UKJV same-reference name-order alignment,aligned,Place-name meaning: Salmone — meaning uncertain/not securely attested in the consulted name dictionaries. Source form: Salmone. Greek form: σαλμωνην. Equivalent source: UKJV same-reference name-order alignment.
Lasea,place,Acts 27:8,nt,Lasea,Lasea,λασαια,thick; wise,UKJV same-reference name-order alignment,aligned,Place-name meaning: Lasea — thick; wise. Source form: Lasea. Greek form: λασαια. Equivalent source: UKJV same-reference name-order alignment.
Publius,person,Acts 28:7,nt,,,,,,,Source text carries this as a personal name; retained as a proper noun rather than translated as ordinary vocabulary.
Syracuse,place,Acts 28:12,nt,Syracuse,Syracuse,συρακουσας,that draws violently,UKJV same-reference name-order alignment,aligned,Place-name meaning: Syracuse — that draws violently. Source form: Syracuse. Greek form: συρακουσας. Equivalent source: UKJV same-reference name-order alignment.
Rhegium,place,Acts 28:13,nt,Rhegium,Rhegium,ρηγιον,rupture; fracture,UKJV same-reference name-order alignment,aligned,Place-name meaning: Rhegium — rupture; fracture. Source form: Rhegium. Greek form: ρηγιον. Equivalent source: UKJV same-reference name-order alignment.
Puteoli,place,Acts 28:13,nt,Puteoli,Puteoli,ποτιολους,sulphureous wells,UKJV same-reference name-order alignment,aligned,Place-name meaning: Puteoli — sulphureous wells. Source form: Puteoli. Greek form: ποτιολους. Equivalent source: UKJV same-reference name-order alignment.
Israelites,people_group,Romans 9:4,nt,,,,,,,Ethnic or group proper noun; retained as a people-name rather than translated as ordinary vocabulary.
Rebecca,person,Romans 9:10,nt,,,,,,,Source text carries this as a personal name; retained as a proper noun rather than translated as ordinary vocabulary.
Sabaoth,transliterated_form,Romans 9:29,nt,LORD of hosts,Sabaoth,σαβαωθ,Yahweh of armies; Lord of heavenly hosts,manual/standard English equivalent,manual,Standard English equivalent: LORD of hosts. Source form: Sabaoth. Greek form: σαβαωθ. Name meaning: Yahweh of armies; Lord of heavenly hosts. Equivalent source: manual/standard English equivalent.
Sodoma,transliterated_form,Romans 9:29,nt,Sodom,Sodoma,σοδομα,their secret; their cement,manual/standard English equivalent,manual,Standard English equivalent: Sodom. Source form: Sodoma. Greek form: σοδομα. Name meaning: their secret; their cement. Equivalent source: manual/standard English equivalent.
Illyricum,place,Romans 15:19,nt,Illyricum,Illyricum,ιλλυρικου,joy; rejoicing,UKJV same-reference name-order alignment,aligned,Place-name meaning: Illyricum — joy; rejoicing. Source form: Illyricum. Greek form: ιλλυρικου. Equivalent source: UKJV same-reference name-order alignment.
Spain,place,Romans 15:24,nt,Spain,Spain,σπανιαν,rare; precious,UKJV same-reference name-order alignment,aligned,Place-name meaning: Spain — rare; precious. Source form: Spain. Greek form: σπανιαν. Equivalent source: UKJV same-reference name-order alignment.
Epaenetus,person,Romans 16:5,nt,,,,,,,Source text carries this as a personal name; retained as a proper noun rather than translated as ordinary vocabulary.
Andronicus,person,Romans 16:7,nt,,,,,,,Source text carries this as a personal name; retained as a proper noun rather than translated as ordinary vocabulary.
Junia,person,Romans 16:7,nt,,,,,,,Source text carries this as a personal name; retained as a proper noun rather than translated as ordinary vocabulary.
Stachys,person,Romans 16:9,nt,,,,,,,Source text carries this as a personal name; retained as a proper noun rather than translated as ordinary vocabulary.
Apelles,person,Romans 16:10,nt,,,,,,,Source text carries this as a personal name; retained as a proper noun rather than translated as ordinary vocabulary.
Aristobulus,person,Romans 16:10,nt,,,,,,,Source text carries this as a personal name; retained as a proper noun rather than translated as ordinary vocabulary.
Herodion,person,Romans 16:11,nt,,,,,,,Source text carries this as a personal name; retained as a proper noun rather than translated as ordinary vocabulary.
Narcissus,person,Romans 16:11,nt,,,,,,,Source text carries this as a personal name; retained as a proper noun rather than translated as ordinary vocabulary.
Tryphosa,person,Romans 16:12,nt,,,,,,,Source text carries this as a personal name; retained as a proper noun rather than translated as ordinary vocabulary.
Persis,person,Romans 16:12,nt,,,,,,,Source text carries this as a personal name; retained as a proper noun rather than translated as ordinary vocabulary.
Asyncritus,person,Romans 16:14,nt,,,,,,,Source text carries this as a personal name; retained as a proper noun rather than translated as ordinary vocabulary.
Phlegon,person,Romans 16:14,nt,,,,,,,Source text carries this as a personal name; retained as a proper noun rather than translated as ordinary vocabulary.
Hermas,person,Romans 16:14,nt,,,,,,,Source text carries this as a personal name; retained as a proper noun rather than translated as ordinary vocabulary.
Patrobas,person,Romans 16:14,nt,,,,,,,Source text carries this as a personal name; retained as a proper noun rather than translated as ordinary vocabulary.
Hermes,supernatural_being,Romans 16:14,nt,,,,,,,Source text carries this as a divine or supernatural name/title; retained as a proper noun.
Philologus,person,Romans 16:15,nt,,,,,,,Source text carries this as a personal name; retained as a proper noun rather than translated as ordinary vocabulary.
Julia,person,Romans 16:15,nt,,,,,,,Source text carries this as a personal name; retained as a proper noun rather than translated as ordinary vocabulary.
Nereus,person,Romans 16:15,nt,,,,,,,Source text carries this as a personal name; retained as a proper noun rather than translated as ordinary vocabulary.
Olympas,person,Romans 16:15,nt,,,,,,,Source text carries this as a personal name; retained as a proper noun rather than translated as ordinary vocabulary.
Sosipater,person,Romans 16:21,nt,,,,,,,Source text carries this as a personal name; retained as a proper noun rather than translated as ordinary vocabulary.
Tertius,person,Romans 16:22,nt,,,,,,,Source text carries this as a personal name; retained as a proper noun rather than translated as ordinary vocabulary.
Quartus,person,Romans 16:23,nt,,,,,,,Source text carries this as a personal name; retained as a proper noun rather than translated as ordinary vocabulary.
Silvanus,person,2 Corinthians 1:19,nt,,,,,,,Source text carries this as a personal name; retained as a proper noun rather than translated as ordinary vocabulary.
Belial,supernatural_being,2 Corinthians 6:15,nt,,,,,,,Source text carries this as a divine or supernatural name/title; retained as a proper noun.
Aretas,person,2 Corinthians 11:32,nt,,,,,,,Source text carries this as a personal name; retained as a proper noun rather than translated as ordinary vocabulary.
Damascenes,people_group,2 Corinthians 11:32,nt,,,,,,,Ethnic or group proper noun; retained as a people-name rather than translated as ordinary vocabulary.
Arabia,place,Galatians 1:17,nt,Arabia,Arabia,αραβιαν,evening; desert; ravens,UKJV same-reference name-order alignment,aligned,Place-name meaning: Arabia — evening; desert; ravens. Source form: Arabia. Greek form: αραβιαν. Equivalent source: UKJV same-reference name-order alignment.
Galatians,people_group,Galatians 3:1,nt,,,,,,,Ethnic or group proper noun; retained as a people-name rather than translated as ordinary vocabulary.
Sinai,place,Galatians 4:24,nt,Sinai,Sinai,σινα,a bush; enmity,UKJV same-reference name-order alignment,aligned,Place-name meaning: Sinai — a bush; enmity. Source form: Sinai. Greek form: σινα. Equivalent source: UKJV same-reference name-order alignment.
Philippians,people_group,Philippians 4:15,nt,,,,,,,Ethnic or group proper noun; retained as a people-name rather than translated as ordinary vocabulary.
Laodicea,place,Colossians 2:1,nt,Laodicea,Laodicea,λαοδικεια,just people,UKJV same-reference name-order alignment,aligned,Place-name meaning: Laodicea — just people. Source form: Laodicea. Greek form: λαοδικεια. Equivalent source: UKJV same-reference name-order alignment.
Hierapolis,place,Colossians 4:13,nt,Hierapoli,Hierapolis,ιεραπολει,meaning uncertain/not securely attested in the consulted name dictionaries,UKJV same-reference name-order alignment,aligned,Place-name meaning: Hierapoli — meaning uncertain/not securely attested in the consulted name dictionaries. Standard English equivalent: Hierapoli. Source form: Hierapolis. Greek form: ιεραπολει. Equivalent source: UKJV same-reference name-order alignment.
Laodiceans,people_group,Colossians 4:16,nt,,,,,,,Ethnic or group proper noun; retained as a people-name rather than translated as ordinary vocabulary.
Lois,person,2 Timothy 1:5,nt,,,,,,,Source text carries this as a personal name; retained as a proper noun rather than translated as ordinary vocabulary.
Eunice,person,2 Timothy 1:5,nt,,,,,,,Source text carries this as a personal name; retained as a proper noun rather than translated as ordinary vocabulary.
Philetus,person,2 Timothy 2:17,nt,,,,,,,Source text carries this as a personal name; retained as a proper noun rather than translated as ordinary vocabulary.
Jannes,person,2 Timothy 3:8,nt,,,,,,,Source text carries this as a personal name; retained as a proper noun rather than translated as ordinary vocabulary.
Jambres,person,2 Timothy 3:8,nt,,,,,,,Source text carries this as a personal name; retained as a proper noun rather than translated as ordinary vocabulary.
Dalmatia,place,2 Timothy 4:10,nt,Dalmatia,Dalmatia,δαλματιαν,deceitful lamps; vain brightness,UKJV same-reference name-order alignment,aligned,Place-name meaning: Dalmatia — deceitful lamps; vain brightness. Source form: Dalmatia. Greek form: δαλματιαν. Equivalent source: UKJV same-reference name-order alignment.
Carpus,person,2 Timothy 4:13,nt,,,,,,,Source text carries this as a personal name; retained as a proper noun rather than translated as ordinary vocabulary.
Prisca,person,2 Timothy 4:19,nt,,,,,,,Source text carries this as a personal name; retained as a proper noun rather than translated as ordinary vocabulary.
Nicopolis,place,Titus 3:12,nt,Nicopoli,Nicopolis,νικοπολιν,meaning uncertain/not securely attested in the consulted name dictionaries,UKJV same-reference name-order alignment,aligned,Place-name meaning: Nicopoli — meaning uncertain/not securely attested in the consulted name dictionaries. Standard English equivalent: Nicopoli. Source form: Nicopolis. Greek form: νικοπολιν. Equivalent source: UKJV same-reference name-order alignment.
Majesty,supernatural_being,Hebrews 1:3,nt,,,,,,,Source text carries this as a divine or supernatural name/title; retained as a proper noun.
Salem,place,Hebrews 7:1,nt,Salem,Salem,σαλημ,complete or perfect peace,UKJV same-reference name-order alignment,aligned,Place-name meaning: Salem — complete or perfect peace. Source form: Salem. Greek form: σαλημ. Equivalent source: UKJV same-reference name-order alignment.
Barak,person,Hebrews 11:32,nt,,,,,,,Source text carries this as a personal name; retained as a proper noun rather than translated as ordinary vocabulary.
Bosor,place,2 Peter 2:15,nt,Bosor,Bosor,βοσορ,meaning uncertain/not securely attested in the consulted name dictionaries,UKJV same-reference name-order alignment,aligned,Place-name meaning: Bosor — meaning uncertain/not securely attested in the consulted name dictionaries. Source form: Bosor. Greek form: βοσορ. Equivalent source: UKJV same-reference name-order alignment.
Michael,supernatural_being,Jude 1:9,nt,,,,,,,Source text carries this as a divine or supernatural name/title; retained as a proper noun.
Patmos,place,Revelation 1:9,nt,Patmo,Patmos,πατμω,meaning uncertain/not securely attested in the consulted name dictionaries,UKJV same-reference name-order alignment,aligned,Place-name meaning: Patmo — meaning uncertain/not securely attested in the consulted name dictionaries. Standard English equivalent: Patmo. Source form: Patmos. Greek form: πατμω. Equivalent source: UKJV same-reference name-order alignment.
Smyrna,place,Revelation 1:11,nt,Smyrna,Smyrna,σμυρναν,myrrh,UKJV same-reference name-order alignment,aligned,Place-name meaning: Smyrna — myrrh. Source form: Smyrna. Greek form: σμυρναν. Equivalent source: UKJV same-reference name-order alignment.
Sardis,place,Revelation 1:11,nt,Sardi,Sardis,σαρδεις,meaning uncertain/not securely attested in the consulted name dictionaries,UKJV same-reference name-order alignment,aligned,Place-name meaning: Sardi — meaning uncertain/not securely attested in the consulted name dictionaries. Standard English equivalent: Sardi. Source form: Sardis. Greek form: σαρδεις. Equivalent source: UKJV same-reference name-order alignment.
Philadelphia,place,Revelation 1:11,nt,Philadelphia,Philadelphia,φιλαδελφειαν,love of a brother,UKJV same-reference name-order alignment,aligned,Place-name meaning: Philadelphia — love of a brother. Source form: Philadelphia. Greek form: φιλαδελφειαν. Equivalent source: UKJV same-reference name-order alignment.
Antipas,person,Revelation 2:13,nt,,,,,,,Source text carries this as a personal name; retained as a proper noun rather than translated as ordinary vocabulary.
Jezebel,person,Revelation 2:20,nt,,,,,,,Source text carries this as a personal name; retained as a proper noun rather than translated as ordinary vocabulary.
Abaddon,supernatural_being,Revelation 9:11,nt,,,,,,,Source text carries this as a divine or supernatural name/title; retained as a proper noun.
Apollyon,supernatural_being,Revelation 9:11,nt,,,,,,,Source text carries this as a divine or supernatural name/title; retained as a proper noun.
Euphrates,place,Revelation 9:14,nt,Euphrate,Euphrates,ευφρατη,meaning uncertain/not securely attested in the consulted name dictionaries,UKJV same-reference name-order alignment,aligned,Place-name meaning: Euphrate — meaning uncertain/not securely attested in the consulted name dictionaries. Standard English equivalent: Euphrate. Source form: Euphrates. Greek form: ευφρατη. Equivalent source: UKJV same-reference name-order alignment.
Armageddon,place,Revelation 16:16,nt,Armageddon,Armageddon,αρμαγεδδων,hill of fruits; mountain of Megiddo,UKJV same-reference name-order alignment,aligned,Place-name meaning: Armageddon — hill of fruits; mountain of Megiddo. Source form: Armageddon. Greek form: αρμαγεδδων. Equivalent source: UKJV same-reference name-order alignment.
Gog,people_group,Revelation 20:8,nt,,,,,,,Ethnic or group proper noun; retained as a people-name rather than translated as ordinary vocabulary.
