ref,book_code,book_name,chapter,verse,greek_text,transliteration,literal_gloss,syntax_notes,draft_translation
Tobit 1:1,TOB,Tobit,1,1,"ΒΙΒΛΟΣ λόγων Τωβίτ, τοῦ Τωβιήλ, τοῦ Ἀνανιήλ, τοῦ Ἀδουήλ, τοῦ Γαβαήλ, ἐκ τοῦ σπέρματος Ἀσιήλ, ἐκ τῆς φυλῆς Νεφθαλίμ,",,,Source footnote: ΚΑΤΑ ΤΟΥΣ ΚΩΔΙΚΕΣ Β' ΚΑΙ Α',
Tobit 1:2,TOB,Tobit,1,2,"ὃς ᾐχμαλωτεύθη ἐν ἡμέραις Ἐνεμεσσάρου τοῦ βασιλέως Ἀσσυρίων ἐκ Θίσβης, ἥ ἐστιν ἐκ δεξιῶν Κυδίως τῆς Νεφθαλὶ ἐν τῇ Γαλιλαίᾳ ὑπεράνω Ἀσήρ. ἐγὼ Τωβὶτ ὁδοῖς ἀληθείας ἐπορευόμην καὶ δικαιοσύνης πάσας τὰς ἡμέρας τῆς ζωῆς μου",,,,
Tobit 1:3,TOB,Tobit,1,3,"καὶ ἐλεημοσύνας πολλὰς ἐποίησα τοῖς ἀδελφοῖς μου καὶ τῷ ἔθνει, τοῖς προπορευθεῖσι μετ᾿ ἐμοῦ εἰς χώραν Ἀσσυρίων εἰς Νινευῆ.",,,,
Tobit 1:4,TOB,Tobit,1,4,"καὶ ὅτε ἤμην ἐν τῇ χώρᾳ μου ἐν τῇ γῇ Ἰσραὴλ νεωτέρου μου ὄντος, πᾶσα φυλὴ τοῦ Νεφθαλὶμ τοῦ πατρός μου ἀπέστη ἀπὸ τοῦ οἴκου Ἱερουσολύμων, τῆς ἐκλεγείσης ἀπὸ πασῶν τῶν φυλῶν Ἰσραὴλ εἰς τὸ θυσιάζειν πάσας τὰς φυλάς· καὶ ἡγιάσθη ὁ ναὸς τῆς κατασκηνώσεως τοῦ Ὑψίστου καὶ ᾠκοδομήθη εἰς πάσας τὰς γενεὰς τοῦ αἰῶνος.",,,,
Tobit 1:5,TOB,Tobit,1,5,καὶ πᾶσαι αἱ φυλαὶ αἱ συναποστᾶσαι ἔθυον τῇ Βάαλ τῇ δαμάλει καὶ ὁ οἶκος Νεφθαλὶμ τοῦ πατρός μου.,,,,
Tobit 1:6,TOB,Tobit,1,6,"κἀγὼ μόνος ἐπορευόμην πλεονάκις εἰς Ἱεροσόλυμα ἐν ταῖς ἑορταῖς, καθὼς γέγραπται παντὶ τῷ Ἰσραὴλ ἐν προστάγματι αἰωνίῳ, τὰς ἀπαρχὰς καὶ τὰς δεκάτας τῶν γεννημάτων καὶ τὰς πρωτοκουρίας ἔχων·",,,,
Tobit 1:7,TOB,Tobit,1,7,"καὶ ἐδίδουν αὐτὰς τοῖς ἱερεῦσι τοῖς υἱοῖς Ἀαρὼν πρὸς τὸ θυσιαστήριον πάντων τῶν γεννημάτων. τὴν δεκάτην ἐδίδουν τοῖς υἱοῖς Λευὶ τοῖς θεραπεύουσιν εἰς Ἱερουσαλήμ, καὶ τὴν δευτέραν δεκάτην ἀπεπρατιζόμην καὶ ἐπορευόμην καὶ ἐδαπάνων αὐτὰ ἐν Ἱεροσολύμοις καθ᾿ ἕκαστον ἐνιαυτόν.",,,,
Tobit 1:8,TOB,Tobit,1,8,"καὶ τὴν τρίτην ἐδίδουν οἷς καθήκει, καθὼς ἐνετείλατο Δεββώρα ἡ μήτηρ τοῦ πατρός μου, διότι ὀρφανὸς κατελείφθην ὑπὸ τοῦ πατρός μου.",,,,
Tobit 1:9,TOB,Tobit,1,9,"καὶ ὅτε ἐγενόμην ἀνήρ, ἔλαβον Ἄνναν γυναῖκα ἐκ τοῦ σπέρματος τῆς πατριᾶς ἡμῶν καὶ ἐγέννησα ἐξ αὐτῆς Τωβίαν.",,,,
Tobit 1:10,TOB,Tobit,1,10,"καὶ ὅτε ᾐχμαλωτίσθημεν εἰς Νινευῆ, πάντες οἱ ἀδελφοί μου καὶ οἱ ἐκ τοῦ γένους μου ἤσθιον ἐκ τῶν ἄρτων τῶν ἐθνῶν·",,,,
Tobit 1:11,TOB,Tobit,1,11,"ἐγὼ δὲ συνετήρησα τὴν ψυχήν μου μὴ φαγεῖν,",,,,
Tobit 1:12,TOB,Tobit,1,12,καθότι ἐμεμνήμην τοῦ Θεοῦ ἐν ὅλῃ τῇ ψυχῇ μου.,,,,
Tobit 1:13,TOB,Tobit,1,13,"καὶ ἔδωκεν ὁ ¨Υψιστος χάριν καὶ μορφὴν ἐνώπιον Ἐνεμεσσάρου, καὶ ἤμην αὐτοῦ ἀγοραστής·",,,,
Tobit 1:14,TOB,Tobit,1,14,καὶ ἐπορευόμην εἰς τὴν Μηδίαν καὶ παρεθέμην Γαβαήλῳ τῷ ἀδελφῷ Γαβρία ἐν Ράγοις τῆς Μηδίας ἀργυρίου τάλαντα δέκα.,,,,
Tobit 1:15,TOB,Tobit,1,15,"Καὶ ὅτε ἀπέθανεν Ἐνεμεσσάρ, ἐβασίλευσε Σενναχηρὶμ ὁ υἱὸς αὐτοῦ ἀντ᾿ αὐτοῦ, καὶ αἱ ὁδοὶ αὐτοῦ ἠκαταστάθησαν, καὶ οὐκ ἔτι ἠδυνάσθην πορευθῆναι εἰς τὴν Μηδίαν.",,,,
Tobit 1:16,TOB,Tobit,1,16,καὶ ἐν ταῖς ἡμέραις Ἐνεμεσσάρου ἐλεημοσύνας πολλὰς ἐποίουν τοῖς ἀδελφοῖς μου·,,,,
Tobit 1:17,TOB,Tobit,1,17,"τοὺς ἄρτους μου ἐδίδουν τοῖς πεινῶσι καὶ ἱμάτια τοῖς γυμνοῖς, καὶ εἴ τινα ἐκ τοῦ γένους μου ἐθεώρουν τεθνηκότα καὶ ἐρριμμένον ὀπίσω τοῦ τείχους Νινευῆ, ἔθαπτον αὐτόν.",,,,
Tobit 1:18,TOB,Tobit,1,18,"καὶ εἴ τινα ἀπέκτεινε Σενναχηρὶμ ὁ βασιλεύς, ὅτε ἦλθε φεύγων ἐκ τῆς Ἰουδαίας, ἔθαψα αὐτοὺς κλέπτων· πολλοὺς γὰρ ἀπέκτεινεν ἐν τῷ θυμῷ αὐτοῦ· καὶ ἐζητήθη ὑπὸ τοῦ βασιλέως τὰ σώματα, καὶ οὐχ εὑρέθη.",,,,
Tobit 1:19,TOB,Tobit,1,19,"πορευθεὶς δὲ εἷς τῶν ἐν Νινευῆ, ὑπέδειξε τῷ βασιλεῖ περὶ ἐμοῦ ὅτι θάπτω αὐτούς, καὶ ἐκρύβην· ἐπιγνοὺς δὲ ὅτι ζητοῦμαι ἀποθανεῖν, φοβηθεὶς ἀνεχώρησα.",,,,
Tobit 1:20,TOB,Tobit,1,20,"καὶ διηρπάγη πάντα τὰ ὑπάρχοντά μου, καὶ οὐ κατελείφθη μοι οὐδὲν πλὴν Ἄννας τῆς γυναικός μου καὶ Τωβίου τοῦ υἱοῦ μου.",,,,
Tobit 1:21,TOB,Tobit,1,21,"καὶ οὐ διῆλθον ἡμέρας πεντήκοντα, ἕως οὗ ἀπέκτειναν αὐτὸν οἱ δύο υἱοὶ αὐτοῦ καὶ ἔφυγον εἰς τὰ ὄρη Ἀραράθ, καὶ ἐβασίλευσε Σαχερδονὸς υἱὸς αὐτοῦ ἀντ᾿ αὐτοῦ, καὶ ἔταξεν Ἀχιάχαρον τὸν Ἀναὴλ υἱὸν τοῦ ἀδελφοῦ μου ἐπὶ πᾶσαν τὴν ἐκλογιστίαν τῆς βασιλείας αὐτοῦ καὶ ἐπὶ πᾶσαν τήν διοίκησιν.",,,,
Tobit 1:22,TOB,Tobit,1,22,"καὶ ἠξίωσεν Ἀχιάχαρος περὶ ἐμοῦ, καὶ ἦλθον εἰς Νινευῆ. Ἀχιάχαρος δὲ ἦν ὁ οἰνοχόος καὶ ἐπὶ τοῦ δακτυλίου καὶ διοικητὴς καὶ ἐκλογιστής, καὶ κατέστησεν αὐτὸν ὁ Σαχερδονὸς ἐκ δευτέρας· ἦν δὲ ἐξάδελφός μου.",,,,
Tobit 2:1,TOB,Tobit,2,1,"ΟΤΕ δὲ κατῆλθον εἰς τὸν οἶκόν μου καὶ ἀπεδόθη μοι Ἄννα ἡ γυνή μου, καὶ Τωβίας ὁ υἱός μου, ἐν τῇ πεντηκοστῇ ἑορτῇ, ἥ ἐστιν ἁγία ἑπτὰ ἑβδομάδων, ἐγενήθη ἄριστον καλόν μοι, καὶ ἀνέπεσα τοῦ φαγεῖν.",,,,
Tobit 2:2,TOB,Tobit,2,2,"καὶ ἐθεασάμην ὄψα πολλὰ καὶ εἶπα τῷ υἱῷ μου· βάδισον καὶ ἄγαγε ὃν ἂν εὕρῃς τῶν ἀδελφῶν ἡμῶν ἐνδεῆ, ὃς μέμνηται τοῦ Κυρίου, καὶ ἰδοὺ μένω σε.",,,,
Tobit 2:3,TOB,Tobit,2,3,"καὶ ἐλθὼν εἶπε· πάτερ, εἷς ἐκ τοῦ γένους ἡμῶν ἐστραγγαλωμένος ἔρριπται ἐν τῇ ἀγορᾷ.",,,,
Tobit 2:4,TOB,Tobit,2,4,"κἀγὼ πρὶν ἢ γεύσασθαί με, ἀναπηδήσας ἀνειλόμην αὐτὸν εἴς τι οἴκημα, ἕως οὗ ἔδυ ὁ ἥλιος.",,,,
Tobit 2:5,TOB,Tobit,2,5,καὶ ἐπιστρέψας ἐλουσάμην καὶ ἤσθιον τὸν ἄρτον μου ἐν λύπῃ·,,,,
Tobit 2:6,TOB,Tobit,2,6,"καὶ ἐμνήσθην τῆς προφητείας Ἀμώς, καθὼς εἶπε· στραφήσονται αἱ ἑορταὶ ὑμῶν εἰς πένθος καὶ πᾶσαι αἱ εὐφροσύναι ὑμῶν εἰς θρῆνον,",,,,
Tobit 2:7,TOB,Tobit,2,7,"καὶ ἔκλαυσα. καὶ ὅτε ἔδυ ὁ ἥλιος, ᾠχόμην καὶ ὀρύξας ἔθαψα αὐτόν.",,,,
Tobit 2:8,TOB,Tobit,2,8,"καὶ οἱ πλησίον ἐπεγέλων λέγοντες· οὐκ ἔτι φοβεῖται φονευθῆναι περὶ τοῦ πράγματος τούτου, καὶ ἀπέδρα, καὶ ἰδοὺ πάλιν θάπτει τοὺς νεκρούς.",,,,
Tobit 2:9,TOB,Tobit,2,9,"καὶ ἐν αὐτῇ τῇ νυκτὶ ἀνέλυσα θάψας καὶ ἐκοιμήθην μεμιαμμένος παρὰ τὸν τοῖχον τῆς αὐλῆς, καὶ τὸ πρόσωπόν μου ἀκάλυπτον ἦν.",,,,
Tobit 2:10,TOB,Tobit,2,10,"καὶ οὐκ ᾔδειν ὅτι στρουθία ἐν τῷ τοίχῳ ἐστί, καὶ τῶν ὀφθαλμῶν μου ἀνεῳγότων, ἀφώδευσαν τὰ στρουθία θερμὸν εἰς τοὺς ὀφθαλμούς μου, καὶ ἐγενήθη λευκώματα ἐν τοῖς ὀφθαλμοῖς μου. καὶ ἐπορεύθην πρὸς ἰατρούς, καὶ οὐκ ὠφέλησάν με· Ἀχιάχαρος δὲ ἔτρεφέ με, ἕως οὗ ἐπορεύθην εἰς τὴν Ἐλυμαΐδα.",,,,
Tobit 2:11,TOB,Tobit,2,11,καὶ ἡ γυνή μου Ἄννα ἠριθεύετο ἐν τοῖς γυναικείοις·,,,,
Tobit 2:12,TOB,Tobit,2,12,"καὶ ἀπέστελλε τοῖς κυρίοις, καὶ ἀπέδωκαν αὐτῇ καὶ αὐτοὶ τὸν μισθὸν προσδόντες καὶ ἔριφον.",,,,
Tobit 2:13,TOB,Tobit,2,13,"ὅτε δὲ ἦλθε πρός με, ἤρξατο κράζειν· καὶ εἶπα αὐτῇ· πόθεν τὸ ἐρίφιον; μὴ κλεψιμαῖόν ἐστιν; ἀπόδος αὐτὸ τοῖς κυρίοις· οὐ γὰρ θεμιτόν ἐστι φαγεῖν κλεψιμαῖον.",,,,
Tobit 2:14,TOB,Tobit,2,14,ἡ δὲ εἶπε· δῶρον δέδοταί μοι ἐπὶ τῷ μισθῷ. καὶ οὐκ ἐπίστευον αὐτῇ καὶ ἔλεγον ἀποδιδόναι αὐτὸ τοῖς κυρίοις καί ἠρυθρίων πρὸς αὐτήν· ἡ δὲ ἀποκριθεῖσα εἶπέ μοι· ποῦ εἰσιν αἱ ἐλεημοσύναι σου καὶ αἱ δικαιοσύναι σου; ἰδοὺ γνωστὰ πάντα μετὰ σοῦ.,,,,
Tobit 3:1,TOB,Tobit,3,1,ΚΑΙ λυπηθεὶς ἔκλαυσα καὶ προσευξάμην μετ᾿ ὀδύνης λέγων·,,,,
Tobit 3:2,TOB,Tobit,3,2,"δίκαιος εἶ, Κύριε, καὶ πάντα τὰ ἔργα σου καὶ πᾶσαι αἱ ὁδοί σου ἐλεημοσύναι καὶ ἀλήθεια, καὶ κρίσιν ἀληθινὴν καὶ δικαίαν σὺ κρίνεις εἰς τὸν αἰῶνα.",,,,
Tobit 3:3,TOB,Tobit,3,3,"μνήσθητί μου καὶ ἐπίβλεψον ἐπ᾿ ἐμέ· μή με ἐκδικήσῃς ταῖς ἁμαρτίαις μου καὶ τοῖς ἀγνοήμασί μου καὶ τῶν πατέρων μου, ἃ ἥμαρτον ἐνώπιόν σου·",,,,
Tobit 3:4,TOB,Tobit,3,4,"παρήκουσαν γὰρ τῶν ἐντολῶν σου, καὶ ἔδωκας ἡμᾶς εἰς διαρπαγὴν καὶ αἰχμαλωσίαν καὶ θάνατον καὶ παραβολὴν ὀνειδισμοῦ πᾶσι τοῖς ἔθνεσιν, ἐν οἷς ἐσκορπίσμεθα.",,,,
Tobit 3:5,TOB,Tobit,3,5,"καὶ νῦν πολλαὶ αἱ κρίσεις σού εἰσι καὶ ἀληθιναὶ ἐξ ἐμοῦ ποιῆσαι περὶ τῶν ἁμαρτιῶν μου καὶ τῶν πατέρων μου, ὅτι οὐκ ἐποιήσαμεν τὰς ἐντολάς σου· οὐ γὰρ ἐπορεύθημεν ἐν ἀληθείᾳ ἐνώπιόν σου.",,,,
Tobit 3:6,TOB,Tobit,3,6,"καὶ νῦν κατὰ τὸ ἀρεστὸν ἐνώπιόν σου ποίησον μετ᾿ ἐμοῦ· ἐπίταξον ἀναλαβεῖν τὸ πνεῦμά μου, ὅπως ἀπολυθῶ καὶ γένωμαι γῆ· διότι λυσιτελεῖ μοι ἀποθανεῖν ἢ ζῆν, ὅτι ὀνειδισμοὺς ψευδεῖς ἤκουσα, καὶ λύπη ἐστὶ πολλὴ ἐν ἐμοί· ἐπίταξον ἀπολυθῆναί με τῆς ἀνάγκης ἤδη εἰς τὸν αἰώνιον τόπον, μὴ ἀποστρέψῃς τὸ πρόσωπόν σου ἀπ ᾿ ἐμοῦ.",,,,
Tobit 3:7,TOB,Tobit,3,7,"Ἐν τῇ αὐτῇ ἡμέρᾳ συνέβη τῇ θυγατρὶ Ραγουὴλ Σάρρᾳ ἐν Ἐκβατάνοις τῆς Μηδίας καὶ ταύτην ὀνειδισθῆναι ὑπὸ παιδισκῶν πατρὸς αὐτῆς,",,,,
Tobit 3:8,TOB,Tobit,3,8,"ὅτι ἦν δεδομένη ἀνδράσιν ἑπτά, καὶ Ἀσμοδαῖος τὸ πονηρὸν δαιμόνιον ἀπέκτεινεν αὐτοὺς πρὶν ἢ γενέσθαι αὐτοὺς μετ᾿ αὐτῆς ὡς ἐν γυναιξί. καὶ εἶπαν αὐτῇ· οὐ συνιεῖς ἀποπνίγουσά σου τοὺς ἄνδρας; ἤδη ἑπτὰ ἔσχες καὶ ἑνὸς αὐτῶν οὐκ ὠνομάσθης·",,,,
Tobit 3:9,TOB,Tobit,3,9,"τί ἡμᾶς μαστιγοῖς; εἰ ἀπέθαναν, βάδιζε μετ᾿ αὐτῶν· μὴ ἴδοιμέν σου υἱὸν ἢ θυγατέρα εἰς τὸν αἰῶνα.",,,,
Tobit 3:10,TOB,Tobit,3,10,"ταῦτα ἀκούσασα ἐλυπήθη σφόδρα ὥστε ἀπάγξασθαι. καὶ εἶπε· μία μέν εἰμι τῷ πατρί μου· ἐὰν ποιήσω τοῦτο, ὄνειδος αὐτῷ ἔσται, καὶ τὸ γῆρας αὐτοῦ κατάξω μετ᾿ ὀδύνης εἰς ᾅδου.",,,,
Tobit 3:11,TOB,Tobit,3,11,"καὶ ἐδεήθη πρὸς τῇ θυρίδι καὶ εἶπεν· εὐλογητὸς εἶ, Κύριε ὁ Θεός μου, καὶ εὐλογητὸν τὸ ὄνομά σου τὸ ἅγιον καὶ ἔντιμον εἰς τοὺς αἰῶνας· εὐλογήσαισάν σε πάντα τὰ ἔργα σου εἰς τὸν αἰῶνα.",,,,
Tobit 3:12,TOB,Tobit,3,12,"καὶ νῦν, Κύριε, τοὺς ὀφθαλμούς μου καὶ τὸ πρόσωπόν μου εἰς σὲ δέδωκα·",,,,
Tobit 3:13,TOB,Tobit,3,13,εἰπὸν ἀπολῦσαί με ἀπὸ τῆς γῆς καὶ μὴ ἀκοῦσαί με μηκέτι ὀνειδισμόν.,,,,
Tobit 3:14,TOB,Tobit,3,14,"σὺ γινώσκεις, Κύριε, ὅτι καθαρά εἰμι ἀπὸ πάσης ἁμαρτίας ἀνδρὸς",,,,
Tobit 3:15,TOB,Tobit,3,15,"καὶ οὐκ ἐμόλυνα τὸ ὄνομά μου οὐδὲ τὸ ὄνομα τοῦ πατρός μου ἐν τῇ γῇ τῆς αἰχμαλωσίας μου. μονογενής εἰμι τῷ πατρί μου, καὶ οὐχ ὑπάρχει αὐτῷ παιδίον, ὃ κληρονομήσει αὐτόν, οὐδὲ ἀδελφὸς ἐγγὺς οὐδὲ ὑπάρχων αὐτῷ υἱός, ἵνα συντηρήσω ἐμαυτὴν αὐτῷ γυναῖκα. ἤδη ἀπώλοντό μοι ἑπτά· ἵνα τί μοι ζῆν; καὶ εἰ μὴ δοκεῖ σοι ἀποκτεῖναί με, ἐπίταξον ἐπιβλέψαι ἐπ᾿ ἐμὲ καὶ ἐλεῆσαί με καὶ μηκέτι ἀκοῦσαί με ὀνειδισμόν.",,,,
Tobit 3:16,TOB,Tobit,3,16,"Καὶ εἰσηκούσθη προσευχὴ ἀμφοτέρων ἐνώπιον τῆς δόξης τοῦ μεγάλου Ραφαήλ,",,,,
Tobit 3:17,TOB,Tobit,3,17,"καὶ ἀπεστάλη ἰάσασθαι τοὺς δύο, τοῦ Τωβὶτ λεπίσαι τὰ λευκώματα καὶ Σάρραν τὴν τοῦ Ραγουὴλ δοῦναι Τωβίᾳ τῷ υἱῷ Τωβὶτ γυναῖκα καὶ δῆσαι Ἀσμοδαῖον τὸ πονηρὸν δαιμόνιον, διότι Τωβίᾳ ἐπιβάλλει κληρονομῆσαι αὐτήν. ἐν αὐτῷ τῷ καιρῷ ἐπιστρέψας Τωβὶτ εἰσῆλθεν εἰς τὸν οἶκον αὐτοῦ καὶ Σάρρα ἡ τοῦ Ραγουὴλ κατέβη ἐκ τοῦ ὑπερῴου αὐτῆς.",,,,
Tobit 4:1,TOB,Tobit,4,1,"ΕΝ τῇ ἡμέρᾳ ἐκείνη ἐμνήσθη Τωβὶτ περὶ τοῦ ἀργυρίου, οὗ παρέθετο Γαβαὴλ ἐν Ράγοις τῆς Μηδίας,",,,,
Tobit 4:2,TOB,Tobit,4,2,"καὶ εἶπεν ἐν ἑαυτῷ· ἐγὼ ᾐτησάμην θάνατον, τί οὐ καλῶ Τωβίαν τὸν υἱόν μου, ἵνα αὐτῷ ὑποδείξω πρὶν ἀποθανεῖν με;",,,,
Tobit 4:3,TOB,Tobit,4,3,"καὶ καλέσας αὐτὸν εἶπε· παιδίον, ἐὰν ἀποθάνω, θάψον με, καὶ μὴ ὑπερίδῃς τὴν μητέρα σου· τίμα αὐτὴν πάσας τὰς ἡμέρας τῆς ζωῆς σου καὶ ποίει τὸ ἀρεστὸν αὐτῇ καὶ μὴ λυπήσῃς αὐτήν.",,,,
Tobit 4:4,TOB,Tobit,4,4,"μνήσθητι, παιδίον, ὅτι πολλοὺς κινδύνους ἑώρακεν ἐπὶ σοὶ ἐν τῇ κοιλίᾳ· ὅταν ἀποθάνῃ, θάψον αὐτὴν παρ᾿ ἐμοὶ ἐν ἑνὶ τάφῳ.",,,,
Tobit 4:5,TOB,Tobit,4,5,"πάσας τὰς ἡμέρας, παιδίον, Κυρίου τοῦ Θεοῦ ἡμῶν μνημόνευε καὶ μὴ θελήσῃς ἁμαρτάνειν καὶ παραβῆναι τὰς ἐντολὰς αὐτοῦ. δικαιοσύνην ποίει πάσας τὰς ἡμέρας τῆς ζωῆς σου καὶ μὴ πορευθῇς ταῖς ὁδοῖς τῆς ἀδικίας·",,,,
Tobit 4:6,TOB,Tobit,4,6,"διότι ποιοῦντός σου τὴν ἀλήθειαν, εὐοδίαι ἔσονται ἐν τοῖς ἔργοις σου καὶ πᾶσι τοῖς ποιοῦσι τὴν δικαιοσύνην.",,,,
Tobit 4:7,TOB,Tobit,4,7,"ἐκ τῶν ὑπαρχόντων σοι ποίει ἐλεημοσύνην, καὶ μὴ φθονεσάτω σου ὁ ὀφθαλμὸς ἐν τῷ ποιεῖν σε ἐλεημοσύνην· μὴ ἀποστρέψῃς τὸ πρόσωπόν σου ἀπὸ παντὸς πτωχοῦ, καὶ ἀπὸ σοῦ οὐ μὴ ἀποστραφῇ τὸ πρόσωπον τοῦ Θεοῦ.",,,,
Tobit 4:8,TOB,Tobit,4,8,"ὡς σοὶ ὑπάρχει κατὰ τὸ πλῆθος, ποίησον ἐξ αὐτῶν ἐλεημοσύνην· ἐὰν ὀλίγον σοι ὑπάρχῃ, κατὰ τὸ ὀλίγον μὴ φοβοῦ ποιεῖν ἐλεημοσύνην·",,,,
Tobit 4:9,TOB,Tobit,4,9,θέμα γὰρ ἀγαθὸν θησαυρίζεις σεαυτῷ εἰς ἡμέραν ἀνάγκης·,,,,
Tobit 4:10,TOB,Tobit,4,10,διότι ἐλεημοσύνη ἐκ θανάτου ρύεται καὶ οὐκ ἐᾷ εἰσελθεῖν εἰς τὸ σκότος·,,,,
Tobit 4:11,TOB,Tobit,4,11,δῶρον γὰρ ἀγαθόν ἐστιν ἐλεημοσύνη πᾶσι τοῖς ποιοῦσιν αὐτὴν ἐνώπιον τοῦ Ὑψίστου.,,,,
Tobit 4:12,TOB,Tobit,4,12,"πρόσεχε σεαυτῷ, παιδίον, ἀπὸ πάσης πορνείας καὶ γυναῖκα πρῶτον λάβε ἀπὸ τοῦ σπέρματος τῶν πατέρων σου· μὴ λάβῃς γυναῖκα ἀλλοτρίαν, ἣ οὐκ ἔστιν ἐκ τῆς φυλῆς τοῦ πατρός σου, διότι υἱοὶ προφητῶν ἐσμεν. Νῶε, Ἁβραάμ, Ἰσαάκ, Ἰακώβ, οἱ πατέρες ἡμῶν ἀπὸ τοῦ αἰῶνος· μνήσθητι, παιδίον, ὅτι αὐτοὶ πάντες ἔλαβον γυναῖκας ἐκ τῶν ἀδελφῶν αὐτῶν καὶ εὐλογήθησαν ἐν τοῖς τέκνοις αὐτῶν, καὶ τὸ σπέρμα αὐτῶν κληρονομήσει γῆν.",,,,
Tobit 4:13,TOB,Tobit,4,13,"καὶ νῦν, παιδίον, ἀγάπα τοὺς ἀδελφούς σου καὶ μὴ ὑπερηφανεύου τῇ καρδίᾳ σου ἀπὸ τῶν ἀδελφῶν σου καὶ τῶν υἱῶν καὶ θυγατέρων τοῦ λαοῦ σου λαβεῖν σεαυτῷ ἐξ αὐτῶν γυναῖκα· διότι ἐν τῇ ὑπερηφανίᾳ ἀπώλεια καὶ ἀκαταστασία πολλή, καὶ ἐν τῇ ἀχρειότητι ἐλάττωσις καὶ ἔνδεια μεγάλη· ἡ γὰρ ἀχρειότης μήτηρ ἐστὶ τοῦ λιμοῦ.",,,,
Tobit 4:14,TOB,Tobit,4,14,"μισθὸς παντὸς ἀνθρώπου, ὃς ἐὰν ἐργάσηται παρὰ σοί, μὴ αὐλισθήτω, ἀλλ᾿ ἀπόδος αὐτῷ παραυτίκα, καὶ ἐὰν δουλεύσῃς τῷ Θεῷ, ἀποδοθήσεταί σοι. πρόσεχε σεαυτῷ, παιδίον, ἐν πᾶσι τοῖς ἔργοις σου καὶ ἴσθι πεπαιδευμένος ἐν πάσῃ ἀναστροφῇ σου.",,,,
Tobit 4:15,TOB,Tobit,4,15,"καὶ ὃ μισεῖς, μηδενὶ ποιήσῃς. οἶνον εἰς μέθην μὴ πίῃς, καὶ μὴ πορευθήτω μετὰ σοῦ μέθη ἐν τῇ ὁδῷ σου.",,,,
Tobit 4:16,TOB,Tobit,4,16,"ἐκ τοῦ ἄρτου σου δίδου πεινῶντι καὶ ἐκ τῶν ἱματίων σου τοῖς γυμνοῖς· πᾶν, ὃ ἐὰν περισσεύσῃ σοι, ποίει ἐλεημοσύνην, καὶ μὴ φθονεσάτω σου ὁ ὀφθαλμὸς ἐν τῷ ποιεῖν σε ἐλεημοσύνην.",,,,
Tobit 4:17,TOB,Tobit,4,17,ἔκχεον τοὺς ἄρτους σου ἐπὶ τὸν τάφον τῶν δικαίων καὶ μὴ δῷς τοῖς ἁμαρτωλοῖς.,,,,
Tobit 4:18,TOB,Tobit,4,18,συμβουλίαν παρὰ παντὸς φρονίμου ζήτησον καὶ μὴ καταφρονήσῃς ἐπί πάσης συμβουλίας χρησίμης.,,,,
Tobit 4:19,TOB,Tobit,4,19,"καὶ ἐν παντὶ καιρῷ εὐλόγει Κύριον τὸν Θεὸν καὶ παρ᾿ αὐτοῦ αἴτησον, ὅπως αἱ ὁδοί σου εὐθεῖαι γένωνται, καὶ πᾶσαι αἱ τρίβοι καὶ βουλαί σου εὐοδωθῶσι· διότι πᾶν ἔθνος οὐκ ἔχει βουλήν, ἀλλ᾿ αὐτὸς ὁ Κύριος δίδωσι πάντα τὰ ἀγαθὰ καὶ ὃν ἐὰν θέλῃ, ταπεινοῖ, καθὼς βούλεται. καὶ νῦν, παιδίον, μνημόνευε τῶν ἐντολῶν μου, καὶ μὴ ἐξαλειφθήτωσαν ἐκ τῆς καρδίας σου.",,,,
Tobit 4:20,TOB,Tobit,4,20,"καὶ νῦν ὑποδεικνύω σοι τὰ δέκα τάλαντα τοῦ ἀργυρίου, ἃ παρεθέμην Γαβαήλῳ τῷ τοῦ Γαβρία ἐν Ράγοις τῆς Μηδίας.",,,,
Tobit 4:21,TOB,Tobit,4,21,"καὶ μὴ φοβοῦ, παιδίον, ὅτι ἐπτωχεύσαμεν· ὑπάρχει σοι πολλά, ἐὰν φοβηθῇς τὸν Θεόν, καὶ ἀποστῇς ἀπὸ πάσης ἁμαρτίας καὶ ποιήσῃς τὸ ἀρεστὸν ἐνώπιον αὐτοῦ.",,,,
Tobit 5:1,TOB,Tobit,5,1,"ΚΑΙ ἀποκριθεὶς Τωβίας εἶπεν αὐτῷ· πάτερ, ποιήσω πάντα, ὅσα ἐντέταλσαί μοι·",,,,
Tobit 5:2,TOB,Tobit,5,2,ἀλλὰ πῶς δυνήσομαι λαβεῖν τὸ ἀργύριον καὶ οὐ γινώσκω αὐτόν;,,,,
Tobit 5:3,TOB,Tobit,5,3,"καὶ ἔδωκεν αὐτῷ τὸ χειρόγραφον καὶ εἶπεν αὐτῷ· ζήτησον σεαυτῷ ἄνθρωπον, ὃς συμπορεύσεταί σοι, καὶ δώσω αὐτῷ μισθὸν ἕως ζῶ· καὶ λαβὲ πορευθεὶς τὸ ἀργύριον.",,,,
Tobit 5:4,TOB,Tobit,5,4,"καὶ ἐπορεύθη ζητῆσαι ἄνθρωπον καὶ εὗρε τὸν Ραφαήλ, ὃς ἦν ἄγγελος, καὶ οὐκ ᾔδει·",,,,
Tobit 5:5,TOB,Tobit,5,5,"καὶ εἶπεν αὐτῷ· εἰ δύναμαι πορευθῆναι μετὰ σοῦ ἐν Ράγοις τῆς Μηδίας, καὶ εἰ ἔμπειρος εἶ τῶν τόπων;",,,,
Tobit 5:6,TOB,Tobit,5,6,καὶ εἶπεν αὐτῷ ὁ ἄγγελος· πορεύσομαι μετὰ σοῦ καὶ τῆς ὁδοῦ ἐμπειρῶ καὶ παρὰ Γαβαὴλ τὸν ἀδελφὸν ἡμῶν ηὐλίσθην.,,,,
Tobit 5:7,TOB,Tobit,5,7,"καὶ εἶπεν αὐτῷ Τωβίας· ὑπόμεινόν με, καὶ ἐρῶ τῷ πατρί.",,,,
Tobit 5:8,TOB,Tobit,5,8,καὶ εἶπεν αὐτῷ· πορεύου καὶ μὴ χρονίσῃς.,,,,
Tobit 5:9,TOB,Tobit,5,9,"καὶ εἰσελθὼν εἶπε τῷ πατρί· ἰδοὺ εὕρηκα ὃς συμπορεύσεταί μοι. ὁ δὲ εἶπε· φώνησον αὐτὸν πρός με, ἵνα ἐπιγνῶ ποίας φυλῆς ἐστι καὶ εἰ πιστὸς τοῦ πορευθῆναι μετὰ σοῦ.",,,,
Tobit 5:10,TOB,Tobit,5,10,"καὶ ἐκάλεσεν αὐτόν, καὶ εἰσῆλθε, καὶ ἠσπάσαντο ἀλλήλους.",,,,
Tobit 5:11,TOB,Tobit,5,11,"καὶ εἶπεν αὐτῷ Τωβίτ· ἀδελφέ, ἐκ ποίας φυλῆς καὶ ἐκ ποίας πατριᾶς εἶ σύ; ὑπόδειξόν μοι.",,,,
Tobit 5:12,TOB,Tobit,5,12,"καὶ εἶπεν αὐτῷ· φυλὴν καὶ πατριὰν σὺ ζητεῖς ἢ μίσθιον, ὃς συμπορεύσεται μετὰ τοῦ υἱοῦ σου; καὶ εἶπεν αὐτῷ Τωβίτ· βούλομαι, ἀδελφέ, ἐπιγνῶναι τὸ γένος σου καὶ τὸ ὄνομα.",,,,
Tobit 5:13,TOB,Tobit,5,13,"ὃς δὲ εἶπεν· ἐγὼ Ἀζαρίας Ἀνανίου τοῦ μεγάλου, τῶν ἀδελφῶν σου.",,,,
Tobit 5:14,TOB,Tobit,5,14,"καὶ εἶπεν αὐτῷ· ὑγιαίνων ἔλθοις, ἀδελφέ, καὶ μή μοι ὀργισθῇς, ὅτι ἐζήτησα τὴν φυλήν σου καὶ τὴν πατριάν σου ἐπιγνῶναι. καὶ σὺ τυγχάνεις ἀδελφός μου ἐκ τῆς καλῆς καὶ ἀγαθῆς γενεᾶς· ἐπεγίνωσκον γὰρ ἐγὼ Ἀνανίαν καὶ Ἰωνάθαν τοὺς υἱοὺς Σεμεΐ τοῦ μεγάλου, ὡς ἐπορευόμεθα κοινῶς εἰς Ἱεροσόλυμα προσκυνεῖν, ἀναφέροντες τὰ πρωτότοκα καὶ τὰς δεκάτας τῶν γεννημάτων, καὶ οὐκ ἐπλανήθησαν ἐν τῇ πλάνῃ τῶν ἀδελφῶν ἡμῶν. ἐκ ρίζης καλῆς εἶ, ἀδελφέ,",,,,
Tobit 5:15,TOB,Tobit,5,15,ἀλλὰ εἰπόν μοι τίνα σοι ἔσομαι μισθὸν διδόναι· δραχμὴν τῆς ἡμέρας καὶ τὰ δέοντά σοι ὡς καὶ τῷ υἱῷ μου.,,,,
Tobit 5:16,TOB,Tobit,5,16,"καὶ ἔτι προσθήσω σοι ἐπὶ τὸν μισθόν, ἐὰν ὑγιαίνοντες ἐπιστρέψητε.",,,,
Tobit 5:17,TOB,Tobit,5,17,"καὶ εὐδόκησαν οὕτως. καὶ εἶπε πρὸς Τωβίαν· ἕτοιμος γίνου πρὸς τὴν ὁδόν· καὶ εὐοδωθείητε. καὶ ἡτοίμασεν ὁ υἱὸς αὐτοῦ τὰ πρὸς τὴν ὁδόν. καὶ εἶπεν αὐτῷ ὁ πατὴρ αὐτοῦ· πορεύου μετὰ τοῦ ἀνθρώπου τούτου, ὁ δὲ ἐν τῷ οὐρανῷ οἰκῶν Θεὸς εὐοδώσει τὴν ὁδὸν ὑμῶν, καὶ ὁ ἄγγελος αὐτοῦ συμπορευθήτω ὑμῖν. καὶ ἐξῆλθαν ἀμφότεροι ἀπελθεῖν καὶ ὁ κύων τοῦ παιδαρίου μετ᾿ αὐτῶν.",,,,
Tobit 5:18,TOB,Tobit,5,18,ἔκλαυσε δὲ Ἄννα ἡ μήτηρ αὐτοῦ καὶ εἶπε πρὸς Τωβίτ· τί ἐξαπέστειλας τὸ παιδίον ἡμῶν; ἢ οὐχὶ ἡ ράβδος τῆς χειρὸς ἡμῶν ἐστιν ἐν τῷ εἰσπορεύεσθαι αὐτὸν καὶ ἐκπορεύεσθαι ἐνώπιον ἡμῶν;,,,,
Tobit 5:19,TOB,Tobit,5,19,"ἀργύριον τῷ ἀργυρίῳ μὴ φθάσαι, ἀλλὰ περίψημα τοῦ παιδίου ἡμῶν γένοιτο·",,,,
Tobit 5:20,TOB,Tobit,5,20,"ὡς γὰρ δέδοται ἡμῖν ζῆν παρὰ τοῦ Κυρίου, τοῦτο ἱκανὸν ἡμῖν ὑπάρχει.",,,,
Tobit 5:21,TOB,Tobit,5,21,"καὶ εἶπεν αὐτῇ Τωβίτ· μὴ λόγον ἔχε, ἀδελφή· ὑγιαίνων ἐλεύσεται, καὶ οἱ ὀφθαλμοί σου ὄψονται αὐτόν·",,,,
Tobit 5:22,TOB,Tobit,5,22,"ἄγγελος γὰρ ἀγαθὸς συμπορεύσεται αὐτῷ, καὶ εὐοδωθήσεται ἡ ὁδὸς αὐτοῦ, καὶ ὑποστρέψει ὑγιαίνων. καὶ ἐπαύσατο κλαίουσα.",,,,
Tobit 6:1,TOB,Tobit,6,1,"ΟΙ δὲ πορευόμενοι τὴν ὁδὸν ἦλθον ἑσπέρας ἐπὶ τὸν Τίγριν ποταμόν, καὶ ηὐλίζοντο ἐκεῖ.",,,,
Tobit 6:2,TOB,Tobit,6,2,"τὸ δὲ παιδάριον κατέβη περικλύσασθαι, καὶ ἀνεπήδησεν ἰχθὺς ἀπὸ τοῦ ποταμοῦ καὶ ἐβουλήθη καταπιεῖν τὸ παιδάριον.",,,,
Tobit 6:3,TOB,Tobit,6,3,ὁ δὲ ἄγγελος εἶπεν αὐτῷ· ἐπιλαβοῦ τοῦ ἰχθύος. καὶ ἐκράτησε τὸν ἰχθὺν τὸ παιδάριον καὶ ἀνέβαλεν αὐτὸν ἐπὶ τὴν γῆν.,,,,
Tobit 6:4,TOB,Tobit,6,4,καὶ εἶπεν αὐτῷ ὁ ἄγγελος· ἀνάτεμε τὸν ἰχθὺν καὶ λαβὼν τὴν καρδίαν καὶ τὸ ἧπαρ καὶ τὴν χολὴν θὲς ἀσφαλῶς.,,,,
Tobit 6:5,TOB,Tobit,6,5,"καὶ ἐποίησε τὸ παιδάριον ὡς εἶπεν αὐτῷ ὁ ἄγγελος, τὸν δὲ ἰχθὺν ὀπτήσαντες ἔφαγον.",,,,
Tobit 6:6,TOB,Tobit,6,6,"καὶ ὥδευον ἀμφότεροι, ἕως οὗ ἤγγισαν ἐν Ἐκβατάνοις.",,,,
Tobit 6:7,TOB,Tobit,6,7,"καὶ εἶπε τὸ παιδάριον τῷ ἀγγέλῳ· Ἀζαρία ἀδελφέ, τί ἐστιν ἡ καρδία καὶ τὸ ἧπαρ καὶ ἡ χολὴ τοῦ ἰχθύος;",,,,
Tobit 6:8,TOB,Tobit,6,8,"καὶ εἶπεν αὐτῷ· ἡ καρδία καὶ τὸ ἧπαρ, ἐάν τινα ὀχλῇ δαιμόνιον ἢ πνεῦμα πονηρόν, ταῦτα δεῖ καπνίσαι ἐνώπιον ἀνθρώπου ἢ γυναικός, καὶ οὐκέτι οὐ μὴ ὀχληθῇ·",,,,
Tobit 6:9,TOB,Tobit,6,9,"ἡ δὲ χολή, ἐγχρῖσαι ἄνθρωπον, ὃς ἔχει λευκώματα ἐν τοῖς ὀφθαλμοῖς, καὶ ἰαθήσεται.",,,,
Tobit 6:10,TOB,Tobit,6,10,"ὡς δὲ προσήγγισαν τῇ Ράγῃ,",,,,
Tobit 6:11,TOB,Tobit,6,11,"εἶπεν ὁ ἄγγελος τῷ παιδαρίῳ· ἀδελφέ, σήμερον αὐλισθησόμεθα παρὰ Ραγουήλ, καὶ αὐτὸς συγγενής σού ἐστι, καὶ ἔστιν αὐτῷ θυγάτηρ ὀνόματι Σάρρα·",,,,
Tobit 6:12,TOB,Tobit,6,12,"λαλήσω περὶ αὐτῆς τοῦ δοθῆναί σοι αὐτὴν εἰς γυναῖκα, ὅτι σοι ἐπιβάλλει ἡ κληρονομία αὐτῆς, καὶ σὺ μόνος εἶ ἐκ τοῦ γένους αὐτῆς, καὶ τὸ κοράσιον καλὸν καὶ φρόνιμόν ἐστι.",,,,
Tobit 6:13,TOB,Tobit,6,13,"καὶ νῦν ἄκουσόν μου καὶ λαλήσω τῷ πατρὶ αὐτῆς, καὶ ὅταν ὑποστρέψωμεν ἐκ Ραγῶν, ποιήσομεν τὸν γάμον· διότι ἐπίσταμαι Ραγουὴλ ὅτι οὐ μὴ δῷ αὐτὴν ἀνδρὶ ἑτέρῳ κατὰ τὸν νόμον Μωυσῆ ἢ ὀφειλήσει θάνατον, ὅτι τὴν κληρονομίαν σοὶ καθήκει λαβεῖν ἢ πάντα ἄνθρωπον.",,,,
Tobit 6:14,TOB,Tobit,6,14,"τότε εἶπε τὸ παιδάριον τῷ ἀγγέλῳ· Ἀζαρία ἀδελφέ, ἀκήκοα ἐγὼ τὸ κοράσιον δεδόσθαι ἑπτὰ ἀνδράσι καὶ πάντας ἐν τῷ νυμφῶνι ἀπολωλότας.",,,,
Tobit 6:15,TOB,Tobit,6,15,"καὶ νῦν ἐγὼ μόνος εἰμὶ τῷ πατρὶ καὶ φοβοῦμαι μὴ εἰσελθὼν ἀποθάνω καθὼς καὶ οἱ πρότεροι, ὅτι δαιμόνιον φιλεῖ αὐτήν, ὃ οὐκ ἀδικεῖ οὐδένα πλὴν τῶν προσαγόντων αὐτῇ. καὶ νῦν ἐγὼ φοβοῦμαι μὴ ἀποθάνω καὶ κατάξω τὴν ζωὴν τοῦ πατρός μου καὶ τῆς μητρός μου μετ᾿ ὀδύνης ἐπ᾿ ἐμοὶ εἰς τὸν τάφον αὐτῶν· καὶ υἱὸς ἕτερος οὐχ ὑπάρχει αὐτοῖς, ὃς θάψει αὐτούς.",,,,
Tobit 6:16,TOB,Tobit,6,16,"εἶπε δὲ αὐτῷ ὁ ἄγγελος· οὐ μέμνησαι τῶν λόγων, ὧν ἐνετείλατό σοι ὁ πατήρ σου, ὑπὲρ τοῦ λαβεῖν σε γυναῖκα ἐκ τοῦ γένους σου; καὶ νῦν ἄκουσόν μου, ἀδελφέ, διότι σοὶ ἔσται εἰς γυναῖκα, καὶ τοῦ δαιμονίου μηδένα λόγον ἔχε, ὅτι τὴν νύκτα ταύτην δοθήσεταί σοι αὕτη εἰς γυναῖκα.",,,,
Tobit 6:17,TOB,Tobit,6,17,"καὶ ἐὰν εἰσέλθῃς εἰς τὸν νυμφῶνα, λήψῃ τέφραν θυμιαμάτων καὶ ἐπιθήσεις ἀπὸ τῆς καρδίας καὶ τοῦ ἥπατος τοῦ ἰχθύος καὶ καπνίσεις,",,,,
Tobit 6:18,TOB,Tobit,6,18,"καὶ ὀσφρανθήσεται τὸ δαιμόνιον καὶ φεύξεται καὶ οὐκ ἐπανελεύσεται εἰς τὸν αἰῶνα τοῦ αἰῶνος. ὅταν δὲ προσπορεύῃ αὐτῇ, ἐγέρθητε ἀμφότεροι καὶ βοήσατε πρὸς τὸν ἐλεήμονα Θεόν, καὶ σώσει ὑμᾶς καὶ ἐλεήσει. μὴ φοβοῦ, ὅτι σοὶ αὐτὴ ἡτοιμασμένη ἦν ἀπὸ τοῦ αἰῶνος, καὶ σὺ αὐτὴν σώσεις, καὶ πορεύσεται μετὰ σοῦ, καὶ ὑπολαμβάνω ὅτι σοι ἔσται ἐξ αὐτῆς παιδία.",,,,
Tobit 6:19,TOB,Tobit,6,19,"καὶ ὡς ἤκουσε Τωβίας ταῦτα, ἐφίλησεν αὐτήν, καὶ ἡ ψυχὴ αὐτοῦ ἐκολλήθη σφόδρα αὐτῇ.",,,,
Tobit 7:1,TOB,Tobit,7,1,"ΚΑΙ ἦλθον εἰς Ἐκβάτανα καὶ παρεγένοντο εἰς τὴν οἰκίαν Ραγουήλ, Σάρρα δὲ ὑπήντησεν αὐτοῖς καὶ ἐχαιρέτισεν αὐτοὺς καὶ αὐτοὶ αὐτήν, καὶ εἰσήγαγεν αὐτοὺς εἰς τὴν οἰκίαν.",,,,
Tobit 7:2,TOB,Tobit,7,2,καὶ εἶπε Ραγουὴλ Ἔδνᾳ τῇ γυναικὶ αὐτοῦ· ὡς ὅμοιος ὁ νεανίσκος Τωβὶτ τῷ ἀνεψιῷ μου;,,,,
Tobit 7:3,TOB,Tobit,7,3,"καὶ ἠρώτησεν αὐτούς Ραγουήλ· πόθεν ἐστέ, ἀδελφοί; καὶ εἶπαν αὐτῷ· ἐκ τῶν υἱῶν Νεφθαλὶμ τῶν αἰχμαλώτων ἐκ Νινευῆ.",,,,
Tobit 7:4,TOB,Tobit,7,4,καὶ εἶπεν αὐτοῖς· γινώσκετε Τωβὶτ τὸν ἀδελφὸν ἡμῶν; οἱ δὲ εἶπον· γινώσκομεν. καὶ εἶπεν αὐτοῖς· ὑγιαίνει;,,,,
Tobit 7:5,TOB,Tobit,7,5,οἱ δὲ εἶπαν· καὶ ζῇ καὶ ὑγιαίνει. καὶ εἶπε Τωβίας· πατήρ μού ἐστι.,,,,
Tobit 7:6,TOB,Tobit,7,6,καὶ ἀνεπήδησε Ραγουὴλ καὶ κατεφίλησεν αὐτὸν καὶ ἔκλαυσε,,,,
Tobit 7:7,TOB,Tobit,7,7,"καὶ εὐλόγησεν αὐτὸν καὶ εἶπεν αὐτῷ· ὁ τοῦ καλοῦ καὶ ἀγαθοῦ ἀνθρώπου υἱός· καὶ ἀκούσας ὅτι Τωβὶτ ἀπώλεσε τοὺς ὀφθαλμοὺς ἑαυτοῦ, ἐλυπήθη καὶ ἔκλαυσε.",,,,
Tobit 7:8,TOB,Tobit,7,8,καὶ Ἔδνα ἡ γυνὴ αὐτοῦ καὶ Σάρρα ἡ θυγάτηρ αὐτοῦ ἔκλαυσαν καὶ ὑπεδέξαντο αὐτοὺς προθύμως·,,,,
Tobit 7:9,TOB,Tobit,7,9,"καὶ ἔθυσαν κριὸν προβάτων καὶ παρέθηκαν ὄψα πλείονα. εἶπε δὲ Τωβίας τῷ Ραφαήλ· Ἀζαρία ἀδελφέ, λάλησον ὑπὲρ ὧν ἔλεγες ἐν τῇ πορείᾳ, καὶ τελεσθήτω τὸ πρᾶγμα.",,,,
Tobit 7:10,TOB,Tobit,7,10,"καὶ μετέδωκε τὸν λόγον τῷ Ραγουήλ· καὶ εἶπε Ραγουὴλ πρὸς Τωβίαν· φάγε, πίε καὶ ἡδέως γίνου, σοὶ γὰρ καθήκει τὸ παιδίον μου λαβεῖν· πλὴν ὑποδείξω σοι τὴν ἀλήθειαν.",,,,
Tobit 7:11,TOB,Tobit,7,11,"ἔδωκα τὸ παιδίον μου ἑπτὰ ἀνδράσι, καὶ ὁπότε ἐὰν εἰσεπορεύοντο πρὸς αὐτήν, ἀπέθνησκον ὑπὸ τὴν νύκτα. ἀλλὰ τὸ νῦν ἔχον, ἡδέως γίνου. καὶ εἶπε Τωβίας· οὐ γεύομαι οὐδὲν ὧδε, ἕως ἂν στήσητε καὶ σταθῆτε πρός με. καὶ εἶπε Ραγουήλ· κομίζου αὐτὴν ἀπὸ τοῦ νῦν κατὰ τὴν κρίσιν· σὺ δέ ἀδελφὸς εἶ αὐτῆς, καὶ αὐτὴ σού ἐστιν· ὁ δὲ ἐλεήμων Θεὸς εὐοδώσει ὑμῖν τὰ κάλλιστα.",,,,
Tobit 7:12,TOB,Tobit,7,12,"καὶ ἐκάλεσε Σάρραν τὴν θυγατέρα αὐτοῦ, καὶ λαβὼν τῆς χειρὸς αὐτῆς παρέδωκεν αὐτὴν Τωβία γυναῖκα καὶ εἶπεν· ἰδοὺ κατὰ τὸν νόμον Μωυσέως κομίζου αὐτὴν καὶ ἄπαγε πρὸς τὸν πατέρα σου· καὶ εὐλόγησεν αὐτούς.",,,,
Tobit 7:13,TOB,Tobit,7,13,"καὶ ἐκάλεσεν Ἔδναν τὴν γυναῖκα αὐτοῦ· καὶ λαβὼν βιβλίον ἔγραψε συγγραφήν, καὶ ἐσφραγίσατο.",,,,
Tobit 7:14,TOB,Tobit,7,14,καὶ ἤρξαντο ἐσθίειν.,,,,
Tobit 7:15,TOB,Tobit,7,15,"καὶ ἐκάλεσε Ραγουὴλ Ἔδναν τήν γυναῖκα αὐτοῦ καὶ εἶπε αὐτῇ· ἀδελφή, ἑτοίμασον τὸ ἕτερον ταμιεῖον καὶ εἰσάγαγε αὐτήν.",,,,
Tobit 7:16,TOB,Tobit,7,16,"καὶ ἐποίησεν ὡς εἶπε καὶ εἰσήγαγεν αὐτὴν ἐκεῖ, καὶ ἔκλαυσε· καὶ ἀπεδέξατο τὰ δάκρυα τῆς θυγατρὸς αὐτῆς καὶ εἶπεν αὐτῇ·",,,,
Tobit 7:17,TOB,Tobit,7,17,"θάρσει, τέκνον, ὁ Κύριος τοῦ οὐρανοῦ καὶ τῆς γῆς δῴη σοι χάριν ἀντὶ τῆς λύπης σου ταύτης· θάρσει, θύγατερ.",,,,
Tobit 8:1,TOB,Tobit,8,1,"ΟΤΕ δὲ συνετέλεσαν δειπνοῦντες, εἰσήγαγον Τωβίαν πρὸς αὐτήν.",,,,
Tobit 8:2,TOB,Tobit,8,2,ὁ δὲ πορευόμενος ἐμνήσθη τῶν λόγων Ραφαὴλ καὶ ἔλαβε τὴν τέφραν τῶν θυμιαμάτων καὶ ἐπέθηκε τὴν καρδίαν τοῦ ἰχθύος καὶ τὸ ἧπαρ καὶ ἐκάπνισεν.,,,,
Tobit 8:3,TOB,Tobit,8,3,"ὅτε δὲ ὠσφράνθη τὸ δαιμόνιον τῆς ὀσμῆς, ἔφυγεν εἰς τὰ ἀνώτατα Αἰγύπτου καὶ ἔδησεν αὐτὸ ὁ ἄγγελος.",,,,
Tobit 8:4,TOB,Tobit,8,4,"ὡς δὲ συνεκλείσθησαν ἀμφότεροι, ἀνέστη Τωβίας ἀπὸ τῆς κλίνης καὶ εἶπεν· ἀνάστηθι, ἀδελφή, καὶ προσευξώμεθα, ἵνα ἐλεήσῃ ἡμᾶς ὁ Κύριος.",,,,
Tobit 8:5,TOB,Tobit,8,5,"καὶ ἤρξατο Τωβίας λέγειν· εὐλογητὸς εἶ, ὁ Θεὸς τῶν πατέρων ἡμῶν, καὶ εὐλογητὸν τὸ ὄνομά σου τὸ ἅγιον καὶ ἔνδοξον εἰς τοὺς αἰῶνας· εὐλογησάτωσάν σε οἱ οὐρανοὶ καὶ πᾶσαι αἱ κτίσεις σου.",,,,
Tobit 8:6,TOB,Tobit,8,6,"σὺ ἐποίησας Ἀδὰμ καὶ ἔδωκας αὐτῷ βοηθὸν Εὔαν στήριγμα τὴν γυναῖκα αὐτοῦ· ἐκ τούτων ἐγεννήθη τὸ ἀνθρώπων σπέρμα. σὺ εἶπας· οὐ καλὸν εἶναι τὸν ἄνθρωπον μόνον, ποιήσωμεν αὐτῷ βοηθὸν ὅμοιον αὐτῷ.",,,,
Tobit 8:7,TOB,Tobit,8,7,"καὶ νῦν, Κύριε, οὐ διά πορνείαν ἐγὼ λαμβάνω τὴν ἀδελφήν μου ταύτην, ἀλλὰ ἐπ᾿ ἀληθείας ἐπίταξον ἐλεῆσαί με καὶ αὐτῇ συγκαταγηρᾶσαι.",,,,
Tobit 8:8,TOB,Tobit,8,8,καὶ εἶπε μετ᾿ αὐτοῦ· ἀμήν.,,,,
Tobit 8:9,TOB,Tobit,8,9,καὶ ἐκοιμήθησαν ἀμφότεροι τὴν νύκτα.,,,,
Tobit 8:10,TOB,Tobit,8,10,καὶ ἀναστὰς Ραγουὴλ ἐπορεύθη καὶ ὤρυξε τάφον λέγων· μὴ καὶ οὗτος ἀποθάνῃ;,,,,
Tobit 8:11,TOB,Tobit,8,11,καὶ ἦλθε Ραγουὴλ εἰς τὴν οἰκίαν ἑαυτοῦ,,,,
Tobit 8:12,TOB,Tobit,8,12,"καὶ εἶπεν Ἔδνᾳ τῇ γυναικὶ αὐτοῦ· ἀπόστειλον μίαν τῶν παιδισκῶν, καὶ ἰδέτωσαν εἰ ζῇ· εἰ δὲ μή, ἵνα θάψωμεν αὐτόν, καὶ μηδεὶς γνῷ.",,,,
Tobit 8:13,TOB,Tobit,8,13,καὶ εἰσῆλθεν ἡ παιδίσκη ἀνοίξασα τὴν θύραν καὶ εὗρε τοὺς δύο καθεύδοντας.,,,,
Tobit 8:14,TOB,Tobit,8,14,"καὶ ἐξελθοῦσα ἀπήγγειλεν αὐτοῖς, ὅτι ζῇ.",,,,
Tobit 8:15,TOB,Tobit,8,15,"καὶ εὐλόγησε Ραγουὴλ τὸν Θεὸν λέγων· εὐλογητὸς εἶ σύ, ὁ Θεός, ἐν πάσῃ εὐλογίᾳ καθαρᾷ καὶ ἁγίᾳ, καὶ εὐλογείτωσάν σε οἱ ἅγιοί σου καὶ πᾶσαι αἱ κτίσεις σου, καὶ πάντες οἱ ἄγγελοί σου καὶ οἱ ἐκλεκτοί σου εὐλογείτωσάν σε εἰς τοὺς αἰῶνας.",,,,
Tobit 8:16,TOB,Tobit,8,16,"εὐλογητὸς εἶ ὅτι ηὔφρανάς με, καὶ οὐκ ἐγένετό μοι καθὼς ὑπενόουν, ἀλλὰ κατὰ τὸ πολὺ ἔλεός σου ἐποίησας μεθ᾿ ἡμῶν.",,,,
Tobit 8:17,TOB,Tobit,8,17,"εὐλογητὸς εἶ ὅτι ἠλέησας δύο μονογενεῖς· ποίησον αὐτοῖς, δέσποτα, ἔλεος, συντέλεσον τὴν ζωὴν αὐτῶν ἐν ὑγιείᾳ μετ᾿ εὐφροσύνης καὶ ἐλέους.",,,,
Tobit 8:18,TOB,Tobit,8,18,ἐκέλευσε δὲ τοῖς οἰκέταις χῶσαι τὸν τάφον.,,,,
Tobit 8:19,TOB,Tobit,8,19,καὶ ἐποίησεν αὐτοῖς γάμον ἡμερῶν δεκατεσσάρων.,,,,
Tobit 8:20,TOB,Tobit,8,20,καὶ εἶπεν αὐτῷ Ραγουὴλ πρὶν ἢ συντελεσθῆναι τὰς ἡμέρας τοῦ γάμου ἐνόρκως μὴ ἐξελθεῖν αὐτὸν ἐὰν μὴ πληρωθῶσιν αἱ δεκατέσσαρες ἡμέραι τοῦ γάμου.,,,,
Tobit 8:21,TOB,Tobit,8,21,"καὶ τότε λαβόντα τὸ ἥμισυ τῶν ὑπαρχόντων αὐτοῦ πορεύεσθαι μεθ᾿ ὑγιείας πρὸς τὸν πατέρα· καὶ τὰ λοιπά, ὅταν ἀποθάνω καὶ ἡ γυνή μου.",,,,
Tobit 9:1,TOB,Tobit,9,1,ΚΑΙ ἐκάλεσε Τωβίας τὸν Ραφαὴλ καὶ εἶπεν αὐτῷ·,,,,
Tobit 9:2,TOB,Tobit,9,2,"Ἀζαρία ἀδελφέ, λάβε μετὰ σεαυτοῦ παῖδα καὶ δύο καμήλους καὶ πορεύθητι ἐν Ράγοις τῆς Μηδίας παρὰ Γαβαὴλ καὶ κόμισαί μοι τὸ ἀργύριον καὶ αὐτὸν ἄγε μοι εἰς τὸν γάμον·",,,,
Tobit 9:3,TOB,Tobit,9,3,"διότι ὠμόμοκε Ραγουὴλ μὴ ἐξελθεῖν με,",,,,
Tobit 9:4,TOB,Tobit,9,4,"καὶ ὁ πατήρ μου ἀριθμεῖ τὰς ἡμέρας, καὶ ἐὰν χρονίσω μέγα, ὀδυνηθήσεται λίαν.",,,,
Tobit 9:5,TOB,Tobit,9,5,"καὶ ἐπορεύθη Ραφαὴλ καὶ ηὐλίσθη παρὰ Γαβαήλ, καὶ ἔδωκεν αὐτῷ τὸ χειρόγραφον· ὃς δὲ προήνεγκε τὰ θυλάκια ἐν ταῖς σφαγῖσι καὶ ἔδωκεν αὐτῷ.",,,,
Tobit 9:6,TOB,Tobit,9,6,καὶ ὤρθρευσαν κοινῶς καὶ ἦλθον εἰς τὸν γάμον. καὶ εὐλόγησε Τωβίας τὴν γυναῖκα αὐτοῦ.,,,,
Tobit 10:1,TOB,Tobit,10,1,"ΚΑΙ Τωβὶτ ὁ πατὴρ αὐτοῦ ἐλογίσατο ἑκάστης ἡμέρας· καὶ ὡς ἐπληρώθησαν αἱ ἡμέραι τῆς πορείας καὶ οὐκ ἤρχοντο,",,,,
Tobit 10:2,TOB,Tobit,10,2,εἶπε· μήποτε κατῃ£σχυνται; ἢ μήποτε ἀπέθανε Γαβαὴλ καὶ οὐδεὶς αὐτῷ δίδωσι τὸ ἀργύριον;,,,,
Tobit 10:3,TOB,Tobit,10,3,καὶ ἐλυπεῖτο λίαν.,,,,
Tobit 10:4,TOB,Tobit,10,4,"εἶπε δὲ αὐτῷ ἡ γυνή· ἀπώλετο τὸ παιδίον, διότι κεχρόνικε· καὶ ἤρξατο θρηνεῖν αὐτὸν καὶ εἶπεν·",,,,
Tobit 10:5,TOB,Tobit,10,5,"οὐ μέλοι μοι, τέκνον, ὅτι ἀφῆκά σε τὸ φῶς τῶν ὀφθαλμῶν μου;",,,,
Tobit 10:6,TOB,Tobit,10,6,"καὶ Τωβὶτ λέγει αὐτῇ· σίγα, μὴ λόγον ἔχει, ὑγιαίνει.",,,,
Tobit 10:7,TOB,Tobit,10,7,"καὶ εἶπεν αὐτῷ· σίγα, μὴ πλάνα με, ἀπώλετο τὸ παιδίον μου. καὶ ἐπορεύετο καθ᾿ ἡμέραν εἰς τὴν ὁδὸν ἔξω, οἵας ἀπῆλθεν, ἡμέρας τε ἄρτον οὐκ ἤσθιε, τὰς δέ νύκτας οὐ διελίμπανε θρηνοῦσα Τωβίαν τὸν υἱὸν αὐτῆς, ἕως οὗ συνετελέσθησαν αἱ δεκατέσσαρες ἡμέραι τοῦ γάμου, ἃς ὤμοσε Ραγουὴλ ποιῆσαι αὐτὸν ἐκεῖ· εἶπε δὲ Τωβίας τῷ Ραγουήλ· ἐξαπόστειλόν με, ὅτι ὁ πατήρ μου καὶ ἡ μήτηρ μου οὐκέτι ἐλπίζουσιν ὄψεσθαί με.",,,,
Tobit 10:8,TOB,Tobit,10,8,"εἶπε δὲ αὐτῷ ὁ πενθερός· μεῖνον παρ᾿ ἐμοί, κἀγὼ ἐξαποστελῶ πρὸς τὸν πατέρα σου καὶ δηλώσουσιν αὐτῷ τὰ κατὰ σέ.",,,,
Tobit 10:9,TOB,Tobit,10,9,καὶ Τωβίας λέγει· ἐξαπόστειλόν με πρὸς τὸν πατέρα μου.,,,,
Tobit 10:10,TOB,Tobit,10,10,"ἀναστὰς δὲ Ραγουὴλ ἔδωκεν αὐτῷ Σάρραν τὴν γυναῖκα αὐτοῦ καὶ τὰ ἥμισυ τῶν ὑπαρχόντων, σώματα καὶ κτήνη καὶ ἀργύριον,",,,,
Tobit 10:11,TOB,Tobit,10,11,"καὶ εὐλογήσας αὐτοὺς ἐξαπέστειλε λέγων· εὐοδώσει ὑμᾶς, τέκνα, ὁ Θεὸς τοῦ οὐρανοῦ πρὸ τοῦ με ἀποθανεῖν.",,,,
Tobit 10:12,TOB,Tobit,10,12,"καὶ εἶπε τῇ θυγατρὶ αὐτοῦ· τίμα τοὺς πενθερούς σου, αὐτοὶ νῦν γονεῖς σού εἰσιν· ἀκούσαιμί σου ἀκοὴν καλήν, καὶ ἐφίλησεν αὐτήν. καὶ Ἔδνα εἶπε πρὸς Τωβίαν· ἀδελφὲ ἀγαπητέ, ἀποκαταστήσαι σε ὁ Κύριος τοῦ οὐρανοῦ καὶ δῴη μοι ἰδεῖν σου παιδία ἐκ Σάρρας τῆς θυγατρός μου, ἵνα εὐφρανθῶ ἐνώπιον τοῦ Κυρίου· καὶ ἰδοὺ παρατίθεμαί σοι τὴν θυγατέρα μου ἐν παρακαταθήκῃ, μὴ λυπήσῃς αὐτήν.",,,,
Tobit 10:13,TOB,Tobit,10,13,"μετὰ ταῦτα ἐπορεύετο καὶ Τωβίας εὐλογῶν τὸν Θεόν, ὅτι εὐώδωσε τὴν ὁδὸν αὐτοῦ, καὶ κατευλόγει Ραγουὴλ καὶ Ἔδναν τὴν γυναῖκα αὐτοῦ.",,,,
Tobit 11:1,TOB,Tobit,11,1,"ΚΑΙ ἐπορεύετο μέχρις οὗ ἐγγίσαι αὐτοὺς εἰς Νινευῆ. καὶ εἶπε Ραφαὴλ πρὸς Τωβίαν· οὐ γινώσκεις, ἀδελφέ, πῶς ἀφῆκας τὸν πατέρα σου;",,,,
Tobit 11:2,TOB,Tobit,11,2,προδράμωμεν ἔμπροσθεν τῆς γυναικός σου καὶ ἑτοιμάσωμεν τὴν οἰκίαν·,,,,
Tobit 11:3,TOB,Tobit,11,3,"λαβὲ δὲ παρὰ χεῖρα τὴν χολὴν τοῦ ἰχθῦος. καὶ ἐπορεύθησαν, καὶ συνῆλθεν ὁ κύων ὄπισθεν αὐτῶν.",,,,
Tobit 11:4,TOB,Tobit,11,4,καὶ Ἄννα ἐκάθητο περιβλεπομένη εἰς τὴν ὁδὸν τὸν παῖδα αὐτῆς·,,,,
Tobit 11:5,TOB,Tobit,11,5,καὶ προσενόησεν αὐτὸν ἐρχόμενον καὶ εἶπε τῷ πατρὶ αὐτοῦ· ἰδοὺ ὁ υἱός μου ἔρχεται καὶ ὁ ἄνθρωπος ὁ πορευθεὶς μετ᾿ αὐτοῦ.,,,,
Tobit 11:6,TOB,Tobit,11,6,καὶ Ραφαὴλ εἶπεν· ἐπίσταμαι ἐγὼ ὅτι ἀνοίξει τοὺς ὀφθαλμοὺς ὁ πατήρ σου.,,,,
Tobit 11:7,TOB,Tobit,11,7,"σὺ ἔγχρισον τὴν χολὴν εἰς τοὺς ὀφθαλμοὺς αὐτοῦ, καὶ δηχθεὶς διατρίψει καὶ ἀποβαλεῖται τὰ λευκώματα καὶ ὄψεταί σε.",,,,
Tobit 11:8,TOB,Tobit,11,8,"καὶ προσδραμοῦσα Ἄννα ἐπέπεσεν ἐπὶ τὸν τράχηλον τοῦ υἱοῦ αὐτῆς καὶ εἶπεν αὐτῷ· εἶδόν σε, παιδίον, ἀπὸ τοῦ νῦν ἀποθανοῦμαι καὶ ἔκλαυσαν ἀμφότεροι.",,,,
Tobit 11:9,TOB,Tobit,11,9,"καὶ Τωβὶτ ἐξήρχετο πρὸς τὴν θύραν καὶ προσέκοπτεν, ὁ δὲ υἱὸς αὐτοῦ προσέδραμεν αὐτῷ",,,,
Tobit 11:10,TOB,Tobit,11,10,"καὶ ἐπελάβετο τοῦ πατρὸς αὐτοῦ καὶ προσέπασε τὴν χολὴν ἐπὶ τοὺς ὀφθαλμοὺς τοῦ πατρὸς αὐτοῦ λέγων· θάρσει, πάτερ.",,,,
Tobit 11:11,TOB,Tobit,11,11,"ὡς δὲ συνεδήχθησαν, διέτριψε τοὺς ὀφθαλμοὺς αὐτοῦ, καὶ ἐλεπίσθη ἀπὸ τῶν κάνθων τῶν ὀφθαλμῶν αὐτοῦ τὰ λευκώματα.",,,,
Tobit 11:12,TOB,Tobit,11,12,καὶ ἰδὼν τὸν υἱὸν αὐτοῦ ἐπέπεσεν ἐπὶ τὸν τράχηλον αὐτοῦ,,,,
Tobit 11:13,TOB,Tobit,11,13,"καὶ ἔκλαυσε καὶ εἶπεν· εὐλογητὸς εἶ, ὁ Θεός, καὶ εὐλογητὸν τὸ ὄνομά σου εἰς τοὺς αἰῶνας, καὶ εὐλογημένοι πάντες οἱ ἅγιοί σου ἄγγελοι· ὅτι ἐμαστίγωσας καὶ ἠλέησάς με, ἰδοὺ βλέπω Τωβίαν τὸν υἱόν μου.",,,,
Tobit 11:14,TOB,Tobit,11,14,καὶ εἰσῆλθεν ὁ υἱὸς αὐτοῦ χαίρων καὶ ἀπήγγειλε τῷ πατρὶ αὐτοῦ τὰ μεγαλεῖα τὰ γενόμενα αὐτῷ ἐν τῇ Μηδίᾳ.,,,,
Tobit 11:15,TOB,Tobit,11,15,"καὶ ἐξῆλθε Τωβὶτ εἰς συνάντησιν τῇ νύμφῃ αὐτοῦ χαίρων καὶ εὐλογῶν τὸν Θεὸν πρὸς τῇ πύλῃ Νινευῆ· καὶ ἐθαύμαζον οἱ θεωροῦντες αὐτὸν πορευόμενον, ὅτι ἔβλεψε.",,,,
Tobit 11:16,TOB,Tobit,11,16,"καὶ Τωβὶτ ἐξωμολογεῖτο ἐνώπιον αὐτοῦ, ὅτι ἠλέησεν αὐτοὺς ὁ Θεός· καὶ ὡς ἤγγισε Τωβὶτ Σάρρᾳ τῇ νύμφῃ αὐτοῦ, κατευλόγησεν αὐτὴν λέγων· ἔλθοις ὑγιαίνουσα, θύγατερ· εὐλογητὸς ὁ Θεός, ὃς ἤγαγέ σε πρὸς ἡμᾶς, καὶ ὁ πατήρ σου καὶ ἡ μήτηρ σου. καὶ ἐγένετο χαρὰ πᾶσι τοῖς ἐν Νινευῆ ἀδελφοῖς αὐτοῦ.",,,,
Tobit 11:17,TOB,Tobit,11,17,"καὶ παρεγένετο Ἀχιάχαρος καὶ Νασβὰς ὁ ἐξάδελφος αὐτοῦ,",,,,
Tobit 11:18,TOB,Tobit,11,18,καὶ ἤχθη ὁ γάμος Τωβία μετ᾿ εὐφροσύνης ἡμέρας ἑπτά.,,,,
Tobit 12:1,TOB,Tobit,12,1,"ΚΑΙ ἐκάλεσε Τωβὶτ Τωβίαν τὸν υἱὸν αὐτοῦ καὶ εἶπεν αὐτῷ· ὅρα, τέκνον, μισθὸν τῷ ἀνθρώπῳ τῷ συνελθόντι σοι, καὶ προσθεῖναι αὐτῷ δεῖ.",,,,
Tobit 12:2,TOB,Tobit,12,2,"καὶ εἶπε· πάτερ, οὐ βλάπτομαι δοὺς αὐτῷ τὸ ἥμισυ, ὧν ἐνήνοχα,",,,,
Tobit 12:3,TOB,Tobit,12,3,ὅτι με ἀγήοχέ σοι ὑγιῆ καὶ τὴν γυναῖκα μου ἐθεράπευσε καὶ τὸ ἀργύριόν μου ἤνεγκε καὶ σὲ ὁμοίως ἐθεράπευσε.,,,,
Tobit 12:4,TOB,Tobit,12,4,καὶ εἶπεν ὁ πρεσβύτης· δικαιοῦται αὐτῷ.,,,,
Tobit 12:5,TOB,Tobit,12,5,"καὶ ἐκάλεσε τὸν ἄγγελον καὶ εἶπεν αὐτῷ· λάβε τὸ ἥμισυ πάντων, ὧν ἐνηνόχατε, καὶ ὕπαγε ὑγιαίνων.",,,,
Tobit 12:6,TOB,Tobit,12,6,"τότε καλέσας τοὺς δύο κρυπτῶς εἶπεν αὐτοῖς· εὐλογεῖτε τὸν Θεὸν καὶ αὐτῷ ἐξομολογεῖσθε καὶ μεγαλωσύνην δίδοτε αὐτῷ καὶ ἐξολογεῖσθε αὐτῷ ἐνώπιον πάντων τῶν ζώντων, περὶ ὧν ἐποίησε μεθ᾿ ὑμῶν. ἀγαθὸν τὸ εὐλογεῖν τὸν Θεὸν καὶ ὑψοῦν τὸ ὄνομα αὐτοῦ, τοὺς λόγους τῶν ἔργων τοῦ Θεοῦ ἐντίμως ὑποδεικνύοντες, καὶ μὴ ὀκνεῖτε ἐξομολογεῖσθαι αὐτῷ.",,,,
Tobit 12:7,TOB,Tobit,12,7,"μυστήριον βασιλέως καλὸν κρύψαι, τὰ δὲ ἔργα τοῦ Θεοῦ ἀνακαλύπτειν ἐνδόξως. ἀγαθὸν ποιήσατε, καὶ κακὸν οὐχ εὑρήσει ὑμᾶς.",,,,
Tobit 12:8,TOB,Tobit,12,8,ἀγαθὸν προσευχὴ μετὰ νηστείας καὶ ἐλεημοσύνης καὶ δικαιοσύνης· ἀγαθὸν τὸ ὀλίγον μετὰ δικαιοσύνης ἢ πολὺ μετὰ ἀδικίας. καλὸν ποιῆσαι ἐλεημοσύνην ἢ θησαυρίσαι χρυσίον·,,,,
Tobit 12:9,TOB,Tobit,12,9,"ἐλεημοσύνη γὰρ ἐκ θανάτου ρύεται, καὶ αὐτὴ ἀποκαθαριεῖ πᾶσαν ἁμαρτίαν· οἱ ποιοῦντες ἐλεημοσύνας καὶ δικαιοσύνας πλησθήσονται ζωῆς,",,,,
Tobit 12:10,TOB,Tobit,12,10,οἱ δὲ ἁμαρτάνοντες πολέμιοί εἰσι τῆς ἑαυτῶν ζωῆς.,,,,
Tobit 12:11,TOB,Tobit,12,11,"οὐ μὴ κρύψω ἀφ᾿ ὑμῶν πᾶν ρῆμα· εἴρηκα δὴ μυστήριον βασιλέως κρύψαι καλόν, τὰ δὲ ἔργα τοῦ Θεοῦ ἀνακαλύπτειν ἐνδόξως.",,,,
Tobit 12:12,TOB,Tobit,12,12,"καὶ νῦν ὅτι προσηύξω σὺ καὶ ἡ νύμφη σου Σάρρα, ἐγὼ προσήγαγον τὸ μνημόσυνον τῆς προσευχῆς ὑμῶν ἐνώπιον τοῦ ἁγίου· καὶ ὅτε ἔθαπτες τοὺς νεκρούς, ὡσαύτως συμπαρήγμην σοι.",,,,
Tobit 12:13,TOB,Tobit,12,13,"καὶ ὅτε οὐκ ὤκνησας ἀναστῆναι καὶ καταλιπεῖν τὸ ἄριστόν σου, ὅπως ἀπελθὼν περιστείλῃς τὸν νεκρόν, οὐκ ἔλαθές με ἀγαθοποιῶν, ἀλλὰ σὺν σοὶ ἤμην.",,,,
Tobit 12:14,TOB,Tobit,12,14,καὶ νῦν ἀπέστειλέ με ὁ Θεὸς ἰάσασθαί σε καὶ τὴν νύμφην σου Σάρραν.,,,,
Tobit 12:15,TOB,Tobit,12,15,"ἐγώ εἰμι Ραφαήλ, εἷς ἐκ τῶν ἑπτὰ ἁγίων ἀγγέλων, οἳ προσαναφέρουσι τὰς προσευχὰς τῶν ἁγίων, καὶ εἰσπορεύονται ἐνώπιον τῆς δόξης τοῦ ἁγίου.",,,,
Tobit 12:16,TOB,Tobit,12,16,"καὶ ἐταράχθησαν οἱ δύο καὶ ἔπεσον ἐπὶ πρόσωπον, ὅτι ἐφοβήθησαν.",,,,
Tobit 12:17,TOB,Tobit,12,17,"καὶ εἶπεν αὐτοῖς· μὴ φοβεῖσθε, εἰρήνη ὑμῖν ἔσται· τὸν δὲ Θεὸν εὐλογεῖτε εἰς τὸν αἰῶνα,",,,,
Tobit 12:18,TOB,Tobit,12,18,"ὅτι οὐ τῇ ἐμαυτοῦ χάριτι, ἀλλὰ τῇ θελήσει τοῦ Θεοῦ ἡμῶν ἦλθον, ὅθεν εὐλογεῖτε αὐτὸν εἰς τὸν αἰῶνα.",,,,
Tobit 12:19,TOB,Tobit,12,19,"πάσας τὰς ἡμέρας ὠπτανόμην ὑμῖν, καὶ οὐκ ἔφαγον οὐδὲ ἔπιον, ἀλλὰ ὅρασιν ὑμεῖς ἐθεωρεῖτε.",,,,
Tobit 12:20,TOB,Tobit,12,20,"καὶ νῦν ἐξομολογεῖσθε τῷ Θεῷ, διότι ἀναβαίνω πρὸς τὸν ἀποστείλαντά με, καὶ γράψατε πάντα τὰ συντελεσθέντα εἰς βιβλίον.",,,,
Tobit 12:21,TOB,Tobit,12,21,"καὶ ἀνέστησαν, καὶ οὐκ ἔτι εἶδον αὐτόν.",,,,
Tobit 12:22,TOB,Tobit,12,22,καὶ ἐξωμολογοῦντο τὰ ἔργα τὰ μεγάλα καὶ θαυμαστὰ αὐτοῦ καὶ ὡς ὤφθη αὐτοῖς ὁ ἄγγελος Κυρίου.,,,,
Tobit 13:1,TOB,Tobit,13,1,"ΚΑΙ Τωβὶτ ἔγραψε προσευχὴν εἰς ἀγαλλίασιν καὶ εἶπεν· ‘Εὐλογητὸς ὁ Θεὸς ὁ ζῶν εἰς τοὺς αἰῶνας καὶ ἡ βασιλεία αὐτοῦ,",,,,
Tobit 13:2,TOB,Tobit,13,2,"ὅτι αὐτὸς μαστιγοῖ καὶ ἐλεεῖ, κατάγει εἰς ᾅδην καὶ ἀνάγει, καὶ οὐκ ἔστιν ὃς ἐκφεύξεται τὴν χεῖρα αὐτοῦ.",,,,
Tobit 13:3,TOB,Tobit,13,3,"ἐξομολογεῖσθε αὐτῷ οἱ υἱοὶ Ἰσραὴλ ἐνώπιον τῶν ἐθνῶν, ὅτι αὐτὸς διέσπειρεν ἡμᾶς ἐν αὐτοῖς·",,,,
Tobit 13:4,TOB,Tobit,13,4,"ἐκεῖ ὑποδείξατε τὴν μεγαλωσύνην αὐτοῦ, ὑψοῦτε αὐτὸν ἐνώπιον παντὸς ζῶντος, καθότι αὐτὸς Κύριος ἡμῶν καὶ Θεός, αὐτὸς πατὴρ ἡμῶν εἰς πάντας τοὺς αἰῶνας.",,,,
Tobit 13:5,TOB,Tobit,13,5,"καὶ μαστιγώσει ἡμᾶς ἐν ταῖς ἀδικίαις ἡμῶν καὶ πάλιν ἐλεήσει καὶ συνάξει ἡμᾶς ἐκ πάντων τῶν ἐθνῶν, οὗ ἐὰν σκορπισθῆτε ἐν αὐτοῖς.",,,,
Tobit 13:6,TOB,Tobit,13,6,"ἐὰν ἐπιστρέψητε πρὸς αὐτὸν ἐν ὅλῃ τῇ καρδίᾳ ὑμῶν καὶ ἐν ὅλῃ τῇ ψυχῇ ὑμῶν ποιῆσαι ἐνώπιον αὐτοῦ ἀλήθειαν, τότε ἐπιστρέψει πρὸς ὑμᾶς καὶ οὐ μὴ κρύψῃ τὸ πρόσωπον αὐτοῦ ἀφ᾿ ὑμῶν. καὶ θεάσασθε ἃ ποιήσει μεθ᾿ ὑμῶν, καὶ ἐξομολογήσασθε αὐτῷ ἐν ὅλῳ τῷ στόματι ὑμῶν· καὶ εὐλογήσατε τὸν Κύριον τῆς δικαιοσύνης καὶ ὑψώσατε τὸν βασιλέα τῶν αἰώνων. ἐγὼ ἐν τῇ γῇ τῆς αἰχμαλωσίας μου ἐξομολογοῦμαι αὐτῷ καὶ δεικνύω τὴν ἰσχὺν καὶ τὴν μεγαλωσύνην αὐτοῦ ἔθνει ἁμαρτωλῶν. ἐπιστρέψατε, ἁμαρτωλοί, καὶ ποιήσατε δικαιοσύνην ἐνώπιον αὐτοῦ· τίς γινώσκει εἰ θελήσει ὑμᾶς καὶ ποιήσει ἐλεημοσύνην ὑμῖν;",,,,
Tobit 13:7,TOB,Tobit,13,7,τὸν Θεόν μου ὑψῶ καὶ ἡ ψυχή μου τὸν βασιλέα τοῦ οὐρανοῦ καὶ ἀγαλλιάσεται τὴν μεγαλωσύνην αὐτοῦ.,,,,
Tobit 13:8,TOB,Tobit,13,8,λεγέτωσαν πάντες καὶ ἐξομολογείσθωσαν αὐτῷ ἐν Ἱεροσολύμοις·,,,,
Tobit 13:9,TOB,Tobit,13,9,"Ἱεροσόλυμα πόλις ἁγία, μαστιγώσει ἐπὶ τὰ ἔργα τῶν υἱῶν σου καὶ πάλιν ἐλεήσει τοὺς υἱοὺς τῶν δικαίων.",,,,
Tobit 13:10,TOB,Tobit,13,10,"ἐξομολογοῦ τῷ Κυρίῳ ἀγαθῶς καὶ εὐλόγει τὸν βασιλέα τῶν αἰώνων, ἵνα πάλιν ἡ σκηνὴ αὐτοῦ οἰκοδομηθῇ ἐν σοὶ μετὰ χαρᾶς, καὶ εὐφράναι ἐν σοὶ τοὺς αἰχμαλώτους καὶ ἀγαπῆσαι ἐν σοὶ τοὺς ταλαιπώρους εἰς πάσας τὰς γενεὰς τοῦ αἰῶνος.",,,,
Tobit 13:11,TOB,Tobit,13,11,"ἔθνη πολλὰ μακρόθεν ἥξει πρὸς τὸ ὄνομα Κυρίου τοῦ Θεοῦ δῶρα ἐν χερσὶν ἔχοντες καὶ δῶρα τῷ βασιλεῖ τοῦ οὐρανοῦ, γενεαὶ γενεῶν δώσουσί σοι ἀγαλλίαμα.",,,,
Tobit 13:12,TOB,Tobit,13,12,"ἐπικατάρατοι πάντες οἱ μισοῦντές σε, εὐλογημένοι ἔσονται πάντες οἱ ἀγαπῶντές σε εἰς τὸν αἰῶνα.",,,,
Tobit 13:13,TOB,Tobit,13,13,"χάρηθι καὶ ἀγαλλίασαι ἐπὶ τοῖς υἱοῖς τῶν δικαίων, ὅτι συναχθήσονται καὶ εὐλογήσουσι τὸν Κύριον τῶν δικαίων.",,,,
Tobit 13:14,TOB,Tobit,13,14,"ὦ μακάριοι οἱ ἀγαπῶντές σε, χαρήσονται ἐπὶ τῇ εἰρήνῃ σου. μακάριοι ὅσοι ἐλυπήθησαν ἐπὶ πάσαις ταῖς μάστιξί σου, ὅτι ἐπὶ σοὶ χαρήσονται θεασάμενοι πᾶσαν τὴν δόξαν σου καὶ εὐφρανθήσονται εἰς τὸν αἰῶνα.",,,,
Tobit 13:15,TOB,Tobit,13,15,"ἡ ψυχή μου εὐλογείτω τὸν Θεὸν τὸν βασιλέα τὸν μέγαν,",,,,
Tobit 13:16,TOB,Tobit,13,16,"ὅτι οἰκοδομηθήσεται Ἱερουσαλὴμ σαπφείρῳ καὶ σμαράγδῳ καὶ λίθῳ ἐντίμῳ τὰ τείχη σου καὶ οἱ πύργοι καὶ οἱ προμαχῶνες ἐν χρυσίῳ καθαρῷ,",,,,
Tobit 13:17,TOB,Tobit,13,17,καὶ αἱ πλατεῖαι Ἱερουσαλὴμ ἐν βηρύλλῳ καὶ ἄνθρακι καὶ λίθῳ ἐκ Σουφεὶρ ψηφολογηθήσονται.,,,,
Tobit 13:18,TOB,Tobit,13,18,"καὶ ἐροῦσι πᾶσαι αἱ ρύμαι αὐτῆς, ἀλληλούϊα καὶ αἰνέσουσι λέγοντες· εὐλογητὸς ὁ Θεός, ὃς ὕψωσε πάντας τοὺς αἰῶνας’.",,,,
Tobit 14:1,TOB,Tobit,14,1,ΚΑΙ ἐπαύσατο ἐξομολογούμενος Τωβίτ.,,,,
Tobit 14:2,TOB,Tobit,14,2,"καὶ ἦν ἐτῶν πεντηκονταοκτώ, ὅτε ἀπώλεσε τὰς ὄψεις, καὶ μετὰ ἔτη ὀκτὼ ἀνέβλεψε. καὶ ἐποίει ἐλεημοσύνας καὶ προσέθετο φοβεῖσθαι Κύριον τὸν Θεὸν καὶ ἐξωμολογεῖτο αὐτῷ.",,,,
Tobit 14:3,TOB,Tobit,14,3,"μεγάλως δὲ ἐγήρασε· καὶ ἐκάλεσε τὸν υἱὸν αὐτοῦ καὶ τοὺς υἱοὺς αὐτοῦ καὶ εἶπεν αὐτῷ· τέκνον, λάβε τοὺς υἱούς σου· ἰδοὺ γεγήρακα καὶ πρὸς τὸ ἀποτρέχειν ἐκ τοῦ ζῆν εἰμι.",,,,
Tobit 14:4,TOB,Tobit,14,4,"ἄπελθε εἰς τὴν Μηδίαν, τέκνον, ὅτι πέπεισμαι ὅσα ἐλάλησεν Ἰωνᾶς ὁ προφήτης περὶ Νινευῆ, ὅτι καταστραφήσεται, ἐν δὲ τῇ Μηδίᾳ ἔσται εἰρήνη μᾶλλον ἕως καιροῦ, καὶ ὅτι οἱ ἀδελφοὶ ἡμῶν ἐν τῇ γῇ σκορπισθήσονται ἀπὸ τῆς ἀγαθῆς γῆς, καὶ Ἱεροσόλυμα ἔσται ἔρημος, καὶ ὁ οἶκος τοῦ Θεοῦ ἐν αὐτῇ κατακαήσεται καὶ ἔρημος ἔσται μέχρι χρόνου.",,,,
Tobit 14:5,TOB,Tobit,14,5,"καὶ πάλιν ἐλεήσει αὐτοὺς ὁ Θεὸς καὶ ἐπιστρέψει αὐτοὺς εἰς τὴν γῆν, καὶ οἰκοδομήσουσι τὸν οἶκον, οὐχ οἷος ὁ πρότερος, ἕως πληρωθῶσι καιροὶ τοῦ αἰῶνος. καὶ μετὰ ταῦτα ἐπιστρέψουσιν ἐκ τῶν αἰχμαλωσιῶν καί οἰκοδομήσουσιν Ἱερουσαλὴμ ἐντίμως, καὶ ὁ οἶκος τοῦ Θεοῦ ἐν αὐτῇ οἰκοδομηθήσεται εἰς πάσας τὰς γενεὰς τοῦ αἰῶνος οἰκοδομῇ ἐνδόξῳ, καθὼς ἐλάλησαν περὶ αὐτῆς οἱ προφῆται.",,,,
Tobit 14:6,TOB,Tobit,14,6,"καὶ πάντα τὰ ἔθνη ἐπιστρέψουσιν ἀληθινῶς φοβεῖσθαι Κύριον τὸν Θεὸν καὶ κατορύξουσι τὰ εἴδωλα αὐτῶν, καὶ εὐλογήσουσι πάντα τὰ ἔθνη Κύριον.",,,,
Tobit 14:7,TOB,Tobit,14,7,"καὶ ὁ λαὸς αὐτοῦ ἐξομολογήσεται τῷ Θεῷ, καὶ ὑψώσει Κύριος τὸν λαὸν αὐτοῦ, καὶ χαρήσονται πάντες οἱ ἀγαπῶντες Κύριον τὸν Θεὸν ἐν ἀληθείᾳ καὶ δικαιοσύνῃ, ποιοῦντες ἔλεος τοῖς ἀδελφοῖς ἡμῶν.",,,,
Tobit 14:8,TOB,Tobit,14,8,"καὶ νῦν, τέκνον, ἄπελθε ἀπὸ Νινευῆ, ὅτι πάντως ἔσται ἃ ἐλάλησεν ὁ προφήτης Ἰωνᾶς.",,,,
Tobit 14:9,TOB,Tobit,14,9,"σὺ δὲ τήρησον τὸν νόμον καὶ τὰ προστάγματα καὶ γενοῦ φιλελεήμων καὶ δίκαιος, ἵνα σοι καλῶς ᾖ. καὶ θάψον με καλῶς καὶ τὴν μητέρα σου μετ᾿ ἐμοῦ, καὶ μηκέτι αὐλισθῆτε εἰς Νινευῆ.",,,,
Tobit 14:10,TOB,Tobit,14,10,"τέκνον, ἰδὲ τί ἐποίησεν Ἀμὰν Ἀχιαχάρῳ τῷ θρέψαντι αὐτόν, ὡς ἐκ τοῦ φωτὸς ἤγαγεν αὐτὸν εἰς τὸ σκότος, καὶ ὅσα ἀνταπέδωκεν αὐτῷ· καὶ Ἀχιάχαρος μὲν ἐσώθη, ἐκείνῳ δὲ τὸ ἀνταπόδομα ἐπεδόθη, καὶ αὐτὸς κατέβη εἰς τὸ σκότος. Μανασσῆς ἐποίησεν ἐλεημοσύνην καὶ ἐσώθη ἐκ παγίδος θανάτου, ἧς ἔπηξεν αὐτῷ, Ἀμὰν δὲ ἐνέπεσεν εἰς τὴν παγίδα καὶ ἀπώλετο.",,,,
Tobit 14:11,TOB,Tobit,14,11,"καὶ νῦν, παιδία, ἴδετε τί ἐλεημοσύνη ποιεῖ, καὶ τί δικαιοσύνη ρύεται. καὶ ταῦτα αὐτοῦ λέγοντος, ἐξέλιπεν ἡ ψυχὴ αὐτοῦ ἐπὶ τῆς κλίνης· ἦν δὲ ἐτῶν ἑκατὸν πεντηκονταοκτώ, καὶ ἔθαψαν αὐτὸν ἐνδόξως.",,,,
Tobit 14:12,TOB,Tobit,14,12,"καὶ ὅτε ἀπέθανεν Ἄννα, ἔθαψεν αὐτὴν μετὰ τοῦ πατρὸς αὐτοῦ, ἀπῆλθε δὲ Τωβίας μετὰ τῆς γυναικὸς αὐτοῦ καὶ τῶν υἱῶν αὐτοῦ εἰς Ἐκβάτανα πρὸς Ραγουὴλ τὸν πενθερὸν αὐτοῦ,",,,,
Tobit 14:13,TOB,Tobit,14,13,καὶ ἐγήρασεν ἐντίμως καὶ ἔθαψε τοὺς πενθεροὺς αὐτοῦ ἐνδόξως καὶ ἐκληρονόμησε τὴν οὐσίαν αὐτῶν καὶ Τωβὶτ τοῦ πατρὸς αὐτοῦ.,,,,
Tobit 14:14,TOB,Tobit,14,14,καὶ ἀπέθανεν ἐτῶν ἑκατὸν εἰκοσιεπτὰ ἐν Ἐκβατάνοις τῆς Μηδίας.,,,,
Tobit 14:15,TOB,Tobit,14,15,"καὶ ἤκουσε πρὶν ἢ ἀποθανεῖν αὐτὸν τὴν ἀπώλειαν Νινευῆ, ἣν ᾐχμαλώτισε Ναβουχοδονόσορ καὶ Ἀσύηρος, καὶ ἐχάρη πρὸ τοῦ ἀποθανεῖν ἐπὶ Νινευῆ.",,,,
Judith 1:1,JDT,Judith,1,1,"ΕΤΟΥΣ δωδεκάτου τῆς βασιλείας Ναβουχοδονόσορ, ὃς ἐβασίλευσεν Ἀσσυρίων ἐν Νινευῆ τῇ πόλει τῇ μεγάλῃ, ἐν ταῖς ἡμέραις Ἀρφαξάδ, ὃς ἐβασίλευσεν Μήδων ἐν Ἐκβατάνοις,",,,,
Judith 1:2,JDT,Judith,1,2,καὶ ᾠκοδόμησεν ἐπ᾿ Ἐκβατάνων κύκλῳ τείχη ἐκ λίθων λελαξευμένων εἰς πλάτος πηχῶν τριῶν καὶ εἰς μῆκος πηχῶν ἓξ καὶ ἐποίησε τὸ ὕψος τοῦ τείχους πηχῶν ἑβδομήκοντα καὶ τὸ πλάτος αὐτοῦ πηχῶν πεντήκοντα,,,,
Judith 1:3,JDT,Judith,1,3,καὶ τοὺς πύργους αὐτοῦ ἔστησεν ἐπὶ ταῖς πύλαις αὐτῆς πηχῶν ἑκατὸν καὶ τὸ πλάτος αὐτῆς ἐθεμελίωσεν εἰς πήχεις ἑξήκοντα,,,,
Judith 1:4,JDT,Judith,1,4,καὶ ἐποίησε τὰς πύλας αὐτῆς πύλας διεγειρομένας εἰς ὕψος πηχῶν ἑβδομήκοντα καὶ τὸ πλάτος αὐτῶν πήχεις τεσσαράκοντα εἰς ἐξόδους δυνάμεων δυνατῶν αὐτοῦ καὶ διατάξεις τῶν πεζῶν αὐτοῦ.,,,,
Judith 1:5,JDT,Judith,1,5,"καὶ ἐποίησε πόλεμον ἐν ταῖς ἡμέραις ἐκείναις ὁ βασιλεὺς Ναβουχοδονόσορ πρὸς βασιλέα Ἀρφαξὰδ ἐν τῷ πεδίῳ τῷ μεγάλῳ, τοῦτό ἐστιν ἐν τοῖς ὁρίοις Ραγαῦ.",,,,
Judith 1:6,JDT,Judith,1,6,καὶ συνήντησαν πρὸς αὐτὸν πάντες οἱ κατοικοῦντες τὴν ὀρεινὴν καὶ πάντες οἱ κατοικοῦντες τὸν Εὐφράτην καὶ τὸν Τίγριν καὶ τὸν Ὑδάσπην καὶ πεδία Ἀριὼχ βασιλέως Ἐλυμαίων· καὶ συνῆλθον ἔθνη πολλὰ σφόδρα εἰς παράταξιν υἱῶν Χελεούδ.,,,,
Judith 1:7,JDT,Judith,1,7,"καὶ ἀπέστειλε Ναβουχοδονόσορ ὁ βασιλεὺς Ἀσσυρίων ἐπὶ πάντας τοὺς κατοικοῦντας τὴν Περσίδα καὶ ἐπὶ πάντας τοὺς κατοικοῦντας πρὸς δυσμαῖς, τοὺς κατοικοῦντας Κιλικίαν καὶ Δαμασκόν, τὸν Λίβανον καὶ Ἀντιλίβανον, καὶ πάντας τοὺς κατοικοῦντας κατὰ πρόσωπον παραλίας",,,,
Judith 1:8,JDT,Judith,1,8,καὶ τοὺς ἐν τοῖς ἔθνεσι τοῦ Καρμήλου καὶ Γαλαὰδ καὶ τὴν ἄνω Γαλιλαίαν καὶ τὸ μέγα πεδίον Ἐσδρηλὼν,,,,
Judith 1:9,JDT,Judith,1,9,καὶ πάντας τοὺς ἐν Σαμαρείᾳ καὶ ταῖς πόλεσιν αὐτῆς καὶ πέραν τοῦ Ἰορδάνου ἕως Ἱερουσαλὴμ καὶ Βετάνη καὶ Χελλοὺς καὶ Κάδης καὶ τοῦ ποταμοῦ Αἰγύπτου καὶ Ταφνὰς καὶ Ραμεσσὴ καὶ πᾶσαν γῆν Γεσὲμ,,,,
Judith 1:10,JDT,Judith,1,10,ἕως τοῦ ἐλθεῖν ἐπάνω Τάνεως καὶ Μέμφεως καὶ πάντας τοὺς κατοικοῦντας τὴν Αἴγυπτον ἕως τοῦ ἐλθεῖν ἐπὶ τὰ ὅρια τῆς Αἰθιοπίας.,,,,
Judith 1:11,JDT,Judith,1,11,"καὶ ἐφαύλισαν πάντες οἱ κατοικοῦντες πᾶσαν τὴν γῆν τὸ ρῆμα Ναβουχοδονόσορ τοῦ βασιλέως Ἀσσυρίων καὶ οὐ συνῆλθον αὐτῷ εἰς τὸν πόλεμον, ὅτι οὐκ ἐφοβήθησαν αὐτόν, ἀλλ᾿ ἦν ἐναντίον αὐτῶν ὡς ἀνὴρ εἷς, καὶ ἀνέστρεψαν τοὺς ἀγγέλους αὐτοῦ κενοὺς ἐν ἀτιμίᾳ προσώπου αὐτῶν.",,,,
Judith 1:12,JDT,Judith,1,12,"καὶ ἐθυμώθη Ναβουχοδονόσορ ἐπὶ πᾶσαν τὴν γῆν ταύτην σφόδρα καὶ ὤμοσε κατὰ τοῦ θρόνου καὶ τῆς βασιλείας αὐτοῦ, εἰ μὴν ἐκδικήσειν πάντα τὰ ὅρια τῆς Κιλικίας καὶ Δαμασκηνῆς καὶ Συρίας, ἀνελεῖν τῇ ρομφαίᾳ αὐτοῦ καὶ πάντας τοὺς κατοικοῦντας ἐν γῇ Μωὰβ καὶ τοὺς υἱοὺς Ἀμμὼν καὶ πᾶσαν τὴν Ἰουδαίαν καὶ πάντας τοὺς ἐν Αἰγύπτῳ ἕως τοῦ ἐλθεῖν ἐπὶ τὰ ὅρια τῶν δύο θαλασσῶν.",,,,
Judith 1:13,JDT,Judith,1,13,καὶ παρετάξατο ἐν τῇ δυνάμει αὐτοῦ πρὸς Ἀρφαξὰδ βασιλέα ἐν τῷ ἔτει τῷ ἑπτακαιδεκάτῳ καὶ ἐκραταιώθη ἐν τῷ πολέμῳ αὐτοῦ καὶ ἀνέστρεψε πᾶσαν τὴν δύναμιν Ἀρφαξὰδ καὶ πᾶσαν τὴν ἵππον αὐτοῦ καὶ πάντα τὰ ἅρματα αὐτοῦ,,,,
Judith 1:14,JDT,Judith,1,14,καὶ ἐκυρίευσε τῶν πόλεων αὐτοῦ καὶ ἀφίκετο ἕως Ἐκβατάνων καὶ ἐκράτησε τῶν πύργων καὶ ἐπρονόμευσε τὰς πλατείας αὐτῆς καὶ τὸν κόσμον αὐτῆς ἔθηκεν εἰς ὄνειδος αὐτῆς.,,,,
Judith 1:15,JDT,Judith,1,15,καὶ ἔλαβε τὸν Ἀρφαξὰδ ἐν τοῖς ὄρεσι Ραγαῦ καὶ κατηκόντισεν αὐτὸν ἐν ταῖς ζιβύναις αὐτοῦ καὶ ἐξωλόθρευσεν αὐτὸν ἕως τῆς ἡμέρας ἐκείνης.,,,,
Judith 1:16,JDT,Judith,1,16,"καὶ ἀνέστρεψε μετ᾿ αὐτῶν αὐτὸς καὶ πᾶς ὁ σύμμικτος αὐτοῦ, πλῆθος ἀνδρῶν πολεμιστῶν πολὺ σφόδρα· καὶ ἦν ἐκεῖ ραθυμῶν καὶ εὐωχούμενος αὐτὸς καὶ ἡ δύναμις αὐτοῦ ἐφ᾿ ἡμέρας ἑκατὸν εἴκοσι.",,,,
Judith 2:1,JDT,Judith,2,1,"ΚΑΙ ἐν τῷ ἔτει τῷ ὀκτωκαιδεκάτῳ, δευτέρᾳ καὶ εἰκάδι τοῦ πρώτου μηνός, ἐγένετο λόγος ἐν οἴκῳ Ναβουχοδονόσορ βασιλέως Ἀσσυρίων ἐκδικῆσαι πᾶσαν τὴν γῆν καθὼς ἐλάλησε.",,,,
Judith 2:2,JDT,Judith,2,2,καὶ συνεκάλεσε πάντας τοὺς θεράποντας αὐτοῦ καὶ πάντας τοὺς μεγιστᾶνας αὐτοῦ καὶ ἔθετο μετ᾿ αὐτῶν τὸ μυστήριον τῆς βουλῆς αὐτοῦ καὶ συνετέλεσε πᾶσαν τὴν κακίαν τῆς γῆς ἐκ τοῦ στόματος αὐτοῦ.,,,,
Judith 2:3,JDT,Judith,2,3,"καὶ αὐτοὶ ἔκριναν ὀλοθρεῦσαι πᾶσαν σάρκα, οἳ οὐκ ἠκολούθησαν τῷ λόγῳ τοῦ στόματος αὐτοῦ.",,,,
Judith 2:4,JDT,Judith,2,4,"καὶ ἐγένετο ὡς συνετέλεσε τὴν βουλὴν αὐτοῦ, ἐκάλεσε Ναβουχοδονόσορ βασιλεὺς Ἀσσυρίων τὸν Ὀλοφέρνην ἀρχιστράτηγον τῆς δυνάμεως αὐτοῦ, δεύτερον ὄντα μετ᾿ αὐτόν, καὶ εἶπε πρὸς αὐτόν·",,,,
Judith 2:5,JDT,Judith,2,5,"τάδε λέγει ὁ βασιλεὺς ὁ μέγας, ὁ κύριος πάσης τῆς γῆς· ἰδοὺ σὺ ἐξελεύσῃ ἐκ τοῦ προσώπου μου καὶ λήψῃ μετὰ σεαυτοῦ ἄνδρας πεποιθότας ἐν ἰσχύϊ αὐτῶν, πεζῶν εἰς χιλιάδας ἑκατὸν εἴκοσι καὶ πλῆθος ἵππων σὺν ἀναβάταις μυριάδων δεκαδύο,",,,,
Judith 2:6,JDT,Judith,2,6,"καὶ ἐξελεύσῃ εἰς συνάντησιν πάσῃ τῇ γῇ ἐπὶ δυσμάς, ὅτι ἠπείθησαν τῷ ρήματι τοῦ στόματός μου.",,,,
Judith 2:7,JDT,Judith,2,7,καὶ ἀπαγγελεῖς αὐτοῖς ἑτοιμάζειν γῆν καὶ ὕδωρ. ὅτι ἐξελεύσομαι ἐν θυμῷ μου ἐπ᾿ αὐτοὺς καὶ καλύψω πᾶν τὸ πρόσωπον τῆς γῆς ἐν τοῖς ποσὶ τῆς δυνάμεώς μου καὶ δώσω αὐτοὺς εἰς διαρπαγὴν αὐτοῖς·,,,,
Judith 2:8,JDT,Judith,2,8,"καὶ οἱ τραυματίαι αὐτῶν πληρώσουσι τὰς φάραγγας καὶ τοὺς χειμάρρους αὐτῶν, καὶ ποταμὸς ἐπικλύζων τοῖς νεκροῖς αὐτῶν πληρωθήσεται·",,,,
Judith 2:9,JDT,Judith,2,9,καὶ ἄξω τὴν αἰχμαλωσίαν αὐτῶν ἐπὶ τὰ ἄκρα πάσης τῆς γῆς.,,,,
Judith 2:10,JDT,Judith,2,10,"σὺ δὲ ἐξελθὼν προκαταλήψῃ μοι πᾶν ὅριον αὐτῶν, καὶ ἐκδώσουσί σοι ἑαυτούς, καὶ διατηρήσεις ἐμοὶ αὐτοὺς εἰς ἡμέραν ἐλεγμοῦ αὐτῶν·",,,,
Judith 2:11,JDT,Judith,2,11,ἐπὶ δὲ τοὺς ἀπειθοῦντας οὐ φείσεται ὁ ὀφθαλμός σου τοῦ δοῦναι αὐτοὺς εἰς φόνον καὶ ἁρπαγὴν ἐν πάσῃ τῇ γῇ σου.,,,,
Judith 2:12,JDT,Judith,2,12,"ὅτι ζῶν ἐγὼ καὶ τὸ κράτος τῆς βασιλείας μου, λελάληκα καὶ ποιήσω ταῦτα ἐν χειρί μου.",,,,
Judith 2:13,JDT,Judith,2,13,"καὶ σὺ δὲ οὐ παραβήσῃ ἕν τι τῶν ρημάτων τοῦ κυρίου σου, ἀλλ᾿ ἐπιτελῶν ἐπιτελέσεις καθότι προστέταχά σοι, καὶ οὐ μακρυνεῖς τοῦ ποιῆσαι αὐτά.",,,,
Judith 2:14,JDT,Judith,2,14,καὶ ἐξῆλθεν Ὀλοφέρνης ἀπὸ προσώπου τοῦ κυρίου αὐτοῦ καὶ ἐκάλεσε πάντας τοὺς δυνάστας καὶ τοὺς στρατηγοὺς καὶ ἐπιστάτας τῆς δυνάμεως Ἀσσοὺρ,,,,
Judith 2:15,JDT,Judith,2,15,"καὶ ἠρίθμησεν ἐκλεκτοὺς ἄνδρας εἰς παράταξιν, καθότι ἐκέλευσεν αὐτῷ ὁ κύριος αὐτοῦ εἰς μυριάδας δεκαδύο καὶ ἱππεῖς τοξότας μυρίους δισχιλίους,",,,,
Judith 2:16,JDT,Judith,2,16,καὶ διέταξεν αὐτοὺς ὃν τρόπον πολέμου πλῆθος συντάσσεται.,,,,
Judith 2:17,JDT,Judith,2,17,"καὶ ἔλαβε καμήλους καὶ ὄνους καὶ ἡμιόνους εἰς τὴν ἀπαρτίαν αὐτῶν, πλῆθος πολὺ σφόδρα, καὶ πρόβατα καὶ βόας καὶ αἶγας εἰς τὴν παρασκευὴν αὐτῶν, ὧν οὐκ ἦν ἀριθμός,",,,,
Judith 2:18,JDT,Judith,2,18,καὶ ἐπισιτισμὸν παντὶ ἀνδρὶ εἰς πλῆθος καὶ χρυσίον καὶ ἀργύριον ἐξ οἴκου βασιλέως πολὺ σφόδρα.,,,,
Judith 2:19,JDT,Judith,2,19,καὶ ἐξῆλθεν αὐτὸς καὶ πᾶσα ἡ δύναμις αὐτοῦ εἰς πορείαν τοῦ προελθεῖν βασιλέως Ναβουχοδονόσορ καὶ καλύψαι πᾶν τὸ πρόσωπον τῆς γῆς πρὸς δυσμαῖς ἐν ἅρμασι καὶ ἱππεῦσι καὶ πεζοῖς ἐπιλέκτοις αὐτῶν.,,,,
Judith 2:20,JDT,Judith,2,20,καὶ πολὺς ὁ ἐπίμικτος ὡς ἀκρὶς συνεξῆλθον αὐτοῖς καὶ ὡς ἡ ἄμμος τῆς γῆς· οὐ γὰρ ἦν ἀριθμὸς ἀπὸ πλήθους αὐτῶν.,,,,
Judith 2:21,JDT,Judith,2,21,καὶ ἀπῆλθον ἐκ Νινευῆ ὁδὸν τριῶν ἡμερῶν ἐπὶ πρόσωπον τοῦ πεδίου Βεκτιλὲθ καὶ ἐστρατοπέδευσαν ἀπὸ Βεκτιλὲθ πλησίον τοῦ ὄρους τοῦ ἐπ᾿ ἀριστερᾷ τῆς ἄνω Κιλικίας.,,,,
Judith 2:22,JDT,Judith,2,22,"καὶ ἔλαβε πᾶσαν τὴν δύναμιν αὐτοῦ, τοὺς πεζοὺς καὶ τοὺς ἱππεῖς καὶ τὰ ἅρματα αὐτοῦ, καὶ ἀπῆλθεν ἐκεῖθεν εἰς τὴν ὀρεινήν.",,,,
Judith 2:23,JDT,Judith,2,23,καὶ διέκοψε τὸ Φοὺδ καὶ Λοὺδ καὶ ἐπρονόμευσαν πάντας υἱοὺς Ρασσὶς καὶ υἱοὺς Ἰσμαὴλ τοὺς κατὰ πρόσωπον τῆς ἐρήμου πρὸς νότον τῆς Χελεών.,,,,
Judith 2:24,JDT,Judith,2,24,καὶ παρῆλθε τὸν Εὐφράτην καὶ διῆλθε τὴν Μεσοποταμίαν καὶ διέσκαψε πάσας τὰς πόλεις τὰς ὑψηλὰς τὰς ἐπὶ τοῦ χειμάρρου Ἀβρωνᾶ ἕως τοῦ ἐλθεῖν ἐπὶ θάλασσαν.,,,,
Judith 2:25,JDT,Judith,2,25,καὶ κατελάβετο τὰ ὅρια τῆς Κιλικίας καὶ κατέκοψε πάντας τοὺς ἀντιστάντας αὐτῷ καὶ ἦλθεν ἕως ὁρίων Ἰάφεθ τὰ πρὸς νότον κατὰ πρόσωπον τῆς Ἀραβίας.,,,,
Judith 2:26,JDT,Judith,2,26,καὶ ἐκύκλωσε πάντας τοὺς υἱοὺς Μαδιὰμ καὶ ἐνέπρησε τὰ σκηνώματα αὐτῶν καὶ ἐπρονόμευσε τὰς μάνδρας αὐτῶν.,,,,
Judith 2:27,JDT,Judith,2,27,καὶ κατέβη εἰς πεδίον Δαμασκοῦ ἐν ἡμέραις θερισμοῦ πυρῶν καὶ ἐνέπρησε πάντας τοὺς ἀγροὺς αὐτῶν καὶ τὰ ποίμνια καὶ τὰ βουκόλια ἔδωκεν εἰς ἀφανισμὸν καὶ τὰς πόλεις αὐτῶν ἐσκύλευσε καὶ τὰ παιδία αὐτῶν ἐξελίκμησε καὶ ἐπάταξε πάντας τοὺς νεανίσκους αὐτῶν ἐν στόματι ρομφαίας.,,,,
Judith 2:28,JDT,Judith,2,28,"καὶ ἐπέπεσεν ὁ φόβος καὶ ὁ τρόμος αὐτοῦ ἐπὶ τοὺς κατοικοῦντας τὴν παραλίαν, τοὺς ὄντας ἐν Σιδῶνι καὶ Τύρῳ καὶ τοὺς κατοικοῦντας Σοὺρ καὶ Ὀκινά, καὶ πάντας τοὺς κατοικοῦντας Ἱεμναάν, καὶ οἱ κατοικοῦντες ἐν Ἀζώτῳ καὶ Ἀσκάλωνι ἐφοβήθησαν αὐτὸν σφόδρα.",,,,
Judith 3:1,JDT,Judith,3,1,ΚΑΙ ἀπέστειλαν πρὸς αὐτὸν ἀγγέλους λόγοις εἰρηνικοῖς λέγοντες·,,,,
Judith 3:2,JDT,Judith,3,2,"ἰδοὺ ἡμεῖς οἱ παῖδες Ναβουχοδονόσορ βασιλέως μεγάλου παρακείμεθα ἐνώπιόν σου, χρῆσαι ἡμῖν καθὼς ἀρεστόν ἐστι τῷ προσώπῳ σου·",,,,
Judith 3:3,JDT,Judith,3,3,"ἰδοὺ αἱ ἐπαύλεις ἡμῶν καὶ πᾶν πεδίον πυρῶν καὶ τὰ ποίμνια καὶ τὰ βουκόλια καὶ πᾶσαι αἱ μάνδραι τῶν σκηνῶν ἡμῶν παράκεινται πρὸ προσώπου σου, χρῆσαι καθ᾿ ὃν ἂν ἀρέσκῃ σοι.",,,,
Judith 3:4,JDT,Judith,3,4,ἰδοὺ καὶ αἱ πόλεις ἡμῶν καὶ οἱ κατοικοῦντες ἐν αὐταῖς δοῦλοί σού εἰσιν· ἐλθὼν ἀπάντησον αὐταῖς ὡς ἔστιν ἀγαθὸν ἐν ὀφθαλμοῖς σου.,,,,
Judith 3:5,JDT,Judith,3,5,καὶ παρεγένοντο οἱ ἄνδρες πρὸς Ὀλοφέρνην καὶ ἀπήγγειλαν αὐτῷ κατὰ τὰ ρήματα ταῦτα.,,,,
Judith 3:6,JDT,Judith,3,6,καὶ κατέβη ἐπὶ τὴν παραλίαν αὐτὸς καὶ ἡ δύναμις αὐτοῦ καὶ ἐφρούρησε τὰς πόλεις τὰς ὑψηλὰς καὶ ἔλαβεν ἐξ αὐτῶν εἰς συμμαχίαν ἄνδρας ἐπιλέκτους·,,,,
Judith 3:7,JDT,Judith,3,7,καὶ ἐδέξαντο αὐτὸν αὐτοὶ καὶ πᾶσα ἡ περίχωρος αὐτῶν μετὰ στεφάνων καὶ χορῶν καὶ τυμπάνων.,,,,
Judith 3:8,JDT,Judith,3,8,"καὶ κατέσκαψε πάντα τὰ ὅρια αὐτῶν καὶ τὰ ἄλση αὐτῶν ἐξέκοψε, καὶ ἦν δεδομένον αὐτῷ ἐξολοθρεῦσαι πάντας τοὺς θεοὺς τῆς γῆς, ὅπως αὐτῷ μόνῳ τῷ Ναβουχοδονόσορ λατρεύσωσι πάντα τὰ ἔθνη, καὶ πᾶσαι αἱ γλῶσσαι καὶ πᾶσαι αἱ φυλαὶ αὐτῶν ἐπικαλέσωνται αὐτὸν εἰς θεόν.",,,,
Judith 3:9,JDT,Judith,3,9,"καὶ ἦλθε κατὰ πρόσωπον Ἐσδρηλὼν πλησίον τῆς Δωταίας, ἥ ἐστιν ἀπέναντι τοῦ πρίονος τοῦ μεγάλου τῆς Ἰουδαίας,",,,,
Judith 3:10,JDT,Judith,3,10,"καὶ κατεστρατοπέδευσεν ἀνὰ μέσον Γαβαὶ καὶ Σκυθῶν πόλεως, καὶ ἦν ἐκεῖ μῆνα ἡμερῶν εἰς τὸ συλλέξαι πᾶσαν τὴν ἀπαρτίαν τῆς δυνάμεως αὐτοῦ.",,,,
Judith 4:1,JDT,Judith,4,1,"ΚΑΙ ἤκουσαν οἱ υἱοὶ Ἰσραὴλ οἱ κατοικοῦντες ἐν τῇ Ἰουδαίᾳ πάντα, ὅσα ἐποίησεν Ὀλοφέρνης τοῖς ἔθνεσιν, ὁ ἀρχιστράτηγος Ναβουχοδονόσορ βασιλέως Ἀσσυρίων, καὶ ὃν τρόπον ἐσκύλευσε πάντα τὰ ἱερὰ αὐτῶν καὶ ἔδωκεν αὐτὰ εἰς ἀφανισμόν,",,,,
Judith 4:2,JDT,Judith,4,2,καὶ ἐφοβήθησαν σφόδρα σφόδρα ἀπὸ προσώπου αὐτοῦ καὶ περὶ Ἱερουσαλὴμ καὶ τοῦ ναοῦ Κυρίου Θεοῦ αὐτῶν ἐταράχθησαν.,,,,
Judith 4:3,JDT,Judith,4,3,"ὅτι προσφάτως ἦσαν ἀναβεβηκότες ἐκ τῆς αἰχμαλωσίας, καὶ νεωστὶ πᾶς ὁ λαὸς συνελέλεκτο τῆς Ἰουδαίας, καὶ τὰ σκεύη καὶ τὸ θυσιαστήριον καὶ ὁ οἶκος ἐκ τῆς βεβηλώσεως ἡγιασμένα ἦν.",,,,
Judith 4:4,JDT,Judith,4,4,καὶ ἀπέστειλαν εἰς πᾶν ὅριον Σαμαρείας καὶ Κωνὰ καὶ Βαιθωρὼν καὶ Βελμαὶν καὶ Ἱεριχὼ καὶ εἰς Χωβὰ καὶ Αἰσωρὰ καὶ τὸν αὐλῶνα Σαλὴμ,,,,
Judith 4:5,JDT,Judith,4,5,"καὶ προκατελάβοντο πάσας τὰς κορυφὰς τῶν ὀρέων τῶν ὑψηλῶν καὶ ἐτειχίσαντο τὰς ἐν αὐτοῖς κώμας καὶ παρέθεντο εἰς ἐπισιτισμὸν εἰς παρασκευὴν πολέμου, ὅτι προσφάτως ἦν τὰ πεδία αὐτῶν τεθερισμένα.",,,,
Judith 4:6,JDT,Judith,4,6,"καὶ ἔγραψεν Ἰωακὶμ ὁ ἱερεὺς ὁ μέγας, ὃς ἦν ἐν ταῖς ἡμέραις ἐκείναις ἐν Ἱερουσαλήμ, τοῖς κατοικοῦσι Βαιτυλούα καὶ Βαιτομεσθαίμ, ἥ ἐστιν ἀπέναντι Ἐσδρηλὼν κατὰ πρόσωπον τοῦ πεδίου τοῦ πλησίον Δωθαΐμ,",,,,
Judith 4:7,JDT,Judith,4,7,"λέγων διακατασχεῖν τὰς ἀναβάσεις τῆς ὀρεινῆς, ὅτι δι᾿ αὐτῶν ἦν ἡ εἴσοδος εἰς τὴν Ἰουδαίαν, καὶ ἦν εὐχερῶς διακωλῦσαι αὐτοὺς προσβαίνοντας, στενῆς τῆς προσβάσεως οὔσης ἐπ᾿ ἄνδρας τοὺς πάντας δύο.",,,,
Judith 4:8,JDT,Judith,4,8,"καὶ ἐποίησαν οἱ υἱοὶ Ἰσραὴλ καθὰ συνέταξεν αὐτοῖς Ἰωακὶμ ὁ ἱερεὺς ὁ μέγας καὶ ἡ γερουσία παντὸς δήμου Ἰσραήλ, οἳ ἐκάθηντο ἐν Ἱερουσαλήμ.",,,,
Judith 4:9,JDT,Judith,4,9,καὶ ἀνεβόησαν πᾶς ἀνὴρ Ἰσραὴλ πρὸς τὸν Θεὸν ἐν ἐκτενίᾳ μεγάλῃ καὶ ἐταπεινοῦσαν τὰς ψυχὰς αὐτῶν ἐν ἐκτενίᾳ μεγάλῃ.,,,,
Judith 4:10,JDT,Judith,4,10,αὐτοὶ καὶ αἱ γυναῖκες αὐτῶν καὶ τὰ νήπια αὐτῶν καὶ τὰ κτήνη αὐτῶν καὶ πᾶς πάροικος ἢ μισθωτὸς καὶ ἀργυρώνητος αὐτῶν ἐπέθεντο σάκκους ἐπὶ τὰς ὀσφύας αὐτῶν.,,,,
Judith 4:11,JDT,Judith,4,11,καὶ πᾶς ἀνὴρ Ἰσραὴλ καὶ γυνὴ καὶ τὰ παιδία καὶ οἱ κατοικοῦντες ἐν Ἱερουσαλὴμ ἔπεσον κατὰ πρόσωπον τοῦ ναοῦ καὶ ἐσποδώσαντο τὰς κεφαλὰς αὐτῶν καὶ ἐξέτειναν τοὺς σάκκους αὐτῶν κατὰ πρόσωπον Κυρίου·,,,,
Judith 4:12,JDT,Judith,4,12,"καὶ τὸ θυσιαστήριον σάκκῳ περιέβαλον καὶ ἐβόησαν πρὸς τὸν Θεὸν Ἰσραὴλ ὁμοθυμαδὸν ἐκτενῶς τοῦ μὴ δοῦναι εἰς διαρπαγὴν τὰ νήπια αὐτῶν καὶ τὰς γυναῖκας εἰς προνομὴν καὶ τὰς πόλεις τῆς κληρονομίας αὐτῶν εἰς ἀφανισμὸν καὶ τὰ ἅγια εἰς βεβήλωσιν καὶ ὀνειδισμόν, ἐπίχαρμα τοῖς ἔθνεσι.",,,,
Judith 4:13,JDT,Judith,4,13,καὶ εἰσήκουσε Κύριος τῆς φωνῆς αὐτῶν καὶ εἰσεῖδε τὴν θλῖψιν αὐτῶν· καὶ ἦν ὁ λαὸς νηστεύων ἡμέρας πλείους ἐν πάσῃ τῇ Ἰουδαίᾳ καὶ Ἱερουσαλὴμ κατὰ πρόσωπον τῶν ἁγίων Κυρίου παντοκράτορος.,,,,
Judith 4:14,JDT,Judith,4,14,"καὶ Ἰωακὶμ ὁ ἱερεὺς ὁ μέγας καὶ πάντες οἱ παρεστηκότες ἐνώπιον Κυρίου, ἱερεῖς καὶ οἱ λειτουργοῦντες Κυρίῳ, σάκκους περιεζωσμένοι τὰς ὀσφύας αὐτῶν προσέφερον τὴν ὁλοκαύτωσιν τοῦ ἐνδελεχισμοῦ καὶ τὰς εὐχὰς καὶ τὰ ἑκούσια δόματα τοῦ λαοῦ,",,,,
Judith 4:15,JDT,Judith,4,15,καὶ ἦν σποδὸς ἐπὶ τὰς κιδάρεις αὐτῶν. καὶ ἐβόων πρὸς Κύριον ἐκ πάσης δυνάμεως εἰς ἀγαθὸν ἐπισκέψασθαι πάντα οἶκον Ἰσραήλ.,,,,
Judith 5:1,JDT,Judith,5,1,ΚΑΙ ἀνηγγέλη Ὀλοφέρνῃ ἀρχιστρατήγῳ δυνάμεως Ἀσσοὺρ διότι οἱ υἱοὶ Ἰσραὴλ παρεσκευάσαντο εἰς πόλεμον καὶ τὰς διόδους τῆς ὀρεινῆς συνέκλεισαν καὶ ἐτείχισαν πᾶσαν κορυφὴν ὄρους ὑψηλοῦ καὶ ἔθηκαν ἐν τοῖς πεδίοις σκάνδαλα.,,,,
Judith 5:2,JDT,Judith,5,2,καὶ ὠργίσθη θυμῷ σφόδρα καὶ ἐκάλεσε πάντας τοὺς ἄρχοντας Μωὰβ καὶ τοὺς στρατηγοὺς Ἀμμὼν καὶ πάντας σατράπας τῆς παραλίας,,,,
Judith 5:3,JDT,Judith,5,3,"καὶ εἶπεν αὐτοῖς· ἀναγγείλατε δή μοι, υἱοὶ Χαναάν, τίς ὁ λαὸς οὗτος ὁ καθήμενος ἐν τῇ ὀρεινῇ, καὶ τίνες ἃς κατοικοῦσι πόλεις, καὶ τὸ πλῆθος τῆς δυνάμεως αὐτῶν, καὶ ἐν τίνι τὸ κράτος αὐτῶν, καὶ ἡ ἰσχὺς αὐτῶν, καὶ τίς ἀνέστηκεν ἐπ᾿ αὐτῶν βασιλεὺς ἡγούμενος στρατιᾶς αὐτῶν,",,,,
Judith 5:4,JDT,Judith,5,4,καὶ διατὶ κατενωτίσαντο τοῦ μὴ ἐλθεῖν εἰς ἀπάντησίν μοι παρὰ πάντας τοὺς κατοικοῦντας ἐν δυσμαῖς;,,,,
Judith 5:5,JDT,Judith,5,5,"καὶ εἶπε πρὸς αὐτὸν Ἀχιὼρ ὁ ἡγούμενος πάντων υἱῶν Ἀμμών· ἀκουσάτω δὴ ὁ κύριός μου λόγον ἐκ στόματος τοῦ δούλου σου, καὶ ἀναγγελῶ σοι τὴν ἀλήθειαν περὶ τοῦ λαοῦ, ὃς κατοικεῖ τὴν ὀρεινὴν ταύτην, πλησίον σου οἰκοῦντος, καὶ οὐκ ἐξελεύσεται ψεῦδος ἐκ τοῦ στόματος τοῦ δούλου σου.",,,,
Judith 5:6,JDT,Judith,5,6,"ὁ λαὸς οὗτός εἰσιν ἀπόγονοι Χαλδαίων,",,,,
Judith 5:7,JDT,Judith,5,7,"καὶ παρῴκησαν τὸ πρότερον ἐν τῇ Μεσοποταμίᾳ, ὅτι οὐκ ἐβουλήθησαν ἀκολουθῆσαι τοῖς θεοῖς τῶν πατέρων αὐτῶν, οἳ ἐγένοντο ἐν γῇ Χαλδαίων·",,,,
Judith 5:8,JDT,Judith,5,8,"καὶ ἐξέβησαν ἐξ ὁδοῦ τῶν γονέων αὐτῶν καὶ προσεκύνησαν τῷ Θεῷ τοῦ οὐρανοῦ, Θεῷ ᾧ ἐπέγνωσαν, καὶ ἐξέβαλον αὐτοὺς ἀπὸ προσώπου τῶν θεῶν αὐτῶν, καὶ ἔφυγον εἰς Μεσοποταμίαν καὶ παρῴκησαν ἐκεῖ ἡμέρας πολλάς.",,,,
Judith 5:9,JDT,Judith,5,9,"καὶ εἶπεν ὁ Θεὸς αὐτῶν ἐξελθεῖν ἐκ τῆς παροικίας αὐτῶν καὶ πορευθῆναι εἰς γῆν Χαναάν, καὶ κατῴκησαν ἐκεῖ καὶ ἐπληθύνθησαν χρυσίῳ καὶ ἀργυρίῳ καὶ ἐν κτήνεσι πολλοῖς σφόδρα.",,,,
Judith 5:10,JDT,Judith,5,10,"καὶ κατέβησαν εἰς Αἴγυπτον, ἐκάλυψε γὰρ τὸ πρόσωπον τῆς γῆς Χαναὰν λιμός, καὶ παρῴκησαν ἐκεῖ μέχρις οὗ διετράφησαν· καὶ ἐγένοντο ἐκεῖ εἰς πλῆθος πολύ, καὶ οὐκ ἦν ἀριθμὸς τοῦ γένους αὐτῶν.",,,,
Judith 5:11,JDT,Judith,5,11,"καὶ ἐπανέστη αὐτοῖς ὁ βασιλεὺς Αἰγύπτου καὶ κατεσοφίσαντο αὐτοὺς ἐν πόνῳ καὶ ἐν πλίνθῳ, καὶ ἐταπείνωσαν αὐτοὺς καὶ ἔθεντο αὐτοὺς εἰς δούλους·",,,,
Judith 5:12,JDT,Judith,5,12,"καὶ ἀνεβόησαν πρὸς τὸν Θεὸν αὐτῶν, καὶ ἐπάταξε πᾶσαν τὴν γῆν Αἰγύπτου πληγαῖς, ἐν αἷς οὐκ ἦν ἴασις· καὶ ἐξέβαλον αὐτοὺς οἱ Αἰγύπτιοι ἀπὸ προσώπου αὐτῶν.",,,,
Judith 5:13,JDT,Judith,5,13,καὶ κατεξήρανεν ὁ Θεὸς τὴν ἐρυθρὰν θάλασσαν ἔμπροσθεν αὐτῶν,,,,
Judith 5:14,JDT,Judith,5,14,καὶ ἤγαγεν αὐτοὺς εἰς ὁδὸν τοῦ Σινὰ καὶ Κάδης Βαρνή· καὶ ἐξέβαλον πάντας τοὺς κατοικοῦντας ἐν τῇ ἐρήμῳ,,,,
Judith 5:15,JDT,Judith,5,15,καὶ ᾤκησαν ἐν γῇ Ἀμορραίων καὶ πάντας τοὺς Ἐσεβωνίτας ἐξωλόθρευσαν ἐν τῇ ἰσχύϊ αὐτῶν. καὶ διαβάντες τὸν Ἰορδάνην ἐκληρονόμησαν πᾶσαν τὴν ὀρεινὴν,,,,
Judith 5:16,JDT,Judith,5,16,καὶ ἐξέβαλον ἐκ προσώπου αὐτῶν τὸν Χαναναῖον καὶ τὸν Φερεζαῖον καὶ τὸν Ἰεβουσαῖον καὶ τὸν Συχὲμ καὶ πάντας τοὺς Γεργεσαίους καὶ κατῴκησαν ἐν αὐτῇ ἡμέρας πολλάς.,,,,
Judith 5:17,JDT,Judith,5,17,"καὶ ἕως οὐχ ἥμαρτον ἐνώπιον τοῦ Θεοῦ αὐτῶν, ἦν τὰ ἀγαθὰ μετ᾿ αὐτῶν, ὅτι Θεὸς μισῶν ἀδικίαν μετ᾿ αὐτῶν ἐστιν.",,,,
Judith 5:18,JDT,Judith,5,18,"ὅτε δὲ ἀπέστησαν ἀπὸ τῆς ὁδοῦ, ἧς διέθετο αὐτοῖς, ἐξωλοθρεύθησαν ἐν πολλοῖς πολέμοις ἐπὶ πολὺ σφόδρα καὶ ᾐχμαλωτεύθησαν εἰς γῆν οὐκ ἰδίαν, καὶ ὁ ναὸς τοῦ Θεοῦ αὐτῶν ἐγενήθη εἰς ἔδαφος, καὶ οἱ πόλεις αὐτῶν ἐκρατήθησαν ὑπὸ τῶν ὑπεναντίων.",,,,
Judith 5:19,JDT,Judith,5,19,"καὶ νῦν ἐπιστρέψαντες ἐπὶ τὸν Θεὸν αὐτῶν ἀνέβησαν ἐκ τῆς διασπορᾶς, οὗ διεσπάρησαν ἐκεῖ, καὶ κατέσχον τὴν Ἱερουσαλήμ, οὗ τὸ ἁγίασμα αὐτῶν, καὶ κατῳκίσθησαν ἐν τῇ ὀρεινῇ, ὅτι ἦν ἔρημος.",,,,
Judith 5:20,JDT,Judith,5,20,"καὶ νῦν, δέσποτα κύριε, εἰ μέν ἐστιν ἀγνόημα ἐν τῷ λαῷ τούτῳ καὶ ἁμαρτάνουσιν εἰς τὸν Θεὸν αὐτῶν καὶ ἐπισκεψόμεθα ὅτι ἐστὶν ἐν αὐτοῖς σκάνδαλον τοῦτο, καὶ ἀναβησόμεθα καὶ ἐκπολεμήσομεν αὐτούς.",,,,
Judith 5:21,JDT,Judith,5,21,"εἰ δὲ οὐκ ἔστιν ἀνομία ἐν τῷ ἔθνει αὐτῶν, παρελθέτω δὴ ὁ κύριός μου, μήποτε ὑπερασπίσῃ ὁ Κύριος αὐτῶν καὶ ὁ Θεὸς αὐτῶν ὑπὲρ αὐτῶν, καὶ ἐσόμεθα εἰς ὀνειδισμὸν ἐναντίον πάσης τῆς γῆς.",,,,
Judith 5:22,JDT,Judith,5,22,"καὶ ἐγένετο ὡς ἐπαύσατο Ἀχιὼρ λαλῶν τοὺς λόγους τούτους, καὶ ἐγόγγυσε πᾶς ὁ λαὸς ὁ κυκλῶν τὴν σκηνὴν καὶ περιεστώς, καὶ εἶπαν οἱ μεγιστᾶνες Ὀλοφέρνου καὶ πάντες οἱ κατοικοῦντες τὴν παραλίαν καὶ τὴν Μωὰβ συγκόψαι αὐτόν·",,,,
Judith 5:23,JDT,Judith,5,23,"οὐ γὰρ φοβηθησόμεθα ἀπὸ υἱῶν Ἰσραήλ· ἰδοὺ γὰρ λαός, ἐν ᾧ οὐκ ἔστι δύναμις οὐδὲ κράτος εἰς παράταξιν ἰσχυράν·",,,,
Judith 5:24,JDT,Judith,5,24,"διὸ δὴ ἀναβησόμεθα, καὶ ἔσονται εἰς κατάβρωμα πάσης τῆς στρατιᾶς σου, δέσποτα Ὀλοφέρνη.",,,,
Judith 6:1,JDT,Judith,6,1,"ΚΑΙ ὡς κατέπαυσεν ὁ θόρυβος τῶν ἀνδρῶν τῶν κύκλῳ τῆς συνεδρίας, καὶ εἶπεν Ὀλοφέρνης ὁ ἀρχιστράτηγος δυνάμεως Ἀσσοὺρ πρὸς Ἀχιὼρ ἐναντίον παντὸς τοῦ δήμου ἀλλοφύλων καὶ πρὸς πάντας υἱοὺς Μωάβ·",,,,
Judith 6:2,JDT,Judith,6,2,"καὶ τίς εἶ σύ, Ἀχιὼρ καὶ οἱ μισθωτοὶ τοῦ Ἐφραίμ, ὅτι ἐπροφήτευσας ἐν ἡμῖν καθὼς σήμερον καὶ εἶπας τὸ γένος Ἰσραὴλ μὴ πολεμῆσαι, ὅτι ὁ Θεὸς αὐτῶν ὑπερασπιεῖ αὐτῶν; καὶ τίς ὁ Θεὸς εἰ μὴ Ναβουχοδονόσορ; οὗτος ἀποστελεῖ τὸ κράτος αὐτοῦ καὶ ἐξολοθρεύσει αὐτοὺς ἀπὸ προσώπου τῆς γῆς, καὶ οὐ ρύσεται αὐτοὺς ὁ Θεὸς αὐτῶν·",,,,
Judith 6:3,JDT,Judith,6,3,"ἀλλ᾿ ἡμεῖς οἱ δοῦλοι αὐτοῦ πατάξομεν αὐτοὺς ὡς ἄνθρωπον ἕνα, καὶ οὐχ ὑποστήσονται τὸ κράτος τῶν ἵππων ἡμῶν.",,,,
Judith 6:4,JDT,Judith,6,4,"κατακαύσομεν γὰρ αὐτοὺς ἐν αὐτοῖς, καὶ τὰ ὄρη αὐτῶν μεθυσθήσεται ἐν τῷ αἵματι αὐτῶν, καὶ τὰ πεδία αὐτῶν πληρωθήσεται νεκρῶν αὐτῶν, καὶ οὐκ ἀντιστήσεται τὸ ἴχνος τῶν ποδῶν αὐτῶν κατὰ πρόσωπον ἡμῶν, ἀλλὰ ἀπωλείᾳ ἀπολοῦνται, λέγει ὁ βασιλεὺς Ναβουχοδονόσορ ὁ κύριος πάσης τῆς γῆς· εἶπε γάρ, οὐ ματαιωθήσεται τὰ ρήματα τῶν λόγων αὐτοῦ.",,,,
Judith 6:5,JDT,Judith,6,5,"σὺ δὲ Ἀχιὼρ μισθωτὲ τοῦ Ἀμμών, ὃς ἐλάλησας τοὺς λόγους τούτους ἐν ἡμέρᾳ ἀδικίας σου, οὐκ ὄψει ἔτι τὸ πρόσωπόν μου ἀπὸ τῆς ἡμέρας ταύτης, ἕως οὗ ἐκδικήσω τὸ γένος τῶν ἐξ Αἰγύπτου·",,,,
Judith 6:6,JDT,Judith,6,6,"καὶ τότε διελεύσεται ὁ σίδηρος τῆς στρατιᾶς μου καὶ ὁ λαὸς τῶν θεραπόντων μου τὰς πλευράς σου, καὶ πεσῇ ἐν τοῖς τραυματίαις αὐτῶν, ὅταν ἐπιστρέψω.",,,,
Judith 6:7,JDT,Judith,6,7,"καὶ ἀποκαταστήσουσί σε οἱ δοῦλοί μου εἰς τὴν ὀρεινὴν καὶ θήσουσί σε ἐν μιᾷ τῶν πόλεων τῶν ἀναβάσεων,",,,,
Judith 6:8,JDT,Judith,6,8,καὶ οὐκ ἀπολῇ ἕως οὗ ἐξολοθρευθῇς μετ᾿ αὐτῶν.,,,,
Judith 6:9,JDT,Judith,6,9,"καὶ εἴπερ ἐλπίζεις τῇ καρδίᾳ σου ὅτι οὐ ληφθήσονται, μὴ συμπεσέτω σου τὸ πρόσωπον· ἐλάλησα, καὶ οὐδὲν διαπεσεῖται τῶν ρημάτων μου.",,,,
Judith 6:10,JDT,Judith,6,10,"καὶ προσέταξεν Ὀλοφέρνης τοῖς δούλοις αὐτοῦ, οἳ ἦσαν παρεστηκότες ἐν τῇ σκηνῇ αὐτοῦ, συλλαβεῖν τὸν Ἀχιὼρ καὶ ἀποκαταστῆσαι αὐτὸν εἰς Βαιτυλούα καὶ παραδοῦναι εἰς χεῖρας υἱῶν Ἰσραήλ.",,,,
Judith 6:11,JDT,Judith,6,11,"καὶ συνέλαβον αὐτὸν οἱ δοῦλοι αὐτοῦ καὶ ἤγαγον αὐτὸν ἔξω τῆς παρεμβολῆς εἰς τὸ πεδίον καὶ ἀπῇραν ἐκ μέσου τῆς πεδινῆς εἰς τὴν ὀρεινὴν καὶ παρεγένοντο ἐπὶ τὰς πηγάς, αἳ ἦσαν ὑποκάτω Βαιτυλούα.",,,,
Judith 6:12,JDT,Judith,6,12,"καὶ ὡς εἶδαν αὐτοὺς οἱ ἄνδρες τῆς πόλεως ἐπὶ τὴν κορυφὴν τοῦ ὄρους, ἀνέλαβον τὰ ὅπλα αὐτῶν καὶ ἀπῆλθον ἔξω τῆς πόλεως ἐπὶ τὴν κορυφὴν τοῦ ὄρους, καὶ πᾶς ἀνὴρ σφενδονήτης διεκράτησαν τὴν ἀνάβασιν αὐτῶν καὶ ἔβαλον ἐν λίθοις ἐπ᾿ αὐτούς.",,,,
Judith 6:13,JDT,Judith,6,13,καὶ ὑποδύσαντες ὑποκάτω τοῦ ὄρους ἔδησαν τὸν Ἀχιὼρ καὶ ἀφῆκαν ἐρριμμένον ὑπὸ τὴν ρίζαν τοῦ ὄρους καὶ ἀπῴχοντο πρὸς τὸν κύριον αὐτῶν.,,,,
Judith 6:14,JDT,Judith,6,14,"καταβάντες δὲ υἱοὶ Ἰσραὴλ ἐκ τῆς πόλεως αὐτῶν ἐπέστησαν αὐτῷ καὶ λύσαντες αὐτὸν ἀπήγαγον εἰς τὴν Βαιτυλούα καὶ κατέστησαν αὐτὸν ἐπὶ τοὺς ἄρχοντας τῆς πόλεως αὐτῶν,",,,,
Judith 6:15,JDT,Judith,6,15,"οἳ ἦσαν ἐν ταῖς ἡμέραις ἐκείναις, Ὀζίας ὁ τοῦ Μιχὰ ἐκ τῆς φυλῆς Συμεὼν καὶ Ἀβρὶς ὁ τοῦ Γοθονιὴλ καὶ Χαρμὶς υἱὸς Μελχιήλ.",,,,
Judith 6:16,JDT,Judith,6,16,"καὶ συνεκάλεσαν πάντας τοὺς πρεσβυτέρους τῆς πόλεως, καὶ συνέδραμον πᾶς νεανίσκος αὐτῶν καὶ αἱ γυναῖκες εἰς τὴν ἐκκλησίαν, καὶ ἔστησαν τὸν Ἀχιὼρ ἐν μέσῳ παντὸς τοῦ λαοῦ αὐτῶν, καὶ ἐπηρώτησεν αὐτὸν Ὀζίας τὸ συμβεβηκός.",,,,
Judith 6:17,JDT,Judith,6,17,"καὶ ἀποκριθεὶς ἀπήγγειλεν αὐτοῖς τὰ ρήματα τῆς συνεδρίας Ὀλοφέρνου καὶ πάντα τὰ ρήματα, ὅσα ἐλάλησεν ἐν μέσῳ τῶν ἀρχόντων υἱῶν Ἀσσούρ, καὶ ὅσα ἐμεγαλορρημόνησεν Ὀλοφέρνης εἰς τὸν οἶκον Ἰσραήλ.",,,,
Judith 6:18,JDT,Judith,6,18,καὶ πεσόντες ὁ λαὸς προσεκύνησαν τῷ Θεῷ καὶ ἐβόησαν λέγοντες·,,,,
Judith 6:19,JDT,Judith,6,19,"Κύριε ὁ Θεὸς τοῦ οὐρανοῦ, κάτιδε ἐπὶ τὰς ὑπερηφανίας αὐτῶν καὶ ἐλέησον τὴν ταπείνωσιν τοῦ γένους ἡμῶν καὶ ἐπίβλεψον ἐπὶ τὸ πρόσωπον τῶν ἡγιασμένων σοι ἐν τῇ ἡμέρᾳ ταύτῃ.",,,,
Judith 6:20,JDT,Judith,6,20,καὶ παρεκάλεσαν τὸν Ἀχιὼρ καὶ ἐπῃ£νεσαν αὐτὸν σφόδρα.,,,,
Judith 6:21,JDT,Judith,6,21,"καὶ παρέλαβεν αὐτὸν Ὀζίας ἐκ τῆς ἐκκλησίας εἰς οἶκον αὐτοῦ καὶ ἐποίησε πότον τοῖς πρεσβυτέροις, καὶ ἐπεκαλέσαντο τὸν Θεὸν Ἰσραὴλ εἰς βοήθειαν ὅλην τὴν νύκτα ἐκείνην.",,,,
Judith 7:1,JDT,Judith,7,1,"Τ… δ᾿ ἐπαύριον παρήγγειλεν Ὀλοφέρνης πάσῃ τῇ στρατιᾷ αὐτοῦ καὶ παντὶ τῷ λαῷ αὐτοῦ, οἳ παρεγένοντο ἐπὶ τὴν συμμαχίαν αὐτοῦ, ἀναζευγνύειν ἐπὶ Βαιτυλούα καὶ τὰς ἀναβάσεις τῆς ὀρεινῆς προκαταλαμβάνεσθαι καὶ ποιεῖν πόλεμον πρὸς τοὺς υἱοὺς Ἰσραήλ.",,,,
Judith 7:2,JDT,Judith,7,2,"καὶ ἀνέζευξεν ἐν τῇ ἡμέρᾳ ἐκείνῃ πᾶς ἀνὴρ δυνατὸς αὐτῶν· καὶ ἡ δύναμις αὐτῶν ἀνδρῶν πολεμιστῶν χιλιάδες ἀνδρῶν πεζῶν ἑκατὸν ἑβδομήκοντα καὶ ἱππέων χιλιάδες δεκαδύο, χωρὶς τῆς ἀποσκευῆς καὶ τῶν ἀνδρῶν, οἳ ἦσαν πεζοὶ ἐν αὐτοῖς, πλῆθος πολὺ σφόδρα.",,,,
Judith 7:3,JDT,Judith,7,3,"καὶ παρενέβαλον ἐν τῷ αὐλῶνι πλησίον Βαιτυλούα ἐπὶ τῆς πηγῆς καὶ παρέτειναν εἰς εὖρος ἐπὶ Δωθαΐμ καὶ ἕως Βελβαὶμ καὶ εἰς μῆκος ἀπὸ Βαιτυλούα ἕως Κυαμῶνος, ἥ ἐστιν ἀπέναντι Ἐσδρηλών.",,,,
Judith 7:4,JDT,Judith,7,4,"οἱ δὲ υἱοὶ Ἰσραήλ, ὡς εἶδον αὐτῶν τὸ πλῆθος, ἐταράχθησαν σφόδρα καὶ εἶπεν ἕκαστος πρὸς τὸν πλησίον αὐτοῦ· νῦν ἐκλείξουσιν οὖτοι τὸ πρόσωπον τῆς γῆς πάσης, καὶ οὔτε τὰ ὄρη τὰ ὑψηλὰ οὔτε αἱ φάραγγες οὔτε οἱ βουνοὶ ὑποστήσονται τὸ βάρος αὐτῶν.",,,,
Judith 7:5,JDT,Judith,7,5,"καὶ ἀναλαβόντες ἕκαστος τὰ σκεύη τὰ πολεμικὰ αὐτῶν καὶ ἀνακαύσαντες πυρὰς ἐπὶ τοὺς πύργους αὐτῶν, ἔμενον φυλάσσοντες ὅλην τὴν νύκτα ἐκείνην.",,,,
Judith 7:6,JDT,Judith,7,6,"τῇ δὲ ἡμέρᾳ τῇ δευτέρᾳ ἐξήγαγεν Ὀλοφέρνης πᾶσαν τὴν ἵππον αὐτοῦ κατὰ πρόσωπον τῶν υἱῶν Ἰσραήλ, οἳ ἦσαν ἐν Βαιτυλούᾳ,",,,,
Judith 7:7,JDT,Judith,7,7,"καὶ ἐπεσκέψατο τὰς ἀναβάσεις τῆς πόλεως αὐτῶν καὶ τὰς πηγὰς τῶν ὑδάτων αὐτῶν ἐφώδευσε καὶ προκατελάβετο αὐτὰς καὶ ἐπέστησεν αὐταῖς παρεμβολὰς ἀνδρῶν πολεμιστῶν, καὶ αὐτὸς ἀνέζευξεν εἰς τὸν λαὸν αὐτοῦ.",,,,
Judith 7:8,JDT,Judith,7,8,καὶ προσελθόντες αὐτῷ οἱ ἄρχοντες τῶν υἱῶν Ἡσαῦ καὶ πάντες οἱ ἡγούμενοι τοῦ λαοῦ Μωὰβ καὶ οἱ στρατηγοὶ τῆς παραλίας εἶπαν·,,,,
Judith 7:9,JDT,Judith,7,9,"ἀκουσάτω δὴ λόγον ὁ δεσπότης ἡμῶν, ἵνα μὴ γένηται θραῦσμα ἐν τῇ δυνάμει σου·",,,,
Judith 7:10,JDT,Judith,7,10,"ὁ γὰρ λαὸς οὗτος τῶν υἱῶν Ἰσραὴλ οὐ πέποιθαν ἐπὶ τοῖς δόρασιν αὐτῶν, ἀλλ᾿ ἐπὶ τοῖς ὕψεσι τῶν ὀρέων αὐτῶν, ἐν οἷς αὐτοὶ ἐνοικοῦσιν ἐν αὐτοῖς· οὐ γάρ ἐστιν εὐχερὲς προσβῆναι ταῖς κορυφαῖς τῶν ὀρέων αὐτῶν.",,,,
Judith 7:11,JDT,Judith,7,11,"καὶ νῦν, δέσποτα, μὴ πολέμει πρὸς αὐτούς, καθὼς γίνεται πόλεμος παρατάξεως, καὶ οὐ πεσεῖται ἐκ τοῦ λαοῦ σου ἀνὴρ εἷς.",,,,
Judith 7:12,JDT,Judith,7,12,"ἀνάμεινον ἐπὶ τῆς παρεμβολῆς σου διαφυλάσσων πάντα ἄνδρα ἐκ τῆς δυνάμεώς σου, καὶ ἐπικρατησάτωσαν οἱ παῖδές σου τῆς πηγῆς τοῦ ὕδατος, ἣ ἐκπορεύεται ἐκ τῆς ρίζης τοῦ ὄρους,",,,,
Judith 7:13,JDT,Judith,7,13,"διότι ἐκεῖθεν ὑδρεύονται πάντες οἱ κατοικοῦντες Βαιτυλούα, καὶ ἀνελεῖ αὐτοὺς ἡ δίψα, καὶ ἐκδώσουσι τὴν πόλιν ἑαυτῶν· καὶ ἡμεῖς καὶ ὁ λαὸς ἡμῶν ἀναβησόμεθα ἐπὶ τὰς πλησίον κορυφὰς τῶν ὀρέων καὶ παρεμβαλοῦμεν ἐπ᾿ αὐταῖς εἰς προφυλακὴν τοῦ μὴ ἐξελθεῖν ἐκ τῆς πόλεως ἄνδρα ἕνα.",,,,
Judith 7:14,JDT,Judith,7,14,"καὶ τακήσονται ἐν τῷ λιμῷ αὐτοὶ καὶ αἱ γυναῖκες αὐτῶν καὶ τὰ τέκνα αὐτῶν, καὶ πρὶν ἐλθεῖν τὴν ρομφαίαν ἐπ᾿ αὐτούς, καταστρωθήσονται ἐν ταῖς πλατείαις τῆς οἰκήσεως αὐτῶν.",,,,
Judith 7:15,JDT,Judith,7,15,"καὶ ἀνταποδώσεις αὐτοῖς ἀνταπόδομα πονηρόν, ἀνθ᾿ ὧν ἐστασίασαν, καὶ οὐκ ἀπήντησαν τῷ προσώπῳ σου ἐν εἰρήνῃ.",,,,
Judith 7:16,JDT,Judith,7,16,"καὶ ἤρεσαν οἱ λόγοι αὐτῶν ἐνώπιον Ὀλοφέρνου καὶ ἐνώπιον πάντων τῶν θεραπόντων αὐτοῦ, καὶ συνέταξαν ποιεῖν καθὼς ἐλάλησαν.",,,,
Judith 7:17,JDT,Judith,7,17,καὶ ἀπῇρε παρεμβολὴ υἱῶν Ἀμμὼν καὶ μετ᾿ αὐτῶν χιλιάδες πέντε υἱῶν Ἀσσοὺρ καὶ παρενέβαλον ἐν τῷ αὐλῶνι καὶ προκατελάβοντο τὰ ὕδατα καὶ τὰς πηγὰς τῶν ὑδάτων τῶν υἱῶν Ἰσραήλ.,,,,
Judith 7:18,JDT,Judith,7,18,"καὶ ἀνέβησαν υἱοὶ Ἡσαῦ καὶ οἱ υἱοὶ Ἀμμὼν καὶ παρενέβαλον ἐν τῇ ὀρεινῇ ἀπέναντι Δωθαΐμ. καὶ ἀπέστειλαν ἐξ αὐτῶν πρὸς νότον καὶ ἀπηλιώτην ἀπέναντι Ἐγρεβήλ, ἥ ἐστι πλησίον Χούς, ἥ ἐστιν ἐπὶ τοῦ χειμάρρου Μοχμούρ. καὶ ἡ λοιπὴ στρατιὰ τῶν Ἀσσυρίων παρενέβαλον ἐν τῷ πεδίῳ καὶ ἐκάλυψαν πᾶν τὸ πρόσωπον τῆς γῆς· καὶ αἱ σκηναὶ καὶ αἱ ἀπαρτίαι αὐτῶν κατεστρατοπέδευσαν ἐν ὄχλῳ πολλῷ καὶ ἦσαν εἰς πλῆθος πολὺ σφόδρα.",,,,
Judith 7:19,JDT,Judith,7,19,"Καὶ οἱ υἱοὶ Ἰσραὴλ ἀνεβόησαν πρὸς Κύριον Θεὸν αὐτῶν, ὅτι ὠλιγοψύχησε τὸ πνεῦμα αὐτῶν, ὅτι ἐκύκλωσαν πάντες οἱ ἐχθροὶ αὐτῶν καὶ οὐκ ἦν διαφυγεῖν ἐκ μέσου αὐτῶν.",,,,
Judith 7:20,JDT,Judith,7,20,"καὶ ἔμεινε κύκλῳ αὐτῶν πᾶσα παρεμβολὴ Ἀσσούρ, οἱ πεζοὶ καὶ τὰ ἅρματα καὶ οἱ ἱππεῖς αὐτῶν, ἡμέρας τριακοντατέσσαρας. καὶ ἐξέλιπε πάντας τοὺς κατοικοῦντας Βαιτυλούα πάντα τὰ ἀγγεῖα αὐτῶν τῶν ὑδάτων,",,,,
Judith 7:21,JDT,Judith,7,21,"καὶ οἱ λάκκοι ἐξεκενοῦντο, καὶ οὐκ εἶχον πιεῖν εἰς πλησμονὴν ὕδωρ ἡμέραν μίαν, ὅτι ἐν μέτρῳ ἐδίδοσαν αὐτοῖς πιεῖν.",,,,
Judith 7:22,JDT,Judith,7,22,"καὶ ἠθύμησαν τὰ νήπια αὐτῶν, καὶ αἱ γυναῖκες αὐτῶν καὶ οἱ νεανίσκοι ἐξέλιπον ἀπὸ τῆς δίψης καὶ ἔπιπτον ἐν ταῖς πλατείαις τῆς πόλεως καὶ ἐν ταῖς διόδοις τῶν πυλῶν, καὶ οὐκ ἦν κραταίωσις ἔτι ἐν αὐτοῖς.",,,,
Judith 7:23,JDT,Judith,7,23,"καὶ ἐπισυνήχθησαν πᾶς ὁ λαὸς ἐπὶ Ὀζίαν καὶ τοὺς ἄρχοντας τῆς πόλεως, οἱ νεανίσκοι καὶ αἱ γυναῖκες καὶ τὰ παιδία, καὶ ἀνεβόησαν φωνῇ μεγάλῃ καὶ εἶπαν ἐναντίον πάντων τῶν πρεσβυτέρων·",,,,
Judith 7:24,JDT,Judith,7,24,"κρίναι ὁ Θεὸς ἀνὰ μέσον ἡμῶν καὶ ὑμῶν, ὅτι ἐποιήσατε ἐν ἡμῖν ἀδικίαν μεγάλην οὐ λαλήσαντες εἰρηνικὰ μετὰ τῶν υἱῶν Ἀσσούρ.",,,,
Judith 7:25,JDT,Judith,7,25,"καὶ νῦν οὐκ ἔστι βοηθὸς ἡμῶν, ἀλλὰ πέπρακεν ἡμᾶς ὁ Θεὸς εἰς τὰς χεῖρας αὐτῶν τοῦ καταστρωθῆναι ἐναντίον αὐτῶν ἐν δίψῃ καὶ ἀπωλείᾳ μεγάλῃ.",,,,
Judith 7:26,JDT,Judith,7,26,καὶ νῦν ἐπικαλέσασθε αὐτοὺς καὶ ἔκδοσθε τὴν πόλιν πᾶσαν εἰς προνομὴν τῷ λαῷ Ὀλοφέρνου καὶ πάσῃ τῇ δυνάμει αὐτοῦ·,,,,
Judith 7:27,JDT,Judith,7,27,"κρεῖσσον γὰρ ἡμῖν γενηθῆναι αὐτοῖς εἰς διαρπαγήν, ἐσόμεθα γὰρ εἰς δούλους, καὶ ζήσεται ἡ ψυχὴ ἡμῶν, καὶ οὐκ ὀψόμεθα τὸν θάνατον τῶν νηπίων ἡμῶν ἐν ὀφθαλμοῖς ἡμῶν καὶ τὰς γυναῖκας καὶ τὰ τέκνα ἡμῶν ἐκλειπούσας τὰς ψυχὰς αὐτῶν.",,,,
Judith 7:28,JDT,Judith,7,28,"μαρτυρόμεθα ὑμῖν τὸν οὐρανὸν καὶ τὴν γῆν καὶ τὸν Θεὸν ἡμῶν καὶ Κύριον τῶν πατέρων ἡμῶν, ὃς ἐκδικεῖ ἡμᾶς κατὰ τὰς ἁμαρτίας ἡμῶν καὶ κατὰ τὰ ἁμαρτήματα τῶν πατέρων ἡμῶν, ἵνα μὴ ποιήσῃ κατὰ τὰ ρήματα ταῦτα ἐν τῇ ἡμέρᾳ τῇ σήμερον.",,,,
Judith 7:29,JDT,Judith,7,29,καὶ ἐγένετο κλαυθμὸς μέγας ἐν μέσῳ τῆς ἐκκλησίας πάντων ὁμοθυμαδὸν καὶ ἐβόησαν πρὸς Κύριον τὸν Θεὸν φωνῇ μεγάλῃ.,,,,
Judith 7:30,JDT,Judith,7,30,"καὶ εἶπε πρὸς αὐτοὺς Ὀζίας· θαρσεῖτε, ἀδελφοί, διακαρτερήσωμεν ἔτι πέντε ἡμέρας, ἐν αἷς ἐπιστρέψει Κύριος ὁ Θεὸς ἡμῶν τὸ ἔλεος αὐτοῦ ἐφ᾿ ἡμᾶς, οὐ γὰρ ἐγκαταλείψει ἡμᾶς εἰς τέλος·",,,,
Judith 7:31,JDT,Judith,7,31,"ἐὰν δὲ διέλθωσιν αὗται καὶ μὴ ἔλθῃ ἐφ᾿ ἡμᾶς βοήθεια, ποιήσω κατὰ τὰ ρήματα ὑμῶν. καὶ ἐσκόρπισε τὸν λαὸν εἰς τὴν ἑαυτοῦ παρεμβολήν, καὶ ἐπὶ τὰ τείχη καὶ τοὺς πύργους τῆς πόλεως αὐτῶν ἀπῆλθον, καὶ τὰς γυναῖκας καὶ τὰ τέκνα εἰς τοὺς οἴκους αὐτῶν ἐξαπέστειλε· καὶ ἦσαν ἐν ταπεινώσει πολλῇ ἐν τῇ πόλει.",,,,
Judith 8:1,JDT,Judith,8,1,"ΚΑΙ ἤκουσεν ἐν ἐκείναις ταῖς ἡμέραις Ἰουδίθ, θυγάτηρ Μεραρί, υἱοῦ Ὤξ, υἱοῦ Ἰωσήφ, υἱοῦ Ὀζιήλ, υἱοῦ Ἐλκία, υἱοῦ Ἠλιού, υἱοῦ Χελκίου, υἱοῦ Ἐλιάβ, υἱοῦ Ναθαναήλ, υἱοῦ Σαλαμιήλ, υἱοῦ Σαρασαδαΐ, υἱοῦ Ἰσραήλ.",,,,
Judith 8:2,JDT,Judith,8,2,"καὶ ὁ ἀνὴρ αὐτῆς Μανασσῆς τῆς φυλῆς αὐτῆς καὶ τῆς πατριᾶς αὐτῆς, καὶ ἀπέθανεν ἐν ἡμέραις θερισμοῦ κριθῶν·",,,,
Judith 8:3,JDT,Judith,8,3,"ἐπέστη γὰρ ἐπὶ τοῦ δεσμεύοντος τὸ δράγμα τῷ πεδίῳ, καὶ ὁ καύσων ἦλθεν ἐπὶ τὴν κεφαλὴν αὐτοῦ, καὶ ἔπεσεν ἐπὶ τὴν κλίνην καὶ ἐτελεύτησεν ἐν Βαιτυλούᾳ τῇ πόλει αὐτοῦ, καὶ ἔθαψαν αὐτὸν μετὰ τῶν πατέρων αὐτοῦ ἐν τῷ ἀγρῷ τῷ ἀνὰ μέσον Δωθαΐμ καὶ Βαλαμών.",,,,
Judith 8:4,JDT,Judith,8,4,καὶ ἦν Ἰουδὶθ ἐν τῷ οἴκῳ αὐτῆς χηρεύουσα ἔτη τρία καὶ μῆνας τέσσαρας.,,,,
Judith 8:5,JDT,Judith,8,5,"καὶ ἐποίησεν ἑαυτῇ σκηνὴν ἐπὶ τοῦ δώματος τοῦ οἴκου αὐτῆς καὶ ἐπέθηκεν ἐπὶ τὴν ὀσφὺν αὐτῆς σάκκον, καὶ ἦν ἐπ᾿ αὐτῆς τὰ ἱμάτια τῆς χηρεύσεως αὐτῆς.",,,,
Judith 8:6,JDT,Judith,8,6,"καὶ ἐνήστευε πάσας τὰς ἡμέρας χηρεύσεως αὐτῆς, χωρὶς προσαββάτων καὶ σαββάτων καὶ προνουμηνιῶν καὶ νουμηνιῶν καὶ ἑορτῶν καὶ χαρμοσυνῶν οἴκου Ἰσραήλ.",,,,
Judith 8:7,JDT,Judith,8,7,"καὶ ἦν καλὴ τῷ εἴδει καὶ ὡραία τῇ ὄψει σφόδρα· καὶ ὑπελίπετο αὐτῇ Μανασσῆς, ὁ ἀνὴρ αὐτῆς, χρυσίον καὶ ἀργύριον καὶ παῖδας καὶ παιδίσκας καὶ κτήνη καὶ ἀγρούς, καὶ ἔμενεν ἐπ᾿ αὐτῶν.",,,,
Judith 8:8,JDT,Judith,8,8,"καὶ οὐκ ἦν ὃς ἐπήνεγκεν αὐτῇ ρῆμα πονηρόν, ὅτι ἐφοβεῖτο τὸν Θεὸν σφόδρα",,,,
Judith 8:9,JDT,Judith,8,9,"καὶ ἤκουσε τὰ ρήματα τοῦ λαοῦ τὰ πονηρὰ ἐπὶ τὸν ἄρχοντα, ὅτι ὠλιγοψύχησαν ἐπὶ τῇ σπάνει τῶν ὑδάτων, καὶ ἤκουσε πάντας τοὺς λόγους Ἰουδίθ, οὓς ἐλάλησε πρὸς αὐτοὺς Ὀζίας, ὡς ὤμοσεν αὐτοῖς παραδώσειν τὴν πόλιν μετὰ ἡμέρας πέντε τοῖς Ἀσσυρίοις.",,,,
Judith 8:10,JDT,Judith,8,10,"καὶ ἀποστείλασα τὴν ἅβραν αὐτῆς τὴν ἐφεστῶσαν πᾶσι τοῖς ὑπάρχουσιν αὐτῆς ἐκάλεσεν Ὀζίαν καὶ Χαβρὶν καὶ Χαρμὶν τοὺς πρεσβυτέρους τῆς πόλεως αὐτῆς,",,,,
Judith 8:11,JDT,Judith,8,11,"καὶ ἦλθον πρὸς αὐτήν, καὶ εἶπε πρὸς αὐτούς· ἀκούσατε δή μου, ἄρχοντες τῶν κατοικούντων ἐν Βαιτυλούᾳ, ὅτι οὐκ εὐθὺς ὁ λόγος ὑμῶν, ὃν ἐλαλήσατε ἐναντίον τοῦ λαοῦ ἐν τῇ ἡμέρᾳ ταύτῃ καὶ ἐστήσατε τὸν ὅρκον, ὃν ἐλαλήσατε ἀνὰ μέσον τοῦ Θεοῦ καὶ ὑμῶν καὶ εἴπατε ἐκδώσειν τὴν πόλιν τοῖς ἐχθροῖς ἡμῶν, ἐὰν μὴ ἐν αὐταῖς ἐπιστρέψῃ ὁ Κύριος βοηθῆσαι ἡμῖν.",,,,
Judith 8:12,JDT,Judith,8,12,"καὶ νῦν τίνες ἐστὲ ὑμεῖς, οἳ ἐπειράσατε τὸν Θεὸν ἐν τῇ ἡμέρᾳ τῇ σήμερον καὶ ἵστατε ὑπὲρ τοῦ Θεοῦ ἐν μέσῳ υἱῶν ἀνθρώπων;",,,,
Judith 8:13,JDT,Judith,8,13,"καὶ νῦν Κύριον παντοκράτορα ἐξετάζετε καὶ οὐθὲν ἐπιγνώσεσθε ἕως τοῦ αἰῶνος,",,,,
Judith 8:14,JDT,Judith,8,14,"ὅτι βάθος καρδίας ἀνθρώπου οὐχ εὑρήσετε καὶ λόγους τῆς διανοίας αὐτοῦ οὐ διαλήψεσθε· καὶ πῶς τὸν Θεόν, ὃς ἐποίησε τὰ πάντα ταῦτα, ἐρευνήσετε καὶ τὸν νοῦν αὐτοῦ ἐπιγνώσεσθε καὶ τὸν λογισμὸν αὐτοῦ κατανοήσετε; μηδαμῶς, ἀδελφοί, μὴ παροργίζετε Κύριον τὸν Θεὸν ἡμῶν·",,,,
Judith 8:15,JDT,Judith,8,15,"ὅτι ἐὰν μὴ βούληται ἐν ταῖς πέντε ἡμέραις βοηθῆσαι ἡμῖν, αὐτὸς ἔχει τὴν ἐξουσίαν ἐν αἷς θέλει σκεπάσαι ἡμέραις ἢ καὶ ὀλοθρεῦσαι ἡμᾶς πρὸ προσώπου τῶν ἐχθρῶν ἡμῶν.",,,,
Judith 8:16,JDT,Judith,8,16,"ὑμεῖς δὲ μὴ ἐνεχυράζετε τὰς βουλὰς Κυρίου τοῦ Θεοῦ ἡμῶν, ὅτι οὐχ ὡς ἄνθρωπος ὁ Θεὸς ἀπειληθῆναι, οὐδὲ ὡς υἱὸς ἀνθρώπου διαιτηθῆναι.",,,,
Judith 8:17,JDT,Judith,8,17,"διόπερ ἀναμένοντες τὴν παρ᾿ αὐτοῦ σωτηρίαν ἐπικαλεσώμεθα αὐτὸν εἰς βοήθειαν ἡμῶν, καὶ εἰσακούσεται τῆς φωνῆς ἡμῶν, ἐὰν ᾖ αὐτῷ ἀρεστόν.",,,,
Judith 8:18,JDT,Judith,8,18,"ὅτι οὐκ ἀνέστη ἐν ταῖς γενεαῖς ἡμῶν οὐδέ ἐστιν ἐν τῇ ἡμέρᾳ τῇ σήμερον οὔτε φυλὴ οὔτε πατριὰ οὔτε δῆμος οὔτε πόλις ἐξ ἡμῶν, οἳ προσκυνοῦσι θεοῖς χειροποιήτοις, καθάπερ ἐγένετο ἐν ταῖς πρότερον ἡμέραις·",,,,
Judith 8:19,JDT,Judith,8,19,ὧν χάριν ἐδόθησαν εἰς ρομφαίαν καὶ εἰς διαρπαγὴν οἱ πατέρες ἡμῶν καὶ ἔπεσον πτῶμα μέγα ἐνώπιον τῶν ἐχθρῶν ἡμῶν.,,,,
Judith 8:20,JDT,Judith,8,20,"ἡμεῖς δὲ ἕτερον θεὸν οὐκ ἐπέγνωμεν πλὴν αὐτοῦ· ὅθεν ἐλπίζομεν ὅτι οὐχ ὑπερόψεται ἡμᾶς, οὐδ᾿ ἀπὸ τοῦ γένους ἡμῶν.",,,,
Judith 8:21,JDT,Judith,8,21,"ὅτι ἐν τῷ ληφθῆναι ἡμᾶς οὕτως καθήσεται πᾶσα ἡ Ἰουδαία, καὶ προνομευθήσεται τὰ ἅγια ἡμῶν, καὶ ζητήσει τὴν βεβήλωσιν αὐτῶν ἐκ τοῦ αἵματος ἡμῶν",,,,
Judith 8:22,JDT,Judith,8,22,"καὶ τὸν φόνον τῶν ἀδελφῶν ἡμῶν καὶ τὴν αἰχμαλωσίαν τῆς γῆς καὶ τὴν ἐρήμωσιν τῆς κληρονομίας ἡμῶν ἐπιστρέψει εἰς κεφαλὴν ἡμῶν ἐν τοῖς ἔθνεσιν, οὗ ἐὰν δουλεύσωμεν ἐκεῖ, καὶ ἐσόμεθα εἰς πρόσκομμα καὶ εἰς ὄνειδος ἐναντίον τῶν κτωμένων ἡμᾶς.",,,,
Judith 8:23,JDT,Judith,8,23,"ὅτι οὐ κατευθυνθήσεται ἡ δουλεία ἡμῶν εἰς χάριν, ἀλλ᾿ εἰς ἀτιμίαν θήσει αὐτὴν Κύριος ὁ Θεὸς ἡμῶν.",,,,
Judith 8:24,JDT,Judith,8,24,"καὶ νῦν, ἀδελφοί, ἐπιδειξώμεθα τοῖς ἀδελφοῖς ἡμῶν, ὅτι ἐξ ἡμῶν κρέμαται ἡ ψυχὴ αὐτῶν, καὶ τὰ ἅγια καὶ ὁ οἶκος καὶ τὸ θυσιαστήριον ἐπιστήρικται ἐφ᾿ ἡμῖν.",,,,
Judith 8:25,JDT,Judith,8,25,"παρὰ ταῦτα πάντα εὐχαριστήσωμεν Κυρίῳ τῷ Θεῷ ἡμῶν, ὃς πειράζει ἡμᾶς καθὰ καὶ τοὺς πατέρας ἡμῶν.",,,,
Judith 8:26,JDT,Judith,8,26,μνήσθητε ὅσα ἐποίησε μετὰ Ἁβραὰμ καὶ ὅσα ἐπείρασε τὸν Ἰσαὰκ καὶ ὅσα ἐγένετο τῷ Ἰακὼβ ἐν Μεσοποταμίᾳ τῆς Συρίας ποιμαίνοντι τὰ πρόβατα Λάβαν τοῦ ἀδελφοῦ τῆς μητρὸς αὐτοῦ.,,,,
Judith 8:27,JDT,Judith,8,27,"ὅτι οὐ καθὼς ἐκείνους ἐπύρωσεν εἰς ἐτασμὸν τῆς καρδίας αὐτῶν, καὶ ἡμᾶς οὐκ ἐξεδίκησεν, ἀλλ᾿ εἰς νουθέτησιν μαστιγοῖ Κύριος τοὺς ἐγγίζοντας αὐτῷ.",,,,
Judith 8:28,JDT,Judith,8,28,"καὶ εἶπε πρὸς αὐτὴν Ὀζίας· πάντα, ὅσα εἶπας, ἀγαθῇ καρδίᾳ ἐλάλησας, καὶ οὐκ ἔστιν ὃς ἀντιστήσεται τοῖς λόγοις σου·",,,,
Judith 8:29,JDT,Judith,8,29,"ὅτι οὐκ ἐν τῇ σήμερον ἡ σοφία σου πρόδηλός ἐστιν, ἀλλὰ ἀπ᾿ ἀρχῆς ἡμερῶν σου ἔγνω πᾶς ὁ λαὸς τὴν σύνεσίν σου, καθότι ἀγαθόν ἐστι τὸ πλάσμα τῆς καρδίας σου.",,,,
Judith 8:30,JDT,Judith,8,30,"ἀλλ᾿ ὁ λαὸς ἐδίψησε σφόδρα καὶ ἠνάγκασαν ποιῆσαι ἡμᾶς καθὰ ἐλαλήσαμεν αὐτοῖς καὶ ἐπαγαγεῖν ὅρκον ἐφ᾿ ἡμᾶς, ὃν οὐ παραβησόμεθα.",,,,
Judith 8:31,JDT,Judith,8,31,"καὶ νῦν δεήθητι περὶ ἡμῶν, ὅτι γυνὴ εὐσεβὴς εἶ, καὶ ἀποστελεῖ Κύριος τὸν ὑετὸν εἰς πλήρωσιν τῶν λάκκων ἡμῶν, καὶ οὐκ ἐκλείψωμεν ἔτι.",,,,
Judith 8:32,JDT,Judith,8,32,"καὶ εἶπε πρὸς αὐτοὺς Ἰουδίθ· ἀκούσατέ μου, καὶ ποιήσω πρᾶγμα, ὃ ἀφίξεται εἰς γενεὰς γενεῶν υἱοῖς τοῦ γένους ἡμῶν.",,,,
Judith 8:33,JDT,Judith,8,33,"ὑμεῖς στήσεσθε ἐπὶ τῆς πύλης τὴν νύκτα ταύτην, καὶ ἐξελεύσομαι ἐγὼ μετὰ τῆς ἅβρας μου, καὶ ἐν ταῖς ἡμέραις, μεθ᾿ ἃς εἴπατε παραδώσειν τὴν πόλιν τοῖς ἐχθροῖς ἡμῶν, ἐπισκέψεται Κύριος τὸν Ἰσραὴλ ἐν χειρί μου·",,,,
Judith 8:34,JDT,Judith,8,34,"ὑμεῖς δὲ οὐκ ἐξερευνήσετε τὴν πρᾶξίν μου, οὐ γὰρ ἐρῶ ὑμῖν, ἕως τοῦ τελεσθῆναι ἃ ἐγὼ ποιῶ.",,,,
Judith 8:35,JDT,Judith,8,35,"καὶ εἶπεν Ὀζίας καὶ οἱ ἄρχοντες πρὸς αὐτήν· πορεύου εἰς εἰρήνην, καὶ Κύριος ὁ Θεὸς ἔμπροσθέν σου εἰς ἐκδίκησιν τῶν ἐχθρῶν ἡμῶν.",,,,
Judith 8:36,JDT,Judith,8,36,καὶ ἀποστρέψαντες ἐκ τῆς σκηνῆς ἐπορεύθησαν ἐπὶ τὰς διατάξεις αὐτῶν.,,,,
Judith 9:1,JDT,Judith,9,1,"ΙΟΥΔΙΘ δὲ ἔπεσεν ἐπὶ πρόσωπον καὶ ἐπέθετο σποδὸν ἐπὶ τὴν κεφαλὴν αὐτῆς καὶ ἐγύμνωσεν ὃν ἐνεδιδύσκετο σάκκον, καὶ ἦν ἄρτι προσφερόμενον ἐν Ἱερουσαλὴμ εἰς τὸν οἶκον τοῦ Θεοῦ τὸ θυμίαμα τῆς ἑσπέρας ἐκείνης, καὶ ἐβόησε φωνῇ μεγάλῃ Ἰουδὶθ πρὸς Κύριον καὶ εἶπε·",,,,
Judith 9:2,JDT,Judith,9,2,"Κύριε ὁ Θεὸς τοῦ πατρός μου Συμεών, ᾧ ἔδωκας ἐν χειρὶ ρομφαίαν εἰς ἐκδίκησιν ἀλλογενῶν, οἳ ἔλυσαν μήτραν παρθένου εἰς μίασμα καὶ ἐγύμνωσαν μηρὸν εἰς αἰσχύνην καὶ ἐβεβήλωσαν μήτραν εἰς ὄνειδος· εἶπας γάρ, οὐχ οὕτως ἔσται· καὶ ἐποίησαν",,,,
Judith 9:3,JDT,Judith,9,3,"ἀνθ᾿ ὧν ἔδωκας ἄρχοντας αὐτῶν εἰς φόνον καὶ τὴν στρωμνὴν αὐτῶν, ἣ ᾐδέσατο τὴν ἀπάτην αὐτῶν, εἰς αἷμα, καὶ ἐπάταξας δούλους ἐπὶ δυνάσταις καὶ δυνάστας ἐπὶ θρόνους αὐτῶν.",,,,
Judith 9:4,JDT,Judith,9,4,"καὶ ἔδωκας γυναῖκας αὐτῶν εἰς προνομὴν καὶ θυγατέρας εἰς αἰχμαλωσίαν καὶ πάντα τὰ σκῦλα εἰς διαίρεσιν υἱῶν ἠγαπημένων ὑπὸ σοῦ, οἳ καὶ ἐζήλωσαν τὸν ζῆλόν σου καὶ ἐβδελύξαντο μίασμα αἵματος αὐτῶν καὶ ἐπεκαλέσαντό σε εἰς βοηθόν. ὁ Θεὸς ὁ Θεὸς ὁ ἐμός, καὶ εἰσάκουσον ἐμοῦ τῆς χήρας·",,,,
Judith 9:5,JDT,Judith,9,5,"σὺ γὰρ ἐποίησας τὰ πρότερα ἐκείνων καὶ ἐκεῖνα καὶ τὰ μετέπειτα καὶ τὰ νῦν καὶ τὰ ἐπερχόμενα διενοήθης, καὶ ἐγενήθησαν ἃ ἐνενοήθης,",,,,
Judith 9:6,JDT,Judith,9,6,"καὶ παρέστησαν ἃ ἐβουλεύσω καὶ εἶπαν· ἰδοὺ πάρεσμεν· πᾶσαι γὰρ αἱ ὁδοί σου ἕτοιμοι, καὶ ἡ κρίσις σου ἐν προγνώσει·",,,,
Judith 9:7,JDT,Judith,9,7,"ἰδοὺ γὰρ Ἀσσύριοι ἐπληθύνθησαν ἐν δυνάμει αὐτῶν, ὑψώθησαν ἐφ᾿ ἵππῳ καὶ ἀναβάτῃ ἐγαυρίασαν ἐν βραχίονι πεζῶν, ἤλπισαν ἐν ἀσπίδι καὶ ἐν γαισῷ καὶ τόξῳ καὶ σφενδόνῃ καὶ οὐκ ἔγνωσαν ὅτι σὺ εἶ Κύριος συντρίβων πολέμους.",,,,
Judith 9:8,JDT,Judith,9,8,"Κύριος ὄνομά σοι· σὺ ράξον αὐτῶν τὴν ἰσχὺν ἐν δυνάμει σου καὶ κάταξον τὸ κράτος αὐτῶν ἐν τῷ θυμῷ σου· ἐβουλεύσαντο γὰρ βεβηλῶσαι τὰ ἅγιά σου, μιᾶναι τὸ σκήνωμα τῆς καταπαύσεως τοῦ ὀνόματος τῆς δόξης σου καὶ καταβαλεῖν σιδήρῳ κέρας θυσιαστηρίου σου.",,,,
Judith 9:9,JDT,Judith,9,9,"βλέψον εἰς ὑπερηφανίαν αὐτῶν, ἀπόστειλον τὴν ὀργήν σου εἰς κεφαλὰς αὐτῶν, δὸς ἐν χειρί μου τῆς χήρας ὃ διενοήθην κράτος.",,,,
Judith 9:10,JDT,Judith,9,10,"πάταξον δοῦλον ἐκ χειλέων ἀπάτης μου ἐπ᾿ ἄρχοντι καὶ ἄρχοντα ἐπὶ θεράποντι αὐτοῦ, θραῦσον αὐτῶν τὸ ἀνάστημα ἐν χειρὶ θηλείας·",,,,
Judith 9:11,JDT,Judith,9,11,"οὐ γὰρ ἐν πλήθει τὸ κράτος σου, οὐδὲ ἡ δυναστεία σου ἐν ἰσχύουσιν, ἀλλὰ ταπεινῶν εἶ Θεός, ἐλαττόνων εἶ βοηθός, ἀντιλήπτωρ ἀσθενούντων, ἀπεγνωσμένων σκεπαστής, ἀπηλπισμένων σωτήρ.",,,,
Judith 9:12,JDT,Judith,9,12,"ναὶ ναὶ ὁ Θεὸς τοῦ πατρός μου καὶ Θεὸς κληρονομίας Ἰσραήλ, δέσποτα τῶν οὐρανῶν καὶ τῆς γῆς, κτίστα τῶν ὑδάτων, βασιλεῦ πάσης κτίσεώς σου, σὺ εἰσάκουσον τῆς δεήσεώς μου",,,,
Judith 9:13,JDT,Judith,9,13,"καὶ δὸς λόγον μου καὶ ἀπάτην εἰς τραῦμα καὶ μώλωπα αὐτῶν, οἳ κατὰ τῆς διαθήκης σου καὶ οἴκου ἡγιασμένου σου καὶ κορυφῆς Σιὼν καὶ οἴκου κατασχέσεως υἱῶν σου ἐβουλεύσαντο σκληρά.",,,,
Judith 9:14,JDT,Judith,9,14,"καὶ ποίησον ἐπὶ πᾶν τὸ ἔθνος σου, καὶ πάσης φυλῆς ἐπίγνωσιν τοῦ εἰδῆσαι ὅτι σὺ εἶ ὁ Θεὸς πάσης δυνάμεως καὶ κράτους, καὶ οὐκ ἔστιν ἄλλος ὑπερασπίζων τοῦ γένους Ἰσραήλ, εἰ μὴ σύ.",,,,
Judith 10:1,JDT,Judith,10,1,"ΚΑΙ ἐγένετο ὡς ἐπαύσατο βοῶσα πρὸς τὸν Θεὸν Ἰσραὴλ καὶ συνετέλεσε πάντα τὰ ρήματα ταῦτα,",,,,
Judith 10:2,JDT,Judith,10,2,"καὶ ἀνέστη ἀπὸ τῆς πτώσεως καὶ ἐκάλεσε τὴν ἅβραν αὐτῆς καὶ κατέβη εἰς τὸν οἶκον, ἐν ᾧ διέτριβεν ἐν αὐτῷ ἐν ταῖς ἡμέραις τῶν σαββάτων καὶ ἐν ταῖς ἑορταῖς αὐτῆς·",,,,
Judith 10:3,JDT,Judith,10,3,"καὶ περιείλατο τὸν σάκκον, ὃν ἐνεδεδύκει, καὶ ἐξεδύσατο τὰ ἱμάτια τῆς χηρεύσεως αὐτῆς καὶ περιεκλύσατο τὸ σῶμα ὕδατι καὶ ἐχρίσατο μύρῳ παχεῖ καὶ διέταξε τὰς τρίχας τῆς κεφαλῆς αὐτῆς καὶ ἐπέθετο μίτραν ἐπ᾿ αὐτῆς καὶ ἐνεδύσατο τὰ ἱμάτια τῆς εὐφροσύνης αὐτῆς, ἐν οἷς ἐστολίζετο ἐν ταῖς ἡμέραις τῆς ζωῆς τοῦ ἀνδρὸς αὐτῆς Μανασσῆ,",,,,
Judith 10:4,JDT,Judith,10,4,"καὶ ἔλαβε σανδάλια εἰς τοὺς πόδας αὐτῆς καὶ περιέθετο τοὺς χλιδῶνας καὶ τὰ ψέλλια καὶ τοὺς δακτυλίους καὶ τὰ ἐνώτια καὶ πάντα τὸν κόσμον αὐτῆς καὶ ἐκαλλωπίσατο σφόδρα εἰς ἀπάτησιν ὀφθαλμῶν ἀνδρῶν, ὅσοι ἂν ἴδωσιν αὐτήν.",,,,
Judith 10:5,JDT,Judith,10,5,καὶ ἔδωκε τῇ ἅβρᾳ αὐτῆς ἀσκοπυτίνην οἴνου καὶ καψάκην ἐλαίου καὶ πήραν ἐπλήρωσεν ἀλφίτων καὶ παλάθης καὶ ἄρτων καθαρῶν καὶ περιεδίπλωσε πάντα τὰ ἀγγεῖα αὐτῆς καὶ ἐπέθηκεν ἐπ᾿ αὐτῇ.,,,,
Judith 10:6,JDT,Judith,10,6,καὶ ἐξήλθοσαν ἐπὶ τὴν πύλην τῆς πόλεως Βαιτυλούα καὶ εὕροσαν ἐφεστῶτας ἐπ᾿ αὐτῆς Ὀζίαν καὶ τοὺς πρεσβυτέρους τῆς πόλεως Χαβρὶν καὶ Χαρμίν.,,,,
Judith 10:7,JDT,Judith,10,7,"ὡς δὲ εἶδον αὐτὴν καὶ ἦν ἠλλοιωμένον τὸ πρόσωπον αὐτῆς καὶ τὴν στολὴν μεταβεβληκυῖαν αὐτῆς, καὶ ἐθαύμασαν ἐπὶ τῷ κάλλει αὐτῆς ἐπὶ πολὺ σφόδρα καὶ εἶπαν αὐτῇ·",,,,
Judith 10:8,JDT,Judith,10,8,ὁ Θεὸς ὁ Θεὸς τῶν πατέρων ἡμῶν δῴη σε εἰς χάριν καὶ τελειώσαι τὰ ἐπιτηδεύματά σου εἰς γαυρίαμα υἱῶν Ἰσραὴλ καὶ ὕψωμα Ἱερουσαλήμ. καὶ προσεκύνησε τῷ Θεῷ,,,,
Judith 10:9,JDT,Judith,10,9,"καὶ εἶπε πρὸς αὐτούς· ἐπιτάξατε ἀνοῖξαί μοι τὴν πύλην τῆς πόλεως, καὶ ἐξελεύσομαι εἰς τελείωσιν τῶν λόγων, ὧν ἐλαλήσατε μετ᾿ ἐμοῦ· καὶ συνέταξαν τοῖς νεανίσκοις ἀνοῖξαι αὐτῇ καθότι ἐλάλησε.",,,,
Judith 10:10,JDT,Judith,10,10,"καὶ ἐποίησαν οὕτως. καὶ ἐξῆλθεν Ἰουδίθ, αὐτὴ καὶ ἡ παιδίσκη αὐτῆς μετ᾿ αὐτῆς· ἀπεσκόπευον δὲ αὐτὴν οἱ ἄνδρες τῆς πόλεως ἕως οὗ κατέβη τὸ ὄρος, ἕως διῆλθε τὸν αὐλῶνα καὶ οὐκέτι ἐθεώρουν αὐτήν.",,,,
Judith 10:11,JDT,Judith,10,11,"καὶ ἐπορεύοντο ἐν τῷ αὐλῶνι εἰς εὐθεῖαν, καὶ συνήντησεν αὐτῇ προφυλακὴ τῶν Ἀσσυρίων.",,,,
Judith 10:12,JDT,Judith,10,12,"καὶ συνέλαβον αὐτὴν καὶ ἐπηρώτησαν· τίνων εἶ καὶ πόθεν ἔρχῃ καὶ ποῦ πορεύῃ; καὶ εἶπε· θυγάτηρ εἰμὶ τῶν Ἑβραίων καὶ ἀποδιδράσκω ἀπὸ προσώπου αὐτῶν, ὅτι μέλλουσι δίδοσθαι ὑμῖν εἰς κατάβρωμα·",,,,
Judith 10:13,JDT,Judith,10,13,"κἀγὼ ἔρχομαι εἰς τὸ πρόσωπον Ὀλοφέρνου ἀρχιστρατήγου δυνάμεως ὑμῶν τοῦ ἀναγγεῖλαι ρήματα ἀληθείας καὶ δείξω πρὸ προσώπου αὐτοῦ ὁδόν, καθ᾿ ἣν πορεύσεται καὶ κυριεύσει πάσης τῆς ὀρεινῆς, καὶ οὐ διαφωνήσει τῶν ἀνδρῶν αὐτοῦ σάρξ μία οὐδὲ πνεῦμα ζωῆς.",,,,
Judith 10:14,JDT,Judith,10,14,ὡς δὲ ἤκουσαν οἱ ἄνδρες τὰ ρήματα αὐτῆς καὶ κατενόησαν τὸ πρόσωπον αὐτῆς καὶ ἦν ἐναντίον αὐτῶν θαυμάσιον τῷ κάλλει σφόδρα καὶ εἶπαν πρὸς αὐτήν·,,,,
Judith 10:15,JDT,Judith,10,15,"σέσωκας τὴν ψυχήν σου σπεύσασα καταβῆναι εἰς πρόσωπον τοῦ κυρίου ἡμῶν· καὶ νῦν πρόσελθε ἐπὶ τὴν σκηνὴν αὐτοῦ, καὶ ἀφ᾿ ἡμῶν προπέμψουσί σε, ἕως παραδώσουσί σε εἰς τὰς χεῖρας αὐτοῦ·",,,,
Judith 10:16,JDT,Judith,10,16,"ἐὰν δὲ στῇς ἐναντίον αὐτοῦ, μὴ φοβηθῇς τῇ καρδίᾳ σου, ἀλλὰ ἀνάγγειλον κατὰ τὰ ρήματά σου, καὶ εὖ σε ποιήσει.",,,,
Judith 10:17,JDT,Judith,10,17,"καὶ ἐπέλεξαν ἐξ αὐτῶν ἄνδρας ἑκατὸν καὶ παρέζευξαν αὐτῇ καὶ τῇ ἅβρᾳ αὐτῆς, καὶ ἤγαγον αὐτὰς ἐπὶ τὴν σκηνὴν Ὀλοφέρνου.",,,,
Judith 10:18,JDT,Judith,10,18,"καὶ ἐγένετο συνδρομὴ πάσῃ τῇ παρεμβολῇ, διεβοήθη γὰρ εἰς τὰ σκηνώματα ἡ παρουσία αὐτῆς· καὶ ἐλθόντες ἐκύκλουν αὐτὴν ὡς εἱστήκει ἔξω τῆς σκηνῆς Ὀλοφέρνου, ἕως προσήγγειλαν αὐτῷ περὶ αὐτῆς.",,,,
Judith 10:19,JDT,Judith,10,19,"καὶ ἐθαύμαζον ἐπὶ τῷ κάλλει αὐτῆς καὶ ἐθαύμαζον τοὺς υἱοὺς Ἰσραὴλ ἀπ᾿ αὐτῆς, καὶ εἶπεν ἕκαστος πρὸς τὸν πλησίον αὐτοῦ· τίς καταφρονήσει τοῦ λαοῦ τούτου, ὃς ἔχει ἐν ἑαυτῷ γυναῖκας τοιαύτας; ὅτι οὐ καλόν ἐστιν ὑπολείπεσθαι ἐξ αὐτῶν ἄνδρα ἕνα, οἳ ἀφεθέντες δυνήσονται κατασοφίσασθαι πᾶσαν τὴν γῆν.",,,,
Judith 10:20,JDT,Judith,10,20,καὶ ἐξῆλθον οἱ παρακαθεύδοντες Ὀλοφέρνῃ καὶ πάντες οἱ θεράποντες αὐτοῦ καὶ εἰσήγαγον αὐτὴν εἰς τὴν σκηνήν.,,,,
Judith 10:21,JDT,Judith,10,21,"καὶ ἦν Ὀλοφέρνης ἀναπαυόμενος ἐπὶ τῆς κλίνης αὐτοῦ ἐν τῷ κωνωπείῳ, ὃ ἦν ἐκ πορφύρας καὶ χρυσίου καὶ σμαράγδου καὶ λίθων πολυτελῶν καθυφασμένων.",,,,
Judith 10:22,JDT,Judith,10,22,"καὶ ἀνήγγειλαν αὐτῷ περὶ αὐτῆς, καὶ ἐξῆλθεν εἰς τὸ προσκήνιον, καὶ λαμπάδες ἀργυραῖ προάγουσαι αὐτοῦ.",,,,
Judith 10:23,JDT,Judith,10,23,"ὡς δὲ ἦλθε κατὰ πρόσωπον αὐτοῦ Ἰουδὶθ καὶ τῶν θεραπόντων αὐτοῦ, ἐθαύμασαν πάντες ἐπὶ τῷ κάλλει τοῦ προσώπου αὐτῆς· καὶ πεσοῦσα ἐπὶ πρόσωπον προσεκύνησεν αὐτῷ, καὶ ἤγειραν αὐτὴν οἱ δοῦλοι αὐτοῦ.",,,,
Judith 11:1,JDT,Judith,11,1,"ΚΑΙ εἶπε πρὸς αὐτὴν Ὀλοφέρνης· θάρσησον, γύναι, μὴ φοβηθῇς τῇ καρδίᾳ σου, ὅτι ἐγὼ οὐκ ἐκάκωσα ἄνθρωπον, ὅστις ᾑρέτικε δουλεύειν βασιλεῖ Ναβουχοδονόσορ πάσης τῆς γῆς.",,,,
Judith 11:2,JDT,Judith,11,2,"καὶ νῦν ὁ λαός σου ὁ κατοικῶν τὴν ὀρεινήν, εἰ μὴ ἐφαύλισάν με, οὐκ ἂν ᾖρα τὸ δόρυ μου ἐπ᾿ αὐτούς, ἀλλ᾿ αὐτοὶ ἑαυτοῖς ἐποίησαν ταῦτα.",,,,
Judith 11:3,JDT,Judith,11,3,"καὶ νῦν λέγε μοι τίνος ἕνεκεν ἀπέδρας ἀπ᾿ αὐτῶν καὶ ἦλθες πρὸς ἡμᾶς; ἥκεις γὰρ εἰς σωτηρίαν· θάρσει, ἐν τῇ νυκτὶ ταύτῃ ζήσῃ καὶ εἰς τὸ λοιπόν·",,,,
Judith 11:4,JDT,Judith,11,4,"οὐ γάρ ἐστιν ὃς ἀδικήσει σε, ἀλλ᾿ εὖ σε ποιήσει καθὰ γίνεται τοῖς δούλοις τοῦ κυρίου μου βασιλέως Ναβουχοδονόσορ.",,,,
Judith 11:5,JDT,Judith,11,5,"καὶ εἶπε πρὸς αὐτὸν Ἰουδίθ· δέξαι τὰ ρήματα τῆς δούλης σου, καὶ λαλησάτω ἡ παιδίσκη σου κατὰ πρόσωπόν σου, καὶ οὐκ ἀναγγελῶ ψεῦδος τῷ κυρίῳ μου ἐν τῇ νυκτὶ ταύτῃ.",,,,
Judith 11:6,JDT,Judith,11,6,"καὶ ἐὰν κατακολουθήσῃς τοῖς λόγοις τῆς παιδίσκης σου, τελείως πρᾶγμα ποιήσει μετὰ σοῦ ὁ Θεός, καὶ οὐκ ἀποπεσεῖται ὁ κύριός μου τῶν ἐπιτηδευμάτων αὐτοῦ·",,,,
Judith 11:7,JDT,Judith,11,7,"ζῇ γὰρ βασιλεὺς Ναβουχοδονόσορ πάσης τῆς γῆς καὶ ζῇ τὸ κράτος αὐτοῦ, ὃς ἀπέστειλέ σε εἰς κατόρθωσιν πάσης ψυχῆς, ὅτι οὐ μόνον ἄνθρωποι διὰ σὲ δουλεύουσιν αὐτῷ, ἀλλὰ καὶ τὰ θηρία τοῦ ἀγροῦ καὶ τὰ κτήνη καὶ τὰ πετεινὰ τοῦ οὐρανοῦ διὰ τῆς ἰσχύος σου ζήσονται ἐπὶ Ναβουχοδονόσορ καὶ πάντα τὸν οἶκον αὐτοῦ·",,,,
Judith 11:8,JDT,Judith,11,8,"ἠκούσαμεν γὰρ τὴν σοφίαν σου καὶ τὰ πανουργεύματα τῆς ψυχῆς σου, καὶ ἀνηγγέλη πάσῃ τῇ γῇ ὅτι σὺ μόνος ἀγαθὸς ἐν πάσῃ βασιλείᾳ καὶ δυνατὸς ἐν ἐπιστήμῃ καὶ θαυμαστὸς ἐν στρατεύμασι πολέμου.",,,,
Judith 11:9,JDT,Judith,11,9,"καὶ νῦν ὁ λόγος, ὃν ἐλάλησεν Ἀχιὼρ ἐν τῇ συνεδρίᾳ σου, ἠκούσαμεν τὰ ρήματα αὐτοῦ, ὅτι περιεποιήσαντο αὐτὸν οἱ ἄνδρες Βαιτυλούα, καὶ ἀνήγγειλεν αὐτοῖς πάντα, ὅσα ἐξελάλησε παρὰ σοί.",,,,
Judith 11:10,JDT,Judith,11,10,"διό, δέσποτα κύριε, μὴ παρέλθῃς τὸν λόγον αὐτοῦ, ἀλλὰ κατάθου αὐτὸν ἐν τῇ καρδίᾳ σου, ὅτι ἀληθής ἐστιν· οὐ γὰρ ἐκδικᾶται τὸ γένος ἡμῶν, οὐ κατισχύει ρομφαία ἐπ᾿ αὐτούς, ἐὰν μὴ ἁμάρτωσιν εἰς τὸν Θεὸν αὐτῶν.",,,,
Judith 11:11,JDT,Judith,11,11,"καὶ νῦν, ἵνα μὴ γένηται ὁ κύριός μου ἔκβολος καὶ ἄπρακτος καὶ ἐπιπεσεῖται θάνατος ἐπὶ πρόσωπον αὐτῶν, καὶ κατελάβετο αὐτοὺς ἁμάρτημα, ἐν ᾧ παροργιοῦσι τὸν Θεὸν αὐτῶν, ὁπηνίκα ἂν ποιήσωσιν ἀτοπίαν·",,,,
Judith 11:12,JDT,Judith,11,12,"ἐπεὶ γὰρ ἐξέλιπεν αὐτοὺς τὰ βρώματα καὶ ἐσπανίσθη πᾶν ὕδωρ, ἐβουλεύσαντο ἐπιβαλεῖν τοῖς κτήνεσιν αὐτῶν καὶ πάντα, ὅσα διεστείλατο αὐτοῖς ὁ Θεὸς ἐν τοῖς νόμοις αὐτοῦ μὴ φαγεῖν, διέγνωσαν δαπανῆσαι.",,,,
Judith 11:13,JDT,Judith,11,13,"καὶ τὰς ἀπαρχὰς τοῦ σίτου καὶ τὰς δεκάτας τοῦ οἴνου καὶ τοῦ ἐλαίου, ἃ διεφύλαξαν ἁγιάσαντες τοῖς ἱερεῦσι τοῖς παρεστηκόσιν ἐν Ἱερουσαλὴμ ἀπέναντι τοῦ προσώπου τοῦ Θεοῦ ἡμῶν, κεκρίκασιν ἐξαναλῶσαι, ὧν οὐδὲ ταῖς χερσὶν καθῆκεν ἅψασθαι οὐδένα τῶν ἐκ τοῦ λαοῦ.",,,,
Judith 11:14,JDT,Judith,11,14,"καὶ ἀπεστάλκασιν εἰς Ἱερουσαλήμ, ὅτι καὶ οἱ ἐκεῖ κατοικοῦντες ἐποίησαν ταῦτα, τοὺς μετακομίσαντας αὐτοῖς τὴν ἄφεσιν παρὰ τῆς γερουσίας.",,,,
Judith 11:15,JDT,Judith,11,15,"καὶ ἔσται ὡς ἂν ἀναγγείλῃ αὐτοῖς καὶ ποιήσωσι, δοθήσονταί σοι εἰς ὄλεθρον ἐν τῇ ἡμέρᾳ ἐκείνῃ.",,,,
Judith 11:16,JDT,Judith,11,16,"ὅθεν ἐγὼ ἡ δούλη σου ἐπιγνοῦσα ταῦτα πάντα ἀπέδρων ἀπὸ προσώπου αὐτῶν, καὶ ἐπέστειλέ με ὁ Θεὸς ποιῆσαι μετὰ σοῦ πράγματα, ἐφ᾿ οἷς ἐκστήσεται πᾶσα ἡ γῆ, ὅσοι ἐὰν ἀκούσωσιν αὐτά.",,,,
Judith 11:17,JDT,Judith,11,17,"ὅτι ἡ δούλη σου θεοσεβής ἐστι καὶ θεραπεύουσα νυκτὸς καὶ ἡμέρας τὸν Θεὸν τοῦ οὐρανοῦ· καὶ νῦν μενῶ παρὰ σοί, κύριέ μου, καὶ ἐξελεύσεται ἡ δούλη σου κατὰ τὴν νύκτα εἰς τὴν φάραγγα καὶ προσεύξομαι πρὸς τὸν Θεόν, καὶ ἐρεῖ μοι πότε ἐποίησαν τὰ ἁμαρτήματα αὐτῶν.",,,,
Judith 11:18,JDT,Judith,11,18,"καὶ ἐλθοῦσα προσανοίσω σοι, καὶ ἐξελεύσῃ σὺν πάσῃ τῇ δυνάμει σου, καὶ οὐκ ἔστιν ὃς ἀντιστήσεταί σοι ἐξ αὐτῶν.",,,,
Judith 11:19,JDT,Judith,11,19,"καὶ ἄξω σε διὰ μέσου τῆς Ἰουδαίας ἕως τοῦ ἐλθεῖν ἀπέναντι Ἱερουσαλὴμ καὶ θήσω τὸν δίφρον σου ἐν μέσῳ αὐτῆς, καὶ ἄξεις αὐτοὺς ὡς πρόβατα, οἷς οὐκ ἔστι ποιμήν, καὶ οὐ γρύξει κύων τῇ γλώσσῃ αὐτοῦ ἀπέναντί σου, ὅτι ταῦτα ἐλαλήθη μοι κατὰ πρόγνωσίν μου καὶ ἀπηγγέλη μοι, καὶ ἀπεστάλην ἀναγγεῖλαί σοι.",,,,
Judith 11:20,JDT,Judith,11,20,"καὶ ἤρεσαν οἱ λόγοι αὐτῆς ἐναντίον Ὀλοφέρνου καὶ ἐναντίον πάντων τῶν θεραπόντων αὐτοῦ, καὶ ἐθαύμασαν ἐπὶ τῇ σοφίᾳ αὐτῆς καὶ εἶπαν·",,,,
Judith 11:21,JDT,Judith,11,21,οὐκ ἔστι τοιαύτη γυνὴ ἀπ᾿ ἄκρου ἕως ἄκρου τῆς γῆς καλῷ προσώπῳ καὶ συνέσει λόγων.,,,,
Judith 11:22,JDT,Judith,11,22,"καὶ εἶπε πρὸς αὐτὴν Ὀλοφέρνης· εὖ ἐποίησεν ὁ Θεὸς ἀποστείλας σε ἔμπροσθεν τοῦ λαοῦ τοῦ γενηθῆναι ἐν χερσὶν ἡμῶν κράτος, ἐν δὲ τοῖς φαυλίσασι τὸν κύριόν μου ἀπώλειαν.",,,,
Judith 11:23,JDT,Judith,11,23,"καὶ νῦν ἀστεία εἶ σὺ ἐν τῷ εἴδει σου καὶ ἀγαθὴ ἐν τοῖς λόγοις σου· ὅτι ἐὰν ποιήσῃς καθὰ ἐλάλησας, ὁ Θεός σου ἔσται μου Θεός, καὶ σὺ ἐν οἴκῳ βασιλέως Ναβουχοδονόσορ καθήσῃ καὶ ἔσῃ ὀνομαστὴ παρὰ πᾶσαν τὴν γῆν.",,,,
Judith 12:1,JDT,Judith,12,1,ΚΑΙ ἐκέλευσεν εἰσαγαγεῖν αὐτὴν οὗ ἐτίθετο τὰ ἀργυρώματα αὐτοῦ καὶ συνέταξε καταστρῶσαι αὐτῇ ἀπὸ τῶν ὀψοποιημάτων αὐτοῦ καὶ τοῦ οἴνου αὐτοῦ πίνειν.,,,,
Judith 12:2,JDT,Judith,12,2,"καὶ εἶπεν Ἰουδίθ· οὐ φάγομαι ἐξ αὐτῶν, ἵνα μὴ γένηται σκάνδαλον, ἀλλ᾿ ἐκ τῶν ἠκολουθηκότων μοι χορηγηθήσεται.",,,,
Judith 12:3,JDT,Judith,12,3,"καὶ εἶπε πρὸς αὐτὴν Ὀλοφέρνης· ἐὰν δὲ ἐκλίπῃ τὰ ὄντα μετὰ σοῦ, πόθεν ἐξοίσομέν σοι δοῦναι ὅμοια αὐτοῖς; οὐ γάρ ἐστι μεθ᾿ ἡμῶν ἐκ τοῦ ἔθνους σου.",,,,
Judith 12:4,JDT,Judith,12,4,"καὶ εἶπεν Ἰουδὶθ πρὸς αὐτόν· ζῇ ἡ ψυχή σου, κύριέ μου, ὅτι οὐ δαπανήσει ἡ δούλη σου τὰ ὄντα μετ᾿ ἐμοῦ, ἕως ἂν ποιήσῃ Κύριος ἐν χειρί μου ἃ ἐβουλεύσατο.",,,,
Judith 12:5,JDT,Judith,12,5,"καὶ ἠγάγοσαν αὐτὴν οἱ θεράποντες Ὀλοφέρνου εἰς τὴν σκηνήν, καὶ ὕπνωσε μέχρι μεσούσης τῆς νυκτός· καὶ ἀνέστη πρὸς τὴν ἑωθινὴν φυλακήν,",,,,
Judith 12:6,JDT,Judith,12,6,καὶ ἀπέστειλε πρὸς Ὀλοφέρνην λέγουσα· ἐπιταξάτω δὴ ὁ κύριός μου ἐᾶσαι τὴν δούλην σου ἐπὶ προσευχὴν ἐξελθεῖν.,,,,
Judith 12:7,JDT,Judith,12,7,"καὶ προσέταξεν Ὀλοφέρνης τοῖς σωματοφύλαξι μὴ διακωλύειν αὐτήν. καὶ παρέμεινεν ἐν τῇ παρεμβολῇ ἡμέρας τρεῖς, καὶ ἐξεπορεύετο κατὰ νύκτα εἰς τὴν φάραγγα Βαιτυλούα καὶ ἐβαπτίζετο ἐν τῇ παρεμβολῇ ἐπὶ τῆς πηγῆς τοῦ ὕδατος·",,,,
Judith 12:8,JDT,Judith,12,8,"καὶ ὡς ἀνέβη, ἐδέετο τοῦ Κυρίου Θεοῦ Ἰσραὴλ κατευθῦναι τὴν ὁδὸν αὐτῆς εἰς ἀνάστημα τῶν υἱῶν τοῦ λαοῦ αὐτοῦ.",,,,
Judith 12:9,JDT,Judith,12,9,"καὶ εἰσπορευομένη καθαρὰ παρέμενε τῇ σκηνῇ, μέχρις οὗ προσηνέγκατο τὴν τροφὴν αὐτῆς πρὸς ἑσπέραν.",,,,
Judith 12:10,JDT,Judith,12,10,"καὶ ἐγένετο ἐν τῇ ἡμέρᾳ τῇ τετάρτῃ, ἐποίησεν Ὀλοφέρνης πότον τοῖς δούλοις αὐτοῦ μόνοις καὶ οὐκ ἐκάλεσεν εἰς τὴν χρῆσιν οὐδένα τῶν πρὸς ταῖς χρείαις.",,,,
Judith 12:11,JDT,Judith,12,11,"καὶ εἶπε Βαγώᾳ τῷ εὐνούχῳ, ὃς ἦν ἐφεστηκὼς ἐπὶ πάντων τῶν αὐτοῦ· πεῖσον δὴ πορευθεὶς τὴν γυναῖκα τὴν Ἑβραίαν ἥ ἐστι παρὰ σοί, τοῦ ἐλθεῖν πρὸς ἡμᾶς καὶ φαγεῖν καὶ πιεῖν μεθ᾿ ἡμῶν·",,,,
Judith 12:12,JDT,Judith,12,12,"ἰδοὺ γὰρ αἰσχρὸν τῷ προσώπῳ ἡμῶν, εἰ γυναῖκα τοιαύτην παρήσομεν οὐχ ὁμιλήσαντες αὐτῇ, ὅτι ἐὰν ταύτην μὴ ἐπισπασώμεθα, καταγελάσεται ἡμῶν.",,,,
Judith 12:13,JDT,Judith,12,13,"καὶ ἐξῆλθε Βαγώας ἀπὸ προσώπου Ὀλοφέρνου καὶ εἰσῆλθε πρὸς αὐτὴν καὶ εἶπε· μὴ ὀκνησάτω δὴ ἡ παιδίσκη ἡ καλὴ αὕτη ἐλθοῦσα πρὸς τὸν κύριόν μου δοξασθῆναι κατὰ πρόσωπον αὐτοῦ καὶ πιεῖν μεθ᾿ ἡμῶν εἰς εὐφροσύνην οἶνον καὶ γενηθῆναι ἐν τῇ ἡμέρᾳ ταύτῃ ὡς θυγάτηρ μία τῶν υἱῶν Ἀσσούρ, αἳ παρεστήκασιν ἐν οἴκῳ Ναβουχοδονόσορ.",,,,
Judith 12:14,JDT,Judith,12,14,"καὶ εἶπε πρὸς αὐτὸν Ἰουδίθ· καὶ τίς εἰμι ἐγὼ ἀντεροῦσα τῷ κυρίῳ μου; ὅτι πᾶν, ὃ ἔσται ἐν τοῖς ὀφθαλμοῖς αὐτοῦ ἀρεστόν, σπεύσασα ποιήσω, καὶ ἔσται τοῦτο ἀγαλλίαμα ἕως ἡμέρας θανάτου μου.",,,,
Judith 12:15,JDT,Judith,12,15,"καὶ διαναστᾶσα ἐκοσμήθη τῷ ἱματισμῷ καὶ παντὶ τῷ κόσμῳ τῷ γυναικείῳ, καὶ προσῆλθεν ἡ δούλη αὐτῆς καὶ ἔστρωσεν αὐτῇ κατέναντι Ὀλοφέρνου χαμαὶ τὰ κώδια, ἃ ἔλαβε παρὰ Βαγώου εἰς τὴν καθημερινὴν δίαιταν αὐτῆς, εἰς τὸ ἐσθίειν κατακλινομένην ἐπ᾿ αὐτῶν.",,,,
Judith 12:16,JDT,Judith,12,16,"καὶ εἰσελθοῦσα ἀνέπεσεν Ἰουδίθ, καὶ ἐξέστη ἡ καρδία Ὀλοφέρνου ἐπ᾿ αὐτήν, καὶ ἐσαλεύθη ἡ ψυχὴ αὐτοῦ, καὶ ἦν κατεπίθυμος σφόδρα τοῦ συγγενέσθαι μετ᾿ αὐτῆς· καὶ ἐτήρει καιρὸν τοῦ ἀπατῆσαι αὐτὴν ἀφ᾿ ἧς ἡμέρας εἶδεν αὐτήν.",,,,
Judith 12:17,JDT,Judith,12,17,καὶ εἶπε πρὸς αὐτὴν Ὀλοφέρνης· πίε δὴ καὶ γενήθητι μεθ᾿ ἡμῶν εἰς εὐφροσύνην.,,,,
Judith 12:18,JDT,Judith,12,18,"καὶ εἶπεν Ἰουδίθ· πίομαι δή, κύριε, ὅτι ἐμεγαλύνθη τὸ ζῆν μου ἐν ἐμοὶ σήμερον παρὰ πάσας τὰς ἡμέρας τῆς γενέσεώς μου.",,,,
Judith 12:19,JDT,Judith,12,19,καὶ λαβοῦσα ἔφαγε καὶ ἔπιε κατέναντι αὐτοῦ ἃ ἡτοίμασεν ἡ δούλη αὐτῆς.,,,,
Judith 12:20,JDT,Judith,12,20,"καὶ ηὐφράνθη Ὀλοφέρνης ἀπ᾿ αὐτῆς καὶ ἔπιεν οἶνον πολὺν σφόδρα, ὅσον οὐκ ἔπιε πώποτε ἐν ἡμέρᾳ μιᾷ ἀφ᾿ οὗ ἐγεννήθη.",,,,
Judith 13:1,JDT,Judith,13,1,"ΩΣ δὲ ὀψία ἐγένετο, ἐσπούδασαν οἱ δοῦλοι αὐτοῦ ἀναλύειν. καὶ Βαγώας συνέκλεισε τὴν σκηνὴν ἔξωθεν καὶ ἀπέκλεισε τοὺς παρεστῶτας ἐκ προσώπου τοῦ κυρίου αὐτοῦ, καὶ ἀπῴχοντο εἰς τὰς κοίτας αὐτῶν· ἦσαν γὰρ πάντες κεκοπωμένοι, διὰ τὸ ἐπὶ πλεῖον γεγονέναι τὸν πότον.",,,,
Judith 13:2,JDT,Judith,13,2,"ὑπελείφθη δὲ Ἰουδὶθ μόνη ἐν τῇ σκηνῇ, καὶ Ὀλοφέρνης προπεπτωκὼς ἐπὶ τὴν κλίνην αὐτοῦ· ἦν γὰρ περικεχυμένος αὐτῷ ὁ οἶνος.",,,,
Judith 13:3,JDT,Judith,13,3,"καὶ εἶπεν Ἰουδὶθ τῇ δούλῃ αὐτῆς στῆναι ἔξω τοῦ κοιτῶνος αὐτῆς καὶ ἐπιτηρεῖν τὴν ἔξοδον αὐτῆς· καθάπερ καθ᾿ ἡμέραν, ἐξελεύσεσθαι γὰρ ἔφη ἐπὶ τὴν προσευχὴν αὐτῆς· καὶ τῷ Βαγώᾳ ἐλάλησε κατὰ τὰ ρήματα ταῦτα.",,,,
Judith 13:4,JDT,Judith,13,4,"καὶ ἀπήλθοσαν πάντες ἐκ προσώπου, καὶ οὐδεὶς κατελείφθη ἐν τῷ κοιτῶνι ἀπὸ μικροῦ ἕως μεγάλου καὶ στᾶσα Ἰουδὶθ παρὰ τὴν κλίνην αὐτοῦ εἶπεν ἐν τῇ καρδίᾳ αὐτῆς· Κύριε ὁ Θεὸς πάσης δυνάμεως, ἐπίβλεψον ἐν τῇ ὥρᾳ ταύτῃ ἐπὶ τὰ ἔργα τῶν χειρῶν μου εἰς ὕψωμα Ἱερουσαλήμ·",,,,
Judith 13:5,JDT,Judith,13,5,"ὅτι νῦν καιρὸς ἀντιλαβέσθαι τῆς κληρονομίας σου καὶ ποιῆσαι τὸ ἐπιτήδευμά μου εἰς θραῦμα ἐχθρῶν, οἵ ἐπανέστησαν ἡμῖν.",,,,
Judith 13:6,JDT,Judith,13,6,"καὶ προσελθοῦσα τῷ κανόνι τῆς κλίνης, ὃς ἦν πρὸς κεφαλῆς Ὀλοφέρνου, καθεῖλε τὸν ἀκινάκην αὐτοῦ ἀπ᾿ αὐτοῦ",,,,
Judith 13:7,JDT,Judith,13,7,"καὶ ἐγγίσασα τῆς κλίνης ἐδράξατο τῆς κόμης τῆς κεφαλῆς αὐτοῦ καὶ εἶπε· κραταίωσόν με, ὁ Θεὸς Ἰσραήλ, ἐν τῇ ἡμέρᾳ ταύτῃ.",,,,
Judith 13:8,JDT,Judith,13,8,"καὶ ἐπάταξεν εἰς τὸν τράχηλον αὐτοῦ δὶς ἐν τῇ ἰσχύϊ αὐτῆς καὶ ἀφεῖλε τὴν κεφαλὴν αὐτοῦ ἀπ᾿ αὐτοῦ,",,,,
Judith 13:9,JDT,Judith,13,9,"καὶ ἀπεκύλισε τὸ σῶμα αὐτοῦ ἀπὸ τῆς στρωμνῆς καὶ ἀφεῖλε τὸ κωνωπεῖον ἀπὸ τῶν στύλων. καὶ μετ᾿ ὀλίγον ἐξῆλθε, καὶ παρέδωκε τῇ ἅβρᾳ αὐτῆς τὴν κεφαλὴν Ὀλοφέρνου,",,,,
Judith 13:10,JDT,Judith,13,10,καὶ ἐνέβαλεν αὐτὴν εἰς τὴν πήραν τῶν βρωμάτων αὐτῆς. καὶ ἐξῆλθον αἱ δύο ἅμα κατὰ τὸν ἐθισμὸν αὐτῶν ἐπὶ τὴν προσευχήν· καὶ διελθοῦσαι τὴν παρεμβολὴν ἐκύκλωσαν τὴν φάλαγγα ἐκείνην καὶ προσανέβησαν τὸ ὄρος Βαιτυλούα καὶ ἤλθοσαν πρὸς τὰς πύλας αὐτῆς.,,,,
Judith 13:11,JDT,Judith,13,11,"Καὶ εἶπεν Ἰουδὶθ μακρόθεν τοῖς φυλάσσουσιν ἐπὶ τῶν πυλῶν· ἀνοίξατε, ἀνοίξατε δὴ τὴν πύλην, μεθ᾿ ἡμῶν ὁ Θεὸς ὁ Θεὸς ἡμῶν ποιῆσαι ἔτι ἰσχὺν ἐν Ἰσραὴλ κατὰ κράτος κατὰ τῶν ἐχθρῶν, καθὰ καὶ σήμερον ἐποίησε.",,,,
Judith 13:12,JDT,Judith,13,12,"καὶ ἐγένετο ὡς ἤκουσαν οἱ ἄνδρες τῆς πόλεως αὐτῆς τὴν φωνὴν αὐτῆς, ἐσπούδασαν τοῦ καταβῆναι εἰς τὴν πύλην τῆς πόλεως αὐτῶν καὶ συνεκάλεσαν τοὺς πρεσβυτέρους τῆς πόλεως.",,,,
Judith 13:13,JDT,Judith,13,13,"καὶ συνέδραμον πάντες ἀπὸ μικροῦ ἕως μεγάλου, ὅτι παράδοξον ἦν αὐτοῖς τὸ ἐλθεῖν αὐτήν, καὶ ἤνοιξαν τὴν πύλην καὶ ὑπεδέξαντο αὐτὰς καὶ ἅψαντες πῦρ εἰς φαῦσιν περιεκύκλωσαν αὐτάς.",,,,
Judith 13:14,JDT,Judith,13,14,"ἡ δὲ εἶπε πρὸς αὐτοὺς φωνῇ μεγάλῃ· αἰνεῖτε τὸν Θεόν, αἰνεῖτε· αἰνεῖτε τὸν Θεόν, ὃς οὐκ ἀπέστησε τὸ ἔλεος αὐτοῦ ἀπὸ τοῦ οἴκου Ἰσραήλ, ἀλλ᾿ ἔθραυσε τοὺς ἐχθροὺς ἡμῶν διὰ χειρός μου ἐν τῇ νυκτὶ ταύτῃ.",,,,
Judith 13:15,JDT,Judith,13,15,"καὶ προελοῦσα τὴν κεφαλὴν ἐκ τῆς πήρας ἔδειξε καὶ εἶπεν αὐτοῖς· ἰδοὺ ἡ κεφαλὴ Ὀλοφέρνου ἀρχιστρατήγου δυνάμεως Ἀσσούρ, καὶ ἰδοὺ τὸ κωνωπεῖον, ἐν ᾧ κατέκειτο ἐν ταῖς μέθαις αὐτοῦ· καὶ ἐπάταξεν αὐτὸν ὁ Κύριος ἐν χειρὶ θηλείας·",,,,
Judith 13:16,JDT,Judith,13,16,"καὶ ζῇ Κύριος, ὃς διεφύλαξέ με ἐν τῇ ὁδῷ μου, ᾗ ἐπορεύθην, ὅτι ἠπάτησεν αὐτὸν τὸ πρόσωπόν μου εἰς ἀπώλειαν αὐτοῦ, καὶ οὐκ ἐποίησεν ἁμάρτημα μετ᾿ ἐμοῦ εἰς μίασμα καὶ αἰσχύνην.",,,,
Judith 13:17,JDT,Judith,13,17,"καὶ ἐξέστη πᾶς ὁ λαὸς σφόδρα καὶ κύψαντες προσεκύνησαν τῷ Θεῷ καὶ εἶπαν ὁμοθυμαδόν· εὐλογητὸς εἶ, ὁ Θεὸς ἡμῶν, ὁ ἐξουδενώσας ἐν τῇ ἡμέρᾳ τῇ σήμερον τοὺς ἐχθροὺς τοῦ λαοῦ σου.",,,,
Judith 13:18,JDT,Judith,13,18,"καὶ εἶπεν αὐτῇ Ὀζίας· εὐλογητὴ σύ, θύγατερ, τῷ Θεῷ τῷ Ὑψίστῳ παρὰ πάσας τὰς γυναῖκας τὰς ἐπὶ τῆς γῆς, καὶ εὐλογημένος Κύριος ὁ Θεός, ὃς ἔκτισε τοὺς οὐρανοὺς καὶ τὴν γῆν, ὃς κατεύθυνέ σε εἰς τραῦμα κεφαλῆς ἄρχοντος ἐχθρῶν ἡμῶν·",,,,
Judith 13:19,JDT,Judith,13,19,ὅτι οὐκ ἀποστήσεται ἡ ἐλπίς σου ἀπὸ καρδίας ἀνθρώπων μνημονευόντων ἰσχὺν Θεοῦ ἕως αἰῶνος.,,,,
Judith 13:20,JDT,Judith,13,20,"καὶ ποιήσαι σοι αὐτὰ ὁ Θεὸς εἰς ὕψος αἰώνιον τοῦ ἐπισκέψασθαί σε ἐν ἀγαθοῖς, ἀνθ᾿ ὧν οὐκ ἐφείσω τῆς ψυχῆς σου διὰ τὴν ταπείνωσιν τοῦ γένους ἡμῶν, ἀλλ᾿ ἐπεξῆλθες πτώματι ἡμῶν ἐπ᾿ εὐθεῖαν πορευθεῖσα ἐνώπιον τοῦ Θεοῦ ἡμῶν. καὶ εἶπαν πᾶς ὁ λαός· γένοιτο, γένοιτο.",,,,
Judith 14:1,JDT,Judith,14,1,"ΚΑΙ εἶπε πρὸς αὐτοὺς Ἰουδίθ· ἀκούσατε δή μου, ἀδελφοί, καὶ λαβόντες τὴν κεφαλὴν ταύτην κρεμάσατε αὐτὴν ἐπὶ τῆς ἐπάλξεως τοῦ τείχους ὑμῶν.",,,,
Judith 14:2,JDT,Judith,14,2,"καὶ ἔσται ἡνίκα ἂν διαφαύσῃ ὁ ὄρθρος καὶ ἐξέλθῃ ὁ ἥλιος ἐπὶ τὴν γῆν, ἀναλήψεσθε ἕκαστος τὰ σκεύη τὰ πολεμικὰ ὑμῶν καὶ ἐξελεύσεσθε πᾶς ἀνὴρ ἰσχύων ἔξω τῆς πόλεως καὶ δώσετε ἀρχηγὸν εἰς αὐτοὺς ὡς καταβαίνοντες ἐπὶ τὸ πεδίον εἰς τὴν προφυλακὴν υἱῶν Ἀσσούρ, καὶ οὐ καταβήσεσθε.",,,,
Judith 14:3,JDT,Judith,14,3,"καὶ ἀναλαβόντες οὗτοι τὰς πανοπλίας αὐτῶν πορεύσονται εἰς τὴν παρεμβολὴν αὐτῶν καὶ ἐγεροῦσι τοὺς στρατηγοὺς τῆς δυνάμεως Ἀσσούρ· καὶ συνδραμοῦνται ἐπὶ τὴν σκηνὴν Ὀλοφέρνου καὶ οὐχ εὑρήσουσιν αὐτόν, καὶ ἐπιπεσεῖται ἐπ᾿ αὐτουὒς φόβος, καὶ φεύξονται ἀπὸ προσώπου ὑμῶν.",,,,
Judith 14:4,JDT,Judith,14,4,"καὶ ἐπακολουθήσαντες ὑμεῖς καὶ πάντες οἱ κατοικοῦντες πᾶν ὅριον Ἰσραήλ, καταστρώσατε αὐτοὺς ἐν ταῖς ὁδοῖς αὐτῶν.",,,,
Judith 14:5,JDT,Judith,14,5,"πρὸ δὲ τοῦ ποιῆσαι ταῦτα, καλέσατέ μοι Ἀχιὼρ τὸν Ἀμανίτην, ἵνα ἰδὼν ἐπιγνῷ τὸν ἐκφαυλίσαντα τὸν οἶκον τοῦ Ἰσραὴλ καὶ αὐτὸν ὡς εἰς θάνατον ἀποστείλαντα εἰς ἡμᾶς.",,,,
Judith 14:6,JDT,Judith,14,6,"καὶ ἐκάλεσαν τὸν Ἀχιὼρ ἐκ τοῦ οἴκου Ὀζία· ὡς δὲ ἦλθε καὶ εἶδε τὴν κεφαλὴν Ὀλοφέρνου ἐν χειρὶ ἀνδρὸς ἑνὸς ἐν τῇ ἐκκλησίᾳ τοῦ λαοῦ, ἔπεσεν ἐπὶ πρόσωπον, καὶ ἐξελύθη τὸ πνεῦμα αὐτοῦ.",,,,
Judith 14:7,JDT,Judith,14,7,"ὡς δὲ ἀνέλαβον αὐτόν, προσέπεσε τοῖς ποσὶν Ἰουδὶθ καὶ προσεκύνησε τῷ προσώπῳ αὐτῆς καὶ εἶπεν· εὐλογημένη σὺ ἐν παντὶ σκηνώματι Ἰούδα καὶ ἐν παντὶ ἔθνει, οἵτινες ἀκούσαντες τὸ ὄνομά σου ταραχθήσονται·",,,,
Judith 14:8,JDT,Judith,14,8,"καὶ νῦν ἀνάγγειλόν μοι ὅσα ἐποίσας ἐν ταῖς ἡμέραις ταύταις. καὶ ἀπήγγειλεν αὐτῷ Ἰουδὶθ ἐν μέσῳ τοῦ λαοῦ πάντα, ὅσα ἦν πεποιηκυῖα, ἀφ᾿ ἧς ἡμέρας ἐξῆλθεν ἕως οὗ ἐλάλει αὐτοῖς.",,,,
Judith 14:9,JDT,Judith,14,9,"ὡς δὲ ἐπαύσατο λαλοῦσα, ἠλάλαξεν ὁ λαὸς φωνῇ μεγάλῃ καὶ ἔδωκε φωνὴν εὐφρόσυνον ἐν τῇ πόλει αὐτῶν.",,,,
Judith 14:10,JDT,Judith,14,10,"ἰδὼν δὲ Ἀχιὼρ πάντα, ὅσα ἐποίησεν ὁ Θεὸς τοῦ Ἰσραήλ, ἐπίστευσε τῷ Θεῷ σφόδρα καὶ περιετέμετο τὴν σάρκα τῆς ἀκροβυστίας αὐτοῦ καὶ προσετέθη πρὸς τὸν οἶκον Ἰσραὴλ ἕως τῆς ἡμέρας ταύτης.",,,,
Judith 14:11,JDT,Judith,14,11,"Ἡνίκα δὲ ὁ ὄρθρος ἀνέβη, καὶ ἐκρέμασαν τὴν κεφαλὴν Ὀλοφέρνου ἐκ τοῦ τείχους, καὶ ἀνέλαβε πᾶς ἀνὴρ Ἰσραὴλ τὰ ὅπλα αὐτοῦ καὶ ἐξήλθοσαν κατὰ σπείρας ἐπὶ τὰς ἀναβάσεις τοῦ ὄρους.",,,,
Judith 14:12,JDT,Judith,14,12,"οἱ δὲ υἱοὶ Ἀσσοὺρ ὡς εἶδον αὐτούς, διέπεμψαν ἐπὶ τοὺς ἡγουμένους αὐτῶν· οἱ δὲ ἦλθον ἐπὶ στρατηγοὺς καὶ χιλιάρχους καὶ ἐπὶ πάντα ἄρχοντα αὐτῶν.",,,,
Judith 14:13,JDT,Judith,14,13,"καὶ παρεγένοντο ἐπὶ τὴν σκηνὴν Ὀλοφέρνου καὶ εἶπαν τῷ ὄντι ἐπὶ πάντων τῶν αὐτοῦ· ἔγειρον δὴ τὸν κύριον ἡμῶν, ὅτι ἐτόλμησαν οἱ δοῦλοι καταβαίνειν ἐφ᾿ ἡμᾶς εἰς πόλεμον, ἵνα ἐξολοθρευθῶσιν εἰς τέλος.",,,,
Judith 14:14,JDT,Judith,14,14,καὶ εἰσῆλθε Βαγώας καὶ ἔκρουσε τὴν αὐλαίαν τῆς σκηνῆς· ὑπενοεῖτο γὰρ καθεύδειν αὐτὸν μετὰ Ἰουδίθ·,,,,
Judith 14:15,JDT,Judith,14,15,"ὡς δὲ οὐδεὶς ἐπήκουσε, διαστείλας εἰσῆλθεν εἰς τὸν κοιτῶνα καὶ εὗρεν αὐτὸν ἐπὶ τῆς χελωνίδος ἐρριμμένον νεκρόν, καὶ ἡ κεφαλὴ αὐτοῦ ἀφῃ£ρετο ἀπ᾿ αὐτοῦ.",,,,
Judith 14:16,JDT,Judith,14,16,καὶ ἐβόησε φωνῇ μεγάλῃ μετὰ κλαυθμοῦ καὶ στεναγμοῦ καὶ βοῆς ἰσχυρᾶς καὶ διέρρηξε τὰ ἱμάτια αὐτοῦ.,,,,
Judith 14:17,JDT,Judith,14,17,"καὶ εἰσῆλθεν εἰς τὴν σκηνήν, οὗ ἦν Ἰουδὶθ καταλύουσα, καὶ οὐχ εὗρεν αὐτήν· καὶ ἐξεπήδησεν εἰς τὸν λαὸν κράζων·",,,,
Judith 14:18,JDT,Judith,14,18,"ἠθέτησαν οἱ δοῦλοι, ἐποίησεν αἰσχύνην μία γυνὴ τῶν Ἑβραίων εἰς τὸν οἶκον τοῦ βασιλέως Ναβουχοδονόσορ· ὅτι ἰδοὺ Ὀλοφέρνης χαμαί, καὶ ἡ κεφαλὴ οὐκ ἔστιν ἐπ᾿ αὐτῷ.",,,,
Judith 14:19,JDT,Judith,14,19,"ὡς δὲ ἤκουσαν ταῦτα τὰ ρήματα οἱ ἄρχοντες τῆς δυνάμεως Ἀσσούρ, τοὺς χιτῶνας αὐτῶν διέρρηξαν, καὶ ἐταράχθη ἡ ψυχὴ αὐτῶν σφόδρα, καὶ ἐγένετο αὐτῶν κραυγὴ καὶ βοὴ μεγάλη σφόδρα ἐν μέσῳ τῆς παρεμβολῆς.",,,,
Judith 15:1,JDT,Judith,15,1,"ΚΑΙ ὡς ἤκουσαν οἱ ἐν τοῖς σκηνώμασιν ὄντες, ἐξέστησαν ἐπὶ τὸ γεγονός,",,,,
Judith 15:2,JDT,Judith,15,2,"καὶ ἐπέπεσεν ἐπ᾿ αὐτοὺς φόβος καὶ τρόμος, καὶ οὐκ ἦν ἄνθρωπος μένων κατὰ πρόσωπον τοῦ πλησίον ἔτι, ἀλλ᾿ ἐκχυθέντες ὁμοθυμαδὸν ἔφευγον ἐπὶ πᾶσαν ὁδὸν τοῦ πεδίου καὶ τῆς ὀρεινῆς·",,,,
Judith 15:3,JDT,Judith,15,3,"καὶ οἱ παρεμβεβληκότες ἐν τῇ ὀρεινῇ κύκλῳ Βαιτυλούα καὶ ἐτράπησαν εἰς φυγήν. καὶ τότε οἱ υἱοὶ Ἰσραήλ, πᾶς ἀνὴρ πολεμιστὴς ἐξ αὐτῶν, ἐξεχύθησαν ἐπ᾿ αὐτούς.",,,,
Judith 15:4,JDT,Judith,15,4,καὶ ἀπέστειλεν Ὀζίας εἰς Βαιτομασθαὶμ καὶ Βηβαΐ καὶ Κωλὰ καὶ εἰς πᾶν ὅριον Ἰσραὴλ τοὺς ἀπαγγέλλοντας ὑπὲρ τῶν συντετελεσμένων καὶ ἵνα πάντες ἐπεκχυθῶσι τοῖς πολεμίοις εἰς τὴν ἀναίρεσιν αὐτῶν.,,,,
Judith 15:5,JDT,Judith,15,5,"ὡς δὲ ἤκουσαν οἱ υἱοὶ Ἰσραήλ, πάντες ὁμοθυμαδὸν ἐπέπεσον ἐπ᾿ αὐτοὺς καὶ ἔκοπτον αὐτοὺς ἕως Χωβά, ὡσαύτως δὲ καὶ οἱ ἐξ Ἱερουσαλὴμ παρεγενήθησαν καὶ ἐκ πάσης τῆς ὀρεινῆς, ἀνήγγειλαν γὰρ αὐτοῖς τὰ γεγονότα τῇ παρεμβολῇ τῶν ἐχθρῶν αὐτῶν· καὶ οἱ ἐν Γαλαὰδ καὶ οἱ ἐν τῇ Γαλιλαίᾳ ὑπερεκέρασαν αὐτοὺς πληγῇ μεγάλῃ, ἕως οὗ παρῆλθον Δαμασκὸν καὶ τὰ ὅρια αὐτῆς.",,,,
Judith 15:6,JDT,Judith,15,6,οἱ δὲ λοιποὶ οἱ κατοικοῦντες Βαιτυλούα ἐπέπεσαν τῇ παρεμβολῇ Ἀσσοὺρ καὶ ἐπρονόμευσαν αὐτοὺς καὶ ἐπλούτησαν σφόδρα.,,,,
Judith 15:7,JDT,Judith,15,7,"οἱ δὲ υἱοὶ Ἰσραὴλ ἀναστρέψαντες ἀπὸ τῆς κοπῆς ἐκυρίευσαν τῶν λοιπῶν, καὶ αἱ κῶμαι καὶ αἱ ἐπαύλεις ἐν τῇ ὀρεινῇ καὶ πεδινῇ ἐκράτησαν πολλῶν λαφύρων, ἦν γὰρ πλῆθος πολὺ σφόδρα.",,,,
Judith 15:8,JDT,Judith,15,8,"καὶ Ἰωακὶμ ὁ ἱερεὺς ὁ μέγας καὶ ἡ γερουσία τῶν υἱῶν Ἰσραὴλ οἱ κατοικοῦντες ἐν Ἱερουσαλὴμ ἦλθον τοῦ θεάσασθαι τὰ ἀγαθά, ἃ ἐποίησε Κύριος τῷ Ἰσραήλ, καὶ τοῦ ἰδεῖν τὴν Ἰουδὶθ καὶ λαλῆσαι μετ᾿ αὐτῆς εἰρήνην.",,,,
Judith 15:9,JDT,Judith,15,9,"ὡς δὲ εἰσῆλθον πρὸς αὐτήν, εὐλόγησαν αὐτὴν πάντες ὁμοθυμαδὸν καὶ εἶπαν πρὸς αὐτήν· σὺ ὕψωμα Ἰσραήλ, σὺ γαυρίαμα μέγα τοῦ Ἰσραήλ, σὺ καύχημα μέγα τοῦ γένους ἡμῶν·",,,,
Judith 15:10,JDT,Judith,15,10,"ἐποίησας πάντα ταῦτα ἐν χειρί σου, ἐποίησας τὰ ἀγαθὰ μετὰ Ἰσραήλ, καὶ εὐδόκησεν ἐπ᾿ αὐτοῖς ὁ Θεός· εὐλογημένη γίνου παρὰ τῷ παντοκράτορι Κυρίῳ εἰς τὸν αἰῶνα χρόνον. καὶ εἶπε ὁ λαός· γένοιτο",,,,
Judith 15:11,JDT,Judith,15,11,καὶ ἐλαφύρευσε πᾶς ὁ λαὸς τὴν παρεμβολὴν ἐφ᾿ ἡμέρας τριάκοντα· καὶ ἔδωκαν τῇ Ἰουδὶθ τὴν σκηνὴν Ὀλοφέρνου καὶ πάντα τὰ ἀργυρώματα καὶ τὰς κλίνας καὶ τὰ ὅλκια καὶ πάντα τὰ σκευάσματα αὐτοῦ. καὶ λαβοῦσα αὕτη ἐπέθηκεν ἐπὶ τὴν ἡμίονον αὐτῆς καὶ ἔζευξε τὰς ἁμάξας αὐτῆς καὶ ἐσώρευσεν αὐτὰ ἐπ᾿ αὐτῶν.,,,,
Judith 15:12,JDT,Judith,15,12,"καὶ συνέδραμε πᾶσα γυνὴ Ἰσραὴλ τοῦ ἰδεῖν αὐτὴν καὶ εὐλόγησαν αὐτὴν καὶ ἐποίησαν αὐτῇ χορὸν ἐξ αὐτῶν, καὶ ἔλαβε θύρσους ἐν ταῖς χερσὶν αὐτῆς καὶ ἔδωκε ταῖς γυναιξὶ ταῖς μετ᾿ αὐτῆς.",,,,
Judith 15:13,JDT,Judith,15,13,"καὶ ἐστεφανώσαντο τὴν ἐλαίαν, αὐτὴ καὶ αἱ μετ᾿ αὐτῆς, καὶ προῆλθε παντὸς τοῦ λαοῦ ἐν χορείᾳ ἡγουμένη πασῶν τῶν γυναικῶν, καὶ ἠκολούθει πᾶς ἀνὴρ Ἰσραὴλ ἐνωπλισμένοι μετὰ στεφάνων καὶ ὕμνων ἐν τῷ στόματι αὐτῶν.",,,,
Judith 15:14,JDT,Judith,15,14,"καὶ ἐξῆρχεν Ἰουδὶθ τὴν ἐξομολόγησιν ταύτην ἐν παντὶ Ἰσραήλ, καὶ ὑπεφώνει πᾶς ὁ λαὸς τὴν αἴνεσιν ταύτην.",,,,
Judith 16:1,JDT,Judith,16,1,"ΚΑΙ εἶπεν Ἰουδίθ· Ἐξάρχετε τῷ Θεῷ μου ἐν τυμπάνοις, ᾄσατε τῷ Κυρίῳ μου ἐν κυμβάλοις, ἐναρμόσασθε αὐτῷ ψαλμὸν καινόν, ὑψοῦτε καὶ ἐπικαλέσασθε τὸ ὄνομα αὐτοῦ,",,,,
Judith 16:2,JDT,Judith,16,2,"ὅτι Θεὸς συντρίβων πολέμους Κύριος, ὅτι εἰς παρεμβολὰς αὐτοῦ μέσῳ λαοῦ ἐξείλατό με ἐκ χειρὸς τῶν καταδιωκόντων με.",,,,
Judith 16:3,JDT,Judith,16,3,"ἦλθεν Ἀσσοὺρ ἐξ ὀρέων ἀπὸ βορρᾶ, ἦλθεν ἐν μυριάσι δυνάμεως αὐτοῦ, ὧν τὸ πλῆθος αὐτῶν ἐνέφραξε χειμάρρους, καὶ ἡ ἵππος αὐτῶν ἐκάλυψε βουνούς.",,,,
Judith 16:4,JDT,Judith,16,4,εἶπεν ἐμπρήσειν τὰ ὅριά μου καὶ τοὺς νεανίσκους μου ἀνελεῖν ἐν ρομφαίᾳ καὶ τὰ θηλάζοντά μου θήσειν εἰς ἔδαφος καὶ τὰ νήπιά μου δώσειν εἰς προνομὴν καὶ τὰς παρθένους μου σκυλεῦσαι.,,,,
Judith 16:5,JDT,Judith,16,5,Κύριος παντοκράτωρ ἠθέτησεν αὐτοὺς ἐν χειρὶ θηλείας.,,,,
Judith 16:6,JDT,Judith,16,6,"οὐ γὰρ ὑπέπεσεν ὁ δυνατὸς αὐτῶν ὑπὸ νεανίσκων, οὐδὲ υἱοὶ τιτάνων ἐπάταξαν αὐτόν, οὐδὲ ὑψηλοὶ γίγαντες ἐπέθεντο αὐτῷ, ἀλλὰ Ἰουδὶθ θυγάτηρ Μεραρὶ ἐν κάλλει προσώπου αὐτῆς παρέλυσεν αὐτόν·",,,,
Judith 16:7,JDT,Judith,16,7,"ἐξεδύσατο γὰρ στολὴν χηρεύσεως αὐτῆς εἰς ὕψος τῶν πονούντων ἐν Ἰσραήλ, ἠλείψατο τὸ πρόσωπον αὐτῆς ἐν μυρισμῷ",,,,
Judith 16:8,JDT,Judith,16,8,καὶ ἐδήσατο τὰς τρίχας αὐτῆς ἐν μίτρᾳ καὶ ἔλαβε στολὴν λινῆν εἰς ἀπάτην αὐτοῦ·,,,,
Judith 16:9,JDT,Judith,16,9,"τὸ σανδάλιον αὐτῆς ἥρπασεν ὀφθαλμὸν αὐτοῦ, καὶ τὸ κάλλος αὐτῆς ᾐχμαλώτισε ψυχὴν αὐτοῦ, διῆλθεν ὁ ἀκινάκης τὸν τράχηλον αὐτοῦ.",,,,
Judith 16:10,JDT,Judith,16,10,"ἔφριξαν Πέρσαι τὴν τόλμαν αὐτῆς, καὶ Μῆδοι τὸ θράσος αὐτῆς ἐρράχθησαν.",,,,
Judith 16:11,JDT,Judith,16,11,"τότε ἠλάλαξαν οἱ ταπεινοί μου, καὶ ἐφοβήθησαν οἱ ἀσθενοῦντές μου καὶ ἐπτοήθησαν, ὕψωσαν τὴν φωνὴν αὐτῶν καὶ ἀνετράπησαν.",,,,
Judith 16:12,JDT,Judith,16,12,"υἱοὶ κορασίων κατεκέντησαν αὐτοὺς καὶ ὡς παῖδας αὐτομολούντων ἐτίτρωσκον αὐτούς, ἀπώλοντο ἐκ παρατάξεως Κυρίου μου.",,,,
Judith 16:13,JDT,Judith,16,13,"ὑμνήσω τῷ Θεῷ μου ὕμνον καινόν· Κύριε, μέγας εἶ καὶ ἔνδοξος, θαυμαστὸς ἐν ἰσχύϊ, ἀνυπέρβλητος.",,,,
Judith 16:14,JDT,Judith,16,14,"σοὶ δουλευσάτω πᾶσα ἡ κτίσις σου· ὅτι εἶπας, καὶ ἐγενήθησαν, ἀπέστειλας τὸ πνεῦμά σου, καὶ ᾠκοδόμησε· καὶ οὐκ ἔστιν ὃς ἀντιστήσεται τῇ φωνῇ σου.",,,,
Judith 16:15,JDT,Judith,16,15,"ὄρη γὰρ ἐκ θεμελίων σὺν ὕδασι σαλευθήσεται, πέτραι δὲ ἀπὸ προσώπου σου ὡς κηρὸς τακήσονται, ἔτι δὲ τοῖς φοβουμένοις σε, σὺ εὐιλατεύεις αὐτοῖς.",,,,
Judith 16:16,JDT,Judith,16,16,"ὅτι μικρὸν πᾶσα θυσία εἰς ὀσμὴν εὐωδίας, καὶ ἐλάχιστον πᾶν στέαρ εἰς ὁλοκαύτωμά σοι· ὁ δὲ φοβούμενος τὸν Κύριον μέγας διαπαντός.",,,,
Judith 16:17,JDT,Judith,16,17,"οὐαὶ ἔθνεσιν ἐπανισταμένοις τῷ γένει μου· Κύριος παντοκράτωρ ἐκδικήσει αὐτοὺς ἐν ἡμέρᾳ κρίσεως δοῦναι πῦρ καὶ σκώληκας εἰς σάρκας αὐτῶν, καὶ κλαύσονται ἐν αἰσθήσει ἕως αἰῶνος.",,,,
Judith 16:18,JDT,Judith,16,18,"Ὡς δὲ ἤλθοσαν εἰς Ἱερουσαλήμ, προσεκύνησαν τῷ Θεῷ. καὶ ἡνίκα ἐκαθαρίσθη ὁ λαός, ἀνήνεγκαν τὰ ὁλοκαυτώματα αὐτῶν καὶ τὰ ἑκούσια αὐτῶν καὶ τὰ δόματα.",,,,
Judith 16:19,JDT,Judith,16,19,"καὶ ἀνέθηκεν Ἰουδὶθ πάντα τὰ σκεύη Ὀλοφέρνου, ὅσα ἔδωκεν ὁ λαὸς αὐτῇ, καὶ τὸ κωνωπεῖον, ὃ ἔλαβεν αὕτη ἐκ τοῦ κοιτῶνος αὐτοῦ, ὡς ἀνάθημα τῷ Θεῷ ἔδωκε.",,,,
Judith 16:20,JDT,Judith,16,20,"καὶ ἦν ὁ λαὸς εὐφραινόμενος ἐν Ἱερουσαλὴμ κατὰ πρόσωπον τῶν ἁγίων ἐπὶ μῆνας τρεῖς, καὶ Ἰουδὶθ μετ᾿ αὐτῶν κατέμεινε.",,,,
Judith 16:21,JDT,Judith,16,21,"Μετὰ δὲ τὰς ἡμέρας ταύτας ἀνέζευξεν ἕκαστος εἰς τὴν κληρονομίαν αὐτοῦ, καὶ Ἰουδὶθ ἀπῆλθεν εἰς Βαιτυλούα καὶ κατέμεινεν ἐπὶ τῆς ὑπάρξεως αὐτῆς· καὶ ἐγένετο κατὰ τὸν καιρὸν αὐτῆς ἔνδοξος ἐν πάσῃ τῇ γῇ.",,,,
Judith 16:22,JDT,Judith,16,22,"καὶ πολλοὶ ἐπεθύμησαν αὐτήν, καὶ οὐκ ἔγνω ἀνὴρ αὐτὴν πάσας τὰς ἡμέρας τῆς ζωῆς αὐτῆς, ἀφ᾿ ἧς ἡμέρας ἀπέθανε Μανασσῆς ὁ ἀνὴρ αὐτῆς, καὶ προσετέθη πρὸς τὸν λαὸν αὐτοῦ.",,,,
Judith 16:23,JDT,Judith,16,23,"καὶ ἦν προβαίνουσα μεγάλη σφόδρα καὶ ἐγήρασεν ἐν τῷ οἴκῳ τοῦ ἀνδρὸς αὐτῆς ἔτη ἑκατὸν πέντε· καὶ ἀφῆκε τὴν ἅβραν αὐτῆς ἐλευθέραν. καὶ ἀπέθανεν εἰς Βαιτυλούα, καὶ ἔθαψαν αὐτὴν ἐν τῷ σπηλαίῳ τοῦ ἀνδρὸς αὐτῆς Μανασσῆ,",,,,
Judith 16:24,JDT,Judith,16,24,καὶ ἐπένθησεν αὐτὴν οἶκος Ἰσραὴλ ἡμέρας ἑπτά. καὶ διεῖλε τὰ ὑπάρχοντα αὐτῆς πρὸ τοῦ ἀποθανεῖν αὐτὴν πᾶσι τοῖς ἔγγιστα Μανασσῆ τοῦ ἀνδρὸς αὐτῆς καὶ τοῖς ἔγγιστα τοῦ γένους αὐτῆς.,,,,
Judith 16:25,JDT,Judith,16,25,καὶ οὐκ ἦν ἔτι ὁ ἐκφοβῶν τοὺς υἱοὺς Ἰσραὴλ ἐν ταῖς ἡμέραις Ἰουδὶθ καὶ μετὰ τὸ ἀποθανεῖν αὐτὴν ἡμέρας πολλάς.,,,,
Greek Esther 1:1α,ESG,Greek Esther,1,1α,"ΕΤΟΥΣ δευτέρου βασιλεύοντος Ἀρταξέρξου τοῦ μεγάλου βασιλέως τῇ μιᾷ τοῦ Νισάν, ἐνύπνιον εἶδε Μαρδοχαῖος ὁ τοῦ Ἰαΐρου, τοῦ Σεμεΐου, τοῦ Κισσαίου, ἐκ φυλῆς Βενιαμίν,",,,,
Greek Esther 1:1β,ESG,Greek Esther,1,1β,"ἄνθρωπος Ἰουδαῖος οἰκῶν ἐν Σούσοις τῇ πόλει, ἄνθρωπος μέγας, θεραπεύων ἐν τῇ αὐλῇ τοῦ βασιλέως.",,,,
Greek Esther 1:1γ,ESG,Greek Esther,1,1γ,"ἦν δὲ ἐκ τῆς αἰχμαλωσίας, ἧς ᾐχμαλώτευσε Ναβουχοδονόσορ βασιλεὺς Βαβυλῶνος ἐξ Ἱερουσαλὴμ μετὰ Ἰεχονίου τοῦ βασιλέως τῆς Ἰουδαίας.",,,,
Greek Esther 1:1δ,ESG,Greek Esther,1,1δ,"καὶ τοῦτο αὐτοῦ τὸ ἐνύπνιον· καὶ ἰδοὺ φωναὶ καὶ θόρυβος, βρονταὶ καὶ σεισμός, τάραχος ἐπὶ τῆς γῆς.",,,,
Greek Esther 1:1ε,ESG,Greek Esther,1,1ε,"καὶ ἰδοὺ δύο δράκοντες μεγάλοι ἕτοιμοι προῆλθον ἀμφότεροι παλαίειν, καὶ ἐγένετο αὐτῶν φωνὴ μεγάλη·",,,,
Greek Esther 1:1ζ,ESG,Greek Esther,1,1ζ,"καὶ τῇ φωνῇ αὐτῶν ἡτοιμάσθη πᾶν ἔθνος εἰς πόλεμον, ὥστε πολεμῆσαι δικαίων ἔθνος.",,,,
Greek Esther 1:1η,ESG,Greek Esther,1,1η,"καὶ ἰδοὺ ἡμέρα σκότος καὶ γνόφου, θλῖψις καὶ στενοχωρία, κάκωσις καὶ τάραχος μέγας ἐπὶ τῆς γῆς·",,,,
Greek Esther 1:1θ,ESG,Greek Esther,1,1θ,καὶ ἐταράχθη πᾶν ἔθνος δίκαιον φοβούμενοι τὰ ἑαυτῶν κακὰ καὶ ἡτοιμάσθησαν ἀπολέσθαι καὶ ἐβόησαν πρὸς τὸν Θεόν.,,,,
Greek Esther 1:1ι,ESG,Greek Esther,1,1ι,"ἀπὸ δὲ τῆς βοῆς αὐτῶν ἐγένετο ὡσανεὶ ἀπὸ μικρᾶς πηγῆς ποταμὸς μέγας, ὕδωρ πολύ·",,,,
Greek Esther 1:1κ,ESG,Greek Esther,1,1κ,"καὶ φῶς καὶ ἥλιος ἀνέτειλε, καὶ οἱ ταπεινοὶ ὑψώθησαν καὶ κατέφαγον τοὺς ἐνδόξους.",,,,
Greek Esther 1:1λ,ESG,Greek Esther,1,1λ,"καὶ διεγερθεὶς Μαρδοχαῖος ὁ ἑωρακὼς τὸ ἐνύπνιον τοῦτο καὶ τί ὁ Θεὸς βεβούλευται ποιῆσαι, εἶχεν αὐτὸ ἐν τῇ καρδίᾳ καὶ ἐν παντὶ λόγῳ ἤθελεν ἐπιγνῶναι αὐτὸ ἕως τῆς νυκτός.",,,,
Greek Esther 1:1μ,ESG,Greek Esther,1,1μ,καὶ ἡσύχασε Μαρδοχαῖος ἐν τῇ αὐλῇ μετὰ Γαβαθὰ καὶ Θάρα τῶν δύο εὐνούχων τοῦ βασιλέως τῶν φυλασσόντων τὴν αὐλὴν,,,,
Greek Esther 1:1ν,ESG,Greek Esther,1,1ν,"ἤκουσέ τε αὐτῶν τοὺς λογισμοὺς καὶ τὰς μερίμνας αὐτῶν ἐξηρεύνησε καὶ ἔμαθεν, ὅτι ἑτοιμάζουσι τὰς χεῖρας ἐπιβαλεῖν Ἀρταξέρξῃ τῷ βασιλεῖ, καὶ ὑπέδειξε τῷ βασιλεῖ περὶ αὐτῶν.",,,,
Greek Esther 1:1ξ,ESG,Greek Esther,1,1ξ,"καὶ ἐξήτασεν ὁ βασιλεὺς τοὺς δύο εὐνούχους, καὶ ὁμολογήσαντες ἀπήχθησαν.",,,,
Greek Esther 1:1ο,ESG,Greek Esther,1,1ο,"καὶ ἔγραψεν ὁ βασιλεὺς τοὺς λόγους τούτους εἰς μνημόσυνον, καὶ Μαρδοχαῖος ἔγραψεν περὶ τῶν λόγων τούτων.",,,,
Greek Esther 1:1π,ESG,Greek Esther,1,1π,καὶ ἐπέταξεν ὁ βασιλεὺς Μαρδοχαίῳ θεραπεύειν ἐν τῇ αὐλῇ καὶ ἔδωκεν αὐτῷ δόματα περὶ τούτων.,,,,
Greek Esther 1:1ρ,ESG,Greek Esther,1,1ρ,καὶ ἦν Ἀμὰν Ἀμαδάθου Βουγαῖος ἔνδοξος ἐνώπιον τοῦ βασιλέως· καὶ ἐζήτησε κακοποιῆσαι τὸν Μαρδοχαῖον καὶ τὸν λαὸν αὐτοῦ ὑπὲρ τῶν δύο εὐνούχων τοῦ βασιλέως.,,,,
Greek Esther 1:1,ESG,Greek Esther,1,1,Καὶ ἐγένετο μετὰ τοὺς λόγους τούτους ἐν ταῖς ἡμέραις Ἀρταξέρξου οὗτος ὁ Ἀρταξέρξης ἀπὸ τῆς Ἰνδικῆς ἑκατὸν εἰκοσιεπτὰ χωρῶν ἐκράτησεν,,,,
Greek Esther 1:2,ESG,Greek Esther,1,2,"ἐν αὐταῖς ταῖς ἡμέραις ὅτε ἐθρονίσθη βασιλεὺς Ἀρταξέρξης ἐν Σούσοις τῇ πόλει,",,,,
Greek Esther 1:3,ESG,Greek Esther,1,3,"ἐν τῷ τρίτῳ ἔτει βασιλεύοντος αὐτοῦ, δοχὴν ἐποίησε τοῖς φίλοις καὶ τοῖς λοιποῖς ἔθνεσι καὶ τοῖς Περσῶν καὶ Μήδων ἐνδόξοις καὶ τοῖς ἄρχουσι τῶν σατραπῶν.",,,,
Greek Esther 1:4,ESG,Greek Esther,1,4,"καὶ μετὰ ταῦτα μετὰ τὸ δεῖξαι αὐτοῖς τὸν πλοῦτον τῆς βασιλείας αὐτοῦ καὶ τὴν δόξαν τῆς εὐφροσύνης τοῦ πλούτου αὐτοῦ ἐν ἡμέραις ἑκατὸν ὀγδοήκοντα,",,,,
Greek Esther 1:5,ESG,Greek Esther,1,5,"ὅτε δὲ ἀνεπληρώθησαν αἱ ἡμέραι τοῦ γάμου, ἐποίησεν ὁ βασιλεὺς πότον τοῖς ἔθνεσι τοῖς εὑρεθεῖσιν εἰς τὴν πόλιν ἐπὶ ἡμέρας ἓξ ἐν αὐλῇ οἴκου τοῦ βασιλέως",,,,
Greek Esther 1:6,ESG,Greek Esther,1,6,"κεκοσμημένῃ βυσσίνοις καὶ καρπασίνοις τεταμένοις ἐπὶ σχοινίοις βυσσίνοις καὶ πορφυροῖς, ἐπὶ κύβοις χρυσοῖς καὶ ἀργυροῖς, ἐπὶ στύλοις παρίνοις καὶ λιθίνοις· κλῖναι χρυσαῖ καὶ ἀργυραῖ ἐπὶ λιθοστρώτου σμαραγδίτου λίθου καὶ πιννίνου καὶ παρίνου λίθου καὶ στρώμναι διαφανεῖς ποικίλως διηνθισμέναι, κύκλῳ ρόδα πεπασμένα·",,,,
Greek Esther 1:7,ESG,Greek Esther,1,7,"ποτήρια χρυσᾶ καὶ ἀργυρᾶ καὶ ἀνθράκινον κυλίκιον προκείμενον ἀπὸ ταλάντων τρισμυρίων· οἶνος πολὺς καὶ ἡδύς, ὃν αὐτὸς ὁ βασιλεὺς ἔπινεν.",,,,
Greek Esther 1:8,ESG,Greek Esther,1,8,"ὁ δὲ πότος οὗτος οὐ κατὰ προκείμενον νόμον ἐγένετο, οὕτως δὲ ἠθέλησεν ὁ βασιλεὺς καὶ ἐπέταξε τοῖς οἰκονόμοις ποιῆσαι τὸ θέλημα αὐτοῦ καὶ τῶν ἀνθρώπων.",,,,
Greek Esther 1:9,ESG,Greek Esther,1,9,"καὶ Ἀστὶν ἡ βασίλισσα ἐποίησε πότον ταῖς γυναιξὶν ἐν τοῖς βασιλείοις, ὅπου ὁ βασιλεὺς Ἀρταξέρξης,",,,,
Greek Esther 1:10,ESG,Greek Esther,1,10,"ἐν δὲ τῇ ἡμέρᾳ τῇ ἑβδόμῃ ἡδέως γενόμενος ὁ βασιλεὺς εἶπε τῷ Ἀμὰν καὶ Βαζὰν καὶ Θάρᾳ καὶ Βαραζὶ καὶ Ζαθολθὰ καὶ Ἀβαταζὰ καὶ Θαραβά, τοῖς ἑπτὰ εὐνούχοις τοῖς διακόνοις τοῦ βασιλέως Ἀρταξέρξου,",,,,
Greek Esther 1:11,ESG,Greek Esther,1,11,"εἰσαγαγεῖν τὴν βασίλισσαν πρὸς αὐτόν, βασιλεύειν αὐτὴν καὶ περιθεῖναι αὐτῇ τὸ διάδημα καὶ δεῖξαι τοῖς ἄρχουσι καὶ τοῖς ἔθνεσι τὸ κάλλος αὐτῆς, ὅτι καλὴ ἦν.",,,,
Greek Esther 1:12,ESG,Greek Esther,1,12,καὶ οὐκ εἰσήκουσεν αὐτοῦ Ἀστὶν ἡ βασίλισσα ἐλθεῖν μετὰ τῶν εὐνούχων. καὶ ἐλυπήθη ὁ βασιλεὺς καὶ ὠργίσθη,,,,
Greek Esther 1:13,ESG,Greek Esther,1,13,"καὶ εἶπε τοῖς φίλοις αὐτοῦ· κατὰ ταῦτα ἐλάλησεν Ἀστίν, ποιήσατε οὖν περὶ τούτου νόμον καὶ κρίσιν.",,,,
Greek Esther 1:14,ESG,Greek Esther,1,14,"καὶ προσῆλθεν αὐτῷ Ἀρκεσαῖος καὶ Σαρσαθαῖος καὶ Μαλησεὰρ οἱ ἄρχοντες Περσῶν καὶ Μήδων, οἱ ἐγγὺς τοῦ βασιλέως, οἱ πρῶτοι παρακαθήμενοι τῷ βασιλεῖ,",,,,
Greek Esther 1:15,ESG,Greek Esther,1,15,"καὶ ἀπήγγειλαν αὐτῷ κατὰ τοὺς νόμους, ὡς δεῖ ποιῆσαι Ἀστὶν τῇ βασιλίσσῃ, ὅτι οὐκ ἐποίησε τὰ ὑπὸ τοῦ βασιλέως προσταχθέντα διὰ τῶν εὐνούχων.",,,,
Greek Esther 1:16,ESG,Greek Esther,1,16,"καὶ εἶπεν ὁ Μουχαῖος πρὸς τὸν βασιλέα καὶ τοὺς ἄρχοντας· οὐ τὸν βασιλέα μόνον ἠδίκησεν Ἀστὶν ἡ βασίλισσα, ἀλλὰ καὶ πάντας τοὺς ἄρχοντας καὶ τοὺς ἡγουμένους τοῦ βασιλέως",,,,
Greek Esther 1:17,ESG,Greek Esther,1,17,"(καὶ γὰρ διηγήσατο αὐτοῖς τὰ ρήματα τῆς βασιλίσσης καὶ ὡς ἀντεῖπε τῷ βασιλεῖ). ὡς οὖν ἀντεῖπε τῷ βασιλεῖ Ἀρταξέρξῃ,",,,,
Greek Esther 1:18,ESG,Greek Esther,1,18,"οὕτω σήμερον αἱ τυραννίδες αἱ λοιπαὶ τῶν ἀρχόντων Περσῶν καὶ Μήδων ἀκούσασαι τὰ τῷ βασιλεῖ λεχθέντα ὑπ᾿ αὐτῆς, τολμήσουσιν ὁμοίως ἀτιμάσαι τοὺς ἄνδρας αὐτῶν.",,,,
Greek Esther 1:19,ESG,Greek Esther,1,19,"εἰ οὖν δοκεῖ τῷ βασιλεῖ, προσταξάτω βασιλικόν, καὶ γραφήτω κατὰ τοὺς νόμους Μήδων καὶ Περσῶν· καὶ μὴ ἄλλως χρησάσθω, μηδὲ εἰσελθέτω ἔτι ἡ βασίλισσα πρὸς αὐτόν, καὶ τὴν βασιλείαν αὐτῆς δότω ὁ βασιλεὺς γυναικὶ κρείττονι αὐτῆς.",,,,
Greek Esther 1:20,ESG,Greek Esther,1,20,"καὶ ἀκουσθήτω ὁ νόμος ὁ ὑπὸ τοῦ βασιλέως, ὃν ἐὰν ποιῇ ἐν τῇ βασιλείᾳ αὐτοῦ, καὶ οὕτω πᾶσαι αἱ γυναῖκες περιθήσουσι τιμὴν τοῖς ἀνδράσιν ἑαυτῶν, ἀπὸ πτωχοῦ ἕως πλουσίου.",,,,
Greek Esther 1:21,ESG,Greek Esther,1,21,"καὶ ἤρεσεν ὁ λόγος τῷ βασιλεῖ καὶ τοῖς ἄρχουσι, καὶ ἐποίησεν ὁ βασιλεὺς καθὰ ἐλάλησεν ὁ Μουχαῖος·",,,,
Greek Esther 1:22,ESG,Greek Esther,1,22,"καὶ ἀπέστειλεν εἰς πᾶσαν τὴν βασιλείαν κατὰ χώραν, κατὰ τὴν λέξιν αὐτῶν, ὥστε εἶναι φόβον αὐτοῖς ἐν ταῖς οἰκίαις αὐτῶν.",,,,
Greek Esther 2:1,ESG,Greek Esther,2,1,"ΚΑΙ μετὰ τοὺς λόγους τούτους ἐκόπασεν ὁ βασιλεὺς τοῦ θυμοῦ καὶ οὐκέτι ἐμνήσθη τῆς Ἀστίν, μνημονεύων οἷα ἐλάλησε καὶ ὡς κατέκρινεν αὐτήν.",,,,
Greek Esther 2:2,ESG,Greek Esther,2,2,καὶ εἶπαν οἱ διάκονοι τοῦ βασιλέως· ζητηθήτω τῷ βασιλεῖ κοράσια ἄφθορα καλὰ τῷ εἴδει·,,,,
Greek Esther 2:3,ESG,Greek Esther,2,3,"καὶ καταστήσει ὁ βασιλεὺς κωμάρχας ἐν πάσαις ταῖς χώραις τῆς βασιλείας αὐτοῦ, καὶ ἐπιλεξάτωσαν κοράσια παρθενικὰ καλὰ τῷ εἴδει εἰς Σοῦσαν τὴν πόλιν εἰς τὸν γυναικῶνα· καὶ παραδοθήτωσαν τῷ εὐνούχῳ τοῦ βασιλέως τῷ φύλακι τῶν γυναικῶν, καὶ δοθήτω σμῆγμα καὶ ἡ λοιπὴ ἐπιμέλεια·",,,,
Greek Esther 2:4,ESG,Greek Esther,2,4,"καὶ ἡ γυνή, ἣ ἂν ἀρέσῃ τῷ βασιλεῖ, βασιλεύσει ἀντὶ Ἀστίν. καὶ ἤρεσε τῷ βασιλεῖ τὸ πρᾶγμα, καὶ ἐποίησεν οὕτως.",,,,
Greek Esther 2:5,ESG,Greek Esther,2,5,"καὶ ἄνθρωπος ἦν Ἰουδαῖος ἐν Σούσοις τῇ πόλει, καὶ ὄνομα αὐτοῦ Μαρδοχαῖος ὁ τοῦ Ἰαΐρου, τοῦ Σεμεΐου, τοῦ Κισσαίου, ἐκ φυλῆς Βενιαμίν,",,,,
Greek Esther 2:6,ESG,Greek Esther,2,6,"ὃς ἦν αἰχμάλωτος ἐξ Ἱερουσαλήμ, ἣν ᾐχμαλώτευσε Ναβουχοδονόσορ βασιλεὺς Βαβυλῶνος.",,,,
Greek Esther 2:7,ESG,Greek Esther,2,7,"καὶ ἦν τούτῳ παῖς θρεπτή, θυγάτηρ Ἀμιναδὰβ ἀδελφοῦ πατρὸς αὐτοῦ, καὶ ὄνομα αὐτῇ Ἐσθήρ· ἐν δὲ τῷ μεταλλάξαι αὐτῆς τοὺς γονεῖς ἐπαίδευσεν αὐτὴν ἑαυτῷ εἰς γυναῖκα· καὶ ἦν τὸ κοράσιον καλὸν τῷ εἴδει.",,,,
Greek Esther 2:8,ESG,Greek Esther,2,8,"καὶ ὅτε ἠκούσθη τὸ τοῦ βασιλέως πρόσταγμα, συνήχθησαν πολλὰ κοράσια εἰς Σοῦσαν τὴν πόλιν ὑπὸ χεῖρα Γαΐ, καὶ ἤχθη Ἐσθὴρ πρὸς Γαΐ τὸν φύλακα τῶν γυναικῶν.",,,,
Greek Esther 2:9,ESG,Greek Esther,2,9,καὶ ἤρεσεν αὐτῷ τὸ κοράσιον καὶ εὗρε χάριν ἐνώπιον αὐτοῦ· καὶ ἔσπευσε δοῦναι αὐτῇ τὸ σμῆγμα καὶ τὴν μερίδα καὶ τὰ ἑπτὰ κοράσια τὰ ὑποδεδειγμένα αὐτῇ ἐκ βασιλικοῦ καὶ ἐχρήσατο αὐτῇ καλῶς καὶ ταῖς ἅβραις αὐτῆς ἐν τῷ γυναικῶνι.,,,,
Greek Esther 2:10,ESG,Greek Esther,2,10,καὶ οὐχ ὑπέδειξε Ἐσθὴρ τὸ γένος αὐτῆς οὐδὲ τὴν πατρίδα· ὁ γὰρ Μαρδοχαῖος ἐνετείλατο αὐτῇ μὴ ἀπαγγεῖλαι·,,,,
Greek Esther 2:11,ESG,Greek Esther,2,11,καθ' ἑκάστην δὲ ἡμέραν περιεπάτει ὁ Μαρδοχαῖος κατὰ τὴν αὐλὴν τὴν γυναικείαν ἐπισκοπῶν τί Ἐσθὴρ συμβήσεται.,,,,
Greek Esther 2:12,ESG,Greek Esther,2,12,"οὗτος δὲ ἦν καιρὸς κορασίου εἰσελθεῖν πρὸς τὸν βασιλέα, ὅταν ἀναπληρώσῃ μῆνας δεκαδύο· οὕτως γὰρ αναπληροῦνται αἱ ἡμέραι τῆς θεραπείας, μῆνας ἓξ ἀλειφόμεναι ἐν σμυρνίνῳ ἐλαίῳ καὶ μῆνας ἓξ ἐν τοῖς ἀρώμασι καὶ ἐν τοῖς σμήγμασι τῶν γυναικῶν,",,,,
Greek Esther 2:13,ESG,Greek Esther,2,13,"καὶ τότε εἰσπορεύεται πρὸς τὸν βασιλέα. καὶ ᾧ ἐὰν εἴπῃ, παραδώσει αὐτὴν συνεισέρχεσθαι αὐτῷ ἀπὸ τοῦ γυναικῶνος ἕως τῶν βασιλείων.",,,,
Greek Esther 2:14,ESG,Greek Esther,2,14,"δείλης εἰσπορεύεται καὶ πρὸς ἡμέραν ἀποτρέχει εἰς τὸν γυναικῶνα τὸν δεύτερον, οὗ Γαΐ ὁ εὐνοῦχος τοῦ βασιλέως ὁ φύλαξ τῶν γυναικῶν, καὶ οὐκέτι εἰσπορεύεται πρὸς τὸν βασιλέα, ἐὰν μὴ κληθῇ ὀνόματι.",,,,
Greek Esther 2:15,ESG,Greek Esther,2,15,"ἐν δὲ τῷ ἀναπληροῦσθαι τὸν χρόνον Ἐσθὴρ τῆς θυγατρὸς Ἀμιναδὰβ ἀδελφοῦ πατρὸς Μαρδοχαίου εἰσελθεῖν πρὸς τὸν βασιλέα οὐδὲν ἠθέτησεν, ὧν ἐνετείλατο ὁ εὐνοῦχος ὁ φύλαξ τῶν γυναικῶν· ἦν γὰρ Ἐσθὴρ εὑρίσκουσα χάριν παρὰ πάντων τῶν βλεπόντων αὐτήν.",,,,
Greek Esther 2:16,ESG,Greek Esther,2,16,"καὶ εἰσῆλθεν Ἐσθὴρ πρὸς Ἀρταξέρξην τὸν βασιλέα τῷ δωδεκάτῳ μηνί, ὅς ἐστιν Ἀδάρ, τῷ ἑβδόμῳ ἔτει τῆς βασιλείας αὐτοῦ.",,,,
Greek Esther 2:17,ESG,Greek Esther,2,17,"καὶ ἠράσθη ὁ βασιλεὺς Ἐσθήρ, καὶ εὗρε χάριν παρὰ πάσας τὰς παρθένους, καὶ ἐπέθηκεν αὐτῇ τὸ διάδημα τὸ γυναικεῖον.",,,,
Greek Esther 2:18,ESG,Greek Esther,2,18,καὶ ἐποίησεν ὁ βασιλεὺς πότον πᾶσι τοῖς φίλοις αὐτοῦ καὶ ταῖς δυνάμεσιν ἐπὶ ἡμέρας ἑπτὰ καὶ ὕψωσε τοὺς γάμους Ἐσθὴρ καὶ ἄφεσιν ἐποίησε τοῖς ὑπὸ τὴν βασιλείαν αὐτοῦ.,,,,
Greek Esther 2:19,ESG,Greek Esther,2,19,ὁ δὲ Μαρδοχαῖος ἐθεράπευεν ἐν τῇ αὐλῇ.,,,,
Greek Esther 2:20,ESG,Greek Esther,2,20,"ἡ δὲ Ἐσθὴρ οὐχ ὑπέδειξε τὴν πατρίδα αὐτῆς· οὕτως γὰρ ἐνετείλατο αὐτῇ Μαρδοχαῖος, φοβεῖσθαι τὸν Θεὸν καὶ ποιεῖν τὰ προστάγματα αὐτοῦ, καθὼς ἦν μετ᾿ αὐτοῦ καὶ Ἐσθὴρ οὐ μετήλλαξε τὴν ἀγωγὴν αὐτῆς.",,,,
Greek Esther 2:21,ESG,Greek Esther,2,21,"Καὶ ἐλυπήθησαν οἱ δύο εὐνοῦχοι τοῦ βασιλέως, οἱ ἀρχισωματοφύλακες, ὅτι προήχθη Μαρδοχαῖος, καὶ ἐζήτουν ἀποκτεῖναι Ἀρταξέρξην τὸν βασιλέα.",,,,
Greek Esther 2:22,ESG,Greek Esther,2,22,"καὶ ἐδηλώθη Μαρδοχαίῳ ὁ λόγος, καὶ ἐσήμανεν Ἐσθήρ, καὶ αὐτὴ ἐνεφάνισε τῷ βασιλεῖ τὰ τῆς ἐπιβουλῆς",,,,
Greek Esther 2:23,ESG,Greek Esther,2,23,ὁ δὲ βασιλεὺς ἤτασε τοὺς δύο εὐνούχους καὶ ἐκρέμασεν αὐτούς· καὶ προσέταξεν ὁ βασιλεὺς καταχωρίσαι εἰς μνημόσυνον ἐν τῇ βασιλικῇ βιβλιοθήκῃ ὑπὲρ τῆς εὐνοίας Μαρδοχαίου ἐν ἐγκωμίῳ.,,,,
Greek Esther 3:1,ESG,Greek Esther,3,1,"ΜΕΤΑ δὲ ταῦτα ἐδόξασεν ὁ βασιλεὺς Ἀρταξέρξης Ἀμὰν Ἀμαδάθου Βουγαῖον καὶ ὕψωσεν αὐτόν, καὶ ἐπρωτοβάθρει πάντων τῶν φίλων αὐτοῦ.",,,,
Greek Esther 3:2,ESG,Greek Esther,3,2,"καὶ πάντες οἱ ἐν τῇ αὐλῇ προσεκύνουν αὐτῷ, οὕτως γὰρ προσέταξεν ὁ βασιλεὺς ποιῆσαι· ὁ δὲ Μαρδοχαῖος οὐ προσεκύνει αὐτῷ.",,,,
Greek Esther 3:3,ESG,Greek Esther,3,3,"καὶ ἐλάλησαν οἱ ἐν τῇ αὐλῇ τοῦ βασιλέως τῷ Μαρδοχαίῳ· Μαρδοχαῖε, τί παρακούεις τὰ ὑπὸ τοῦ βασιλέως λεγόμενα;",,,,
Greek Esther 3:4,ESG,Greek Esther,3,4,"καθ᾿ ἑκάστην ἡμέραν ἐλάλουν αὐτῷ, καὶ οὐχ ὑπήκουεν αὐτῶν· καὶ ὑπέδειξαν τῷ Ἀμὰν Μαρδοχαῖον τοῖς τοῦ βασιλέως λόγοις ἀντιτασσόμενον· καὶ ὑπέδειξεν αὐτοῖς ὁ Μαρδοχαῖος ὅτι Ἰουδαῖός ἐστι.",,,,
Greek Esther 3:5,ESG,Greek Esther,3,5,"καὶ ἐπιγνοὺς Ἀμὰν ὅτι οὐ προσκυνεῖ αὐτῷ Μαρδοχαῖος, ἐθυμώθη σφόδρα",,,,
Greek Esther 3:6,ESG,Greek Esther,3,6,καὶ ἐβουλεύσατο ἀφανίσαι πάντας τοὺς ὑπὸ τὴν Ἀρταξέρξου βασιλείαν Ἰουδαίους.,,,,
Greek Esther 3:7,ESG,Greek Esther,3,7,"καὶ ἐποίησε ψήφισμα ἐν ἔτει δωδεκάτῳ τῆς βασιλείας Ἀρταξέρξου καὶ ἔβαλε κλήρους ἡμέραν ἐξ ἡμέρας καὶ μῆνα ἐκ μηνός, ὥστε ἀπολέσαι ἐν μιᾷ ἡμέρᾳ τὸ γένος Μαρδοχαίου, καὶ ἔπεσεν ὁ κλῆρος εἰς τὴν τεσσαρεσκαιδεκάτην τοῦ μηνός, ὅς ἐστιν Ἀδάρ.",,,,
Greek Esther 3:8,ESG,Greek Esther,3,8,"καὶ ἐλάλησε πρὸς τὸν βασιλέα Ἀρταξέρξης λέγων· ὑπάρχει ἔθνος διεσπαρμένον ἐν τοῖς ἔθνεσιν ἐν πάσῃ τῇ βασιλείᾳ σου, οἱ δὲ νόμοι αὐτῶν ἔξαλλοι παρὰ πάντα τὰ ἔθνη, τῶν δὲ νόμων τοῦ βασιλέως παρακούουσι, καὶ οὐ συμφέρει τῷ βασιλεῖ ἐᾶσαι αὐτούς·",,,,
Greek Esther 3:9,ESG,Greek Esther,3,9,"εἰ δοκεῖ τῷ βασιλεῖ, δογματισάτω ἀπολέσαι αὐτούς, κἀγὼ διαγράψω εἰς τὸ γαζοφυλάκιον τοῦ βασιλέως ἀργυρίου τάλαντα μύρια.",,,,
Greek Esther 3:10,ESG,Greek Esther,3,10,καὶ περιελόμενος ὁ βασιλεὺς τὸ δακτύλιον ἔδωκεν εἰς χεῖρας τῷ Ἀμὰν σφραγίσαι κατὰ τῶν γεγραμμένων κατὰ τῶν Ἰουδαίων.,,,,
Greek Esther 3:11,ESG,Greek Esther,3,11,"καὶ εἶπεν ὁ βασιλεὺς τῷ Ἀμάν· τὸ μὲν ἀργύριον ἔχε, τῷ δὲ ἔθνει χρῶ ὡς βούλει.",,,,
Greek Esther 3:12,ESG,Greek Esther,3,12,"καὶ ἐκλήθησαν οἱ γραμματεῖς τοῦ βασιλέως μηνὶ πρώτῳ τῇ τρισκαιδεκάτῃ καὶ ἔγραψαν, ὡς ἐπέταξεν Ἀμάν, τοῖς στρατηγοῖς, καὶ τοῖς ἄρχουσι κατὰ πᾶσαν χώραν ἀπὸ Ἰνδικῆς ἕως τῆς Αἰθιοπίας, ταῖς ἑκατὸν εἰκοσιεπτὰ χώραις, τοῖς τε ἄρχουσι τῶν ἐθνῶν κατὰ τὴν αὐτῶν λέξιν δι᾿ Ἀρταξέρξου τοῦ βασιλέως.",,,,
Greek Esther 3:13,ESG,Greek Esther,3,13,"καὶ ἀπεστάλη διὰ βιβλιοφόρων εἰς τὴν Ἀρταξέρξου βασιλείαν ἀφανίσαι τὸ γένος τῶν Ἰουδαίων ἐν ἡμέρᾳ μιᾶ μηνὸς δωδεκάτου, ὅς ἐστιν Ἀδάρ, καὶ διαρπάσαι τὰ ὑπάρχοντα αὐτῶν.",,,,
Greek Esther 3:13α,ESG,Greek Esther,3,13α,Τῆς δὲ ἐπιστολῆς ἐστι τὸ ἀντίγραφον τόδε· ‘Βασιλεὺς μέγας Ἀρταξέρξης τοῖς ἀπὸ τῆς Ἰνδικῆς ἕως τῆς Αἰθιοπίας ἑκατὸν εἰκοσιεπτὰ χωρῶν ἄρχουσι καὶ τοπάρχαις ὑποτεταγμένοις τάδε γράφει·,,,,
Greek Esther 3:13β,ESG,Greek Esther,3,13β,"πολλῶν ἐπάρξας ἐθνῶν καὶ πάσης ἐπικρατήσας οἰκουμένης, ἐβουλήθην μὴ τῷ θράσει τῆς ἐξουσίας ἐπαιρόμενος, ἐπιεικέστερον δὲ καὶ μετὰ ἠπιότητος ἀεὶ διεξάγων, τοὺς τῶν ὑποτεταγμένων ἀκυμάντους διαπαντὸς καταστῆσαι βίους, τήν τε βασιλείαν ἥμερον καὶ πορευτὴν μέχρι περάτων παρεξόμενος ἀνανεώσασθαί τε τὴν ποθουμένην τοῖς πᾶσιν ἀνθρώποις εἰρήνην. ὕ",,,,
Greek Esther 3:13γ,ESG,Greek Esther,3,13γ,"πυθομένου δέ μου τῶν συμβούλων, πῶς ἂν ἀχθείη τοῦτο ἐπὶ πέρας, ὁ σωφροσύνῃ παρ᾿ ἡμῖν διενέγκας καὶ ἐν τῇ εὐνοίᾳ ἀπαραλλάκτως καὶ βεβαίᾳ πίστει ἀποδεδειγμένος καὶ δεύτερον τῶν βασιλειῶν γέρας ἀπενηνεγμένος Ἀμὰν",,,,
Greek Esther 3:13δ,ESG,Greek Esther,3,13δ,"ἐπέδειξεν ἡμῖν ἐν πάσαις ταῖς κατὰ τὴν οἰκουμένην φυλαῖς ἀναμεμεῖχθαι δυσμενῆ λαόν τινα τοῖς νόμοις ἀντίθετον πρὸς πᾶν ἔθνος τά τε τῶν βασιλέων παραπέμποντας διηνεκῶς διατάγματα, πρὸς τὸ μὴ κατατίθεσθαι τὴν ὑφ᾿ ἡμῶν κατευθυνομένην ἀμέμπτως συναρχίαν.",,,,
Greek Esther 3:13ε,ESG,Greek Esther,3,13ε,"διειληφότες οὖν τόδε τὸ ἔθνος μονώτατον ἐν ἀντιπαραγωγῇ παντὶ διαπαντὸς ἀνθρώπῳ κείμενον, διαγωγὴν νόμων ξενίζουσαν παραλλάσσον καὶ δυσνοοῦν τοῖς ἡμετέροις πράγμασι τὰ χείριστα συντελοῦν κακὰ καὶ πρὸς τὸ μὴ τὴν βασιλείαν εὐσταθείας τυγχάνειν·",,,,
Greek Esther 3:13ζ,ESG,Greek Esther,3,13ζ,"προστετάχαμεν οὖν τοὺς σημαινομένους ὑμῖν ἐν τοῖς γεγραμμένοις ὑπὸ Ἀμὰν τοῦ τεταγμένου ἐπὶ τῶν πραγμάτων καὶ δευτέρου πατρὸς ἡμῶν πάντας σὺν συναιξὶ καὶ τέκνοις ἀπολέσαι ὁλορριζεὶ ταῖς τῶν ἐχθρῶν μαχαίραις ἄνευ παντὸς οἴκτου καὶ φειδοῦς, τῇ τεσσαρεσκαιδεκάτῃ τοῦ δωδεκάτου μηνὸς Ἀδάρ, τοῦ ἐνεστῶτος ἔτους,",,,,
Greek Esther 3:13η,ESG,Greek Esther,3,13η,"ὅπως οἱ πάλαι καὶ νῦν δυσμενεῖς ἐν ἡμέρᾳ μιᾷ βιαίως εἰς τὸν ᾅδην κατελθόντες, εἰς τὸν μετέπειτα χρόνον εὐσταθῆ καὶ ἀτάραχα παρέχωσιν ἡμῖν διὰ τέλους τὰ πράγματα’.",,,,
Greek Esther 3:14,ESG,Greek Esther,3,14,"Τὰ δὲ ἀντίγραφα τῶν ἐπιστολῶν ἐξετίθετο κατὰ χώραν, καὶ προσετάγη πᾶσι τοῖς ἔθνεσιν ἑτοίμους εἶναι εἰς τὴν ἡμέραν ταύτην.",,,,
Greek Esther 3:15,ESG,Greek Esther,3,15,"ἐσπεύδετο δὲ τὸ πρᾶγμα καὶ εἰς Σοῦσαν· ὁ δὲ βασιλεὺς καὶ Ἀμὰν ἐκωθωνίζοντο, ἐταράσσετο δὲ ἡ πόλις.",,,,
Greek Esther 4:1,ESG,Greek Esther,4,1,Ο δὲ Μαρδοχαῖος ἐπιγνοὺς τὸ συντελούμενον διέρρηξεν τὰ ἱμάτια ἑαυτοῦ καὶ ἐνεδύσατο σάκκον καὶ κατεπάσατο σποδὸν καὶ ἐκπηδήσας διὰ τῆς πλατείας τῆς πόλεως ἐβόα φωνῇ μεγάλῃ· αἴρεται ἔθνος μηδὲν ἠδικηκός.,,,,
Greek Esther 4:2,ESG,Greek Esther,4,2,καὶ ἦλθεν ἕως τῆς πύλης τοῦ βασιλέως καὶ ἔστη· οὐ γὰρ ἦν αὐτῷ ἐξὸν εἰσελθεῖν εἰς τὴν αὐλὴν σάκκον ἔχοντι καὶ σποδόν.,,,,
Greek Esther 4:3,ESG,Greek Esther,4,3,"καὶ ἐν πάσῃ χώρᾳ, οὗ ἐξετίθετο τὰ γράμματα, κραυγὴ καὶ κοπετὸς καὶ πένθος μέγα τοῖς Ἰουδαίοις, σάκκον καὶ σποδὸν ἔστρωσαν ἑαυτοῖς.",,,,
Greek Esther 4:4,ESG,Greek Esther,4,4,"καὶ εἰσῆλθον αἱ ἅβραι καὶ οἱ εὐνοῦχοι τῆς βασιλίσσης καὶ ἀνήγγειλαν αὐτῇ, καὶ ἐταράχθη ἀκούσασα τὸ γεγονὸς καὶ ἀπέστειλε στολίσαι τὸν Μαρδαχαῖον καὶ ἀφελέσθαι αὐτοῦ τὸν σάκκον· ὁ δὲ οὐκ ἐπείσθη.",,,,
Greek Esther 4:5,ESG,Greek Esther,4,5,"ἡ δὲ Ἐσθὴρ προσεκαλέσατο Ἀχραθαῖον τὸν εὐνοῦχον αὐτῆς, ὃς παρειστήκει αὐτῇ, καὶ ἀπέστειλε μαθεῖν αὕτη παρὰ τοῦ Μαρδοχαίου τὸ ἀκριβές.",,,,
Greek Esther 4:7,ESG,Greek Esther,4,7,"ὁ δὲ Μαρδοχαῖος ὑπέδειξεν αὐτῷ τὸ γεγονὸς καὶ τὴν ἐπαγγελίαν, ἣν ἐπηγγείλατο Ἀμὰν τῷ βασιλεῖ εἰς τὴν γάζαν ταλάντων μυρίων, ἵνα ἀπολέσῃ τοὺς Ἰουδαίους·",,,,
Greek Esther 4:8,ESG,Greek Esther,4,8,"καὶ τὸ ἀντίγραφον τὸ ἐν Σούσοις ἐκτεθὲν ὑπὲρ τοῦ ἀπολέσθαι αὐτοὺς ἔδωκεν αὐτῷ δεῖξαι τῇ Ἐσθήρ. καὶ εἶπεν αὐτῷ, ἐντείλασθαι αὐτῇ εἰσελθούσῃ παραιτήσασθαι τὸν βασιλέα καὶ ἀξιῶσαι αὐτὸν περὶ τοῦ λαοῦ μνησθεῖσα ἡμερῶν ταπεινώσεώς σου, ὡς ἐτράφης ἐν χειρί μου, διότι Ἀμὰν ὁ δευτερεύων τῷ βασιλεῖ ἐλάλησε καθ᾿ ἡμῶν εἰς θάνατον· ἐπικάλεσαι τὸν Κύριον καὶ λάλησον τῷ βασιλεῖ περὶ ἡμῶν ρῦσαι ἡμᾶς ἐκ θανάτου.",,,,
Greek Esther 4:9,ESG,Greek Esther,4,9,εἰσελθὼν δὲ ὁ Ἀχραθαῖος ἐλάλησεν αὐτῇ πάντας τοὺς λόγους τούτους.,,,,
Greek Esther 4:10,ESG,Greek Esther,4,10,"εἶπε δὲ Ἐσθὴρ πρὸς Ἀχραθαῖον· πορεύθητι πρὸς Μαρδοχαῖον καὶ εἰπόν,",,,,
Greek Esther 4:11,ESG,Greek Esther,4,11,"ὅτι τὰ ἔθνη πάντα τῆς βασιλείας γινώσκει, ὅτι πᾶς ἄνθρωπος ἢ γυνή, ὃς εἰσελεύσεται πρὸς τὸν βασιλέα εἰς τὴν αὐλὴν τὴν ἐσωτέραν ἄκλητος, οὐκ ἔστιν αὐτῷ σωτηρία· πλὴν ᾧ ἐκτείνῃ ὁ βασιλεὺς τὴν χρυσῆν ράβδον, οὗτος σωθήσεται· κἀγὼ οὐ κέκλημαι εἰσελθεῖν πρὸς τὸν βασιλέα, εἰσὶν αὗται ἡμέραι τριάκοντα.",,,,
Greek Esther 4:12,ESG,Greek Esther,4,12,"καὶ ἀπήγγειλεν Ἀχραθαῖος Μαρδοχαίῳ πάντας τοὺς λόγους Ἐσθήρ,",,,,
Greek Esther 4:13,ESG,Greek Esther,4,13,"καὶ εἶπε Μαρδοχαῖος πρὸς Ἀχραθαῖον· πορεύθητι καὶ εἶπον αὐτῇ· Ἐσθήρ, μὴ εἴπῃς σεαυτῇ, ὅτι σωθήσῃ μόνη ἐν τῇ βασιλείᾳ παρὰ πάντας τοὺς Ἰουδαίους·",,,,
Greek Esther 4:14,ESG,Greek Esther,4,14,"ὡς ὅτι ἐὰν παρακούσῃς ἐν τούτῳ τῷ καιρῷ, ἄλλοθεν βοήθεια καὶ σκέπη ἔσται τοῖς Ἰουδαίοις, σὺ δὲ καὶ ὁ οἶκος τοῦ πατρός σου ἀπολεῖσθε· καὶ τίς οἶδεν, εἰ εἰς τὸν καιρὸν τοῦτον ἐβασίλευσας;",,,,
Greek Esther 4:15,ESG,Greek Esther,4,15,"καὶ ἐξαπέστειλεν Ἐσθὴρ τὸν ἥκοντα πρὸς αὐτήν, πρὸς Μαρδοχαῖον λέγουσα·",,,,
Greek Esther 4:16,ESG,Greek Esther,4,16,"βαδίσας ἐκκλησίασον τοὺς Ἰουδαίους τοὺς ἐν Σούσοις καὶ νηστεύσατε ἐπ᾿ ἐμοὶ καὶ μὴ φάγητε μηδὲ πίητε ἐπὶ ἡμέρας τρεῖς νύκτα καὶ ἡμέραν, κἀγὼ δὲ καὶ αἱ ἅβραι μου ἀσιτήσομεν, καὶ τότε εἰσελεύσομαι πρὸς τὸν βασιλέα παρὰ τὸν νόμον, ἐὰν καὶ ἀπολέσθαι με δέῃ.",,,,
Greek Esther 4:17,ESG,Greek Esther,4,17,"Καὶ βαδίσας Μαρδοχαῖος ἐποίησεν ὅσα ἐνετείλατο αὐτῷ Ἐσθήρ. 17α καὶ ἐδεήθη Κυρίου μνημονεύων πάντα τὰ ἔργα Κυρίου καὶ εἶπε· 17β Κύριε Κύριε, βασιλεῦ πάντων κρατῶν, ὅτι ἐν ἐξουσίᾳ σου τὸ πᾶν ἐστι, καὶ οὐκ ἔστιν ὁ ἀντιδοξῶν σοι ἐν τῷ θέλειν σε σῶσαι τὸν Ἰσραήλ· 17γ ὅτι σὺ ἐποίησας τὸν οὐρανὸν καὶ τὴν γῆν καὶ πᾶν θαυμαζόμενον ἐν τῇ ὑπ᾿ οὐρανὸν καὶ Κύριος εἶ πάντων, καὶ οὐκ ἔστιν ὃς ἀντιτάξεταί σοι τῷ Κυρίῳ. 17δ σὺ πάντα γινώσκεις· σὺ οἶδας, Κύριε, ὅτι οὐκ ἐν ὕβρει οὐδὲ ἐν ὑπερηφανίᾳ οὐδὲ ἐν φιλοδοξίᾳ ἐποίησα τοῦτο, τὸ μὴ προσκυνεῖν τὸν ὑπερήφανον Ἀμάν, ὅτι ηὐδόκουν φιλεῖν πέλματα ποδῶν αὐτοῦ πρὸς σωτηρίαν Ἰσραήλ· 17ε ἀλλ᾿ ἐποίησα τοῦτο, ἵνα μὴ θῶ δόξαν ἀνθρώπου ὑπεράνω δόξης Θεοῦ, καὶ οὐ προσκυνήσω οὐδένα, πλὴν σοῦ τοῦ Κυρίου μου καὶ οὐ ποιήσω αὐτὰ ἐν ὑπερηφανίᾳ. 17ζ καὶ νῦν, Κύριε ὁ Θεός, ὁ βασιλεύς, ὁ Θεὸς Ἁβραάμ, φεῖσαι τοῦ λαοῦ σου, ὅτι ἐπιβλέπουσιν ἡμῖν εἰς καταφθορὰν καὶ ἐπεθύμησαν ἀπολέσαι τὴν ἐξ ἀρχῆς κληρονομίαν σου· 17η μὴ ὑπερίδῃς τὴν μερίδα σου, ἣν σεαυτῷ ἐλυτρώσω ἐκ γῆς Αἰγύπτου· 17θ ἐπάκουσον τῆς δεήσεώς μου καὶ ἱλάσθητι τῷ κλήρῳ σου καὶ στρέψον τὸ πένθος ἡμῶν εἰς εὐωχίαν, ἵνα ζῶντες ὑμνῶμέν σου τὸ ὄνομα, Κύριε, καὶ μὴ ἀφανίσῃς στόμα αἰνούντων σε, Κύριε. 17ι καὶ πᾶς Ἰσραὴλ ἐκέκραξεν ἐξ ἰσχύος αὐτῶν, ὅτι θάνατος αὐτῶν ἐν ὀφθαλμοῖς αὐτῶν. 17κ Καὶ Ἐσθὴρ ἡ βασίλισσα κατέφυγεν ἐπὶ τὸν Κύριον ἐν ἀγῶνι θανάτου κατειλημμένη, καὶ ἀφελομένη τὰ ἱμάτια τῆς δόξης αὐτῆς ἐνεδύσατο ἱμάτια στενοχωρίας καὶ πένθους, καὶ ἀντὶ τῶν ὑπερηφάνων ἡδυσμάτων, σποδοῦ καὶ κοπριῶν ἐνέπλησε τὴν κεφαλὴν αὐτῆς καὶ τὸ σῶμα αὐτῆς ἐταπείνωσε σφόδρα καὶ πάντα τόπον κόσμου ἀγαλλιάματος αὐτῆς ἔπλησε στρεπτῶν τριχῶν αὐτῆς καὶ ἐδεῖτο Κυρίου Θεοῦ Ἰσραήλ, καὶ εἶπε· 17λ Κύριέ μου, βασιλεὺς ἡμῶν σὺ εἶ μόνος· βοήθησόν μοι τῇ μόνῃ καὶ μὴ ἐχούσῃ βοηθὸν εἰ μὴ σέ, ὅτι κίνδυνός μου ἐν χειρί μου. 17μ ἐγὼ ἤκουον ἐκ γενετῆς μου ἐν φυλῇ πατριᾶς μου ὅτι σύ, Κύριε, ἔλαβες τὸν Ἰσραὴλ ἐκ πάντων τῶν ἐθνῶν καὶ τοὺς πατέρας ἡμῶν ἐκ πάντων τῶν προγόνων αὐτῶν εἰς κληρονομίαν αἰώνιον καὶ ἐποίησας αὐτοῖς ὅσα ἐλάλησας. 17ν καὶ νῦν ἡμάρτομεν ἐνώπιόν σου, καὶ παρέδωκας ἡμᾶς εἰς χεῖρας τῶν ἐχθρῶν ἡμῶν, ἀνθ᾿ ὧν ἐδοξάσαμεν τοὺς θεοὺς αὐτῶν· δίκαιος εἶ, Κύριε. 17ξ καὶ νῦν οὐκ ἱκανώθησαν ἐν πικρασμῷ δουλείας ἡμῶν, ἀλλ᾿ ἔθηκαν τὰς χεῖρας αὐτῶν ἐπὶ τὰς χεῖρας τῶν εἰδώλων αὐτῶν ἐξάραι ὁρισμὸν στόματός σου καὶ ἀφανίσαι κληρονομίαν σου καὶ ἐμφράξαι στόμα αἰνούντων σοι καὶ σβέσαι δόξαν οἴκου σου καὶ θυσιαστηρίου σου, 17ο καὶ ἀνοῖξαι στόμα ἐθνῶν εἰς ἀρετὰς ματαίων καὶ θαυμασθῆναι βασιλέα σάρκινον εἰς αἰῶνα. 17π μὴ παραδῷς, Κύριε, τὸ σκῆπτρόν σου τοῖς μὴ οὖσι, καὶ μὴ καταγελασάτωσαν ἐν τῇ πτώσει ἡμῶν, ἀλλὰ στρέψον τὴν βουλὴν αὐτῶν ἐπ᾿ αὐτούς, τὸν δὲ ἀρξάμενον ἐφ᾿ ἡμᾶς παραδειγμάτισον. 17ρ μνήσθητι, Κύριε, γνώσθητι ἐν καιρῷ θλίψεως ἡμῶν καὶ ἐμὲ θάρσυνον, βασιλεῦ τῶν θεῶν καὶ πάσης ἀρχῆς ἐπικρατῶν· 17σ δὸς λόγον εὔρυθμον εἰς τὸ στόμα μου ἐνώπιον τοῦ λέοντος καὶ μετάθες τὴν καρδίαν αὐτοῦ εἰς μῖσος τοῦ πολεμοῦντος ἡμᾶς εἰς συντέλειαν αὐτοῦ καὶ τῶν ὁμονούντων αὐτῶ· 17τ ἡμᾶς δὲ ρῦσαι ἐν χειρί σου καὶ βοήθησόν μοι τῇ μόνῃ καὶ μὴ ἐχούσῃ εἰς μὴ σέ, Κύριε· 17υ πάντων γνῶσιν ἔχεις καὶ οἶδας ὅτι ἐμίσησα δόξαν ἀνόμων καὶ βδελύσσομαι κοίτην ἀπεριτμήτων καὶ παντὸς ἀλλοτρίου. 17φ σὺ οἶδας τὴν ἀνάγκην μου, ὅτι βδελύσσομαι τὸ σημεῖον τῆς ὑπερηφανίας μου, ὅ ἐστιν ἐπὶ τῆς κεφαλῆς μου ἐν ἡμέραις ὀπτασίας μου· βδελύσσομαι αὐτὸ ὡς ράκος καταμηνίων καὶ οὐ φορῶ αὐτὸ ἐν ἡμέραις ἡσυχίας μου. 17χ καὶ οὐκ ἔφαγεν ἡ δούλη σου τράπεζαν Ἀμὰν καὶ οὐκ ἐδόξασα συμπόσιον βασιλέως, οὐδὲ ἔπιον οἶνον σπονδῶν· 17ψ καὶ οὐκ ηὐφράνθη ἡ δούλη σου ἀφ᾿ ἡμέρας μεταβολῆς μου μέχρι νῦν, πλὴν ἐπὶ σοί, Κύριε, ὁ Θεὸς Ἁβραάμ. 17ω ὁ Θεὸς ὁ ἰσχύων ἐπὶ πάντας, εἰσάκουσον φωνὴν ἀπηλπισμένων καὶ ρῦσαι ἡμᾶς ἐκ χειρὸς τῶν πονηρευομένων, καὶ ρῦσαί με ἐκ τοῦ φόβου μου.",,,,
Greek Esther 5:1,ESG,Greek Esther,5,1,"ΚΑΙ ἐγενήθη ἐν τῇ ἡμέρᾳ τῇ τρίτῃ, ὡς ἐπαύσατο προσευχομένη, ἐξεδύσατο τὰ ἱμάτια τῆς θεραπείας καὶ περιεβάλετο τὴν δόξαν αὐτῆς. 1α καὶ γενηθεῖσα ἐπιφανής, ἐπικαλεσαμένη τῶν πάντων ἐπόπτην Θεὸν καὶ σωτῆρα, παρέλαβε τὰς δύο ἅβρας· καὶ τῇ μὲν μιᾷ ἐπηρείδετο ὡς τρυφερευομένη, ἡ δὲ ἑτέρα ἐπηκολούθει κουφίζουσα τὴν ἔνδυσιν αὐτῆς, 1β καὶ αὐτὴ ἐρυθριῶσα ἀκμῇ κάλλους αὐτῆς, καὶ τὸ πρόσωπον αὐτῆς ἱλαρὸν ὡς προσφιλές, ἡ δὲ καρδία αὐτῆς ἀπεστενωμένη ἀπὸ τοῦ φόβου. 1γ καὶ εἰσελθοῦσα πάσας τὰς θύρας κατέστη ἐνώπιον τοῦ βασιλέως, καὶ αὐτὸς ἐκάθητο ἐπὶ τοῦ θρόνου τῆς βασιλείας αὐτοῦ καὶ πᾶσαν στολὴν τῆς ἐπιφανείας αὐτοῦ ἐνδεδύκει, ὅλος διὰ χρυσοῦ καὶ λίθων πολυτελῶν, καὶ ἦν φοβερὸς σφόδρα. 1δ καὶ ἄρας τὸ πρόσωπον αὐτοῦ πεπυρωμένον δόξῃ ἐν ἀκμῇ θυμοῦ ἔβλεψε, καὶ ἔπεσεν ἡ βασίλισσα καὶ μετέβαλε τὸ χρῶμα αὐτῆς ἐν ἐκλύσει καὶ κατεπέκυψεν ἐπὶ τὴν κεφαλὴν τῆς ἅβρας τῆς προπορευομένης. 1ε καὶ μετέβαλεν ὁ Θεὸς τὸ πνεῦμα τοῦ βασιλέως εἰς πραυ±τητα, καὶ ἀγωνιάσας ἀνεπήδησεν ἀπὸ τοῦ θρόνου αὐτοῦ καὶ ἀνέλαβεν αὐτὴν ἐπὶ τὰς ἀγκάλας αὐτοῦ, μέχρις οὗ κατέστη, καὶ παρεκάλει αὐτὴν λόγοις εἰρηνικοῖς καὶ εἶπεν αὐτῇ· 1ζ τί ἐστιν Ἐσθήρ; ἐγὼ ὁ ἀδελφός σου, θάρσει, οὐ μὴ ἀποθάνῃς ὅτι κοινὸν τὸ πρόσταγμα ἡμῶν ἐστι· πρόσελθε.",,,,
Greek Esther 5:2,ESG,Greek Esther,5,2,"καὶ ἄρας τὴν χρυσῆν ράβδον ἐπέθηκεν ἐπὶ τὸν τράχηλον αὐτῆς καὶ ἠσπάσατο αὐτὴν καὶ εἶπε· λάλησόν μοι. 2α καὶ εἶπεν αὐτῷ· εἶδόν σε, κύριε, ὡς ἄγγελον Θεοῦ, καὶ ἐταράχθη ἡ καρδία μου ἀπὸ φόβου τῆς δόξης σου, ὅτι θαυμαστὸς εἶ, κύριε, καὶ τὸ πρόσωπόν σου χαρίτων μεστόν. 2β ἐν δὲ τῷ διαλέγεσθαι αὐτὴν ἔπεσεν ἀπὸ ἐκλύσεως αὐτῆς καὶ ὁ βασιλεὺς ἐταράσσετο, καὶ πᾶσα ἡ θεραπεία αὐτοῦ παρεκάλει αὐτήν.",,,,
Greek Esther 5:3,ESG,Greek Esther,5,3,"καὶ εἶπεν ὁ βασιλεύς· τί θέλεις, Ἐσθήρ; καὶ τί σού ἐστι τὸ ἀξίωμα; ἕως τοῦ ἡμίσους τῆς βασιλείας μου, καὶ ἔσται σοι.",,,,
Greek Esther 5:4,ESG,Greek Esther,5,4,"εἶπε δὲ Ἐσθήρ· ἡμέρα μου ἐπίσημος σήμερόν ἐστι· εἰ οὖν δοκεῖ τῷ βασιλεῖ, ἐλθάτω καὶ αὐτὸς καὶ Ἀμὰν εἰς τὴν δοχήν, ἣν ποιήσω σήμερον.",,,,
Greek Esther 5:5,ESG,Greek Esther,5,5,"καὶ εἶπεν ὁ βασιλεύς· κατασπεύσατε Ἀμάν, ὅπως ποιήσωμεν τὸν λόγον Ἐσθήρ· καὶ παραγίνονται ἀμφότεροι εἰς τὴν δοχήν, ἣν εἶπεν Ἐσθήρ.",,,,
Greek Esther 5:6,ESG,Greek Esther,5,6,ἐν δὲ τῷ πότῳ εἶπεν ὁ βασιλεὺς πρὸς Ἐσθήρ· τί ἐστι βασίλισσα Ἐσθήρ; καὶ ἔσται ὅσα ἀξιοῖς.,,,,
Greek Esther 5:7,ESG,Greek Esther,5,7,καὶ εἶπε· τὸ αἴτημά μου καὶ τὸ ἀξίωμα·,,,,
Greek Esther 5:8,ESG,Greek Esther,5,8,"εἰ εὗρον χάριν ἐνώπιον τοῦ βασιλέως, ἐλθάτω ὁ βασιλεὺς καὶ Ἀμὰν ἔτι τὴν αὔριον εἰς τὴν δοχήν, ἣν ποιήσω αὐτοῖς, καὶ αὔριον ποιήσω τὰ αὐτά.",,,,
Greek Esther 5:9,ESG,Greek Esther,5,9,Καὶ ἐξῆλθεν ὁ Ἀμὰν ἀπὸ τοῦ βασιλέως ὑπερχαρὴς εὐφραινόμενος· ἐν δὲ τῷ ἰδεῖν Ἀμὰν Μαρδοχαῖον τὸν Ἰουδαῖον ἐν τῇ αὐλῇ ἐθυμώθη σφόδρα,,,,
Greek Esther 5:10,ESG,Greek Esther,5,10,"καὶ εἰσελθὼν εἰς τὰ ἴδια ἐκάλεσε τοὺς φίλους καὶ Ζωσάραν τὴν γυναῖκα αὐτοῦ,",,,,
Greek Esther 5:11,ESG,Greek Esther,5,11,"καὶ ὑπέδειξεν αὐτοῖς τὸν πλοῦτον αὐτοῦ καὶ τὴν δόξαν, ἣν ὁ βασιλεὺς αὐτῷ περιέθηκε, καὶ ὡς ἐποίησεν αὐτὸν πρωτεύειν καὶ ἡγεῖσθαι τῆς βασιλείας.",,,,
Greek Esther 5:12,ESG,Greek Esther,5,12,"καὶ εἶπεν Ἀμάν· οὐ κέκληκεν ἡ βασίλισσα μετὰ τοῦ βασιλέως οὐδένα εἰς τὴν δοχὴν ἀλλ᾿ ἢ ἐμέ, καὶ εἰς τὴν αὔριον κέκλημαι·",,,,
Greek Esther 5:13,ESG,Greek Esther,5,13,"καὶ ταῦτά μοι οὐκ ἀρέσκει, ὅταν ἴδω Μαρδοχαῖον τὸν Ἰουδαῖον ἐν τῇ αὐλῇ.",,,,
Greek Esther 5:14,ESG,Greek Esther,5,14,"καὶ εἶπε πρὸς αὐτὸν Ζωσάρα ἡ γυνὴ αὐτοῦ καὶ οἱ φίλοι· κοπήτω σοι ξύλον πηχῶν πεντήκοντα, ὄρθρου δὲ εἰπὸν τῷ βασιλεῖ καὶ κρεμασθήτω Μαρδοχαῖος ἐπὶ τοῦ ξύλου· σὺ δὲ εἴσελθε εἰς τὴ δοχὴν σὺν τῷ βασιλεῖ καὶ εὐφραίνου. καὶ ἤρεσε τὸ ρῆμα τῷ Ἀμάν, καὶ ἡτοιμάσθη τὸ ξύλον.",,,,
Greek Esther 6:1,ESG,Greek Esther,6,1,"Ο δὲ Κύριος ἀπέστησε τὸν ὕπνον ἀπὸ τοῦ βασιλέως τὴν νύκτα ἐκείνην, καὶ εἶπε τῷ διακόνῳ αὐτοῦ εἰσφέρειν γράμματα μνημόσυνα τῶν ἡμερῶν ἀναγινώσκειν αὐτῷ.",,,,
Greek Esther 6:2,ESG,Greek Esther,6,2,"εὗρε δὲ τὰ γράμματα τὰ γραφέντα περὶ Μαρδοχαίου, ὡς ἀπήγγειλε τῷ βασιλεῖ περὶ τῶν δύο εὐνούχων τοῦ βασιλέως ἐν τῷ φυλάσσειν αὐτοὺς καὶ ζητῆσαι ἐπιβαλεῖν τὰς χεῖρας Ἀρταξέρξῃ.",,,,
Greek Esther 6:3,ESG,Greek Esther,6,3,εἶπε δὲ ὁ βασιλεύς· τίνα δόξαν ἢ χάριν ἐποιήσαμεν τῷ Μαρδοχαίῳ; καὶ εἶπαν οἱ διάκονοι τοῦ βασιλέως· οὐκ ἐποίησας αὐτῷ οὐδέν.,,,,
Greek Esther 6:4,ESG,Greek Esther,6,4,"ἐν δὲ τῷ πυνθάνεσθαι τὸν βασιλέα περὶ τῆς εὐνοίας Μαρδοχαίου, ἰδοὺ Ἀμὰν ἐν τῇ αὐλῇ. εἶπε δὲ ὁ βασιλεύς· τίς ἐν τῇ αὐλῇ; ὁ δὲ Ἀμὰν εἰσῆλθεν εἰπεῖν τῷ βασιλεῖ κρεμάσαι τὸν Μαρδοχαῖον ἐπὶ τῷ ξύλῳ, ᾧ ἡτοίμασε.",,,,
Greek Esther 6:5,ESG,Greek Esther,6,5,καὶ εἶπαν οἱ διάκονοι τοῦ βασιλέως· ἰδοὺ Ἀμὰν ἕστηκεν ἐν τῇ αὐλῇ. καὶ εἶπεν ὁ βασιλεύς· καλέσατε αὐτόν.,,,,
Greek Esther 6:6,ESG,Greek Esther,6,6,"εἶπε δὲ ὁ βασιλεὺς τῷ Ἀμάν· τί ποιήσω τῷ ἀνθρώπῳ, ὃν ἐγὼ θέλω δοξάσαι; εἶπε δὲ ἐν ἑαυτῷ Ἀμάν· τίνα θέλει ὁ βασιλεὺς δοξάσαι εἰ μὴ ἐμέ;",,,,
Greek Esther 6:7,ESG,Greek Esther,6,7,"εἶπε δὲ πρὸς τὸν βασιλέα· ἄνθρωπον, ὃν ὁ βασιλεὺς θέλει δοξάσαι,",,,,
Greek Esther 6:8,ESG,Greek Esther,6,8,"ἐνεγκάτωσαν οἱ παῖδες τοῦ βασιλέως στολὴν βυσσίνην, ἣν ὁ βασιλεὺς περιβάλλεται, καὶ ἵππον ἐφ᾿ ὃν ὁ βασιλεὺς ἐπιβαίνει,",,,,
Greek Esther 6:9,ESG,Greek Esther,6,9,"καὶ δότω ἑνὶ τῶν φίλων τοῦ βασιλέως τῶν ἐνδόξων καὶ στολισάτω τὸν ἄνθρωπον, ὃν ὁ βασιλεὺς ἀγαπᾷ, καὶ ἀναβιβασάτω αὐτὸν ἐπὶ τὸν ἵππον καὶ κηρυσσέτω διὰ τῆς πλατείας τῆς πόλεως λέγων· οὕτως ἔσται παντὶ ἀνθρώπῳ, ὃν ὁ βασιλεὺς δοξάζει.",,,,
Greek Esther 6:10,ESG,Greek Esther,6,10,"εἶπε δὲ ὁ βασιλεὺς τῷ Ἀμάν· καλῶς ἐλάλησας. οὕτως ποίησον τῷ Μαρδοχαίῳ τῷ Ἰουδαίῳ τῷ θεραπεύοντι ἐν τῇ αὐλῇ, καὶ μὴ παραπεσάτω σου λόγος, ὧν ἐλάλησας.",,,,
Greek Esther 6:11,ESG,Greek Esther,6,11,"ἔλαβε δὲ Ἀμὰν τὴν στολὴν καὶ τὸν ἵππον, καὶ ἐστόλισε τὸν Μαρδοχαῖον, καὶ ἀνεβίβασεν αὐτὸν ἐπὶ τὸν ἵππον καὶ διῆλθε διὰ τῆς πλατείας τῆς πόλεως καὶ ἐκήρυσσε λέγων· οὕτως ἔσται παντὶ ἀνθρώπῳ, ὃν ὁ βασιλεὺς θέλει δοξάσαι.",,,,
Greek Esther 6:12,ESG,Greek Esther,6,12,ἐπέστρεψε δὲ ὁ Μαρδοχαῖος εἰς τὴν αὐλήν. Ἀμὰν δὲ ὑπέστρεψεν εἰς τὰ ἴδια λυπούμενος κατὰ κεφαλῆς.,,,,
Greek Esther 6:13,ESG,Greek Esther,6,13,"καὶ διηγήσατο Ἀμὰν τὰ συμβεβηκότα αὐτῷ Ζωσάρᾳ τῇ γυναικὶ αὐτοῦ καὶ τοῖς φίλοις, καὶ εἶπαν πρὸς αὐτὸν οἱ φίλοι καὶ ἡ γυνή· εἰ ἐκ γένους Ἰουδαίων Μαρδοχαῖος, ἦρξαι ταπεινοῦσθαι ἐνώπιον αὐτοῦ, πεσὼν πεσῇ καὶ οὐ μὴ δύνῃ αὐτὸν ἀμύνασθαι, ὅτι Θεὸς ζῶν μετ᾿ αὐτοῦ.",,,,
Greek Esther 6:14,ESG,Greek Esther,6,14,"ἔτι αὐτῶν λαλούντων, παραγίνονται οἱ εὐνοῦχοι ἐπισπεύδοντες τὸν Ἀμὰν ἐπὶ τὸν πότον, ὃν ἡτοίμασεν Ἐσθήρ.",,,,
Greek Esther 7:1,ESG,Greek Esther,7,1,ΕΙΣΗΛΘΕ δὲ ὁ βασιλεὺς καὶ Ἀμὰν συμπιεῖν τῇ βασιλίσσῃ.,,,,
Greek Esther 7:2,ESG,Greek Esther,7,2,"εἶπε δὲ ὁ βασιλεὺς Ἐσθὴρ τῇ δευτέρᾳ ἡμέρᾳ ἐν τῷ πότῳ· τί ἐστιν, Ἐσθὴρ βασίλισσα, καὶ τί τὸ αἴτημά σου καὶ τί τὸ ἀξιωμά σου; καὶ ἔστω σοι ἕως ἡμίσους τῆς βασιλείας μου.",,,,
Greek Esther 7:3,ESG,Greek Esther,7,3,"καὶ ἀποκριθεῖσα εἶπεν· εἰ εὗρον χάριν ἐνώπιον τοῦ βασιλέως, δοθήτω ἡ ψυχὴ τῷ αἰτήματί μου καὶ ὁ λαός μου τῷ ἀξιώματί μου·",,,,
Greek Esther 7:4,ESG,Greek Esther,7,4,"ἐπράθημεν γὰρ ἐγώ τε καὶ ὁ λαός μου εἰς ἀπώλειαν καὶ διαρπαγὴν καὶ δουλείαν, ἡμεῖς καὶ τὰ τέκνα ἡμῶν εἰς παῖδας καὶ παιδίσκας, καὶ παρήκουσα· οὐ γὰρ ἄξιος ὁ διάβολος τῆς αὐλῆς τοῦ βασιλέως.",,,,
Greek Esther 7:5,ESG,Greek Esther,7,5,"εἶπε δὲ ὁ βασιλεύς· τίς οὗτος, ὅστις ἐτόλμησε ποιῆσαι τὸ πρᾶγμα τοῦτο;",,,,
Greek Esther 7:6,ESG,Greek Esther,7,6,"εἶπε δὲ Ἐσθήρ· ἄνθρωπος ἐχθρὸς Ἀμάν, ὁ πονηρὸς οὗτος. Ἀμὰν δὲ ἐταράχθη ἀπὸ τοῦ βασιλέως καὶ τῆς βασιλίσσης.",,,,
Greek Esther 7:7,ESG,Greek Esther,7,7,"ὁ δὲ βασιλεὺς ἐξανέστη ἀπὸ τοῦ συμποσίου εἰς τὸν κῆπον· ὁ δὲ Ἀμὰν παρῃτεῖτο τὴν βασίλισσαν, ἑώρα γὰρ ἑαυτὸν ἐν κακοῖς ὄντα.",,,,
Greek Esther 7:8,ESG,Greek Esther,7,8,"ἐπέστρεψε δὲ ὁ βασιλεὺς ἐκ τοῦ κήπου, Ἀμάν δὲ ἐπιπεπτώκει ἐπὶ τὴν κλίνην ἀξιῶν τὴν βασίλισσαν. εἶπε δὲ ὁ βασιλεύς· ὥστε καὶ τὴν γυναῖκα βιάζῃ ἐν τῇ οἰκίᾳ μου; Ἀμὰν δὲ ἀκούσας διετράπη τῷ προσώπῳ.",,,,
Greek Esther 7:9,ESG,Greek Esther,7,9,"εἶπε δὲ Βουγαθὰν εἷς τῶν εὐνούχων πρὸς τὸν βασιλέα· ἰδοὺ καὶ ξύλον ἡτοίμασεν Ἀμὰν Μαρδοχαίῳ τῷ λαλήσαντι περὶ τοῦ βασιλέως, καὶ ὤρθωται ἐν τοῖς Ἀμὰν ξύλον πηχῶν πεντήκοντα. εἶπε δὲ ὁ βασιλεύς· σταυρωθήτω ἐπ᾿ αὐτοῦ.",,,,
Greek Esther 7:10,ESG,Greek Esther,7,10,"καὶ ἐκρεμάσθη Ἀμὰν ἐπὶ τοῦ ξύλου, ὃ ἡτοιμάσθη Μαρδοχαίῳ. καὶ τότε ὁ βασιλεὺς ἐκόπασε τοῦ θυμοῦ.",,,,
Greek Esther 8:1,ESG,Greek Esther,8,1,"ΚΑΙ ἐν αὐτῇ τῇ ἡμέρᾳ ὁ βασιλεὺς Ἀρταξέρξης ἐδωρήσατο Ἐσθὴρ ὅσα ὑπῆρχεν Ἀμὰν τῷ διαβόλῳ, καὶ Μαρδοχαῖος προσεκλήθη ὑπὸ τοῦ βασιλέως· ὑπέδειξε γὰρ Ἐσθήρ, ὅτι ἐνοικείωται αὐτῇ.",,,,
Greek Esther 8:2,ESG,Greek Esther,8,2,"ἔλαβε δὲ ὁ βασιλεὺς τὸν δακτύλιον, ὃν ἀφείλετο Ἀμάν, καὶ ἔδωκεν αὐτὸν Μαρδοχαίῳ, καὶ κατέστησεν Ἐσθὴρ Μαρδοχαῖον ἐπὶ πάντων τῶν Ἀμάν.",,,,
Greek Esther 8:3,ESG,Greek Esther,8,3,καὶ προσθεῖσα ἐλάλησε πρὸς τὸν βασιλέα καὶ προσέπεσε πρὸς τοὺς πόδας αὐτοῦ καὶ ἠξίου ἀφελεῖν τὴν Ἀμὰν κακίαν καὶ ὅσα ἐποίησε τοῖς Ἰουδαίοις.,,,,
Greek Esther 8:4,ESG,Greek Esther,8,4,"ἐξέτεινε δὲ ὁ βασιλεὺς Ἐσθὴρ τὴν ράβδον τὴν χρυσῆν, ἐξηγέρθη δὲ Ἐσθὴρ παρεστηκέναι τῷ βασιλεῖ,",,,,
Greek Esther 8:5,ESG,Greek Esther,8,5,"καὶ εἶπεν Ἐσθήρ· εἰ δοκεῖ σοι καὶ εὗρον χάριν, πεμφθήτω ἀποστραφῆναι τὰ γράμματα τὰ ἀπεσταλμένα ὑπὸ Ἀμάν, τὰ γραφέντα ἀπολέσθαι τοὺς Ἰουδαίους, οἵ εἰσιν ἐν τῇ βασιλείᾳ σου·",,,,
Greek Esther 8:6,ESG,Greek Esther,8,6,πῶς γὰρ δυνήσομαι ἰδεῖν τὴν κάκωσιν τοῦ λαοῦ μου καὶ πῶς δυνήσομαι σωθῆναι ἐν τῇ ἀπωλείᾳ τῆς πατρίδος μου;,,,,
Greek Esther 8:7,ESG,Greek Esther,8,7,"καὶ εἶπεν ὁ βασιλεὺς πρὸς Ἐσθήρ· εἰ πάντα τὰ ὑπάρχοντα Ἀμὰν ἔδωκα καὶ ἐχαρισάμην σοι καὶ αὐτὸν ἐκρέμασα ἐπὶ ξύλου, ὅτι τὰς χεῖρας ἐπήνεγκε τοῖς Ἰουδαίοις, τί ἔτι ἐπιζητεῖς;",,,,
Greek Esther 8:8,ESG,Greek Esther,8,8,"γράψατε καὶ ὑμεῖς ἐκ τοῦ ὀνόματός μου, ὡς δοκεῖ ὑμῖν, καὶ σφραγίσατε τῷ δακτυλίῳ μου· ὅσα γὰρ γράφετε τοῦ βασιλέως ἐπιτάξαντος καὶ σφραγισθῇ τῷ δακτυλίω μου, οὐκ ἔστιν αὐτοῖς ἀντειπεῖν.",,,,
Greek Esther 8:9,ESG,Greek Esther,8,9,"ἐκλήθησαν δὲ οἱ γραμματεῖς ἐν τῷ πρώτῳ μηνί, ὅς ἐστι Νισάν, τρίτῃ καὶ εἰκάδι τοῦ αὐτοῦ ἔτους, καὶ ἐγράφη τοῖς Ἰουδαίοις ὅσα ἐνετείλατο τοῖς οἰκονόμοις καὶ τοῖς ἄρχουσι τῶν σατραπῶν, ἀπὸ τῆς Ἰνδικῆς ἕως τῆς Αἰθιοπίας, ἑκατὸν εἰκοσιεπτὰ σατράπαις κατὰ χώραν καὶ χώραν, κατὰ τὴν ἑαυτῶν λέξιν.",,,,
Greek Esther 8:10,ESG,Greek Esther,8,10,"ἐγράφη δὲ διὰ τοῦ βασιλέως καὶ ἐσφραγίσθη τῷ δακτυλίῳ αὐτοῦ, καὶ ἐξαπέστειλαν τὰ γράμματα διὰ βιβλιοφόρων,",,,,
Greek Esther 8:11,ESG,Greek Esther,8,11,"ὡς ἐπέταξε αὐτοῖς χρῆσθαι τοῖς νόμοις αὐτῶν ἐν πάσῃ πόλει βοηθῆσαί τε αὐτοῖς καὶ χρῆσθαι τοῖς ἀντιδίκοις αὐτῶν καὶ τοῖς ἀντικειμένοις αὐτῶν, ὡς βούλονται,",,,,
Greek Esther 8:12,ESG,Greek Esther,8,12,"ἐν ἡμέρα μιᾷ ἐν πάσῃ τῇ βασιλείᾳ Ἀρταξέρξου, τῇ τρισκαιδεκάτῃ τοῦ δωδεκάτου μηνός, ὅς ἐστιν Ἀδάρ.",,,,
Greek Esther 8:12α,ESG,Greek Esther,8,12α,Ὧν ἐστιν ἀντίγραφον τῆς ἐπιστολῆς τὰ ὑπογεγραμμένα·,,,,
Greek Esther 8:12β,ESG,Greek Esther,8,12β,"‘βασιλεὺς μέγας Ἀρταξέρξης τοῖς ἀπὸ τῆς Ἰνδικῆς ἕως τῆς Αἰθιοπίας ἑκατὸν εἰκοσιεπτὰ σατραπείαις χωρῶν ἄρχουσι καὶ τοῖς τὰ ἡμέτερα φρονοῦσι, χαίρειν.",,,,
Greek Esther 8:12γ,ESG,Greek Esther,8,12γ,"πολλοὶ τῇ πλείστῃ τῶν εὐεργετούντων χρηστότητι πυκνότερον τιμώμενοι μεῖζον ἐφρόνησαν καὶ οὐ μόνον τοὺς ὑποτεταγμένους ἡμῖν ζητοῦσι κακοποιεῖν, τόν τε κόρον οὐ δυνάμενοι φέρειν καὶ τοῖς ἑαυτῶν εὐεργέταις ἐπιχειροῦσιν μηχανᾶσθαι·",,,,
Greek Esther 8:12δ,ESG,Greek Esther,8,12δ,"καὶ τὴν εὐχαριστίαν οὐ μόνον ἐκ τῶν ἀνθρώπων ἀνταναιροῦντες, ἀλλὰ καὶ τοῖς τῶν ἀπειραγάθων κόμποις ἐπαρθέντες, τοῦ τὰ πάντα κατοπτεύοντος ἀεὶ Θεοῦ μισοπόνηρον ὑπολαμβάνουσιν ἐκφεύξεσθαι δίκην.",,,,
Greek Esther 8:12ε,ESG,Greek Esther,8,12ε,"πολλάκις δὲ καὶ πολλοὺς τῶν ἐπ᾿ ἐξουσίαις τεταγμένων τῶν πιστευθέντων χειρίζειν φίλων τὰ πράγματα παραμυθία μετόχους αἱμάτων ἀθώων καταστήσασα, περιέβαλε συμφοραῖς ἀνηκέστοις,",,,,
Greek Esther 8:12ζ,ESG,Greek Esther,8,12ζ,τῷ τῆς κακοηθείας ψευδεῖ παραλογισμῷ παραλογισαμένων τὴν τῶν ἐπικρατούντων ἀκέραιον εὐγνωμοσύνην.,,,,
Greek Esther 8:12η,ESG,Greek Esther,8,12η,"σκοπεῖν δὲ ἔξεστιν, οὐ τοσοῦτον ἐκ τῶν παλαιοτέρων ὧν παρεδώκαμεν ἱστοριῶν, ὅσα ἐστὶ παρὰ πόδας ὑμᾶς ἐκζητοῦντας ἀνοσίως συντετελεσμένα τῇ τῶν ἀνάξια δυναστευόντων λοιμότητι,",,,,
Greek Esther 8:12θ,ESG,Greek Esther,8,12θ,"καὶ προσέχειν εἰς τὰ μετὰ ταῦτα εἰς τὸ τὴν βασιλείαν ἀτάραχον τοῖς πᾶσιν ἀνθρώποις μετ᾿ εἰρήνης παρεξόμεθα,",,,,
Greek Esther 8:12ι,ESG,Greek Esther,8,12ι,"χρώμενοι ταῖς μεταβολαῖς, τὰ δὲ ὑπὸ τὴν ὄψιν ἐρχόμενα διακρίνοντες ἀεὶ μετ᾿ ἐπιεικεστέρας ἀπαντήσεως.",,,,
Greek Esther 8:12κ,ESG,Greek Esther,8,12κ,"ὡς γὰρ Ἀμὰν Ἀμαδάθου Μακεδών, ταῖς ἀληθείας ἀλλότριος τοῦ τῶν Περσῶν αἵματος καὶ πολὺ διεστηκὼς τῆς ἡμετέρας χρηστότητος, ἐπιξενωθεὶς ἡμῖν",,,,
Greek Esther 8:12λ,ESG,Greek Esther,8,12λ,"ἔτυχεν, ἧς ἔχομεν πρὸς πᾶν ἔθνος φιλανθρωπίας ἐπὶ τοσοῦτον, ὥστε ἀναγορεύεσθαι ἡμῶν πατέρα καὶ προσκυνούμενον ὑπὸ πάντων τὸ δεύτερον τοῦ βασιλικοῦ θρόνου πρόσωπον διατελεῖν·",,,,
Greek Esther 8:12μ,ESG,Greek Esther,8,12μ,"οὐκ ἐνέγκας δὲ τὴν ὑπερηφανίαν ἐπετήδευσε τῆς ἀρχῆς στερῆσαι ἡμᾶς καὶ τοῦ πνεύματος,",,,,
Greek Esther 8:12ν,ESG,Greek Esther,8,12ν,τόν τε ἡμέτερον σωτῆρα καὶ διαπαντὸς εὐεργέτην Μαρδοχαῖον καὶ τὴν ἄμεμπτον τῆς βασιλείας κοινωνὸν Ἐσθὴρ σὺν παντὶ τῷ τούτων ἔθνει πολυπλόκοις μεθόδων παραλογισμοῖς αἰτησάμενος εἰς ἀπώλειαν·,,,,
Greek Esther 8:12ξ,ESG,Greek Esther,8,12ξ,"διὰ γὰρ τῶν τρόπων τούτων ᾠήθη λαβὼν ἡμᾶς ἐρήμους, τὴν τῶν Περσῶν ἐπικράτησιν εἰς τοὺς Μακεδόνας μετάξαι.",,,,
Greek Esther 8:12ο,ESG,Greek Esther,8,12ο,"ἡμεῖς δὲ τοὺς ὑπὸ τοῦ τρισαλιτηρίου παραδεδομένους εἰς ἀφανισμὸν Ἰουδαίους, εὑρίσκομεν οὐ κακούργους ὄντας, δικαιοτάτοις δὲ πολιτευομένους νόμοις,",,,,
Greek Esther 8:12π,ESG,Greek Esther,8,12π,ὄντας δὲ υἱοὺς τοῦ Ὑψίστου μεγίστου ζῶντος Θεοῦ τοῦ κατευθύνοντος ἡμῖν τε καὶ τοῖς προγόνοις ἡμῶν τὴν βασιλείαν ἐν τῇ καλλίστῃ διαθέσει.,,,,
Greek Esther 8:12ρ,ESG,Greek Esther,8,12ρ,"καλῶς οὗν ποιήσετε μὴ προσχρησάμενοι τοῖς ὑπὸ Ἀμὰν Ἀμαδάθου ἀποσταλεῖσι γράμμασι διὰ τὸν αὐτὸν τὸν ταῦτα ἐξεργασάμενον πρὸς ταῖς Σούσων πύλαις ἐσταυρῶσθαι σὺν τῇ πανοικίᾳ, τὴν καταξίαν τοῦ τὰ πάντα ἐπικρατοῦντος Θεοῦ διὰ τάχους ἀποδόντος αὐτῷ κρίσιν.",,,,
Greek Esther 8:12σ,ESG,Greek Esther,8,12σ,"τὸ δὲ ἀντίγραφον τῆς ἐπιστολῆς ταύτης ἐκθέντες ἐν παντὶ τόπῳ μετὰ παρρησίας, ἐᾶν τοὺς Ἰουδαίους χρῆσθαι τοῖς ἑαυτῶν νομίμοις καὶ συνεπισχύειν αὐτοῖς, ὅπως τοὺς ἐν καιρῷ θλίψεως ἐπιθεμένους αὐτοῖς ἀμύνωνται τῇ τρισκαιδεκάτῃ τοῦ δωδεκάτου μηνὸς Ἀδὰρ τῇ αὐτῇ ἡμέρᾳ·",,,,
Greek Esther 8:12τ,ESG,Greek Esther,8,12τ,ταύτην γὰρ ὁ τὰ πάντα δυναστεύων Θεὸς ἀντ᾿ ὀλεθρίας τοῦ ἐκλεκτοῦ γένους ἐποίησεν αὐτοῖς εὐφροσύνην.,,,,
Greek Esther 8:12υ,ESG,Greek Esther,8,12υ,"καὶ ὑμεῖς οὖν ἐν ταῖς ἐπωνύμοις ὑμῶν ἑορταῖς ἐπίσημον ἡμέραν μετὰ πάσης εὐωχίας ἄγεται, ὅπως καὶ νῦν καὶ μετὰ ταῦτα σωτηρία ᾖ ἡμῖν καὶ τοῖς εὐνοοῦσι Πέρσαις, τοῖς δὲ ἡμῖν ἐπιβουλεύουσι μνημόσυνον τῆς ἀπωλείας.",,,,
Greek Esther 8:12φ,ESG,Greek Esther,8,12φ,"πᾶσα δὲ πόλις ἢ χώρα τὸ σύνολον, ἥτις κατὰ ταῦτα μὴ ποιήσῃ, δόρατι καὶ πυρὶ καταναλωθήσεται μετ᾿ ὀργῆς· οὐ μόνον ἀνθρώποις ἄβατος, ἀλλὰ καὶ θηρίοις καὶ πετεινοῖς εἰς τὸν ἅπαντα χρόνον ἔχθιστος κατασταθήσεται.",,,,
Greek Esther 8:13,ESG,Greek Esther,8,13,"τὰ δὲ ἀντίγραφα ἐκτιθέσθωσαν ὀφθαλμοφανῶς ἐν πάσῃ τῇ βασιλείᾳ, ἑτοίμους τε εἶναι πάντας τοὺς Ἰουδαίους εἰς ταύτην τὴν ἡμέραν, πολεμῆσαι αὐτῶν τοὺς ὑπεναντίους’.",,,,
Greek Esther 8:14,ESG,Greek Esther,8,14,Οἱ μὲν οὗν ἱππεῖς ἐξῆλθον σπεύδοντες τὰ ὑπὸ τοῦ βασιλέως λεγόμενα ἐπιτελεῖν· ἐξετέθη δὲ τὸ πρόσταγμα καὶ ἐν Σούσοις.,,,,
Greek Esther 8:15,ESG,Greek Esther,8,15,ὁ δὲ Μαρδοχαῖος ἐξῆλθεν ἐστολισμένος τὴν βασιλικὴν στολὴν καὶ στέφανον ἔχων χρυσοῦν καὶ διάδημα βύσσινον πορφυροῦν· ἰδόντες δὲ οἱ ἐν Σούσοις ἐχάρησαν.,,,,
Greek Esther 8:16,ESG,Greek Esther,8,16,τοῖς δὲ Ἰουδαίοις ἐγένετο φῶς καὶ εὐφροσύνη·,,,,
Greek Esther 8:17,ESG,Greek Esther,8,17,"κατὰ πόλιν καὶ χώραν, οὗ ἂν ἐξετέθη τὸ πρόσταγμα, οὗ ἂν ἐξετέθη τὸ ἔκθεμα, χαρὰ καὶ εὐφροσύνη τοῖς Ἰουδαίοις, κώθων καὶ εὐφροσύνη. καὶ πολλοὶ τῶν ἐθνῶν περιετέμνοντο καὶ ἰουδάϊζον διὰ τὸν φόβον τῶν Ἰουδαίων.",,,,
Greek Esther 9:1,ESG,Greek Esther,9,1,"Εν γὰρ τῷ δωδεκάτῳ μηνί, τῇ τρισκαιδεκάτη τοῦ μηνός, ὅς ἐστιν Ἀδάρ, παρῆν τὰ γράμματα τὰ γραφέντα ὑπὸ τοῦ βασιλέως.",,,,
Greek Esther 9:2,ESG,Greek Esther,9,2,"ἐν αὐτῇ τῇ ἡμέρᾳ ἀπώλοντο οἱ ἀντικείμενοι τοῖς Ἰουδαίοις· οὐδεὶς γὰρ ἀντέστη, φοβούμενος αὐτούς.",,,,
Greek Esther 9:3,ESG,Greek Esther,9,3,οἱ γὰρ ἄρχοντες τῶν σατραπῶν καὶ οἱ τύραννοι καὶ οἱ βασιλικοὶ γραμματεῖς ἐτίμων τοὺς Ἰουδαίους· ὁ γὰρ φόβος Μαρδοχαίου ἐνέκειτο αὐτοῖς.,,,,
Greek Esther 9:4,ESG,Greek Esther,9,4,προσέπεσε γὰρ τὸ πρόσταγμα τοῦ βασιλέως ὀνομασθῆναι ἐν πάσῃ τῇ βασιλείᾳ καὶ ἐμεγαλύνετο.,,,,
Greek Esther 9:5,ESG,Greek Esther,9,5,καὶ ἐπάταξαν οἱ Ἰουδαῖοι πληγὴν ἐν πᾶσι τοῖς ἐχθροῖς αὐτῶν πληγὴν μαχαίρας καὶ ἀναιρέσεως καὶ ἀπωλείας καὶ ἐποίησαν ἐν τοῖς μισοῦσιν αὐτοὺς κατὰ τὸ θέλημα αὐτῶν.,,,,
Greek Esther 9:6,ESG,Greek Esther,9,6,"καὶ ἐν Σούσοις τῇ πόλει ἀπέκτειναν οἱ Ἰουδαῖοι ἄνδρας πεντακοσίους,",,,,
Greek Esther 9:7,ESG,Greek Esther,9,7,τόν τε Φαρσαννὲς καὶ Δελφὼν καὶ Φασγὰ,,,,
Greek Esther 9:8,ESG,Greek Esther,9,8,καὶ Φαραδαθὰ καὶ Βαρέα καὶ Σαρβακὰ,,,,
Greek Esther 9:9,ESG,Greek Esther,9,9,"καὶ Μαρμασιμὰ καὶ Ρουφαῖον καὶ Ἀρσαῖον καὶ Ζαβουθαῖον,",,,,
Greek Esther 9:10,ESG,Greek Esther,9,10,"τοὺς δέκα υἱοὺς Ἀμὰν Ἀμαδάθου Βουγαίου τοῦ ἐχθροῦ τῶν Ἰουδαίων, καὶ διήρπασαν.",,,,
Greek Esther 9:11,ESG,Greek Esther,9,11,ἐν αὐτῇ τῇ ἡμέρᾳ ἐπεδόθη ὁ ἀριθμὸς τῷ βασιλεῖ τῶν ἀπολωλότων ἐν Σούσοις.,,,,
Greek Esther 9:12,ESG,Greek Esther,9,12,"εἶπε δὲ ὁ βασιλεὺς πρὸς Ἐσθήρ· ἀπώλεσαν οἱ Ἰουδαῖοι ἐν Σούσοις τῇ πόλει ἄνδρας πεντακοσίους· ἐν δὲ τῇ περιχώρῳ πῶς οἴει ἐχρήσαντο; τί οὖν ἀξιοῖς ἔτι, καὶ ἔσται σοι;",,,,
Greek Esther 9:13,ESG,Greek Esther,9,13,"καὶ εἶπεν Ἐσθὴρ τῷ βασιλεῖ· δοθήτω τοῖς Ἰουδαίοις χρῆσθαι ὡσαύτως τὴν αὔριον, ὥστε τοὺς δέκα υἱοὺς Ἀμὰν κρεμάσαι.",,,,
Greek Esther 9:14,ESG,Greek Esther,9,14,καὶ ἐπέτρεψεν οὕτως γενέσθαι καὶ ἐξέθηκε τοῖς Ἰουδαίοις τῆς πόλεως τὰ σώματα τῶν υἱῶν Ἀμὰν κρεμάσαι.,,,,
Greek Esther 9:15,ESG,Greek Esther,9,15,καὶ συνήχθησαν οἱ Ἰουδαῖοι ἐν Σούσοις τῇ τεσσαρεσκαιδεκάτῃ τοῦ Ἀδὰρ καὶ ἀπέκτειναν ἄνδρας τριακοσίους καὶ οὐδὲν διήρπασαν.,,,,
Greek Esther 9:16,ESG,Greek Esther,9,16,οἱ δὲ λοιποὶ τῶν Ἰουδαίων οἱ ἐν τῇ βασιλείᾳ συνήχθησαν καὶ ἑαυτοῖς ἐβοήθουν καὶ ἀνεπαύσαντο ἀπὸ τῶν πολεμίων· ἀπώλεσαν γὰρ αὐτῶν μυρίους πεντακισχιλίους τῇ τρισκαιδεκάτῃ τοῦ Ἀδὰρ καὶ οὐδὲν διήρπασαν.,,,,
Greek Esther 9:17,ESG,Greek Esther,9,17,καὶ ἀνεπαύσαντο τῇ τεσσαρεσκαιδεκάτῃ τοῦ αὐτοῦ μηνὸς καὶ ἦγον αὐτὴν ἡμέραν ἀναπαύσεως μετὰ χαρᾶς καὶ εὐφροσύνης.,,,,
Greek Esther 9:18,ESG,Greek Esther,9,18,οἱ δὲ Ἰουδαῖοι ἐν Σούσοις τῇ πόλει συνήχθησαν καὶ τῇ τεσσαρεσκαιδεκάτῃ καὶ ἀνεπαύσαντο· ἦγον δὲ καὶ τὴν πεντεκαιδεκάτην μετὰ χαρᾶς καὶ εὐφροσύνης.,,,,
Greek Esther 9:19,ESG,Greek Esther,9,19,διὰ τοῦτο οὖν οἱ Ἰουδαῖοι οἱ διεσπαρμένοι ἐν πάσῃ χώρᾳ τῇ ἔξω ἄγουσι τὴν τεσσαρεσκαιδεκάτην τοῦ Ἀδὰρ ἡμέραν ἀγαθὴν μετ᾿ εὐφροσύνης ἀποστέλλοντες μερίδας ἕκαστος τῷ πλησίον.,,,,
Greek Esther 9:20,ESG,Greek Esther,9,20,"Ἔγραψε δὲ Μαρδοχαῖος τοὺς λόγους τούτους εἰς βιβλίον καὶ ἐξαπέστειλε τοῖς Ἰουδαίοις, ὅσοι ἦσαν ἐν τῇ Ἀρταξέρξου βασιλεία, τοῖς ἐγγὺς καὶ τοῖς μακράν,",,,,
Greek Esther 9:21,ESG,Greek Esther,9,21,"στῆσαι τὰς ἡμέρας ταύτας ἀγαθὰς ἄγειν τε τὴν τεσσαρεσκαιδεκάτην καὶ τὴν πεντεκαιδεκάτην τοῦ Ἀδὰρ 22 ἐν γὰρ ταύταις ταῖς ἡμέραις ἀνεπαύσαντο οἱ Ἰουδαῖοι ἀπὸ τῶν ἐχθρῶν αὐτῶν καὶ τὸν μῆνα, ἐν ᾧ ἐστράφη αὐτοῖς (ὃς ἦν Ἀδὰρ) ἀπὸ πένθους εἰς χαρὰν καὶ ἀπὸ ὀδύνης εἰς ἀγαθὴν ἡμέραν, ἄγειν ὅλον ἀγαθὰς ἡμέρας γάμων καὶ εὐφροσύνης, ἐξαποστέλλοντας μερίδας τοῖς φίλοις καὶ τοῖς πτωχοῖς.",,,,
Greek Esther 9:23,ESG,Greek Esther,9,23,"καὶ προσεδέξαντο οἱ Ἰουδαῖοι, καθὼς ἔγραψεν αὐτοῖς ὁ Μαρδοχαῖος,",,,,
Greek Esther 9:24,ESG,Greek Esther,9,24,"πῶς Ἀμὰν Ἀμαδάθου, ὁ Μακεδών, ἐπολέμει αὐτούς, καθὼς ἔθετο ψήφισμα καὶ κλῆρον ἀφανίσαι αὐτούς,",,,,
Greek Esther 9:25,ESG,Greek Esther,9,25,"καὶ ὡς εἰσῆλθε πρὸς τὸν βασιλέα λέγων κρεμάσαι τὸν Μαρδοχαῖον· ὅσα δὲ ἐπεχείρησεν ἐπάξαι ἐπὶ τοὺς Ἰουδαίους κακά, ἐπ᾿ αὐτὸν ἐγένοντο, καὶ ἐκρεμάσθη αὐτός, καὶ τὰ τέκνα αὐτοῦ.",,,,
Greek Esther 9:26,ESG,Greek Esther,9,26,"διὰ τοῦτο ἐπεκλήθησαν αἱ ἡμέραι αὗται Φρουραὶ διὰ τοὺς κλήρους, ὅτι τῇ διαλέκτῳ αὐτῶν καλοῦνται Φρουραί, διὰ τοὺς λόγους τῆς ἐπιστολῆς ταύτης καὶ ὅσα πεπόνθασι διὰ ταῦτα καὶ ὅσα αὐτοῖς ἐγένετο,",,,,
Greek Esther 9:27,ESG,Greek Esther,9,27,"καὶ ἔστησε· καὶ προσεδέχοντο οἱ Ἰουδαῖοι ἐφ᾿ ἑαυτοῖς καὶ ἐπὶ τῷ σπέρματι αὐτῶν καὶ ἐπὶ τοῖς προστεθειμένοις ἐπ᾿ αὐτῶν, οὐδὲ μὴν ἄλλων χρήσονται. αἱ δὲ ἡμέραι αὗται μνημόσυνον ἐπιτελούμενον κατὰ γενεὰν καὶ γενεὰν καὶ πόλιν καὶ πατριὰν καὶ χώραν.",,,,
Greek Esther 9:28,ESG,Greek Esther,9,28,"αἱ δὲ ἡμέραι αὗται τῶν Φρουραὶ ἀχθήσονται εἰς τὸν ἅπαντα χρόνον, καὶ τὸ μνημόσυνον αὐτῶν οὐ μὴ ἐκλίπῃ ἐκ τῶν γενεῶν.",,,,
Greek Esther 9:29,ESG,Greek Esther,9,29,καὶ ἔγραψεν Ἐσθὴρ ἡ βασίλισσα θυγάτηρ Ἀμιναδὰβ καὶ Μαρδοχαῖος ὁ Ἰουδαῖος ὅσα ἐποίησαν τό τε στερέωμα τῆς ἐπιστολῆς τῶν Φρουραί.,,,,
Greek Esther 9:30,ESG,Greek Esther,9,30,"καὶ Μαρδοχαῖος καὶ Ἐσθὴρ ἡ βασίλισσα ἔστησαν ἑαυτοῖς καθ᾿ ἑαυτῶν, καὶ τότε στήσαντες κατὰ τῆς ὑγείας ἑαυτῶν καὶ τὴν βουλὴν αὐτῶν.",,,,
Greek Esther 9:31,ESG,Greek Esther,9,31,"καὶ Ἐσθὴρ λόγῳ ἔστησεν εἰς τὸν αἰῶνα, καὶ ἐγράφη εἰς μνημόσυνον.",,,,
Greek Esther 10:1,ESG,Greek Esther,10,1,"ΕΓΡΑΨΕ δὲ ὁ βασιλεὺς ἐπὶ τὴν βασιλείαν τῆς τε γῆς καὶ τῆς θαλάσσης,",,,,
Greek Esther 10:2,ESG,Greek Esther,10,2,"καὶ τὴν ἰσχὺν αὐτοῦ καὶ ἀνδραγαθίαν πλοῦτόν τε καὶ δόξαν τῆς βασιλείας αὐτοῦ, ἰδοὺ γέγραπται ἐν βιβλίῳ βασιλέων Περσῶν καὶ Μήδων εἰς μνημόσυνον.",,,,
Greek Esther 10:3,ESG,Greek Esther,10,3,"ὁ δὲ Μαρδοχαῖος διεδέχετο τὸν βασιλέα Ἀρταξέρξην καὶ μέγας ἦν ἐν τῇ βασιλείᾳ καὶ δεδοξασμένος ὑπὸ τῶν Ἰουδαίων· καὶ φιλούμενος, διηγεῖτο τὴν ἀγωγὴν παντὶ τῷ ἔθνει αὐτοῦ.",,,,
Greek Esther 10:3α,ESG,Greek Esther,10,3α,"Καὶ εἶπε Μαρδοχαῖος· παρὰ τοῦ Θεοῦ ἐγένετο ταῦτα. 3β ἐμνήσθη γὰρ περὶ τοῦ ἐνυπνίου, οὗ εἶδον περὶ τῶν λόγων τούτων· οὐδὲ γὰρ παρῆλθεν ἀπ᾿ αὐτῶν λόγος.",,,,
Greek Esther 10:3γ,ESG,Greek Esther,10,3γ,"ἡ μικρὰ πηγή, ἣ ἐγένετο ποταμὸς καὶ ἦν φῶς καὶ ἥλιος καὶ ὕδωρ πολύ· Ἐσθήρ ἐστιν ὁ ποταμός, ἣν ἐγάμησεν ὁ βασιλεὺς καὶ ἐποίησε βασίλισσαν.",,,,
Greek Esther 10:3δ,ESG,Greek Esther,10,3δ,"οἱ δὲ δύο δράκοντες, ἐγώ εἰμι καὶ Ἀμάν.",,,,
Greek Esther 10:3ε,ESG,Greek Esther,10,3ε,τὰ δὲ ἔθνη τὰ ἐπισυναχθέντα ἀπολέσαι τὸ ὄνομα τῶν Ἰουδαίων.,,,,
Greek Esther 10:3ζ,ESG,Greek Esther,10,3ζ,"τὸ δὲ ἔθνος τὸ ἐμόν, οὗτός ἐστιν Ἰσραήλ, οἱ βοήσαντες πρὸς τὸν Θεὸν καὶ σωθέντες· καὶ ἔσωσε Κύριος τὸν λαὸν αὐτοῦ καὶ ἐρύσατο Κύριος ἡμᾶς ἐκ πάντων τῶν κακῶν τούτων. καὶ ἐποίησεν ὁ Θεὸς τὰ σημεῖα καὶ τὰ τέρατα τὰ μεγάλα, ἃ οὐ γέγονεν ἐν τοῖς ἔθνεσι.",,,,
Greek Esther 10:3η,ESG,Greek Esther,10,3η,"διὰ τοῦτο ἐποίησε κλήρους δύο, ἕνα τῷ λαῷ τοῦ Θεοῦ καὶ ἕνα πᾶσι τοῖς ἔθνεσι·",,,,
Greek Esther 10:3θ,ESG,Greek Esther,10,3θ,"καὶ ἦλθον οἱ δύο κλῆροι οὗτοι εἰς ὥραν καὶ καιρὸν καὶ εἰς ἡμέραν κρίσεως ἐνώπιον τοῦ Θεοῦ καὶ πᾶσιν τοῖς ἔθνεσι,",,,,
Greek Esther 10:3ι,ESG,Greek Esther,10,3ι,καὶ ἐμνήσθη ὁ Θεὸς τοῦ λαοῦ αὐτοῦ καὶ ἐδικαίωσε τὴν κληρονομίαν αὐτοῦ·,,,,
Greek Esther 10:3κ,ESG,Greek Esther,10,3κ,καὶ ἔσονται αὐτοῖς αἱ ἡμέραι αὗται ἐν μηνὶ Ἀδὰρ τῇ τεσσαρεσκαιδεκάτῃ καὶ τῇ πεντεκαιδεκάτῃ τοῦ μηνὸς μετὰ συναγωγῆς καὶ χαρᾶς καὶ εὐφροσύνης ἐνώπιον τοῦ Θεοῦ κατὰ γενεὰς εἰς τὸν αἰῶνα ἐν τῷ λαῷ αὐτοῦ Ἰσραήλ.,,,,
Greek Esther 10:3λ,ESG,Greek Esther,10,3λ,"Ἔτους τετάρτου βασιλεύοντος Πτολεμαίου καὶ Κλεοπάτρας εἰσήνεγκε Δοσίθεος, ὃς ἔφη εἶναι ἱερεὺς καὶ Λευίτης, καὶ Πτολεμαῖος ὁ υἱὸς αὐτοῦ τὴν προκειμένην ἐπιστολὴν τῶν Φρουραί, ἣν ἔφασαν εἶναι καὶ ἡρμηνευκέναι Λυσίμαχον Πτολεμαίου τῶν ἐν Ἱερουσαλήμ.",,,,
Wisdom 1:1,WIS,Wisdom,1,1,"ΑΓΑΠΗΣΑΤΕ δικαιοσύνην, οἱ κρίνοντες τὴν γῆν, φρονήσατε περὶ τοῦ Κυρίου ἐν ἀγαθότητι, καὶ ἐν ἁπλότητι καρδίας ζητήσατε αὐτόν·",,,,
Wisdom 1:2,WIS,Wisdom,1,2,"ὅτι εὑρίσκεται τοῖς μὴ πειράζουσιν αὐτόν, ἐμφανίζεται δὲ τοῖς μὴ ἀπιστοῦσιν αὐτῷ.",,,,
Wisdom 1:3,WIS,Wisdom,1,3,"σκολιοὶ γὰρ λογισμοὶ χωρίζουσιν ἀπὸ Θεοῦ, δοκιμαζομένη τε ἡ δύναμις ἐλέγχει τοὺς ἄφρονας.",,,,
Wisdom 1:4,WIS,Wisdom,1,4,"ὅτι εἰς κακότεχνον ψυχὴν οὐκ εἰσελεύσεται σοφία, οὐδὲ κατοικήσει ἐν σώματι κατάχρεῳ ἁμαρτίας·",,,,
Wisdom 1:5,WIS,Wisdom,1,5,ἅγιον γὰρ πνεῦμα παιδείας φεύξεται δόλον καὶ ἀπαναστήσεται ἀπὸ λογισμῶν ἀσυνέτων καὶ ἐλεγχθήσεται ἐπελθούσης ἀδικίας.,,,,
Wisdom 1:6,WIS,Wisdom,1,6,φιλάνθρωπον γὰρ πνεῦμα σοφία καὶ οὐκ ἀθῳώσει βλάσφημον ἀπὸ χειλέων αὐτοῦ· ὅτι τῶν νεφρῶν αὐτοῦ μάρτυς ὁ Θεὸς καὶ τῆς καρδίας αὐτοῦ ἐπίσκοπος ἀληθὴς καὶ τῆς γλώσσης ἀκουστής·,,,,
Wisdom 1:7,WIS,Wisdom,1,7,"ὅτι πνεῦμα Κυρίου πεπλήρωκε τὴν οἰκουμένην, καὶ τὸ συνέχον τὰ πάντα γνῶσιν ἔχει φωνῆς.",,,,
Wisdom 1:8,WIS,Wisdom,1,8,"διὰ τοῦτο φθεγγόμενος ἄδικα οὐδεὶς μὴ λάθῃ, οὐδὲ μὴ παροδεύσῃ αὐτὸν ἐλέγχουσα ἡ δίκη.",,,,
Wisdom 1:9,WIS,Wisdom,1,9,"ἐν γὰρ διαβουλίοις ἀσεβοῦς ἐξέτασις ἔσται, λόγων δὲ αὐτοῦ ἀκοὴ πρὸς Κύριον ἥξει εἰς ἔλεγχον ἀνομημάτων αὐτοῦ·",,,,
Wisdom 1:10,WIS,Wisdom,1,10,"ὅτι οὖς ζηλώσεως ἀκροᾶται τὰ πάντα, καὶ θροῦς γογγυσμῶν οὐκ ἀποκρύπτεται.",,,,
Wisdom 1:11,WIS,Wisdom,1,11,"φυλάξασθε τοίνυν γογγυσμὸν ἀνωφελῆ καὶ ἀπὸ καταλαλιᾶς φείσασθε γλώσσης· ὅτι φθέγμα λαθραῖον κενὸν οὐ πορεύσεται, στόμα δὲ καταψευδόμενον ἀναιρεῖ ψυχήν.",,,,
Wisdom 1:12,WIS,Wisdom,1,12,"μὴ ζηλοῦτε θάνατον ἐν πλάνῃ ζωῆς ὑμῶν, μηδὲ ἐπισπᾶσθε ὄλεθρον ἔργοις χειρῶν ὑμῶν·",,,,
Wisdom 1:13,WIS,Wisdom,1,13,"ὅτι ὁ Θεὸς θάνατον οὐκ ἐποίησεν, οὐδὲ τέρπεται ἐπ᾿ ἀπωλείᾳ ζώντων.",,,,
Wisdom 1:14,WIS,Wisdom,1,14,"ἔκτισε γὰρ εἰς τὸ εἶναι τὰ πάντα, καὶ σωτήριοι αἱ γενέσεις τοῦ κόσμου, καὶ οὐκ ἔστιν ἐν αὐταῖς φάρμακον ὀλέθρου οὔτε ᾅδου βασίλειον ἐπὶ γῆς.",,,,
Wisdom 1:15,WIS,Wisdom,1,15,δικαιοσύνη γὰρ ἀθάνατός ἐστιν.,,,,
Wisdom 1:16,WIS,Wisdom,1,16,"Ἀσεβεῖς δὲ ταῖς χερσὶ καὶ τοῖς λόγοις προσεκαλέσαντο αὐτόν, φίλον ἡγησάμενοι αὐτὸν ἐτάκησαν καὶ συνθήκην ἔθεντο πρὸς αὐτόν, ὅτι ἄξιοί εἰσι τῆς ἐκείνου μερίδος εἶναι.",,,,
Wisdom 2:1,WIS,Wisdom,2,1,"ΕΙΠΟΝ γὰρ ἐν ἑαυτοῖς λογισάμενοι οὐκ ὀρθῶς· ὀλίγος ἐστὶ καὶ λυπηρὸς ὁ βίος ἡμῶν, καὶ οὐκ ἔστιν ἴασις ἐν τελευτῇ ἀνθρώπου, καὶ οὐκ ἐγνώσθη ὁ ἀναλύσας ἐξ ᾅδου.",,,,
Wisdom 2:2,WIS,Wisdom,2,2,"ὅτι αὐτοσχεδίως ἐγεννήθημεν, καὶ μετὰ τοῦτο ἐσόμεθα ὡς οὐχ ὑπάρξαντες· ὅτι καπνὸς ἡ πνοὴ ἐν ρισὶν ἡμῶν, καὶ ὁ λόγος σπινθὴρ ἐν κινήσει καρδίας ἡμῶν,",,,,
Wisdom 2:3,WIS,Wisdom,2,3,οὗ σβεσθέντος τέφρα ἀποβήσεται τὸ σῶμα καὶ τὸ πνεῦμα διαχυθήσεται ὡς χαῦνος ἀήρ.,,,,
Wisdom 2:4,WIS,Wisdom,2,4,"καὶ τὸ ὄνομα ἡμῶν ἐπιλησθήσεται ἐν χρόνῳ, καὶ οὐθεὶς μνημονεύσει τῶν ἔργων ἡμῶν· καὶ παρελεύσεται ὁ βίος ἡμῶν ὡς ἴχνη νεφέλης καὶ ὡς ὁμίχλη διασκεδασθήσεται διωχθεῖσα ὑπὸ ἀκτίνων ἡλίου καὶ ὑπὸ θερμότητος αὐτοῦ βαρυνθεῖσα.",,,,
Wisdom 2:5,WIS,Wisdom,2,5,"σκιᾶς γὰρ πάροδος ὁ βίος ἡμῶν, καὶ οὐκ ἔστιν ἀναποδισμὸς τῆς τελευτῆς ἡμῶν, ὅτι κατεσφραγίσθη, καὶ οὐδείς ἀναστρέφει.",,,,
Wisdom 2:6,WIS,Wisdom,2,6,δεῦτε οὖν καὶ ἀπολαύσωμεν τῶν ὄντων ἀγαθῶν καὶ χρησώμεθα τῇ κτίσει ὡς ἐν νεότητι σπουδαίως.,,,,
Wisdom 2:7,WIS,Wisdom,2,7,"οἴνου πολυτελοῦς καὶ μύρων πλησθῶμεν, καὶ μὴ παροδευσάτω ἡμᾶς ἄνθος ἀέρος.",,,,
Wisdom 2:8,WIS,Wisdom,2,8,στεψώμεθα ρόδων κάλυξι πρὶν ἢ μαρανθῆναι.,,,,
Wisdom 2:9,WIS,Wisdom,2,9,"μηδεὶς ἡμῶν ἄμοιρος ἔστω τῆς ἡμετέρας ἀγερωγίας, πανταχῆ καταλίπωμεν σύμβολα τῆς εὐφροσύνης, ὅτι αὕτη ἡ μερὶς ἡμῶν καὶ ὁ κλῆρος οὗτος.",,,,
Wisdom 2:10,WIS,Wisdom,2,10,"καταδυναστεύσωμεν πένητα δίκαιον, μὴ φεισώμεθα χήρας, μηδὲ πρεσβύτου ἐντραπῶμεν πολιὰς πολυχρονίους.",,,,
Wisdom 2:11,WIS,Wisdom,2,11,"ἔστω δὲ ἡμῶν ἡ ἰσχὺς νόμος τῆς δικαιοσύνης, τὸ γὰρ ἀσθενὲς ἄχρηστον ἐλέγχεται.",,,,
Wisdom 2:12,WIS,Wisdom,2,12,"ἐνεδρεύσωμεν δὲ τὸν δίκαιον, ὅτι δύσχρηστος ἡμῖν ἐστι καὶ ἐναντιοῦται τοῖς ἔργοις ἡμῶν καὶ ὀνειδίζει ἡμῖν ἁμαρτήματα νόμου καὶ ἐπιφημίζει ἡμῖν ἁμαρτήματα παιδείας ἡμῶν·",,,,
Wisdom 2:13,WIS,Wisdom,2,13,ἐπαγγέλλεται γνῶσιν ἔχειν Θεοῦ καὶ παῖδα Κυρίου ἑαυτὸν ὀνομάζει·,,,,
Wisdom 2:14,WIS,Wisdom,2,14,"ἐγένετο ἡμῖν εἰς ἔλεγχον ἐννοιῶν ἡμῶν· βαρύς ἐστιν ἡμῖν καὒ βλεπόμενος,",,,,
Wisdom 2:15,WIS,Wisdom,2,15,"ὅτι ἀνόμοιος τοῖς ἄλλοις ὁ βίος αὐτοῦ, καὶ ἐξηλλαγμέναι αἱ τρίβοι αὐτοῦ·",,,,
Wisdom 2:16,WIS,Wisdom,2,16,"εἰς κίβδηλον ἐλογίσθημεν αὐτῷ, καὶ ἀπέχεται τῶν ὁδῶν ἡμῶν ὡς ἀπὸ ἀκαθαρσιῶν· μακαρίζει ἔσχατα δικαίων καὶ ἀλαζονεύεται πατέρα Θεόν.",,,,
Wisdom 2:17,WIS,Wisdom,2,17,"ἴδωμεν εἰ οἱ λόγοι αὐτοῦ ἀληθεῖς, καὶ πειράσωμεν τὰ ἐν ἐκβάσει αὐτοῦ·",,,,
Wisdom 2:18,WIS,Wisdom,2,18,"εἰ γάρ ἐστιν ὁ δίκαιος υἱὸς Θεοῦ, ἀντιλήψεται αὐτοῦ καὶ ρύσεται αὐτὸν ἐκ χειρὸς ἀνθεστηκότων.",,,,
Wisdom 2:19,WIS,Wisdom,2,19,"ὕβρει καὶ βασάνῳ ἐτάσωμεν αὐτόν, ἵνα γνῶμεν τὴν ἐπικείκειαν αὐτοῦ καὶ δοκιμάσωμεν τὴν ἀνεξικακίαν αὐτοῦ·",,,,
Wisdom 2:20,WIS,Wisdom,2,20,"θανάτῳ ἀσχήμονι καταδικάσωμεν αὐτόν, ἔσται γὰρ αὐτοῦ ἐπισκοπὴ ἐκ λόγων αὐτοῦ.",,,,
Wisdom 2:21,WIS,Wisdom,2,21,"Ταῦτα ἐλογίσαντο, καὶ ἐπλανήθησαν· ἀπετύφλωσε γὰρ αὐτοὺς ἡ κακία αὐτῶν,",,,,
Wisdom 2:22,WIS,Wisdom,2,22,"καὶ οὐκ ἔγνωσαν μυστήρια Θεοῦ, οὐδὲ μισθὸν ἤλπισαν ὁσιότητος, οὐδὲ ἔκριναν γέρας ψυχῶν ἀμώμων.",,,,
Wisdom 2:23,WIS,Wisdom,2,23,ὅτι ὁ Θεὸς ἔκτισε τὸν ἄνθρωπον ἐπ᾿ ἀφθαρσίᾳ καὶ εἰκόνα τῆς ἰδίας ἰδιότητος ἐποίησεν αὐτόν·,,,,
Wisdom 2:24,WIS,Wisdom,2,24,"φθόνῳ δέ διαβόλου θάνατος εἰσῆλθεν εἰς τόν κόσμον,",,,,
Wisdom 2:25,WIS,Wisdom,2,25,πειράζουσι δὲ αὐτὸν οἱ τῆς ἐκείνου μερίδος ὄντες.,,,,
Wisdom 3:1,WIS,Wisdom,3,1,"ΔΙΚΑΙΩΝ δὲ ψυχαὶ ἐν χειρὶ Θεοῦ, καὶ οὐ μὴ ἅψηται αὐτῶν βάσανος.",,,,
Wisdom 3:2,WIS,Wisdom,3,2,"ἔδοξαν ἐν ὀφθαλμοῖς ἀφρόνων τεθνάναι, καὶ ἐλογίσθη κάκωσις ἡ ἔξοδος αὐτῶν",,,,
Wisdom 3:3,WIS,Wisdom,3,3,"καί ἡ ἀφ᾿ ἡμῶν πορεία σύντριμμα, οἱ δέ εἰσιν ἐν εἰρήνῃ.",,,,
Wisdom 3:4,WIS,Wisdom,3,4,"καὶ γὰρ ἐν ὄψει ἀνθρώπων ἐὰν καλασθῶσιν, ἡ ἐλπὶς αὐτῶν ἀθανασίας πλήρης·",,,,
Wisdom 3:5,WIS,Wisdom,3,5,"καὶ ὀλίγα παιδευθέντες μεγάλα εὐεργετηθήσονται, ὅτι ὁ Θεὸς ἐπείρασεν αὐτοὺς καὶ εὗρεν αὐτοὺς ἀξίους ἑαυτοῦ·",,,,
Wisdom 3:6,WIS,Wisdom,3,6,ὡς χρυσὸν ἐν χωνευτηρίῳ ἐδοκίμασεν αὐτοὺς καὶ ὡς ὁλοκάρπωμα θυσίας προσεδέξατο αὐτούς.,,,,
Wisdom 3:7,WIS,Wisdom,3,7,καὶ ἐν καιρῷ ἐπισκοπῆς αὐτῶν ἀναλάμψουσι καὶ ὡς σπινθῆρες ἐν καλάμῃ διαδραμοῦνται·,,,,
Wisdom 3:8,WIS,Wisdom,3,8,"κρινοῦσιν ἔθνη καὶ κρατήσουσι λαῶν, καὶ βασιλεύσει αὐτῶν Κύριος εἰς τοὺς αἰῶνας.",,,,
Wisdom 3:9,WIS,Wisdom,3,9,"οἱ πεποιθότες ἐπ᾿ αὐτῷ συνήσουσιν ἀλήθειαν, καὶ οἱ πιστοὶ ἐν ἀγάπῃ προσμενοῦσιν αὐτῷ, ὅτι χάρις καὶ ἔλεος ἐν τοῖς ὁσίοις αὐτοῦ, καὶ ἐπισκοπὴ ἐν τοῖς ἐκλεκτοῖς αὐτοῦ.",,,,
Wisdom 3:10,WIS,Wisdom,3,10,"Οἱ δὲ ἀσεβεῖς καθὰ ἐλογίσαντο ἕξουσιν ἐπιτιμίαν, οἱ ἀμελήσαντες τοῦ δικαίου καὶ τοῦ Κυρίου ἀποστάντες.",,,,
Wisdom 3:11,WIS,Wisdom,3,11,"σοφίαν γὰρ καὶ παιδείαν ὁ ἐξουθενῶν ταλαίπωρος, καὶ κενὴ ἡ ἐλπὶς αὐτῶν, καὶ οἱ κόποι ἀνόνητοι καὶ ἄχρηστα τὰ ἔργα αὐτῶν·",,,,
Wisdom 3:12,WIS,Wisdom,3,12,"αἱ γυναῖκες αὐτῶν ἄφρονες, καί πονηρὰ τὰ τέκνα αὐτῶν, ἐπικατάρατος ἡ γένεσις αὐτῶν.",,,,
Wisdom 3:13,WIS,Wisdom,3,13,"ὅτι μακαρία στεῖρα ἡ ἀμίαντος, ἥτις οὐκ ἔγνω κοίτην ἐν παραπτώματι, ἕξει καρπόν ἐν ἐπισκοπῇ ψυχῶν,",,,,
Wisdom 3:14,WIS,Wisdom,3,14,"καὶ εὐνοῦχος ὁ μὴ ἐργασάμενος ἐν χειρὶ ἀνόμημα, μηδὲ ἐνθυμηθεὶς κατὰ τοῦ Κυρίου πονηρά, δοθήσεται γὰρ αὐτῷ τῆς πίστεως χάρις ἐκλεκτὴ καὶ κλῆρος ἐν ναῷ Κυρίου θυμηρέστερος.",,,,
Wisdom 3:15,WIS,Wisdom,3,15,"ἀγαθῶν γὰρ πόνων καρπὸς εὐκλεής, καὶ ἀδιάπτωτος ἡ ρίζα τῆς φρονήσεως.",,,,
Wisdom 3:16,WIS,Wisdom,3,16,"τέκνα δὲ μοιχῶν ἀτέλεστα ἔσται, καὶ ἐκ παρανόμου κοίτης σπέρμα ἀφανισθήσεται.",,,,
Wisdom 3:17,WIS,Wisdom,3,17,"ἐάν τε γὰρ μακρόβιοι γένωνται, εἰς οὐθὲν λογισθήσονται, καὶ ἄτιμον ἐπ᾿ ἐσχάτων τὸ γῆρας αὐτῶν·",,,,
Wisdom 3:18,WIS,Wisdom,3,18,"ἐάν τε ὀξέως τελευτήσωσιν, οὐχ ἕξουσιν ἐλπίδα, οὐδὲ ἐν ἡμέρᾳ διαγνώσεως παραμύθιον·",,,,
Wisdom 3:19,WIS,Wisdom,3,19,γενεᾶς γὰρ ἀδίκου χαλεπὰ τὰ τέλη.,,,,
Wisdom 4:1,WIS,Wisdom,4,1,"ΚΡΕΙΣΣΩΝ ἀτεκνία μετὰ ἀρετῆς· ἀθανασία γάρ ἐστιν ἐν μνήμῃ αὐτῆς, ὅτι καὶ παρὰ Θεῷ γινώσκεται καὶ παρὰ ἀνθρώποις·",,,,
Wisdom 4:2,WIS,Wisdom,4,2,παροῦσάν τε μιμοῦνται αὐτὴν καὶ ποθοῦσιν ἀπελθοῦσαν· καὶ ἐν τῷ αἰῶνι στεφανηφοροῦσα πομπεύει τὸν τῶν ἀμιάντων ἄθλων ἀγῶνα νικήσασα.,,,,
Wisdom 4:3,WIS,Wisdom,4,3,"πολύγονον δὲ ἀσεβῶν πλῆθος οὐ χρησιμεύσει, καὶ ἐκ νόθων μοσχευμάτων οὐ δώσει ρίζαν εἰς βάθος, οὐδὲ ἀσφαλῆ βάσιν ἑδράσει·",,,,
Wisdom 4:4,WIS,Wisdom,4,4,"κἂν γὰρ ἐν κλάδοις πρὸς καιρὸν ἀναθάλῃ, ἐπισφαλῶς βεβηκότα ὑπὸ ἀνέμου σαλευθήσεται καὶ ὑπὸ βίας ἀνέμων ἐκριζωθήσεται.",,,,
Wisdom 4:5,WIS,Wisdom,4,5,"περικλασθήσονται κλῶνες ἀτέλεστοι, καὶ ὁ καρπὸς αὐτῶν ἄχρηστος, ἄωρος εἰς βρῶσιν καὶ εἰς οὐθὲν ἐπιτήδειος·",,,,
Wisdom 4:6,WIS,Wisdom,4,6,ἐκ γὰρ ἀνόμων ὕπνων τέκνα γεννώμενα μάρτυρές εἰσι πονηρίας κατὰ γονέων ἐν ἐξετασμῷ αὐτῶν.,,,,
Wisdom 4:7,WIS,Wisdom,4,7,"Δίκαιος δὲ ἐὰν φθάσῃ τελευτῆσαι, ἐν ἀναπαύσει ἔσται·",,,,
Wisdom 4:8,WIS,Wisdom,4,8,γῆρας γὰρ τίμιον οὐ τὸ πολυχρόνιον οὐδὲ ἀριθμῷ ἐτῶν μεμέτρηται·,,,,
Wisdom 4:9,WIS,Wisdom,4,9,πολιὰ δέ ἐστι φρόνησις ἀνθρώποις καὶ ἡλικία γήρως βίος ἀκηλίδωτος.,,,,
Wisdom 4:10,WIS,Wisdom,4,10,εὐάρεστος τῷ Θεῷ γενόμενος ἠγαπήθη καὶ ζῶν μεταξὺ ἁμαρτωλῶν μετετέθη·,,,,
Wisdom 4:11,WIS,Wisdom,4,11,"ἡρπάγη, μὴ κακία ἀλλάξῃ σύνεσιν αὐτοῦ ἢ δόλος ἀπατήσῃ ψυχὴν αὐτοῦ·",,,,
Wisdom 4:12,WIS,Wisdom,4,12,"βασκανία γὰρ φαυλότητος ἀμαυροῖ τὰ καλά, καὶ ρεμβασμὸς ἐπιθυμίας μεταλλεύει νοῦν ἄκακον.",,,,
Wisdom 4:13,WIS,Wisdom,4,13,"τελειωθεὶς ἐν ὀλίγῳ ἐπλήρωσε χρόνους μακρούς,",,,,
Wisdom 4:14,WIS,Wisdom,4,14,"ἀρεστὴ γὰρ ἦν Κυρίῳ ἡ ψυχὴ αὐτοῦ· διὰ τοῦτο ἔσπευσεν ἐκ μέσου πονηρίας. οἱ δὲ λαοὶ ἰδόντες καὶ μὴ νοήσαντες, μηδὲ θέντες ἐπὶ διανοίᾳ τὸ τοιοῦτον,",,,,
Wisdom 4:15,WIS,Wisdom,4,15,ὅτι χάρις καὶ ἔλεος ἐν τοῖς ἐκλεκτοῖς αὐτοῦ καὶ ἐπισκοπὴ ἐν τοῖς ὁσίοις αὐτοῦ.,,,,
Wisdom 4:16,WIS,Wisdom,4,16,κατακρινεῖ δὲ δίκαιος καμὼν τοὺς ζῶντας ἀσεβεῖς καὶ νεότης τελεσθεῖσα ταχέως πολυετὲς γῆρας ἀδίκου·,,,,
Wisdom 4:17,WIS,Wisdom,4,17,ὄψονται γὰρ τελευτὴν σοφοῦ καὶ οὐ νοήσουσι τί ἐβουλεύσατο περὶ αὐτοῦ καὶ εἰς τί ἠσφαλίσατο αὐτὸν ὁ Κύριος.,,,,
Wisdom 4:18,WIS,Wisdom,4,18,"ὄψονται καὶ ἐξουθενήσουσιν, αὐτοὺς δὲ ὁ Κύριος ἐκγελάσεται",,,,
Wisdom 4:19,WIS,Wisdom,4,19,"καὶ ἔσονται μετὰ τοῦτο εἰς πτῶμα ἄτιμον καὶ εἰς ὕβριν ἐν νεκροῖς δι᾿ αἰῶνος, ὅτι ρήξει αὐτοὺς ἀφώνους πρηνεῖς καὶ σαλεύσει αὐτοὺς ἐκ θεμελίων καὶ ἕως ἐσχάτου χερσωθήσονται καὶ ἔσονται ἐν ὀδύνῃ, καὶ ἡ μνήμη αὐτῶν ἀπολεῖται.",,,,
Wisdom 4:20,WIS,Wisdom,4,20,"ἐλεύσονται ἐν συλλογισμῷ ἁμαρτημάτων αὐτῶν δειλοί, καὶ ἐλέγξει αὐτοὺς ἐξεναντίας τὰ ἀνομήματα αὐτῶν.",,,,
Wisdom 5:1,WIS,Wisdom,5,1,ΤΟΤΕ στήσεται ἐν παρρησίᾳ πολλῇ ὁ δίκαιος κατὰ πρόσωπον τῶν θλιψάντων αὐτὸν καὶ τῶν ἀθετούντων τοὺς πόνους αὐτοῦ.,,,,
Wisdom 5:2,WIS,Wisdom,5,2,ἰδόντες ταραχθήσονται φόβῳ δεινῷ καὶ ἐκστήσονται ἐπὶ τῷ παραδόξῳ τῆς σωτηρίας.,,,,
Wisdom 5:3,WIS,Wisdom,5,3,ἐροῦσιν ἐν ἑαυτοῖς μετανοοῦντες καὶ διὰ στενοχωρίαν πνεύματος στενάξονται καὶ ἐροῦσιν·,,,,
Wisdom 5:4,WIS,Wisdom,5,4,οὗτος ἦν ὃν ἔσχομέν ποτε εἰς γέλωτα καὶ εἰς παραβολὴν ὀνειδισμοῦ οἱ ἄφρονες· τὸν βίον αὐτοῦ ἐλογισάμεθα μανίαν καὶ τὴν τελευτὴν αὐτοῦ ἄτιμον.,,,,
Wisdom 5:5,WIS,Wisdom,5,5,πῶς κατελογίσθη ἐν υἱοῖς Θεοῦ καὶ ἐν ἁγίοις ὁ κλῆρος αὐτοῦ ἐστιν;,,,,
Wisdom 5:6,WIS,Wisdom,5,6,"ἄρα ἐπλανήθημεν ἀπὸ ὁδοῦ ἀληθείας, καὶ τὸ τῆς δικαιοσύνης φῶς οὐκ ἔλαμψεν ἡμῖν, καὶ ὁ ἥλιος οὐκ ἀνέτειλεν ἡμῖν·",,,,
Wisdom 5:7,WIS,Wisdom,5,7,"ἀνομίας ἐνεπλήσθημεν τρίβοις καὶ ἀπωλείας καὶ διωδεύσαμεν ἐρήμους ἀβάτους, τὴν δὲ ὁδὸν Κυρίου οὐκ ἔγνωμεν.",,,,
Wisdom 5:8,WIS,Wisdom,5,8,τί ὠφέλησεν ἡμᾶς ἡ ὑπερηφανία; καὶ τί πλοῦτος μετὰ ἀλαζονίας συμβέβληται ἡμῖν;,,,,
Wisdom 5:9,WIS,Wisdom,5,9,παρῆλθεν ἐκεῖναι πάντα ὡς σκιὰ καὶ ὡς ἀγγελία παρατρέχουσα·,,,,
Wisdom 5:10,WIS,Wisdom,5,10,"ὡς ναῦς διερχομένη κυμαινόμενον ὕδωρ, ἧς διαβάσης οὐκ ἔστιν ἴχνος εὑρεῖν, οὐδὲ ἀτραπὸν τρόπιος αὐτῆς ἐν κύμασιν·",,,,
Wisdom 5:11,WIS,Wisdom,5,11,"ἢ ὡς ὀρνέου διαπτάντος ἀέρα οὐθὲν εὑρίσκεται τεκμήριον πορείας, πληγῇ δὲ ταρσῶν μαστιζόμενον πνεῦμα κοῦφον καὶ σχιζόμενον βίᾳ ροίζου, κινουμένων πτερύγων διωδεύθη, καὶ μετὰ τοῦτο οὐχ εὑρέθη σημεῖον ἐπιβάσεως ἐν αὐτῷ·",,,,
Wisdom 5:12,WIS,Wisdom,5,12,"ἢ ὡς βέλους βληθέντος ἐπὶ σκοπόν, τμηθεὶς ὁ ἀὴρ εὐθέως εἰς ἑαυτὸν ἀνελύθη ὡς ἀγνοῆσαι τὴν δίοδον αὐτοῦ.",,,,
Wisdom 5:13,WIS,Wisdom,5,13,"οὕτως καὶ ἡμεῖς γεννηθέντες ἐξελίπομεν καὶ ἀρετῆς μὲν σημεῖον οὐδὲν ἔσχομεν δεῖξαι, ἐν δὲ τῇ κακίᾳ ἡμῶν κατεδαπανήθημεν.",,,,
Wisdom 5:14,WIS,Wisdom,5,14,ὅτι ἐλπὶς ἀσεβοῦς ὡς φερόμενος χνοῦς ὑπὸ ἀνέμου καὶ ὡς πάχνη ὑπὸ λαίλαπος διωχθεῖσα λεπτὴ καὶ ὡς καπνὸς ὑπό ἀνέμου διεχύθη καὶ ὡς μνεία καταλύτου μονοημέρου παρώδευσε.,,,,
Wisdom 5:15,WIS,Wisdom,5,15,"Δίκαιοι δὲ εἰς τὸν αἰῶνα ζῶσι, καὶ ἐν Κυρίῳ ὁ μισθὸς αὐτῶν, καὶ ἡ φροντὶς αὐτῶν παρὰ Ὑψίστῳ.",,,,
Wisdom 5:16,WIS,Wisdom,5,16,"διὰ τοῦτο λήψονται τὸ βασίλειον τῆς εὐπρεπείας καὶ τὸ διάδημα τοῦ κάλλους ἐκ χειρὸς Κυρίου, ὅτι τῇ δεξιᾷ σκεπάσει αὐτοὺς καὶ τῷ βραχίονι ὑπερασπιεῖ αὐτῶν.",,,,
Wisdom 5:17,WIS,Wisdom,5,17,λήψεται πανοπλίαν τὸν ζῆλον αὐτοῦ καὶ ὁπλοποιήσει τὴν κτίσιν εἰς ἄμυναν ἐχθρῶν·,,,,
Wisdom 5:18,WIS,Wisdom,5,18,ἐνδύσεται θώρακα δικαιοσύνην καὶ περιθήσεται κόρυθα κρίσιν ἀνυπόκριτον·,,,,
Wisdom 5:19,WIS,Wisdom,5,19,"λήψεται ἀσπίδα ἀκαταμάχητον ὁσιότητα,",,,,
Wisdom 5:20,WIS,Wisdom,5,20,"ὀξυνεῖ δὲ ἀπότομον ὀργὴν εἰς ρομφαίαν, συνεκπολεμήσει δὲ αὐτῷ ὁ κόσμος ἐπὶ τοὺς παράφρονας.",,,,
Wisdom 5:21,WIS,Wisdom,5,21,"πορεύσονται εὔστοχοι βολίδες ἀστραπῶν καὶ ὡς ἀπὸ εὐκύκλου τόξου τῶν νεφῶν ἐπί σκοπὸν ἁλοῦνται,",,,,
Wisdom 5:22,WIS,Wisdom,5,22,"καὶ ἐκ πετροβόλου θυμοῦ πλήρεις ριφήσονται χάλαζαι. ἀγανακτήσει κατ᾿ αὐτῶν ὕδωρ θαλάσσης, ποταμοὶ δὲ συγκλύσουσιν ἀποτόμως.",,,,
Wisdom 5:23,WIS,Wisdom,5,23,"ἀντιστήσεται αὐτοῖς πνεῦμα δυνάμεως καὶ ὡς λαῖλαψ ἐκλικμήσει αὐτούς. καὶ ἐρημώσει πᾶσαν τὴν γῆν ἀνομία, καὶ ἡ κακοπραγία περιτρέψει θρόνους δυναστῶν.",,,,
Wisdom 6:1,WIS,Wisdom,6,1,"ΑΚΟΥΣΑΤΕ οὖν, βασιλεῖς, καὶ σύνετε· μάθετε, δικασταὶ περάτων γῆς.",,,,
Wisdom 6:2,WIS,Wisdom,6,2,ἐνωτίσασθε οἱ κρατοῦντες πλήθους καὶ γεγαυρωμένοι ἐπὶ ὄχλοις ἐθνῶν·,,,,
Wisdom 6:3,WIS,Wisdom,6,3,"ὅτι ἐδόθη παρὰ τοῦ Κυρίου ἡ κράτησις ὑμῖν καὶ ἡ δυναστεία παρὰ Ὑψίστου, ὃς ἐξετάσει ὑμῶν τὰ ἔργα καὶ τὰς βουλὰς διερευνήσει·",,,,
Wisdom 6:4,WIS,Wisdom,6,4,"ὅτι ὑπηρέται ὄντες τῆς αὐτοῦ βασιλείας οὐκ ἐκρίνατε ὀρθῶς, οὐδὲ ἐφυλάξατε νόμον, οὐδὲ κατὰ τὴν βουλὴν τοῦ Θεοῦ ἐπορεύθητε.",,,,
Wisdom 6:5,WIS,Wisdom,6,5,"φρικτῶς καὶ ταχέως ἐπιστήσεται ὑμῖν, ὅτι κρίσις ἀπότομος ἐν τοῖς ὑπερέχουσι γίνεται.",,,,
Wisdom 6:6,WIS,Wisdom,6,6,"ὁ γὰρ ἐλάχιστος συγγνωστός ἐστιν ἐλέους, δυνατοὶ δὲ δυνατῶς ἐτασθήσονται·",,,,
Wisdom 6:7,WIS,Wisdom,6,7,"οὐ γὰρ ὑποστελεῖται πρόσωπον ὁ πάντων δεσπότης, οὐδὲ ἐντραπήσεται μέγεθος, ὅτι μικρὸν καὶ μέγαν αὐτὸς ἐποίησεν ὁμοίως τε προνοεῖ περὶ πάντων·",,,,
Wisdom 6:8,WIS,Wisdom,6,8,τοῖς δὲ κραταιοῖς ἰσχυρὰ ἐφίσταται ἔρευνα.,,,,
Wisdom 6:9,WIS,Wisdom,6,9,"πρὸς ὑμᾶς οὖν, ὦ τύραννοι, οἱ λόγοι μου, ἵνα μάθητε σοφίαν καὶ μὴ παραπέσητε·",,,,
Wisdom 6:10,WIS,Wisdom,6,10,"οἱ γὰρ φυλάξαντες ὁσίως τὰ ὅσια ὁσιωθήσονται, καὶ οἱ διδαχθέντες αὐτὰ εὑρήσουσιν ἀπολογίαν.",,,,
Wisdom 6:11,WIS,Wisdom,6,11,"ἐπιθυμήσατε οὖν τῶν λόγων μου, ποθήσατε καὶ παιδευθήσεσθε.",,,,
Wisdom 6:12,WIS,Wisdom,6,12,"Λαμπρὰ καὶ ἀμάραντός ἐστιν ἡ σοφία και εὐχερῶς θεωρεῖται ὑπὸ τῶν ἀγαπώντων αὐτὴν καὶ εὑρίσκεται ὑπὸ τῶν ζητούντων αὐτήν,",,,,
Wisdom 6:13,WIS,Wisdom,6,13,φθάνει τοὺς ἐπιθυμοῦντας προγνωσθῆναι.,,,,
Wisdom 6:14,WIS,Wisdom,6,14,"ὁ ὀρθρίσας πρὸς αὐτὴν οὐ κοπιάσει, πάρεδρον γὰρ εὑρήσει τῶν πυλῶν αὐτοῦ.",,,,
Wisdom 6:15,WIS,Wisdom,6,15,"τὸ γὰρ ἐνθυμηθῆναι περὶ αὐτῆς φρονήσεως τελειότης, καὶ ὁ ἀγρυπνήσας δι᾿ αὐτὴν ταχέως ἀμέριμνος ἔσται·",,,,
Wisdom 6:16,WIS,Wisdom,6,16,ὅτι τοὺς ἀξίους αὐτῆς αὕτη περιέρχεται ζητοῦσα καὶ ἐν ταῖς τρίβοις φαντάζεται αὐτοῖς εὐμενῶς καὶ ἐν πάσῃ ἐπινοίᾳ ὑπαντᾷ αὐτοῖς.,,,,
Wisdom 6:17,WIS,Wisdom,6,17,"ἀρχὴ γὰρ αὐτῆς ἡ ἀληθεστάτη παιδείας ἐπιθυμία, φροντὶς δὲ παιδείας ἀγάπη,",,,,
Wisdom 6:18,WIS,Wisdom,6,18,"ἀγάπη δέ τήρησις νόμων αὐτῆς, προσοχὴ δὲ νόμων βεβαίωσις ἀφθαρσίας,",,,,
Wisdom 6:19,WIS,Wisdom,6,19,ἀφθαρσία δὲ ἐγγὺς εἶναι ποιεῖ Θεοῦ.,,,,
Wisdom 6:20,WIS,Wisdom,6,20,ἐπιθυμία ἄρα σοφίας ἀνάγει ἐπὶ βασιλείαν.,,,,
Wisdom 6:21,WIS,Wisdom,6,21,"εἰ οὖν ἥδεσθε ἐπὶ θρόνοις καὶ σκήπτροις, τύραννοι λαῶν, τιμήσατε σοφίαν, ἵνα εἰς τὸν αἰῶνα βασιλεύσητε.",,,,
Wisdom 6:22,WIS,Wisdom,6,22,"τί δέ ἐστι σοφία καὶ πῶς ἐγένετο, ἀπαγγελῶ καὶ οὐκ ἀποκρύψω ὑμῖν μυστήρια, ἀλλὰ ἀπ᾿ ἀρχῆς γενέσεως ἐξιχνιάσω καὶ θήσω εἰς τὸ ἐμφανὲς τὴν γνῶσιν αὐτῆς καὶ οὐ μὴ παροδεύσω τὴν ἀλήθειαν.",,,,
Wisdom 6:23,WIS,Wisdom,6,23,"οὔτε μὴν φθόνῳ τετηκότι συνοδεύσω, ὅτι οὗτος οὐ κοινωνήσει σοφίᾳ.",,,,
Wisdom 6:24,WIS,Wisdom,6,24,"πλῆθος δὲ σοφῶν σωτηρία κόσμου, καὶ βασιλεὺς φρόνιμος εὐστάθεια δήμου.",,,,
Wisdom 6:25,WIS,Wisdom,6,25,"ὥστε παιδεύσθε τοῖς ρήμασί μου, καὶ ὠφεληθήσεσθε.",,,,
Wisdom 7:1,WIS,Wisdom,7,1,ΕΙΜΙ μὲν κἀγὼ θνητὸς ἄνθρωπος ἴσος ἅπασι καὶ γηγενοῦς ἀπόγονος πρωτοπλάστου· καὶ ἐν κοιλίᾳ μητρὸς ἐγλύφην σὰρξ,,,,
Wisdom 7:2,WIS,Wisdom,7,2,δεκαμηνιαίῳ χρόνῳ παγεὶς ἐν αἵματι ἐκ σπέρματος ἀνδρὸς καὶ ἡδονῆς ὕπνῳ συνελθούσης.,,,,
Wisdom 7:3,WIS,Wisdom,7,3,"καὶ ἐγώ δὲ γενόμενος ἔσπασα τὸν κοινὸν ἀέρα καὶ ἐπὶ τὴν ὁμοιοπαθῆ κατέπεσον γῆν, πρώτην φωνὴν τὴν ὁμοίαν πᾶσιν ἴσα κλαίων·",,,,
Wisdom 7:4,WIS,Wisdom,7,4,ἐν σπαργάνοις ἀνετράφην καὶ ἐν φροντίσιν·,,,,
Wisdom 7:5,WIS,Wisdom,7,5,"οὐδεὶς γὰρ βασιλεὺς ἑτέραν ἔσχε γενέσεως ἀρχήν,",,,,
Wisdom 7:6,WIS,Wisdom,7,6,"μία δὲ πάντων εἴσοδος εἰς τὸν βίον, ἔξοδός τε ἴση.",,,,
Wisdom 7:7,WIS,Wisdom,7,7,"διὰ τοῦτο ηὐξάμην, καὶ φρόνησις ἐδόθη μοι· ἐπεκαλεσάμην, καὶ ἦλθέ μοι πνεῦμα σοφίας.",,,,
Wisdom 7:8,WIS,Wisdom,7,8,προέκρινα αὐτὴν σκήπτρων καὶ θρόνων καὶ πλοῦτον οὐδὲν ἡγησάμην ἐν συγκρίσει αὐτῆς·,,,,
Wisdom 7:9,WIS,Wisdom,7,9,"οὐδὲ ὡμοίωσα αὐτῇ λίθον ἀτίμητον, ὅτι ὁ πᾶς χρυσὸς ἐν ὄψει αὐτῆς ψάμμος ὀλίγη, καὶ ὡς πηλὸς λογισθήσεται ἄργυρος ἐναντίον αὐτῆς.",,,,
Wisdom 7:10,WIS,Wisdom,7,10,"ὑπὲρ ὑγίειαν καὶ εὐμορφίαν ἠγάπησα αὐτὴν καὶ προειλόμην αὐτὴν ἀντὶ φωτὸς ἔχειν, ὅτι ἀκοίμητον τὸ ἐκ ταύτης φέγγος.",,,,
Wisdom 7:11,WIS,Wisdom,7,11,ἦλθε δέ μοι τὰ ἀγαθὰ ὁμοῦ πάντα μετ᾿ αὐτῆς καὶ ἀναρίθμητος πλοῦτος ἐν χερσὶν αὐτῆς.,,,,
Wisdom 7:12,WIS,Wisdom,7,12,"εὐφράνθην δὲ ἐπὶ πᾶσιν, ὅτι αὐτῶν ἡγεῖται σοφία, ἠγνόουν δὲ αὐτὴν γενέτιν εἶναι τούτων.",,,,
Wisdom 7:13,WIS,Wisdom,7,13,"ἀδόλως τε ἔμαθον ἀφθόνως τε μεταδίδωμι, τὸν πλοῦτον αὐτῆς οὐκ ἀποκρύπτομαι·",,,,
Wisdom 7:14,WIS,Wisdom,7,14,"ἀνεκλιπὴς γὰρ θησαυρός ἐστιν ἀνθρώποις, ὃν οἱ χρησάμενοι πρὸς Θεὸν ἐστείλαντο φιλίαν διὰ τὰς ἐκ παιδείας δωρεὰς συσταθέντες.",,,,
Wisdom 7:15,WIS,Wisdom,7,15,"Ἐμοὶ δὲ δῴη ὁ Θεὸς εἰπεῖν κατὰ γνώμην καὶ ἐνθυμηθῆναι ἀξίως τῶν δεδομένων, ὅτι αὐτὸς καὶ τῆς σοφίας ὁδηγός ἐστι καὶ τῶν σοφῶν διορθωτής.",,,,
Wisdom 7:16,WIS,Wisdom,7,16,ἐν γὰρ χειρὶ αὐτοῦ καὶ ἡμεῖς καὶ οἱ λόγοι ἡμῶν πᾶσά τε φρόνησις καὶ ἐργατειῶν ἐπιστήμη.,,,,
Wisdom 7:17,WIS,Wisdom,7,17,"αὐτὸς γάρ μοι ἔδωκε τῶν ὄντων γνῶσιν ἀψευδῆ εἰδέναι σύστασιν κόσμου καὶ ἐνέργειαν στοιχείων,",,,,
Wisdom 7:18,WIS,Wisdom,7,18,"ἀρχὴν καὶ τέλος καὶ μεσότητα χρόνων, τροπῶν ἀλλαγὰς καὶ μεταβολὰς καιρῶν,",,,,
Wisdom 7:19,WIS,Wisdom,7,19,"ἐνιαυτῶν κύκλους καὶ ἀστέρων θέσεις,",,,,
Wisdom 7:20,WIS,Wisdom,7,20,"φύσεις ζῴων καὶ θυμοὺς θηρίων, πνευμάτων βίας καὶ διαλογισμοὺς ἀνθρώπων, διαφορὰς φυτῶν καὶ δυνάμεις ριζῶν,",,,,
Wisdom 7:21,WIS,Wisdom,7,21,ὅσα τέ ἐστι κρυπτὰ καὶ ἐμφανῆ ἔγνων· ἡ γὰρ πάντων τεχνῖτις ἐδίδαξέ με σοφία.,,,,
Wisdom 7:22,WIS,Wisdom,7,22,"Ἔστι γὰρ ἐν αὐτῇ πνεῦμα νοερόν, ἅγιον, μονογενές, πολυμερές, λεπτόν, εὐκίνητον, τρανόν, ἀμόλυντον, σαφές, ἀπήμαντον, φιλάγαθον, ὀξύ, ἀκώλυτον, εὐεργετικόν,",,,,
Wisdom 7:23,WIS,Wisdom,7,23,"φιλάνθρωπον, βέβαιον, ἀσφαλές, ἀμέριμνον, παντοδύναμον, πανεπίσκοπον καὶ διὰ πάντων χωροῦν πνευμάτων νοερῶν καθαρῶν λεπτοτάτων.",,,,
Wisdom 7:24,WIS,Wisdom,7,24,"πάσης γὰρ κινήσεως κινητικώτερον σοφία, διήκει δὲ καὶ χωρεῖ διὰ πάντων διὰ τὴν καθαρότητα·",,,,
Wisdom 7:25,WIS,Wisdom,7,25,ἀτμὶς γάρ ἐστι τῆς τοῦ Θεοῦ δυνάμεως καὶ ἀπόρροια τῆς τοῦ Παντοκράτορος δόξης εἰλικρινής· διὰ τοῦτο οὐδὲν μεμιαμμένον εἰς αὐτὴν παρεμπίπτει.,,,,
Wisdom 7:26,WIS,Wisdom,7,26,ἀπαύγασμα γάρ ἐστι φωτὸς ἀϊδίου καὶ ἔσοπτρον ἀκηλίδωτον τῆς τοῦ Θεοῦ ἐνεργείας καὶ εἰκὼν τῆς ἀγαθότητος αὐτοῦ.,,,,
Wisdom 7:27,WIS,Wisdom,7,27,μία δὲ οὖσα πάντα δύναται καὶ μένουσα ἐν αὐτῇ τὰ πάντα καινίζει καὶ κατὰ γενεὰς εἰς ψυχὰς ὁσίας μεταβαίνουσα φίλους Θεοῦ καὶ προφήτας κατασκευάζει·,,,,
Wisdom 7:28,WIS,Wisdom,7,28,οὐθὲν γὰρ ἀγαπᾷ ὁ Θεὸς εἰ μὴ τὸν σοφίᾳ συνοικοῦντα.,,,,
Wisdom 7:29,WIS,Wisdom,7,29,"ἔστι γὰρ αὕτη εὐπρεπεστέρα ἡλίου καὶ ὑπὲρ πᾶσαν ἄστρων θέσιν, φωτὶ συγκρινομένη, εὑρίσκεται προτέρα·",,,,
Wisdom 7:30,WIS,Wisdom,7,30,"τοῦτο μὲν γὰρ διαδέχεται νύξ, σοφίας δὲ οὐ κατισχύει κακία.",,,,
Wisdom 8:1,WIS,Wisdom,8,1,ΔΙΑΤΕΙΝΕΙ δὲ ἀπὸ πέρατος εἰς πέρας εὐρώστως καὶ διοικεῖ τὰ πάντα χρηστῶς.,,,,
Wisdom 8:2,WIS,Wisdom,8,2,Ταύτην ἐφίλησα καὶ ἐξεζήτησα ἐκ νεότητός μου καὶ ἐζήτησα νύμφην ἀγαγέσθαι ἐμαυτῷ καὶ ἐραστὴς ἐγενόμην τοῦ κάλλους αὐτῆς.,,,,
Wisdom 8:3,WIS,Wisdom,8,3,"εὐγένειαν δοξάζει συμβίωσιν Θεοῦ ἔχουσα, καὶ ὁ πάντων δεσπότης ἠγάπησεν αὐτήν·",,,,
Wisdom 8:4,WIS,Wisdom,8,4,μύστις γὰρ ἐστι τῆς τοῦ Θεοῦ ἐπιστήμης καὶ αἱρετὶς τῶν ἔργων αὐτοῦ.,,,,
Wisdom 8:5,WIS,Wisdom,8,5,"εἰ δὲ πλοῦτός ἐστιν ἐπιθυμητὸν κτῆμα ἐν βίῳ, τί σοφίας πλουσιώτερον τῆς τὰ πάντα ἐργαζομένης;",,,,
Wisdom 8:6,WIS,Wisdom,8,6,"εἰ δὲ φρόνησις ἐργάζεται, τίς αὐτῆς τῶν ὄντων μᾶλλόν ἐστι τεχνῖτις;",,,,
Wisdom 8:7,WIS,Wisdom,8,7,"καὶ εἰ δικαιοσύνην ἀγαπᾷ τις, οἱ πόνοι ταύτης εἰσὶν ἀρεταί· σωφροσύνην γὰρ καὶ φρόνησιν ἐκδιδάσκει, δικαιοσύνην καὶ ἀνδρείαν, ὧν χρησιμώτερον οὐδέν ἐστιν ἐν βίῳ ἀνθρώποις.",,,,
Wisdom 8:8,WIS,Wisdom,8,8,"εἰ δὲ καὶ πολυπειρίαν ποθεῖ τις, οἶδε τὰ ἀρχαῖα καὶ τὰ μέλλοντα εἰκάζειν, ἐπίσταται στροφὰς λόγων καὶ λύσεις αἰνιγμάτων, σημεῖα καὶ τέρατα προγινώσκει καὶ ἐκβάσεις καιρῶν καὶ χρόνων.",,,,
Wisdom 8:9,WIS,Wisdom,8,9,"ἔκρινα τοίνυν ταύτην ἀγαγέσθαι πρὸς συμβίωσιν, εἰδὼς ὅτι ἔσται μοι σύμβουλος ἀγαθῶν καὶ παραίνεσις φροντίδων καὶ λύπης.",,,,
Wisdom 8:10,WIS,Wisdom,8,10,ἕξω δι᾿ αὐτὴν δόξαν ἐν ὄχλοις καὶ τιμὴν παρὰ πρεσβυτέροις ὁ νέος·,,,,
Wisdom 8:11,WIS,Wisdom,8,11,ὀξὺς εὑρεθήσομαι ἐν κρίσει καὶ ἐν ὄψει δυναστῶν θαυμασθήσομαι·,,,,
Wisdom 8:12,WIS,Wisdom,8,12,σιγῶντά με περιμενοῦσι καὶ φθεγγομένῳ προσέξουσι καὶ λαλοῦντος ἐπί πλεῖον χεῖρα ἐπιθήσουσιν ἐπὶ στόμα αὐτῶν.,,,,
Wisdom 8:13,WIS,Wisdom,8,13,ἕξω δι᾿ αὐτὴν ἀθανασίαν καὶ μνήμην αἰώνιον τοῖς μετ᾿ ἐμὲ ἀπολείψω.,,,,
Wisdom 8:14,WIS,Wisdom,8,14,"διοικήσω λαούς, καὶ ἔθνη ὑποταγήσεταί μοι·",,,,
Wisdom 8:15,WIS,Wisdom,8,15,"φοβηθήσονταί με ἀκούσαντες τύραννοι φρικτοί, ἐν πλήθει φανοῦμαι ἀγαθὸς καὶ ἐν πολέμῳ ἀνδρεῖος.",,,,
Wisdom 8:16,WIS,Wisdom,8,16,"εἰσελθὼν εἰς τὸν οἶκόν μου προσαναπαύσομαι αὐτῇ· οὐ γὰρ ἔχει πικρίαν ἡ συναναστροφή αὐτῆς, οὐδὲ ὀδύνην ἡ συμβίωσις αὐτῆς, ἀλλὰ εὐφροσύνην καὶ χαράν.",,,,
Wisdom 8:17,WIS,Wisdom,8,17,ταῦτα λογισάμενος ἐν ἐμαυτῷ καὶ φροντίσας ἐν καρδίᾳ μου ὅτι ἐστιν ἀθανασία ἐν συγγενείᾳ σοφίας,,,,
Wisdom 8:18,WIS,Wisdom,8,18,"καὶ ἐν φιλίᾳ αὐτῆς τέρψις ἀγαθὴ καὶ ἐν πόνοις χειρῶν αὐτῆς πλοῦτος ἀνεκλιπὴς καὶ ἐν συγγυμνασίᾳ ὁμιλίας αὐτῆς φρόνησις καὶ εὔκλεια ἐν κοινωνίᾳ λόγων αὐτῆς, περιῃ£ειν ζητῶν ὅπως λάβω αὐτὴν εἰς ἐμαυτόν.",,,,
Wisdom 8:19,WIS,Wisdom,8,19,"παῖς δὲ ἤμην εὐφυὴς ψυχῆς τε ἔλαχον ἀγαθῆς,",,,,
Wisdom 8:20,WIS,Wisdom,8,20,μᾶλλον δὲ ἀγαθὸς ὢν ἦλθον εἰς σῶμα ἀμίαντον.,,,,
Wisdom 8:21,WIS,Wisdom,8,21,"γνοὺς δὲ ὅτι οὐκ ἄλλως ἔσομαι ἐγκρατής, ἐὰν μὴ ὁ Θεὸς δῷ καὶ τοῦτο δ᾿ ἦν φρονήσεως τὸ εἰδέναι τίνος ἡ χάρις ἐνέτυχον τῷ Κυρίῳ καὶ ἐδεήθην αὐτοῦ καὶ εἶπον ἐξ ὅλης τῆς καρδίας μου.",,,,
Wisdom 9:1,WIS,Wisdom,9,1,ΘΕΕ πατέρων καὶ Κύριε τοῦ ἐλέους ὁ ποιήσας τὰ πάντα ἐν λόγῳ σου,,,,
Wisdom 9:2,WIS,Wisdom,9,2,"καὶ τῇ σοφίᾳ σου κατεσκεύσασας ἄνθρωπον, ἵνα δεσπόζῃ τῶν ὑπὸ σοῦ γενομένων κτισμάτων",,,,
Wisdom 9:3,WIS,Wisdom,9,3,"καὶ διέπῃ τὸν κόσμον ἐν ὁσιότητι καὶ δικαιοσύνῃ καὶ ἐν εὐθύτητι ψυχῆς κρίσιν κρίνῃ,",,,,
Wisdom 9:4,WIS,Wisdom,9,4,δός μοι τὴν τῶν σῶν θρόνων πάρεδρον σοφίαν καὶ μή με ἀποδοκιμάσῃς ἐκ παίδων σου.,,,,
Wisdom 9:5,WIS,Wisdom,9,5,"ὅτι ἐγὼ δοῦλος σὸς καὶ υἱὸς τῆς παιδίσκης σου, ἄνθρωπος ἀσθενὴς καὶ ὀλιγοχρόνιος καὶ ἐλάσσων ἐν συνέσει κρίσεως καὶ νόμων·",,,,
Wisdom 9:6,WIS,Wisdom,9,6,"κἂν γάρ τις ᾖ τέλειος ἐν υἱοῖς ἀνθρώπων, τῆς ἀπὸ σοῦ σοφίας ἀπούσης, εἰς οὐδὲν λογισθήσεται.",,,,
Wisdom 9:7,WIS,Wisdom,9,7,σύ με προείλω βασιλέα λαοῦ σου καὶ δικαστὴν υἱῶν σου καί θυγατέρων·,,,,
Wisdom 9:8,WIS,Wisdom,9,8,"εἶπας οἰκοδομῆσαι ναὸν ἐν ὄρει ἁγίῳ σου καὶ ἐν πόλει κατασκηνώσεώς σου θυσιαστήριον, μίμημα σκηνῆς ἁγίας, ἣν προητοίμασας ἀπ᾿ ἀρχῆς.",,,,
Wisdom 9:9,WIS,Wisdom,9,9,"καὶ μετὰ σοῦ ἡ σοφία ἡ εἰδυῖα τὰ ἔργα σου καὶ παροῦσα, ὅτε ἐποίεις τὸν κόσμον, καὶ ἐπισταμένη τί ἀρεστὸν ἐν ὀφθαλμοῖς σου καὶ τί εὐθὲς ἐν ἐντολαῖς σου.",,,,
Wisdom 9:10,WIS,Wisdom,9,10,"ἐξαπόστειλον αὐτὴν ἐξ ἁγίων οὐρανῶν καὶ ἀπὸ θρόνου δόξης σου πέμψον αὐτήν, ἵνα συμπαροῦσά μοι κοπιάσῃ καὶ γνῶ τί εὐάρεστόν ἐστι παρά σοί.",,,,
Wisdom 9:11,WIS,Wisdom,9,11,οἶδε γὰρ ἐκείνη πάντα καὶ συνίει καὶ ὁδηγήσει με ἐν ταῖς πράξεσί μου σωφρόνως καὶ φυλάξει με ἐν τῇ δόξῃ αὐτῆς·,,,,
Wisdom 9:12,WIS,Wisdom,9,12,"καὶ ἔσται προσδεκτὰ τὰ ἔργα μου, καὶ διακρινῶ τὸν λαόν σου δικαίως καὶ ἔσομαι ἄξιος θρόνων πατρός μου.",,,,
Wisdom 9:13,WIS,Wisdom,9,13,τίς γὰρ ἄνθρωπος γνώσεται βουλὴν Θεοῦ; ἢ τίς ἐνθυμηθήσεται τί θέλει ὁ Κύριος;,,,,
Wisdom 9:14,WIS,Wisdom,9,14,"λογισμοὶ γὰρ θνητῶν δειλοί, καὶ ἐπισφαλεῖς αἱ ἐπίνοιαι ἡμῶν.",,,,
Wisdom 9:15,WIS,Wisdom,9,15,"φθαρτὸν γὰρ σῶμα βαρύνει ψυχήν, καὶ βρίθει τὸ γεῶδες σκῆνος νοῦν πολυφρόντιδα.",,,,
Wisdom 9:16,WIS,Wisdom,9,16,καὶ μόλις εἰκάζομεν τὰ ἐπὶ γῆς καί τὰ ἐν χερσὶν εὑρίσκομεν μετὰ πόνου· τὰ δὲ ἐν οὐρανοῖς τίς ἐξιχνίασε;,,,,
Wisdom 9:17,WIS,Wisdom,9,17,"βουλὴν δέ σου τίς ἔγων, εἰ μὴ σὺ ἔδωκας σοφίαν καὶ ἔπεμψας τὸ ἅγιόν σου πνεῦμα ἀπὸ ὑψίστων;",,,,
Wisdom 9:18,WIS,Wisdom,9,18,"καὶ οὕτως διωρθώθησαν αἱ τρίβοι τῶν ἐπὶ γῆς, καὶ τὰ ἀρεστά σου ἐδιδάχθησαν ἄνθρωποι,",,,,
Wisdom 9:19,WIS,Wisdom,9,19,καὶ τῇ σοφίᾳ ἐσώθησαν.,,,,
Wisdom 10:1,WIS,Wisdom,10,1,ΑΥΤΗ πρωτόπλαστον πατέρα κόσμου μόνον κτισθέντα διεφύλαξε καὶ ἐξείλατο αὐτὸν ἐκ παραπτώματος ἰδίου,,,,
Wisdom 10:2,WIS,Wisdom,10,2,ἔδωκέ τε αὐτῷ ἰσχὺν κρατῆσαι ἁπάντων.,,,,
Wisdom 10:3,WIS,Wisdom,10,3,"ἀποστάς δὲ ἀπ᾿ αὐτῆς ἄδικος ἐν ὀργῇ αὐτοῦ, ἀδελφοκτόνοις συναπώλετο θυμοῖς·",,,,
Wisdom 10:4,WIS,Wisdom,10,4,"δι᾿ ὃν κατακλυζομένην γῆν πάλιν διέσωσε σοφία, δι᾿ εὐτελοῦς ξύλου τὸν δίκαιον κυβερνήσασα.",,,,
Wisdom 10:5,WIS,Wisdom,10,5,αὕτη καὶ ἐν ὁμονοίᾳ πονηρίας ἐθνῶν συγχυθέντων ἔγνω τὸν δίκαιον καὶ ἐτήρησεν αὐτὸν ἄμεμπτον Θεῷ καὶ ἐπὶ τέκνου σπλάγχνοις ἰσχυρὸν ἐφύλαξεν.,,,,
Wisdom 10:6,WIS,Wisdom,10,6,αὕτη δίκαιον ἐξαπολλυμένων ἀσεβῶν ἐρρύσατο φυγόντα πῦρ καταβάσιον Πενταπόλεως·,,,,
Wisdom 10:7,WIS,Wisdom,10,7,"ἧς ἔτι μαρτύριον τῆς πονηρίας καπνιζομένη καθέστηκε χέρσος, καὶ ἀτελέσιν ὥραις καρποφοροῦντα φυτά, ἀπιστούσης ψυχῆς μνημεῖον ἑστηκυῖα στήλη ἁλός.",,,,
Wisdom 10:8,WIS,Wisdom,10,8,"σοφίαν γὰρ παροδεύσαντες οὐ μόνον ἐβλάβησαν τοῦ μὴ γνῶναι τὰ καλά, ἀλλὰ καὶ τῆς ἀφροσύνης ἀπέλιπον τῷ βίῳ μνημόσυνον, ἵνα ἐν οἶς ἐσφάλησαν μηδὲ λαθεῖν δυνηθῶσι.",,,,
Wisdom 10:9,WIS,Wisdom,10,9,σοφία δὲ τοὺς θεραπεύσαντας αὐτὴν ἐκ πόνων ἐρρύσατο.,,,,
Wisdom 10:10,WIS,Wisdom,10,10,αὕτη φυγάδα ὀργῆς ἀδελφοῦ δίκαιον ὡδήγησεν ἐν τρίβοις εὐθείαις· ἔδειξεν αὐτῷ βασιλείαν Θεοῦ καὶ ἔδωκεν αὐτῷ γνῶσιν ἁγίων· εὐπόρησεν αὐτὸν ἐν μόχθοις καί ἐπλήθυνε τοὺς πόνους αὐτοῦ·,,,,
Wisdom 10:11,WIS,Wisdom,10,11,ἐν πλεονεξίᾳ κατισχυόντων αὐτὸν παρέστη καὶ ἐπλούτισεν αὐτόν·,,,,
Wisdom 10:12,WIS,Wisdom,10,12,"διεφύλαξεν αὐτὸν ἀπὸ ἐχθρῶν, καὶ ἀπὸ ἐνεδρευόντων ἠσφαλίσατο καὶ ἀγῶνα ἰσχυρὸν ἐβράβευσεν αὐτῷ, ἵνα γνῷ, ὅτι παντὸς δυνατωτέρα ἐστὶν εὐσέβεια.",,,,
Wisdom 10:13,WIS,Wisdom,10,13,"αὕτη πραθέντα δίκαιον οὐκ ἐγκατέλιπεν, ἀλλὰ ἐξ ἁμαρτίας ἐρρύσατο αὐτόν·",,,,
Wisdom 10:14,WIS,Wisdom,10,14,"συγκατέβη αὐτῷ εἰς λάκκον καὶ ἐν δεσμοῖς οὐκ ἀφῆκεν αὐτόν, ἕως ἤνεγκεν αὐτῷ σκῆπτρα βασιλείας καὶ ἐξουσίαν τυραννούντων αὐτοῦ· ψευδεῖς τε ἔδειξε τοὺς μωμησαμένους αὐτὸν καὶ ἔδωκεν αὐτῷ δόξαν αἰώνιον.",,,,
Wisdom 10:15,WIS,Wisdom,10,15,αὕτη λαὸν ὅσιον καὶ σπέρμα ἄμεμπτον ἐρρύσατο ἐξ ἔθνους θλιβόντων·,,,,
Wisdom 10:16,WIS,Wisdom,10,16,εἰσῆλθεν εἰς ψυχὴν θεράποντος Κυρίου καὶ ἀντέστη βασιλεῦσι φοβεροῖς ἐν τέρασι καὶ σημείοις.,,,,
Wisdom 10:17,WIS,Wisdom,10,17,"ἀπέδωκεν ὁσίοις μισθὸν κόπων αὐτῶν, ὡδήγησεν αὐτοὺς ἐν ὁδῷ θαυμαστῇ καὶ ἐγένετο αὐτοῖς εἰς σκέπην ἡμέρας καὶ εἰς φλόγα ἄστρων τὴν νύκτα.",,,,
Wisdom 10:18,WIS,Wisdom,10,18,διεβίβασεν αὐτοὺς θάλασσαν ἐρυθρὰν καὶ διήγαγεν αὐτοὺς δι᾿ ὕδατος πολλοῦ·,,,,
Wisdom 10:19,WIS,Wisdom,10,19,τοὺς δὲ ἐχθροὺς αὐτῶν κατέκλυσε καὶ ἐκ βάθους ἀβύσσου ἀνέβρασεν αὐτούς.,,,,
Wisdom 10:20,WIS,Wisdom,10,20,"διὰ τοῦτο δίκαιοι ἐσκύλευσαν ἀσεβεῖς καὶ ὕμνησαν, Κύριε, τὸ ὄνομα τὸ ἅγιόν σου, τήν τε ὑπέρμαχόν σου χεῖρα ᾔνεσαν ὁμοθυμαδόν·",,,,
Wisdom 10:21,WIS,Wisdom,10,21,ὅτι ἡ σοφία ἤνοιξε στόμα κωφῶν καὶ γλώσσας νηπίων ἔθηκε τρανάς.,,,,
Wisdom 11:1,WIS,Wisdom,11,1,ΕΥΩΔΩΣΕ τὰ ἔργα αὐτῶν ἐν χειρὶ προφήτου ἁγίου.,,,,
Wisdom 11:2,WIS,Wisdom,11,2,διώδευσαν ἔρημον ἀοίκητον καὶ ἐν ἀβάτοις ἔπηξαν σκηνάς·,,,,
Wisdom 11:3,WIS,Wisdom,11,3,ἀντέστησαν πολεμίοις καὶ ἠμύναντο ἐχθρούς.,,,,
Wisdom 11:4,WIS,Wisdom,11,4,"ἐδίψησαν καὶ ἐπεκαλέσαντό σε, καὶ ἐδόθη αὐτοῖς ἐκ πέτρας ἀκροτόμου ὕδωρ καὶ ἴαμα δίψης ἐκ λίθου σκληροῦ.",,,,
Wisdom 11:5,WIS,Wisdom,11,5,"δι᾿ ὧν γὰρ ἐκολάσθησαν οἱ ἐχθροὶ αὐτῶν, διὰ τούτων αὐτοὶ ἀποροῦντες εὐεργετήθησαν.",,,,
Wisdom 11:6,WIS,Wisdom,11,6,ἀντὶ μὲν πηγῆς ἀεννάου ποταμοῦ αἵματι λυθρώδει ταραχθέντος,,,,
Wisdom 11:7,WIS,Wisdom,11,7,"εἰς ἔλεγχον νηπιοκτόνου διατάγματος, ἔδωκας αὐτοῖς δαψιλὲς ὕδωρ ἀνελπίστως,",,,,
Wisdom 11:8,WIS,Wisdom,11,8,δείξας διὰ τοῦ τότε δίψους πῶς τοὺς ὑπεναντίους ἐκόλασας.,,,,
Wisdom 11:9,WIS,Wisdom,11,9,"ὅτε γὰρ ἐπειράσθησαν, καί περ ἐν ἐλέει παιδευόμενοι, ἔγνωσαν πῶς ἐν ὀργῇ κρινόμενοι ἀσεβεῖς ἐβασανίζοντο·",,,,
Wisdom 11:10,WIS,Wisdom,11,10,"τούτους μὲν γὰρ ὡς πατὴρ νουθετῶν ἐδοκίμασας, ἐκείνους δὲ ὡς ἀπότομος βασιλεὺς καταδικάζων ἐξήτασας.",,,,
Wisdom 11:11,WIS,Wisdom,11,11,καὶ ἀπόντες δὲ καὶ παρόντες ὁμοίως ἐτρύχοντο·,,,,
Wisdom 11:12,WIS,Wisdom,11,12,διπλῆ γὰρ αὐτοὺς ἔλαβε λύπη· καὶ στεναγμὸς μνημῶν τῶν παρελθόντων.,,,,
Wisdom 11:13,WIS,Wisdom,11,13,"ὅτε γὰρ ἤκουσαν διὰ τῶν ἰδίων κολάσεων εὐεργετουμένους αὐτούς, ᾔσθοντο τοῦ Κυρίου·",,,,
Wisdom 11:14,WIS,Wisdom,11,14,"ὃν γὰρ ἐν ἐκθέσει πάλαι ριφέντα ἀπεῖπον χλευάζοντες, ἐπὶ τέλει τῶν ἐκβάσεων ἐθαύμασαν, οὐχ ὅμοια δικαίοις διψήσαντες.",,,,
Wisdom 11:15,WIS,Wisdom,11,15,"ἀντὶ δὲ λογισμῶν ἀσυνέτων ἀδικίας αὐτῶν, ἐν οἷς πλανηθέντες ἐθρήσκευον ἄλογα ἑρπετὰ καὶ κνώδαλα εὐτελῆ, ἐπαπέστειλας αὐτοῖς πλῆθος ἀλόγων ζώων εἰς ἐκδίκησιν,",,,,
Wisdom 11:16,WIS,Wisdom,11,16,"ἵνα γνῶσιν ὅτι δι᾿ ὧν τις ἁμαρτάνει, διὰ τούτων κολάζεται.",,,,
Wisdom 11:17,WIS,Wisdom,11,17,οὐ γὰρ ἠπόρει ἡ παντοδύναμός σου χεὶρ καὶ κτίσασα τὸν κόσμον ἐξ ἀμόρφου ὕλης ἐπιπέμψαι αὐτοῖς πλῆθος ἄρκων ἢ θρασεῖς λέοντας,,,,
Wisdom 11:18,WIS,Wisdom,11,18,"ἢ νεοκτίστους θυμοῦ πλήρεις θῆρας ἀγνώστους ἤτοι πυρπνόον φυσῶντας ἆσθμα ἢ βρόμους λικμωμένους καπνοῦ ἢ δεινοὺς ἀπ᾿ ὀμμάτων σπινθῆρας ἀστράπτοντας,",,,,
Wisdom 11:19,WIS,Wisdom,11,19,"ὧν οὐ μόνον ἡ βλάβη ἠδύνατο συνεκτρῖψαι αὐτούς, ἀλλὰ καὶ ἡ ὄψις ἐκφοβήσασα διολέσαι.",,,,
Wisdom 11:20,WIS,Wisdom,11,20,"καὶ χωρὶς δὲ τούτων, ἑνὶ πνεύματι πεσεῖν ἐδύναντο ὑπὸ τῆς δίκης διωχθέντες καὶ λικμηθέντες ὑπὸ πνεύματος δυνάμεώς σου· ἀλλὰ πάντα μέτρῳ καὶ ἀριθμῷ καὶ σταθμῷ διέταξας.",,,,
Wisdom 11:21,WIS,Wisdom,11,21,"τὸ γὰρ μεγάλως ἰσχύειν πάρεστί σοι πάντοτε, καὶ κράτει βραχίονός σου τίς ἀντιστήσεται;",,,,
Wisdom 11:22,WIS,Wisdom,11,22,ὅτι ὡς ροπὴ ἐκ πλαστίγγων ὅλος ὁ κόσμος ἐναντίον σου καὶ ὡς ρανὶς δρόσου ὀρθρινὴ κατελθοῦσα ἐπὶ γῆν.,,,,
Wisdom 11:23,WIS,Wisdom,11,23,"ἐλεεῖς δὲ πάντας, ὅτι πάντα δύνασαι, καὶ παρορᾷς ἁμαρτήματα ἀνθρώπων εἰς μετάνοιαν.",,,,
Wisdom 11:24,WIS,Wisdom,11,24,"ἀγαπᾷς γὰρ τὰ ὄντα πάντα καὶ οὐδὲν βδελύσσῃ, ὧν ἐποίησας· οὐδὲ γὰρ ἂν μισῶν τι κατεσκεύασας.",,,,
Wisdom 11:25,WIS,Wisdom,11,25,"πῶς δὲ ἔμεινεν ἄν τι, εἰ μὴ σὺ ἠθέλησας ἢ τὸ μὴ κληθὲν ὑπὸ σοῦ διετηρήθη;",,,,
Wisdom 11:26,WIS,Wisdom,11,26,"φείδῃ δὲ πάντων, ὅτι σά ἐστι, δέσποτα φιλόψυχε.",,,,
Wisdom 12:1,WIS,Wisdom,12,1,ΤΟ γὰρ ἄφθαρτόν σου πνεῦμά ἐστιν ἐν πᾶσι.,,,,
Wisdom 12:2,WIS,Wisdom,12,2,"διὸ τοὺς παραπίπτοντας κατ᾿ ὀλίγον ἐλέγχεις καὶ ἐν οἷς ἁμαρτάνουσιν ὑπομιμνήσκων νουθετεῖς, ἵνα ἀπαλλαγέντες τῆς κακίας πιστεύσωσιν ἐπὶ σέ, Κύριε.",,,,
Wisdom 12:3,WIS,Wisdom,12,3,καὶ γὰρ τοὺς παλαιοὺς οἰκήτορας τῆς ἁγίας σου γῆς μισήσας,,,,
Wisdom 12:4,WIS,Wisdom,12,4,ἐπὶ τῷ ἔχθιστα πράσσειν ἔργα φαρμακειῶν καὶ τελετὰς ἀνοσίους,,,,
Wisdom 12:5,WIS,Wisdom,12,5,"τέκνων τε φονέας ἀνελεήμονας καὶ σπλαγχνοφάγων ἀνθρωπίνων σαρκῶν θοῖναν καὶ αἵματος, ἐκ μέσου μύστας θιάσου",,,,
Wisdom 12:6,WIS,Wisdom,12,6,"καὶ αὐθέντας γονεῖς ψυχῶν ἀβοηθήτων, ἐβουλήθης ἀπολέσαι διὰ χειρῶν πατέρων ἡμῶν,",,,,
Wisdom 12:7,WIS,Wisdom,12,7,ἵνα ἀξίαν ἀποικίαν δέξηται Θεοῦ παίδων ἡ παρὰ σοὶ πασῶν τιμιωτάτη γῆ.,,,,
Wisdom 12:8,WIS,Wisdom,12,8,"ἀλλὰ καὶ τούτων ὡς ἀνθρώπων ἐφείσω ἀπέστειλάς τε προδρόμους τοῦ στρατοπέδου σου σφῆκας, ἵνα αὐτοὺς κατὰ βραχὺ ἐξολοθρεύσωσιν.",,,,
Wisdom 12:9,WIS,Wisdom,12,9,"οὐκ ἀδυνατῶν ἐν παρατάξει ἀσεβεῖς δικαίοις ὑποχειρίους δοῦναι ἢ θηρίοις δεινοῖς ἢ λόγῳ ἀποτόμῳ ὑφ᾿ ἓν ἐκτρῖψαι,",,,,
Wisdom 12:10,WIS,Wisdom,12,10,"κρίνων δὲ κατὰ βραχὺ ἐδίδους τόπον μετανοίας, οὐκ ἀγνοῶν ὅτι πονηρὰ ἡ γένεσις αὐτῶν καὶ ἔμφυτος ἡ κακία αὐτῶν καὶ ὅτι οὐ μὴ ἀλλαγῇ ὁ λογισμὸς αὐτῶν εἰς τὸν αἰῶνα.",,,,
Wisdom 12:11,WIS,Wisdom,12,11,"σπέρμα γὰρ ἦν κατηραμένον ἀπ᾿ ἀρχῆς, οὐδὲ εὐλαβούμενός τινα ἐφ᾿ οἷς ἡμάρτανον ἄδειαν ἐδίδους.",,,,
Wisdom 12:12,WIS,Wisdom,12,12,"τίς γὰρ ἐρεῖ· τί ἐποίησας; ἢ τίς ἀντιστήσεται τῷ κρίματί σου; τίς δὲ ἐγκαλέσει σοι κατὰ ἐθνῶν ἀπολωλότων, ἃ σὺ ἐποίησας; ἢ τίς εἰς κατάστασίν σοι ἐλεύσεται ἔκδικος κατὰ ἀδίκων ἀνθρώπων;",,,,
Wisdom 12:13,WIS,Wisdom,12,13,"οὔτε γὰρ Θεός ἐστι πλὴν σοῦ, ᾧ μέλει περὶ πάντων, ἵνα δείξῃς ὅτι οὐκ ἀδίκως ἔκρινας,",,,,
Wisdom 12:14,WIS,Wisdom,12,14,οὔτε βασιλεὺς ἢ τύραννος ἀντοφθαλμῆσαι δυνήσεταί σοι περὶ ὧν ἐκόλασας.,,,,
Wisdom 12:15,WIS,Wisdom,12,15,"δίκαιος δὲ ὢν δικαίως τὰ πάντα διέπεις, αὐτὸν τὸν μὴ ὀφείλοντα κολασθῆναι καταδικάσαι ἀλλότριον ἡγούμενος τῆς σῆς δυνάμεως.",,,,
Wisdom 12:16,WIS,Wisdom,12,16,"ἡ γὰρ ἰσχύς σου δικαιοσύνης ἀρχή, καὶ τὸ πάντων σε δεσπόζειν πάντων φείδεσθαι ποιεῖ.",,,,
Wisdom 12:17,WIS,Wisdom,12,17,ἰσχὺν γὰρ ἐνδείκνυσαι ἀπιστούμενος ἐπὶ δυνάμεως τελειότητι καὶ ἐν τοῖς εἰδόσι τὸ θράσος ἐξελέγχεις.,,,,
Wisdom 12:18,WIS,Wisdom,12,18,"σὺ δὲ δεσπόζων ἰσχύος ἐν ἐπιεικείᾳ κρίνεις καὶ μετὰ πολλῆς φειδοῦς διοικεῖς ἡμᾶς· πάρεστι γάρ σοι, ὅταν θέλῃς, τὸ δύνασθαι.",,,,
Wisdom 12:19,WIS,Wisdom,12,19,"Ἐδίδαξας δέ σου τὸν λαὸν διά τῶν τοιούτων ἔργων, ὅτι δεῖ τὸν δίκαιον εἶναι φιλάνθρωπον· καὶ εὐέλπιδας ἐποίησας τοὺς υἱούς σου ὅτι δίδως ἐπὶ ἁμαρτήμασι μετάνοιαν.",,,,
Wisdom 12:20,WIS,Wisdom,12,20,"εἰ γὰρ ἐχθροὺς παίδων σου καὶ ὀφειλομένους θανάτῳ μετὰ τοσαύτης ἐτιμώρησας προσοχῆς καὶ διέσεως, δοὺς χρόνους καὶ τόπον, δι᾿ ὧν ἀπαλλαγῶσι τῆς κακίας,",,,,
Wisdom 12:21,WIS,Wisdom,12,21,"μετὰ πόσης ἀκριβείας ἔκρινας τοὺς υἱούς σου, ὧν τοῖς πατράσιν ὅρκους καὶ συνθήκας ἔδωκας ἀγαθῶν ὑποσχέσεων;",,,,
Wisdom 12:22,WIS,Wisdom,12,22,"Ἡμᾶς οὖν παιδεύων τοὺς ἐχθροὺς ἡμῶν ἐν μυριότητι μαστιγοῖς, ἵνα σου τὴν ἀγαθότητα μεριμνῶμεν κρίνοντες, κρινόμενοι δὲ προσδοκῶμεν ἔλεος.",,,,
Wisdom 12:23,WIS,Wisdom,12,23,ὅθεν καὶ τοὺς ἐν ἀφροσύνῃ ζωῆς βιώσαντας ἀδίκους διὰ τῶν ἰδίων ἐβασάνισας βδελυγμάτων·,,,,
Wisdom 12:24,WIS,Wisdom,12,24,"καὶ γὰρ τῶν πλάνης ὁδῶν μακρότερον ἐπλανήθησαν, θεοὺς ὑπολαμβάνοντες τὰ καὶ ἐν ζῴοις τῶν ἐχθρῶν ἄτιμα, νηπίων δίκην ἀφρόνων ψευσθέντες.",,,,
Wisdom 12:25,WIS,Wisdom,12,25,διὰ τοῦτο ὡς παισὶν ἀλογίστοις τὴν κρίσιν εἰς ἐμπαιγμὸν ἔπεμψας.,,,,
Wisdom 12:26,WIS,Wisdom,12,26,οἱ δὲ παιγνίοις ἐπιτιμήσεως μὴ νουθετηθέντες ἀξίαν Θεοῦ κρίσιν πειράσουσιν.,,,,
Wisdom 12:27,WIS,Wisdom,12,27,"ἐφ᾿ οἷς γὰρ αὐτοὶ πάσχοντες ἠγανάκτουν, ἐπὶ τούτοις, οὓς ἐδόκουν θεούς, ἐν αὐτοῖς κολαζόμενοι, ἰδόντες ὃν πάλαι ἠρνοῦντο εἰδέναι Θεὸν ἐπέγνωσαν ἀληθῆ· διὸ καὶ τὸ τέρμα τῆς καταδίκης ἐπ᾿ αὐτοὺς ἐπῆλθεν.",,,,
Wisdom 13:1,WIS,Wisdom,13,1,"ΜΑΤΑΙΟΙ μὲν γὰρ πάντες ἄνθρωποι φύσει, οἷς παρῆν Θεοῦ ἀγνωσία καὶ ἐκ τῶν ὁρωμένων ἀγαθῶν οὐκ ἴσχυσαν εἰδέναι τὸν ὄντα οὔτε τοῖς ἔργοις προσχόντες ἐπέγνωσαν τὸν τεχνίτην·",,,,
Wisdom 13:2,WIS,Wisdom,13,2,ἀλλ᾿ ἢ πῦρ ἢ πνεῦμα ἢ ταχινὸν ἀέρα ἢ κύκλον ἄστρων ἢ βίαιον ὕδωρ ἢ φωστῆρας οὐρανοῦ πρυτάνεις κόσμου θεοὺς ἐνόμισαν.,,,,
Wisdom 13:3,WIS,Wisdom,13,3,"ὧν εἰ μὲν τῇ καλλονῇ τερπόμενοι ταῦτα θεοὺς ὑπελάμβανον, γνώτωσαν πόσῳ τούτων ὁ δεσπότης ἐστὶ βελτίων, ὁ γὰρ τοῦ κάλλους γενεσιάρχης ἔκτισεν αὐτά·",,,,
Wisdom 13:4,WIS,Wisdom,13,4,εἰ δὲ δύναμιν καὶ ἐνέργειαν ἐκπλαγέντες νοησάτωσαν ἀπ᾿ αὐτῶν πόσῳ ὁ κατασκευάσας αὐτὰ δυνατώτερός ἐστιν·,,,,
Wisdom 13:5,WIS,Wisdom,13,5,ἐκ γὰρ μεγέθους καλλονῆς κτισμάτων ἀναλόγως ὁ γενεσιουργὸς αὐτῶν θεωρεῖται.,,,,
Wisdom 13:6,WIS,Wisdom,13,6,"ἀλλ᾿ ὅμως ἐπὶ τούτοις ἔστι μέμψις ὀλίγη, καὶ γὰρ αὐτοὶ τάχα πλανῶνται Θεὸν ζητοῦντες καὶ θέλοντες εὑρεῖν·",,,,
Wisdom 13:7,WIS,Wisdom,13,7,"ἐν γὰρ τοῖς ἔργοις αὐτοῦ ἀναστρεφόμενοι διερευνῶσι καὶ πείθονται τῇ ὄψει, ὅτι καλὰ τὰ βλεπόμενα.",,,,
Wisdom 13:8,WIS,Wisdom,13,8,πάλιν δὲ οὐδ᾿ αὐτοὶ συγγνωστοί·,,,,
Wisdom 13:9,WIS,Wisdom,13,9,"εἰ γὰρ τοσοῦτον ἴσχυσαν εἰδέναι, ἵνα δύνωνται στοχάσασθαι τὸν αἰῶνα, τὸν τούτων δεσπότην πῶς τάχιον οὐχ εὗρον;",,,,
Wisdom 13:10,WIS,Wisdom,13,10,"Ταλαίπωροι δὲ καὶ ἐν νεκροῖς αἱ ἐλπίδες αὐτῶν, οἵτινες ἐκάλεσαν θεοὺς ἔργα χειρῶν ἀνθρώπων, χρυσὸν καὶ ἄργυρον τέχνης ἐμμελέτημα καὶ ἀπεικάσματα ζῴων ἢ λίθον ἄχρηστον χειρὸς ἔργον ἀρχαίας.",,,,
Wisdom 13:11,WIS,Wisdom,13,11,"εἰ δὲ καί τις ὑλοτόμος τέκνων εὐκίνητον φυτὸν ἐκπρίσας περιέξυσεν εὐμαθῶς πάντα τὸν φλοιὸν αὐτοῦ καὶ τεχνησάμενος εὐπρεπῶς κατεσκεύασε χρήσιμον σκεῦος εἰς ὑπηρεσίαν ζωῆς,",,,,
Wisdom 13:12,WIS,Wisdom,13,12,τὰ δὲ ἀποβλήματα τῆς ἐργασίας εἰς ἑτοιμασίαν τροφῆς ἀναλώσας ἐνεπλήσθη·,,,,
Wisdom 13:13,WIS,Wisdom,13,13,"τὸ δὲ ἐξ αὐτῶν ἀπόβλημα εἰς οὐθὲν εὔχρηστον, ξύλον σκολιὸν καὶ ὄζοις συμπεφηκός, λαβὼν ἔγλυψεν ἐν ἐπιμελείᾳ ἀργίας αὐτοῦ καὶ ἐμπειρίᾳ συνέσεως ἐτύπωσεν αὐτό, ἀπείκασεν αὐτὸ εἰκόνι ἀνθρώπου",,,,
Wisdom 13:14,WIS,Wisdom,13,14,"ἢ ζῴῳ τινὶ εὐτελεῖ ὡμοίωσεν αὐτό, καταχρίσας μίλτῳ καὶ φύκει ἐρυθήνας χρόαν αὐτοῦ, καὶ πᾶσαν κηλῖδα τὴν ἐν αὐτῷ καταχρίσας",,,,
Wisdom 13:15,WIS,Wisdom,13,15,"καὶ ποιήσας αὐτῷ αὐτοῦ ἄξιον οἴκημα, ἐν τοίχῳ ἔθηκεν αὐτὸ ἀσφαλισάμενος σιδήρῳ.",,,,
Wisdom 13:16,WIS,Wisdom,13,16,"ἵνα μὲν οὖν μὴ καταπέσῃ, προενόησεν αὐτοῦ εἰδὼς ὅτι ἀδυνατεῖ ἑαυτῷ βοηθῆσαι· καὶ γάρ ἐστιν εἰκὼν καὶ χρείαν ἔχει βοηθείας.",,,,
Wisdom 13:17,WIS,Wisdom,13,17,"περὶ δὲ κτημάτων καὶ γάμων αὐτοῦ καὶ τέκνων προσευχόμενος, οὐκ αἰσχύνεται τῷ ἀψύχῳ προσλαλῶν καὶ περὶ μὲν ὑγιείας τὸ ἀσθενὲς ἐπικαλεῖται,",,,,
Wisdom 13:18,WIS,Wisdom,13,18,"περὶ δὲ ζωῆς τὸν νεκρὸν ἀξιοῖ, περὶ δὲ ἐπικουρίας τὸ ἀπειρότατον ἱκετεύει, περὶ δὲ ὁδοιπορίας τὸ μηδὲ βάσει χρῆσθαι δυνάμενον,",,,,
Wisdom 13:19,WIS,Wisdom,13,19,περὶ δὲ πορισμοῦ καὶ ἐργασίας καὶ χειρῶν ἐπιτυχίας τὸ ἀδρανέστατον ταῖς χερσὶν εὐδράνειαν αἰτεῖται.,,,,
Wisdom 14:1,WIS,Wisdom,14,1,"Πλοῦν τις πάλιν στελλόμενος καὶ ἄγρια μέλλων διοδεύειν κύματα, τοῦ φέροντος αὐτὸν πλοίου σαθρότερον ξύλον ἐπιβοᾶται.",,,,
Wisdom 14:2,WIS,Wisdom,14,2,"ἐκεῖνο μὲν γὰρ ὄρεξις πορισμῶν ἐπενόησε, τεχνῖτις δὲ σοφίᾳ κατεσκεύασεν·",,,,
Wisdom 14:3,WIS,Wisdom,14,3,"ἡ δὲ σή, πάτερ, διακυβερνᾷ πρόνοια, ὅτι ἔδωκας καὶ ἐν θαλάσσῃ ὁδὸν καὶ ἐν κύμασι τρίβον ἀσφαλῆ,",,,,
Wisdom 14:4,WIS,Wisdom,14,4,"δεικνὺς ὅτι δύνασαι ἐκ παντὸς σώζειν, ἵνα κἂν ἄνευ τέχνης τις ἐπιβῇ.",,,,
Wisdom 14:5,WIS,Wisdom,14,5,"θέλεις δὲ μή ἀργὰ εἶναι τὰ τῆς σοφίας σου ἔργα, διὰ τοῦτο καὶ ἐλαχίστῳ ξύλῳ πιστεύουσιν ἄνθρωποι ψυχὰς καὶ διελθόντες κλύδωνα σχεδίᾳ διεσώθησαν.",,,,
Wisdom 14:6,WIS,Wisdom,14,6,"καὶ ἀρχῆς γὰρ ἀπολλυμένων ὑπερηφάνων γιγάντων, ἡ ἐλπὶς τοῦ κόσμου ἐπὶ σχεδίας καταφυγοῦσα ἀπέλιπεν αἰῶνι σπέρμα γενέσεως τῇ σῇ κυβερνηθεῖσα χειρί.",,,,
Wisdom 14:7,WIS,Wisdom,14,7,"εὐλόγηται γὰρ ξύλον, δι᾿ οὗ γίνεται δικαιοσύνη·",,,,
Wisdom 14:8,WIS,Wisdom,14,8,"τὸ χειροποίητον δέ, ἐπικατάρατον αὐτὸν καὶ ὁ ποιήσας αὐτό, ὅτι ὁ μὲν εἰργάζετο, τὸ δὲ φθαρτὸν θεὸς ὠνομάσθη.",,,,
Wisdom 14:9,WIS,Wisdom,14,9,ἐν ἴσῳ γὰρ μισητὰ Θεῷ καὶ ὁ ἀσεβῶν καὶ ἡ ἀσέβεια αὐτοῦ·,,,,
Wisdom 14:10,WIS,Wisdom,14,10,καὶ γὰρ τὸ πραχθὲν σὺν τῷ δράσαντι κολασθήσεται.,,,,
Wisdom 14:11,WIS,Wisdom,14,11,"διὰ τοῦτο καὶ ἐν εἰδώλοις ἐθνῶν ἐπισκοπὴ ἔσται, ὅτι ἐν κτίσματι Θεοῦ εἰς βδέλυγμα ἐγενήθησαν καὶ εἰς σκάνδαλα ψυχαῖς ἀνθρώπων καὶ εἰς παγίδα ποσὶν ἀφρόνων.",,,,
Wisdom 14:12,WIS,Wisdom,14,12,"Ἀρχὴ γὰρ πορνείας ἐπίνοια εἰδώλων, εὕρεσις δὲ αὐτῶν φθορὰ ζωῆς.",,,,
Wisdom 14:13,WIS,Wisdom,14,13,"οὔτε γὰρ ἦν ἀπ᾿ ἀρχῆς, οὔτε εἰς τὸν αἰῶνα ἔσται·",,,,
Wisdom 14:14,WIS,Wisdom,14,14,"κενοδοξίᾳ γὰρ ἀνθρώπων εἰσῆλθεν εἰς κόσμον, καὶ διὰ τοῦτο σύντομον αὐτῶν τέλος ἐπενοήθη.",,,,
Wisdom 14:15,WIS,Wisdom,14,15,"ἀώρῳ γὰρ πένθει τρυχόμενος πατήρ, τοῦ ταχέως ἀφαιρεθέντος τέκνου εἰκόνα ποιήσας, τὸν τότε νεκρὸν ἄνθρωπον νῦν ὡς Θεὸν ἐτίμησε καὶ παρέδωκε τοῖς ὑποχειρίοις μυστήρια καὶ τελετάς.",,,,
Wisdom 14:16,WIS,Wisdom,14,16,"εἶτα ἐν χρόνῳ κρατυνθὲν τὸ ἀσεβὲς ἔθος ὡς νόμος ἐφυλάχθη, καὶ τυράννων ἐπιταγαῖς ἐθρησκεύετο τὰ γλυπτά,",,,,
Wisdom 14:17,WIS,Wisdom,14,17,"οὓς ἐν ὄψει μὴ δυνάμενοι τιμᾶν ἄνθρωποι διὰ τὸ μακρὰν οἰκεῖν, τὴν πόρρωθεν ὄψιν ἀνατυπωσάμενοι, ἐμφανῆ εἰκόνα τοῦ τιμωμένου βασιλέως ἐποίησαν, ἵνα τὸν ἀπόντα ὡς παρόντα κολακεύωσι διὰ τῆς σπουδῆς.",,,,
Wisdom 14:18,WIS,Wisdom,14,18,εἰς ἐπίτασιν δὲ θρησκείας καὶ τοὺς ἀγνοοῦντας ἡ τοῦ τεχνίτου προετρέψατο φιλοτιμία·,,,,
Wisdom 14:19,WIS,Wisdom,14,19,"ὁ μὲν γὰρ τάχα τῷ κρατοῦντι βουλόμενος ἀρέσαι, ἐξεβιάσατο τῇ τέχνῃ τὴν ὁμοιότητα ἐπὶ τὸ κάλλιον·",,,,
Wisdom 14:20,WIS,Wisdom,14,20,"τὸ δὲ πλῆθος ἐφελκόμενον διὰ τὸ εὔχαρι τῆς ἐργασίας, τὸν πρὸ ὀλίγου τιμηθέντα ἄνθρωπον νῦν σέβασμα ἐλογίσαντο.",,,,
Wisdom 14:21,WIS,Wisdom,14,21,"καὶ τοῦτο ἐγένετο τῷ βίῳ εἰς ἔνεδρον, ὅτι ἢ συμφορᾷ ἢ τυραννίδι δουλεύσαντες ἄνθρωποι τὸ ἀκοινώνητον ὄνομα λίθοις καὶ ξύλοις περιέθεσαν.",,,,
Wisdom 14:22,WIS,Wisdom,14,22,"Εἶτ᾿ οὐκ ἤρκεσε τὸ πλανᾶσθαι περὶ τὴν τοῦ Θεοῦ γνῶσιν, ἀλλὰ καὶ μεγάλῳ ζῶντες ἀγνοίας πολέμῳ τὰ τοσαῦτα κακὰ εἰρήνην προσαγορεύουσιν.",,,,
Wisdom 14:23,WIS,Wisdom,14,23,"ἢ γὰρ τεκνοφόνους τελετὰς ἢ κρύφια μυστήρια ἢ ἐμμανεῖς ἐξ ἄλλων θεσμῶν κώμους ἄγοντες,",,,,
Wisdom 14:24,WIS,Wisdom,14,24,"οὔτε βίους οὔτε γάμους καθαροὺς ἔτι φυλάσσουσιν, ἕτερος δ᾿ ἕτερον ἢ λοχῶν ἀναιρεῖ ἢ νοθεύων ὀδυνᾷ.",,,,
Wisdom 14:25,WIS,Wisdom,14,25,"πάντας δ᾿ ἐπιμὶξ ἔχει αἷμα καὶ φόνος, κλοπὴ καὶ δόλος, φθορά, ἀπιστία, ταραχή, ἐπιορκία, θόρυβος ἀγαθῶν,",,,,
Wisdom 14:26,WIS,Wisdom,14,26,"χάριτος ἀμνησία, ψυχῶν μιασμός, γενέσεως ἐναλλαγή, γάμων ἀταξία, μοιχεία καὶ ἀσέλγεια.",,,,
Wisdom 14:27,WIS,Wisdom,14,27,ἡ γὰρ τῶν ἀνωνύμων εἰδώλων θρησκεία παντὸς ἀρχὴ κακοῦ καὶ αἰτία καὶ πέρας ἐστίν·,,,,
Wisdom 14:28,WIS,Wisdom,14,28,ἢ γὰρ εὐφραινόμενοι μεμήνασιν ἢ προφητεύουσι ψευδῆ ἢ ζῶσιν ἀδίκως ἢ ἐπιορκοῦσι ταχέως·,,,,
Wisdom 14:29,WIS,Wisdom,14,29,"ἀψύχοις γὰρ πεποιθότες εἰδώλοις κακῶς ὀμόσαντες, ἀδικηθῆναι οὐ προσδέχονται.",,,,
Wisdom 14:30,WIS,Wisdom,14,30,"ἀμφότερα δὲ αὐτοὺς μετελεύσεται τὰ δίκαια, ὅτι κακῶς ἐφρόνησαν περὶ Θεοῦ προσχόντες εἰδώλοις καὶ ἀδίκως ὤμοσαν ἐν δόλῳ καταφρονήσαντες ὁσιότητος·",,,,
Wisdom 14:31,WIS,Wisdom,14,31,"οὐ γὰρ ἡ τῶν ὀμνυομένων δύναμις, ἀλλ᾿ ἡ τῶν ἁμαρτανόντων δίκη ἐπεξέρχεται ἀεὶ τὴν τῶν ἀδίκων παράβασιν.",,,,
Wisdom 15:1,WIS,Wisdom,15,1,"ΣΥ δὲ ὁ Θεὸς ἡμῶν χρηστὸς καὶ ἀληθής, μακρόθυμος καὶ ἐν ἐλέει διοικῶν τὰ πάντα.",,,,
Wisdom 15:2,WIS,Wisdom,15,2,"καὶ γὰρ ἐὰν ἁμάρτωμεν, σοί ἐσμεν, εἰδότες σου τὸ κράτος· οὐχ ἁμαρτησόμεθα δέ, εἰδότες ὅτι σοὶ λελογίσμεθα.",,,,
Wisdom 15:3,WIS,Wisdom,15,3,"τὸ γὰρ ἐπίστασθαί σε ὁλόκληρος δικαιοσύνη, καὶ εἰδέναι τὸ κράτος σου ρίζα ἀθανασίας.",,,,
Wisdom 15:4,WIS,Wisdom,15,4,"οὔτε γὰρ ἐπλάνησεν ἡμᾶς ἀνθρώπων κακότεχνος ἐπίνοια, οὐδὲ σκιαγράφων πόνος ἄκαρπος, εἶδος σπιλωθὲν χρώμασι διηλλαγμένοις,",,,,
Wisdom 15:5,WIS,Wisdom,15,5,"ὧν ὄψις ἄφροσιν εἰς ὄνειδος ἔρχεται, ποθεῖ τε νεκρᾶς εἰκόνος εἶδος ἄπνουν.",,,,
Wisdom 15:6,WIS,Wisdom,15,6,"κακῶν ἐρασταὶ ἄξιοί τε τοιούτων ἐλπίδων, καὶ οἱ δρῶντες καὶ οἱ ποθοῦντες καὶ οἱ σεβόμενοι.",,,,
Wisdom 15:7,WIS,Wisdom,15,7,"Καὶ γὰρ κεραμεὺς ἁπαλὴν γῆν θλίβων ἐπίμοχθον πλάσσει πρὸς ὑπηρεσίαν ἡμῶν ἓν ἕκαστον· ἀλλ᾿ ἐκ τοῦ αὐτοῦ πηλοῦ ἀνεπλάσατο τά τε τῶν καθαρῶν ἔργων δοῦλα σκεύη τά τε ἐναντία, πάνθ᾿ ὁμοίως· τούτων δὲ ἑκατέρου τίς ἑκάστῳ ἐστὶν ἡ χρῆσις, κριτὴς ὁ πηλουργός·",,,,
Wisdom 15:8,WIS,Wisdom,15,8,"καὶ κακόμοχθος θεὸν μάταιον ἐκ τοῦ αὐτοῦ πλάσσει πηλοῦ, ὃς πρὸ μικροῦ γῆς γεννηθεὶς μετ᾿ ὀλίγον πορεύεται ἐξ ἧς ἐλήφθη, τὸ τῆς ψυχῆς ἀπαιτηθεὶς χρέος.",,,,
Wisdom 15:9,WIS,Wisdom,15,9,"ἀλλ᾿ ἔστιν αὐτῷ φροντὶς οὐχ ὅτι μέλλει κάμνειν, ἀλλ᾿ ὅτι βραχυτελῆ βίον ἔχει, ἀλλ᾿ ἀντερείδεται μέν χρυσουργοῖς καὶ ἀργυροχόοις, χαλκοπλάστας τε μιμεῖται καὶ δόξαν ἡγεῖται ὅτι κίβδηλα πλάσσει.",,,,
Wisdom 15:10,WIS,Wisdom,15,10,"σποδὸς ἡ καρδία αὐτοῦ, καὶ γῆς εὐτελεστέρα ἡ ἐλπὶς αὐτοῦ, πηλοῦ τε ἀτιμότερος ὁ βίος αὐτοῦ,",,,,
Wisdom 15:11,WIS,Wisdom,15,11,ὅτι ἠγνόησε τὸν πλάσαντα αὐτὸν καὶ τὸν ἐμπνεύσαντα αὐτῷ ψυχὴν ἐνεργοῦσαν καὶ ἐμφυσήσαντα πνεῦμα ζωτικόν·,,,,
Wisdom 15:12,WIS,Wisdom,15,12,"ἀλλ᾿ ἐλογίσαντο παίγνιον εἶναι τὴν ζωὴν ἡμῶν καὶ τὸν βίον πανηγυρισμὸν ἐπικερδῆ· δεῖν γάρ φησιν ὅθεν δή, κἂν ἐκ κακοῦ, πορίζειν.",,,,
Wisdom 15:13,WIS,Wisdom,15,13,"οὗτος γὰρ παρὰ πάντας οἶδεν ὅτι ἁμαρτάνει, ὕλης γεώδους εὔθραυστα σκεύη καὶ γλυπτὰ δημιουργῶν.",,,,
Wisdom 15:14,WIS,Wisdom,15,14,"πάντες δ᾿ ἀφρονέστατοι καὶ τάλαντες ὑπὲρ ψυχὴν νηπίου οἱ ἐχθροὶ τοῦ λαοῦ σου καταδυναστεύσαντες αὐτόν,",,,,
Wisdom 15:15,WIS,Wisdom,15,15,"ὅτι καὶ πάντα εἴδωλα τῶν ἐθνῶν ἐλογίσαντο θεούς, οἷς οὔτε ὀμμάτων χρῆσις εἰς ὅρασιν οὔτε ρῖνες εἰς συνολκὴν ἀέρος οὔτε ὦτα ἀκούειν οὔτε δάκτυλοι χειρῶν εἰς ψηλάφησιν, καὶ οἱ πόδες αὐτῶν ἀργοὶ πρὸς ἐπίβασιν.",,,,
Wisdom 15:16,WIS,Wisdom,15,16,"ἄθρωπος γὰρ ἐποίησεν αὐτούς, καὶ τὸ πνεῦμα δεδανεισμένος ἔπλασεν αὐτούς· οὐδεὶς γὰρ αὐτῷ ὅμοιον ἄνθρωπος ἰσχύει πλάσαι Θεόν.",,,,
Wisdom 15:17,WIS,Wisdom,15,17,"θνητὸς δὲ ὢν νεκρὸν ἐργάζεται χερσὶν ἀνόμοις· κρείττων γάρ ἐστι τῶν σεβασμάτων αὐτοῦ, ὧν αὐτὸς μὲν ἔζησεν, ἐκεῖνα δὲ οὐδέποτε.",,,,
Wisdom 15:18,WIS,Wisdom,15,18,καὶ τὰ ζῷα δὲ τὰ ἔχθιστα σέβονται· ἀνοίᾳ γὰρ συγκρινόμενα τῶν ἄλλων ἐστὶ χείρονα·,,,,
Wisdom 15:19,WIS,Wisdom,15,19,"οὐδ᾿ ὅσον ἐπιποθῆσαι ὡς ἐν ζῴων ὄψει καλὰ τυγχάνει, ἐκπέφευγε δὲ καὶ τὸν τοῦ Θεοῦ ἔπαινον καὶ τὴν εὐλογίαν αὐτοῦ.",,,,
Wisdom 16:1,WIS,Wisdom,16,1,ΔΙΑ τοῦτο δ᾿ ὁμοίων ἐκολάσθησαν ἀξίως καὶ διὰ πλήθους κνωδάλων ἐβασανίσθησαν.,,,,
Wisdom 16:2,WIS,Wisdom,16,2,"ἀνθ᾿ ἧς κολάσεως εὐεργετήσας τὸν λαόν σου, εἰς ἐπιθυμίαν ὀρέξεως ξένην γεῦσιν, τροφὴν ἡτοίμασας ὀρτυγομήτραν,",,,,
Wisdom 16:3,WIS,Wisdom,16,3,"ἵνα ἐκεῖνοι μὲν ἐπιθυμοῦντες τροφὴν διὰ τὴν εἰδέ χθειαν τῶν ἐπαπεσταλμένων καὶ τὴν ἀναγκαίαν ὄρεξιν ἀποστρέφωνται, αὐτοὶ δὲ ἐπ᾿ ὀλίγον ἐνδεεῖς γενόμενοι καὶ ξένης μετάσχωσι γεύσεως.",,,,
Wisdom 16:4,WIS,Wisdom,16,4,"ἔδει γὰρ ἐκείνοις μὲν ἀπαραίτητον ἔνδειαν ἐπελθεῖν τυραννοῦσι, τούτοις δὲ μόνον δειχθῆναι πῶς οἱ ἐχθροὶ αὐτῶν ἐβασανίζοντο.",,,,
Wisdom 16:5,WIS,Wisdom,16,5,"Καὶ γὰρ ὅτε αὐτοῖς δεινὸς ἐπῆλθε θηρίων θυμὸς δήγμασί τε σκολιῶν διεφθείροντο ὄφεων, οὐ μέχρι τέλους ἔμεινεν ἡ ὀργή σου·",,,,
Wisdom 16:6,WIS,Wisdom,16,6,"εἰς νουθεσίαν δὲ πρὸς ὀλίγον ἐταράχθησαν, σύμβουλον ἔχοντες σωτηρίας εἰς ἀνάμνησιν ἐντολῆς νόμου σου·",,,,
Wisdom 16:7,WIS,Wisdom,16,7,"ὁ γὰρ ἐπιστραφεὶς οὐ διὰ τὸ θεωρούμενον ἐσώζετο, ἀλλὰ διὰ σὲ τὸν πάντων σωτῆρα.",,,,
Wisdom 16:8,WIS,Wisdom,16,8,"καὶ ἐν τούτῳ δὲ ἔπεισας τοὺς ἐχθροὺς ἡμῶν, ὅτι σὺ εἶ ὁ ρυόμενος ἐκ παντὸς κακοῦ·",,,,
Wisdom 16:9,WIS,Wisdom,16,9,"οὓς μὲν γαρ ἀκρίδων καὶ μυιῶν ἀπέκτεινε δήγματα, καὶ οὐχ εὑρέθη ἴαμα τῇ ψυχῇ αὐτῶν, ὅτι ἄξιοι ἦσαν ὑπὸ τοιούτων κολασθῆναι·",,,,
Wisdom 16:10,WIS,Wisdom,16,10,"τοὺς δὲ υἱούς σου οὐδὲ ἰοβόλων δρακόντων ἐνίκησαν ὀδόντες, τὸ ἔλεος γάρ σου ἀντιπαρῆλθε καὶ ἰάσατο αὐτούς.",,,,
Wisdom 16:11,WIS,Wisdom,16,11,"εἰς γὰρ ὑπόμνησιν τῶν λογίων σου ἐνεκεντρίζοντο καὶ ὀξέως διεσώζοντο, ἵνα μὴ εἰς βαθεῖαν ἐμπεσόντες λήθην ἀπερίσπαστοι γένωνται τῆς σῆς εὐεργεσίας.",,,,
Wisdom 16:12,WIS,Wisdom,16,12,"καὶ γὰρ οὔτε βοτάνη οὔτε μάλαγμα ἐθεράπευσεν αὐτούς, ἀλλὰ ὁ σός, Κύριε, λόγος ὁ πάντα ἱώμενος.",,,,
Wisdom 16:13,WIS,Wisdom,16,13,σὺ γὰρ ζωῆς καὶ θανάτου ἐξουσίαν ἔχεις καὶ κατάγεις εἰς πύλας ᾅδου καὶ ἀνάγεις.,,,,
Wisdom 16:14,WIS,Wisdom,16,14,"ἄνθρωπος δὲ ἀποκτέννει μὲν τῇ κακίᾳ αὐτοῦ, ἐξελθὸν δὲ πνεῦμα οὐκ ἀναστρέφει οὐδὲ ἀναλύει ψυχὴν παραληφθεῖσαν.",,,,
Wisdom 16:15,WIS,Wisdom,16,15,Τὴν δὲ σὴν χεῖρα φυγεῖν ἀδύνατόν ἐστιν·,,,,
Wisdom 16:16,WIS,Wisdom,16,16,"ἀρνούμενοι γάρ σε εἰδέναι ἀσεβεῖς, ἐν ἰσχύϊ βραχίονός σου ἐμαστιγώθησαν, ξένοις ὑετοῖς καὶ χαλάζαις καὶ ὄμβροις διωκόμενοι ἀπαραιτήτοις καὶ πυρὶ καταναλισκόμενοι.",,,,
Wisdom 16:17,WIS,Wisdom,16,17,"τὸ γὰρ παραδοξότατον, ἐν τῷ πάντα σβεννύντι ὕδατι πλεῖον ἐνήργει τὸ πῦρ, ὑπέρμαχος γὰρ ὁ κόσμος ἐστὶ δικαίων·",,,,
Wisdom 16:18,WIS,Wisdom,16,18,"ποτὲ μὲν γὰρ ἡμεροῦτο φλόξ, ἵνα μὴ καταφλέξῃ τὰ ἐπ᾿ ἀσεβεῖς ἀπεσταλμένα ζῷα, ἀλλ᾿ αὐτοὶ βλέποντες ἴδωσιν, ὅτι Θεοῦ κρίσει ἐλαύνονται·",,,,
Wisdom 16:19,WIS,Wisdom,16,19,"ποτὲ δὲ καὶ μεταξὺ ὕδατος ὑπὲρ τὴν πυρὸς δύναμιν φλέγει, ἵνα ἀδίκου γῆς γεννήματα διαφθείρῃ.",,,,
Wisdom 16:20,WIS,Wisdom,16,20,ἀνθ᾿ ὧν ἀγγέλων τροφὴν ἐψώμισας τὸν λαόν σου καὶ ἕτοιμον ἄρτον αὐτοῖς ἀπ᾿ οὐρανοῦ ἔπεμψας ἀκοπιάτως πᾶσαν ἡδονὴν ἰσχύοντα καὶ πρὸς πᾶσαν ἁρμόνιον γεῦσιν·,,,,
Wisdom 16:21,WIS,Wisdom,16,21,"ἡ μὲν γὰρ ὑπόστασίς σου τὴν σὴν γλυκύτητα πρὸς τέκνα ἐνεφάνισε, τῇ δὲ τοῦ προσφερομένου ἐπιθυμίᾳ ὑπηρετῶν πρὸς ὅ τις ἐβούλετο μετεκιρνᾶτο.",,,,
Wisdom 16:22,WIS,Wisdom,16,22,"χιὼν δὲ καὶ κρύσταλλος ὑπέμεινε πῦρ καὶ οὐκ ἐτήκετο, ἵνα γνῶσιν ὅτι τοὺς τῶν ἐχθρῶν καρποὺς κατέφθειρε πῦρ φλεγόμενον ἐν τῇ χαλάζῃ καὶ ἐν τοῖς ὑετοῖς διαστράπτον·",,,,
Wisdom 16:23,WIS,Wisdom,16,23,"τοῦτο πάλιν δ᾿ ἵνα τραφῶσι δίκαιοι, καὶ τῆς ἰδίας ἐπιλελῆσθαι δυνάμεως.",,,,
Wisdom 16:24,WIS,Wisdom,16,24,ἡ γὰρ κτίσις σοι τῷ ποιήσαντι ὑπηρετοῦσα ἐπιτείνεται εἰς κόλασιν κατὰ τῶν ἀδίκων καὶ ἀνίεται εἰς εὐεργεσίαν ὑπὲρ τῶν εἰς σὲ πεποιθότων.,,,,
Wisdom 16:25,WIS,Wisdom,16,25,"διὰ τοῦτο καὶ τότε εἰς πάντα μεταλλευομένη τῇ παντοτρόφῳ σου δωρεᾷ ὑπηρέτει πρὸς τὴν τῶν δεομένων θέλησιν,",,,,
Wisdom 16:26,WIS,Wisdom,16,26,"ἵνα μάθωσιν οἱ υἱοί σου, οὓς ἠγάπησας, Κύριε, ὅτι οὐχ αἱ γενέσεις τῶν καρπῶν τρέφουσιν ἄνθρωπον, ἀλλὰ τὸ ρῆμά σου τοὺς σοὶ πιστεύοντας διατηρεῖ.",,,,
Wisdom 16:27,WIS,Wisdom,16,27,"τὸ γὰρ ὑπὸ πυρὸς μὴ φθειρόμενον ἁπλῶς ὑπὸ βραχείας ἀκτῖνος ἡλίου θερμαινόμενον ἐτήκετο,",,,,
Wisdom 16:28,WIS,Wisdom,16,28,ὅπως γνωστὸν ᾖ ὅτι δεῖ φθάνειν τὸν ἥλιον ἐπ᾿ εὐχαριστίαν σου καὶ πρὸς ἀνατολὴν φωτὸς ἐντυγχάνειν σοι.,,,,
Wisdom 16:29,WIS,Wisdom,16,29,ἀχαρίστου γὰρ ἐλπὶς ὡς χειμέριος πάχνη τακήσεται καὶ ρυήσεται ὡς ὕδωρ ἄχρηστον.,,,,
Wisdom 17:1,WIS,Wisdom,17,1,ΜΕΓΑΛΑΙ γάρ σου αἱ κρίσεις καὶ δυσδιήγητοι· διὰ τοῦτο ἀπαίδευτοι ψυχαὶ ἐπλανήθησαν.,,,,
Wisdom 17:2,WIS,Wisdom,17,2,"ὑπειληφότες γὰρ καταδυναστεύειν ἔθνος ἅγιον ἄνομοι, δέσμιοι σκότους καὶ μακρᾶς πεδῆται νυκτὸς κατακλεισθέντες ὀρόφοις, φυγάδες τῆς αἰωνίου προνοίας ἔκειντο.",,,,
Wisdom 17:3,WIS,Wisdom,17,3,"λανθάνειν γὰρ νομίζοντες ἐπὶ κρυφαίοις ἁμαρτήμασιν, ἀφεγγεῖ λήθης παρακαλύμματι ἐσκορπίσθησαν, θαμβούμενοι δεινῶς καὶ ἰνδάλμασιν ἐκταρασσόμενοι·",,,,
Wisdom 17:4,WIS,Wisdom,17,4,"οὐδὲ γὰρ ὁ κατέχων αὐτοὺς μυχὸς ἀφόβως διεφύλασσεν, ἦχοι δὲ καταράσσοντες αὐτοὺς περιεκόμπουν, καὶ φάσματα ἀμειδήτοις κατηφῆ προσώποις ἐνεφανίζετο.",,,,
Wisdom 17:5,WIS,Wisdom,17,5,"καὶ πυρὸς μὲν οὐδεμία βία κατίσχυε φωτίζειν, οὔτε ἄστρων ἔκλαμπροι φλόγες καταυγάζειν ὑπέμενον τὴν στυγνὴν ἐκείνην νύκτα.",,,,
Wisdom 17:6,WIS,Wisdom,17,6,"διεφαίνετο δ᾿ αὐτοῖς μόνον αὐτομάτη πυρὰ φόβου πλήρης, ἐκδειματούμενοι δὲ τῆς μὴ θεωρουμένης ἐκείνης ὄψεως ἡγοῦντο χείρω τὰ βλεπόμενα.",,,,
Wisdom 17:7,WIS,Wisdom,17,7,"μαγικῆς δὲ ἐμπαίγματα κατέκειτο τέχνης, καὶ τῆς ἐπί φρονήσει ἀλαζονείας ἔλεγχος ἐφύβριστος·",,,,
Wisdom 17:8,WIS,Wisdom,17,8,"οἱ γὰρ ὑπισχνούμενοι δείματα καὶ ταραχὰς ἀπελαύνειν ψυχῆς νοσούσης, οὗτοι καταγέλαστον εὐλάβειαν ἐνόσουν.",,,,
Wisdom 17:9,WIS,Wisdom,17,9,"καὶ γὰρ εἰ μηδὲν αὐτοὺς ταραχῶδες ἐφόβει, κνωδάλων παρόδοις καὶ ἑρπετῶν συριγμοῖς ἐκσεσοβημένοι, διώλλυντο ἔντρομοι καὶ τὸν μηθαμόθεν φευκτὸν ἀέρα προσιδεῖν ἀρνούμενοι.",,,,
Wisdom 17:10,WIS,Wisdom,17,10,"δειλὸν γὰρ ἰδίως πονηρία μαρτυρεῖ καταδικαζομένη, ἀεὶ δὲ προσείληφε τὰ χαλεπὰ συνεχομένη τῇ συνειδήσει·",,,,
Wisdom 17:11,WIS,Wisdom,17,11,οὐθὲν γάρ ἐστι φόβος εἰ μὴ προδοσία τῶν ἀπὸ λογισμοῦ βοηθημάτων.,,,,
Wisdom 17:12,WIS,Wisdom,17,12,"ἔνδοθεν δὲ οὖσα ἥττων ἡ προσδοκία, πλείονα λογίζεται τὴν ἄγνοιαν τῆς παρεχούσης τὴν βάσανον αἰτίας.",,,,
Wisdom 17:13,WIS,Wisdom,17,13,"οἱ δὲ τὴν ἀδύνατον ὄντως νύκτα καὶ ἐξ ἀδυνάτου ᾅδου μυχῶν ἐπελθοῦσαν, τὸν αὐτὸν ὕπνον κοιμώμενοι,",,,,
Wisdom 17:14,WIS,Wisdom,17,14,"τὰ μὲν τέρασιν ἠλαύνοντο φαντασμάτων, τὰ δὲ τῆς ψυχῆς παρελύοντο προδοσίᾳ· αἰφνίδιος γὰρ αὐτοῖς καὶ ἀπροσδόκητος φόβος ἐπῆλθεν.",,,,
Wisdom 17:15,WIS,Wisdom,17,15,"εἶθ᾿ οὕτως, ὃς δήποτ᾿ οὖν ἦν ἐκεῖ καταπίπτων, ἐφρουρεῖτο εἰς τὴν ἀσίδηρον εἱρκτὴν κατακλεισθείς·",,,,
Wisdom 17:16,WIS,Wisdom,17,16,"εἴ τε γὰρ γεωργὸς ἦν τις ἢ ποιμὴν ἢ τῶν κατ᾿ ἐρη μίαν ἐργάτης μόχθων, προληφθεὶς τὴν δυσάλυκτον ἔμενεν ἀνάγκην,",,,,
Wisdom 17:17,WIS,Wisdom,17,17,"μιᾷ γὰρ ἁλύσει σκότους πάντες ἐδέθησαν· εἴτε πνεῦμα συρίζον ἢ περὶ ἀμφιλαφεῖς κλάδους ὀρνέων ἦχος εὐμελὴς ἢ ρυθμὸς ὕδατος πορευομένου βίᾳ ἢ κτύπος ἀπηνὴς καταρριπτομένων πετρῶν,",,,,
Wisdom 17:18,WIS,Wisdom,17,18,"ἢ σκιρτώντων ζώων δρόμος ἀθεώρητος ἢ ὠρυομένων ἀπηνεστάτων θηρίων φωνὴ ἢ ἀντανακλωμένη ἐκ κοιλοτάτων ὀρέων ἠχώ, παρέλυεν αὐτοὺς ἐκφοβοῦντα.",,,,
Wisdom 17:19,WIS,Wisdom,17,19,ὅλος γὰρ ὁ κόσμος λαμπρῷ καταλάμπετο φωτὶ καὶ ἀνεμποδίστοις συνείχετο ἔργοις·,,,,
Wisdom 17:20,WIS,Wisdom,17,20,"μόνοις δὲ ἐκείνοις ἐπετέτατο βαρεῖα νύξ, εἰκὼν τοῦ μέλλοντος αὐτοὺς διαδέχεσθαι σκότους, ἑαυτοῖς δὲ ἦσαν βαρύτεροι σκότους.",,,,
Wisdom 18:1,WIS,Wisdom,18,1,"ΤΟΙΣ δὲ ὁσίοις σου μέγιστον ἦν φῶς· ὧν φωνὴν μὲν ἀκούοντες, μορφὴν δὲ οὐχ ὁρῶντες, ὅτι μὲν οὐ κἀκεῖνοι ἐπεπόνθεισαν, ἐμακάριζον,",,,,
Wisdom 18:2,WIS,Wisdom,18,2,"ὅτι δὲ οὐ βλάπτουσι προηδικημένοι, ηὐχαρίστουν καὶ τοῦ διενεχθῆναι χάριν ἐδέοντο.",,,,
Wisdom 18:3,WIS,Wisdom,18,3,"ἀνθ᾿ ὧν πυριφλεγῆ στῦλον, ὁδηγὸν μὲν ἀγνώστου ὁδοιπορίας, ἥλιον δὲ ἀβλαβῆ φιλοτίμου ξενιτείας παρέσχες.",,,,
Wisdom 18:4,WIS,Wisdom,18,4,"ἄξιοι μὲν γὰρ ἐκεῖνοι στερηθῆναι φωτὸς καὶ φυλακισθῆναι ἐν σκότει, οἱ κατακλείστους φυλάξαντες τοὺς υἱούς σου, δι᾿ ὧν ἤμελλε τὸ ἄφθαρτον νόμου φῶς τῷ αἰῶνι δίδοσθαι.",,,,
Wisdom 18:5,WIS,Wisdom,18,5,"Βουλευσαμένους δ᾿ αὐτοὺς τὰ τῶν ὁσίων ἀποκτεῖναι νήπια καὶ ἑνὸς ἐκτεθέντος τέκνου καὶ σωθέντος, εἰς ἔλεγχον τὸ αὐτῶν ἀφείλω πλῆθος τέκνων καὶ ὁμοθυμαδὸν ἀπώλεσας ἐν ὕδατι σφοδρῷ.",,,,
Wisdom 18:6,WIS,Wisdom,18,6,"ἐκείνη ἡ νὺξ προεγνώσθη πατράσιν ἡμῶν, ἵνα ἀσφαλῶς εἰδότες οἷς ἐπίστευσαν ὅρκοις ἐπευθυμήσωσι.",,,,
Wisdom 18:7,WIS,Wisdom,18,7,"προσεδέχθη δὲ ὑπὸ λαοῦ σου σωτηρία μὲν δικαίων, ἐχθρῶν δὲ ἀπώλεια·",,,,
Wisdom 18:8,WIS,Wisdom,18,8,"ᾧ γὰρ ἐτιμωρήσω τοὺς ὑπεναντίους, τοῦτο ἡμᾶς προσκαλεσάμενος ἐδόξασας.",,,,
Wisdom 18:9,WIS,Wisdom,18,9,"κρυφῆ γὰρ ἐθυσίαζον ὅσιοι παῖδες ἀγαθῶν καὶ τὸν τῆς θειότητος νόμον ἐν ὁμονοίᾳ διέθεντο τῶν αὐτῶν ὁμοίως καὶ ἀγαθῶν καὶ κινδύνων μεταλήψεσθαι τοὺς ἁγίους, πατέρων ἤδη προαναμέλποντες αἴνους.",,,,
Wisdom 18:10,WIS,Wisdom,18,10,"ἀντήχει δ᾿ ἀσύμφωνος ἐχθρῶν βοή, καὶ οἰκτρὰ διεφέρετο θρηνουμένων παίδων·",,,,
Wisdom 18:11,WIS,Wisdom,18,11,"ὁμοίᾳ δὲ δίκῃ δοῦλος ἅμα δεσπότῃ κολασθεὶς καὶ δημότης βασιλεῖ τὰ αὐτὰ πάσχων,",,,,
Wisdom 18:12,WIS,Wisdom,18,12,"ὁμοθυμαδὸν δὲ πάντες ἐν ἑνὶ ὀνόματι θανάτου νεκροὺς εἶχον ἀναριθμήτους· οὐδὲ γὰρ πρὸς τὸ θάψαι οἱ ζῶντες ἦσαν ἱκανοί, ἐπεὶ πρὸς μίαν ροπὴν ἡ ἐντιμοτέρα γένεσις αὐτῶν διέφθαρτο.",,,,
Wisdom 18:13,WIS,Wisdom,18,13,"πάντα γὰρ ἀπιστοῦντες διὰ τὰς φαρμακείας ἐπὶ τῷ τῶν πρωτοτόκων ὀλέθρῳ, ὡμολόγησαν Θεοῦ υἱὸν λαὸν εἶναι.",,,,
Wisdom 18:14,WIS,Wisdom,18,14,"ἡσύχου γὰρ σιγῆς περιεχούσης τὰ πάντα καὶ νυκτὸς ἐν ἰδίῳ τάχει μεσαζούσης,",,,,
Wisdom 18:15,WIS,Wisdom,18,15,"ὁ παντοδύναμός σου λόγος ἀπ᾿ οὐρανῶν ἐκ θρόνων βασιλειῶν ἀπότομος πολεμιστὴς εἰς μέσον τῆς ὀλεθρίας ἥλατο γῆς,",,,,
Wisdom 18:16,WIS,Wisdom,18,16,"ξίφος ὀξὺ τὴν ἀνυπόκριτον ἐπιταγήν σου φέρων, καὶ στὰς ἐπλήρωσε τὰ πάντα θανάτου· καὶ οὐ- ρανοῦ μὲν ἥπτετο, βεβήκει δ᾿ ἐπὶ γῆς.",,,,
Wisdom 18:17,WIS,Wisdom,18,17,"τότε παραχρῆμα φαντασίαι μὲν ὀνείρων δεινῶς ἐξετάραξαν αὐτούς, φόβοι δὲ ἐπέστησαν ἀδόκητοι,",,,,
Wisdom 18:18,WIS,Wisdom,18,18,καὶ ἄλλος ἀλλαχῇ ριφεὶς ἡμίθνητος δι᾿ ἣν ἔθνησκεν αἰτίαν ἐνεφάνιζεν·,,,,
Wisdom 18:19,WIS,Wisdom,18,19,"οἱ γὰρ ὄνειροι θορυβήσαντες αὐτοὺς τοῦτο προεμήνυσαν, ἵνα μὴ ἀγνοοῦντες δι᾿ ὃ κακῶς πάσχουσιν ἀπόλωνται.",,,,
Wisdom 18:20,WIS,Wisdom,18,20,"¨Ηψατο δὲ καὶ δικαίων πεῖρα θανάτου, καὶ θραῦσις ἐν ἐρήμῳ ἐγένετο πλήθους. ἀλλ᾿ οὐκ ἐπὶ πολὺ ἔμεινεν ἡ ὀργή·",,,,
Wisdom 18:21,WIS,Wisdom,18,21,"σπεύσας γὰρ ἀνὴρ ἄμεμπτος προεμάχησε τὸ τῆς ἰδίας λειτουργίας ὅπλον, προσευχὴν καὶ θυμιάματος ἐξιλασμὸν κομίσας, ἀντέστη τῷ θυμῷ καὶ πέρας ἐπέθηκε τῇ συμφορᾷ, δεικνὺς ὅτι σός ἐστι θεράπων.",,,,
Wisdom 18:22,WIS,Wisdom,18,22,"ἐνίκησε δὲ τὸν ὄχλον οὐκ ἰσχύϊ τοῦ σώματος, οὐχ ὅπλων ἐνεργείᾳ, ἀλλὰ λόγῳ τὸν κολάζοντα ὑπέταξεν, ὅρκους πατέρων καὶ διαθήκας ὑπομνήσας.",,,,
Wisdom 18:23,WIS,Wisdom,18,23,"σωρηδὸν γὰρ ἤδη πεπτωκότων ἐπ᾿ ἀλλήλων νεκρῶν, μεταξὺ στάς, ἀνέκοψε τὴν ὀργὴν καὶ διέσχισε τὴν πρὸς τοὺς ζῶντας ὁδόν.",,,,
Wisdom 18:24,WIS,Wisdom,18,24,"ἐπὶ γὰρ ποδήρους ἐνδύματος ἦν ὅλος ὁ κόσμος, καὶ πατέρων δόξαι ἐπὶ τετραστίχου λίθου γλυφῆς, καὶ μεγαλωσύνη σου ἐπὶ διαδήματος κεφαλῆς αὐτοῦ.",,,,
Wisdom 18:25,WIS,Wisdom,18,25,"τούτοις εἶξεν ὁ ὀλοθρεύων, ταῦτα δὲ ἐφοβήθησαν· ἦν γὰρ μόνη ἡ πεῖρα τῆς ὀργῆς ἱκανή.",,,,
Wisdom 19:1,WIS,Wisdom,19,1,"ΤΟΙΣ δὲ ἀσεβέσι μέχρι τέλους ἀνελεήμων θυμὸς ἐπέστη· προῃ£δει γὰρ αὐτῶν καὶ τὰ μέλλοντα,",,,,
Wisdom 19:2,WIS,Wisdom,19,2,"ὅτι αὐτοὶ ἐπιτρέψαντες τοῦ ἀπιέναι καὶ μετὰ σπουδῆς προπέμψαντες αὐτούς, διώξουσι μεταμεληθέντες.",,,,
Wisdom 19:3,WIS,Wisdom,19,3,"ἔτι γὰρ ἐν χερσὶν ἔχοντες τὰ πένθη καὶ προσοδυρόμενοι τάφοις νεκρῶν, ἕτερον ἐπεσπάσαντο λογισμὸν ἀνοίας καὶ οὓς ἱκετεύοντες ἐξέβαλον, τούτους ὡς φυγάδες ἐδίωκον.",,,,
Wisdom 19:4,WIS,Wisdom,19,4,"εἷλκε γὰρ αὐτοὺς ἡ ἀξία ἐπὶ τοῦτο τὸ πέρας ἀνάγκη καὶ τῶν συμβεβηκότων ἀμνηστίαν ἐνέβαλεν, ἵνα τὴν λείπουσαν ταῖς βασάνοις προαναπληρώσωσι κόλασιν,",,,,
Wisdom 19:5,WIS,Wisdom,19,5,"καὶ ὁ μὲν λαός σου παράδοξον ὁδοιπορίαν περάσῃ, ἐκεῖνοι δὲ ξένον εὕρωσι θάνατον.",,,,
Wisdom 19:6,WIS,Wisdom,19,6,ὅλη γὰρ ἡ κτίσις ἐν ἰδίῳ γένει πάλιν ἄνωθεν διετυποῦτο ὑπηρετοῦσα ταῖς σαῖς ἐπιταγαῖς. ἵνα οἱ σοὶ παῖδες φυλαχθῶσιν ἀβλαβεῖς.,,,,
Wisdom 19:7,WIS,Wisdom,19,7,"ἡ τὴν παρεμβολὴν σκιάζουσα νεφέλη, ἐκ δὲ προϋφεστῶτος ὕδατος ξηρᾶς ἀνάδυσις γῆς ἐθεωρήθη, ἐξ ἐρυθρᾶς θαλάσσης ὁδὸς ἀνεμπόδιστος καὶ χλοηφόρον πεδίον ἐκ κλύδωνος βιαίου·",,,,
Wisdom 19:8,WIS,Wisdom,19,8,"δι᾿ οὗ πανεθνὶ διῆλθον οἱ τῇ σῇ σκεπαζόμενοι χειρί, θεωρήσαντες θαυμαστὰ τέρατα.",,,,
Wisdom 19:9,WIS,Wisdom,19,9,"ὡς γὰρ ἵπποι ἐνεμήθησαν καὶ ὡς ἀμνοὶ διεσκίρτησαν αἰνοῦντές σε, Κύριε, τὸν ρυόμενον αὐτούς.",,,,
Wisdom 19:10,WIS,Wisdom,19,10,"ἐμέμνηντο γὰρ ἔτι τῶν ἐν τῇ παροικίᾳ αὐτῶν, πῶς ἀντὶ μὲν γενέσεως ζῴων ἐξήγαγεν ἡ γῆ σκνῖπα, ἀντὶ δὲ ἐνύδρων ἐξηρεύξατο ὁ ποταμὸς πλῆθος βατράχων.",,,,
Wisdom 19:11,WIS,Wisdom,19,11,"ἐφ᾿ ὑστέ ρῳ δὲ εἶδον καὶ νέαν γένεσιν ὀρνέων, ὅτι ἐπιθυμίᾳ προαχθέντες ᾐτήσαντο ἐδέσματα τρυφῆς·",,,,
Wisdom 19:12,WIS,Wisdom,19,12,εἰς γὰρ παραμυθίαν ἀνέβη αὐτοῖς ἀπὸ θαλάσσης ὀρτυγομήτρα.,,,,
Wisdom 19:13,WIS,Wisdom,19,13,"καὶ αἱ τιμωρίαι τοῖς ἀμαρτωλοῖς ἐπῆλθον οὐκ ἄνευ τῶν προγεγονότων τεκμηρίων τῇ βίᾳ τῶν κεραυνῶν· δικαίως γὰρ ἔπασχον ταῖς ἰδίαις αὐτῶν πονηρίαις, καὶ γὰρ χαλεπωτέραν μισοξενίαν ἐπετήδευσαν.",,,,
Wisdom 19:14,WIS,Wisdom,19,14,"οἱ μὲν γὰρ τοὺς ἀγνοοῦντας οὐκ ἐδέχοντο παρόντας, οὗτοι δὲ εὐεργέτας ξένους ἐδουλοῦντο.",,,,
Wisdom 19:15,WIS,Wisdom,19,15,"καὶ οὐ μόνον, ἀλλ᾿ ἤ τις ἐπισκοπὴ ἔσται αὐτῶν, ἐπεὶ ἀπεχθῶς προσεδέχοντο τοὺς ἀλλοτρίους·",,,,
Wisdom 19:16,WIS,Wisdom,19,16,"οἱ δὲ μετὰ ἑορτασμάτων εἰσδεξάμενοι τοὺς ἤδη τῶν αὐτῶν μετεσχηκότας δικαίων, δεινοῖς ἐκάκωσαν πόνοις.",,,,
Wisdom 19:17,WIS,Wisdom,19,17,"ἐπλήγησαν δὲ καὶ ἀορασίᾳ, ὥσπερ ἐκεῖνοι ἐπὶ ταῖς τοῦ δικαίου θύραις, ὅτε ἀχανεῖ περιβληθέντες σκότει, ἕκαστος τῶν αὐτοῦ θυρῶν τὴν δίοδον ἐζήτει.",,,,
Wisdom 19:18,WIS,Wisdom,19,18,"δι᾿ ἑαυτῶν γὰρ τὰ στοιχεῖα μεθαρμοζόμενα, ὥσπερ ἐν ψαλτηρίῳ φθόγγοι τοῦ ρυθμοῦ τὸ ὄνομα διαλλάσσουσι, πάντοτε μένοντα ἤχῳ, ὅπερ ἐστὶν εἰκάσαι ἐκ τῆς τῶν γεγονότων ὄψεως ἀκριβῶς.",,,,
Wisdom 19:19,WIS,Wisdom,19,19,"χερσαῖα γὰρ εἰς ἔνυδρα μετεβάλλετο, καὶ νηκτὰ μετέβαινεν ἐπὶ γῆς·",,,,
Wisdom 19:20,WIS,Wisdom,19,20,"πῦρ ἴσχυεν ἐν ὕδατι τῆς ἰδίας δυνάμεως, καὶ ὕδωρ τῆς σβεστικῆς δυνάμεως ἐπελανθάνετο·",,,,
Wisdom 19:21,WIS,Wisdom,19,21,"φλόγες ἀνάπαλιν εὐφθάρτων ζῴων οὐκ ἐμάραναν σάρκας ἐμπεριπατούντων, οὐδὲ τηκτὸν κρυσταλλοειδὲς εὔτηκτον γένος ἀμβροσίας τροφῆς.",,,,
Wisdom 19:22,WIS,Wisdom,19,22,"Κατὰ πάντα γάρ, Κύριε, ἐμεγάλυνας τὸν λαόν σου καὶ ἐδόξασας καὶ οὐχ ὑπερεῖδες ἐν παντὶ καιρῷ καὶ τόπῳ παριστάμενος.",,,,
Sirach 1:1,SIR,Sirach,1,1,ΠΑΣΑ σοφία παρὰ Κυρίου καὶ μετ᾿ αὐτοῦ ἐστιν εἰς τὸν αἰῶνα.,,,,
Sirach 1:2,SIR,Sirach,1,2,ἄμμον θαλασσῶν καὶ σταγόνας ὑετοῦ καὶ ἡμέρας αἰῶνος τίς ἐξαριθμήσει;,,,,
Sirach 1:3,SIR,Sirach,1,3,ὕψος οὐρανοῦ καὶ πλάτος γῆς καὶ ἄβυσσον καὶ σοφίαν τίς ἐξιχνιάσει;,,,,
Sirach 1:4,SIR,Sirach,1,4,"προτέρα πάντων ἔκτισται σοφία καὶ σύνεσις φρονήσεως ἐξ αἰῶνος [5 πηγὴ σοφίας λόγος Θεοῦ ἐν ὑψίστοις, καὶ αἱ πορεῖαι αὐτῆς ἐντολαὶ αἰώνιοι].",,,,
Sirach 1:6,SIR,Sirach,1,6,ρίζα σοφίας τίνι ἀπεκαλύφθη; καὶ τὰ πανουργεύματα αὐτῆς τίς ἔγνω; [7 ἐπιστήμη σοφίας τίνι ἐφανερώθη; καὶ τὴν πολυπειρίαν αὐτῆς τίς συνῆκε;],,,,
Sirach 1:8,SIR,Sirach,1,8,εἷς ἐστι σοφὸς φοβερὸς σφόδρα καθήμενος ἐπὶ τοῦ θρόνου αὐτοῦ.,,,,
Sirach 1:9,SIR,Sirach,1,9,"Κύριος αὐτὸς ἔκτισεν αὐτὴν καὶ εἶδε καὶ ἐξηρίθμησεν αὐτὴν καὶ ἐξέχεεν αὐτὴν ἐπὶ πάντα τὰ ἔργα αὐτοῦ,",,,,
Sirach 1:10,SIR,Sirach,1,10,"μετὰ πάσης σαρκὸς κατὰ τὴν δόσιν αὐτοῦ, καὶ ἐχορήγησεν αὐτὴν τοῖς ἀγαπῶσιν αὐτόν.",,,,
Sirach 1:11,SIR,Sirach,1,11,φόβος Κυρίου δόξα καὶ καύχημα καὶ εὐφροσύνη καὶ στέφανος ἀγαλλιάματος.,,,,
Sirach 1:12,SIR,Sirach,1,12,φόβος Κυρίου τέρψει καρδίαν καὶ δώσει εὐφροσύνην καὶ χαρὰν καὶ μακροημέρευσιν.,,,,
Sirach 1:13,SIR,Sirach,1,13,"τῷ φοβουμένῳ τὸν Κύριον εὖ ἔσται ἐπ᾿ ἐσχάτων, καὶ ἐν ἡμέρᾳ τελευτῆς αὐτοῦ εὑρήσει χάριν.",,,,
Sirach 1:14,SIR,Sirach,1,14,"ἀρχὴ σοφίας φοβεῖσθαι τὸν Κύριον, καὶ μετὰ πιστῶν ἐν μήτρᾳ συνεκτίσθη αὐτοῖς.",,,,
Sirach 1:15,SIR,Sirach,1,15,μετὰ ἀνθρώπων θεμέλιον αἰῶνος ἐνόσσευσε καὶ μετὰ τοῦ σπέρματος αὐτῶν ἐμπιστευθήσεται.,,,,
Sirach 1:16,SIR,Sirach,1,16,πλησμονὴ σοφίας φοβεῖσθαι τὸν Κύριον καὶ μεθύσκει αὐτοὺς ἀπὸ τῶν καρπῶν αὐτῆς·,,,,
Sirach 1:17,SIR,Sirach,1,17,πάντα τὸν οἶκον αὐτῆς ἐμπλήσει ἐπιθυμημάτων καὶ τὰ ἀποδοχεῖα ἀπὸ τῶν γεννημάτων αὐτῆς.,,,,
Sirach 1:18,SIR,Sirach,1,18,στέφανος σοφίας φόβος Κυρίου ἀναθάλλων εἰρήνην καὶ ὑγίειαν ἰάσεως.,,,,
Sirach 1:19,SIR,Sirach,1,19,"καὶ εἶδε καὶ ἐξηρίθμησεν αὐτήν, ἐπιστήμην καὶ γνῶσιν συνέσεως ἐξώμβρησε καὶ δόξαν κρατούντων αὐτῆς ἀνύψωσε.",,,,
Sirach 1:20,SIR,Sirach,1,20,"ρίζα σοφίας φοβεῖσθε τὸν Κύριον, καὶ οἱ κλάδοι αὐτῆς μακροημέρευσις. [21 φόβος Κυρίου ἀπωθεῖται ἁμαρτήματα, παραμένων δὲ ἀποστρέψει ὀργήν].",,,,
Sirach 1:22,SIR,Sirach,1,22,"οὐ δυνήσεται θυμὸς ἄδικος δικαιωθῆναι, ἡ γὰρ ροπὴ τοῦ θυμοῦ αὐτοῦ πτῶσις αὐτῷ.",,,,
Sirach 1:23,SIR,Sirach,1,23,"ἕως καιροῦ ἀνθέξεται μακρόθυμος, καὶ ὕστερον αὐτῷ ἀναδώσει εὐφροσύνη·",,,,
Sirach 1:24,SIR,Sirach,1,24,"ἕως καιροῦ κρύψει τοὺς λόγους αὐτοῦ, καὶ χείλη πιστῶν ἐκδιηγήσεται σύνεσιν αὐτοῦ.",,,,
Sirach 1:25,SIR,Sirach,1,25,"ἐν θησαυροῖς σοφίας παραβολὴ ἐπιστήμης, βδέλυγμα δὲ ἁμαρτωλῷ θεοσέβεια.",,,,
Sirach 1:26,SIR,Sirach,1,26,"ἐπεθύμησας σοφίαν διατήρησον ἐντολάς, καὶ Κύριος χορηγήσει σοι αὐτήν.",,,,
Sirach 1:27,SIR,Sirach,1,27,"σοφία γὰρ καὶ παιδεία φόβος Κυρίου, καὶ ἡ εὐδοκία αὐτοῦ πίστις καὶ πρᾳότης.",,,,
Sirach 1:28,SIR,Sirach,1,28,μὴ ἀπειθήσῃς φόβῳ Κυρίου καὶ μὴ προσέλθῃς αὐτῷ ἐν καρδίᾳ δισσῇ.,,,,
Sirach 1:29,SIR,Sirach,1,29,μὴ ὑποκριθῇς ἐν στόμασιν ἀνθρώπων καὶ ἐν τοῖς χείλεσί σου πρόσεχε.,,,,
Sirach 1:30,SIR,Sirach,1,30,"μὴ ἐξύψου σεαυτόν, ἵνα μὴ πέσῃς καὶ ἐπαγάγῃς τῇ ψυχῇ σου ἀτιμίαν, καὶ ἀποκαλύψει Κύριος τὰ κρυπτά σου καὶ ἐν μέσῳ συναγωγῆς καταβαλεῖ σε, ὅτι οὐ προσῆλθες φόβῳ Κυρίου, καὶ ἡ καρδία σου πλήρης δόλου.",,,,
Sirach 2:1,SIR,Sirach,2,1,"ΤΕΚΝΟΝ, εἰ προσέρχῃ δουλεύειν Κυρίῳ Θεῷ, ἑτοίμασον τὴν ψυχήν σου εἰς πειρασμόν·",,,,
Sirach 2:2,SIR,Sirach,2,2,εὔθυνον τὴν καρδίαν σου καὶ καρτέρησον καὶ μὴ σπεύσῃς ἐν καιρῷ ἐπαγωγῆς·,,,,
Sirach 2:3,SIR,Sirach,2,3,"κολλήθητι αὐτῷ καὶ μὴ ἀποστῇς, ἵνα αὐξηθῇς ἐπ᾿ ἐσχάτων σου.",,,,
Sirach 2:4,SIR,Sirach,2,4,"πᾶν ὃ ἐὰν ἐπαχθῇ σοι, δέξαι καὶ ἐν ἀλλάγμασι ταπεινώσεώς σου μακροθύμησον·",,,,
Sirach 2:5,SIR,Sirach,2,5,ὅτι ἐν πυρὶ δοκιμάζεται χρυσὸς καὶ ἄνθρωποι δεκτοὶ ἐν καμίνῳ ταπεινώσεως.,,,,
Sirach 2:6,SIR,Sirach,2,6,"πίστευσον αὐτῷ, καὶ ἀντιλήψεταί σου· εὔθυνον τὰς ὁδούς σου καὶ ἔλπισον ἐπ᾿ αὐτόν.",,,,
Sirach 2:7,SIR,Sirach,2,7,"οἱ φοβούμενοι τὸν Κύριον ἀναμείνατε τὸ ἔλεος αὐτοῦ καὶ μὴ ἐκκλίνητε, ἵνα μὴ πέσητε.",,,,
Sirach 2:8,SIR,Sirach,2,8,"οἱ φοβούμενοι Κύριον πιστεύσατε αὐτῷ, καὶ οὐ μὴ πταίσῃ ὁ μισθὸς ὑμῶν.",,,,
Sirach 2:9,SIR,Sirach,2,9,οἱ φοβούμενοι Κύριον ἐλπίσατε εἰς ἀγαθὰ καὶ εἰς εὐφροσύνην αἰῶνος καὶ ἐλέους.,,,,
Sirach 2:10,SIR,Sirach,2,10,"ἐμβλέψατε εἰς ἀρχαίας γενεὰς καὶ ἴδετε· τίς ἐνεπίστευσε Κυρίῳ καὶ κατῃσχύνθη; ἢ τίς ἐνέμεινε τῷ φόβῳ αὐτοῦ καὶ ἐγκατελείφθη; ἢ τίς ἐπεκαλέσατο αὐτόν, καὶ ὑπερεῖδεν αὐτόν;",,,,
Sirach 2:11,SIR,Sirach,2,11,διότι οἰκτίρμων καὶ ἐλεήμων ὁ Κύριος καὶ ἀφίησιν ἁμαρτίας καὶ σώζει ἐν καιρῷ θλίψεως.,,,,
Sirach 2:12,SIR,Sirach,2,12,οὐαὶ καρδίαις δειλαῖς καὶ χερσὶ παρειμέναις καὶ ἁμαρτωλῷ ἐπιβαίνοντι ἐπὶ δύο τρίβους.,,,,
Sirach 2:13,SIR,Sirach,2,13,"οὐαὶ καρδίᾳ παρειμένῃ, ὅτι οὐ πιστεύει· διὰ τοῦτο οὐ σκεπασθήσεται.",,,,
Sirach 2:14,SIR,Sirach,2,14,οὐαὶ ὑμῖν τοῖς ἀπολωλεκόσι τὴν ὑπομονήν· καὶ τί ποιήσετε ὅταν ἐπισκέπτηται ὁ Κύριος;,,,,
Sirach 2:15,SIR,Sirach,2,15,"οἱ φοβούμενοι Κύριον οὐκ ἀπειθήσουσι ρημάτων αὐτοῦ, καὶ οἱ ἀγαπῶντες αὐτὸν συντηρήσουσι τὰς ὁδοὺς αὐτοῦ.",,,,
Sirach 2:16,SIR,Sirach,2,16,"οἱ φοβούμενοι κύριον ζητήσουσιν εὐδοκίαν αὐτοῦ, καὶ οἱ ἀγαπῶντες αὐτὸν ἐμπλησθήσονται τοῦ νόμου.",,,,
Sirach 2:17,SIR,Sirach,2,17,οἱ φοβούμενοι Κύριον ἑτοιμάσουσι καρδίας αὐτῶν καὶ ἐνώπιον αὐτοῦ ταπεινώσουσι τὰς ψυχὰς αὐτῶν.,,,,
Sirach 2:18,SIR,Sirach,2,18,"ἐμπεσούμεθα εἰς χεῖρας Κυρίου καὶ οὐκ εἰς χεῖρας ἀνθρώπων· ὡς γὰρ ἡ μεγαλωσύνη αὐτοῦ, οὕτως καὶ τὸ ἔλεος αὐτοῦ.",,,,
Sirach 3:1,SIR,Sirach,3,1,"ΕΜΟΥ τοῦ πατρὸς ἀκούσατε, τέκνα, καὶ οὕτως ποιήσατε, ἵνα σωθῆτε·",,,,
Sirach 3:2,SIR,Sirach,3,2,ὁ γὰρ Κύριος ἐδόξασε πατέρα ἐπὶ τέκνοις καὶ κρίσιν μητρὸς ἐστερέωσεν ἐφ᾿ υἱοῖς.,,,,
Sirach 3:3,SIR,Sirach,3,3,"ὁ τιμῶν πατέρα ἐξιλάσεται ἁμαρτίας,",,,,
Sirach 3:4,SIR,Sirach,3,4,"καὶ ὡς ὁ ἀποθησαυρίζων, ὁ δοξάζων μητέρα αὐτοῦ.",,,,
Sirach 3:5,SIR,Sirach,3,5,"ὁ τιμῶν πατέρα εὐφρανθήσεται ὑπὸ τέκνων, καὶ ἐν ἡμέρᾳ προσευχῆς αὐτοῦ εἰσακουσθήσεται.",,,,
Sirach 3:6,SIR,Sirach,3,6,"ὁ δοξάζων πατέρα μακροημερεύσει, καὶ ὁ εἰσακούων Κυρίου ἀναπαύσει μητέρα αὐτοῦ·",,,,
Sirach 3:7,SIR,Sirach,3,7,καὶ ὡς δεσπόταις δουλεύσει ἐν τοῖς γεννήσασιν αὐτόν.,,,,
Sirach 3:8,SIR,Sirach,3,8,"ἐν ἔργῳ καὶ λόγῳ τίμα τὸν πατέρα σου, ἵνα ἐπέλθῃ σοι εὐλογία παρ᾿ αὐτοῦ·",,,,
Sirach 3:9,SIR,Sirach,3,9,"εὐλογία γὰρ πατρὸς στηρίζει οἴκους τέκνων, κατάρα δὲ μητρὸς ἐκριζοῖ θεμέλια.",,,,
Sirach 3:10,SIR,Sirach,3,10,"μὴ δοξάζου ἐν ἀτιμίᾳ πατρός σου, οὐ γάρ ἐστί σοι δόξα πατρὸς ἀτιμία·",,,,
Sirach 3:11,SIR,Sirach,3,11,"ἡ γὰρ δόξα ἀνθρώπου ἐκ τιμῆς πατρὸς αὐτοῦ, καὶ ὄνειδος τέκνοις μήτηρ ἐν ἀδοξίᾳ.",,,,
Sirach 3:12,SIR,Sirach,3,12,"τέκνον, ἀντιλαβοῦ ἐν γήρᾳ πατρός σου, καὶ μὴ λυπήσῃς αὐτὸν ἐν τῇ ζωῇ αὐτοῦ·",,,,
Sirach 3:13,SIR,Sirach,3,13,"κἂν ἀπολείπῃ σύνεσιν, συγγνώμην ἔχε καὶ μὴ ἀτιμάσῃς αὐτὸν ἐν πάσῃ ἰσχύϊ σου.",,,,
Sirach 3:14,SIR,Sirach,3,14,"ἐλεημοσύνη γὰρ πατρὸς οὐκ ἐπιλησθήσεται, καὶ ἀντὶ ἁμαρτιῶν προσαν οικοδομηθήσεταί σοι.",,,,
Sirach 3:15,SIR,Sirach,3,15,"ἐν ἡμέρᾳ θλίψεώς σου ἀναμνησθήσεταί σου· ὡς εὐδία ἐπὶ παγετῷ, οὕτως ἀναλυθήσονταί σου αἱ ἁμαρτίαι.",,,,
Sirach 3:16,SIR,Sirach,3,16,"ὡς βλάσφημος ὁ ἐγκαταλιπὼν πατέρα, καὶ κεκατηραμένος ὑπὸ Κυρίου ὁ παροργίζων μητέρα αὐτοῦ.",,,,
Sirach 3:17,SIR,Sirach,3,17,"τέκνον, ἐν πραυ±τητι τὰ ἔργα σου διέξαγε, καὶ ὑπὸ ἀνθρώπου δεκτοῦ ἀγαπηθήσῃ.",,,,
Sirach 3:18,SIR,Sirach,3,18,"ὅσῳ μέγας εἶ, τοσούτῳ ταπεινοῦ σεαυτόν, καὶ ἔναντι Κυρίου εὑρήσεις χάριν·",,,,
Sirach 3:20,SIR,Sirach,3,20,ὅτι μεγάλη ἡ δυναστεία τοῦ Κυρίου καὶ ὑπὸ τῶν ταπεινῶν δοξάζεται.,,,,
Sirach 3:21,SIR,Sirach,3,21,χαλεπώτερά σου μὴ ζήτει καὶ ἰσχυρότερά σου μὴ ἐξέταζε·,,,,
Sirach 3:22,SIR,Sirach,3,22,"ἃ προσετάγη σοι, ταῦτα διανοοῦ, οὐ γάρ ἐστί σοι χρεία τῶν κρυπτῶν.",,,,
Sirach 3:23,SIR,Sirach,3,23,ἐν τοῖς περισσοῖς τῶν ἔργων σου μὴ περιεργάζου· πλείονα γὰρ συνέσεως ἀνθρώπων ὑπεδείχθη σοι·,,,,
Sirach 3:24,SIR,Sirach,3,24,"πολλοὺς γὰρ ἐπλάνησεν ἡ ὑπόληψις αὐτῶν, καὶ ὑπόνοια πονηρὰ ὠλίσθησε διανοίας αὐτῶν. [25 κόρας μὴ ἔχων ἀπορήσεις φωτός, γνώσεως δὲ ἄμοιρος ὢν μὴ ἐπαγγέλλου].",,,,
Sirach 3:26,SIR,Sirach,3,26,"καρδία σκληρὰ κακωθήσεται ἐπ᾿ ἐσχάτων, καὶ ὁ ἀγαπῶν κίνδυνον ἐν αὐτῷ ἐμπεσεῖται.",,,,
Sirach 3:27,SIR,Sirach,3,27,"καρδία σκληρὰ βαρυνθήσεται πόνοις, καὶ ὁ ἁμαρτωλὸς προσθήσει ἁμαρτίαν ἐφ᾿ ἁμαρτίαις.",,,,
Sirach 3:28,SIR,Sirach,3,28,"ἐπαγωγὴ ὑπερηφάνου οὐκ ἔστιν ἴασις, φυτὸν γὰρ πονηρίας ἐρρίζωκεν ἐν αὐτῷ.",,,,
Sirach 3:29,SIR,Sirach,3,29,"καρδία συνετοῦ διανοηθήσεται παραβολήν, καὶ οὖς ἀκροατοῦ ἐπιθυμία σοφοῦ.",,,,
Sirach 3:30,SIR,Sirach,3,30,"πῦρ φλογιζόμενον ἀποσβέσει ὕδωρ, καὶ ἐλεημοσύνη ἐξιλάσεται ἁμαρτίας.",,,,
Sirach 3:31,SIR,Sirach,3,31,"ὁ ἀνταποδιδοὺς χάριτας μέμνηται εἰς τὰ μετὰ ταῦτα, καὶ ἐν καιρῷ πτώσεως εὑρήσει στήριγμα.",,,,
Sirach 4:1,SIR,Sirach,4,1,"ΤΕΚΝΟΝ, τὴν ζωὴν τοῦ πτωχοῦ μὴ ἀποστερήσῃς καὶ μὴ παρελκύσῃς ὀφθαλμοὺς ἐπιδεεῖς.",,,,
Sirach 4:2,SIR,Sirach,4,2,ψυχὴν πεινῶσαν μὴ λυπήσῃς καὶ μὴ παροργίσῃς ἄνδρα ἐν ἀπορίᾳ αὐτοῦ.,,,,
Sirach 4:3,SIR,Sirach,4,3,καρδίαν παρωργισμένην μὴ προσταράξῃς καὶ μὴ παρελκύσῃς δόσιν προσδεομένου.,,,,
Sirach 4:4,SIR,Sirach,4,4,ἱκέτην θλιβόμενον μὴ ἀπαναίνου καὶ μὴ ἀποστρέψῃς τὸ πρόσωπόν σου ἀπὸ πτωχοῦ.,,,,
Sirach 4:5,SIR,Sirach,4,5,ἀπὸ δεομένου μὴ ἀποστρέψῃς ὀφθαλμὸν καὶ μὴ δῷς τόπον ἀνθρώπῳ καταράσασθαί σε·,,,,
Sirach 4:6,SIR,Sirach,4,6,"καταρωμένου γάρ σε ἐν πικρίᾳ ψυχῆς αὐτοῦ, τῆς δεήσεως αὐτοῦ ἐπακούσεται ὁ ποιήσας αὐτόν.",,,,
Sirach 4:7,SIR,Sirach,4,7,προσφιλῇ συναγωγῇ σεαυτὸν ποίει καὶ μεγιστᾶνι ταπείνου τὴν κεφαλήν σου.,,,,
Sirach 4:8,SIR,Sirach,4,8,κλῖνον πτωχῷ τὸ οὖς σου καὶ ἀποκρίθητι αὐτῷ εἰρηνικὰ ἐν πραυ±τητι.,,,,
Sirach 4:9,SIR,Sirach,4,9,ἐξελοῦ ἀδικούμενον ἐκ χειρὸς ἀδικοῦντος καὶ μὴ ὀλιγοψυχήσῃς ἐν τῷ κρίνειν σε.,,,,
Sirach 4:10,SIR,Sirach,4,10,"γίνου ὀρφανοῖς ὡς πατὴρ καὶ ἀντὶ ἀνδρὸς τῇ μητρὶ αὐτῶν· καὶ ἔσῃ ὡς υἱὸς Ὑψίστου, καὶ ἀγαπήσει σε μᾶλλον ἢ μήτηρ σου.",,,,
Sirach 4:11,SIR,Sirach,4,11,Ἡ σοφία υἱοὺς αὐτῆς ἀνύψωσε καὶ ἐπιλαμβάνεται τῶν ζητούντων αὐτήν.,,,,
Sirach 4:12,SIR,Sirach,4,12,"ὁ ἀγαπῶν αὐτὴν ἀγαπᾷ ζωήν, καὶ οἱ ὀρθρίζοντες πρὸς αὐτὴν ἐμπλησθήσονται εὐφροσύνης.",,,,
Sirach 4:13,SIR,Sirach,4,13,"ὁ κρατῶν αὐτῆς κληρονομήσει δόξαν, καὶ οὗ εἰσπορεύεται, εὐλογήσει Κύριος.",,,,
Sirach 4:14,SIR,Sirach,4,14,"οἱ λατρεύοντες αὐτῇ λειτουργήσουσιν ἁγίῳ, καὶ τοὺς ἀγαπῶντας αὐτὴν ἀγαπᾷ ὁ Κύριος.",,,,
Sirach 4:15,SIR,Sirach,4,15,"ὁ ὑπακούων αὐτῆς κρινεῖ ἔθνη, καὶ ὁ προσέχων αὐτῇ κατασκηνώσει πεποιθώς.",,,,
Sirach 4:16,SIR,Sirach,4,16,"ἐὰν ἐμπιστεύσῃ, κατακληρονομήσει αὐτήν, καὶ ἐν κατασχέσει ἔσονται αἱ γενεαὶ αὐτοῦ·",,,,
Sirach 4:17,SIR,Sirach,4,17,"ὅτι διεστραμμένως πορεύεται μετ᾿ αὐτοῦ ἐν πρώτοις, φόβον δὲ καὶ δειλίαν ἐπάξει ἐπ᾿ αὐτὸν καὶ βασανίσει αὐτὸν ἐν παιδείᾳ αὐτῆς, ἕως οὗ ἐμπιστεύσῃ τῇ ψυχῇ αὐτοῦ, καὶ πειράσῃ αὐτὸν ἐν τοῖς δικαιώμασιν αὐτῆς.",,,,
Sirach 4:18,SIR,Sirach,4,18,καὶ πάλιν ἐπανήξει κατ᾿ εὐθεῖαν πρὸς αὐτὸν καὶ εὐφρανεῖ αὐτὸν καὶ ἀποκαλύψει αὐτῷ τὰ κρυπτὰ αὐτῆς.,,,,
Sirach 4:19,SIR,Sirach,4,19,"ἐὰν ἀποπλανηθῇ, ἐγκαταλείψει αὐτὸν καὶ παραδώσει αὐτὸν εἰς χεῖρας πτώσεως αὐτοῦ.",,,,
Sirach 4:20,SIR,Sirach,4,20,Συντήρησον καιρὸν καὶ φύλαξαι ἀπὸ πονηροῦ καὶ περὶ τῆς ψυχῆς σου μὴ αἰσχυνθῇς·,,,,
Sirach 4:21,SIR,Sirach,4,21,"ἔστι γὰρ αἰσχύνη ἐπάγουσα ἁμαρτίαν, καὶ ἔστιν αἰσχύνη δόξα καὶ χάρις.",,,,
Sirach 4:22,SIR,Sirach,4,22,μὴ λάβῃς πρόσωπον κατὰ τῆς ψυχῆς σου καὶ μὴ ἐντραπῇς εἰς πτῶσίν σου.,,,,
Sirach 4:23,SIR,Sirach,4,23,μὴ κωλύσῃς λόγον ἐν καιρῷ σωτηρίας·,,,,
Sirach 4:24,SIR,Sirach,4,24,ἐν γὰρ λόγῳ γνωσθήσεται σοφία καὶ παιδεία ἐν ρήματι γλώσσης.,,,,
Sirach 4:25,SIR,Sirach,4,25,μὴ ἀντίλεγε τῇ ἀληθείᾳ καὶ περὶ τῆς ἀπαιδευσίας σου ἐντράπηθι.,,,,
Sirach 4:26,SIR,Sirach,4,26,μὴ αἰσχυνθῇς ὁμολογῆσαι ἐφ᾿ ἁμαρτίαις σου καὶ μὴ βιάζου ροῦν ποταμοῦ.,,,,
Sirach 4:27,SIR,Sirach,4,27,καὶ μὴ ὑποστρώσῃς σεαυτὸν ἀνθρώπῳ μωρῷ καὶ μὴ λάβῃς πρόσωπον δυνάστου.,,,,
Sirach 4:28,SIR,Sirach,4,28,"ἕως τοῦ θανάτου ἀγώνισαι περὶ τῆς ἀληθείας, καὶ Κύριος ὁ Θεὸς πολεμήσει ὑπὲρ σοῦ.",,,,
Sirach 4:29,SIR,Sirach,4,29,μὴ γίνου ταχὺς ἐν γλώσσῃ σου καὶ νωθρὸς καὶ παρειμένος ἐν τοῖς ἔργοις σου.,,,,
Sirach 4:30,SIR,Sirach,4,30,μὴ ἴσθι ὡς λέων ἐν τῷ οἴκῳ σου καὶ φαντασιοκοπῶν ἐν τοῖς οἰκέταις σου.,,,,
Sirach 4:31,SIR,Sirach,4,31,μὴ ἔστω ἡ χείρ σου ἐκτεταμένη εἰς τὸ λαβεῖν καὶ ἐν τῷ ἀποδιδόναι συνεσταλμένη.,,,,
Sirach 5:1,SIR,Sirach,5,1,ΜΗ ἔπεχε ἐπὶ τοῖς χρήμασί σου καὶ μὴ εἴπῃς· αὐτάρκη μοί ἐστι.,,,,
Sirach 5:2,SIR,Sirach,5,2,"μὴ ἐξακολούθει τῇ ψυχῇ σου καὶ τῇ ἰσχύϊ σου τοῦ πορεύεσθαι ἐν ἐπιθυμίαις καρδίας σου,",,,,
Sirach 5:3,SIR,Sirach,5,3,καὶ μὴ εἴπῃς· τίς με δυναστεύσει; ὁ γὰρ Κύριος ἐκδικῶν ἐκδικήσει σε.,,,,
Sirach 5:4,SIR,Sirach,5,4,"μὴ εἴπῃς, ἥμαρτον, καὶ τί μοι ἐγένετο; ὁ γὰρ Κύριός ἐστι μακρόθυμος.",,,,
Sirach 5:5,SIR,Sirach,5,5,"περὶ ἐξιλασμοῦ μὴ ἄφοβος γίνου, προσθεῖναι ἁμαρτίαν ἐφ᾿ ἁμαρτίαις·",,,,
Sirach 5:6,SIR,Sirach,5,6,"καὶ μὴ εἴπῃς· ὁ οἰκτιρμὸς αὐτοῦ πολύς, τὸ πλῆθος τῶν ἁμαρτιῶν μου ἐξιλάσεται· ἔλεος γὰρ καὶ ὀργὴ παρ᾿ αὐτοῦ, καὶ ἐπὶ ἁμαρτωλοὺς καταπαύσει ὁ θυμὸς αὐτοῦ.",,,,
Sirach 5:7,SIR,Sirach,5,7,"μὴ ἀνάμενε ἐπιστρέψαι πρὸς Κύριον καὶ μὴ ὑπερβάλλου ἡμέραν ἐξ ἡμέρας· ἐξάπινα γὰρ ἐξελεύσεται ὀργὴ Κυρίου, καὶ ἐν καιρῷ ἐκδικήσεως ἐξολῇ.",,,,
Sirach 5:8,SIR,Sirach,5,8,μὴ ἔπεχε ἐπὶ χρήμασιν ἀδίκοις· οὐδὲν γὰρ ὠφελήσει σε ἐν ἡμέρᾳ ἐπαγωγῆς.,,,,
Sirach 5:9,SIR,Sirach,5,9,μὴ λίκμα ἐν παντὶ ἀνέμῳ καὶ μὴ πορεύου ἐν πάσῃ ἀτραπῷ· οὕτως ὁ ἁμαρτωλὸς ὁ δίγλωσσος.,,,,
Sirach 5:10,SIR,Sirach,5,10,"ἴσθι ἐστηριγμένος ἐν συνέσει σου, καὶ εἷς ἔστω σου ὁ λόγος.",,,,
Sirach 5:11,SIR,Sirach,5,11,γίνου ταχὺς ἐν ἀκροάσει σου καὶ ἐν μακροθυμίᾳ φθέγγου ἀπόκρισιν.,,,,
Sirach 5:12,SIR,Sirach,5,12,"εἰ ἔστι σοι σύνεσις, ἀποκρίθητι τῷ πλησίον· εἰ δὲ μή, ἡ χείρ σου ἔστω ἐπὶ στόματί σου.",,,,
Sirach 5:13,SIR,Sirach,5,13,"δόξα καὶ ἀτιμία ἐν λαλιᾷ, καὶ γλῶσσα ἀνθρώπου πτῶσις αὐτῷ.",,,,
Sirach 5:14,SIR,Sirach,5,14,"μὴ κληθῇς ψίθυρος, καὶ τῇ γλώσσῃ σου μὴ ἐνέδρευε· ἐπὶ γὰρ τῷ κλέπτῃ ἐστὶν αἰσχύνη, καὶ κατάγνωσις πονηρὰ ἐπὶ διγλώσσου.",,,,
Sirach 5:15,SIR,Sirach,5,15,ἐν μεγάλῳ καὶ ἐν μικρῷ μὴ ἀγνόει.,,,,
Sirach 6:1,SIR,Sirach,6,1,ΚΑΙ ἀντὶ φίλου μὴ γίνου ἐχθρός· ὄνομα γὰρ πονηρὸν αἰσχύνην καὶ ὄνειδος κληρονομήσει· οὕτως ὁ ἁμαρτωλὸς ὁ δίγλωσσος.,,,,
Sirach 6:2,SIR,Sirach,6,2,"μὴ ἐπάρῃς σεαυτὸν ἐν βουλῇ ψυχῆς σου, ἵνα μὴ διαρπαγῇ ὡς ταῦρος ἡ ψυχή σου·",,,,
Sirach 6:3,SIR,Sirach,6,3,τὰ φύλλα σου καταφάγεσαι καὶ τοὺς καρπούς σου ἀπολέσεις καὶ ἀφήσεις σεαυτὸν ὡς ξύλον ξηρόν.,,,,
Sirach 6:4,SIR,Sirach,6,4,ψυχὴ πονηρὰ ἀπολεῖ τὸν κτησάμενον αὐτὴν καὶ ἐπίχαρμα ἐχθρῶν ποιήσει αὐτόν.,,,,
Sirach 6:5,SIR,Sirach,6,5,"Λάρυγξ γλυκὺς πληθυνεῖ φίλους αὐτοῦ, καὶ γλῶσσα εὔλαλος πληθυνεῖ εὐπροσήγορα.",,,,
Sirach 6:6,SIR,Sirach,6,6,"οἱ εἰρηνεύοντές σοι ἔστωσαν πολλοί, οἱ δὲ σύμβουλοί σου εἷς ἀπὸ χιλίων.",,,,
Sirach 6:7,SIR,Sirach,6,7,"εἰ κτᾶσαι φίλον, ἐν πειρασμῷ κτῆσαι αὐτόν, καὶ μὴ ταχὺ ἐμπιστεύσῃς αὐτῷ·",,,,
Sirach 6:8,SIR,Sirach,6,8,ἔστι γὰρ φίλος ἐν καιρῷ αὐτοῦ καὶ οὐ μὴ παραμείνῃ ἐν ἡμέρᾳ θλίψεώς σου.,,,,
Sirach 6:9,SIR,Sirach,6,9,καὶ ἔστι φίλος μετατιθέμενος εἰς ἔχθραν καὶ μάχην ὀνειδισμοῦ σου ἀποκαλύψει.,,,,
Sirach 6:10,SIR,Sirach,6,10,καὶ ἔστι φίλος κοινωνὸς τραπεζῶν καὶ οὐ μὴ παραμείνῃ ἐν ἡμέρᾳ θλίψεώς σου.,,,,
Sirach 6:11,SIR,Sirach,6,11,"καὶ ἐν τοῖς ἀγαθοῖς σου ἔσται ὡς σύ, καὶ ἐπὶ τοὺς οἰκέτας σου παρρησιάσεται·",,,,
Sirach 6:12,SIR,Sirach,6,12,"ἐὰν ταπεινωθῇς, ἔσται κατὰ σοῦ, καὶ ἀπὸ τοῦ προσώπου σου κρυβήσεται.",,,,
Sirach 6:13,SIR,Sirach,6,13,ἀπὸ τῶν ἐχθρῶν σου διαχωρίσθητι καὶ ἀπὸ τῶν φίλων σου πρόσεχε.,,,,
Sirach 6:14,SIR,Sirach,6,14,"φίλος πιστὸς σκέπη κραταιά, ὁ δὲ εὑρὼν αὐτὸν εὗρε θησαυρόν.",,,,
Sirach 6:15,SIR,Sirach,6,15,"φίλου πιστοῦ οὐκ ἔστιν ἀντάλλαγμα, καὶ οὐκ ἔστι σταθμὸς τῆς καλλονῆς αὐτοῦ.",,,,
Sirach 6:16,SIR,Sirach,6,16,"φίλος πιστὸς φάρμακον ζωῆς, καὶ οἱ φοβούμενοι Κύριον εὑρήσουσιν αὐτόν.",,,,
Sirach 6:17,SIR,Sirach,6,17,"ὁ φοβούμενος Κύριον εὐθύνει φιλίαν αὐτοῦ, ὅτι κατ᾿ αὐτὸν οὕτως καὶ ὁ πλησίον αὐτοῦ.",,,,
Sirach 6:18,SIR,Sirach,6,18,"Τέκνον, ἐκ νεότητός σου ἐπίλεξαι παιδείαν, καὶ ἕως πολιῶν εὑρήσεις σοφίαν.",,,,
Sirach 6:19,SIR,Sirach,6,19,ὡς ὁ ἀροτριῶν καὶ ὁ σπείρων πρόσελθε αὐτῇ καὶ ἀνάμενε τοὺς ἀγαθοὺς καρποὺς αὐτῆς· ἐν γὰρ τῇ ἐργασίᾳ αὐτῆς ὀλίγον κοπιάσεις καὶ ταχὺ φάγεσαι γεννημάτων αὐτῆς.,,,,
Sirach 6:20,SIR,Sirach,6,20,"ὡς τραχεῖά ἐστι σφόδρα τοῖς ἀπαιδεύτοις, καὶ οὐκ ἐμμενεῖ ἐν αὐτῇ ἀκάρδιος·",,,,
Sirach 6:21,SIR,Sirach,6,21,"ὡς λίθος δοκιμασίας ἰσχυρὸς ἔσται ἐπ᾿ αὐτῷ, καὶ οὐ χρονιεῖ ἀπορρῖψαι αὐτήν.",,,,
Sirach 6:22,SIR,Sirach,6,22,"σοφία γὰρ κατὰ τὸ ὄνομα αὐτῆς ἐστι, καὶ οὐ πολλοῖς ἐστι φανερά.",,,,
Sirach 6:23,SIR,Sirach,6,23,"ἄκουσον, τέκνον, καὶ δέξαι γνώμην μου, καὶ μὴ ἀπαναίνου τὴν συμβουλίαν μου.",,,,
Sirach 6:24,SIR,Sirach,6,24,καὶ εἰσένεγκον τοὺς πόδας σου εἰς τὰς πέδας αὐτῆς καὶ εἰς τὸν κλοιὸν αὐτῆς τὸν τράχηλόν σου.,,,,
Sirach 6:25,SIR,Sirach,6,25,"ὑπόθες τὸν ὦμόν σου καὶ βάσταξον αὐτήν, καὶ μὴ προσοχθίσῃς τοῖς δεσμοῖς αὐτῆς.",,,,
Sirach 6:26,SIR,Sirach,6,26,ἐν πάσῃ ψυχῇ σου πρόσελθε αὐτῇ καὶ ἐν ὅλῃ δυνάμει σου συντήρησον τὰς ὁδοὺς αὐτῆς.,,,,
Sirach 6:27,SIR,Sirach,6,27,"ἐξίχνευσον καὶ ζήτησον, καὶ γνωσθήσεταί σοι, καὶ ἐγκρατὴς γενόμενος μὴ ἀφῇς αὐτήν·",,,,
Sirach 6:28,SIR,Sirach,6,28,"ἐπ᾿ ἐσχάτων γὰρ εὑρήσεις τὴν ἀνάπαυσιν αὐτῆς, καὶ στραφήσεταί σοι εἰς εὐφροσύνην.",,,,
Sirach 6:29,SIR,Sirach,6,29,καὶ ἔσονταί σοι αἱ πέδαι εἰς σκέπην ἰσχύος καὶ οἱ κλοιοὶ αὐτῆς εἰς στολὴν δόξης.,,,,
Sirach 6:30,SIR,Sirach,6,30,"κόσμος γὰρ χρύσεός ἐστιν ἐπ᾿ αὐτῆς, καὶ οἱ δεσμοὶ αὐτῆς κλῶσμα ὑακίνθινον·",,,,
Sirach 6:31,SIR,Sirach,6,31,"στολὴν δόξης ἐνδύσῃ αὐτήν, καὶ στέφανον ἀγαλλιάσεως περιθήσεις σεαυτῷ.",,,,
Sirach 6:32,SIR,Sirach,6,32,"ἐὰν θέλῃς, τέκνον, παιδευθήσῃ, καὶ ἐὰν δῷς τὴν ψυχήν σου, πανοῦργος ἔσῃ.",,,,
Sirach 6:33,SIR,Sirach,6,33,"ἐὰν ἀγαπήσῃς ἀκούειν, ἐκδέξῃ, καὶ ἐὰν κλίνῃς τὸ οὖς σου, σοφὸς ἔσῃ.",,,,
Sirach 6:34,SIR,Sirach,6,34,"ἐν πλήθει πρεσβυτέρων στῆθι, καὶ τίς σοφός, αὐτῷ προσκολλήθητι.",,,,
Sirach 6:35,SIR,Sirach,6,35,"πᾶσαν διήγησιν θείαν θέλε ἀκροᾶσθαι, καὶ παροιμίαι συνέσεως μὴ ἐκφευγέτωσάν σε.",,,,
Sirach 6:36,SIR,Sirach,6,36,"ἐὰν ἴδῃς συνετόν, ὄρθριζε πρὸς αὐτόν, καὶ βαθμοὺς θυρῶν αὐτοῦ ἐκτριβέτω ὁ πούς σου.",,,,
Sirach 6:37,SIR,Sirach,6,37,"διανοοῦ ἐν τοῖς προστάγμασι Κυρίου καὶ ἐν ταῖς ἐντολαῖς αὐτοῦ μελέτα διὰ παντός· αὐτὸς στηριεῖ τὴν καρδίαν σου, καὶ ἡ ἐπιθυμία τῆς σοφίας σου δοθήσεταί σοι.",,,,
Sirach 7:1,SIR,Sirach,7,1,"ΜΗ ποίει κακά, καὶ οὐ μή σε καταλάβῃ κακόν·",,,,
Sirach 7:2,SIR,Sirach,7,2,"ἀπόστηθι ἀπὸ ἀδίκου, καὶ ἐκκλινεῖ ἀπὸ σοῦ.",,,,
Sirach 7:3,SIR,Sirach,7,3,"υἱέ, μὴ σπεῖρε ἐπ᾿ αὔλακας ἀδικίας, καὶ οὐ μὴ θερίσῃς αὐτὰς ἑπταπλασίως.",,,,
Sirach 7:4,SIR,Sirach,7,4,"μὴ ζήτει παρὰ Κυρίου ἡγεμονίαν, μηδὲ παρὰ βασιλέως καθέδραν δόξης.",,,,
Sirach 7:5,SIR,Sirach,7,5,μὴ δικαιοῦ ἔναντι Κυρίου καὶ παρὰ βασιλεῖ μὴ σοφίζου.,,,,
Sirach 7:6,SIR,Sirach,7,6,"μὴ ζήτει γενέσθαι κριτής, μὴ οὐκ ἐξισχύσεις ἐξᾶραι ἀδικίας· μή ποτε εὐλαβηθῇς ἀπὸ προσώπου δυνάστου καὶ θήσεις σκάνδαλον ἐν εὐθύτητί σου.",,,,
Sirach 7:7,SIR,Sirach,7,7,μὴ ἁμάρτανε εἰς πλῆθος πόλεως καὶ μὴ καταβάλῃς σεαυτὸν ἐν ὄχλῳ.,,,,
Sirach 7:8,SIR,Sirach,7,8,"μὴ καταδεσμεύσῃς δὶς ἁμαρτίαν, ἐν γὰρ τῇ μιᾷ οὐκ ἀθῷος ἔσῃ.",,,,
Sirach 7:9,SIR,Sirach,7,9,μὴ εἴπῃς· τῷ πλήθει τῶν δώρων μου ἐπόψεται καὶ ἐν τῷ προσενέγκαι με Θεῷ Ὑψίστῳ προσδέξεται.,,,,
Sirach 7:10,SIR,Sirach,7,10,μὴ ὀλιγοψυχήσῃς ἐν τῇ προσευχῇ σου καὶ ἐλεημοσύνην ποιῆσαι μὴ παρίδῃς.,,,,
Sirach 7:11,SIR,Sirach,7,11,"μὴ καταγέλα ἄνθρωπον ὄντα ἐν πικρίᾳ ψυχῆς αὐτοῦ, ἔστι γὰρ ὁ ταπεινῶν καὶ ἀνυψῶν.",,,,
Sirach 7:12,SIR,Sirach,7,12,"μὴ ἀροτρία ψεῦδος ἐπ᾿ ἀδελφῷ σου, μηδὲ φίλῳ τὸ ὅμοιον ποίει.",,,,
Sirach 7:13,SIR,Sirach,7,13,"μὴ θέλε ψεύδεσθαι πᾶν ψεῦδος, ὁ γὰρ ἐνδελεχισμὸς αὐτοῦ οὐκ εἰς ἀγαθόν.",,,,
Sirach 7:14,SIR,Sirach,7,14,μὴ ἀδελέσχει ἐν πλήθει πρεσβυτέρων καὶ μὴ δευτερώσῃς λόγον ἐν προσευχῇ σου.,,,,
Sirach 7:15,SIR,Sirach,7,15,μὴ μισήσῃς ἐπίπονον ἐργασίαν καὶ γεωργίαν ὑπὸ Ὑψίστου ἐκτισμένην.,,,,
Sirach 7:16,SIR,Sirach,7,16,μὴ προσλογίζου σεαυτὸν ἐν πλήθει ἁμαρτωλῶν. μνήσθητι ὅτι ὀργὴ οὐ χρονιεῖ.,,,,
Sirach 7:17,SIR,Sirach,7,17,"ταπείνωσον σφόδρα τὴν ψυχήν σου, ὅτι ἐκδίκησις ἀσεβοῦς πῦρ καὶ σκώληξ.",,,,
Sirach 7:18,SIR,Sirach,7,18,"Μὴ ἀλλάξῃς φίλον ἕνεκεν διαφόρου, μηδ᾿ ἀδελφὸν γνήσιον ἐν χρυσίῳ Σουφείρ.",,,,
Sirach 7:19,SIR,Sirach,7,19,"μὴ ἀστόχει γυναικὸς σοφῆς καὶ ἀγαθῆς, ἡ γὰρ χάρις αὐτῆς ὑπὲρ τὸ χρυσίον.",,,,
Sirach 7:20,SIR,Sirach,7,20,"μὴ κακώσῃς οἰκέτην ἐργαζόμενον ἐν ἀληθείᾳ, μηδὲ μίσθιον διδόντα ψυχὴν αὐτοῦ.",,,,
Sirach 7:21,SIR,Sirach,7,21,"οἰκέτην συνετὸν ἀγαπάτω σου ἡ ψυχή, μὴ στερήσῃς αὐτὸν ἐλευθερίας.",,,,
Sirach 7:22,SIR,Sirach,7,22,"κτήνη σοί ἐστιν, ἐπισκέπτου αὐτὰ καὶ εἰ ἔστι σοι χρήσιμα, ἐμμενέτω σοι.",,,,
Sirach 7:23,SIR,Sirach,7,23,"τέκνα σοί ἐστι, παίδευσον αὐτά, καὶ κάμψον ἐκ νεότητος τὸν τράχηλον αὐτῶν.",,,,
Sirach 7:24,SIR,Sirach,7,24,"θυγατέρες σοί εἰσι, πρόσεχε τῷ σώματι αὐτῶν, καὶ μὴ ἱλαρώσῃς πρὸς αὐτὰς τὸ πρόσωπόν σου.",,,,
Sirach 7:25,SIR,Sirach,7,25,"ἔκδου θυγατέρα, καὶ ἔσῃ τετελεκὼς ἔργον μέγα, καὶ ἀνδρὶ συνετῷ δώρησαι αὐτήν.",,,,
Sirach 7:26,SIR,Sirach,7,26,"γυνή σοί ἐστι κατὰ ψυχήν, μὴ ἐκβάλῃς αὐτήν· καὶ μισουμένῃ μὴ ἐμπιστεύσῃς σεαυτόν.",,,,
Sirach 7:27,SIR,Sirach,7,27,Ἐν ὅλῃ καρδίᾳ δόξασον τὸν πατέρα σου καὶ μητρὸς ὠδῖνας μὴ ἐπιλάθῃ·,,,,
Sirach 7:28,SIR,Sirach,7,28,"μνήσθητι ὅτι δι᾿ αὐτῶν ἐγεννήθης, καὶ τί ἀνταποδώσεις αὐτοῖς καθὼς αὐτοί σοι;",,,,
Sirach 7:29,SIR,Sirach,7,29,ἐν ὅλῃ ψυχῇ σου εὐλαβοῦ τὸν Κύριον καὶ τοὺς ἱερεῖς αὐτοῦ θαύμαζε.,,,,
Sirach 7:30,SIR,Sirach,7,30,ἐν ὅλῃ δυνάμει ἀγάπησον τὸν ποιήσαντά σε καὶ τοὺς λειτουργοὺς αὐτοῦ μὴ ἐγκαταλίπῃς.,,,,
Sirach 7:31,SIR,Sirach,7,31,"φοβοῦ τὸν Κύριον καὶ δόξασον ἱερέα καὶ δῷς τὴν μερίδα αὐτῷ, καθὼς ἐντέταλταί σοι, ἀπαρχὴν καὶ περὶ πλημμελείας καὶ δόσιν βραχιόνων καὶ θυσίαν ἁγιασμοῦ καὶ ἀπαρχὴν ἁγίων.",,,,
Sirach 7:32,SIR,Sirach,7,32,"Καὶ πτωχῷ ἔκτεινον τὴν χεῖρά σου, ἵνα τελειωθῇ ἡ εὐλογία σου.",,,,
Sirach 7:33,SIR,Sirach,7,33,"χάρις δόματος ἔναντι παντὸς ζῶντος, καὶ ἐπὶ νεκρῷ μὴ ἀποκωλύσῃς χάριν.",,,,
Sirach 7:34,SIR,Sirach,7,34,μὴ ὑστέρει ἀπὸ κλαιόντων καὶ μετὰ πενθούντων πένθησον.,,,,
Sirach 7:35,SIR,Sirach,7,35,"μὴ ὄκνει ἐπισκέπτεσθαι ἄρρωστον, ἐκ γὰρ τῶν τοιούτων ἀγαπηθήσῃ.",,,,
Sirach 7:36,SIR,Sirach,7,36,"ἐν πᾶσι τοῖς λόγοις σου μιμνήσκου τὰ ἔσχατά σου, καὶ εἰς τὸν αἰῶνα οὐχ ἁμαρτήσεις.",,,,
Sirach 8:1,SIR,Sirach,8,1,"ΜΗ διαμάχου μετὰ ἀνθρώπου δυνάστου, μήποτε ἐμπέσῃς εἰς τὰς χεῖρας αὐτοῦ.",,,,
Sirach 8:2,SIR,Sirach,8,2,"μὴ ἔριζε μετὰ ἀνθρώπου πλουσίου, μήποτε ἀντιστήσῃ σου τὴν ὁλκήν· πολλοὺς γὰρ ἀπώλεσε τὸ χρυσίον καὶ καρδίας βασιλέων ἐξέκλινε.",,,,
Sirach 8:3,SIR,Sirach,8,3,μὴ διαμάχου μετὰ ἀνθρώπου γλωσσώδους καὶ μὴ ἐπιστοιβάσῃς ἐπὶ τὸ πῦρ αὐτοῦ ξύλα.,,,,
Sirach 8:4,SIR,Sirach,8,4,"μὴ πρόσπαιζε ἀπαιδεύτῳ, ἵνα μὴ ἀτιμάζωνται οἱ πρόγονοί σου.",,,,
Sirach 8:5,SIR,Sirach,8,5,μὴ ὀνείδιζε ἄνθρωπον ἀποστρέφοντα ἀπὸ ἁμαρτίας· μνήσθητι ὅτι πάντες ἐσμὲν ἐν ἐπιτιμίοις.,,,,
Sirach 8:6,SIR,Sirach,8,6,"μὴ ἀτιμάσῃς ἄνθρωπον ἐν γήρᾳ αὐτοῦ, καὶ γὰρ ἐξ ἡμῶν γηράσκουσι.",,,,
Sirach 8:7,SIR,Sirach,8,7,"μὴ ἐπίχαιρε ἐπὶ νεκρῷ, μνήσθητι ὅτι πάντες τελευτῶμεν.",,,,
Sirach 8:8,SIR,Sirach,8,8,"μὴ παρίδῃς διήγημα σοφῶν, καὶ ἐν ταῖς παροιμίαις αὐτῶν ἀναστρέφου· ὅτι παρ᾿ αὐτῶν μαθήσῃ παιδείαν καὶ λειτουργῆσαι μεγιστᾶσι.",,,,
Sirach 8:9,SIR,Sirach,8,9,"μὴ ἀστόχει διηγήματος γερόντων, καὶ γὰρ αὐτοὶ ἔμαθον παρὰ τῶν πατέρων αὐτῶν· ὅτι παρ᾿ αὐτῶν μαθήσει σύνεσιν καὶ ἐν καιρῷ χρείας δοῦναι ἀπόκρισιν.",,,,
Sirach 8:10,SIR,Sirach,8,10,"μὴ ἔκκαιε ἄνθρακας ἁμαρτωλοῦ, μὴ ἐμπυρισθῇς ἐν πυρὶ φλογὸς αὐτοῦ.",,,,
Sirach 8:11,SIR,Sirach,8,11,"μὴ ἐξαναστῇς ἀπὸ προσώπου ὑβριστοῦ, ἵνα μὴ ἐγκαθίσῃ ὡς ἔνεδρον τῷ στόματί σου.",,,,
Sirach 8:12,SIR,Sirach,8,12,"μὴ δανείσῃς ἀνθρώπῳ ἰσχυροτέρῳ σου· καὶ ἐὰν δανείσῃς, ὡς ἀπολωλεκὼς γίνου.",,,,
Sirach 8:13,SIR,Sirach,8,13,"μὴ ἐγγυήσῃ ὑπὲρ δύναμίν σου· καὶ ἐὰν ἐγγυήσῃ, ὡς ἀποτίσων φρόντιζε.",,,,
Sirach 8:14,SIR,Sirach,8,14,"μὴ δικάζου μετὰ κριτοῦ, κατὰ γὰρ τὴν δόξαν αὐτοῦ κρινοῦσιν αὐτῷ.",,,,
Sirach 8:15,SIR,Sirach,8,15,"μετὰ τολμηροῦ μὴ πορεύου ἐν ὁδῷ, ἵνα μὴ βαρύνηται κατὰ σοῦ· αὐτὸς γὰρ κατὰ τὸ θέλημα αὐτοῦ ποιήσει, καὶ τῇ ἀφροσύνῃ αὐτοῦ συναπολῇ.",,,,
Sirach 8:16,SIR,Sirach,8,16,"μετὰ θυμώδους μὴ ποιήσῃς μάχην καὶ μὴ διαπορεύου μετ᾿ αὐτοῦ τὴν ἔρημον· ὅτι ὡς οὐδὲν ἐν ὀφθαλμοῖς αὐτοῦ αἷμα, καὶ ὅπου οὐκ ἔστι βοήθεια, καταβαλεῖ σε.",,,,
Sirach 8:17,SIR,Sirach,8,17,"μετὰ μωροῦ μὴ συμβουλεύου, οὐ γὰρ δυνήσεται λόγον στέξαι.",,,,
Sirach 8:18,SIR,Sirach,8,18,"ἐνώπιον ἀλλοτρίου μὴ ποιήσῃς κρυπτόν, οὐ γὰρ γινώσκεις τί τέξεται.",,,,
Sirach 8:19,SIR,Sirach,8,19,"παντὶ ἀνθρώπῳ μὴ ἔκφαινε σὴν καρδίαν, καὶ μὴ ἀναφερέτω σοι χάριν.",,,,
Sirach 9:1,SIR,Sirach,9,1,"ΜΗ ζήλου γυναῖκα τοῦ κόλπου σου, μηδὲ διδάξῃς ἐπὶ σεαυτὸν παιδείαν πονηράν.",,,,
Sirach 9:2,SIR,Sirach,9,2,μὴ δῷς γυναικὶ τὴν ψυχήν σου ἐπιβῆναι αὐτὴν ἐπὶ τὴν ἰσχύν σου.,,,,
Sirach 9:3,SIR,Sirach,9,3,"μὴ ὑπάντα γυναικὶ ἑταιριζομένῃ, μήποτε ἐμπέσῃς εἰς τὰς παγίδας αὐτῆς.",,,,
Sirach 9:4,SIR,Sirach,9,4,"μετὰ ψαλλούσῃς μὴ ἐνδελέχιζε, μήποτε ἁλῷς ἐν τοῖς ἐπιχειρήμασιν αὐτῆς.",,,,
Sirach 9:5,SIR,Sirach,9,5,"παρθένον μὴ καταμάνθανε, μήποτε σκανδαλισθῇς ἐν τοῖς ἐπιτιμίοις αὐτῆς.",,,,
Sirach 9:6,SIR,Sirach,9,6,"μὴ δῷς πόρναις τὴν ψυχήν σου, ἵνα μὴ ἀπολέσῃς τὴν κληρονομίαν σου.",,,,
Sirach 9:7,SIR,Sirach,9,7,μὴ περιβλέπου ἐν ρύμαις πόλεως καὶ ἐν ταῖς ἐρήμοις αὐτῆς μὴ πλανῶ.,,,,
Sirach 9:8,SIR,Sirach,9,8,"ἀπόστρεψον ὀφθαλμὸν ἀπὸ γυναικὸς εὐμόρφου, καὶ μὴ καταμάνθανε κάλλος ἀλλότριον· ἐν κάλλει γυναικὸς πολλοὶ ἐπλανήθησαν, καὶ ἐκ τούτου φιλία ὡς πῦρ ἀνακαίεται.",,,,
Sirach 9:9,SIR,Sirach,9,9,"μετὰ ὑπάνδρου γυναικὸς μὴ κάθου τὸ σύνολον καὶ μὴ συμβολοκοπήσῃς μετ᾿ αὐτῆς ἐν οἴνῳ, μήποτε ἐκκλίνη ἡ ψυχή σου ἐπ᾿ αὐτὴν καὶ τῷ πνεύματί σου ὀλισθήσῃς εἰς ἀπώλειαν.",,,,
Sirach 9:10,SIR,Sirach,9,10,"μὴ ἐγκαταλίπῃς φίλον ἀρχαῖον, ὁ γὰρ πρόσφατος οὐκ ἔστιν ἔπισος αὐτῷ· οἶνος νέος φίλος νέος· ἐὰν παλαιωθῇ, μετ᾿ εὐφροσύνης πίεσαι αὐτόν.",,,,
Sirach 9:11,SIR,Sirach,9,11,"μὴ ζηλώσῃς δόξαν ἁμαρτωλοῦ, οὐ γὰρ οἶδας τί ἔσται ἡ καταστροφὴ αὐτοῦ.",,,,
Sirach 9:12,SIR,Sirach,9,12,μὴ εὐδοκήσῃς ἐν εὐδοκίᾳ ἀσεβῶν· μνήσθητι ὅτι ἕως ᾅδου οὐ μὴ δικαιωθῶσι.,,,,
Sirach 9:13,SIR,Sirach,9,13,"μακρὰν ἄπεχε ἀπὸ ἀνθρώπου, ὃς ἔχει ἐξουσίαν τοῦ φονεύειν, καὶ οὐ μὴ ὑποπτεύσῃς φόβον θανάτου· κἂν προσέλθῃς, μὴ πλημμελήσῃς, ἵνα μὴ ἀφέληται τὴν ζωήν σου· ἐπίγνωθι ὅτι ἐν μέσῳ παγίδων διαβαίνεις καὶ ἐπὶ ἐπάλξεων πόλεων περιπατεῖς.",,,,
Sirach 9:14,SIR,Sirach,9,14,κατὰ τὴν ἰσχύν σου στόχασαι τοὺς πλησίον καὶ μετὰ σοφῶν συμβουλεύου.,,,,
Sirach 9:15,SIR,Sirach,9,15,καὶ μετὰ συνετῶν ἔστω ὁ διαλογισμός σου καὶ πᾶσα διήγησίς σου ἐν νόμῳ Ὑψίστου.,,,,
Sirach 9:16,SIR,Sirach,9,16,"ἄνδρες δίκαιοι ἔστωσαν σύνδειπνοί σου, καὶ ἐν φόβῳ Κυρίου ἔστω τὸ καύχημά σου.",,,,
Sirach 9:17,SIR,Sirach,9,17,"ἐν χειρὶ τεχνιτῶν ἔργον ἐπαινεθήσεται, καὶ ὁ ἡγούμενος λαοῦ σοφὸς ἐν λόγῳ αὐτοῦ.",,,,
Sirach 9:18,SIR,Sirach,9,18,"φοβερὸς ἐν πόλει αὐτοῦ ἀνὴρ γλωσσώδης, καὶ ὁ προπετὴς ἐν λόγῳ αὐτοῦ μισηθήσεται.",,,,
Sirach 10:1,SIR,Sirach,10,1,"ΚΡΙΤΗΣ σοφὸς παιδεύσει τὸν λαὸν αὐτοῦ, καὶ ἡγεμονία συνετοῦ τεταγμένη ἔσται.",,,,
Sirach 10:2,SIR,Sirach,10,2,"κατὰ τὸν κριτὴν τοῦ λαοῦ αὐτοῦ οὕτως καὶ οἱ λειτουργοὶ αὐτοῦ, καὶ κατὰ τὸν ἡγούμενον τῆς πόλεως πάντες οἱ κατοικοῦντες αὐτήν.",,,,
Sirach 10:3,SIR,Sirach,10,3,"βασιλεὺς ἀπαίδευτος ἀπολεῖ τὸν λαὸν αὐτοῦ, καὶ πόλις οἰκισθήσεται ἐν συνέσει δυναστῶν.",,,,
Sirach 10:4,SIR,Sirach,10,4,"ἐν χειρὶ Κυρίου ἐξουσία τῆς γῆς, καὶ τὸν χρήσιμον ἐγερεῖ εἰς καιρὸν ἐπ᾿ αὐτῆς.",,,,
Sirach 10:5,SIR,Sirach,10,5,"ἐν χειρὶ Κυρίου εὐοδία ἀνδρός, καὶ προσώπῳ γραμματέως ἐπιθήσει δόξαν αὐτοῦ.",,,,
Sirach 10:6,SIR,Sirach,10,6,Ἐπὶ παντὶ ἀδικήματι μὴ μηνιάσῃς τῷ πλησίον καὶ μὴ πρᾶσσε μηδὲν ἐν ἔργοις ὕβρεως.,,,,
Sirach 10:7,SIR,Sirach,10,7,"μισητὴ ἔναντι Κυρίου καὶ ἀνθρώπων ὑπερηφανία, καὶ ἐξ ἀμφοτέρων πλημμελήσει ἄδικα.",,,,
Sirach 10:8,SIR,Sirach,10,8,βασιλεία ἀπὸ ἔθνους εἰς ἔθνος μετάγεται διὰ ἀδικίας καὶ ὕβρεις καὶ χρήματα.,,,,
Sirach 10:9,SIR,Sirach,10,9,τί ὑπερηφανεύεται γῆ καὶ σποδός; ὅτι ἐν ζωῇ ἔρριψα τὰ ἐνδόσθια αὐτοῦ.,,,,
Sirach 10:10,SIR,Sirach,10,10,"μακρὸν ἀρρώστημα σκώπτει ἰατρός· καὶ βασιλεὺς σήμερον, καὶ αὔριον τελευτήσει.",,,,
Sirach 10:11,SIR,Sirach,10,11,ἐν γὰρ τῷ ἀποθανεῖν ἄνθρωπον κληρονομήσει ἑρπετὰ καὶ θηρία καὶ σκώληκας.,,,,
Sirach 10:12,SIR,Sirach,10,12,"ἀρχὴ ὑπερηφανίας ἀνθρώπου ἀφισταμένου ἀπὸ Κυρίου, καὶ ἀπὸ τοῦ ποιήσαντος αὐτὸν ἀπέστη ἡ καρδία αὐτοῦ.",,,,
Sirach 10:13,SIR,Sirach,10,13,"ὅτι ἀρχὴ ὑπερηφανίας ἁμαρτία, καὶ ὁ κρατῶν αὐτῆς ἐξομβρήσει βδέλυγμα· διὰ τοῦτο παρεδόξασε Κύριος τὰς ἐπαγωγὰς καὶ κατέστρεψεν εἰς τέλος αὐτούς.",,,,
Sirach 10:14,SIR,Sirach,10,14,θρόνους ἀρχόντων καθεῖλεν ὁ Κύριος καὶ ἐκάθισε πρᾳεῖς ἀντ᾿ αὐτῶν.,,,,
Sirach 10:15,SIR,Sirach,10,15,ρίζας ἐθνῶν ἐξέτιλεν ὁ Κύριος καὶ ἐφύτευσε ταπεινοὺς ἀντ᾿ αὐτῶν.,,,,
Sirach 10:16,SIR,Sirach,10,16,χώρας ἐθνῶν κατέστρεψεν ὁ Κύριος καὶ ἀπώλεσεν αὐτὰς ἕως θεμελίων γῆς.,,,,
Sirach 10:17,SIR,Sirach,10,17,ἐξήρανεν ἐξ αὐτῶν καὶ ἀπώλεσεν αὐτοὺς καὶ κατέπαυσεν ἀπὸ γῆς τὸ μνημόσυνον αὐτῶν.,,,,
Sirach 10:18,SIR,Sirach,10,18,"οὐκ ἔκτισται ἀνθρώποις ὑπερηφανία, οὐδὲ ὀργὴ θυμοῦ γεννήμασι γυναικῶν.",,,,
Sirach 10:19,SIR,Sirach,10,19,Σπέρμα ἔντιμον ποῖον; σπέρμα ἀνθρώπου. σπέρμα ἔντιμον ποῖον; οἱ φοβούμενοι τὸν Κύριον. σπέρμα ἄτιμον ποῖον; σπέρμα ἀνθρώπου. σπέρμα ἄτιμον ποῖον; οἱ παραβαίνοντες ἐντολάς.,,,,
Sirach 10:20,SIR,Sirach,10,20,"ἐν μέσῳ ἀδελφῶν ὁ ἡγούμενος αὐτῶν ἔντιμος, καὶ οἱ φοβούμενοι Κύριον ἐν ὀφθαλμοῖς αὐτοῦ.",,,,
Sirach 10:22,SIR,Sirach,10,22,"πλούσιος καὶ ἔνδοξος καὶ πτωχός, τὸ καύχημα αὐτῶν φόβος Κυρίου.",,,,
Sirach 10:23,SIR,Sirach,10,23,"οὐ δίκαιον ἀτιμάσαι πτωχὸν συνετόν, καὶ οὐ καθήκει δοξάσαι ἄνδρα ἁμαρτωλόν.",,,,
Sirach 10:24,SIR,Sirach,10,24,"μεγιστὰν καὶ κριτὴς καὶ δυνάστης δοξασθήσεται, καὶ οὐκ ἔστιν αὐτῶν τις μείζων τοῦ φοβουμένου τὸν Κύριον.",,,,
Sirach 10:25,SIR,Sirach,10,25,"οἰκέτῃ σοφῷ ἐλεύθεροι λειτουργήσουσι, καὶ ἀνὴρ ἐπιστήμων οὐ γογγύσει.",,,,
Sirach 10:26,SIR,Sirach,10,26,Μὴ σοφίζου ποιῆσαι τὸ ἔργον σου καὶ μὴ δοξάζου ἐν καιρῷ στενοχωρίας σου.,,,,
Sirach 10:27,SIR,Sirach,10,27,κρείσσων ἐργαζόμενος καὶ περισσεύων ἐν πᾶσιν ἢ περιπατῶν δοξαζόμενος καὶ ἀπορῶν ἄρτων.,,,,
Sirach 10:28,SIR,Sirach,10,28,"τέκνον, ἐν πραυ±τητι δόξασον τὴν ψυχήν σου καὶ δὸς αὐτῇ τιμὴν κατὰ τὴν ἀξίαν αὐτῆς.",,,,
Sirach 10:29,SIR,Sirach,10,29,τὸν ἁμαρτάνοντα εἰς τὴν ψυχὴν αὐτοῦ τίς δικαιώσει; καὶ τίς δοξάσει τὸν ἀτιμάζοντα τὴν ζωὴν αὐτοῦ;,,,,
Sirach 10:30,SIR,Sirach,10,30,"πτωχὸς δοξάζεται δι᾿ ἐπιστήμην αὐτοῦ, καὶ πλούσιος δοξάζεται διὰ τὸν πλοῦτον αὐτοῦ.",,,,
Sirach 10:31,SIR,Sirach,10,31,"ὁ δεδοξασμένος ἐν πτωχείᾳ, καὶ ἐν πλούτῳ ποσαχῶς; καὶ ὁ ἄδοξος ἐν πλούτῳ, καὶ ἐν πτωχείᾳ ποσαχῶς;",,,,
Sirach 11:1,SIR,Sirach,11,1,"ΣΟΦΙΑ ταπεινοῦ ἀνυψώσει κεφαλὴν αὐτοῦ, καὶ ἐν μέσῳ μεγιστάνων καθίσει αὐτόν.",,,,
Sirach 11:2,SIR,Sirach,11,2,μὴ αἰνέσῃς ἄνδρα ἐν κάλλει αὐτοῦ καὶ μὴ βδελύξῃ ἄνθρωπον ἐν ὁράσει αὐτοῦ.,,,,
Sirach 11:3,SIR,Sirach,11,3,"μικρὰ ἐν πετεινοῖς μέλισσα, καὶ ἀρχὴ γλυκασμάτων ὁ καρπὸς αὐτῆς.",,,,
Sirach 11:4,SIR,Sirach,11,4,"ἐν περιβολῇ ἱματίων μὴ καυχήσῃ καὶ ἐν ἡμέρᾳ δόξης μὴ ἐπαίρου· ὅτι θαυμαστὰ τὰ ἔργα Κυρίου, καὶ κρυπτὰ τὰ ἔργα αὐτοῦ ἐν ἀνθρώποις.",,,,
Sirach 11:5,SIR,Sirach,11,5,"πολλοὶ τύραννοι ἐκάθισαν ἐπὶ ἐδάφους, ὁ δὲ ἀνυπονόητος ἐφόρεσε διάδημα.",,,,
Sirach 11:6,SIR,Sirach,11,6,"πολλοὶ δυνάσται ἠτιμάσθησαν σφόδρα, καὶ ἔνδοξοι παρεδόθησαν εἰς χεῖρας ἑτέρων.",,,,
Sirach 11:7,SIR,Sirach,11,7,"πρὶν ἐξετάσῃς, μὴ μέμψῃ· νόησον πρῶτον καὶ τότε ἐπιτίμα.",,,,
Sirach 11:8,SIR,Sirach,11,8,"πρὶν ἢ ἀκοῦσαι, μὴ ἀποκρίνου καὶ ἐν μέσῳ λόγων μὴ παρεμβάλλου.",,,,
Sirach 11:9,SIR,Sirach,11,9,"περὶ πράγματος, οὗ οὐκ ἔστι σοι χρεία, μὴ ἔριζε καὶ ἐν κρίσει ἁμαρτωλῶν μὴ συνέδρευε.",,,,
Sirach 11:10,SIR,Sirach,11,10,"Τέκνον, μὴ περὶ πολλὰ ἔστωσαν αἱ πράξεις σου· ἐὰν πληθυνῇς, οὐκ ἀθωωθήσῃ· καὶ ἐὰν διώκῃς, οὐ μὴ καταλάβῃς, καὶ οὐ μὴ ἐκφύγῃς διαδράς.",,,,
Sirach 11:11,SIR,Sirach,11,11,"ἔστι κοπιῶν καὶ πονῶν καὶ σπεύδων, καὶ τόσῳ μᾶλλον ὑστερεῖται.",,,,
Sirach 11:12,SIR,Sirach,11,12,"ἔστι νωθρὸς καὶ προσδεόμενος ἀντιλήψεως, ὑστερῶν ἰσχύϊ καὶ πτωχείᾳ περισσεύει· καὶ οἱ ὀφθαλμοὶ Κυρίου ἐπέβλεψαν αὐτῷ εἰς ἀγαθά, καὶ ἀνώρθωσεν αὐτὸν ἐκ ταπεινώσεως αὐτοῦ.",,,,
Sirach 11:13,SIR,Sirach,11,13,καὶ ἀνύψωσε κεφαλὴν αὐτοῦ καὶ ἀπεθαύμασαν ἐπ᾿ αὐτῷ πολλοί.,,,,
Sirach 11:14,SIR,Sirach,11,14,"ἀγαθὰ καὶ κακά, ζωὴ καὶ θάνατος, πτωχεία καὶ πλοῦτος παρὰ Κυρίου ἐστί.",,,,
Sirach 11:17,SIR,Sirach,11,17,"δόσις Κυρίου παραμένει εὐσεβέσι, καὶ ἡ εὐδοκία αὐτοῦ εἰς τὸν αἰῶνα εὐοδωθήσεται.",,,,
Sirach 11:18,SIR,Sirach,11,18,"ἔστι πλουτῶν ἀπὸ προσοχῆς καὶ σφιγγίας αὐτοῦ, καὶ αὕτη ἡ μερὶς τοῦ μισθοῦ αὐτοῦ.",,,,
Sirach 11:19,SIR,Sirach,11,19,"ἐν τῷ εἰπεῖν αὐτόν· εὗρον ἀνάπαυσιν καὶ νῦν φάγομαι ἐκ τῶν ἀγαθῶν μου, καὶ οὐκ οἶδε τίς καιρὸς παρελεύσεται καὶ καταλείψει αὐτὰ ἑτέροις καὶ ἀποθανεῖται.",,,,
Sirach 11:20,SIR,Sirach,11,20,στῆθι ἐν διαθήκῃ σου καὶ ὁμίλει ἐν αὐτῇ καὶ ἐν τῷ ἔργῳ σου παλαιώθητι.,,,,
Sirach 11:21,SIR,Sirach,11,21,"μὴ θαύμαζε ἐν ἔργοις ἁμαρτωλοῦ, πίστευε τῷ Κυρίῳ καὶ ἔμμενε τῷ πόνῳ σου· ὅτι κοῦφον ἐν ὀφθαλμοῖς Κυρίου διὰ τάχους ἐξάπινα πλουτίσαι πένητα.",,,,
Sirach 11:22,SIR,Sirach,11,22,"εὐλογία Κυρίου ἐν μισθῷ εὐσεβοῦς, καὶ ἐν ὥρᾳ ταχινῇ ἀναθάλλει εὐλογίαν αὐτοῦ.",,,,
Sirach 11:23,SIR,Sirach,11,23,"μὴ εἴπῃς· τίς ἐστί μου χρεία, καὶ τίνα ἀπὸ τοῦ νῦν ἔσται μου τὰ ἀγαθά;",,,,
Sirach 11:24,SIR,Sirach,11,24,"μὴ εἴπῃς· αὐτάρκη μοί ἐστι, καὶ τί ἀπὸ τοῦ νῦν κακωθήσομαι;",,,,
Sirach 11:25,SIR,Sirach,11,25,"ἐν ἡμέρᾳ ἀγαθῶν ἀμνησία κακῶν, καὶ ἐν ἡμέρᾳ κακῶν οὐ μνησθήσεται ἀγαθῶν·",,,,
Sirach 11:26,SIR,Sirach,11,26,ὅτι κοῦφον ἔναντι Κυρίου ἐν ἡμέρᾳ τελευτῆς ἀποδοῦναι ἀνθρώπῳ κατὰ τὰς ὁδοὺς αὐτοῦ.,,,,
Sirach 11:27,SIR,Sirach,11,27,"κάκωσις ὥρας ἐπιλησμονὴν ποιεῖ τρυφῆς, καὶ ἐν συντελείᾳ ἀνθρώπου ἀποκάλυψις ἔργων αὐτοῦ.",,,,
Sirach 11:28,SIR,Sirach,11,28,"πρὸ τελευτῆς μὴ μακάριζε μηδένα, καὶ ἐν τέκνοις αὐτοῦ γνωσθήσεται ἀνήρ.",,,,
Sirach 11:29,SIR,Sirach,11,29,"Μὴ πάντα ἄνθρωπον εἴσαγε εἰς τὸν οἶκόν σου, πολλὰ γὰρ τὰ ἔνεδρα τοῦ δολίου.",,,,
Sirach 11:30,SIR,Sirach,11,30,"πέρδιξ θηρευτὴς ἐν καρτάλλῳ, οὕτως καρδία ὑπερηφάνου, καὶ ὡς ὁ κατάσκοπος ἐπιβλέπει πτῶσιν·",,,,
Sirach 11:31,SIR,Sirach,11,31,τὰ γὰρ ἀγαθὰ εἰς κακὰ μεταστρέφων ἐνεδρεύει καὶ ἐν τοῖς αἱρετοῖς ἐπιθήσει μῶμον.,,,,
Sirach 11:32,SIR,Sirach,11,32,"ἀπὸ σπινθῆρος πυρὸς πληθύνεται ἀνθρακιά, καὶ ἄνθρωπος ἁμαρτωλὸς εἰς αἷμα ἐνεδρεύει.",,,,
Sirach 11:33,SIR,Sirach,11,33,"πρόσεχε ἀπὸ κακούργου, πονηρὰ γὰρ τεκταίνει, μήποτε μῶμον εἰς τὸν αἰῶνα δῷ σοι.",,,,
Sirach 11:34,SIR,Sirach,11,34,"ἐνοίκισον ἀλλότριον καὶ διαστρέψει σε ἐν ταραχαῖς, καὶ ἀπαλλοτριώσει σε τῶν ἰδίων σου.",,,,
Sirach 12:1,SIR,Sirach,12,1,"ΕΑΝ εὖ ποιῇς, γνῶθι τίνι ποιεῖς, καὶ ἔσται χάρις τοῖς ἀγαθοῖς σου.",,,,
Sirach 12:2,SIR,Sirach,12,2,"εὖ ποίησον εὐσεβεῖ, καὶ εὑρήσεις ἀνταπόδομα καὶ εἰ μὴ παρ᾿ αὐτοῦ, ἀλλὰ παρὰ Ὑψίστου.",,,,
Sirach 12:3,SIR,Sirach,12,3,οὐκ ἔστιν ἀγαθὰ τῷ ἐνδελεχίζοντι εἰς κακὰ καὶ τῷ ἐλεημοσύνην μὴ χαριζομένῳ.,,,,
Sirach 12:4,SIR,Sirach,12,4,δὸς τῷ εὐσεβεῖ καὶ μὴ ἀντιλάβῃ τοῦ ἁμαρτωλοῦ.,,,,
Sirach 12:5,SIR,Sirach,12,5,"εὖ ποίησον τῷ ταπεινῷ καὶ μὴ δῷς ἀσεβεῖ· ἐμπόδισον τοὺς ἄρτους αὐτοῦ καὶ μὴ δῷς αὐτῷ, ἵνα μὴ ἐν αὐτοῖς σε δυναστεύσῃ· διπλάσια γὰρ κακὰ εὑρήσεις ἐν πᾶσιν ἀγαθοῖς, οἷς ἂν ποιήσῃς αὐτῷ.",,,,
Sirach 12:6,SIR,Sirach,12,6,ὅτι καὶ ὁ Ὓψιστος ἐμίσησεν ἁμαρτωλοὺς καὶ τοῖς ἀσεβέσιν ἀποδώσει ἐκδίκησιν.,,,,
Sirach 12:7,SIR,Sirach,12,7,δὸς τῷ ἀγαθῷ καὶ μὴ ἀντιλάβου τοῦ ἁμαρτωλοῦ.,,,,
Sirach 12:8,SIR,Sirach,12,8,Οὐκ ἐκδικηθήσεται ἐν ἀγαθοῖς ὁ φίλος καὶ οὐ κρυβήσεται ἐν κακοῖς ὁ ἐχθρός.,,,,
Sirach 12:9,SIR,Sirach,12,9,"ἐν ἀγαθοῖς ἀνδρὸς οἱ ἐχθροὶ αὐτοῦ ἐν λύπῃ, καὶ ἐν τοῖς κακοῖς αὐτοῦ καὶ ὁ φίλος διαχωρισθήσεται.",,,,
Sirach 12:10,SIR,Sirach,12,10,"μὴ πιστεύσῃς τῷ ἐχθρῷ σου εἰς τὸν αἰῶνα· ὡς γὰρ ὁ χαλκὸς ἰοῦται, οὕτως ἡ πονηρία αὐτοῦ.",,,,
Sirach 12:11,SIR,Sirach,12,11,"καὶ ἐὰν ταπεινωθῇ καὶ πορεύηται συγκεκυφώς, ἐπίστησον τὴν ψυχήν σου καὶ φύλαξαι ἀπ᾿ αὐτοῦ καὶ ἔσῃ αὐτῷ ὡς ἐκμεμαχὼς ἔσοπτρον, καὶ γνώσῃ ὅτι οὐκ εἰς τέλος κατίωσε.",,,,
Sirach 12:12,SIR,Sirach,12,12,"μὴ στήσῃς αὐτὸν παρὰ σεαυτῷ, μὴ ἀνατρέψας σε στῇ ἐπὶ τὸν τόπον σου· μὴ καθίσῃς αὐτὸν ἐκ δεξιῶν σου, μήποτε ζητήσῃ τὴν καθέδραν σου καὶ ἐπ᾿ ἐσχάτων ἐπιγνώσῃ τοὺς λόγους μου καὶ ἐπὶ τῶν ρημάτων μου κατανυγήσῃ.",,,,
Sirach 12:13,SIR,Sirach,12,13,τίς ἐλεήσει ἐπαοιδὸν ὀφιόδηκτον καὶ πάντας τοὺς προσάγοντας θηρίοις;,,,,
Sirach 12:14,SIR,Sirach,12,14,οὕτως τὸν προσπορευόμενον ἀνδρὶ ἁμαρτωλῷ καὶ συμφυρόμενον ἐν ταῖς ἁμαρτίαις αὐτοῦ.,,,,
Sirach 12:15,SIR,Sirach,12,15,"ὥραν μετὰ σοῦ διαμενεῖ, καὶ ἐὰν ἐκκλίνῃς, οὐ μὴ καρτερήσῃ.",,,,
Sirach 12:16,SIR,Sirach,12,16,"καὶ ἐν τοῖς χείλεσιν αὐτοῦ γλυκανεῖ ὁ ἐχθρὸς καὶ ἐν τῇ καρδίᾳ αὐτοῦ βουλεύσεται ἀνατρέψαι σε εἰς βόθρον· ἐν ὀφθαλμοῖς αὐτοῦ δακρύσει ὁ ἐχθρός, καὶ ἐὰν εὕρῃ καιρόν, οὐκ ἐμπλησθήσεται ἀφ᾿ αἵματος.",,,,
Sirach 12:17,SIR,Sirach,12,17,"κακὰ ἂν ὑπαντήσῃ σοι, εὑρήσεις αὐτὸν ἐκεῖ πρότερόν σου, καὶ ὡς βοηθῶν ὑποσχάσει πτέρναν σου·",,,,
Sirach 12:18,SIR,Sirach,12,18,κινήσει τὴν κεφαλὴν αὐτοῦ καὶ ἐπικροτήσει ταῖς χερσὶν αὐτοῦ καὶ πολλὰ διαψιθυρίσει καὶ ἀλλοιώσει τὸ πρόσωπον αὐτοῦ.,,,,
Sirach 13:1,SIR,Sirach,13,1,"Ο ΑΠΤΟΜΕΝΟΣ πίσσης μολυνθήσεται, καὶ ὁ κοινωνῶν ὑπερηφάνῳ ὁμοιωθήσεται αὐτῷ.",,,,
Sirach 13:2,SIR,Sirach,13,2,"βάρος ὑπὲρ σὲ μὴ ἄρῃς, καὶ ἰσχυροτέρῳ σου καὶ πλουσιωτέρῳ μὴ κοινώνει. τί κοινωνήσει χύτρα πρὸς λέβητα; αὕτη προσκρούσει, καὶ αὕτη συντριβήσεται.",,,,
Sirach 13:3,SIR,Sirach,13,3,"πλούσιος ἠδίκησε, καὶ αὐτὸς προσενεβριμήσατο· πτωχὸς ἠδίκηται, καὶ αὐτὸς προσδεηθήσεται.",,,,
Sirach 13:4,SIR,Sirach,13,4,"ἐὰν χρησιμεύσῃς, ἐργᾶται ἐν σοί· καὶ ἐὰν ὑστερήσῃς, καταλείψει σε.",,,,
Sirach 13:5,SIR,Sirach,13,5,"ἐὰν ἔχῃς, συμβιώσεταί σοι καὶ ἀποκενώσει σε, καὶ αὐτὸς οὐ πονέσει.",,,,
Sirach 13:6,SIR,Sirach,13,6,"χρείαν ἔσχηκέ σου, καὶ ἀποπλανήσει σε καὶ προσγελάσεταί σοι καὶ δώσει σοι ἐλπίδα· λαλήσει σοι καλὰ καὶ ἐρεῖ· τίς ἡ χρεία σου;",,,,
Sirach 13:7,SIR,Sirach,13,7,"καὶ αἰσχυνεῖ σε ἐν τοῖς βρώμασιν αὐτοῦ, ἕως οὗ ἀποκενώσῃ σε δὶς ἢ τρίς, καὶ ἐπ᾿ ἐσχάτων καταμωκήσεταί σου· μετὰ ταῦτα ὄψεταί σε καὶ καταλείψει σε καὶ τὴν κεφαλὴν αὐτοῦ κινήσει ἐπὶ σοί.",,,,
Sirach 13:8,SIR,Sirach,13,8,πρόσεχε μὴ ἀποπλανηθῇς καὶ μὴ ταπεινωθῇς ἐν ἀφροσύνῃ σου.,,,,
Sirach 13:9,SIR,Sirach,13,9,"Προσκαλεσαμένου σε δυνάστου, ὑποχωρῶν γίνου, καὶ τόσῳ μᾶλλον προσκαλέσεταί σε.",,,,
Sirach 13:10,SIR,Sirach,13,10,"μὴ ἔμπιπτε, ἵνα μὴ ἀπωσθῇς, καὶ μὴ μακρὰν ἀφίστω, ἵνα μὴ ἐπιλησθῇς.",,,,
Sirach 13:11,SIR,Sirach,13,11,μὴ ἔπεχε ἰσηγορεῖσθαι μετ᾿ αὐτοῦ καὶ μὴ πίστευε τοῖς πλείοσι λόγοις αὐτοῦ· ἐκ πολλῆς γὰρ λαλιᾶς πειράσει σε καὶ ὡς προσγελῶν ἐξετάσει σε.,,,,
Sirach 13:12,SIR,Sirach,13,12,ἀνελεήμων ὁ μὴ συντηρῶν λόγους καὶ οὐ μὴ φείσηται περὶ κακώσεως καὶ δεσμῶν.,,,,
Sirach 13:13,SIR,Sirach,13,13,"συντήρησον καὶ πρόσεχε σφοδρῶς, ὅτι μετὰ τῆς πτώσεώς σου περιπατεῖς. [14 ἀκούων αὐτὰ ἐν ὕπνῳ σου γρηγόρησον· πάσῃ ζωῇ σου ἀγάπα τὸν Κύριον, καὶ ἐπικαλοῦ αὐτὸν εἰς σωτηρίαν σου].",,,,
Sirach 13:15,SIR,Sirach,13,15,Πᾶν ζῷον ἀγαπᾷ τὸ ὅμοιον αὐτῷ καὶ πᾶς ἄνθρωπος τὸν πλησίον αὐτοῦ·,,,,
Sirach 13:16,SIR,Sirach,13,16,"πᾶσα σὰρξ κατὰ γένος συνάγεται, καὶ τῷ ὁμοίῳ αὐτοῦ προσκολληθήσεται ἀνήρ.",,,,
Sirach 13:17,SIR,Sirach,13,17,τί κοινωνήσει λύκος ἀμνῷ; οὕτως ἁμαρτωλὸς πρὸς εὐσεβῆ.,,,,
Sirach 13:18,SIR,Sirach,13,18,τίς εἰρήνη ὑαίνῃ πρὸς κύνα; καὶ τίς εἰρήνη πλουσίῳ πρὸς πένητα;,,,,
Sirach 13:19,SIR,Sirach,13,19,"κυνήγια λεόντων ὄναγροι ἐν ἐρήμῳ, οὕτως νομαὶ πλουσίων πτωχοί.",,,,
Sirach 13:20,SIR,Sirach,13,20,"βδέλυγμα ὑπερηφάνῳ ταπεινότης, οὕτως βδέλυγμα πλουσίῳ πτωχός.",,,,
Sirach 13:21,SIR,Sirach,13,21,"πλούσιος σαλευόμενος στηρίζεται ὑπὸ φίλων, ταπεινὸς δὲ πεσὼν προσαπωθεῖται ὑπὸ φίλων.",,,,
Sirach 13:22,SIR,Sirach,13,22,"πλουσίου σφαλέντος πολλοὶ ἀντιλήπτορες, ἐλάλησεν ἀπόρρητα καὶ ἐδικαίωσαν αὐτόν. ταπεινὸς ἔσφαλε καὶ προσεπετίμησαν αὐτῷ, ἐφθέγξατο σύνεσιν καὶ οὐκ ἐδόθη αὐτῷ τόπος.",,,,
Sirach 13:23,SIR,Sirach,13,23,"πλούσιος ἐλάλησε καὶ πάντες ἐσίγησαν, καὶ τὸν λόγον αὐτοῦ ἀνύψωσαν ἕως τῶν νεφελῶν. πτωχὸς ἐλάλησε καὶ εἶπαν· τίς οὗτος; κἂν προσκόψῃ, προσανατρέψουσιν αὐτόν.",,,,
Sirach 13:24,SIR,Sirach,13,24,"ἀγαθὸς ὁ πλοῦτος, ᾧ μή ἐστιν ἁμαρτία, καὶ πονηρὰ ἡ πτωχεία ἐν στόματι ἀσεβοῦς.",,,,
Sirach 13:25,SIR,Sirach,13,25,"Καρδία ἀνθρώπου ἀλλοιοῖ τὸ πρόσωπον αὐτοῦ, ἐάν τε εἰς ἀγαθὰ ἐάν τε εἰς κακά.",,,,
Sirach 13:26,SIR,Sirach,13,26,"ἴχνος καρδίας ἐν ἀγαθοῖς πρόσωπον ἱλαρόν, καὶ εὕρεσις παραβολῶν διαλογισμοὶ μετὰ κόπου.",,,,
Sirach 14:1,SIR,Sirach,14,1,"ΜΑΚΑΡΙΟΣ ἀνήρ, ὣς οὐκ ὠλίσθησεν ἐν στόματι αὐτοῦ καὶ οὐ κατενύγη ἐν λύπῃ ἁμαρτίας.",,,,
Sirach 14:2,SIR,Sirach,14,2,"μακάριος οὗ οὐ κατέγνω ἡ ψυχὴ αὐτοῦ, καὶ ὃς οὐκ ἔπεσεν ἀπὸ τῆς ἐλπίδος αὐτοῦ.",,,,
Sirach 14:3,SIR,Sirach,14,3,"Ἀνδρὶ μικρολόγῳ οὐ καλὸς ὁ πλοῦτος, καὶ ἀνθρώπῳ βασκάνῳ ἱνατί χρήματα;",,,,
Sirach 14:4,SIR,Sirach,14,4,"ὁ συνάγων ἀπὸ τῆς ψυχῆς αὐτοῦ συνάγει ἄλλοις, καὶ ἐν τοῖς ἀγαθοῖς αὐτοῦ τρυφήσουσιν ἕτεροι.",,,,
Sirach 14:5,SIR,Sirach,14,5,ὁ πονηρὸς ἑαυτῷ τίνι ἀγαθὸς ἔσται; καὶ οὐ μὴ εὐφρανθήσεται ἐν τοῖς χρήμασιν αὐτοῦ.,,,,
Sirach 14:6,SIR,Sirach,14,6,"τοῦ βασκαίνοντος ἑαυτὸν οὐκ ἔστι πονηρότερος, καὶ τοῦτο ἀνταπόδομα τῆς κακίας αὐτοῦ·",,,,
Sirach 14:7,SIR,Sirach,14,7,"κἂν εὖ ποιῇ, ἐν λήθῃ ποιεῖ, καὶ ἐπ᾿ ἐσχάτων ἐκφαίνει τὴν κακίαν αὐτοῦ.",,,,
Sirach 14:8,SIR,Sirach,14,8,"πονηρὸς ὁ βασκαίνων ὀφθαλμῷ, ἀποστρέφων πρόσωπον καὶ ὑπερορῶν ψυχάς.",,,,
Sirach 14:9,SIR,Sirach,14,9,"πλεονέκτου ὀφθαλμὸς οὐκ ἐμπίπλαται μερίδι, καὶ ἀδικία πονηρὰ ἀναξηραίνει ψυχήν.",,,,
Sirach 14:10,SIR,Sirach,14,10,ὀφθαλμὸς πονηρὸς φθονερὸς ἐπ᾿ ἄρτῳ καὶ ἐλλιπὴς ἐπὶ τῆς τραπέζης αὐτοῦ.,,,,
Sirach 14:11,SIR,Sirach,14,11,"Τέκνον, καθὼς ἐὰν ἔχῃς, εὖ ποίει σεαυτὸν καὶ προσφορὰς Κυρίῳ ἀξίως πρόσαγε.",,,,
Sirach 14:12,SIR,Sirach,14,12,μνήσθητι ὅτι θάνατος οὐ χρονιεῖ καὶ διαθήκη ᾅδου οὐχ ὑπεδείχθη σοι·,,,,
Sirach 14:13,SIR,Sirach,14,13,"πρίν σε τελευτῆσαι, εὖ ποίει φίλῳ καὶ κατὰ τὴν ἰσχύν σου ἔκτεινον καὶ δῷς αὐτῷ.",,,,
Sirach 14:14,SIR,Sirach,14,14,"μὴ ἀφυστερήσῃς ἀπὸ ἀγαθῆς ἡμέρας, καὶ μερὶς ἐπιθυμίας ἀγαθῆς μή σε παρελθάτω.",,,,
Sirach 14:15,SIR,Sirach,14,15,οὐχὶ ἑτέρῳ καταλείψεις τοὺς πόνους σου καὶ τοὺς κόπους σου εἰς διαίρεσιν κλήρου;,,,,
Sirach 14:16,SIR,Sirach,14,16,"δὸς καὶ λάβε καὶ ἀπάτησον τὴν ψυχήν σου, ὅτι οὐκ ἔστιν ἐν ᾅδου ζητῆσαι τρυφήν.",,,,
Sirach 14:17,SIR,Sirach,14,17,"πᾶσα σὰρξ ὡς ἱμάτιον παλαιοῦται, ἡ γὰρ διαθήκη ἀπ᾿ αἰῶνος· θανάτῳ ἀποθανῇ.",,,,
Sirach 14:18,SIR,Sirach,14,18,"ὡς φύλλον θάλλον ἐπὶ δένδρου δασέος, τὰ μὲν καταβάλλει, ἄλλα δὲ φύει, οὕτως γενεὰ σαρκὸς καὶ αἵματος, ἡ μὲν τελευτᾷ, ἑτέρα δὲ γεννᾶται.",,,,
Sirach 14:19,SIR,Sirach,14,19,"πᾶν ἔργον σηπόμενον ἐκλείπει, καὶ ὁ ἐργαζόμενος αὐτὸ μετ᾿ αὐτοῦ ἀπελεύσεται.",,,,
Sirach 14:20,SIR,Sirach,14,20,"Μακάριος ἀνήρ, ὃς ἐν σοφίᾳ τελευτήσει καὶ ὃς ἐν συνέσει αὐτοῦ διαλεχθήσεται,",,,,
Sirach 14:21,SIR,Sirach,14,21,"ὁ διανοούμενος τὰς ὁδοὺς αὐτῆς ἐν καρδίᾳ αὐτοῦ, καὶ ἐν τοῖς ἀποκρύφοις αὐτῆς νοηθήσεται.",,,,
Sirach 14:22,SIR,Sirach,14,22,"ἔξελθε ὀπίσω αὐτῆς ὡς ἰχνευτής, καὶ ἐν ταῖς εἰσόδοις αὐτῆς ἐνέδρευε.",,,,
Sirach 14:23,SIR,Sirach,14,23,ὁ παρακύπτων διὰ τῶν θυρίδων αὐτῆς καὶ ἐπὶ τῶν θυρωμάτων αὐτῆς ἀκροάσεται.,,,,
Sirach 14:24,SIR,Sirach,14,24,"ὁ καταλύων σύνεγγυς τοῦ οἴκου αὐτῆς καὶ πήξει πάσσαλον ἐν τοῖς τοίχοις αὐτῆς,",,,,
Sirach 14:25,SIR,Sirach,14,25,στήσει τὴν σκηνὴν αὐτοῦ κατὰ χεῖρας αὐτῆς καὶ καταλύσει ἐν καταλύματι ἀγαθῶν·,,,,
Sirach 14:26,SIR,Sirach,14,26,θήσει τὰ τέκνα αὐτοῦ ἐν τῇ σκέπῃ αὐτῆς καὶ ὑπὸ τοὺς κλάδους αὐτῆς αὐλισθήσεται·,,,,
Sirach 14:27,SIR,Sirach,14,27,σκεπασθήσεται ὑπ᾿ αὐτῆς ἀπὸ καύματος καὶ ἐν τῇ δόξῃ αὐτῆς καταλύσει.,,,,
Sirach 15:1,SIR,Sirach,15,1,"ΟΦΟΒΟΥΜΕΝΟΣ Κύριον ποιήσει αὐτό, καὶ ὁ ἐγκρατὴς τοῦ νόμου καταλήψεται αὐτήν·",,,,
Sirach 15:2,SIR,Sirach,15,2,καὶ ὑπαντήσεται αὐτῷ ὡς μήτηρ καὶ ὡς γυνὴ παρθενίας προσδέξεται αὐτόν.,,,,
Sirach 15:3,SIR,Sirach,15,3,ψωμιεῖ αὐτὸν ἄρτον συνέσεως καὶ ὕδωρ σοφίας ποτίσει αὐτόν.,,,,
Sirach 15:4,SIR,Sirach,15,4,"στηριχθήσεται ἐπ᾿ αὐτὴν καὶ οὐ μὴ κλιθῇ, καὶ ἐπ᾿ αὐτῆς ἐφέξει καὶ οὐ μὴ καταισχυνθῇ·",,,,
Sirach 15:5,SIR,Sirach,15,5,καὶ ὑψώσει αὐτὸν παρὰ τοὺς πλησίον αὐτοῦ καὶ ἐν μέσῳ ἐκκλησίας ἀνοίξει στόμα αὐτοῦ.,,,,
Sirach 15:6,SIR,Sirach,15,6,εὐφροσύνην καὶ στέφανον ἀγαλλιάματος καὶ ὄνομα αἰώνιον κατακληρονομήσει.,,,,
Sirach 15:7,SIR,Sirach,15,7,"οὐ μὴ καταλήψονται αὐτὴν ἄνθρωποι ἀσύνετοι, καὶ ἄνδρες ἁμαρτωλοὶ οὐ μὴ ἴδωσιν αὐτήν·",,,,
Sirach 15:8,SIR,Sirach,15,8,"μακράν ἐστιν ὑπερηφανίας, καὶ ἄνδρες ψεῦσται οὐ μὴ μνησθήσονται αὐτῆς.",,,,
Sirach 15:9,SIR,Sirach,15,9,"Οὐχ ὡραῖος αἶνος ἐν στόματι ἁμαρτωλοῦ, ὅτι οὐ παρὰ Κυρίου ἀπεστάλη·",,,,
Sirach 15:10,SIR,Sirach,15,10,"ἐν γὰρ σοφίᾳ ρηθήσεται αἶνος, καὶ ὁ Κύριος εὐοδώσει αὐτόν.",,,,
Sirach 15:11,SIR,Sirach,15,11,"μὴ εἴπῃς ὅτι διὰ Κύριον ἀπέστην· ἃ γὰρ ἐμίσησεν, οὐ ποιήσεις.",,,,
Sirach 15:12,SIR,Sirach,15,12,μὴ εἴπῃς ὅτι αὐτός με ἐπλάνησεν· οὐ γὰρ χρείαν ἔχει ἀνδρὸς ἁμαρτωλοῦ.,,,,
Sirach 15:13,SIR,Sirach,15,13,"πᾶν βδέλυγμα ἐμίσησε Κύριος, καὶ οὐκ ἔστιν ἀγαπητὸν τοῖς φοβουμένοις αὐτόν.",,,,
Sirach 15:14,SIR,Sirach,15,14,αὐτὸς ἐξ ἀρχῆς ἐποίησεν ἄνθρωπον καὶ ἀφῆκεν αὐτὸν ἐν χειρὶ διαβουλίου αὐτοῦ.,,,,
Sirach 15:15,SIR,Sirach,15,15,"ἐὰν θέλῃς, συντηρήσεις ἐντολὰς καὶ πίστιν ποίησαι εὐδοκίας.",,,,
Sirach 15:16,SIR,Sirach,15,16,"παρέθηκέ σοι πῦρ καὶ ὕδωρ· οὗ ἐὰν θέλῃς, ἐκτενεῖς τὴν χεῖρά σου.",,,,
Sirach 15:17,SIR,Sirach,15,17,"ἔναντι ἀνθρώπων ἡ ζωὴ καὶ ὁ θάνατος, καὶ ὃ ἐὰν εὐδοκήσῃ, δοθήσεται αὐτῷ.",,,,
Sirach 15:18,SIR,Sirach,15,18,"ὅτι πολλὴ σοφία τοῦ Κυρίου· ἰσχυρὸς ἐν δυναστείᾳ καὶ βλέπων τὰ πάντα,",,,,
Sirach 15:19,SIR,Sirach,15,19,"καὶ οἱ ὀφθαλμοὶ αὐτοῦ ἐπὶ τοὺς φοβουμένους αὐτόν, καὶ αὐτὸς ἐπιγνώσεται πᾶν ἔργον ἀνθρώπου.",,,,
Sirach 15:20,SIR,Sirach,15,20,καὶ οὐκ ἐνετείλατο οὐδενὶ ἀσεβεῖν καὶ οὐκ ἔδωκεν ἄνεσιν οὐδενὶ ἁμαρτάνειν.,,,,
Sirach 16:1,SIR,Sirach,16,1,"ΜΗ ἐπιθύμει τέκνων πλῆθος ἀχρήστων, μὴ εὐφραίνου ἐπὶ υἱοῖς ἀσεβέσιν.",,,,
Sirach 16:2,SIR,Sirach,16,2,"ἐὰν πληθύνωσι, μὴ εὐφραίνου ἐπ᾿ αὐτοῖς, εἰ μή ἐστι φόβος Κυρίου μετ᾿ αὐτῶν.",,,,
Sirach 16:3,SIR,Sirach,16,3,"μὴ ἐμπιστεύσῃς τῇ ζωῇ αὐτῶν καὶ μὴ ἔπεχε ἐπὶ τὸ πλῆθος αὐτῶν· κρείσσων γὰρ εἷς ἢ χίλιοι, καὶ ἀποθανεῖν ἄτεκνον ἢ ἔχειν τέκνα ἀσεβῆ.",,,,
Sirach 16:4,SIR,Sirach,16,4,"ἀπὸ γὰρ ἑνὸς συνετοῦ συνοικισθήσεται πόλις, φυλὴ δὲ ἀνόμων ἐρημωθήσεται.",,,,
Sirach 16:5,SIR,Sirach,16,5,"πολλὰ τοιαῦτα ἑώρακα ἐν ὀφθαλμοῖς μου, καὶ ἰσχυρότερα τούτων ἀκήκοε τὸ οὖς μου.",,,,
Sirach 16:6,SIR,Sirach,16,6,"ἐν συναγωγῇ ἁμαρτωλῶν ἐκκαυθήσεται πῦρ, καὶ ἐν ἔθνει ἀπειθεῖ ἐξεκαύθη ὀργή.",,,,
Sirach 16:7,SIR,Sirach,16,7,"οὐκ ἐξιλάσατο περὶ τῶν ἀρχαίων γιγάντων, οἳ ἀπέστησαν τῇ ἰσχύϊ αὐτῶν·",,,,
Sirach 16:8,SIR,Sirach,16,8,"οὐκ ἐφείσατο περὶ τῆς παροικίας Λώτ, οὓς ἐβδελύξατο διὰ τὴν ὑπερηφανίαν αὐτῶν·",,,,
Sirach 16:9,SIR,Sirach,16,9,"οὐκ ἠλέησεν ἔθνος ἀπωλείας, τοὺς ἐξῃρμένους ἐν ἁμαρτίαις αὐτῶν·",,,,
Sirach 16:10,SIR,Sirach,16,10,καὶ οὕτως ἑξακοσίας χιλιάδας πεζῶν τοὺς ἐπισυναχθέντας ἐν σκληροκαρδίᾳ αὐτῶν.,,,,
Sirach 16:11,SIR,Sirach,16,11,"κἂν ᾖ εἷς σκληροτράχηλος, θαυμαστὸν τοῦτο εἰ ἀθωωθήσεται· ἔλεος γὰρ καὶ ὀργὴ παρ᾿ αὐτῷ, δυνάστης ἐξιλασμῶν καὶ ἐκχέων ὀργήν.",,,,
Sirach 16:12,SIR,Sirach,16,12,"κατὰ τὸ πολὺ ἔλεος αὐτοῦ, οὕτως καὶ πολὺς ὁ ἔλεγχος αὐτοῦ· ἄνδρα κατὰ τὰ ἔργα αὐτοῦ κρίνει.",,,,
Sirach 16:13,SIR,Sirach,16,13,"οὐκ ἐκφεύξεται ἐν ἁρπάγμασιν ἁμαρτωλός, καὶ οὐ μὴ καθυστερήσῃ ὑπομονὴν εὐσεβοῦς.",,,,
Sirach 16:14,SIR,Sirach,16,14,"πάσῃ ἐλεημοσύνῃ ποιήσει τόπον, ἕκαστος κατὰ τὰ ἔργα αὐτοῦ εὑρήσει. [15 Κύριος ἐσκλήρυνε Φαραὼ μὴ εἰδέναι αὐτόν, ὅπως ἂν γνωσθῇ ἐνεργήματα αὐτοῦ τῇ ὑπ' οὐρανόν.",,,,
Sirach 16:16,SIR,Sirach,16,16,"πάσῃ τῇ κτίσει τὸ ἔλεος αὐτοῦ φανερόν, καὶ τὸ φῶς αὐτοῦ καὶ τὸ σκότος ἐμέρισε τῷ ἀδάμαντι].",,,,
Sirach 16:17,SIR,Sirach,16,17,"μὴ εἴπῃς, ὅτι ἀπὸ Κυρίου κρυβήσομαι, μὴ ἐξ ὕψους τίς μου μνησθήσεται; ἐν λαῷ πλείονι οὐ μὴ γνωσθῶ, τίς γὰρ ἡ ψυχή μου ἐν ἀμετρήτῳ κτίσει;",,,,
Sirach 16:18,SIR,Sirach,16,18,"ἰδοὺ ὁ οὐρανὸς καὶ ὁ οὐρανὸς τοῦ οὐρανοῦ, ἄβυσσος καὶ γῆ σαλευθήσονται ἐν τῇ ἐπισκοπῇ αὐτοῦ.",,,,
Sirach 16:19,SIR,Sirach,16,19,"ἅμα τὰ ὄρη καὶ τὰ θεμέλια τῆς γῆς ἐν τῷ ἐπιβλέψαι εἰς αὐτὰ τρόμῳ συσσείονται,",,,,
Sirach 16:20,SIR,Sirach,16,20,καὶ ἐπ᾿ αὐτοῖς οὐ διανοηθήσεται καρδία· καὶ τὰς ὁδοὺς αὐτοῦ τίς ἐνθυμηθήσεται;,,,,
Sirach 16:21,SIR,Sirach,16,21,"καὶ καταιγίς, ἣν οὐκ ὄψεται ἄνθρωπος, τὰ δὲ πλείονα τῶν ἔργων αὐτοῦ ἐν ἀποκρύφοις.",,,,
Sirach 16:22,SIR,Sirach,16,22,ἔργα δικαιοσύνης τίς ἀναγγελεῖ ἢ τίς ὑπομενεῖ; μακρὰν γὰρ ἡ διαθήκη.,,,,
Sirach 16:23,SIR,Sirach,16,23,"ἐλαττούμενος καρδίᾳ διανοεῖται ταῦτα, καὶ ἀνὴρ ἄφρων καὶ πλανώμενος διανοεῖται μωρά.",,,,
Sirach 16:24,SIR,Sirach,16,24,"Ἄκουσόν μου, τέκνον, καὶ μάθε ἐπιστήμην καὶ ἐπὶ τῶν λόγων μου πρόσεχε τῇ καρδίᾳ σου.",,,,
Sirach 16:25,SIR,Sirach,16,25,ἐκφανῶ ἐν σταθμῷ παιδείαν καὶ ἐν ἀκριβείᾳ ἀπαγγελῶ ἐπιστήμην.,,,,
Sirach 16:26,SIR,Sirach,16,26,"ἐν κρίσει Κυρίου τὰ ἔργα αὐτοῦ ἀπ᾿ ἀρχῆς, καὶ ἀπὸ ποιήσεως αὐτῶν διέστειλε μερίδας αὐτῶν.",,,,
Sirach 16:27,SIR,Sirach,16,27,ἐκόσμησεν εἰς αἰῶνα τὰ ἔργα αὐτοῦ καὶ τὰς ἀρχὰς αὐτῶν εἰς γενεὰς αὐτῶν· οὔτε ἐπείνασαν οὔτε ἐκοπίασαν καὶ οὐκ ἐξέλιπον ἀπὸ τῶν ἔργων αὐτῶν·,,,,
Sirach 16:28,SIR,Sirach,16,28,"ἕκαστος τὸν πλησίον αὐτοῦ οὐκ ἐξέθλιψε, καὶ ἕως αἰῶνος οὐκ ἀπειθήσουσι τοῦ ρήματος αὐτοῦ.",,,,
Sirach 16:29,SIR,Sirach,16,29,καὶ μετὰ ταῦτα Κύριος εἰς τὴν γῆν ἐπέβλεψε καὶ ἐνέπλησεν αὐτὴν τῶν ἀγαθῶν αὐτοῦ·,,,,
Sirach 16:30,SIR,Sirach,16,30,"ψυχὴν παντὸς ζῴου ἐκάλυψε τὸ πρόσωπον αὐτῆς, καὶ εἰς αὐτὴν ἡ ἀποστροφὴ αὐτῶν.",,,,
Sirach 17:1,SIR,Sirach,17,1,ΚΥΡΙΟΣ ἔκτισεν ἐκ γῆς ἄνθρωπον καὶ πάλιν ἀπέστρεψεν αὐτὸν εἰς αὐτήν.,,,,
Sirach 17:2,SIR,Sirach,17,2,ἡμέρας ἀριθμοῦ καὶ καιρὸν ἔδωκεν αὐτοῖς καὶ ἔδωκεν αὐτοῖς ἐξουσίαν τῶν ἐπ᾿ αὐτῆς.,,,,
Sirach 17:3,SIR,Sirach,17,3,καθ᾿ ἑαυτοὺς ἐνέδυσεν αὐτοὺς ἰσχὺν καὶ κατ᾿ εἰκόνα αὐτοῦ ἐποίησεν αὐτοὺς,,,,
Sirach 17:4,SIR,Sirach,17,4,"καὶ ἔθηκε τὸν φόβον αὐτοῦ ἐπὶ πάσης σαρκὸς καὶ κατακυριεύειν θηρίων καὶ πετεινῶν. [5 ἔλαβον χρῆσιν τῶν πέντε τοῦ Κυρίου ἐνεργημάτων, ἕκτον δὲ νοῦν αὐτοῖς ἐδωρήσατο μερίζων καὶ τὸν ἕβδομον λόγον ἑρμηνέα τῶν ἐνεργημάτων αὐτοῦ].",,,,
Sirach 17:6,SIR,Sirach,17,6,"διαβούλιον καὶ γλῶσσαν καὶ ὀφθαλμούς, ὦτα καὶ καρδίαν ἔδωκε διανοεῖσθαι αὐτοῖς.",,,,
Sirach 17:7,SIR,Sirach,17,7,ἐπιστήμην συνέσεως ἐνέπλησεν αὐτοὺς καὶ ἀγαθὰ καὶ κακὰ ὑπέδειξεν αὐτοῖς.,,,,
Sirach 17:8,SIR,Sirach,17,8,"ἔθηκε τὸν ὀφθαλμὸν αὐτοῦ ἐπὶ τὰς καρδίας αὐτῶν δεῖξαι αὐτοῖς τὸ μεγαλεῖον τῶν ἔργων αὐτοῦ,",,,,
Sirach 17:9,SIR,Sirach,17,9,"καὶ ὄνομα ἁγιασμοῦ αἰνέσουσιν,",,,,
Sirach 17:10,SIR,Sirach,17,10,ἵνα διηγῶνται τὰ μεγαλεῖα τῶν ἔργων αὐτοῦ.,,,,
Sirach 17:11,SIR,Sirach,17,11,προσέθηκεν αὐτοῖς ἐπιστήμην καὶ νόμον ζωῆς ἐκληροδότησεν αὐτοῖς.,,,,
Sirach 17:12,SIR,Sirach,17,12,διαθήκην αἰῶνος ἔστησε μετ᾿ αὐτῶν καὶ τὰ κρίματα αὐτοῦ ὑπέδειξεν αὐτοῖς.,,,,
Sirach 17:13,SIR,Sirach,17,13,"μεγαλεῖον δόξης εἶδον οἱ ὀφθαλμοὶ αὐτῶν, καὶ δόξαν φωνῆς αὐτῶν ἤκουσε τὸ οὖς αὐτῶν.",,,,
Sirach 17:14,SIR,Sirach,17,14,καὶ εἶπεν αὐτοῖς· προσέχετε ἀπὸ παντὸς ἀδίκου· καὶ ἐνετείλατο αὐτοῖς ἑκάστῳ περὶ τοῦ πλησίον.,,,,
Sirach 17:15,SIR,Sirach,17,15,"αἱ ὁδοὶ αὐτῶν ἐναντίον αὐτοῦ διαπαντός, οὐ κρυβήσονται ἀπὸ τῶν ὀφθαλμῶν αὐτοῦ.",,,,
Sirach 17:17,SIR,Sirach,17,17,"ἑκάστῳ ἔθνει κατέστησεν ἡγούμενον, καὶ μερὶς Κυρίου Ἰσραήλ ἐστιν.",,,,
Sirach 17:19,SIR,Sirach,17,19,"ἅπαντα τὰ ἔργα αὐτῶν ὡς ὁ ἥλιος ἐναντίον αὐτοῦ, καὶ οἱ ὀφθαλμοὶ αὐτοῦ ἐνδελεχεῖς ἐπὶ τὰς ὁδοὺς αὐτῶν.",,,,
Sirach 17:20,SIR,Sirach,17,20,"οὐκ ἐκρύβησαν αἱ ἀδικίαι αὐτῶν ἀπ᾿ αὐτοῦ, καὶ πᾶσαι αἱ ἁμαρτίαι αὐτῶν ἔναντι Κυρίου.",,,,
Sirach 17:22,SIR,Sirach,17,22,"ἐλεημοσύνη ἀνδρὸς ὡς σφραγὶς μετ᾿ αὐτοῦ, καὶ χάριν ἀνθρώπου ὡς κόρην συντηρήσει.",,,,
Sirach 17:23,SIR,Sirach,17,23,μετὰ ταῦτα ἐξαναστήσεται καὶ ἀνταποδώσει αὐτοῖς καὶ τὸ ἀνταπόδομα αὐτῶν εἰς κεφαλὴν αὐτῶν ἀποδώσει·,,,,
Sirach 17:24,SIR,Sirach,17,24,πλὴν μετανοοῦσιν ἔδωκεν ἐπάνοδον καὶ παρεκάλεσεν ἐκλείποντας ὑπομονήν.,,,,
Sirach 17:25,SIR,Sirach,17,25,"Ἐπίστρεφε ἐπὶ Κύριον καὶ ἀπόλειπε ἁμαρτίας, δεήθητι κατὰ πρόσωπον καὶ σμίκρυνον πρόσκομμα.",,,,
Sirach 17:26,SIR,Sirach,17,26,"ἐπάναγε ἐπὶ Ὓψιστον καὶ ἀπόστρεφε ἀπὸ ἀδικίας, καὶ σφόδρα μίσησον βδέλυγμα.",,,,
Sirach 17:27,SIR,Sirach,17,27,Ὑψίστῳ τίς αἰνέσει ἐν ᾅδου ἀντὶ ζώντων καὶ ζώντων καὶ διδόντων ἀνθομολόγησιν;,,,,
Sirach 17:28,SIR,Sirach,17,28,ἀπὸ νεκροῦ ὡς μηδὲ ὄντος ἀπόλλυται ἐξομολόγησις· ζῶν καὶ ὑγιὴς αἰνέσει τὸν Κύριον.,,,,
Sirach 17:29,SIR,Sirach,17,29,ὡς μεγάλη ἡ ἐλεημοσύνη τοῦ Κυρίου καὶ ἐξιλασμὸς τοῖς ἐπιστρέφουσιν ἐπ᾿ αὐτόν.,,,,
Sirach 17:30,SIR,Sirach,17,30,"οὐ γὰρ δύναται πάντα εἶναι ἐν ἀνθρώποις, ὅτι οὐκ ἀθάνατος υἱὸς ἀνθρώπου.",,,,
Sirach 17:31,SIR,Sirach,17,31,τί φωτεινότερον ἡλίου; καὶ τοῦτο ἐκλείπει· καὶ πονηρὸς ἐνθυμηθήσεται σάρκα καὶ αἷμα.,,,,
Sirach 17:32,SIR,Sirach,17,32,"δύναμιν ὕψους οὐρανοῦ αὐτὸς ἐπισκέπτεται, καὶ οἱ ἄνθρωποι πάντες γῆ καὶ σποδός.",,,,
Sirach 18:1,SIR,Sirach,18,1,Ο ΖΩΝ εἰς τὸν αἰῶνα ἔκτισε τὰ πάντα κοινῇ·,,,,
Sirach 18:2,SIR,Sirach,18,2,Κύριος μόνος δικαιωθήσεται. [καὶ οὐκ ἔστιν ἄλλος πλὴν αὐτοῦ,,,,
Sirach 18:3,SIR,Sirach,18,3,"οἰακίζων τὸν κόσμον ἐν σπιθαμῇ χειρὸς αὐτοῦ, καὶ πάντα ὑπακούει τῷ θελήματι αὐτοῦ, αὐτὸς γὰρ βασιλεὺς πάντων ἐν κράτει αὐτοῦ, διαστέλλων ἐν αὐτοῖς ἅγια ἀπὸ βεβήλων].",,,,
Sirach 18:4,SIR,Sirach,18,4,οὐθενὶ ἐξεποίησεν ἐξαγγεῖλαι τὰ ἔργα αὐτοῦ· καὶ τίς ἐξιχνιάσει τὰ μεγαλεῖα αὐτοῦ;,,,,
Sirach 18:5,SIR,Sirach,18,5,κράτος μεγαλωσύνης αὐτοῦ τίς ἐξαριθμήσεται; καὶ τίς προσθήσει ἐκδιηγήσασθαι τὰ ἐλέη αὐτοῦ;,,,,
Sirach 18:6,SIR,Sirach,18,6,"οὐκ ἔστιν ἐλαττῶσαι οὐδὲ προσθεῖναι, καὶ οὐκ ἔστιν ἐξιχνιάσαι τὰ θαυμάσια τοῦ Κυρίου·",,,,
Sirach 18:7,SIR,Sirach,18,7,"ὅταν συντελέσῃ ἄνθρωπος, τότε ἄρχεται, καὶ ὅταν παύσηται, τότε ἀπορηθήσεται.",,,,
Sirach 18:8,SIR,Sirach,18,8,τί ἄνθωπος καὶ τί ἡ χρῆσις αὐτοῦ; τί τὸ ἀγαθὸν αὐτοῦ καὶ τί τὸ κακὸν αὐτοῦ;,,,,
Sirach 18:9,SIR,Sirach,18,9,ἀριθμὸς ἡμερῶν ἀνθρώπου πολλὰ ἔτη ἑκατόν·,,,,
Sirach 18:10,SIR,Sirach,18,10,"ὡς σταγὼν ὕδατος ἀπὸ θαλάσσης καὶ ψῆφος ἄμμου, οὕτως ὀλίγα ἔτη ἐν ἡμέρᾳ αἰῶνος.",,,,
Sirach 18:11,SIR,Sirach,18,11,διὰ τοῦτο ἐμακροθύμησε Κύριος ἐπ᾿ αὐτοῖς καὶ ἐξέχεεν ἐπ᾿ αὐτοὺς τὸ ἔλεος αὐτοῦ.,,,,
Sirach 18:12,SIR,Sirach,18,12,εἶδε καὶ ἐπέγνω τὴν καταστροφὴν αὐτῶν ὅτι πονηρά· διὰ τοῦτο ἐπλήθυνε τὸν ἐξιλασμὸν αὐτοῦ.,,,,
Sirach 18:13,SIR,Sirach,18,13,"ἔλεος ἀνθρώπου ἐπὶ τὸν πλησίον αὐτοῦ, ἔλεος δὲ Κυρίου ἐπὶ πᾶσαν σάρκα· ἐλέγχων καὶ παιδεύων καὶ διδάσκων καὶ ἐπιστρέφων ὡς ποιμὴν τὸ ποίμνιον αὐτοῦ.",,,,
Sirach 18:14,SIR,Sirach,18,14,τοὺς ἐκδεχομένους παιδείαν ἐλεᾷ καὶ τοὺς κατασπεύδοντας ἐπὶ τὰ κρίματα αὐτοῦ.,,,,
Sirach 18:15,SIR,Sirach,18,15,"Τέκνον, ἐν ἀγαθοῖς μὴ δῷς μῶμον καὶ ἐν πάσῃ δόσει λύπην λόγων.",,,,
Sirach 18:16,SIR,Sirach,18,16,οὐχὶ καύσωνα ἀναπαύσει δρόσος; οὕτως κρείσσων λόγος ἢ δόσις.,,,,
Sirach 18:17,SIR,Sirach,18,17,οὐκ ἰδοὺ λόγος ὑπὲρ δόμα ἀγαθόν; καὶ ἀμφότερα παρὰ ἀνδρὶ κεχαριτωμένῳ.,,,,
Sirach 18:18,SIR,Sirach,18,18,"μωρὸς ἀχαρίστως ὀνειδιεῖ, καὶ δόσις βασκάνου ἐκτήκει ὀφθαλμούς.",,,,
Sirach 18:19,SIR,Sirach,18,19,"πρὶν ἢ λαλῆσαι μάνθανε, καὶ πρὸ ἀρρωστίας θεραπεύου.",,,,
Sirach 18:20,SIR,Sirach,18,20,"πρὸ κρίσεως ἐξέταζε σεαυτόν, καὶ ἐν ὥρᾳ ἐπισκοπῆς εὑρήσεις ἐξιλασμόν.",,,,
Sirach 18:21,SIR,Sirach,18,21,πρὶν ἀρρωστῆσαί σε ταπεινώθητι καὶ ἐν καιρῷ ἁμαρτημάτων δεῖξον ἐπιστροφήν.,,,,
Sirach 18:22,SIR,Sirach,18,22,"μὴ ἐμποδισθῇς τοῦ ἀποδοῦναι εὐχὴν εὐκαίρως, καὶ μὴ μείνῃς ἕως θανάτου δικαιωθῆναι.",,,,
Sirach 18:23,SIR,Sirach,18,23,"πρὶν εὔξασθαι, ἑτοίμασον σεαυτὸν καὶ μὴ γίνου ὡς ἄνθρωπος πειράζων τὸν Κύριον.",,,,
Sirach 18:24,SIR,Sirach,18,24,μνήσθητι θυμοῦ ἐν ἡμέραις τελευτῆς καὶ καιρὸν ἐκδικήσεως ἐν ἀποστροφῇ προσώπου.,,,,
Sirach 18:25,SIR,Sirach,18,25,"μνήσθητι καιρὸν λιμοῦ ἐν καιρῷ πλησμονῆς, πτωχείαν καὶ ἔνδειαν ἐν ἡμέραις πλούτου.",,,,
Sirach 18:26,SIR,Sirach,18,26,"ἀπὸ πρωΐθεν ἕως ἑσπέρας μεταβάλλει καιρός, καὶ πάντα ἐστὶ ταχινὰ ἔναντι Κυρίου.",,,,
Sirach 18:27,SIR,Sirach,18,27,ἄνθρωπος σοφὸς ἐν παντὶ εὐλαβηθήσεται καὶ ἐν ἡμέραις ἁμαρτιῶν προσέξει ἀπὸ πλημμελείας.,,,,
Sirach 18:28,SIR,Sirach,18,28,πᾶς συνετὸς ἔγνω σοφίαν καὶ τῷ εὑρόντι αὐτὴν δώσει ἐξομολόγησιν.,,,,
Sirach 18:29,SIR,Sirach,18,29,συνετοὶ ἐν λόγοις καὶ αὐτοὶ ἐσοφίσαντο καὶ ἀνώμβρησαν παροιμίας ἀκριβεῖς. ΕΓΚΡΑΤΕΙΑ ΨΥΧΗΣ.,,,,
Sirach 18:30,SIR,Sirach,18,30,Ὀπίσω τῶν ἐπιθυμιῶν σου μὴ πορεύου καὶ ἀπὸ τῶν ὀρέξεών σου κωλύου.,,,,
Sirach 18:31,SIR,Sirach,18,31,"ἐὰν χορηγήσῃς τῇ ψυχῇ σου εὐδοκίαν ἐπιθυμίας, ποιήσει σε ἐπίχαρμα τῶν ἐχθρῶν σου.",,,,
Sirach 18:32,SIR,Sirach,18,32,"μὴ εὐφραίνου ἐπὶ πολλῇ τρυφῇ, μηδὲ προσδεθῇς συμβολῇ αὐτῆς.",,,,
Sirach 18:33,SIR,Sirach,18,33,"μὴ γίνου πτωχὸς συμβολοκοπῶν ἐκ δανεισμοῦ, καὶ οὐδέν σοί ἐστιν ἐν μαρσιπείῳ.",,,,
Sirach 19:1,SIR,Sirach,19,1,ΕΡΓΑΤΗΣ μέθυσος οὐ πλουτισθήσεται· ὁ ἐξουθενῶν τὰ ὀλίγα κατὰ μικρὸν πεσεῖται.,,,,
Sirach 19:2,SIR,Sirach,19,2,"οἶνος καὶ γυναῖκες ἀποστήσουσι συνετούς, καὶ ὁ κολλώμενος πόρναις τολμηρότερος ἔσται·",,,,
Sirach 19:3,SIR,Sirach,19,3,"σῆτες καὶ σκώληκες κληρονομήσουσιν αὐτόν, καὶ ψυχὴ τολμηρὰ ἐξαρθήσεται.",,,,
Sirach 19:4,SIR,Sirach,19,4,"Ὁ ταχὺ ἐμπιστεύων κοῦφος καρδίᾳ, καὶ ὁ ἁμαρτάνων εἰς ψυχὴν αὐτοῦ πλημμελήσει.",,,,
Sirach 19:5,SIR,Sirach,19,5,"ὁ εὐφραινόμενος καρδίᾳ καταγνωσθήσεται,",,,,
Sirach 19:6,SIR,Sirach,19,6,καὶ ὁ μισῶν λαλιὰν ἐλαττονοῦται κακίᾳ.,,,,
Sirach 19:7,SIR,Sirach,19,7,"μηδέποτε δευτερώσῃς λόγον, καὶ οὐθέν σοι οὐ μὴ ἐλαττονωθῇ.",,,,
Sirach 19:8,SIR,Sirach,19,8,"ἐν φίλῳ καὶ ἐν ἐχθρῷ μὴ διηγοῦ, καὶ εἰ μή ἔστι σοι ἁμαρτία, μὴ ἀποκάλυπτε·",,,,
Sirach 19:9,SIR,Sirach,19,9,"ἀκήκοε γάρ σου καὶ ἐφυλάξατό σε, καὶ ἐν καιρῷ μισήσει σε.",,,,
Sirach 19:10,SIR,Sirach,19,10,"ἀκήκοας λόγον, συναποθανέτω σοι· θάρσει, οὐ μή σε ρήξει.",,,,
Sirach 19:11,SIR,Sirach,19,11,ἀπὸ προσώπου λόγου ὠδινήσει μωρὸς ὡς ἀπὸ προσώπου βρέφους ἡ τίκτουσα.,,,,
Sirach 19:12,SIR,Sirach,19,12,"βέλος πεπηγὸς ἐν μηρῷ σαρκός, οὕτως λόγος ἐν κοιλίᾳ μωροῦ.",,,,
Sirach 19:13,SIR,Sirach,19,13,"Ἔλεγξον φίλον, μήποτε οὐκ ἐποίησε, καὶ εἴ τι ἐποίησε, μήποτε προσθῇ.",,,,
Sirach 19:14,SIR,Sirach,19,14,"ἔλεγξον τὸν πλησίον, μήποτε οὐκ εἶπε, καὶ εἰ εἴρηκεν, ἵνα μὴ δευτερώσῃ.",,,,
Sirach 19:15,SIR,Sirach,19,15,"ἔλεγξον φίλον, πολλάκις γὰρ γίνεται διαβολή, καὶ μὴ παντὶ λόγῳ πίστευε.",,,,
Sirach 19:16,SIR,Sirach,19,16,"ἔστιν ὀλισθαίνων καὶ οὐκ ἀπὸ ψυχῆς, καὶ τίς οὐχ ἡμάρτησεν ἐν τῇ γλώσσῃ αὐτοῦ;",,,,
Sirach 19:17,SIR,Sirach,19,17,"ἔλεγξον τὸν πλησίον σου πρὶν ἢ ἀπειλῆσαι, καὶ δὸς τόπον νόμῳ Ὑψίστου. [γινόμενος ἄμηνις.",,,,
Sirach 19:18,SIR,Sirach,19,18,"φόβος Κυρίου ἀρχὴ προσλήψεως, σοφία δὲ παρ' αὐτοῦ ἀγάπησιν περιποιεῖ.",,,,
Sirach 19:19,SIR,Sirach,19,19,"γνῶσις ἐντολῶν Κυρίου παιδεία ζωῆς, οἱ δὲ ποιοῦντες τὰ ἀρεστὰ αὐτῷ ἀθανασίας δένδρον καρποῦνται].",,,,
Sirach 19:20,SIR,Sirach,19,20,"Πᾶσα σοφία φόβος Κυρίου, καὶ ἐν πάσῃ σοφίᾳ ποίησις νόμου· [καὶ γνῶσις τῆς παντοδυναμίας αὐτοῦ.",,,,
Sirach 19:21,SIR,Sirach,19,21,"οἰκέτης λέγων τῷ δεσπότῃ· ὡς ἀρέσκει οὐ ποιήσω, ἐὰν μετὰ ταῦτα ποιήσῃ, παροργίζει τὸν τρέφοντα αὐτόν].",,,,
Sirach 19:22,SIR,Sirach,19,22,"καὶ οὐκ ἔστι σοφία πονηρίας ἐπιστήμη, καὶ οὐκ ἔστιν ὅπου βουλὴ ἁμαρτωλῶν φρόνησις.",,,,
Sirach 19:23,SIR,Sirach,19,23,"ἔστι πονηρία καὶ αὕτη βδέλυγμα, καὶ ἔστιν ἄφρων ἐλαττούμενος σοφίᾳ.",,,,
Sirach 19:24,SIR,Sirach,19,24,κρείττων ἡττώμενος ἐν συνέσει ἔμφοβος ἢ περισσεύων ἐν φρονήσει καὶ παραβαίνων νόμον.,,,,
Sirach 19:25,SIR,Sirach,19,25,"ἔστι πανουργία ἀκριβὴς καὶ αὕτη ἄδικος, καὶ ἔστι διαστρέφων χάριν τοῦ ἐκφᾶναι κρίμα.",,,,
Sirach 19:26,SIR,Sirach,19,26,"ἔστι πονηρευόμενος συγκεκυφὼς μελανίᾳ, καὶ τὰ ἐντὸς αὐτοῦ πλήρης δόλου·",,,,
Sirach 19:27,SIR,Sirach,19,27,"συγκύφων πρόσωπον καὶ ἑτεροκωφῶν, ὅπου οὐκ ἐπεγνώσθη, προφθάσει σε·",,,,
Sirach 19:28,SIR,Sirach,19,28,"καὶ ἐὰν ὑπὸ ἐλαττώματος ἰσχύος κωλυθῇ ἁμαρτεῖν, ἐὰν εὕρῃ καιρόν, κακοποιήσει.",,,,
Sirach 19:29,SIR,Sirach,19,29,"ἀπὸ ὁράσεως ἐπιγνωσθήσεται ἀνήρ, καὶ ἀπὸ ἀπαντήσεως προσώπου ἐπιγνωσθήσεται νοήμων.",,,,
Sirach 19:30,SIR,Sirach,19,30,στολισμὸς ἀνδρὸς καὶ γέλως ὀδόντων καὶ βήματα ἀνθρώπου ἀναγγέλλει τὰ περὶ αὐτοῦ.,,,,
Sirach 20:1,SIR,Sirach,20,1,"ΕΣΤΙΝ ἔλεγχος ὃς οὐκ ἔστιν ὡραῖος, καὶ ἔστι σιωπῶν καὶ αὐτὸς φρόνιμος.",,,,
Sirach 20:2,SIR,Sirach,20,2,"ὡς καλὸν ἐλέγξαι ἢ θυμοῦσθαι, καὶ ὁ ἀνθομολογούμενος ἀπὸ ἐλαττώσεως κωλυθήσεται.",,,,
Sirach 20:4,SIR,Sirach,20,4,"ἐπιθυμία εὐνούχου ἀποπαρθενῶσαι νεάνιδα, οὕτως ὁ ποιῶν ἐν βίᾳ κρίματα.",,,,
Sirach 20:5,SIR,Sirach,20,5,"ἔστι σιωπῶν εὑρισκόμενος σοφός, καὶ ἔστι μισητὸς ἀπὸ πολλῆς λαλιᾶς.",,,,
Sirach 20:6,SIR,Sirach,20,6,"ἔστι σιωπῶν, οὐ γὰρ ἔχει ἀπόκρισιν, καὶ ἔστι σιωπῶν εἰδὼς καιρόν.",,,,
Sirach 20:7,SIR,Sirach,20,7,"ἄνθρωπος σοφὸς σιγήσει ἕως καιροῦ, ὁ δὲ λαπιστὴς καὶ ἄφρων ὑπερβήσεται καιρόν.",,,,
Sirach 20:8,SIR,Sirach,20,8,"ὁ πλεονάζων λόγῳ βδελυχθήσεται, καὶ ὁ ἐνεξουσιαζόμενος μισηθήσεται.",,,,
Sirach 20:9,SIR,Sirach,20,9,"ἔστιν εὐοδία ἐν κακοῖς ἀνδρί, καὶ ἔστιν εὕρημα εἰς ἐλάττωσιν.",,,,
Sirach 20:10,SIR,Sirach,20,10,"ἔστι δόσις, ἣ οὐ λυσιτελήσει σοι, καὶ ἔστι δόσις, ἧς τὸ ἀνταπόδομα διπλοῦν.",,,,
Sirach 20:11,SIR,Sirach,20,11,"ἔστιν ἐλάττωσις ἕνεκεν δόξης, καὶ ἔστιν ὃς ἀπὸ ταπεινώσεως ᾖρε κεφαλήν.",,,,
Sirach 20:12,SIR,Sirach,20,12,ἔστιν ἀγοράζων πολλὰ ὀλίγου καὶ ἀποτιννύων αὐτὰ ἑπταπλάσιον.,,,,
Sirach 20:13,SIR,Sirach,20,13,"ὁ σοφὸς ἐν λόγῳ ἑαυτὸν προσφιλῆ ποιήσει, χάριτες δὲ μωρῶν ἐκχυθήσονται.",,,,
Sirach 20:14,SIR,Sirach,20,14,"δόσις ἄφρονος οὐ λυσιτελήσει σοι, οἱ γὰρ ὀφθαλμοὶ αὐτοῦ ἀνθ᾿ ἑνὸς πολλοί·",,,,
Sirach 20:15,SIR,Sirach,20,15,"ὀλίγα δώσει καὶ πολλὰ ὀνειδίσει καὶ ἀνοίξει τὸ στόμα αὐτοῦ ὡς κῆρυξ· σήμερον δανιεῖ καὶ αὔριον ἀπαιτήσει, μισητὸς ἄνθρωπος ὁ τοιοῦτος.",,,,
Sirach 20:16,SIR,Sirach,20,16,"μωρὸς ἐρεῖ· οὐχ ὑπάρχει μοι φίλος, καὶ οὐκ ἔστι χάρις τοῖς ἀγαθοῖς μου· οἱ ἔσθοντες τὸν ἄρτον μου, φαῦλοι γλώσσῃ·",,,,
Sirach 20:17,SIR,Sirach,20,17,ποσάκις καὶ ὅσοι καταγελάσονται αὐτοῦ;,,,,
Sirach 20:18,SIR,Sirach,20,18,"Ὀλίσθημα ἀπὸ ἐδάφους μᾶλλον ἢ ἀπὸ γλώσσης, οὕτως πτῶσις κακῶν κατὰ σπουδὴν ἥξει.",,,,
Sirach 20:19,SIR,Sirach,20,19,"ἄνθρωπος ἄχαρις, μῦθος ἄκαιρος· ἐν στόματι ἀπαιδεύτων ἐνδελεχισθήσεται.",,,,
Sirach 20:20,SIR,Sirach,20,20,"ἀπὸ στόματος μωροῦ ἀποδοκιμασθήσεται παραβολή, οὐ γὰρ μὴ εἴπῃ αὐτὴν ἐν καιρῷ αὐτῆς.",,,,
Sirach 20:21,SIR,Sirach,20,21,"Ἔστι κωλυόμενος ἁμαρτάνειν ἀπὸ ἐνδείας, καὶ ἐν τῇ ἀναπαύσει αὐτοῦ οὐ κατανυγήσεται.",,,,
Sirach 20:22,SIR,Sirach,20,22,"ἔστιν ἀπολλύων τὴν ψυχὴν αὐτοῦ δι᾿ αἰσχύνην, καὶ ἀπὸ ἄφρονος προσώπου ἀπολεῖ αὐτήν.",,,,
Sirach 20:23,SIR,Sirach,20,23,"ἔστι χάριν αἰσχύνης ἐπαγγελόμενος φίλῳ, καὶ ἐκτήσατο αὐτὸν ἐχθρὸν δωρεάν.",,,,
Sirach 20:24,SIR,Sirach,20,24,"Μῶμος πονηρὸς ἐν ἀνθρώπῳ ψεῦδος, ἐν στόματι ἀπαιδεύτων ἐνδελεχισθήσεται.",,,,
Sirach 20:25,SIR,Sirach,20,25,"αἱρετὸν κλέπτης ἢ ὁ ἐνδελεχίζων ψεύδει, ἀμφότεροι δὲ ἀπώλειαν κληρονομήσουσιν.",,,,
Sirach 20:26,SIR,Sirach,20,26,"ἦθος ἀνθρώπου ψευδοῦς ἀτιμία, καὶ ἡ αἰσχύνη αὐτοῦ μετ᾿ αὐτοῦ ἐνδελεχῶς. ΛΟΓΟΙ ΠΑΡΑΒΟΛΩΝ.",,,,
Sirach 20:27,SIR,Sirach,20,27,"Ὁ σοφὸς ἐν λόγοις προάξει ἑαυτόν, καὶ ἄνθρωπος φρόνιμος ἀρέσει μεγιστᾶσιν.",,,,
Sirach 20:28,SIR,Sirach,20,28,"ὁ ἐργαζόμενος γῆν ἀνυψώσει θημωνίαν αὐτοῦ, καὶ ὁ ἀρέσκων μεγιστᾶσιν ἐξιλάσεται ἀδικίαν.",,,,
Sirach 20:29,SIR,Sirach,20,29,ξένια καὶ δῶρα ἀποτυφλοῖ ὀφθαλμοὺς σοφῶν καὶ ὡς φιμὸς ἐν στόματι ἀποτρέπει ἐλεγμούς.,,,,
Sirach 20:30,SIR,Sirach,20,30,"σοφία κεκρυμμένη καὶ θησαυρὸς ἀφανής, τίς ὠφέλεια ἐν ἀμφοτέροις;",,,,
Sirach 20:31,SIR,Sirach,20,31,κρείσσων ἄνθρωπος ἀποκρύπτων τὴν μωρίαν αὐτοῦ ἢ ἄνθρωπος ἀποκρύπτων τὴν σοφίαν αὐτοῦ.,,,,
Sirach 21:1,SIR,Sirach,21,1,"ΤΕΚΝΟΝ, ἥμαρτες, μὴ προσθῇς μηκέτι καὶ περὶ τῶν προτέρων σου δεήθητι.",,,,
Sirach 21:2,SIR,Sirach,21,2,"ὡς ἀπὸ προσώπου ὄφεως φεῦγε ἀπὸ ἁμαρτίας, ἐὰν γὰρ προσέλθῃς, δήξεταί σε· ὀδόντες λέοντος οἱ ὀδόντες αὐτῆς ἀναιροῦντες ψυχὰς ἀνθρώπων.",,,,
Sirach 21:3,SIR,Sirach,21,3,"ὡς ρομφαία δίστομος πᾶσα ἀνομία, τῇ πληγῇ αὐτῆς οὐκ ἔστιν ἴασις.",,,,
Sirach 21:4,SIR,Sirach,21,4,καταπληγμὸς καὶ ὕβρις ἐρημώσουσι πλοῦτον· οὕτως οἶκος ὑπερηφάνου ἐρημωθήσεται.,,,,
Sirach 21:5,SIR,Sirach,21,5,"δέησις πτωχοῦ ἐκ στόματος ἕως ὠτίων αὐτοῦ, καὶ τὸ κρίμα αὐτοῦ κατὰ σπουδὴν ἔρχεται.",,,,
Sirach 21:6,SIR,Sirach,21,6,"μισῶν ἐλεγμὸν ἐν ἴχνει ἁμαρτωλοῦ, καὶ ὁ φοβούμενος Κύριον ἐπιστρέψει ἐν καρδίᾳ.",,,,
Sirach 21:7,SIR,Sirach,21,7,"γνωστὸς μακρόθεν ὁ δυνατὸς ἐν γλώσσῃ, ὁ δὲ νοήμων οἶδεν ἐν τῷ ὀλισθαίνειν αὐτόν.",,,,
Sirach 21:8,SIR,Sirach,21,8,"ὁ οἰκοδομῶν τὴν οἰκίαν αὐτοῦ ἐν χρήμασιν ἀλλοτρίοις, ὡς ὁ συνάγων αὐτοῦ τοὺς λίθους εἰς χειμῶνα.",,,,
Sirach 21:9,SIR,Sirach,21,9,"στυππεῖον συνηγμένον συναγωγὴ ἀνόμων, καὶ ἡ συντέλεια αὐτῶν φλὸξ πυρός.",,,,
Sirach 21:10,SIR,Sirach,21,10,"ὁδὸς ἁμαρτωλῶν ὡμαλισμένη ἐκ λίθων, καὶ ἐπ᾿ ἐσχάτῳ αὐτῆς βόθρος ᾅδου.",,,,
Sirach 21:11,SIR,Sirach,21,11,"Ὁ φυλάσσων νόμον κατακρατεῖ τοῦ ἐννοήματος αὐτοῦ, καὶ συντέλεια τοῦ φόβου Κυρίου σοφία.",,,,
Sirach 21:12,SIR,Sirach,21,12,οὐ παιδευθήσεται ὃς οὐκ ἔστι πανοῦργος· ἔστι πανουργία πληθύνουσα πικρίαν.,,,,
Sirach 21:13,SIR,Sirach,21,13,γνῶσις σοφοῦ ὡς κατακλυσμὸς πληθυνθήσεται καὶ ἡ βουλὴ αὐτοῦ ὡς πηγὴ ζωῆς.,,,,
Sirach 21:14,SIR,Sirach,21,14,ἔγκατα μωροῦ ὡς ἀγγεῖον συντετριμμένον καὶ πᾶσαν γνῶσιν οὐ κρατήσει.,,,,
Sirach 21:15,SIR,Sirach,21,15,"λόγον σοφὸν ἐὰν ἀκούσῃ ἐπιστήμων, αἰνέσει αὐτὸν καὶ ἐπ᾿ αὐτὸν προσθήσει· ἤκουσεν ὁ σπαταλῶν καὶ ἀπήρεσεν αὐτῷ, καὶ ἀπέστρεψεν αὐτὸν ὀπίσω τοῦ νώτου αὐτοῦ.",,,,
Sirach 21:16,SIR,Sirach,21,16,"ἐξήγησις μωροῦ ὡς ἐν ὁδῷ φορτίον, ἐπὶ δὲ χείλους συνετοῦ εὑρεθήσεται χάρις.",,,,
Sirach 21:17,SIR,Sirach,21,17,"στόμα φρονίμου ζητηθήσεται ἐν ἐκκλησίᾳ, καὶ τοὺς λόγους αὐτοῦ διανοηθήσονται ἐν καρδίᾳ.",,,,
Sirach 21:18,SIR,Sirach,21,18,"ὡς οἶκος ἠφανισμένος οὕτως μωρῷ σοφία, καὶ γνῶσις ἀσυνέτου ἀδιεξέταστοι λόγοι.",,,,
Sirach 21:19,SIR,Sirach,21,19,πέδαι ἐν ποσὶν ἀνοήτοις παιδεία καὶ ὡς χειροπέδαι ἐπὶ χειρὸς δεξιᾶς.,,,,
Sirach 21:20,SIR,Sirach,21,20,"μωρὸς ἐν γέλωτι ἀνυψοῖ φωνὴν αὐτοῦ, ἀνὴρ δὲ πανοῦργος μόλις ἡσυχῇ μειδιάσει.",,,,
Sirach 21:21,SIR,Sirach,21,21,ὡς κόσμος χρυσοῦ φρονίμῳ παιδεία καὶ ὡς χλιδὼν ἐπὶ βραχίονι δεξιῷ.,,,,
Sirach 21:22,SIR,Sirach,21,22,"ποὺς μωροῦ ταχὺς εἰς οἰκίαν, ἄνθρωπος δὲ πολύπειρος αἰσχυνθήσεται ἀπὸ προσώπου.",,,,
Sirach 21:23,SIR,Sirach,21,23,"ἄφρων ἀπὸ θύρας παρακύπτει εἰς οἰκίαν, ἀνὴρ δὲ πεπαιδευμένος ἔξω στήσεται.",,,,
Sirach 21:24,SIR,Sirach,21,24,"ἀπαιδευσία ἀνθρώπου ἀκροᾶσθαι παρὰ θύραν, ὁ δὲ φρόνιμος βαρυνθήσεται ἀτιμίᾳ.",,,,
Sirach 21:25,SIR,Sirach,21,25,"χείλη ἀλλοτρίων ἐν τούτοις βαρυνθήσεται, λόγοι δὲ φρονίμων ἐν ζυγῷ σταθήσονται.",,,,
Sirach 21:26,SIR,Sirach,21,26,"ἐν στόματι μωρῶν ἡ καρδία αὐτῶν, καρδία δὲ σοφῶν στόμα αὐτῶν.",,,,
Sirach 21:27,SIR,Sirach,21,27,ἐν τῷ καταρᾶσθαι ἀσεβῆ τὸν σατανᾶν αὐτὸς καταρᾶται τὴν ἑαυτοῦ ψυχήν.,,,,
Sirach 21:28,SIR,Sirach,21,28,μολύνει τὴν ἑαυτοῦ ψυχὴν ὁ ψιθυρίζων καὶ ἐν παροικήσει μισηθήσεται.,,,,
Sirach 22:1,SIR,Sirach,22,1,"ΛΙΘ† ἠρδαλωμένῳ συνεβλήθη ὀκνηρός, καὶ πᾶς ἐκσυριεῖ ἐπὶ τῇ ἀτιμίᾳ αὐτοῦ.",,,,
Sirach 22:2,SIR,Sirach,22,2,"βολβίτῳ κοπρίων συνεβλήθη ὀκνηρός, πᾶς ὁ ἀναιρούμενος αὐτὸν ἐκτινάξει χεῖρα.",,,,
Sirach 22:3,SIR,Sirach,22,3,"αἰσχύνη πατρὸς ἐν γεννήσει ἀπαιδεύτου, θυγάτηρ δὲ ἐπ᾿ ἐλαττώσει γίνεται.",,,,
Sirach 22:4,SIR,Sirach,22,4,"θυγάτηρ φρονίμη κληρονομήσει ἄνδρα αὐτῆς, καὶ ἡ καταισχύνουσα εἰς λύπην γεννήσαντος·",,,,
Sirach 22:5,SIR,Sirach,22,5,πατέρα καὶ ἄνδρα καταισχύνει ἡ θρασεῖα καὶ ὑπὸ ἀμφοτέρων ἀτιμασθήσεται.,,,,
Sirach 22:6,SIR,Sirach,22,6,"Μουσικὰ ἐν πένθει ἄκαιρος διήγησις, μάστιγες δὲ καὶ παιδεία ἐν παντὶ καιρῷ σοφίας.",,,,
Sirach 22:7,SIR,Sirach,22,7,"συγκολλῶν ὄστρακον ὁ διδάσκων μωρόν, ἐξεγείρων καθεύδοντα ἐκ βαθέως ὕπνου.",,,,
Sirach 22:8,SIR,Sirach,22,8,"διηγούμενος νυστάζοντι ὁ διηγούμενος μωρῷ, καὶ ἐπὶ συντελείᾳ ἐρεῖ, τί ἐστιν;",,,,
Sirach 22:11,SIR,Sirach,22,11,"ἐπὶ νεκρῷ κλαῦσον, ἐξέλιπε γὰρ φῶς, καὶ ἐπὶ μωρῷ κλαῦσον, ἐξέλιπε γὰρ σύνεσις. ἥδιον κλαῦσον ἐπὶ νεκρῷ, ὅτι ἀνεπαύσατο, τοῦ δὲ μωροῦ ὑπὲρ θάνατον ἡ ζωὴ πονηρά.",,,,
Sirach 22:12,SIR,Sirach,22,12,"πένθος νεκροῦ ἑπτὰ ἡμέραι, μωροῦ δὲ καὶ ἀσεβοῦς πᾶσαι αἱ ἡμέραι τῆς ζωῆς αὐτοῦ.",,,,
Sirach 22:13,SIR,Sirach,22,13,"μετὰ ἄφρονος μὴ πληθύνῃς λόγον, καὶ πρὸς ἀσύνετον μὴ πορεύου· φύλαξαι ἀπ᾿ αὐτοῦ, ἵνα μὴ κόπον ἔχῃς, καὶ οὐ μὴ μολυνθῇς ἐν τῷ ἐντιναγμῷ αὐτοῦ· ἔκκλινον ἀπ᾿ αὐτοῦ καὶ εὑρήσεις ἀνάπαυσιν καὶ οὐ μὴ ἀκηδιάσῃς ἐν τῇ ἀπονοίᾳ αὐτοῦ.",,,,
Sirach 22:14,SIR,Sirach,22,14,ὑπὲρ μόλυβδον τί βαρυνθήσεται; καὶ τί αὐτῷ ὄνομα ἀλλ᾿ ἢ μωρός;,,,,
Sirach 22:15,SIR,Sirach,22,15,ἄμμον καὶ ἅλα καὶ βῶλον σιδήρου εὔκοπον ὑπενεγκεῖν ἢ ἄνθρωπον ἀσύνετον.,,,,
Sirach 22:16,SIR,Sirach,22,16,Ἱμάντωσις ξυλίνη ἐνδεδεμένη εἰς οἰκοδομὴν ἐν συσσεισμῷ οὐ διαλυθήσεται· οὕτως καρδία ἐστηριγμένη ἐπὶ διανοήματος βουλῆς ἐν καιρῷ οὐ δειλιάσει.,,,,
Sirach 22:17,SIR,Sirach,22,17,καρδία ἡδρασμένη ἐπὶ διανοίας συνέσεως ὡς κόσμος ψαμμωτὸς τοίχου ξυστοῦ.,,,,
Sirach 22:18,SIR,Sirach,22,18,χάρακες ἐπὶ μετεώρου κείμενοι κατέναντι ἀνέμου οὐ μὴ ὑπομείνωσιν· οὕτως καρδία δειλὴ ἐπὶ διανοήματος μωροῦ κατέναντι παντὸς φόβου οὐ μὴ ὑπομείνῃ.,,,,
Sirach 22:19,SIR,Sirach,22,19,"Ὁ νύσσων ὀφθαλμὸν κατάξει δάκρυα, καὶ ὁ νύσσων καρδίαν ἐκφαίνει αἴσθησιν.",,,,
Sirach 22:20,SIR,Sirach,22,20,"βάλλων λίθον ἐπὶ πετεινὰ ἀποσοβεῖ αὐτά, καὶ ὁ ὀνειδίζων φίλον διαλύσει φιλίαν.",,,,
Sirach 22:21,SIR,Sirach,22,21,"ἐπὶ φίλον ἐὰν σπάσῃς ρομφαίαν, μὴ ἀπελπίσῃς, ἔστι γὰρ ἐπάνοδος·",,,,
Sirach 22:22,SIR,Sirach,22,22,"ἐπὶ φίλον ἐὰν ἀνοίξῃς στόμα, μὴ εὐλαβηθῇς, ἔστι γὰρ διαλλαγή· πλὴν ὀνειδισμοῦ καὶ ὑπερηφανίας καὶ μυστηρίου ἀποκαλύψεως καὶ πληγῆς δολίας, ἐν τούτοις ἀποφεύξεται πᾶς φίλος.",,,,
Sirach 22:23,SIR,Sirach,22,23,"πίστιν κτῆσαι ἐν πτωχείᾳ μετὰ τοῦ πλησίον, ἵνα ἐν τοῖς ἀγαθοῖς αὐτοῦ ὁμοῦ πλησθῇς· ἐν καιρῷ θλίψεως διάμενε αὐτῷ, ἵνα ἐν τῇ κληρονομίᾳ αὐτοῦ συγκληρονομήσῃς.",,,,
Sirach 22:24,SIR,Sirach,22,24,πρὸ πυρὸς ἀτμὶς καμίνου καὶ καπνός· οὕτως πρὸ αἱμάτων λοιδορίαι.,,,,
Sirach 22:25,SIR,Sirach,22,25,φίλον σκεπάσαι οὐκ αἰσχυνθήσομαι καὶ ἀπὸ προσώπου αὐτοῦ οὐ μὴ κρυβῶ.,,,,
Sirach 22:26,SIR,Sirach,22,26,"καὶ εἰ κακά μοι συμβῇ δι᾿ αὐτόν, πᾶς ὁ ἀκούων φυλάξεται ἀπ᾿ αὐτοῦ.",,,,
Sirach 22:27,SIR,Sirach,22,27,"Τίς δώσει μοι ἐπὶ στόμα μου φυλακὴν καὶ ἐπὶ τῶν χειλέων μου σφραγίδα πανοῦργον, ἵνα μὴ πέσω ἀπ᾿ αὐτῆς καὶ ἡ γλῶσσά μου ἀπολέσῃ με;",,,,
Sirach 23:1,SIR,Sirach,23,1,"ΚΥΡΙΕ, πάτερ καὶ δέσποτα ζωῆς μου, μὴ ἐγκαταλίπῃς με ἐν βουλῇ αὐτῶν, μὴ ἀφῇς με πεσεῖν ἐν αὐτοῖς.",,,,
Sirach 23:2,SIR,Sirach,23,2,"τίς ἐπιστήσει ἐπὶ τοῦ διανοήματός μου μάστιγας καὶ ἐπὶ τῆς καρδίας μου παιδείαν σοφίας, ἵνα ἐπὶ τοῖς ἀγνοήμασί μου μὴ φείσωνται καὶ οὐ μὴ παρῇ τὰ ἁμαρτήματα αὐτῶν,",,,,
Sirach 23:3,SIR,Sirach,23,3,ὅπως μὴ πληθύνωσιν αἱ ἄγνοιαί μου καὶ αἱ ἁμαρτίαι μου πλεονάσωσι καὶ πεσοῦμαι ἔναντι τῶν ὑπεναντίων καὶ ἐπιχαρεῖταί μοι ὁ ἐχθρός μου;,,,,
Sirach 23:4,SIR,Sirach,23,4,"Κύριε, πάτερ καὶ Θεὲ ζωῆς μου, μετεωρισμὸν ὀφθαλμῶν μὴ δῷς μοι",,,,
Sirach 23:5,SIR,Sirach,23,5,καὶ ἐπιθυμίαν ἀπόστρεψον ἀπ᾿ ἐμοῦ·,,,,
Sirach 23:6,SIR,Sirach,23,6,"κοιλίας ὄρεξις καὶ συνουσιασμὸς μὴ καταλαβέτωσάν με, καὶ ψυχῇ ἀναιδεῖ μὴ παραδῷς με. ΠΑΙΔΕΙΑ ΣΤΟΜΑΤΟΣ.",,,,
Sirach 23:7,SIR,Sirach,23,7,"Παιδείαν στόματος ἀκούσατε, τέκνα, καὶ ὁ φυλάσσων οὐ μὴ ἁλῷ.",,,,
Sirach 23:8,SIR,Sirach,23,8,"ἐν τοῖς χείλεσιν αὐτοῦ καταληφθήσεται ἁμαρτωλός, καὶ λοίδορος καὶ ὑπερήφανος σκανδαλισθήσονται ἐν αὐτοῖς.",,,,
Sirach 23:9,SIR,Sirach,23,9,ὅρκῳ μὴ ἐθίσῃς τὸ στόμα σου καὶ ὀνομασίᾳ τοῦ ἁγίου μὴ συνεθισθῇς·,,,,
Sirach 23:10,SIR,Sirach,23,10,"ὥσπερ γὰρ οἰκέτης ἐξεταζόμενος ἐνδελεχῶς ἀπὸ μώλωπος οὐκ ἐλαττωθήσεται, οὕτως καὶ ὁ ὀμνύων καὶ ὀνομάζων διαπαντὸς ἀπὸ ἁμαρτίας οὐ μὴ καθαρισθῇ.",,,,
Sirach 23:11,SIR,Sirach,23,11,"ἀνὴρ πολύορκος πλησθήσεται ἀνομίας, καὶ οὐκ ἀποστήσεται ἀπὸ τοῦ οἴκου αὐτοῦ μάστιξ· ἐὰν πλημμελήσῃ, ἁμαρτία αὐτοῦ ἐπ᾿ αὐτῷ, κἂν ὑπερίδῃ, ἥμαρτε δισσῶς· καὶ εἰ διακενῆς ὤμοσεν, οὐ δικαιωθήσεται, πλησθήσεται γὰρ ἐπαγωγῶν ὁ οἶκος αὐτοῦ.",,,,
Sirach 23:12,SIR,Sirach,23,12,"Ἔστι λέξις ἀντιπεριβεβλημένη θανάτῳ, μὴ εὑρεθήτω ἐν κληρονομίᾳ Ἰακώβ· ἀπὸ γὰρ εὐσεβῶν ταῦτα πάντα ἀποστήσεται, καὶ ἐν ἁμαρτίαις οὐκ ἐγκυλισθήσονται.",,,,
Sirach 23:13,SIR,Sirach,23,13,"ἀπαιδευσίαν ἀσυρῆ μὴ συνεθίσῃς τὸ στόμα σου, ἔστι γὰρ ἐν αὐτῇ λόγος ἁμαρτίας.",,,,
Sirach 23:14,SIR,Sirach,23,14,"μνήσθητι πατρὸς καὶ μητρός σου, ἀνὰ μέσον γὰρ μεγιστάνων συνεδρεύεις· μήποτ᾿ ἐπιλάθῃ ἐνώπιον αὐτῶν καὶ τῷ ἐθισμῷ σου μωρανθῇς καὶ θελήσεις εἰ μὴ ἐγεννήθης καὶ τὴν ἡμέραν τοῦ τοκετοῦ σου καταράσῃ.",,,,
Sirach 23:15,SIR,Sirach,23,15,ἄνθρωπος συνεθιζόμενος λόγοις ὀνειδισμοῦ ἐν πάσαις ταῖς ἡμέραις αὐτοῦ οὐ μὴ παιδευθῇ.,,,,
Sirach 23:16,SIR,Sirach,23,16,"Δύο εἴδη πληθύνουσιν ἁμαρτίας, καὶ τὸ τρίτον ἐπάξει ὀργήν·",,,,
Sirach 23:17,SIR,Sirach,23,17,"ψυχὴ θερμὴ ὡς πῦρ καιόμενον, οὐ μὴ σβεσθῇ ἕως ἂν καταποθῇ· ἄνθρωπος πόρνος ἐν σώματι σαρκὸς αὐτοῦ, οὐ μὴ παύσηται ἕως ἂν ἐκκαύσῃ πῦρ· ἀνθρώπω πόρνῳ πᾶς ἄρτος ἡδύς, οὐ μὴ κοπάσῃ ἕως ἂν τελευτήσῃ.",,,,
Sirach 23:18,SIR,Sirach,23,18,"ἄνθρωπος παραβαίνων ἀπὸ τῆς κλίνης αὐτοῦ, λέγων ἐν τῇ ψυχῇ αὐτοῦ· τίς με ὁρᾷ; σκότος κύκλῳ μου, καὶ οἱ τοῖχοί με καλύπτουσι, καὶ οὐθείς με ὁρᾷ· τί εὐλαβοῦμαι; τῶν ἁμαρτιῶν μου οὐ μὴ μνησθήσεται ὁ Ὓψιστος.",,,,
Sirach 23:19,SIR,Sirach,23,19,"καὶ ὀφθαλμοὶ ἀνθρώπων ὁ φόβος αὐτοῦ, καὶ οὐκ ἔγνω ὅτι ὀφθαλμοὶ Κυρίου μυριοπλασίως ἡλίου φωτεινότεροι, ἐπιβλέποντες πάσας ὁδοὺς ἀνθρώπων καὶ κατανοοῦντες εἰς ἀπόκρυφα μέρη.",,,,
Sirach 23:20,SIR,Sirach,23,20,"πρὶν ἢ κτισθῆναι τὰ πάντα, ἔγνωσται αὐτῷ, οὕτως καὶ μετὰ τὸ συντελεσθῆναι.",,,,
Sirach 23:21,SIR,Sirach,23,21,"οὗτος ἐν πλατείαις πόλεως ἐκδικηθήσεται, καὶ οὗ οὐχ ὑπενόησεν πιασθήσεται.",,,,
Sirach 23:22,SIR,Sirach,23,22,Οὕτως καὶ γυνὴ καταλιποῦσα τὸν ἄνδρα καὶ παριστῶσα κληρονόμον ἐξ ἀλλοτρίου·,,,,
Sirach 23:23,SIR,Sirach,23,23,"πρῶτον μὲν γὰρ ἐν νόμῳ Ὑψίστου ἠπείθησε, καὶ δεύτερον εἰς ἄνδρα ἑαυτῆς ἐπλημμέλησε, καὶ τὸ τρίτον ἐν πορνείᾳ ἐμοιχεύθη, ἐξ ἀλλοτρίου ἀνδρὸς τέκνα παρέστησεν.",,,,
Sirach 23:24,SIR,Sirach,23,24,"αὕτη εἰς ἐκκλησίαν ἐξαχθήσεται, καὶ ἐπὶ τὰ τέκνα αὐτῆς ἐπισκοπὴ ἔσται.",,,,
Sirach 23:25,SIR,Sirach,23,25,"οὐ διαδώσουσι τὰ τέκνα αὐτῆς εἰς ρίζαν, καὶ οἱ κλάδοι αὐτῆς οὐ δώσουσι καρπόν.",,,,
Sirach 23:26,SIR,Sirach,23,26,"καταλείψει εἰς κατάραν τὸ μνημόσυνον αὐτῆς, καὶ τὸ ὄνειδος αὐτῆς οὐκ ἐξαλειφθήσεται.",,,,
Sirach 23:27,SIR,Sirach,23,27,καὶ ἐπιγνώσονται οἱ καταλειφθέντες ὅτι οὐθὲν κρεῖττον φόβου Κυρίου καὶ οὐθὲν γλυκύτερον τοῦ προσέχειν ἐντολαῖς Κυρίου.,,,,
Sirach 24:1,SIR,Sirach,24,1,ΑΙΝΕΣΙΣ ΣΟΦΙΑΣ. Ἡ σοφία αἰνέσει ψυχὴν αὐτῆς καὶ ἐν μέσῳ λαοῦ αὐτῆς καυχήσεται.,,,,
Sirach 24:2,SIR,Sirach,24,2,ἐν ἐκκλησίᾳ Ὑψίστου στόμα αὐτῆς ἀνοίξει καὶ ἔναντι δυνάμεως αὐτοῦ καυχήσεται·,,,,
Sirach 24:3,SIR,Sirach,24,3,"ἐγὼ ἀπὸ στόματος Ὑψίστου ἐξῆλθον, καὶ ὡς ὁμίχλη κατεκάλυψα γῆν·",,,,
Sirach 24:4,SIR,Sirach,24,4,"ἐγὼ ἐν ὑψηλοῖς κατεσκήνωσα, καὶ ὁ θρόνος μου ἐν στύλῳ νεφέλης·",,,,
Sirach 24:5,SIR,Sirach,24,5,γῦρον οὐρανοῦ ἐκύκλωσα μόνη καὶ ἐν βάθει ἀβύσσων περιεπάτησα·,,,,
Sirach 24:6,SIR,Sirach,24,6,ἐν κύμασι θαλάσσης καὶ ἐν πάσῃ τῇ γῇ καὶ ἐν παντὶ λαῷ καὶ ἔθνει ἐκτησάμην.,,,,
Sirach 24:7,SIR,Sirach,24,7,μετὰ τούτων πάντων ἀνάπαυσιν ἐζήτησα καὶ ἐν κληρονομίᾳ τίνος αὐλισθήσομαι.,,,,
Sirach 24:8,SIR,Sirach,24,8,"τότε ἐνετείλατό μοι ὁ κτίστης ἁπάντων, καὶ ὁ κτίσας με κατέπαυσε τὴν σκηνήν μου καὶ εἶπεν· ἐν Ἰακὼβ κατασκήνωσον καὶ ἐν Ἰσραὴλ κατακληρονομήθητι.",,,,
Sirach 24:9,SIR,Sirach,24,9,"πρὸ τοῦ αἰῶνος ἀπ᾿ ἀρχῆς ἔκτισέ με, καὶ ἕως αἰῶνος οὐ μὴ ἐκλίπω.",,,,
Sirach 24:10,SIR,Sirach,24,10,ἐν σκηνῇ ἁγίᾳ ἐνώπιον αὐτοῦ ἐλειτούργησα καὶ οὕτως ἐν Σιὼν ἐστηρίχθην·,,,,
Sirach 24:11,SIR,Sirach,24,11,"ἐν πόλει ἠγαπημένῃ ὁμοίως με κατέπαυσε, καὶ ἐν Ἱερουσαλὴμ ἡ ἐξουσία μου·",,,,
Sirach 24:12,SIR,Sirach,24,12,"καὶ ἐρρίζωσα ἐν λαῷ δεδοξασμένῳ, ἐν μερίδι Κυρίου κληρονομίας αὐτοῦ.",,,,
Sirach 24:13,SIR,Sirach,24,13,ὡς κέδρος ἀνυψώθην ἐν τῷ Λιβάνῳ καὶ ὡς κυπάρισσος ἐν ὄρεσιν Ἀερμών·,,,,
Sirach 24:14,SIR,Sirach,24,14,"ὡς φοῖνιξ ἀνυψώθην ἐν αἰγιαλοῖς καὶ ὡς φυτὰ ρόδου ἐν Ἱεριχώ, ὡς ἐλαία εὐπρεπὴς ἐν πεδίῳ, καὶ ἀνυψώθην ὡς πλάτανος.",,,,
Sirach 24:15,SIR,Sirach,24,15,"ὡς κιννάμωμον καὶ ἀσπάλαθος ἀρωμάτων δέδωκα ὀσμὴν καὶ ὡς σμύρνα ἐκλεκτὴ διέδωκα εὐωδίαν, ὡς χαλβάνη καὶ ὄνυξ καὶ στακτὴ καὶ ὡς λιβάνου ἀτμὶς ἐν σκηνῇ.",,,,
Sirach 24:16,SIR,Sirach,24,16,"ἐγὼ ὡς τερέμινθος ἐξέτεινα κλάδους μου, καὶ οἱ κλάδοι μου κλάδοι δόξης καὶ χάριτος.",,,,
Sirach 24:17,SIR,Sirach,24,17,"ἐγὼ ὡς ἄμπελος βλαστήσασα χάριν, καὶ τὰ ἄνθη μου καρπὸς δόξης καὶ πλούτου. [18 ἐγὼ μήτηρ τῆς ἀγαπήσεως τῆς καλῆς, καὶ φόβου καὶ γνώσεως καὶ τῆς ὁσίας ἐλπίδος, δίδομαι οὖν πᾶσι τοῖς τέκνοις μου, ἀειγενὴς τοῖς λεγομένοις ὑπ' αὐτοῦ].",,,,
Sirach 24:19,SIR,Sirach,24,19,"προσέλθετε πρός με οἱ ἐπιθυμοῦντές μου, καὶ ἀπὸ τῶν γεννημάτων μου ἐμπλήσθητε·",,,,
Sirach 24:20,SIR,Sirach,24,20,"τὸ γὰρ μνημόσυνόν μου ὑπὲρ τὸ μέλι γλυκύ, καὶ ἡ κληρονομία μου ὑπὲρ μέλιτος κηρίον.",,,,
Sirach 24:21,SIR,Sirach,24,21,"οἱ ἐσθίοντές με ἔτι πεινάσουσι, καὶ οἱ πίνοντές με ἔτι διψήσουσιν.",,,,
Sirach 24:22,SIR,Sirach,24,22,"ὁ ὑπακούων μου οὐκ αἰσχυνθήσεται, καὶ οἱ ἐργαζόμενοι ἐν ἐμοὶ οὐχ ἁμαρτήσουσι.",,,,
Sirach 24:23,SIR,Sirach,24,23,"ταῦτα πάντα βίβλος διαθήκης Θεοῦ Ὑψίστου, νόμον ὃν ἐνετείλατο ἡμῖν Μωυσῆς κληρονομίαν συναγωγαῖς Ἰακώβ. [24 μὴ ἐκλύεσθε ἰσχὺν ἐν Κυρίῳ, κολλᾶσθε δὲ πρὸς αὐτόν, ἵνα κραταιώσῃ ὑμᾶς, Κύριος παντοκράτωρ Θεὸς μόνος ἐστί, καὶ οὐκ ἔστιν ἔτι πλὴν αὐτοῦ σωτήρ].",,,,
Sirach 24:25,SIR,Sirach,24,25,"ὁ πιμπλῶν ὡς Φεισὼν σοφίαν καὶ ὡς Τίγρις ἐν ἡμέραις νέων,",,,,
Sirach 24:26,SIR,Sirach,24,26,"ὁ ἀναπληρῶν ὡς Εὐφράτης σύνεσιν καὶ ὡς Ἰορδάνης ἐν ἡμέραις θερισμοῦ,",,,,
Sirach 24:27,SIR,Sirach,24,27,"ὁ ἐκφαίνων ὡς φῶς παιδείαν, ὡς Γηὼν ἐν ἡμέραις τρυγητοῦ.",,,,
Sirach 24:28,SIR,Sirach,24,28,"οὐ συνετέλεσεν ὁ πρῶτος γνῶναι αὐτήν, καὶ οὕτως ὁ ἔσχατος οὐκ ἐξιχνίασεν αὐτήν·",,,,
Sirach 24:29,SIR,Sirach,24,29,ἀπὸ γὰρ θαλάσσης ἐπληθύνθη διανόημα αὐτῆς καὶ ἡ βουλὴ αὐτῆς ἀπὸ ἀβύσσου μεγάλης.,,,,
Sirach 24:30,SIR,Sirach,24,30,κἀγὼ ὡς διῶρυξ ἀπὸ ποταμοῦ καὶ ὡς ὑδραγωγὸς ἐξῆλθον εἰς παράδεισον·,,,,
Sirach 24:31,SIR,Sirach,24,31,"εἶπα· ποτιῶ μου τὸν κῆπον καὶ μεθύσω μου τὴν πρασιάν· καὶ ἰδοὺ ἐγένετό μοι ἡ διῶρυξ εἰς ποταμόν, καὶ ὁ ποταμός μου ἐγένετο εἰς θάλασσαν.",,,,
Sirach 24:32,SIR,Sirach,24,32,ἔτι παιδείαν ὡς ὄρθρον φωτιῶ καὶ ἐκφανῶ αὐτὰ ἕως εἰς μακράν·,,,,
Sirach 24:33,SIR,Sirach,24,33,ἔτι διδασκαλίαν ὡς προφητείαν ἐκχεῶ καὶ καταλείψω αὐτὴν εἰς γενεὰς αἰώνων.,,,,
Sirach 24:34,SIR,Sirach,24,34,"ἴδετε ὅτι οὐκ ἐμοὶ μόνῳ ἐκοπίασα, ἀλλὰ πᾶσι τοῖς ἐκζητοῦσιν αὐτήν.",,,,
Sirach 25:1,SIR,Sirach,25,1,"ΕΝ τρισὶν ὡραΐσθην καὶ ἀνέστην ὡραία ἔναντι Κυρίου καὶ ἀνθρώπων· ὁμόνοια ἀδελφῶν, καὶ φιλία τῶν πλησίον, καὶ γυνὴ καὶ ἀνὴρ ἑαυτοῖς συμπεριφερόμενοι.",,,,
Sirach 25:2,SIR,Sirach,25,2,"τρία δὲ εἴδη ἐμίσησεν ἡ ψυχή μου καὶ προσώχθισα σφόδρα τῇ ζωῇ αὐτῶν· πτωχὸν ὑπερήφανον, καὶ πλούσιον ψεύστην, γέροντα μοιχὸν ἐλαττούμενον συνέσει.",,,,
Sirach 25:3,SIR,Sirach,25,3,"Ἐν νεότητι οὐ συναγήοχας, καὶ πῶς ἂν εὕροις ἐν τῷ γήρᾳ σου;",,,,
Sirach 25:4,SIR,Sirach,25,4,ὡς ὡραῖον πολιαῖς κρίσις καὶ πρεσβυτέροις ἐπιγνῶναι βουλήν.,,,,
Sirach 25:5,SIR,Sirach,25,5,ὡς ὡραία γερόντων σοφία καὶ δεδοξασμένοις διανόημα καὶ βουλή.,,,,
Sirach 25:6,SIR,Sirach,25,6,"στέφανος γερόντων πολυπειρία, καὶ τὸ καύχημα αὐτῶν φόβος Κυρίου.",,,,
Sirach 25:7,SIR,Sirach,25,7,"Ἐννέα ὑπονοήματα ἐμακάρισα ἐν καρδίᾳ καὶ τὸ δέκατον ἐρῶ ἐπὶ γλώσσης· ἄνθρωπος εὐφραινόμενος ἐπὶ τέκνοις, ζῶν καὶ βλέπων ἐπὶ πτώσει ἐχθρῶν·",,,,
Sirach 25:8,SIR,Sirach,25,8,"μακάριος ὁ συνοικῶν γυναικὶ συνετῇ, καὶ ὃς ἐν γλώσσῃ οὐκ ὠλίσθησε, καὶ ὃς οὐκ ἐδούλευσεν ἀναξίῳ αὐτοῦ·",,,,
Sirach 25:9,SIR,Sirach,25,9,"μακάριος ὃς εὗρε φρόνησιν, καὶ ὁ διηγούμενος εἰς ὦτα ἀκουόντων·",,,,
Sirach 25:10,SIR,Sirach,25,10,ὡς μέγας ὁ εὑρὼν σοφίαν· ἀλλ᾿ οὐκ ἔστιν ὑπὲρ τὸν φοβούμενον τὸν Κύριον·,,,,
Sirach 25:11,SIR,Sirach,25,11,"φόβος Κυρίου ὑπὲρ πᾶν ὑπερέβαλεν, ὁ κρατῶν αὐτοῦ τίνι ὁμοιωθήσεται; [12 φόβος Κυρίου ἀρχὴ ἀγαπήσεως αὐτοῦ, πίστις δὲ ἀρχὴ κολλήσεως αὐτοῦ].",,,,
Sirach 25:13,SIR,Sirach,25,13,"Πᾶσαν πληγὴν καὶ μὴ πληγὴν καρδίας, καὶ πᾶσαν πονηρίαν καὶ μὴ πονηρίαν γυναικός·",,,,
Sirach 25:14,SIR,Sirach,25,14,"πᾶσαν ἐπαγωγὴν καὶ μὴ ἐπαγωγὴν μισούντων, καὶ πᾶσαν ἐκδίκησιν καὶ μὴ ἐκδίκησιν ἐχθρῶν.",,,,
Sirach 25:15,SIR,Sirach,25,15,"οὐκ ἔστι κεφαλὴ ὑπὲρ κεφαλὴν ὄφεως, καὶ οὐκ ἔστι θυμὸς ὑπὲρ θυμὸν ἐχθροῦ.",,,,
Sirach 25:16,SIR,Sirach,25,16,συνοικῆσαι λέοντι καὶ δράκοντι εὐδοκήσω ἢ ἐνοικῆσαι μετὰ γυναικὸς πονηρᾶς.,,,,
Sirach 25:17,SIR,Sirach,25,17,πονηρία γυναικὸς ἀλλοιοῖ τὴν ὅρασιν αὐτῆς καὶ σκοτοῖ τὸ πρόσωπον αὐτῆς ὡς ἄρκος.,,,,
Sirach 25:18,SIR,Sirach,25,18,"ἀνὰ μέσον τοῦ πλησίον αὐτοῦ ἀναπεσεῖται ὁ ἀνὴρ αὐτῆς, καὶ ἀκούσας ἀνεστέναξε πικρά.",,,,
Sirach 25:19,SIR,Sirach,25,19,"μικρὰ πᾶσα κακία πρὸς κακίαν γυναικός, κλῆρος ἁμαρτωλοῦ ἐπιπέσοι αὐτῇ.",,,,
Sirach 25:20,SIR,Sirach,25,20,"ἀνάβασις ἀμμώδης ἐν ποσὶ πρεσβυτέρου, οὕτως γυνὴ γλωσσώδης ἀνδρὶ ἡσύχῳ.",,,,
Sirach 25:21,SIR,Sirach,25,21,μὴ προσπέσῃς ἐπὶ κάλλος γυναικὸς καὶ γυναῖκα μὴ ἐπιποθήσῃς.,,,,
Sirach 25:22,SIR,Sirach,25,22,ὀργὴ καὶ ἀναίδεια καὶ αἰσχύνη μεγάλη γυνὴ ἐὰν ἐπιχορηγῇ τῷ ἀνδρὶ αὐτῆς.,,,,
Sirach 25:23,SIR,Sirach,25,23,καρδία ταπεινὴ καὶ πρόσωπον σκυθρωπὸν καὶ πληγὴ καρδίας γυνὴ πονηρά· χεῖρες παρειμέναι καὶ γόνατα παραλελυμένα ἥτις οὐ μακαριεῖ τὸν ἄνδρα αὐτῆς.,,,,
Sirach 25:24,SIR,Sirach,25,24,"ἀπὸ γυναικὸς ἀρχὴ ἁμαρτίας, καὶ δι᾿ αὐτὴν ἀποθνήσκομεν πάντες.",,,,
Sirach 25:25,SIR,Sirach,25,25,μὴ δῷς ὕδατι διέξοδον μηδὲ γυναικὶ πονηρᾷ ἐξουσίαν.,,,,
Sirach 25:26,SIR,Sirach,25,26,"εἰ μὴ πορεύεται κατὰ χεῖρά σου, ἀπὸ τῶν σαρκῶν σου ἀπότεμε αὐτήν.",,,,
Sirach 26:1,SIR,Sirach,26,1,"ΓΥΝΑΙΚΟΣ ἀγαθῆς μακάριος ὁ ἀνήρ, καὶ ἀριθμὸς τῶν ἡμερῶν αὐτοῦ διπλάσιος.",,,,
Sirach 26:2,SIR,Sirach,26,2,"γυνὴ ἀνδρεία εὐφραίνει τὸν ἄνδρα αὐτῆς, καὶ τὰ ἔτη αὐτοῦ πληρώσει ἐν εἰρήνῃ.",,,,
Sirach 26:3,SIR,Sirach,26,3,"γυνὴ ἀγαθὴ μερὶς ἀγαθή, ἐν μερίδι φοβουμένων Κύριον δοθήσεται.",,,,
Sirach 26:4,SIR,Sirach,26,4,"πλουσίου δὲ καὶ πτωχοῦ καρδία ἀγαθή, ἐν παντὶ καιρῷ πρόσωπον ἱλαρόν.",,,,
Sirach 26:5,SIR,Sirach,26,5,"ἀπὸ τριῶν εὐλαβήθη ἡ καρδία μου, καὶ ἐπὶ τῷ τετάρτῳ προσώπῳ ἐδεήθην· διαβολὴν πόλεως, καὶ ἐκκλησίαν ὄχλου, καὶ καταψευσμόν, ὑπὲρ θάνατον πάντα μοχθηρά.",,,,
Sirach 26:6,SIR,Sirach,26,6,ἄλγος καρδίας καὶ πένθος γυνὴ ἀντίζηλος ἐπὶ γυναικὶ καὶ μάστιξ γλώσσης πᾶσιν ἐπικοινωνοῦσα.,,,,
Sirach 26:7,SIR,Sirach,26,7,"βοοζύγιον σαλευόμενον γυνὴ πονηρά, ὁ κρατῶν αὐτῆς ὡς ὁ δρασσόμενος σκορπίου.",,,,
Sirach 26:8,SIR,Sirach,26,8,ὀργὴ μεγάλη γυνὴ μέθυσος καὶ ἀσχημοσύνην αὐτῆς οὐ συγκαλύψει.,,,,
Sirach 26:9,SIR,Sirach,26,9,πορνεία γυναικὸς ἐν μετεωρισμοῖς ὀφθαλμῶν καὶ ἐν τοῖς βλεφάροις αὐτῆς γνωσθήσεται.,,,,
Sirach 26:10,SIR,Sirach,26,10,"ἐπὶ θυγατρὶ ἀδιατρέπτῳ στερέωσον φυλακήν, ἵνα μὴ εὑροῦσα ἄνεσιν ἑαυτῇ χρήσηται.",,,,
Sirach 26:11,SIR,Sirach,26,11,"ὀπίσω ἀναιδοῦς ὀφθαλμοῦ φύλαξαι, καὶ μὴ θαυμάσῃς ἐὰν εἰς σὲ πλημμελήσῃ·",,,,
Sirach 26:12,SIR,Sirach,26,12,"ὡς διψῶν ὁδοιπόρος τὸ στόμα ἀνοίξει, καὶ ἀπὸ παντὸς ὕδατος τοῦ σύνεγγυς πίεται, κατέναντι παντὸς πασσάλου καθήσεται καὶ ἔναντι βέλους ἀνοίξει φαρέτραν.",,,,
Sirach 26:13,SIR,Sirach,26,13,"χάρις γυναικὸς τέρψει τὸν ἄνδρα αὐτῆς, καὶ τὰ ὀστᾶ αὐτοῦ πιανεῖ ἡ ἐπιστήμη αὐτῆς.",,,,
Sirach 26:14,SIR,Sirach,26,14,"δόσις Κυρίου γυνὴ σιγηρά, καὶ οὐκ ἔστιν ἀντάλλαγμα πεπαιδευμένης ψυχῆς.",,,,
Sirach 26:15,SIR,Sirach,26,15,"χάρις ἐπὶ χάριτι γυνὴ αἰσχυντηρά, καὶ οὐκ ἔστι σταθμὸς πᾶς ἄξιος ἐγκρατοῦς ψυχῆς.",,,,
Sirach 26:16,SIR,Sirach,26,16,ἥλιος ἀνατέλλων ἐν ὑψίστοις Κυρίου καὶ κάλλος ἀγαθῆς γυναικὸς ἐν κόσμῳ οἰκίας αὐτῆς.,,,,
Sirach 26:17,SIR,Sirach,26,17,λύχνος ἐκλάμπων ἐπὶ λυχνίας ἁγίας καὶ κάλλος προσώπου ἐπὶ ἡλικίᾳ στασίμῃ.,,,,
Sirach 26:18,SIR,Sirach,26,18,"στύλοι χρύσεοι ἐπὶ βάσεως ἀργυρᾶς καὶ πόδες ὡραῖοι ἐπὶ στέρνοις εὐσταθοῦς. [19 Τέκνον, ἀκμὴν ἡλικίας σου συντήρησον ὑγιῆ, καὶ μὴ δῷς ἀλλοτρίοις τὴν ἰσχύν σου.",,,,
Sirach 26:20,SIR,Sirach,26,20,ἀναζητήσας παντὸς πεδίου εὔγειον κλῆρον σπεῖρε τὰ ἴδια σπέρματα πεποιθὼς τῇ εὐγενείᾳ σου·,,,,
Sirach 26:21,SIR,Sirach,26,21,οὕτως τὰ γενήματά σου περιόντα καὶ παρρησίαν εὐγενείας ἔχοντα μεγαλυνοῦσι.,,,,
Sirach 26:22,SIR,Sirach,26,22,"γυνὴ μισθία ἴση σιάλῳ λογισθήσεται, ὕπανδρος δὲ πύργος θανάτου τοῖς χρωμένοις λογισθήσεται.",,,,
Sirach 26:23,SIR,Sirach,26,23,"γυνὴ ἀσεβὴς ἀνόμῳ μερὶς δοθήσεται, εὐσεβὴς δὲ δίδοται τῷ φοβουμένῳ τὸν Κύριον.",,,,
Sirach 26:24,SIR,Sirach,26,24,"γυνὴ ἀσχήμων ἀτιμίαν κατατρίψει, θυγάτηρ δὲ εὐσχήμων καὶ τὸν ἄνδρα ἐντραπήσεται.",,,,
Sirach 26:25,SIR,Sirach,26,25,"γυνὴ ἀδιάτρεπτος ὡς κύων λογισθήσεται, ἡ δὲ ἔχουσα αἰσχύνην τὸν Κύριον φοβηθήσεται.",,,,
Sirach 26:26,SIR,Sirach,26,26,"γυνὴ ἄνδρα ἴδιον τιμῶσα σοφὴ πᾶσι φανήσεται, ἀτιμάζουσα δὲ ἐν ὑπερηφανίᾳ ἀσεβὴς πᾶσι γνωσθήσεται. γυναικὸς ἀγαθῆς μακάριος ὁ ἀνήρ, ὁ γὰρ ἀριθμὸς τῶν ἐτῶν αὐτοῦ διπλάσιος ἔσται.",,,,
Sirach 26:27,SIR,Sirach,26,27,"γυνὴ μεγαλόφωνος καὶ γλωσσώδης ὡς σάλπιγξ πολέμων εἰς τροπὴν θεωρηθήσεται, ἀνθρώπου δὲ παντὸς ψυχὴ ὁμοιότροπος τούτοις, πολέμου ἀκαταστασίαις τὴν ψυχὴν διαιτηθήσεται].",,,,
Sirach 26:28,SIR,Sirach,26,28,"Ἐπὶ δυσὶ λελύπηται ἡ καρδία μου, καὶ ἐπὶ τῷ τρίτῳ θυμός μοι ἐπῆλθεν· ἀνὴρ πολεμιστὴς ὑστερῶν δι᾿ ἔνδειαν, καὶ ἄνδρες συνετοὶ ἐὰν σκυβαλισθῶσιν, ἐπανάγων ἀπὸ δικαιοσύνης ἐπὶ ἁμαρτίαν· ὁ Κύριος ἑτοιμάσει εἰς ρομφαίαν αὐτόν.",,,,
Sirach 26:29,SIR,Sirach,26,29,"Μόλις ἐξελεῖται ἔμπορος ἀπὸ πλημμελείας, καὶ οὐ δικαιωθήσεται κάπηλος ἀπὸ ἁμαρτίας.",,,,
Sirach 27:1,SIR,Sirach,27,1,"ΧΑΡΙΝ διαφόρου πολλοὶ ἥμαρτον, καὶ ὁ ζητῶν πληθῦναι ἀποστρέψει ὀφθαλμόν.",,,,
Sirach 27:2,SIR,Sirach,27,2,"ἀναμέσον ἁρμῶν λίθων παγήσεται πάσσαλος, καὶ ἀναμέσον πράσεως καὶ ἀγορασμοῦ συντριβήσεται ἁμαρτία.",,,,
Sirach 27:3,SIR,Sirach,27,3,"ἐὰν μὴ ἐν φόβῳ Κυρίου κρατήσῃ κατὰ σπουδήν, ἐν τάχει καταστραφήσεται αὐτοῦ ὁ οἶκος.",,,,
Sirach 27:4,SIR,Sirach,27,4,"Ἐν σείσματι κοσκίνου διαμένει κοπρία, οὕτως σκύβαλα ἀνθρώπου ἐν λογισμῷ αὐτοῦ.",,,,
Sirach 27:5,SIR,Sirach,27,5,"σκεύη κεραμέως δοκιμάζει κάμινος, καὶ πειρασμὸς ἀνθρώπου ἐν διαλογισμῷ αὐτοῦ.",,,,
Sirach 27:6,SIR,Sirach,27,6,"γεώργιον ξύλου ἐκφαίνει ὁ καρπὸς αὐτοῦ, οὕτως λόγος ἐνθυμήματος καρδίας ἀνθρώπου.",,,,
Sirach 27:7,SIR,Sirach,27,7,"πρὸ λογισμοῦ μὴ ἐπαινέσῃς ἄνδρα, οὗτος γὰρ πειρασμὸς ἀνθρώπων.",,,,
Sirach 27:8,SIR,Sirach,27,8,"Ἐὰν διώκῃς τὸ δίκαιον, καταλήψῃ καὶ ἐνδύσῃ αὐτὸ ὡς ποδήρη δόξης.",,,,
Sirach 27:9,SIR,Sirach,27,9,"πετεινὰ πρὸς τὰ ὅμοια αὐτοῖς καταλύσει, καὶ ἀλήθεια πρὸς τοὺς ἐργαζομένους αὐτὴν ἐπανήξει.",,,,
Sirach 27:10,SIR,Sirach,27,10,"λέων θήραν ἐνεδρεύει, οὕτως ἁμαρτίαι ἐργαζομένους ἄδικα.",,,,
Sirach 27:11,SIR,Sirach,27,11,"διήγησις εὐσεβοῦς διαπαντὸς σοφία, ὁ δὲ ἄφρων ὡς σελήνη ἀλλοιοῦται.",,,,
Sirach 27:12,SIR,Sirach,27,12,"εἰς μέσον ἀσυνέτων συντήρησον καιρόν, εἰς μέσον δὲ διανοουμένων ἐνδελέχιζε.",,,,
Sirach 27:13,SIR,Sirach,27,13,"διήγησις μωρῶν προσόχθισμα, καὶ ὁ γέλως αὐτῶν ἐν σπατάλῃ ἁμαρτίας.",,,,
Sirach 27:14,SIR,Sirach,27,14,"λαλιὰ πολυόρκου ὀρθώσει τρίχας, καὶ ἡ μάχη αὐτῶν ἐμφραγμὸς ὠτίων.",,,,
Sirach 27:15,SIR,Sirach,27,15,"ἔκχυσις αἵματος μάχη ὑπερηφάνων, καὶ ἡ διαλοιδόρησις αὐτῶν ἀκοὴ μοχθηρά.",,,,
Sirach 27:16,SIR,Sirach,27,16,"Ὁ ἀποκαλύπτων μυστήρια ἀπώλεσε πίστιν, καὶ οὐ μὴ εὕρῃ φίλον πρὸς τὴν ψυχὴν αὐτοῦ.",,,,
Sirach 27:17,SIR,Sirach,27,17,"στέρξον φίλον καὶ πιστώθητι μετ᾿ αὐτοῦ· ἐὰν δὲ ἀποκαλύψῃς τὰ μυστήρια αὐτοῦ, οὐ μὴ καταδιώξῃς ὀπίσω αὐτοῦ.",,,,
Sirach 27:18,SIR,Sirach,27,18,"καθὼς γὰρ ἀπώλεσεν ἄνθρωπος τὸν ἐχθρὸν αὐτοῦ, οὕτως ἀπώλεσας τὴν φιλίαν τοῦ πλησίον·",,,,
Sirach 27:19,SIR,Sirach,27,19,"καὶ ὡς πετεινὸν ἐκ χειρός σου ἀπέλυσας, οὕτως ἀφῆκας τὸν πλησίον καὶ οὐ θηρεύσεις αὐτόν.",,,,
Sirach 27:20,SIR,Sirach,27,20,"μὴ αὐτὸν διώξῃς, ὅτι μακρὰν ἀπέστη καὶ ἐξέφυγεν ὡς δορκὰς ἐκ παγίδος.",,,,
Sirach 27:21,SIR,Sirach,27,21,"ὅτι τραῦμά ἐστι καταδῆσαι καὶ λοιδορίας ἐστὶ διαλλαγή, ὁ δὲ ἀποκαλύψας μυστήρια ἀπήλπισεν.",,,,
Sirach 27:22,SIR,Sirach,27,22,"Διανεύων ὀφθαλμῷ τεκταίνει κακά, καὶ οὐδεὶς αὐτὸν ἀποστήσει ἀπ᾿ αὐτοῦ·",,,,
Sirach 27:23,SIR,Sirach,27,23,"ἀπέναντι τῶν ὀφθαλμῶν σου γλυκανεῖ στόμα σου, καὶ ἐπὶ τῶν λόγων σου ἐκθαυμάσει, ὕστερον δὲ διαστρέψει τὸ στόμα αὐτοῦ καὶ ἐν τοῖς λόγοις σου δώσει σκάνδαλον.",,,,
Sirach 27:24,SIR,Sirach,27,24,"πολλὰ ἐμίσησα καὶ οὐχ ὡμοίωσα αὐτῷ, καὶ ὁ Κύριος μισήσει αὐτόν.",,,,
Sirach 27:25,SIR,Sirach,27,25,"ὁ βάλλων λίθον εἰς ὕψος ἐπὶ κεφαλὴν αὐτοῦ βάλλει, καὶ πληγὴ δολία διελεῖ τραύματα.",,,,
Sirach 27:26,SIR,Sirach,27,26,"ὁ ὀρύσσων βόθρον εἰς αὐτὸν ἐμπεσεῖται, καὶ ὁ ἱστῶν παγίδα ἐν αὐτῇ ἁλώσεται.",,,,
Sirach 27:27,SIR,Sirach,27,27,"ὁ ποιῶν πονηρὰ εἰς αὐτὸν κυλισθήσεται, καὶ οὐ μὴ ἐπιγνῷ πόθεν ἥκει αὐτῷ.",,,,
Sirach 27:28,SIR,Sirach,27,28,"ἐμπαιγμὸς καὶ ὀνειδισμὸς ὑπερηφάνων, καὶ ἡ ἐκδίκησις ὡς λέων ἐνεδρεύσει αὐτόν.",,,,
Sirach 27:29,SIR,Sirach,27,29,"παγίδι ἁλώσονται οἱ εὐφραινόμενοι πτώσει εὐσεβῶν, καὶ ὀδύνη καταναλώσει αὐτοὺς πρὸ τοῦ θανάτου αὐτῶν.",,,,
Sirach 27:30,SIR,Sirach,27,30,Μῆνις καὶ ὀργὴ καὶ ταῦτά ἐστι βδελύγματα καὶ ἀνὴρ ἁμαρτωλὸς ἐγκρατὴς ἔσται αὐτῶν.,,,,
Sirach 28:1,SIR,Sirach,28,1,"Ο ΕΚΔΙΚΩΝ παρὰ Κυρίου εὑρήσει ἐκδίκησιν, καὶ τὰς ἁμαρτίας αὐτοῦ διατηρῶν διατηρήσει.",,,,
Sirach 28:2,SIR,Sirach,28,2,"ἄφες ἀδίκημα τῷ πλησίον σου, καὶ τότε δεηθέντος σου αἱ ἁμαρτίαι σου λυθήσονται.",,,,
Sirach 28:3,SIR,Sirach,28,3,"ἄνθρωπος ἀνθρώπῳ συντηρεῖ ὀργήν, καὶ παρὰ Κυρίου ζητεῖ ἴασιν;",,,,
Sirach 28:4,SIR,Sirach,28,4,"ἐπ᾿ ἄνθρωπον ὅμοιον αὐτῷ οὐκ ἔχει ἔλεος, καὶ περὶ τῶν ἁμαρτιῶν αὐτοῦ δεῖται;",,,,
Sirach 28:5,SIR,Sirach,28,5,"αὐτὸς σὰρξ ὢν διατηρεῖ μῆνιν, τίς ἐξιλάσεται τὰς ἁμαρτίας αὐτοῦ;",,,,
Sirach 28:6,SIR,Sirach,28,6,"μνήσθητι τὰ ἔσχατα καὶ παῦσαι ἐχθραίνων, καταφθορὰν καὶ θάνατον, καὶ ἔμμενε ἐντολαῖς.",,,,
Sirach 28:7,SIR,Sirach,28,7,"μνήσθητι ἐντολῶν καὶ μὴ μηνίσῃς τῷ πλησίον, καὶ διαθήκην Ὑψίστου καὶ πάριδε ἄγνοιαν.",,,,
Sirach 28:8,SIR,Sirach,28,8,"ἀπόσχου ἀπὸ μάχης, καὶ ἐλαττώσεις ἁμαρτίας· ἄνθρωπος γὰρ θυμώδης ἐκκαύσει μάχην,",,,,
Sirach 28:9,SIR,Sirach,28,9,καὶ ἀνὴρ ἁμαρτωλὸς ταράξει φίλους καὶ ἀνὰ μέσον εἰρηνευόντων ἐμβάλλει διαβολήν.,,,,
Sirach 28:10,SIR,Sirach,28,10,"κατὰ τὴν ὕλην τοῦ πυρὸς οὕτως ἐκκαυθήσεται, καὶ κατὰ τὴν ἰσχὺν τοῦ ἀνθρώπου ὁ θυμὸς αὐτοῦ ἔσται, καὶ κατὰ τὸν πλοῦτον ἀνυψώσει ὀργὴν αὐτοῦ, καὶ κατὰ τὴν στερέωσιν τῆς μάχης ἐκκαυθήσεται.",,,,
Sirach 28:11,SIR,Sirach,28,11,"ἔρις κατασπευδομένη ἐκκαίει πῦρ, καὶ μάχη κατασπεύδουσα ἐκχέει αἷμα.",,,,
Sirach 28:12,SIR,Sirach,28,12,"ἐὰν φυσήσῃς εἰς σπινθῆρα, ἐκκαήσεται, καὶ ἐὰν πτύσῃς ἐπ᾿ αὐτόν, σβεσθήσεται· καὶ ἀμφότερα ἐκ τοῦ στόματός σου ἐκπορεύεται.",,,,
Sirach 28:13,SIR,Sirach,28,13,"Ψίθυρον καὶ δίγλωσσον καταράσασθε, πολλοὺς γὰρ εἰρηνεύοντας ἀπώλεσαν.",,,,
Sirach 28:14,SIR,Sirach,28,14,γλῶσσα τρίτη πολλοὺς ἐσάλευσε καὶ διέστησεν αὐτοὺς ἀπὸ ἔθνους εἰς ἔθνος καὶ πόλεις ὀχυρὰς καθεῖλε καὶ οἰκίας μεγιστάνων κατέστρεψε.,,,,
Sirach 28:15,SIR,Sirach,28,15,γλῶσσα τρίτη γυναῖκας ἀνδρείας ἐξέβαλε καὶ ἐστέρησεν αὐτὰς τῶν πόνων αὐτῶν.,,,,
Sirach 28:16,SIR,Sirach,28,16,"ὁ προσέχων αὐτῇ οὐ μὴ εὕρῃ ἀνάπαυσιν, οὐδὲ κατασκηνώσει μεθ᾿ ἡσυχίας.",,,,
Sirach 28:17,SIR,Sirach,28,17,"πληγὴ μάστιγος ποιεῖ μώλωπας, πληγὴ δὲ γλώσσης συγκλάσει ὀστᾶ.",,,,
Sirach 28:18,SIR,Sirach,28,18,"πολλοὶ ἔπεσαν ἐν στόματι μαχαίρας, καὶ οὐχ ὡς οἱ πεπτωκότες διὰ γλῶσσαν.",,,,
Sirach 28:19,SIR,Sirach,28,19,"μακάριος ὁ σκεπασθεὶς ἀπ᾿ αὐτῆς, ὃς οὐ διῆλθεν ἐν τῷ θυμῷ αὐτῆς, ὃς οὐχ εἵλκυσε τὸν ζυγὸν αὐτῆς καὶ ἐν τοῖς δεσμοῖς αὐτῆς οὐκ ἐδέθη·",,,,
Sirach 28:20,SIR,Sirach,28,20,"ὁ γὰρ ζυγὸς αὐτῆς ζυγὸς σιδηροῦς, καὶ οἱ δεσμοὶ αὐτῆς δεσμοὶ χάλκεοι.",,,,
Sirach 28:21,SIR,Sirach,28,21,"θάνατος πονηρὸς ὁ θάνατος αὐτῆς, καὶ λυσιτελὴς μᾶλλον ὁ ᾅδης αὐτῆς. 22οὐ μὴ κρατήσει εὐσεβῶν, καὶ ἐν τῇ φλογὶ αὐτῆς οὐ καήσονται.",,,,
Sirach 28:23,SIR,Sirach,28,23,"οἱ καταλείποντες Κύριον ἐμπεσοῦνται εἰς αὐτήν, καὶ ἐν αὐτοῖς ἐκκαήσεται καὶ οὐ μὴ σβεσθῇ· ἐξαποσταλήσεται ἐπ᾿ αὐτοῖς ὡς λέων, καὶ ὡς πάρδαλις λυμανεῖται αὐτούς.",,,,
Sirach 28:24,SIR,Sirach,28,24,"ἴδε περίφραξον τὸ κτῆμά σου ἀκάνθαις, τὸ ἀργύριόν σου καὶ τὸ χρυσίον κατάδησον·",,,,
Sirach 28:25,SIR,Sirach,28,25,"καὶ τοῖς λόγοις σου ποίησον ζυγὸν καὶ σταθμόν, καὶ τῷ στόματί σου ποίησον θύραν καὶ μοχλόν.",,,,
Sirach 28:26,SIR,Sirach,28,26,"πρόσεχε μήπως ὀλισθήσῃς ἐν αὐτῇ, μὴ πέσῃς κατέναντι ἐνεδρεύοντος.",,,,
Sirach 29:1,SIR,Sirach,29,1,"Ο ΠΟΙΩΝ ἔλεος δανειεῖ τῷ πλησίον, καὶ ὁ ἐπισχύων τῇ χειρὶ αὐτοῦ τηρεῖ ἐντολάς.",,,,
Sirach 29:2,SIR,Sirach,29,2,"δάνεισον τῷ πλησίον ἐν καιρῷ χρείας αὐτοῦ, καὶ πάλιν ἀπόδος τῷ πλησίον εἰς τὸν καιρόν·",,,,
Sirach 29:3,SIR,Sirach,29,3,"στερέωσον λόγον καὶ πιστώθητι μετ᾿ αὐτοῦ, καὶ ἐν παντὶ καιρῷ εὑρήσεις τὴν χρείαν σου.",,,,
Sirach 29:4,SIR,Sirach,29,4,πολλοὶ ὡς εὕρεμα ἐνόμισαν δάνος καὶ παρέσχον πόνον τοῖς βοηθήσασιν αὐτοῖς.,,,,
Sirach 29:5,SIR,Sirach,29,5,"ἕως οὗ λάβῃ, καταφιλήσει χεῖρα αὐτοῦ, καὶ ἐπὶ τῶν χρημάτων τοῦ πλησίον ταπεινώσει φωνήν· καὶ ἐν καιρῷ ἀποδόσεως παρελκύσει χρόνον καὶ ἀποδώσει λόγους ἀκηδίας καὶ τὸν καιρὸν αἰτιάσεται.",,,,
Sirach 29:6,SIR,Sirach,29,6,"ἐὰν ἰσχύσῃ, μόλις κομίσεται τὸ ἥμισυ καὶ λογιεῖται αὐτὸ ὡς εὕρεμα· εἰ δὲ μή, ἀπεστέρησεν αὐτὸν τῶν χρημάτων αὐτοῦ, καὶ ἐκτήσατο αὐτὸν ἐχθρὸν δωρεάν· κατάρας καὶ λοιδορίας ἀποδώσει αὐτῷ καὶ ἀντὶ δόξης ἀποδώσει αὐτῷ ἀτιμίαν.",,,,
Sirach 29:7,SIR,Sirach,29,7,"πολλοὶ οὖν χάριν πονηρίας ἀπέστρεψαν, ἀποστερηθῆναι δωρεὰν εὐλαβήθησαν.",,,,
Sirach 29:8,SIR,Sirach,29,8,πλὴν ἐπὶ ταπεινῷ μακροθύμησον καὶ ἐπ᾿ ἐλεημοσύνην μὴ παρελκύσῃς αὐτόν.,,,,
Sirach 29:9,SIR,Sirach,29,9,χάριν ἐντολῆς ἀντιλαβοῦ πένητος καὶ κατὰ τὴν ἔνδειαν αὐτοῦ μὴ ἀποστρέψῃς αὐτὸν κενόν.,,,,
Sirach 29:10,SIR,Sirach,29,10,"ἀπόλεσον ἀργύριον δι᾿ ἀδελφὸν καὶ φίλον, καὶ μὴ ἰωθήτω ὑπὸ τὸν λίθον εἰς ἀπώλειαν.",,,,
Sirach 29:11,SIR,Sirach,29,11,"θὲς τὸν θησαυρόν σου κατ᾿ ἐντολὰς Ὑψίστου, καὶ λυσιτελήσει σοι μᾶλλον ἢ τὸ χρυσίον.",,,,
Sirach 29:12,SIR,Sirach,29,12,"σύγκλεισον ἐλεημοσύνην ἐν τοῖς ταμείοις σου, καὶ αὕτη ἐξελεῖταί σε ἐκ πάσης κακώσεως·",,,,
Sirach 29:13,SIR,Sirach,29,13,ὑπὲρ ἀσπίδα κράτους καὶ ὑπὲρ δόρυ ἀλκῆς κατέναντι ἐχθροῦ πολεμήσει ὑπὲρ σοῦ.,,,,
Sirach 29:14,SIR,Sirach,29,14,"ἀνὴρ ἀγαθὸς ἐγγυήσεται τὸν πλησίον, καὶ ὁ ἀπολωλεκὼς αἰσχύνην καταλήψει αὐτόν.",,,,
Sirach 29:15,SIR,Sirach,29,15,"Χάριτας ἐγγύου μὴ ἐπιλάθῃ, ἔδωκε γὰρ τὴν ψυχὴν αὐτοῦ ὑπὲρ σοῦ.",,,,
Sirach 29:16,SIR,Sirach,29,16,"ἀγαθὰ ἐγγύου ἀνατρέψει ἁμαρτωλός, καὶ ἀχάριστος ἐν διανοίᾳ ἐγκαταλείψει ρυσάμενον.",,,,
Sirach 29:17,SIR,Sirach,29,17,ἐγγύη πολλοὺς ἀπώλεσε κατευθύνοντας καὶ ἐσάλευσεν αὐτοὺς ὡς κῦμα θαλάσσης· ἄνδρας δυνατοὺς ἀπῴκισε καὶ ἐπλανήθησαν ἐν ἔθνεσιν ἀλλοτρίοις.,,,,
Sirach 29:19,SIR,Sirach,29,19,ἁμαρτωλὸς ἐμπεσὼν εἰς ἐγγύην καὶ διώκων ἐργολαβίας ἐμπεσεῖται εἰς κρίσεις.,,,,
Sirach 29:20,SIR,Sirach,29,20,ἀντιλαβοῦ τοῦ πλησίον κατὰ δύναμίν σου καὶ πρόσεχε σεαυτῷ μὴ ἐμπέσῃς.,,,,
Sirach 29:21,SIR,Sirach,29,21,Ἀρχὴ ζωῆς ὕδωρ καὶ ἄρτος καὶ ἱμάτιον καὶ οἶκος καλύπτων ἀσχημοσύνην.,,,,
Sirach 29:22,SIR,Sirach,29,22,κρείσσων βίος πτωχοῦ ὑπὸ σκέπην δοκῶν ἢ ἐδέσματα λαμπρὰ ἐν ἀλλοτρίοις.,,,,
Sirach 29:23,SIR,Sirach,29,23,"ἐπὶ μικρῷ καὶ μεγάλῳ εὐδοκίαν ἔχε, καὶ ὀνειδισμὸν παροικίας οὐ μὴ ἀκούσῃς.",,,,
Sirach 29:24,SIR,Sirach,29,24,"ζωὴ πονηρὰ ἐξ οἰκίας εἰς οἰκίαν, καὶ οὗ παροικήσεις, οὐκ ἀνοίξει στόμα.",,,,
Sirach 29:25,SIR,Sirach,29,25,ξενιεῖς καὶ ποτιεῖς εἰς ἀχάριστα καὶ πρὸς ἐπὶ τούτοις πικρὰ ἀκούσῃ·,,,,
Sirach 29:26,SIR,Sirach,29,26,"πάρελθε, πάροικε, κόσμησον τράπεζαν, καὶ εἴτι ἐν τῇ χειρί σου, ψώμισόν με.",,,,
Sirach 29:27,SIR,Sirach,29,27,"ἔξελθε, πάροικε, ἀπὸ προσώπου δόξης, ἐπεξένωταί μοι ὁ ἀδελφός, χρεία τῆς οἰκίας.",,,,
Sirach 29:28,SIR,Sirach,29,28,"βαρέα ταῦτα ἀνθρώπῳ ἔχοντι φρόνησιν, ἐπιτίμησις οἰκίας καὶ ὀνειδισμὸς δανειστοῦ.",,,,
Sirach 30:1,SIR,Sirach,30,1,"ΠΕΡΙ ΤΕΚΝΩΝ. Ὁ ἀγαπῶν τὸν υἱὸν αὐτοῦ ἐνδελεχήσει μάστιγας αὐτῷ, ἵνα εὐφρανθῇ ἐπ᾿ ἐσχάτῳ αὐτοῦ.",,,,
Sirach 30:2,SIR,Sirach,30,2,ὁ παιδεύων τὸν υἱὸν αὐτοῦ ὀνήσεται ἐπ᾿ αὐτῷ καὶ ἀνὰ μέσον γνωρίμων ἐπ᾿ αὐτῷ καυχήσεται·,,,,
Sirach 30:3,SIR,Sirach,30,3,ὁ διδάσκων τὸν υἱὸν αὐτοῦ παραζηλώσει τὸν ἐχθρὸν καὶ ἔναντι φίλων ἐπ᾿ αὐτῷ ἀγαλλιάσεται.,,,,
Sirach 30:4,SIR,Sirach,30,4,"ἐτελεύτησεν αὐτοῦ ὁ πατήρ, καὶ ὡς οὐκ ἀπέθανεν· ὅμοιον γὰρ αὐτῷ κατέλιπε μετ᾿ αὐτόν.",,,,
Sirach 30:5,SIR,Sirach,30,5,ἐν τῇ ζωῇ αὐτοῦ εἶδε καὶ εὐφράνθη καὶ ἐν τῇ τελευτῇ αὐτοῦ οὐκ ἐλυπήθη.,,,,
Sirach 30:6,SIR,Sirach,30,6,ἐναντίον ἐχθρῶν κατέλιπεν ἔκδικον καὶ τοῖς φίλοις ἀνταποδιδόντα χάριν.,,,,
Sirach 30:7,SIR,Sirach,30,7,"περιψύχων υἱὸν καταδεσμεύσει τραύματα αὐτοῦ, καὶ ἐπὶ πάσῃ βοῇ ταραχθήσεται σπλάγχνα αὐτοῦ.",,,,
Sirach 30:8,SIR,Sirach,30,8,"ἵππος ἀδάμαστος ἀποβαίνει σκληρός, καὶ υἱὸς ἀνειμένος ἐκβαίνει προαλής.",,,,
Sirach 30:9,SIR,Sirach,30,9,"τιθήνησον τέκνον, καὶ ἐκθαμβήσει σε· σύμπαιξον αὐτῷ, καὶ λυπήσει σε.",,,,
Sirach 30:10,SIR,Sirach,30,10,"μὴ συγγελάσῃς αὐτῷ, ἵνα μὴ συνοδυνηθῇς, καὶ ἐπ᾿ ἐσχάτῳ γομφιάσεις τοὺς ὀδόντας σου.",,,,
Sirach 30:11,SIR,Sirach,30,11,"μὴ δῷς αὐτῷ ἐξουσία ἐν νεότητι· θλάσον τὰς πλευρὰς αὐτοῦ, ὡς ἔστι νήπιος, μήποτε σκληρυνθεὶς ἀπειθήσῃ σοι. [καὶ μὴ παρίδῃς τὰς ἀγνοίας αὐτοῦ.",,,,
Sirach 30:12,SIR,Sirach,30,12,κάμψον τὸν τράχηλον αὐτοῦ ἐν νεότητι].,,,,
Sirach 30:13,SIR,Sirach,30,13,"παίδευσον τὸν υἱόν σου καὶ ἔργασαι ἐν αὐτῷ, ἵνα μὴ ἐν τῇ ἀσχημοσύνῃ αὐτοῦ προσκόψῃς. ΠΕΡΙ ΥΓΙΕΙΑΣ.",,,,
Sirach 30:14,SIR,Sirach,30,14,Κρείσσων πτωχὸς ὑγιὴς καὶ ἰσχύων τῇ ἕξει ἢ πλούσιος μεμαστιγωμένος εἰς σῶμα αὐτοῦ.,,,,
Sirach 30:15,SIR,Sirach,30,15,"ὑγίεια καὶ εὐεξία βέλτιον παντὸς χρυσίου, καὶ σῶμα εὔρωστον ἢ ὄλβος ἀμέτρητος.",,,,
Sirach 30:16,SIR,Sirach,30,16,"οὐκ ἔστι πλοῦτος βελτίων ὑγιείας σώματος, καὶ οὐκ ἔστιν εὐφροσύνη ὑπὲρ χαρὰν καρδίας.",,,,
Sirach 30:17,SIR,Sirach,30,17,κρείσσων θάνατος ὑπὲρ ζωὴν πικρὰν καὶ ἀνάπαυσις αἰῶνος ἢ ἀρρώστημα ἔμμονον.,,,,
Sirach 30:18,SIR,Sirach,30,18,"ἀγαθὰ ἐκκεχυμένα ἐπὶ στόματι κεκλεισμένῳ, θέματα βρωμάτων παρακείμενα ἐπὶ τάφῳ.",,,,
Sirach 30:19,SIR,Sirach,30,19,"τί συμφέρει κάρπωσις εἰδώλῳ; οὔτε γὰρ ἔδεται οὔτε μὴ ὀσφρανθῇ· οὕτως ὁ ἐκδιωκόμενος ὑπὸ Κυρίου,",,,,
Sirach 30:20,SIR,Sirach,30,20,βλέπων ἐν ὀφθαλμοῖς καὶ στενάζων ὥσπερ εὐνοῦχος περιλαμβάνων παρθένον καὶ στενάζων.,,,,
Sirach 30:21,SIR,Sirach,30,21,μὴ δῷς εἰς λύπην τὴν ψυχήν σου καὶ μὴ θλίψῃς σεαυτὸν ἐν βουλῇ σου.,,,,
Sirach 30:22,SIR,Sirach,30,22,"εὐφροσύνη καρδίας ζωὴ ἀνθρώπου, καὶ ἀγαλλίαμα ἀνδρὸς μακροημέρευσις.",,,,
Sirach 30:23,SIR,Sirach,30,23,"ἀγάπα τὴν ψυχήν σου καὶ παρακάλει τὴν καρδίαν σου καὶ λύπην μακρὰν ἀπόστησον ἀπὸ σοῦ· πολλοὺς γὰρ ἀπώλεσεν ἡ λύπη, καὶ οὐκ ἔστιν ὠφέλεια ἐν αὐτῇ.",,,,
Sirach 30:24,SIR,Sirach,30,24,"ζῆλος καὶ θυμὸς ἐλαττοῦσιν ἡμέρας, καὶ πρὸ καιροῦ γῆρας ἄγει μέριμνα.",,,,
Sirach 30:25,SIR,Sirach,30,25,λαμπρὰ καρδία καὶ ἀγαθὴ ἐπὶ ἐδέσμασι τῶν βρωμάτων αὐτῆς ἐπιμελήσεται.,,,,
Sirach 31:1,SIR,Sirach,31,1,"ΑΓΡΥΠΝΙΑ πλούτου ἐκτήκει σάρκας, καὶ ἡ μέριμνα αὐτοῦ ἀφιστᾷ ὕπνον.",,,,
Sirach 31:2,SIR,Sirach,31,2,"μέριμνα ἀγρυπνίας ἀπαιτήσει νυσταγμόν, καὶ ἀρρώστημα βαρὺ ἐκνήψει ὕπνος.",,,,
Sirach 31:3,SIR,Sirach,31,3,ἐκοπίασε πλούσιος ἐν συναγωγῇ χρημάτων καὶ ἐν τῇ ἀναπαύσει ἐμπίπλαται τῶν τρυφημάτων αὐτοῦ.,,,,
Sirach 31:4,SIR,Sirach,31,4,ἐκοπίασε πτωχὸς ἐν ἐλαττώσει βίου καὶ ἐν τῇ ἀναπαύσει ἐπιδεὴς γίνεται.,,,,
Sirach 31:5,SIR,Sirach,31,5,"ὁ ἀγαπῶν χρυσίον οὐ δικαιωθήσεται, καὶ ὁ διώκων διαφθορὰν αὐτὸς πλησθήσεται.",,,,
Sirach 31:6,SIR,Sirach,31,6,"πολλοὶ ἐδόθησαν εἰς πτῶμα χάριν χρυσίου, καὶ ἐγενήθη ἀπώλεια αὐτῶν κατὰ πρόσωπον αὐτῶν.",,,,
Sirach 31:7,SIR,Sirach,31,7,"ξύλον προσκόμματός ἐστι τοῖς ἐνθουσιάζουσιν αὐτῷ, καὶ πᾶς ἄφρων ἁλώσεται ἐν αὐτῷ.",,,,
Sirach 31:8,SIR,Sirach,31,8,"μακάριος πλούσιος, ὃς εὑρέθη ἄμωμος καὶ ὃς ὀπίσω χρυσίου οὐκ ἐπορεύθη·",,,,
Sirach 31:9,SIR,Sirach,31,9,"τίς ἐστι; καὶ μακαριοῦμεν αὐτόν, ἐποίησε γὰρ θαυμάσια ἐν λαῷ αὐτοῦ.",,,,
Sirach 31:10,SIR,Sirach,31,10,"τίς ἐδοκιμάσθη ἐν αὐτῷ καὶ ἐτελειώθη; καὶ ἔσται αὐτῷ εἰς καύχησιν. τίς ἐδύνατο παραβῆναι καὶ οὐ παρέβη, καὶ ποιῆσαι κακὰ καὶ οὐκ ἐποίησε;",,,,
Sirach 31:11,SIR,Sirach,31,11,"στερεωθήσεται τὰ ἀγαθὰ αὐτοῦ, καὶ τὰς ἐλεημοσύνας αὐτοῦ ἐκδιηγήσεται ἐκκλησία.",,,,
Sirach 31:12,SIR,Sirach,31,12,"Ἐπὶ τραπέζης μεγάλης ἐκάθισας, μὴ ἀνοίξῃς ἐπ᾿ αὐτῆς φάρυγγά σου καὶ μὴ εἴπῃς· πολλά γε τὰ ἐπ᾿ αὐτῆς.",,,,
Sirach 31:13,SIR,Sirach,31,13,μνήσθητι ὅτι κακὸν ὀφθαλμὸς πονηρός· πονηρότερον ὀφθαλμοῦ τί ἔκτισται; διὰ τοῦτο ἀπὸ παντὸς προσώπου δακρύει.,,,,
Sirach 31:14,SIR,Sirach,31,14,"οὗ ἐὰν ἐπιβλέψῃ, μὴ ἐκτείνῃς χεῖρα καὶ μὴ συνθλίβου αὐτῷ ἐν τρυβλίῳ.",,,,
Sirach 31:15,SIR,Sirach,31,15,νόει τὰ τοῦ πλησίον ἐκ σεαυτοῦ καὶ ἐπὶ παντὶ πράγματι διανοοῦ.,,,,
Sirach 31:16,SIR,Sirach,31,16,"φάγε ὡς ἄνθρωπος τὰ παρακείμενά σοι καὶ μὴ διαμασῶ, μὴ μισηθῇς.",,,,
Sirach 31:17,SIR,Sirach,31,17,"παῦσαι πρῶτος χάριν παιδείας καὶ μὴ ἀπληστεύου, μήποτε προσκόψῃς·",,,,
Sirach 31:18,SIR,Sirach,31,18,"καὶ εἰ ἀνὰ μέσον πλειόνων ἐκάθισας, πρότερος αὐτῶν μὴ ἐκτείνῃς τὴν χεῖρά σου.",,,,
Sirach 31:19,SIR,Sirach,31,19,"Ὡς ἱκανὸν ἀνθρώπῳ πεπαιδευμένῳ τὸ ὀλίγον, καὶ ἐπὶ τῆς κοίτης αὐτοῦ οὐκ ἀσθμαίνει.",,,,
Sirach 31:20,SIR,Sirach,31,20,"ὕπνος ὑγιείας ἐπὶ ἐντέρῳ μετρίῳ, ἀνέστη πρωΐ, καὶ ἡ ψυχὴ αὐτοῦ μετ᾿ αὐτοῦ. πόνος ἀγρυπνίας καὶ χολέρας καὶ στρόφος μετὰ ἀνδρὸς ἀπλήστου.",,,,
Sirach 31:21,SIR,Sirach,31,21,"καὶ εἰ ἐβιάσθης ἐν ἐδέσμασιν, ἀνάστα μεσοπωρῶν καὶ ἀναπαύσῃ.",,,,
Sirach 31:22,SIR,Sirach,31,22,"ἄκουσόν μου, τέκνον, καὶ μὴ ἐξουδενώσῃς με, καὶ ἐπ᾿ ἐσχάτων εὑρήσεις τοὺς λόγους μου· ἐν πᾶσι τοῖς ἔργοις σου γίνου ἐντρεχής, καὶ πᾶν ἀρρώστημα οὐ μή σοι ἀπαντήσῃ.",,,,
Sirach 31:23,SIR,Sirach,31,23,"λαμπρὸν ἐπ᾿ ἄρτοις εὐλογήσει χείλη, καὶ μαρτυρία τῆς καλλονῆς αὐτοῦ πιστή.",,,,
Sirach 31:24,SIR,Sirach,31,24,"πονηρῷ ἐπ᾿ ἄρτῳ διαγογγύσει πόλις, καὶ ἡ μαρτυρία τῆς πονηρίας αὐτοῦ ἀκριβής.",,,,
Sirach 31:25,SIR,Sirach,31,25,"Ἐν οἴνῳ μὴ ἀνδρίζου, πολλοὺς γὰρ ἀπώλεσεν ὁ οἶνος.",,,,
Sirach 31:26,SIR,Sirach,31,26,"κάμινος δοκιμάζει στόμωμα ἐν βαφῇ, οὕτως οἶνος καρδίας ἐν μάχῃ ὑπερηφάνων.",,,,
Sirach 31:27,SIR,Sirach,31,27,"ἔπισον ζωῆς οἶνος ἀνθρώπῳ, ἐὰν πίνῃς αὐτὸν μέτρῳ αὐτοῦ. τίς ζωὴ ἐλασσουμένῳ οἴνῳ; καὶ αὐτὸς ἔκτισται εἰς εὐφροσύνην ἀνθρώποις.",,,,
Sirach 31:28,SIR,Sirach,31,28,ἀγαλλίαμα καρδίας καὶ εὐφροσύνη ψυχῆς οἶνος πινόμενος ἐν καιρῷ αὐτάρκης.,,,,
Sirach 31:29,SIR,Sirach,31,29,πικρία ψυχῆς οἶνος πινόμενος πολὺς ἐν ἐρεθισμῷ καὶ ἀντιπτώματι.,,,,
Sirach 31:30,SIR,Sirach,31,30,"πληθύνει μέθη θυμὸν ἄφρονος εἰς πρόσκομμα, ἐλαττῶν ἰσχὺν καὶ προσποιῶν τραύματα.",,,,
Sirach 31:31,SIR,Sirach,31,31,"ἐν συμποσίῳ οἴνου μὴ ἐλέγξῃς τὸν πλησίον καὶ μὴ ἐξουδενώσῃς αὐτὸν ἐν εὐφροσύνῃ αὐτοῦ· λόγον ὀνειδισμοῦ μὴ εἴπῃς αὐτῷ, καὶ μὴ αὐτὸν θλίψῃς ἐν ἀπαιτήσει.",,,,
Sirach 32:1,SIR,Sirach,32,1,"ΠΕΡΙ ΗΓΟΥΜΕΝΩΝ. Ἡγούμενόν σε κατέστησαν; μὴ ἐπαίρου· γίνου ἐν αὐτοῖς ὡς εἷς ἐξ αὐτῶν, φρόντισον αὐτῶν καὶ οὕτω κάθισον.",,,,
Sirach 32:2,SIR,Sirach,32,2,"καὶ πᾶσαν τὴν χρείαν σου ποιήσας ἀνάπεσε, ἵνα εὐφρανθῇς δι᾿ αὐτοὺς καὶ εὐκοσμίας χάριν λάβῃς στέφανον.",,,,
Sirach 32:3,SIR,Sirach,32,3,"λάλησον, πρεσβύτερε, πρέπει γάρ σοι, ἐν ἀκριβεῖ ἐπιστήμῃ καὶ μὴ ἐμποδίσῃς μουσικά.",,,,
Sirach 32:4,SIR,Sirach,32,4,"ὅπου ἀκρόαμα, μὴ ἐκχέῃς λαλιὰν καὶ ἀκαίρως μὴ σοφίζου.",,,,
Sirach 32:5,SIR,Sirach,32,5,"σφραγὶς ἄνθρακος ἐπὶ κόσμῳ χρυσῷ, σύγκριμα μουσικῶν ἐν συμποσίῳ οἴνου.",,,,
Sirach 32:6,SIR,Sirach,32,6,"ἐν κατασκευάσματι χρυσῷ σφραγὶς σμαράγδου, μέλος μουσικὸν ἐφ᾿ ἡδεῖ οἴνῳ.",,,,
Sirach 32:7,SIR,Sirach,32,7,"Λάλησον, νεανίσκε, εἰ χρεία σου, μόλις δὶς ἐὰν ἐπερωτηθῇς·",,,,
Sirach 32:8,SIR,Sirach,32,8,"κεφαλαίωσον λόγον, ἐν ὀλίγοις πολλά· γίνου ὡς γινώσκων καὶ ἅμα σιωπῶν.",,,,
Sirach 32:9,SIR,Sirach,32,9,ἐν μέσῳ μεγιστάνων μὴ ἐξισάζου καὶ ἑτέρου λέγοντος μὴ πολλὰ ἀδολέσχει.,,,,
Sirach 32:10,SIR,Sirach,32,10,"πρὸ βροντῆς κατασπεύδει ἀστραπή, καὶ πρὸ αἰσχυντηροῦ προελεύσεται χάρις.",,,,
Sirach 32:11,SIR,Sirach,32,11,"ἐν ὥρᾳ ἐξεγείρου καὶ μὴ οὐράγει, ἀπότρεχε εἰς οἶκον καὶ μὴ ρᾳθύμει·",,,,
Sirach 32:12,SIR,Sirach,32,12,ἐκεῖ παῖζε καὶ ποίει τὰ ἐνθυμήματά σου καὶ μὴ ἁμάρτῃς λόγῳ ὑπερηφάνῳ.,,,,
Sirach 32:13,SIR,Sirach,32,13,καὶ ἐπὶ τούτοις εὐλόγησον τὸν ποιήσαντά σε καὶ μεθύσκοντά σε ἀπὸ τῶν ἀγαθῶν αὐτοῦ.,,,,
Sirach 32:14,SIR,Sirach,32,14,"Ὁ φοβούμενος Κύριον ἐκδέξεται παιδείαν, καὶ οἱ ὀρθρίζοντες εὑρήσουσιν εὐδοκίαν.",,,,
Sirach 32:15,SIR,Sirach,32,15,"ὁ ζητῶν νόμον ἐμπλησθήσεται αὐτοῦ, καὶ ὁ ὑποκρινόμενος σκανδαλισθήσεται ἐν αὐτῷ.",,,,
Sirach 32:16,SIR,Sirach,32,16,οἱ φοβούμενοι Κύριον εὑρήσουσι κρίμα καὶ δικαιώματα ὡς φῶς ἐξάψουσιν.,,,,
Sirach 32:17,SIR,Sirach,32,17,ἄνθρωπος ἁμαρτωλὸς ἐκκλίνει ἐλεγμὸν καὶ κατὰ τὸ θέλημα αὐτοῦ εὑρήσει σύγκριμα.,,,,
Sirach 32:18,SIR,Sirach,32,18,"Ἀνὴρ βουλῆς οὐ μὴ παρίδῃ διανόημα, ἀλλότριος καὶ ὑπερήφανος οὐ καταπτήξει φόβον, καὶ μετὰ τὸ ποιῆσαι μετ᾿ αὐτοῦ ἄνευ βουλῆς.",,,,
Sirach 32:19,SIR,Sirach,32,19,ἄνευ βουλῆς μηθὲν ποιήσῃς καὶ ἐν τῷ ποιῆσαί σε μὴ μεταμελοῦ.,,,,
Sirach 32:20,SIR,Sirach,32,20,ἐν ὁδῷ ἀντιπτώματος μὴ πορεύου καὶ μὴ προσκόψῃς ἐν λιθώδεσι.,,,,
Sirach 32:21,SIR,Sirach,32,21,"μὴ πιστεύσῃς ἐν ὁδῷ ἀπροσκόπῳ,",,,,
Sirach 32:22,SIR,Sirach,32,22,καὶ ἀπὸ τῶν τέκνων σου φύλαξαι.,,,,
Sirach 32:23,SIR,Sirach,32,23,"ἐν παντὶ ἔργῳ πίστευε τῇ ψυχῇ σου, καὶ γὰρ τοῦτό ἐστι τήρησις ἐντολῶν.",,,,
Sirach 32:24,SIR,Sirach,32,24,"ὁ πιστεύων νόμῳ προσέχει ἐντολαῖς, καὶ ὁ πεποιθὼς Κυρίῳ οὐκ ἐλαττωθήσεται.",,,,
Sirach 33:1,SIR,Sirach,33,1,"Τ† φοβουμένῳ Κύριον οὐκ ἀπαντήσει κακόν, ἀλλ᾿ ἐν πειρασμῷ καὶ πάλιν ἐξελεῖται.",,,,
Sirach 33:2,SIR,Sirach,33,2,"ἀνὴρ σοφὸς οὐ μισήσει νόμον, ὁ δὲ ὑποκρινόμενος ἐν αὐτῷ, ὡς ἐν καταιγίδι πλοῖον.",,,,
Sirach 33:3,SIR,Sirach,33,3,"ἄνθρωπος συνετὸς ἐμπιστεύσει νόμῳ, καὶ ὁ νόμος αὐτῷ πιστὸς ὡς ἐρώτημα δήλων.",,,,
Sirach 33:4,SIR,Sirach,33,4,"ἑτοίμασον λόγον καὶ οὕτως ἀκουσθήσῃ, σύνδησον παιδείαν καὶ ἀποκρίθητι.",,,,
Sirach 33:5,SIR,Sirach,33,5,"τροχὸς ἁμάξης σπλάγχνα μωροῦ, καὶ ὡς ἄξων στρεφόμενος ὁ διαλογισμὸς αὐτοῦ.",,,,
Sirach 33:6,SIR,Sirach,33,6,"ἵππος εἰς ὀχείαν ὡς φίλος μωκός, ὑποκάτω παντὸς ἐπικαθημένου χρεμετίζει.",,,,
Sirach 33:7,SIR,Sirach,33,7,"Διατί ἡμέρα ἡμέρας ὑπερέχει, καὶ πᾶν φῶς ἡμέρας ἐνιαυτοῦ ἀφ᾿ ἡλίου;",,,,
Sirach 33:8,SIR,Sirach,33,8,"ἐν γνώσει Κυρίου διεχωρίσθησαν, καὶ ἠλλοίωσε καιροὺς καὶ ἑορτάς·",,,,
Sirach 33:9,SIR,Sirach,33,9,ἀπ᾿ αὐτῶν ἀνύψωσε καὶ ἡγίασε καὶ ἐξ αὐτῶν ἔθηκεν εἰς ἀριθμὸν ἡμερῶν.,,,,
Sirach 33:10,SIR,Sirach,33,10,"καὶ ἄνθρωποι πάντες ἀπὸ ἐδάφους, καὶ ἐκ γῆς ἐκτίσθη Ἀδάμ.",,,,
Sirach 33:11,SIR,Sirach,33,11,ἐν πλήθει ἐπιστήμης Κύριος διεχώρισεν αὐτοὺς καὶ ἠλλοίωσε τὰς ὁδοὺς αὐτῶν.,,,,
Sirach 33:12,SIR,Sirach,33,12,"ἐξ αὐτῶν εὐλόγησε καὶ ἀνύψωσε καὶ ἐξ αὐτῶν ἡγίασε, καὶ πρὸς αὐτὸν ἤγγισεν· ἀπ᾿ αὐτῶν κατηράσατο καὶ ἐταπείνωσε καὶ ἀνέστρεψεν αὐτοὺς ἀπὸ στάσεως αὐτῶν.",,,,
Sirach 33:13,SIR,Sirach,33,13,"ὡς πηλὸς κεραμέως ἐν χειρὶ αὐτοῦ πᾶσαι αἱ ὁδοὶ αὐτοῦ κατὰ τὴν εὐδοκίαν αὐτοῦ , οὕτως ἄνθρωποι ἐν χειρὶ τοῦ ποιήσαντος αὐτοὺς ἀποδοῦναι αὐτοῖς κατὰ τὴν κρίσιν αὐτοῦ.",,,,
Sirach 33:14,SIR,Sirach,33,14,ἀπέναντι τοῦ κακοῦ τὸ ἀγαθὸν καὶ ἀπέναντι τοῦ θανάτου ἡ ζωή· οὕτως ἀπέναντι εὐσεβοῦς ἁμαρτωλός.,,,,
Sirach 33:15,SIR,Sirach,33,15,"καὶ οὕτως ἔμβλεψον εἰς πάντα τὰ ἔργα τοῦ Ὑψίστου, δύο δύο, ἓν κατέναντι τοῦ ἑνός.",,,,
Sirach 33:16,SIR,Sirach,33,16,Κἀγὼ ἔσχατος ἠγρύπνησα ὡς καλαμώμενος ὀπίσω τρυγητῶν·,,,,
Sirach 33:17,SIR,Sirach,33,17,ἐν εὐλογίᾳ Κυρίου ἔφθασα καὶ ὡς τρυγῶν ἐπλήρωσα ληνόν.,,,,
Sirach 33:18,SIR,Sirach,33,18,"κατανοήσατε ὅτι οὐκ ἐμοὶ μόνῳ ἐκοπίασα, ἀλλὰ πᾶσι τοῖς ζητοῦσι παιδείαν.",,,,
Sirach 33:19,SIR,Sirach,33,19,"ἀκούσατέ μου, μεγιστάνες λαοῦ, καὶ οἱ ἡγούμενοι ἐκκλησίας, ἐνωτίσασθε·",,,,
Sirach 33:20,SIR,Sirach,33,20,"υἱῷ καὶ γυναικί, ἀδελφῷ καὶ φίλῳ μὴ δῷς ἐξουσίαν ἐπὶ σὲ ἐν ζωῇ σου· καὶ μὴ δῷς ἑτέρῳ τὰ χρήματά σου, ἵνα μὴ μεταμεληθεὶς δέῃ περὶ αὐτῶν.",,,,
Sirach 33:21,SIR,Sirach,33,21,"ἕως ἔτι ζῇς καὶ πνοὴ ἐν σοί, μὴ ἀλλάξῃς σεαυτὸν πάσῃ σαρκί.",,,,
Sirach 33:22,SIR,Sirach,33,22,κρείσσων γάρ ἐστι τὰ τέκνα δεηθῆναί σου ἢ σὲ ἐμβλέπειν εἰς χεῖρας υἱῶν σου.,,,,
Sirach 33:23,SIR,Sirach,33,23,"ἐν πᾶσι τοῖς ἔργοις σου γίνου ὑπεράγων, μὴ δῷς μῶμον ἐν τῇ δόξῃ σου.",,,,
Sirach 33:24,SIR,Sirach,33,24,ἐν ἡμέρᾳ συντελείας ἡμερῶν ζωῆς σου καὶ ἐν καιρῷ τελευτῆς διάδος κληρονομίαν. ΠΕΡΙ ΔΟΥΛΩΝ.,,,,
Sirach 33:25,SIR,Sirach,33,25,"Χορτάσματα καὶ ράβδος καὶ φορτία ὄνῳ, ἄρτος καὶ παιδεία καὶ ἔργον οἰκέτῃ.",,,,
Sirach 33:26,SIR,Sirach,33,26,"ἔργασαι ἐν παιδί, καὶ εὑρήσεις ἀνάπαυσιν· ἄνες χεῖρας αὐτῷ, καὶ ζητήσει ἐλευθερίαν.",,,,
Sirach 33:27,SIR,Sirach,33,27,"ζυγὸς καὶ ἱμὰς κάμψουσι τράχηλον, καὶ οἰκέτῃ κακούργῳ στρέβλαι καὶ βάσανοι.",,,,
Sirach 33:28,SIR,Sirach,33,28,"ἔμβαλε αὐτὸν εἰς ἐργασίαν. ἵνα μὴ ἀργῇ, πολλὴν γὰρ κακίαν ἐδίδαξεν ἡ ἀργία.",,,,
Sirach 33:29,SIR,Sirach,33,29,"εἰς ἔργα κατάστησον, καθὼς πρέπει αὐτῷ, κἂν μὴ πειθαρχῇ, βάρυνον τὰς πέδας αὐτοῦ.",,,,
Sirach 33:30,SIR,Sirach,33,30,"καὶ μὴ περισσεύσῃς ἐν πάσῃ σαρκί, καὶ ἄνευ κρίσεως μὴ ποιήσῃς μηδέν.",,,,
Sirach 33:31,SIR,Sirach,33,31,"εἰ ἔστι σοι οἰκέτης, ἔστω ὡς σύ, ὅτι ἐν αἵματι ἐκτήσω αὐτόν.",,,,
Sirach 33:32,SIR,Sirach,33,32,"εἰ ἔστι σοι οἰκέτης, ἄγε αὐτὸν ὡς ἀδελφόν, ὅτι ὡς ἡ ψυχή σου ἐπιδεήσεις αὐτοῦ.",,,,
Sirach 33:33,SIR,Sirach,33,33,"ἐὰν κακώσῃς αὐτὸν καὶ ἀπάρας ἀποδρᾷ, ἐν ποίᾳ ὁδῷ ζητήσεις αὐτόν;",,,,
Sirach 34:1,SIR,Sirach,34,1,"ΚΕΝΑΙ ἐλπίδες καὶ ψευδεῖς ἀσυνέτῳ ἀνδρί, καὶ ἐνύπνια ἀναπτεροῦσιν ἄφρονας.",,,,
Sirach 34:2,SIR,Sirach,34,2,"ὡς δρασσόμενος σκιᾶς καὶ διώκων ἄνεμον, οὕτως ὁ ἐπέχων ἐνυπνίοις.",,,,
Sirach 34:3,SIR,Sirach,34,3,"τοῦτο κατὰ τούτου ὅρασις ἐνυπνίων, κατέναντι προσώπου ὁμοίωμα προσώπου.",,,,
Sirach 34:4,SIR,Sirach,34,4,ἀπὸ ἀκαθάρτου τί καθαρισθήσεται; καὶ ἀπὸ ψευδοῦς τί ἀληθεύσει;,,,,
Sirach 34:5,SIR,Sirach,34,5,"μαντεῖαι καὶ οἰωνισμοὶ καὶ ἐνύπνια μάταιά ἐστι, καὶ ὡς ὠδινούσης φαντάζεται καρδία.",,,,
Sirach 34:6,SIR,Sirach,34,6,"ἐὰν μὴ παρὰ Ὑψίστου ἀποσταλῇ ἐν ἐπισκοπῇ, μὴ δῷς εἰς αὐτὰ τὴν καρδίαν σου·",,,,
Sirach 34:7,SIR,Sirach,34,7,"πολλοὺς γὰρ ἐπλάνησε τὰ ἐνύπνια, καὶ ἐξέπεσον ἐλπίζοντες ἐπ᾿ αὐτοῖς.",,,,
Sirach 34:8,SIR,Sirach,34,8,"Ἄνευ ψεύδους συντελεσθήσεται νόμος, καὶ σοφία στόματι πιστῷ τελείωσις.",,,,
Sirach 34:9,SIR,Sirach,34,9,"ἀνὴρ πεπαιδευμένος ἔγνω πολλά, καὶ ὁ πολύπειρος ἐκδιηγήσεται σύνεσιν.",,,,
Sirach 34:10,SIR,Sirach,34,10,"ὃς οὐκ ἐπειράθη ὀλίγα οἶδεν, ὁ δὲ πεπλανημένος πληθυνεῖ πανουργίαν.",,,,
Sirach 34:11,SIR,Sirach,34,11,"πολλὰ ἑώρακα ἐν τῇ ἀποπλανήσει μου, καὶ πλείονα τῶν λόγων μου σύνεσίς μου.",,,,
Sirach 34:12,SIR,Sirach,34,12,πλεονάκις ἕως θανάτου ἐκινδύνευσα καὶ διεσώθην τούτων χάριν.,,,,
Sirach 34:13,SIR,Sirach,34,13,"πνεῦμα φοβουμένων Κύριον ζήσεται, ἡ γὰρ ἐλπὶς αὐτῶν ἐπὶ τὸν σώζοντα αὐτούς.",,,,
Sirach 34:14,SIR,Sirach,34,14,"ὁ φοβούμενος Κύριον οὐδὲν εὐλαβηθήσεται καὶ οὐ μὴ δειλιάσῃ, ὅτι αὐτὸς ἐλπὶς αὐτοῦ.",,,,
Sirach 34:15,SIR,Sirach,34,15,φοβουμένου τὸν Κύριον μακαρία ἡ ψυχή· τίνι ἐπέχει καὶ τίς ἀντιστήριγμα αὐτοῦ;,,,,
Sirach 34:16,SIR,Sirach,34,16,"οἱ ὀφθαλμοὶ Κυρίου ἐπὶ τοὺς ἀγαπῶντας αὐτόν· ὑπερασπισμὸς δυναστείας καὶ στήριγμα ἰσχύος, σκέπη ἀπὸ καύσωνος καὶ σκέπη ἀπὸ μεσημβρίας, φυλακὴ ἀπὸ προσκόμματος καὶ βοήθεια ἀπὸ πτώσεως,",,,,
Sirach 34:17,SIR,Sirach,34,17,"ἀνυψῶν ψυχὴν καὶ φωτίζων ὀφθαλμούς, ἴασιν διδούς, ζωὴν καὶ εὐλογίαν.",,,,
Sirach 34:18,SIR,Sirach,34,18,"Θυσιάζων ἐξ ἀδίκου, προσφορὰ μεμωκημένη, καὶ οὐκ εἰς εὐδοκίαν δωρήματα ἀνόμων.",,,,
Sirach 34:19,SIR,Sirach,34,19,"οὐκ εὐδοκεῖ ὁ Ὓψιστος ἐν προσφοραῖς ἀσεβῶν, οὐδὲ ἐν πλήθει θυσιῶν ἐξιλάσκεται ἁμαρτίας.",,,,
Sirach 34:20,SIR,Sirach,34,20,θύων υἱὸν ἔναντι τοῦ πατρὸς αὐτοῦ ὁ προσάγων θυσίαν ἐκ χρημάτων πενήτων.,,,,
Sirach 34:21,SIR,Sirach,34,21,"ἄρτος ἐπιδεομένων ζωὴ πτωχῶν, ὁ ἀποστερῶν αὐτὴν ἄνθρωπος αἱμάτων.",,,,
Sirach 34:22,SIR,Sirach,34,22,"φονεύων τὸν πλησίον ὁ ἀφαιρούμενος συμβίωσιν, καὶ ἐκχέων αἷμα ὁ ἀποστερῶν μισθὸν μισθίου.",,,,
Sirach 34:23,SIR,Sirach,34,23,"εἷς οἰκοδομῶν, καὶ εἷς καθαιρῶν· τί ὠφέλησαν πλεῖον ἢ κόπους;",,,,
Sirach 34:24,SIR,Sirach,34,24,εἷς εὐχόμενος καὶ εἷς καταρώμενος· τίνος φωνῆς εἰσακούσεται ὁ δεσπότης;,,,,
Sirach 34:25,SIR,Sirach,34,25,"βαπτιζόμενος ἀπὸ νεκροῦ καὶ πάλιν ἁπτόμενος αὐτοῦ, τί ὠφέλησε τῷ λουτρῷ αὐτοῦ;",,,,
Sirach 34:26,SIR,Sirach,34,26,οὕτως ἄνθρωπος νηστεύων ἐπὶ τῶν ἁμαρτιῶν αὐτοῦ καὶ πάλιν πορευόμενος καὶ τὰ αὐτὰ ποιῶν· τῆς προσευχῆς αὐτοῦ τίς εἰσακούσεται; καὶ τί ὠφέλησεν ἐν τῷ ταπεινωθῆναι αὐτόν;,,,,
Sirach 35:1,SIR,Sirach,35,1,"Ο ΣΥΝΤΗΡΩΝ νόμον πλεονάζει προσφοράς, θυσιάζων σωτηρίου ὁ προσέχων ἐντολαῖς.",,,,
Sirach 35:2,SIR,Sirach,35,2,"ἀνταποδιδοὺς χάριν προσφέρων σεμίδαλιν, καὶ ὁ ποιῶν ἐλεημοσύνην θυσιάζων αἰνέσεως.",,,,
Sirach 35:3,SIR,Sirach,35,3,"εὐδοκία Κυρίου ἀποστῆναι ἀπὸ πονηρίας, καὶ ἐξιλασμὸς ἀποστῆναι ἀπὸ ἀδικίας.",,,,
Sirach 35:4,SIR,Sirach,35,4,"μὴ ὀφθῇς ἐν προσώπῳ Κυρίου κενός, πάντα γὰρ ταῦτα χάριν ἐντολῆς.",,,,
Sirach 35:5,SIR,Sirach,35,5,"προσφορὰ δικαίου λιπαίνει θυσιαστήριον, καὶ ἡ εὐωδία αὐτῆς ἔναντι Ὑψίστου.",,,,
Sirach 35:6,SIR,Sirach,35,6,"θυσία ἀνδρὸς δικαίου δεκτή, καὶ τὸ μνημόσυνον αὐτῆς οὐκ ἐπιλησθήσεται.",,,,
Sirach 35:7,SIR,Sirach,35,7,"ἐν ἀγαθῷ ὀφθαλμῷ δόξασον τὸν Κύριον, καὶ μὴ σμικρύνῃς ἀπαρχὴν χειρῶν σου.",,,,
Sirach 35:8,SIR,Sirach,35,8,ἐν πάσῃ δόσει ἱλάρωσον τὸ πρόσωπόν σου καὶ ἐν εὐφροσύνῃ ἁγίασον δεκάτην.,,,,
Sirach 35:9,SIR,Sirach,35,9,δὸς Ὑψίστῳ κατὰ τὴν δόσιν αὐτοῦ καὶ ἐν ἀγαθῷ ὀφθαλμῷ καθ᾿ εὕρεμα χειρός·,,,,
Sirach 35:10,SIR,Sirach,35,10,ὅτι Κύριος ἀνταποδιδούς ἐστι καὶ ἑπταπλάσια ἀνταποδώσει σοι.,,,,
Sirach 35:11,SIR,Sirach,35,11,"Μὴ δωροκόπει, οὐ γὰρ προσδέξεται·",,,,
Sirach 35:12,SIR,Sirach,35,12,"καὶ μὴ ἔπεχε θυσίᾳ ἀδίκῳ, ὅτι Κύριος κριτής ἐστι, καὶ οὐκ ἔστι παρ᾿ αὐτῷ δόξα προσώπου.",,,,
Sirach 35:13,SIR,Sirach,35,13,οὐ λήψεται πρόσωπον ἐπὶ πτωχοῦ καὶ δέησιν ἠδικημένου εἰσακούσεται·,,,,
Sirach 35:14,SIR,Sirach,35,14,"οὐ μὴ ὑπερίδῃ ἱκετείαν ὀρφανοῦ καὶ χήραν, ἐὰν ἐκχέῃ λαλιάν·",,,,
Sirach 35:15,SIR,Sirach,35,15,οὐχὶ δάκρυα χήρας ἐπὶ σιαγόνα καταβαίνει καὶ ἡ καταβόησις ἐπὶ τῷ καταγαγόντι αὐτά;,,,,
Sirach 35:16,SIR,Sirach,35,16,"θεραπεύων ἐν εὐδοκίᾳ δεχθήσεται, καὶ ἡ δέησις αὐτοῦ ἕως νεφελῶν συνάψει.",,,,
Sirach 35:17,SIR,Sirach,35,17,"προσευχὴ ταπεινοῦ νεφέλας διῆλθε, καὶ ἕως συνεγγίσῃ, οὐ μὴ παρακληθῇ·",,,,
Sirach 35:18,SIR,Sirach,35,18,"καὶ οὐ μὴ ἀποστῇ, ἕως ἐπισκέψηται ὁ Ὓψιστος. καὶ κρινεῖ δικαίως καὶ ποιήσει κρίσιν.",,,,
Sirach 35:19,SIR,Sirach,35,19,"καὶ ὁ Κύριος οὐ μὴ βραδύνῃ, οὐδὲ μὴ μακροθυμήσῃ ἐπ᾿ αὐτοῖς,",,,,
Sirach 35:20,SIR,Sirach,35,20,"ἕως ἂν συντρίψῃ ὀσφὺν ἀνελεημόνων, καὶ τοῖς ἔθνεσιν ἀνταποδώσει ἐκδίκησιν,",,,,
Sirach 35:21,SIR,Sirach,35,21,ἕως ἐξάρῃ πλῆθος ὑβριστῶν καὶ σκῆπτρα ἀδίκων συντρίψῃ·,,,,
Sirach 35:22,SIR,Sirach,35,22,ἕως ἀνταποδῷ ἀνθρώπῳ κατὰ τὰς πράξεις αὐτοῦ καὶ τὰ ἔργα τῶν ἀνθρώπων κατὰ τὰ ἐνθυμήματα αὐτῶν·,,,,
Sirach 35:23,SIR,Sirach,35,23,"ἕως κρίνῃ τὴν κρίσιν τοῦ λαοῦ αὐτοῦ, καὶ εὐφρανεῖ αὐτοὺς ἐν τῷ ἐλέει αὐτοῦ.",,,,
Sirach 35:24,SIR,Sirach,35,24,"ὡραῖον ἔλεος ἐν καιρῷ θλίψεως αὐτοῦ, ὡς νεφέλαι ὑετοῦ ἐν καιρῷ ἀβροχίας.",,,,
Sirach 36:1,SIR,Sirach,36,1,"ΕΛΕΗΣΟΝ ἡμᾶς, δέσποτα ὁ Θεὸς πάντων, καὶ ἐπίβλεψον καὶ ἐπίβαλε τὸν φόβον σου ἐπὶ πάντα τὰ ἔθνη·",,,,
Sirach 36:2,SIR,Sirach,36,2,"ἔπαρον τὴν χεῖρά σου ἐπὶ ἔθνη ἀλλότρια, καὶ ἰδέτωσαν τὴν δυναστείαν σου.",,,,
Sirach 36:3,SIR,Sirach,36,3,"ὥσπερ ἐνώπιον αὐτῶν ἡγιάσθης ἐν ἡμῖν, οὕτως ἐνώπιον ἡμῶν μεγαλυνθείης ἐν αὐτοῖς·",,,,
Sirach 36:4,SIR,Sirach,36,4,"καὶ ἐπιγνώτωσάν σε, καθάπερ καὶ ἡμεῖς ἐπέγνωμεν, ὅτι οὐκ ἔστι Θεὸς πλὴν σοῦ, Κύριε.",,,,
Sirach 36:5,SIR,Sirach,36,5,"ἐγκαίνισον σημεῖα καὶ ἀλλοίωσον θαυμάσια, δόξασον χεῖρα καὶ βραχίονα δεξιόν·",,,,
Sirach 36:6,SIR,Sirach,36,6,"ἔγειρον θυμὸν καὶ ἔκχεον ὀργήν, ἔξαρον ἀντίδικον καὶ ἔκτριψον ἐχθρόν.",,,,
Sirach 36:7,SIR,Sirach,36,7,"σπεῦσον καιρὸν καὶ μνήσθητι ὁρκισμοῦ, καὶ ἐκδιηγησάσθωσαν τὰ μεγαλεῖά σου.",,,,
Sirach 36:8,SIR,Sirach,36,8,"ἐν ὀργῇ πυρὸς καταβρωθήτω ὁ σῳζόμενος, καὶ οἱ κακοῦντες τὸν λαόν σου εὕροισαν ἀπώλειαν.",,,,
Sirach 36:9,SIR,Sirach,36,9,σύντριψον κεφαλὰς ἀρχόντων ἐχθρῶν λεγόντων· οὐκ ἔστι πλὴν ἡμῶν.,,,,
Sirach 36:10,SIR,Sirach,36,10,"συνάγαγε πάσας φυλὰς Ἰακώβ, καὶ κατεκληρονόμησα αὐτοὺς καθὼς ἀπ᾿ ἀρχῆς.",,,,
Sirach 36:11,SIR,Sirach,36,11,"ἐλέησον λαόν, Κύριε, κεκλημένον ἐπ᾿ ὀνόματί σου καὶ Ἰσραήλ, ὃν πρωτογόνῳ ὡμοίωσας.",,,,
Sirach 36:12,SIR,Sirach,36,12,"οἰκτείρησον πόλιν ἁγιάσματός σου Ἱερουσαλήμ, πόλιν καταπαύματός σου.",,,,
Sirach 36:13,SIR,Sirach,36,13,"πλῆσον Σιὼν ἀρεταλογίας σου, καὶ ἀπὸ τῆς δόξης σου τὸν λαόν σου.",,,,
Sirach 36:14,SIR,Sirach,36,14,δὸς μαρτύριον τοῖς ἐν ἀρχῇ κτίσματί σου καὶ ἔγειρον προφητείας τὰς ἐπ᾿ ὀνόματί σου·,,,,
Sirach 36:15,SIR,Sirach,36,15,"δὸς μισθὸν τοῖς ὑπομένουσί σε, καὶ οἱ προφῆταί σου ἐμπιστευθήτωσαν.",,,,
Sirach 36:16,SIR,Sirach,36,16,"εἰσάκουσον, Κύριε, δεήσεως ἱκετῶν σου, κατὰ τὴν εὐλογίαν Ἀαρὼν περὶ τοῦ λαοῦ σου,",,,,
Sirach 36:17,SIR,Sirach,36,17,καὶ γνώσονται πάντες οἱ ἐπὶ τῆς γῆς ὅτι σὺ Κύριος εἶ ὁ Θεὸς τῶν αἰώνων.,,,,
Sirach 36:18,SIR,Sirach,36,18,"Πᾶν βρῶμα φάγεται κοιλία, ἔστι δὲ βρῶμα βρώματος κάλλιον.",,,,
Sirach 36:19,SIR,Sirach,36,19,"φάρυγξ γεύεται βρώματα θήρας, οὕτως καρδία συνετὴ λόγους ψευδεῖς.",,,,
Sirach 36:20,SIR,Sirach,36,20,"καρδία στρεβλὴ δώσει λύπην, καὶ ἄνθρωπος πολύπειρος ἀνταποδώσει αὐτῷ.",,,,
Sirach 36:21,SIR,Sirach,36,21,"πάντα ἄρρενα ἐπιδέξεται γυνή, ἔστι δὲ θυγάτηρ θυγατρὸς κρείσσων.",,,,
Sirach 36:22,SIR,Sirach,36,22,κάλλος γυναικὸς ἱλαρύνει πρόσωπον καὶ ὑπὲρ πᾶσαν ἐπιθυμίαν ἀνθρώπου ὑπεράγει·,,,,
Sirach 36:23,SIR,Sirach,36,23,"εἰ ἔστιν ἐπὶ γλώσσης αὐτῆς ἔλεος καὶ πραυ±της, οὐκ ἔστιν ὁ ἀνὴρ αὐτῆς καθ᾿ υἱοὺς ἀνθρώπων.",,,,
Sirach 36:24,SIR,Sirach,36,24,"ὁ κτώμενος γυναῖκα ἐνάρχεται κτήσεως, βοηθὸν κατ᾿ αὐτὸν καὶ στύλον ἀναπαύσεως.",,,,
Sirach 36:25,SIR,Sirach,36,25,"οὗ οὐκ ἔστι φραγμός, διαρπαγήσεται κτῆμα, καὶ οὗ οὐκ ἔστι γυνή, στενάξει πλανώμενος.",,,,
Sirach 36:26,SIR,Sirach,36,26,τίς γὰρ πιστεύσει εὐζώνῳ λῃστῇ σφαλλομένῳ ἐκ πόλεως εἰς πόλιν;,,,,
Sirach 36:27,SIR,Sirach,36,27,οὕτως ἀνθρώπῳ μὴ ἔχοντι νοσσιὰν καὶ καταλύοντι οὗ ἐὰν ὀψίσῃ.,,,,
Sirach 37:1,SIR,Sirach,37,1,"ΠΑΣ φίλος ἐρεῖ· ἐφιλίασα αὐτῷ κἀγώ, ἀλλ᾿ ἔστι φίλος ὀνόματι μόνον φίλος.",,,,
Sirach 37:2,SIR,Sirach,37,2,οὐχὶ λύπη ἔνι ἕως θανάτου ἑταῖρος καὶ φίλος τρεπόμενος εἰς ἔχθραν;,,,,
Sirach 37:3,SIR,Sirach,37,3,"ὦ πονηρὸν ἐνθύμημα, πόθεν ἐνεκυλίσθης καλύψαι τὴν ξηρὰν ἐν δολιότητι;",,,,
Sirach 37:4,SIR,Sirach,37,4,ἑταῖρος φίλου ἐν εὐφροσύνῃ ἥδεται καὶ ἐν καιρῷ θλίψεως ἔσται ἀπέναντι·,,,,
Sirach 37:5,SIR,Sirach,37,5,"ἑταῖρος φίλῳ συμπονεῖ χάριν γαστρός, ἔναντι πολέμου λήψεται ἀσπίδα.",,,,
Sirach 37:6,SIR,Sirach,37,6,"μὴ ἐπιλάθῃ φίλου ἐν τῇ ψυχῇ σου, καὶ μὴ ἀμνημονήσῃς αὐτοῦ ἐν τοῖς χρήμασί σου.",,,,
Sirach 37:7,SIR,Sirach,37,7,"Πᾶς σύμβουλος ἐξαίρει βουλήν, ἀλλ᾿ ἔστι συμβουλεύων εἰς ἑαυτόν.",,,,
Sirach 37:8,SIR,Sirach,37,8,"ἀπὸ συμβούλου φύλαξον τὴν ψυχήν σου καὶ γνῶθι πρότερον τίς αὐτοῦ χρεία καὶ γὰρ αὐτὸς ἑαυτῷ βουλεύσεται , μήποτε βάλῃ ἐπὶ σοὶ κλῆρον",,,,
Sirach 37:9,SIR,Sirach,37,9,"καὶ εἴπῃ σοι· καλὴ ἡ ὁδός σου, καὶ στήσεται ἐξ ἐναντίας ἰδεῖν τὸ συμβησόμενόν σοι.",,,,
Sirach 37:10,SIR,Sirach,37,10,μὴ βουλεύου μετὰ τοῦ ὑποβλεπομένου σε καὶ ἀπὸ τῶν ζηλούντων σε κρύψον βουλήν.,,,,
Sirach 37:11,SIR,Sirach,37,11,"μετὰ γυναικὸς περὶ τῆς ἀντιζήλου αὐτῆς καὶ μετὰ δειλοῦ περὶ πολέμου, μετὰ ἐμπόρου περὶ μεταβολίας καὶ μετὰ ἀγοράζοντος περὶ πράσεως, μετὰ βασκάνου περὶ εὐχαριστίας καὶ μετὰ ἀνελεήμονος περὶ χρηστοηθείας, μετὰ ὀκνηροῦ περὶ παντὸς ἔργου καὶ μετὰ μισθίου ἐφεστίου περὶ συντελείας, οἰκέτῃ ἀργῷ περὶ πολλῆς ἐργασίας, μὴ ἔπεχε ἐπὶ τούτοις περὶ πάσης συμβουλίας·",,,,
Sirach 37:12,SIR,Sirach,37,12,"ἀλλ᾿ ἢ μετὰ ἀνδρὸς εὐσεβοῦς ἐνδελέχιζε, ὃν ἂν ἐπιγνῷς συντηροῦντα ἐντολάς, ὃς ἐν τῇ ψυχῇ αὐτοῦ κατὰ τὴν ψυχήν σου, καὶ ἐὰν πταίσῃς, συναλγήσει σοι.",,,,
Sirach 37:13,SIR,Sirach,37,13,"καὶ βουλὴν καρδίας στῆσον, οὐ γάρ ἔστι σοι πιστότερος αὐτῆς·",,,,
Sirach 37:14,SIR,Sirach,37,14,ψυχὴ γὰρ ἀνδρὸς ἀπαγγέλλειν ἐνίοτε εἴωθεν ἢ ἑπτὰ σκοποὶ ἐπὶ μετεώρου καθήμενοι ἐπὶ σκοπῆς.,,,,
Sirach 37:15,SIR,Sirach,37,15,"καὶ ἐπὶ πᾶσι τούτοις δεήθητι Ὑψίστου, ἵνα εὐθύνῃ ἐν ἀληθείᾳ τὴν ὁδόν σου.",,,,
Sirach 37:16,SIR,Sirach,37,16,"Ἀρχὴ παντὸς ἔργου λόγος, καὶ πρὸ πάσης πράξεως βουλή.",,,,
Sirach 37:17,SIR,Sirach,37,17,"ἴχνος ἀλλοιώσεως καρδίας τέσσαρα μέρη ἀνατέλλει,",,,,
Sirach 37:18,SIR,Sirach,37,18,"ἀγαθὸν καὶ κακόν, ζωὴ καὶ θάνατος, καὶ ἡ κυριεύουσα ἐνδελεχῶς αὐτῶν γλῶσσά ἐστιν.",,,,
Sirach 37:19,SIR,Sirach,37,19,"ἔστιν ἀνὴρ πανοῦργος πολλῶν παιδευτής, καὶ τῇ ἰδίᾳ ψυχῇ ἄχρηστός ἐστιν.",,,,
Sirach 37:20,SIR,Sirach,37,20,"ἔστι σοφιζόμενος ἐν λόγοις μισητός, οὗτος πάσης τροφῆς καθυστερήσει·",,,,
Sirach 37:21,SIR,Sirach,37,21,"οὐ γὰρ ἐδόθη αὐτῷ παρὰ Κυρίου χάρις, ὅτι πάσης σοφίας ἐστερήθη.",,,,
Sirach 37:22,SIR,Sirach,37,22,"ἔστι σοφὸς τῇ ἰδίᾳ ψυχῇ, καὶ οἱ καρποὶ τῆς συνέσεως αὐτοῦ ἐπὶ στόματος πιστοί.",,,,
Sirach 37:23,SIR,Sirach,37,23,"ἀνὴρ σοφὸς τὸν ἑαυτοῦ λαὸν παιδεύσει, καὶ οἱ καρποὶ τῆς συνέσεως αὐτοῦ πιστοί.",,,,
Sirach 37:24,SIR,Sirach,37,24,"ἀνὴρ σοφὸς πλησθήσεται εὐλογίας, καὶ μακαριοῦσιν αὐτὸν πάντες οἱ ὁρῶντες.",,,,
Sirach 37:25,SIR,Sirach,37,25,"ζωὴ ἀνδρὸς ἐν ἀριθμῷ ἡμερῶν, καὶ αἱ ἡμέραι τοῦ Ἰσραὴλ ἀναρίθμητοι.",,,,
Sirach 37:26,SIR,Sirach,37,26,"ὁ σοφὸς ἐν τῷ λαῷ αὐτοῦ κληρονομήσει πίστιν, καὶ τὸ ὄνομα αὐτοῦ ζήσεται εἰς τὸν αἰῶνα.",,,,
Sirach 37:27,SIR,Sirach,37,27,"Τέκνον, ἐν τῇ ζωῇ σου πείρασον τὴν ψυχήν σου καὶ ἰδὲ τί πονηρὸν αὐτῇ, καὶ μὴ δῷς αὐτῇ·",,,,
Sirach 37:28,SIR,Sirach,37,28,"οὐ γὰρ πάντα πᾶσι συμφέρει, καὶ οὐ πᾶσα ψυχὴ ἐν παντὶ εὐδοκεῖ.",,,,
Sirach 37:29,SIR,Sirach,37,29,μὴ ἀπληστεύου ἐν πάσῃ τρυφῇ καὶ μὴ ἐκχυθῇς ἐπὶ ἐδεσμάτων·,,,,
Sirach 37:30,SIR,Sirach,37,30,"ἐν πολλοῖς γὰρ βρώμασιν ἔσται πόνος, καὶ ἡ ἀπληστία ἐγγιεῖ ἕως χολέρας.",,,,
Sirach 37:31,SIR,Sirach,37,31,"δι᾿ ἀπληστίαν πολλοὶ ἐτελεύτησαν, ὁ δὲ προσέχων προσθήσει ζωήν.",,,,
Sirach 38:1,SIR,Sirach,38,1,"ΤΙΜΑ ἰατρὸν πρὸς τὰς χρείας αὐτοῦ τιμαῖς αὐτοῦ, καὶ γὰρ αὐτὸν ἔκτισε Κύριος·",,,,
Sirach 38:2,SIR,Sirach,38,2,"παρὰ γὰρ Ὑψίστου ἐστὶν ἴασις, καὶ παρὰ βασιλέως λήψεται δόμα.",,,,
Sirach 38:3,SIR,Sirach,38,3,"ἐπιστήμη ἰατροῦ ἀνυψώσει κεφαλὴν αὐτοῦ, καὶ ἔναντι μεγιστάνων θαυμασθήσεται.",,,,
Sirach 38:4,SIR,Sirach,38,4,"Κύριος ἔκτισεν ἐκ γῆς φάρμακα, καὶ ἀνὴρ φρόνιμος οὐ προσοχθιεῖ αὐτοῖς.",,,,
Sirach 38:5,SIR,Sirach,38,5,οὐκ ἀπὸ ξύλου ἐγλυκάνθη ὕδωρ εἰς τὸ γνωσθῆναι τὴν ἰσχὺν αὐτοῦ;,,,,
Sirach 38:6,SIR,Sirach,38,6,καὶ αὐτὸς ἔδωκεν ἀνθρώποις ἐπιστήμην ἐνδοξάζεσθαι ἐν τοῖς θαυμασίοις αὐτοῦ·,,,,
Sirach 38:7,SIR,Sirach,38,7,"ἐν αὐτοῖς ἐθεράπευσε καὶ ἦρε τὸν πόνον αὐτοῦ,",,,,
Sirach 38:8,SIR,Sirach,38,8,"μυρεψὸς ἐν τούτοις ποιήσει μεῖγμα, καὶ οὐ μὴ συντελέσῃ ἔργα αὐτοῦ, καὶ εἰρήνη παρ᾿ αὐτοῦ ἐστιν ἐπὶ προσώπου τῆς γῆς.",,,,
Sirach 38:9,SIR,Sirach,38,9,"Τέκνον, ἐν ἀρρωστήματί σου μὴ παράβλεπε, ἀλλ᾿ εὖξαι Κυρίῳ, καὶ αὐτὸς ἰάσεταί σε.",,,,
Sirach 38:10,SIR,Sirach,38,10,"ἀπόστησον πλημμέλειαν καὶ εὔθυνον χεῖρας, καὶ ἀπὸ πάσης ἁμαρτίας καθάρισον καρδίαν.",,,,
Sirach 38:11,SIR,Sirach,38,11,δὸς εὐωδίαν καὶ μνημόσυνον σεμιδάλεως καὶ λίπανον προσφορὰν ὡς μὴ ὑπάρχων.,,,,
Sirach 38:12,SIR,Sirach,38,12,"καὶ ἰατρῷ δὸς τόπον, καὶ γὰρ αὐτὸν ἔκτισε Κύριος, καὶ μὴ ἀποστήτω σου, καὶ γὰρ αὐτοῦ χρεία.",,,,
Sirach 38:13,SIR,Sirach,38,13,ἔστι καιρὸς ὅτε καὶ ἐν χερσὶν αὐτῶν εὐοδία·,,,,
Sirach 38:14,SIR,Sirach,38,14,"καὶ γὰρ αὐτοὶ Κυρίου δεηθήσονται, ἵνα εὐοδώσῃ αὐτοῖς ἀνάπαυσιν καὶ ἴασιν χάριν ἐμβιώσεως.",,,,
Sirach 38:15,SIR,Sirach,38,15,ὁ ἁμαρτάνων ἔναντι τοῦ ποιήσαντος αὐτὸν ἐμπέσοι εἰς χεῖρας ἰατροῦ.,,,,
Sirach 38:16,SIR,Sirach,38,16,"Τέκνον, ἐπὶ νεκρῷ κατάγαγε δάκρυα καὶ ὡς δεινὰ πάσχων ἔναρξαι θρήνου, κατὰ δὲ τὴν κρίσιν αὐτοῦ περίστειλον τὸ σῶμα αὐτοῦ καὶ μὴ ὑπερίδῃς τὴν ταφὴν αὐτοῦ.",,,,
Sirach 38:17,SIR,Sirach,38,17,πίκρανον κλαυθμὸν καὶ θέρμανον κοπετὸν καὶ ποίησον τὸ πένθος κατὰ τὴν ἀξίαν αὐτοῦ ἡμέραν μίαν καὶ δύο χάριν διαβολῆς καὶ παρακλήθητι λύπης ἕνεκα·,,,,
Sirach 38:18,SIR,Sirach,38,18,"ἀπὸ λύπης γὰρ ἐκβαίνει θάνατος, καὶ λύπη καρδίας κάμψει ἰσχύν.",,,,
Sirach 38:19,SIR,Sirach,38,19,"ἐν ἐπαγωγῇ παραβαίνει καὶ λύπη, καὶ βίος πτωχοῦ κατὰ καρδίας.",,,,
Sirach 38:20,SIR,Sirach,38,20,"μὴ δῷς εἰς λύπην τὴν καρδίαν σου, ἀπόστησον αὐτὴν μνησθεὶς τὰ ἔσχατα·",,,,
Sirach 38:21,SIR,Sirach,38,21,"μὴ ἐπιλάθῃ, οὐ γάρ ἐστιν ἐπάνοδος, καὶ τοῦτον οὐκ ὠφελήσεις καὶ σεαυτὸν κακώσεις.",,,,
Sirach 38:22,SIR,Sirach,38,22,"μνήσθητι τὸ κρίμα αὐτοῦ, ὅτι οὕτω καὶ τὸ σόν· ἐμοὶ ἐχθὲς καὶ σοὶ σήμερον.",,,,
Sirach 38:23,SIR,Sirach,38,23,ἐν ἀναπαύσει νεκροῦ κατάπαυσον τὸ μνημόσυνον αὐτοῦ καὶ παρακλήθητι ἐν αὐτῷ ἐν ἐξόδῳ πνεύματος αὐτοῦ.,,,,
Sirach 38:24,SIR,Sirach,38,24,"Σοφία γραμματέως ἐν εὐκαιρίᾳ σχολῆς, καὶ ὁ ἐλασσούμενος πράξει αὐτοῦ σοφισθήσεται.",,,,
Sirach 38:25,SIR,Sirach,38,25,"τί σοφισθήσεται ὁ κρατῶν ἀρότρου καὶ καυχώμενος ἐν δόρατι κέντρου, βόας ἐλαύνων καὶ ἀναστρεφόμενος ἐν ἔργοις αὐτῶν, καὶ ἡ διήγησις αὐτοῦ ἐν υἱοῖς ταύρων;",,,,
Sirach 38:26,SIR,Sirach,38,26,"καρδίαν αὐτοῦ δώσει ἐκδοῦναι αὔλακας, καὶ ἡ ἀγρυπνία αὐτοῦ εἰς χορτάσματα δαμάλεων.",,,,
Sirach 38:27,SIR,Sirach,38,27,"οὕτως πᾶς τέκτων καὶ ἀρχιτέκτων, ὅστις νύκτωρ ὡς ἡμέρας διάγει· οἱ γλύφοντες γλύμματα σφραγίδων, καὶ ἡ ὑπομονὴ αὐτοῦ ἀλλοιῶσαι ποικιλίαν· καρδίαν αὐτοῦ δώσει εἰς τὸ ὁμοιῶσαι ζωγραφίαν, καὶ ἡ ἀγρυπνία αὐτοῦ τελέσαι ἔργον.",,,,
Sirach 38:28,SIR,Sirach,38,28,"οὕτως χαλκεὺς καθήμενος ἐγγὺς ἄκμονος καὶ καταμανθάνων ἔργα σιδήρου· ἀτμὶς πυρὸς πήξει σάρκας αὐτοῦ, καὶ ἐν θέρμῃ καμίνου διαμαχήσεται· φωνὴ σφύρης καινιεῖ τὸ οὖς αὐτοῦ, καὶ κατέναντι ὁμοιώματος σκεύους οἱ ὀφθαλμοὶ αὐτοῦ· καρδίαν αὐτοῦ δώσει εἰς συντέλειαν ἔργων, καὶ ἡ ἀγρυπνία αὐτοῦ κοσμῆσαι ἐπὶ συντελείας.",,,,
Sirach 38:29,SIR,Sirach,38,29,"οὕτως κεραμεὺς καθήμενος ἐν ἔργῳ αὐτοῦ καὶ συστρέφων ἐν ποσὶν αὐτοῦ τροχόν, ὃς ἐν μερίμνῃ κεῖται διὰ παντὸς ἐπὶ τὸ ἔργον αὐτοῦ, καὶ ἐναρίθμιος πᾶσα ἡ ἐργασία αὐτοῦ.",,,,
Sirach 38:30,SIR,Sirach,38,30,"ἐν βραχίονι αὐτοῦ τυπώσει πηλὸν καὶ πρὸ ποδῶν κάμψει ἰσχὺν αὐτοῦ· καρδίαν ἐπιδώσει συντελέσαι τὸ χρῖσμα, καὶ ἡ ἀγρυπνία αὐτοῦ καθαρίσαι κάμινον.",,,,
Sirach 38:31,SIR,Sirach,38,31,"Πάντες οὗτοι εἰς χεῖρας αὐτῶν ἐνεπίστευσαν, καὶ ἕκαστος ἐν τῷ ἔργῳ αὐτοῦ σοφίζεται.",,,,
Sirach 38:32,SIR,Sirach,38,32,"ἄνευ αὐτῶν οὐκ οἰκισθήσεται πόλις, καὶ οὐ παροικήσουσιν οὐδὲ περιπατήσουσιν,",,,,
Sirach 38:33,SIR,Sirach,38,33,"ἀλλ᾿ εἰς βουλὴν λαοῦ οὐ ζητηθήσονται καὶ ἐν ἐκκλησίᾳ οὐχ ὑπεραλοῦνται· ἐπὶ δίφρον δικαστοῦ οὐ καθιοῦνται καὶ διαθήκην κρίματος οὐ διανοηθήσονται, οὐδὲ μὴ ἐκφάνωσι δικαιοσύνην καὶ κρίμα, καὶ ἐν παραβολαῖς οὐχ εὑρεθήσονται,",,,,
Sirach 38:34,SIR,Sirach,38,34,"ἀλλὰ κτίσμα αἰῶνος στηρίσουσι, καὶ ἡ δέησις αὐτῶν ἐν ἐργασίᾳ τέχνης.",,,,
Sirach 39:1,SIR,Sirach,39,1,"ΠΛΗΝ τοῦ ἐπιδόντος τὴν ψυχὴν αὐτοῦ καὶ διανοουμένου ἐν νόμῳ Ὑψίστου, σοφίαν πάντων ἀρχαίων ἐκζητήσει καὶ ἐν προφητείαις ἀσχοληθήσεται.",,,,
Sirach 39:2,SIR,Sirach,39,2,διηγήσεις ἀνδρῶν ὀνομαστῶν συντηρήσει καὶ ἐν στροφαῖς παραβολῶν συνεισελεύσεται.,,,,
Sirach 39:3,SIR,Sirach,39,3,ἀπόκρυφα παροιμιῶν ἐκζητήσει καὶ ἐν αἰνίγμασι παραβολῶν ἀναστραφήσεται.,,,,
Sirach 39:4,SIR,Sirach,39,4,"ἀνὰ μέσον μεγιστάνων ὑπηρετήσει καὶ ἔναντι ἡγουμένου ὀφθήσεται· ἐν γῇ ἀλλοτρίων ἐθνῶν διελεύσεται, ἀγαθὰ γὰρ καὶ κακὰ ἐν ἀνθρώποις ἐπείρασε.",,,,
Sirach 39:5,SIR,Sirach,39,5,τὴν καρδίαν αὐτοῦ ἐπιδώσει ὀρθρίσαι πρὸς Κύριον τὸν ποιήσαντα αὐτὸν καὶ ἔναντι Ὑψίστου δεηθήσεται· καὶ ἀνοίξει τὸ στόμα αὐτοῦ ἐν προσευχῇ καὶ περὶ τῶν ἁμαρτιῶν αὐτοῦ δεηθήσεται.,,,,
Sirach 39:6,SIR,Sirach,39,6,"ἐὰν Κύριος ὁ μέγας θελήσῃ, πνεύματι συνέσεως ἐμπλησθήσεται· αὐτὸς ἀνομβρήσει ρήματα σοφίας αὐτοῦ, καὶ ἐν προσευχῇ ἐξομολογήσεται Κυρίῳ.",,,,
Sirach 39:7,SIR,Sirach,39,7,αὐτὸς κατευθυνεῖ βουλὴν αὐτοῦ καὶ ἐπιστήμην καὶ ἐν τοῖς ἀποκρύφοις αὐτοῦ διανοηθήσεται·,,,,
Sirach 39:8,SIR,Sirach,39,8,αὐτὸς ἐκφανεῖ παιδείαν διδασκαλίας αὐτοῦ καὶ ἐν νόμῳ διαθήκης Κυρίου καυχήσεται.,,,,
Sirach 39:9,SIR,Sirach,39,9,"αἰνέσουσι τὴν σύνεσιν αὐτοῦ πολλοί, ἕως τοῦ αἰῶνος οὐκ ἐξαλειφθήσεται· οὐκ ἀποστήσεται τὸ μνημόσυνον αὐτοῦ, καὶ ὄνομα αὐτοῦ ζήσεται εἰς γενεὰς γενεῶν.",,,,
Sirach 39:10,SIR,Sirach,39,10,"τὴν σοφίαν αὐτοῦ διηγήσονται ἔθνη, καὶ τὸν ἔπαινον αὐτοῦ ἐξαγγελεῖ ἐκκλησία.",,,,
Sirach 39:11,SIR,Sirach,39,11,"ἐὰν ἐμμείνῃ, ὄνομα καταλείψει ἢ χίλιοι, καὶ ἐὰν ἀναπαύσηται, ἐμποιήσει αὐτῷ.",,,,
Sirach 39:12,SIR,Sirach,39,12,Ἔτι διανοηθεὶς ἐκδιηγήσομαι καὶ ὡς διχομηνία ἐπληρώθην.,,,,
Sirach 39:13,SIR,Sirach,39,13,"εἰσακούσατέ μου, υἱοὶ ὅσιοι, καὶ βλαστήσατε ὡς ρόδον φυόμενον ἐπὶ ρεύματος ὑγροῦ",,,,
Sirach 39:14,SIR,Sirach,39,14,"καὶ ὡς λίβανος εὐωδιάσατε ὀσμὴν καὶ ἀνθήσατε ἄνθος ὡς κρίνον, διάδοτε ὀσμὴν καὶ αἰνέσατε ᾆσμα. εὐλογήσατε Κύριον ἐπὶ πᾶσι τοῖς ἔργοις,",,,,
Sirach 39:15,SIR,Sirach,39,15,"δότε τῷ ὀνόματι αὐτοῦ μεγαλωσύνην καὶ ἐξομολογήσασθε ἐν αἰνέσει αὐτοῦ, ἐν ᾠδαῖς χειλέων καὶ ἐν κινύραις καὶ οὕτως ἐρεῖτε ἐν ἐξομολογήσει·",,,,
Sirach 39:16,SIR,Sirach,39,16,"Τὰ ἔργα Κυρίου πάντα ὅτι καλὰ σφόδρα, καὶ πᾶν πρόσταγμα ἐν καιρῷ αὐτοῦ ἔσται· οὐκ ἔστιν εἰπεῖν· τί τοῦτο; εἰς τί τοῦτο;",,,,
Sirach 39:17,SIR,Sirach,39,17,"πάντα γὰρ ἐν καιρῷ αὐτοῦ ζητηθήσεται. ἐν λόγῳ αὐτοῦ ἔστη ὡς θημωνία ὕδωρ, καὶ ἐν ρήματι στόματος αὐτοῦ ἀποδοχεῖα ὑδάτων.",,,,
Sirach 39:18,SIR,Sirach,39,18,"ἐν προστάγματι αὐτοῦ πᾶσα ἡ εὐδοκία, καὶ οὐκ ἔστιν ὃς ἐλαττώσει τὸ σωτήριον αὐτοῦ.",,,,
Sirach 39:19,SIR,Sirach,39,19,"ἔργα πάσης σαρκὸς ἐνώπιον αὐτοῦ, καὶ οὐκ ἔστι κρυβῆναι ἀπὸ τῶν ὀφθαλμῶν αὐτοῦ.",,,,
Sirach 39:20,SIR,Sirach,39,20,"ἀπὸ τοῦ αἰῶνος εἰς τὸν αἰῶνα ἐπέβλεψε, καὶ οὐθέν ἐστι θαυμάσιον ἐναντίον αὐτοῦ.",,,,
Sirach 39:21,SIR,Sirach,39,21,οὐκ ἔστιν εἰπεῖν· τί τοῦτο; εἰς τί τοῦτο; πάντα γὰρ εἰς χρείας αὐτῶν ἔκτισται.,,,,
Sirach 39:22,SIR,Sirach,39,22,"ἡ εὐλογία αὐτοῦ ὡς ποταμὸς ἐπεκάλυψε, καὶ ὡς κατακλυσμὸς ξηρὰν ἐμέθυσεν.",,,,
Sirach 39:23,SIR,Sirach,39,23,"οὕτως ὀργὴν αὐτοῦ ἔθνη κληρονομήσει, ὡς μετέστρεψεν ὕδατα εἰς ἅλμην.",,,,
Sirach 39:24,SIR,Sirach,39,24,"αἱ ὁδοὶ αὐτοῦ τοῖς ὁσίοις εὐθεῖαι, οὕτως τοῖς ἀνόμοις προσκόμματα.",,,,
Sirach 39:25,SIR,Sirach,39,25,"ἀγαθὰ τοῖς ἀγαθοῖς ἔκτισται ἀπ᾿ ἀρχῆς, οὕτως τοῖς ἁμαρτωλοῖς κακά.",,,,
Sirach 39:26,SIR,Sirach,39,26,"ἀρχὴ πάσης χρείας εἰς ζωὴν ἀνθρώπου, ὕδωρ, πῦρ, καὶ σίδηρος καὶ ἅλας καὶ σεμίδαλις πυροῦ καὶ μέλι καὶ γάλα, αἷμα σταφυλῆς καὶ ἔλαιον καὶ ἱμάτιον.",,,,
Sirach 39:27,SIR,Sirach,39,27,"ταῦτα πάντα τοῖς εὐσεβέσιν εἰς ἀγαθά, οὕτως τοῖς ἁμαρτωλοῖς τραπήσεται εἰς κακά.",,,,
Sirach 39:28,SIR,Sirach,39,28,"ἔστι πνεύματα, ἃ εἰς ἐκδίκησιν ἔκτισται καὶ ἐν θυμῷ αὐτοῦ ἐστερέωσαν μάστιγας αὐτῶν· ἐν καιρῷ συντελείας ἰσχὺν ἐκχεοῦσι καὶ τὸν θυμὸν τοῦ ποιήσαντος αὐτοὺς κοπάσουσι.",,,,
Sirach 39:29,SIR,Sirach,39,29,"πῦρ καὶ χάλαζα καὶ λιμὸς καὶ θάνατος, πάντα ταῦτα εἰς ἐκδίκησιν ἔκτισται·",,,,
Sirach 39:30,SIR,Sirach,39,30,θηρίων ὀδόντες καὶ σκορπίοι καὶ ἔχεις καὶ ρομφαία ἐκδικοῦσα εἰς ὄλεθρον ἀσεβεῖς·,,,,
Sirach 39:31,SIR,Sirach,39,31,ἐν τῇ ἐντολῇ αὐτοῦ εὐφρανθήσονται καὶ ἐπὶ τῆς γῆς εἰς χρείας ἑτοιμασθήσονται καὶ ἐν τοῖς καιροῖς αὐτῶν οὐ παραβήσονται λόγον.,,,,
Sirach 39:32,SIR,Sirach,39,32,διὰ τοῦτο ἐξ ἀρχῆς ἐστηρίχθην καὶ διενοήθην καὶ ἐν γραφῇ ἀφῆκα·,,,,
Sirach 39:33,SIR,Sirach,39,33,τὰ ἔργα Κυρίου πάντα ἀγαθὰ καὶ πᾶσαν χρείαν ἐν ὥρᾳ αὐτῆς χορηγήσει.,,,,
Sirach 39:34,SIR,Sirach,39,34,"καὶ οὐκ ἔστιν εἰπεῖν· τοῦτο τούτου πονηρότερον, πάντα γὰρ ἐν καιρῷ εὐδοκιμηθήσεται.",,,,
Sirach 39:35,SIR,Sirach,39,35,καὶ νῦν ἐν πάσῃ καρδίᾳ καὶ στόματι ὑμνήσατε καὶ εὐλογήσατε τὸ ὄνομα Κυρίου.,,,,
Sirach 40:1,SIR,Sirach,40,1,ΑΣΧΟΛΙΑ μεγάλη ἔκτισται παντὶ ἀνθρώπῳ καὶ ζυγὸς βαρὺς ἐπὶ υἱοὺς Ἀδὰμ ἀφ᾿ ἡμέρας ἐξόδου ἐκ γαστρὸς μητρὸς αὐτῶν ἕως ἡμέρας ἐπιστροφῆς εἰς μητέρα πάντων·,,,,
Sirach 40:2,SIR,Sirach,40,2,"τοὺς διαλογισμοὺς αὐτῶν καὶ φόβον καρδίας, ἐπίνοια προσδοκίας, ἡμέρα τελευτῆς.",,,,
Sirach 40:3,SIR,Sirach,40,3,"ἀπὸ καθημένου ἐπὶ θρόνου ἐν δόξῃ καὶ ἕως τεταπεινωμένου ἐν γῇ καὶ σποδῷ,",,,,
Sirach 40:4,SIR,Sirach,40,4,"ἀπὸ φοροῦντος ὑάκινθον καὶ στέφανον καὶ ἕως περιβαλλομένου ὠμόλινον,",,,,
Sirach 40:5,SIR,Sirach,40,5,θυμὸς καὶ ζῆλος καὶ ταραχὴ καὶ σάλος καὶ φόβος θανάτου καὶ μηνίαμα καὶ ἔρις· καὶ ἐν καιρῷ ἀναπαύσεως ἐπὶ κοίτης ὕπνος νυκτὸς ἀλλοιοῖ γνῶσιν αὐτοῦ.,,,,
Sirach 40:6,SIR,Sirach,40,6,"ὀλίγον ὡς οὐδὲν ἐν ἀναπαύσει, καὶ ἀπ᾿ ἐκείνου ἐν ὕπνοις ὡς ἐν ἡμέρᾳ σκοπιᾶς τεθορυβημένος ἐν ὁράσει καρδίας αὐτοῦ, ὡς ἐκπεφευγὼς ἀπὸ προσώπου πολέμου.",,,,
Sirach 40:7,SIR,Sirach,40,7,ἐν καιρῷ σωτηρίας αὐτοῦ ἐξηγέρθη καὶ ἀποθαυμάζων εἰς οὐδένα φόβον.,,,,
Sirach 40:8,SIR,Sirach,40,8,"μετὰ πάσης σαρκὸς ἀπὸ ἀνθρώπου ἕως κτήνους, καὶ ἐπὶ ἁμαρτωλῶν ἑπταπλάσια πρὸς ταῦτα·",,,,
Sirach 40:9,SIR,Sirach,40,9,"θάνατος καὶ αἷμα καὶ ἔρις καὶ ρομφαία, ἐπαγωγαί, λιμὸς καὶ σύντριμμα καὶ μάστιξ,",,,,
Sirach 40:10,SIR,Sirach,40,10,"ἐπὶ τοὺς ἀνόμους ἐκτίσθη ταῦτα πάντα, καὶ δι᾿ αὐτοὺς ἐγένετο ὁ κατακλυσμός.",,,,
Sirach 40:11,SIR,Sirach,40,11,"πάντα, ὅσα ἀπὸ γῆς, εἰς γῆν ἀναστρέφει, καὶ ἀπὸ ὑδάτων εἰς θάλασσαν ἀνακάμπτει.",,,,
Sirach 40:12,SIR,Sirach,40,12,"Πᾶν δῶρον καὶ ἀδικία ἐξαλειφθήσεται, καὶ πίστις εἰς τὸν αἰῶνα στήσεται.",,,,
Sirach 40:13,SIR,Sirach,40,13,χρήματα ἀδίκων ὡς ποταμὸς ξηρανθήσεται καὶ ὡς βροντὴ μεγάλη ἐν ὑετῷ ἐξηχήσει.,,,,
Sirach 40:14,SIR,Sirach,40,14,"ἐν τῷ ἀνοῖξαι αὐτὸν χεῖρας εὐφρανθήσεται, οὕτως οἱ παραβαίνοντες εἰς συντέλειαν ἐκλείψουσιν.",,,,
Sirach 40:15,SIR,Sirach,40,15,"ἔκγονα ἀσεβῶν οὐ πληθύνει κλάδους, καὶ ρίζαι ἀκάθαρτοι ἐπ᾿ ἀκροτόμου πέτρας·",,,,
Sirach 40:16,SIR,Sirach,40,16,ἄχει ἐπὶ παντὸς ὕδατος καὶ χείλους ποταμοῦ πρὸ παντὸς χόρτου ἐκτιλήσεται.,,,,
Sirach 40:17,SIR,Sirach,40,17,"χάρις ὡς παράδεισος ἐν εὐλογίαις, καὶ ἐλεημοσύνη εἰς τὸν αἰῶνα διαμένει.",,,,
Sirach 40:18,SIR,Sirach,40,18,"Ζωὴ αὐτάρκους ἐργάτου γλυκανθήσεται, καὶ ὑπὲρ ἀμφότερα ὁ εὑρίσκων θησαυρόν.",,,,
Sirach 40:19,SIR,Sirach,40,19,"τέκνα καὶ οἰκοδομὴ πόλεως στηρίζουσιν ὄνομα, καὶ ὑπὲρ ἀμφότερα γυνὴ ἄμωμος λογίζεται.",,,,
Sirach 40:20,SIR,Sirach,40,20,"οἶνος καὶ μουσικὰ εὐφραίνουσι καρδίαν, καὶ ὑπὲρ ἀμφότερα ἀγάπησις σοφίας.",,,,
Sirach 40:21,SIR,Sirach,40,21,"αὐλὸς καὶ ψαλτήριον ἡδύνουσι μέλι, καὶ ὑπὲρ ἀμφότερα γλῶσσα ἡδεῖα.",,,,
Sirach 40:22,SIR,Sirach,40,22,"χάριν καὶ κάλλος ἐπιθυμήσει ὁ ὀφθαλμός σου, καὶ ὑπὲρ ἀμφότερα χλόην σπόρου.",,,,
Sirach 40:23,SIR,Sirach,40,23,"φίλος καὶ ἑταῖρος εἰς καιρὸν ἀπαντῶντες, καὶ ὑπὲρ ἀμφότερα γυνὴ μετὰ ἀνδρός.",,,,
Sirach 40:24,SIR,Sirach,40,24,"ἀδελφοὶ καὶ βοήθεια εἰς καιρὸν θλίψεως, καὶ ὑπὲρ ἀμφότερα ἐλεημοσύνη ρύσεται.",,,,
Sirach 40:25,SIR,Sirach,40,25,"χρυσίον καὶ ἀργύριον ἐπιστήσουσι πόδα, καὶ ὑπὲρ ἀμφότερα βουλὴ εὐδοκιμεῖται.",,,,
Sirach 40:26,SIR,Sirach,40,26,"χρήματα καὶ ἰσχὺς ἀνυψώσουσι καρδίαν, καὶ ὑπὲρ ἀμφότερα φόβος Κυρίου· οὐκ ἔστιν ἐν φόβῳ Κυρίου ἐλάττωσις, καὶ οὐκ ἔστιν ἐπιζητῆσαι ἐν αὐτῷ βοήθειαν·",,,,
Sirach 40:27,SIR,Sirach,40,27,"φόβος Κυρίου ὡς παράδεισος εὐλογίας, καὶ ὑπὲρ πᾶσαν δόξαν ἐκάλυψαν αὐτόν.",,,,
Sirach 40:28,SIR,Sirach,40,28,"Τέκνον, ζωὴν ἐπαιτήσεως μὴ βιώσῃς· κρεῖσσον ἀποθανεῖν ἢ ἐπαιτεῖν.",,,,
Sirach 40:29,SIR,Sirach,40,29,"ἀνὴρ βλέπων εἰς τράπεζαν ἀλλοτρίαν, οὐκ ἔστιν αὐτοῦ ὁ βίος ἐν λογισμῷ ζωῆς, ἀλισγήσει ψυχὴν αὐτοῦ ἐν ἐδέσμασιν ἀλλοτρίοις· ἀνὴρ δὲ ἐπιστήμων καὶ πεπαιδευμένος φυλάξεται.",,,,
Sirach 40:30,SIR,Sirach,40,30,"ἐν στόματι ἀναιδοῦς γλυκανθήσεται ἐπαίτησις, καὶ ἐν κοιλίᾳ αὐτοῦ πῦρ καήσεται.",,,,
Sirach 41:1,SIR,Sirach,41,1,"Ω ΘΑΝΑΤΕ, ὡς πικρόν σου τὸ μνημόσυνόν ἐστιν ἀνθρώπῳ εἰρηνεύοντι ἐν τοῖς ὑπάρχουσιν αὐτοῦ ἀνδρὶ ἀπερισπάστῳ καὶ εὐοδουμένῳ ἐν πᾶσι καὶ ἔτι ἰσχύοντι ἐπιδέξασθαι τροφήν.",,,,
Sirach 41:2,SIR,Sirach,41,2,"ὦ θάνατε, καλόν σου τὸ κρίμα ἐστὶν ἀνθρώπῳ ἐπιδεομένῳ καὶ ἐλασσουμένῳ ἰσχύϊ, ἐσχατογήρῳ καὶ περισπωμένῳ περὶ πάντων καὶ ἀπειθοῦντι καὶ ἀπολωλεκότι ὑπομονήν.",,,,
Sirach 41:3,SIR,Sirach,41,3,"μὴ εὐλαβοῦ κρίμα θανάτου, μνήσθητι προτέρων σου καὶ ἐσχάτων·",,,,
Sirach 41:4,SIR,Sirach,41,4,"τοῦτο τὸ κρίμα παρὰ Κυρίου πάσῃ σαρκί, καὶ τί ἀπαναίνῃ ἐν εὐδοκίᾳ Ὑψίστου; εἴτε δέκα εἴτε ἑκατὸν εἴτε χίλια ἔτη, οὐκ ἔστιν ἐν ᾅδου ἐλεγμὸς ζωῆς.",,,,
Sirach 41:5,SIR,Sirach,41,5,Τέκνα βδελυκτὰ γίνεται τέκνα ἁμαρτωλῶν καὶ συναναστρεφόμενα παροικίαις ἀσεβῶν.,,,,
Sirach 41:6,SIR,Sirach,41,6,"τέκνων ἁμαρτωλῶν ἀπολεῖται κληρονομία, καὶ μετὰ τοῦ σπέρματος αὐτῶν ἐνδελεχιεῖ ὄνειδος.",,,,
Sirach 41:7,SIR,Sirach,41,7,"πατρὶ ἀσεβεῖ μέμψεται τέκνα, ὅτι δι᾿ αὐτὸν ὀνειδισθήσονται.",,,,
Sirach 41:8,SIR,Sirach,41,8,"οὐαὶ ὑμῖν, ἄνδρες ἀσεβεῖς, οἵτινες ἐγκατελίπετε νόμον Θεοῦ Ὑψίστου·",,,,
Sirach 41:9,SIR,Sirach,41,9,"καὶ ἐὰν γεννηθῆτε, εἰς κατάραν γεννηθήσεσθε, καὶ ἐὰν ἀποθάνητε, εἰς κατάραν μερισθήσεσθε.",,,,
Sirach 41:10,SIR,Sirach,41,10,"πάντα ὅσα ἐκ γῆς, εἰς γῆν ἀπελεύσεται, οὕτως ἀσεβεῖς ἀπὸ κατάρας εἰς ἀπώλειαν.",,,,
Sirach 41:11,SIR,Sirach,41,11,"Πένθος ἀνθρώπων ἐν σώμασιν αὐτῶν, ὄνομα δὲ ἁμαρτωλῶν οὐκ ἀγαθὸν ἐξαλειφθήσεται.",,,,
Sirach 41:12,SIR,Sirach,41,12,"φρόντισον περὶ ὀνόματος, αὐτὸ γάρ σοι διαμένει ἢ χίλιοι μεγάλοι θησαυροὶ χρυσίου.",,,,
Sirach 41:13,SIR,Sirach,41,13,"ἀγαθῆς ζωῆς ἀριθμὸς ἡμερῶν, καὶ ἀγαθὸν ὄνομα εἰς αἰῶνα διαμενεῖ.",,,,
Sirach 41:14,SIR,Sirach,41,14,"παιδείαν ἐν εἰρήνῃ συντηρήσατε, τέκνα· σοφία δὲ κεκρυμμένη καὶ θησαυρὸς ἀφανής, τίς ὠφέλεια ἐν ἀμφοτέροις;",,,,
Sirach 41:15,SIR,Sirach,41,15,κρείσσων ἄνθρωπος ἀποκρύπτων τὴν μωρίαν αὐτοῦ ἢ ἄνθρωπος ἀποκρύπτων τὴν σοφίαν αὐτοῦ.,,,,
Sirach 41:16,SIR,Sirach,41,16,"τοιγαροῦν ἐντράπητε ἐπὶ τῷ ρήματί μου· οὐ γάρ ἐστι πᾶσαν αἰσχύνην διαφυλάξαι καλόν, καὶ οὐ πάντα πᾶσιν ἐν πίστει εὐδοκιμεῖται.",,,,
Sirach 41:17,SIR,Sirach,41,17,"αἰσχύνεσθε ἀπὸ πατρὸς καὶ μητρὸς περὶ πορνείας καὶ ἀπὸ ἡγουμένου καὶ δυνάστου περὶ ψεύδους,",,,,
Sirach 41:18,SIR,Sirach,41,18,"ἀπὸ κριτοῦ καὶ ἄρχοντος περὶ πλημμελείας, ἀπὸ συναγωγῆς καὶ λαοῦ περὶ ἀνομίας,",,,,
Sirach 41:19,SIR,Sirach,41,19,"ἀπὸ κοινωνοῦ καὶ φίλου περὶ ἀδικίας καὶ ἀπὸ τόπου, οὗ παροικεῖς, περὶ κλοπῆς,",,,,
Sirach 41:20,SIR,Sirach,41,20,"ἀπὸ ἀληθείας Θεοῦ καὶ διαθήκης καὶ ἀπὸ πήξεως ἀγκῶνος ἐπ᾿ ἄρτοις,",,,,
Sirach 41:21,SIR,Sirach,41,21,"ἀπὸ σκορακισμοῦ λήψεως καὶ δόσεως καὶ ἀπὸ ἀσπαζομένων περὶ σιωπῆς,",,,,
Sirach 41:22,SIR,Sirach,41,22,"ἀπὸ ὁράσεως γυναικὸς ἑταίρας καὶ ἀπὸ ἀποστροφῆς προσώπου συγγενοῦς,",,,,
Sirach 41:23,SIR,Sirach,41,23,"ἀπὸ ἀφαιρέσεως μερίδος καὶ δόσεως καὶ ἀπὸ κατανοήσεως γυναικὸς ὑπάνδρου,",,,,
Sirach 41:24,SIR,Sirach,41,24,"ἀπὸ περιεργείας παιδίσκης αὐτοῦ, καὶ μὴ ἐπιστῇς ἐπὶ τὴν κοίτην αὐτῆς·",,,,
Sirach 41:25,SIR,Sirach,41,25,"ἀπὸ φίλων περὶ λόγων ὀνειδισμοῦ, καὶ μετὰ τὸ δοῦναι μὴ ὀνείδιζε,",,,,
Sirach 41:26,SIR,Sirach,41,26,"ἀπὸ δευτερώσεως καὶ λόγου ἀκοῆς, καὶ ἀπὸ ἀποκαλύψεων λόγων κρυφίων·",,,,
Sirach 41:27,SIR,Sirach,41,27,καὶ ἔσῃ αἰσχυντηρὸς ἀληθινῶς καὶ εὑρίσκων χάριν ἔναντι παντὸς ἀνθρώπου.,,,,
Sirach 42:1,SIR,Sirach,42,1,"ΜΗ περὶ τούτων αἰσχυνθῇς, καὶ μὴ λάβῃς πρόσωπον τοῦ ἁμαρτάνειν·",,,,
Sirach 42:2,SIR,Sirach,42,2,"περὶ νόμου Ὑψίστου καὶ διαθήκης καὶ περὶ κρίματος δικαιῶσαι τὸν ἀσεβῆ,",,,,
Sirach 42:3,SIR,Sirach,42,3,"περὶ λόγου κοινωνοῦ καὶ ὁδοιπόρων καὶ περὶ δόσεως κληρονομίας ἑταίρων,",,,,
Sirach 42:4,SIR,Sirach,42,4,"περὶ ἀκριβείας ζυγοῦ καὶ σταθμίων, περὶ κτήσεως πολλῶν καὶ ὀλίγων,",,,,
Sirach 42:5,SIR,Sirach,42,5,περὶ διαφόρου πράσεως ἐμπόρων καὶ περὶ παιδείας τέκνων πολλῆς καὶ οἰκέτῃ πονηρῷ πλευρὰν αἱμάξαι.,,,,
Sirach 42:6,SIR,Sirach,42,6,"ἐπὶ γυναικὶ πονηρᾷ καλὸν σφραγίς, καὶ ὅπου χεῖρες πολλαί, κλεῖσον·",,,,
Sirach 42:7,SIR,Sirach,42,7,"ὃ ἐὰν παραδίδως, ἐν ἀριθμῷ καὶ σταθμῷ, καὶ δόσις καὶ λῆψις, πάντα ἐν γραφῇ·",,,,
Sirach 42:8,SIR,Sirach,42,8,περὶ παιδείας ἀνοήτου καὶ μωροῦ καὶ ἐσχατογήρου κρινομένου πρὸς νέους· καὶ ἔσῃ πεπαιδευμένος ἀληθινῶς καὶ δεδοκιμασμένος ἔναντι παντὸς ζῶντος.,,,,
Sirach 42:9,SIR,Sirach,42,9,"Θυγάτηρ πατρὶ ἀπόκρυφος ἀγρυπνία, καὶ ἡ μέριμνα αὐτῆς ἀφιστᾷ ὕπνον· ἐν νεότητι αὐτῆς μήποτε παρακμάσῃ, καὶ συνῳκηκυῖα μήποτε μισηθῇ·",,,,
Sirach 42:10,SIR,Sirach,42,10,"ἐν παρθενίᾳ μήποτε βεβηλωθῇ καὶ ἐν τοῖς πατρικοῖς αὐτῆς ἔγκυος γένηται· μετὰ ἀνδρὸς οὖσα μήποτε παραβῇ, καὶ συνῳκηκυῖα, μήποτε στειρωθῇ.",,,,
Sirach 42:11,SIR,Sirach,42,11,"ἐπὶ θυγατρὶ ἀδιατρέπτῳ στερέωσον φυλακήν, μήποτε ποιήσῃ σε ἐπίχαρμα ἐχθροῖς, λαλιὰν ἐν πόλει καὶ ἔκκλητον λαοῦ, καὶ καταισχύνῃ σε ἐν πλήθει πολλῶν.",,,,
Sirach 42:12,SIR,Sirach,42,12,παντὶ ἀνθρώπῳ μὴ ἔμβλεπε ἐν κάλλει καὶ ἐν μέσῳ γυναικῶν μὴ συνέδρευε·,,,,
Sirach 42:13,SIR,Sirach,42,13,ἀπὸ γὰρ ἱματίων ἐκπορεύεται σὴς καὶ ἀπὸ γυναικὸς πονηρία γυναικός.,,,,
Sirach 42:14,SIR,Sirach,42,14,"κρείσσων πονηρία ἀνδρὸς ἢ ἀγαθοποιὸς γυνή, καὶ γυνὴ καταισχύνουσα εἰς ὀνειδισμόν.",,,,
Sirach 42:15,SIR,Sirach,42,15,"Μνησθήσομαι δὴ τὰ ἔργα Κυρίου, καὶ ἃ ἑώρακα ἐκδιηγήσομαι· ἐν λόγοις Κυρίου τὰ ἔργα αὐτοῦ.",,,,
Sirach 42:16,SIR,Sirach,42,16,"ἥλιος φωτίζων κατὰ πᾶν ἐπέβλεψε, καὶ τῆς δόξης αὐτοῦ πλῆρες τὸ ἔργον αὐτοῦ.",,,,
Sirach 42:17,SIR,Sirach,42,17,"οὐκ ἐνεποίησε τοῖς ἁγίοις Κύριος ἐκδιηγήσασθαι πάντα τὰ θαυμάσια αὐτοῦ, ἃ ἐστερέωσε Κύριος ὁ παντοκράτωρ στηριχθῆναι ἐν δόξῃ αὐτοῦ τὸ πᾶν.",,,,
Sirach 42:18,SIR,Sirach,42,18,"ἄβυσσον καὶ καρδίαν ἐξίχνευσε καὶ ἐν πανουργεύμασιν αὐτῶν διενοήθη· ἔγνω γὰρ ὁ Κύριος πᾶσαν εἴδησιν καὶ ἐνέβλεψεν εἰς σημεῖον αἰῶνος,",,,,
Sirach 42:19,SIR,Sirach,42,19,ἀπαγγέλλων τὰ παρεληλυθότα καὶ ἐπεσόμενα καὶ ἀποκαλύπτων ἴχνη ἀποκρύφων.,,,,
Sirach 42:20,SIR,Sirach,42,20,"οὐ παρῆλθεν αὐτὸν πᾶν διανόημα, οὐκ ἐκρύβη ἀπ᾿ αὐτοῦ οὐδὲ εἷς λόγος.",,,,
Sirach 42:21,SIR,Sirach,42,21,"τὰ μεγαλεῖα τῆς σοφίας αὐτοῦ ἐκόσμησε, καὶ ὡς ἔστι πρὸ τοῦ αἰῶνος καὶ εἰς τὸν αἰῶνα· οὔτε προσετέθη οὔτε ἠλαττώθη, καὶ οὐ προσεδεήθη οὐδενὸς συμβούλου.",,,,
Sirach 42:22,SIR,Sirach,42,22,ὡς πάντα τὰ ἔργα αὐτοῦ ἐπιθυμητὰ καὶ ὡς σπινθῆρός ἐστι θεωρῆσαι.,,,,
Sirach 42:23,SIR,Sirach,42,23,"πάντα ταῦτα ζῇ καὶ μένει εἰς τὸν αἰῶνα ἐν πάσαις χρείαις, καὶ πάντα ὑπακούει.",,,,
Sirach 42:24,SIR,Sirach,42,24,"πάντα δισσά, ἓν κατέναντι τοῦ ἑνός, καὶ οὐκ ἐποίησεν οὐδὲν ἐλλεῖπον·",,,,
Sirach 42:25,SIR,Sirach,42,25,"ἓν τοῦ ἑνὸς ἐστερέωσε τὰ ἀγαθά, καὶ τίς πλησθήσεται ὁρῶν δόξαν αὐτοῦ;",,,,
Sirach 43:1,SIR,Sirach,43,1,"ΓΑΥΡΙΑΜΑ ὕψους στερέωμα καθαριότητος, εἶδος οὐρανοῦ ἐν ὁράματι δόξης.",,,,
Sirach 43:2,SIR,Sirach,43,2,"ἥλιος ἐν ὀπτασίᾳ διαγγέλων ἐν ἐξόδῳ, σκεῦος θαυμαστόν, ἔργον Ὑψίστου.",,,,
Sirach 43:3,SIR,Sirach,43,3,"ἐν μεσημβρίᾳ αὐτοῦ ἀναξηραίνει χώραν, καὶ ἐναντίον καύματος αὐτοῦ τίς ὑποστήσεται;",,,,
Sirach 43:4,SIR,Sirach,43,4,"κάμινον φυσῶν ἐν ἔργοις καύματος, τριπλασίως ἥλιος ἐκκαίων ὄρη· ἀτμίδας πυρώδεις ἐκφυσῶν καὶ ἐκλάμπων ἀκτῖνας ἀμαυροῖ ὀφθαλμούς.",,,,
Sirach 43:5,SIR,Sirach,43,5,"μέγας Κύριος ὁ ποιήσας αὐτόν, καὶ ἐν λόγοις αὐτοῦ κατέσπευσε πορείαν.",,,,
Sirach 43:6,SIR,Sirach,43,6,"Καὶ ἡ σελήνη ἐν πᾶσιν εἰς καιρὸν αὐτῆς, ἀνάδειξιν χρόνων καὶ σημεῖον αἰῶνος.",,,,
Sirach 43:7,SIR,Sirach,43,7,"ἀπὸ σελήνης σημεῖον ἑορτῆς, φωστὴρ μειούμενος ἐπὶ συντελείας.",,,,
Sirach 43:8,SIR,Sirach,43,8,"μὴν κατὰ τὸ ὄνομα αὐτῆς ἐστιν, αὐξανομένη θαυμαστῶς ἐν ἀλλοιώσει, σκεῦος παρεμβολῶν ἐν ὕψει, ἐν στερεώματι οὐρανοῦ ἐκλάμπων.",,,,
Sirach 43:9,SIR,Sirach,43,9,"κάλλος οὐρανοῦ, δόξα ἄστρων, κόσμος φωτίζων ἐν ὑψίστοις Κυρίου·",,,,
Sirach 43:10,SIR,Sirach,43,10,ἐν λόγοις ἁγίου στήσονται κατὰ κρίμα καὶ οὐ μὴ ἐκλυθῶσιν ἐν φυλακαῖς αὐτῶν.,,,,
Sirach 43:11,SIR,Sirach,43,11,"ἰδὲ τόξον καὶ εὐλόγησον τὸν ποιήσαντα αὐτό, σφόδρα ὡραῖον ἐν τῷ αὐγάσματι αὐτοῦ·",,,,
Sirach 43:12,SIR,Sirach,43,12,"ἐγύρωσεν οὐρανὸν ἐν κυκλώσει δόξης, χεῖρες Ὑψίστου ἐτάνυσαν αὐτό.",,,,
Sirach 43:13,SIR,Sirach,43,13,Προστάγματι αὐτοῦ κατέσπευσε χιόνα καὶ ταχύνει ἀστραπὰς κρίματος αὐτοῦ.,,,,
Sirach 43:14,SIR,Sirach,43,14,"διὰ τοῦτο ἠνεῴχθησαν θησαυροί, καὶ ἐξέπτησαν νεφέλαι ὡς πετεινά·",,,,
Sirach 43:15,SIR,Sirach,43,15,"ἐν μεγαλείῳ αὐτοῦ ἴσχυσε νεφέλας, καὶ διεθρύβησαν λίθοι χαλάζης·",,,,
Sirach 43:16,SIR,Sirach,43,16,"καὶ ἐν ὀπτασίαις αὐτοῦ σαλευθήσεται ὄρη, ἐν θελήματι πνεύσεται νότος.",,,,
Sirach 43:17,SIR,Sirach,43,17,φωνὴ βροντῆς αὐτοῦ ὠδίνησε γῆν καὶ καταιγὶς Βορέου καὶ συστροφὴ πνεύματος.,,,,
Sirach 43:18,SIR,Sirach,43,18,"ὡς πετεινὰ καθιπτάμενα πάσσει χιόνα, καὶ ὡς ἀκρὶς καταλύουσα ἡ κατάβασς αὐτῆς· κάλλος λευκότητος αὐτῆς ἐκθαυμάσει ὀφθαλμός, καὶ ἐπὶ τοῦ ὑετοῦ αὐτῆς ἐκστήσεται καρδία.",,,,
Sirach 43:19,SIR,Sirach,43,19,"καὶ πάχνην ὡς ἅλα ἐπὶ γῆς χέει, καὶ παγεῖσα γίνεται σκολόπων ἄκρα.",,,,
Sirach 43:20,SIR,Sirach,43,20,"ψυχρὸς ἄνεμος Βορέης πνεύσει, καὶ παγήσεται κρύσταλλος ἐφ᾿ ὕδατος· ἐπὶ πᾶσαν συναγωγὴν ὕδατος καταλύσει, καὶ ὡς θώρακα ἐνδύσεται τὸ ὕδωρ.",,,,
Sirach 43:21,SIR,Sirach,43,21,καταφάγεται ὄρη καὶ ἔρημον ἐκκαύσει καὶ ἀποσβέσει χλόην ὡς πῦρ.,,,,
Sirach 43:22,SIR,Sirach,43,22,"ἴασις πάντων κατὰ σπουδὴν ὁμίχλη, δρόσος ἀπαντῶσα ἀπὸ καύσωνος ἱλαρώσει.",,,,
Sirach 43:23,SIR,Sirach,43,23,"Λογισμῷ αὐτοῦ ἐκόπασεν ἄβυσσον, καὶ ἐφύτευσεν ἐν αὐτῇ νήσους.",,,,
Sirach 43:24,SIR,Sirach,43,24,"οἱ πλέοντες τὴν θάλασσαν διηγοῦνται τὸν κίνδυνον αὐτῆς, καὶ ἀκοαῖς ὠτίων ἡμῶν θαυμάζομεν.",,,,
Sirach 43:25,SIR,Sirach,43,25,"καὶ ἐκεῖ τὰ παράδοξα καὶ θαυμάσια ἔργα, ποικιλία παντὸς ζῴου, κτίσις κητῶν.",,,,
Sirach 43:26,SIR,Sirach,43,26,"δι᾿ αὐτὸν εὐοδοῖ ἄγγελος αὐτοῦ, καὶ ἐν λόγῳ αὐτοῦ σύγκειται πάντα.",,,,
Sirach 43:27,SIR,Sirach,43,27,"Πολλὰ ἐροῦμεν καὶ οὐ μὴ ἐφικώμεθα, καὶ συντέλεια λόγων· τὸ πᾶν ἐστιν αὐτός.",,,,
Sirach 43:28,SIR,Sirach,43,28,δοξάζοντες ποῦ ἰσχύσομεν; αὐτὸς γὰρ ὁ μέγας παρὰ πάντα τὰ ἔργα αὐτοῦ.,,,,
Sirach 43:29,SIR,Sirach,43,29,"φοβερὸς Κύριος καὶ σφόδρα μέγας, καὶ θαυμαστὴ ἡ δυναστεία αὐτοῦ.",,,,
Sirach 43:30,SIR,Sirach,43,30,"δοξάζοντες Κύριον ὑψώσατε, καθόσον ἂν δύνησθε, ὑπερέξει γὰρ καὶ ἔτι· καὶ ὑψοῦντες αὐτὸν πληθύνατε ἐν ἰσχύϊ· μὴ κοπιᾶτε, οὐ γὰρ μὴ ἐφίκησθε.",,,,
Sirach 43:31,SIR,Sirach,43,31,τίς ἑώρακεν αὐτὸν καὶ ἐκδιηγήσεται; καὶ τίς μεγαλυνεῖ αὐτὸν καθώς ἐστι;,,,,
Sirach 43:32,SIR,Sirach,43,32,"πολλὰ ἀπόκρυφά ἐστι μείζονα τούτων, ὀλίγα γὰρ ἑωράκαμεν τῶν ἔργων αὐτοῦ·",,,,
Sirach 43:33,SIR,Sirach,43,33,"πάντα γὰρ ἐποίησεν ὁ Κύριος, καὶ τοῖς εὐσεβέσιν ἔδωκε σοφίαν.",,,,
Sirach 44:1,SIR,Sirach,44,1,ΠΑΤΕΡΩΝ ΥΜΝΟΣ. Αἰνέσωμεν δὴ ἄνδρας ἐνδόξους καὶ τοὺς πατέρας ἡμῶν τῇ γενέσει.,,,,
Sirach 44:2,SIR,Sirach,44,2,"πολλὴν δόξαν ἔκτισεν ὁ Κύριος, τὴν μεγαλωσύνην αὐτοῦ ἀπ᾿ αἰῶνος.",,,,
Sirach 44:3,SIR,Sirach,44,3,"κυριεύοντες ἐν ταῖς βασιλείαις αὐτῶν καὶ ἄνδρες ὀνομαστοὶ ἐν δυνάμει· βουλεύοντες ἐν συνέσει αὐτῶν, ἀπηγγελκότες ἐν προφητείαις·",,,,
Sirach 44:4,SIR,Sirach,44,4,"ἡγούμενοι λαοῦ ἐν διαβουλίοις καὶ συνέσει γραμματείας λαοῦ, σοφοὶ λόγοι ἐν παιδείᾳ αὐτῶν·",,,,
Sirach 44:5,SIR,Sirach,44,5,ἐκζητοῦντες μέλη μουσικῶν καὶ διηγούμενοι ἔπη ἐν γραφῇ·,,,,
Sirach 44:6,SIR,Sirach,44,6,"ἄνδρες πλούσιοι κεχορηγημένοι ἰσχύϊ, εἰρηνεύοντες ἐν παροικίαις αὐτῶν·",,,,
Sirach 44:7,SIR,Sirach,44,7,"πάντες οὗτοι ἐν γενεαῖς ἐδοξάσθησαν, καὶ ἐν ταῖς ἡμέραις αὐτῶν καύχημα.",,,,
Sirach 44:8,SIR,Sirach,44,8,εἰσὶν αὐτῶν οἳ κατέλιπον ὄνομα τοῦ ἐκδιηγήσασθαι ἐπαίνους·,,,,
Sirach 44:9,SIR,Sirach,44,9,καὶ εἰσὶν ὧν οὐκ ἔστι μνημόσυνον καὶ ἀπώλοντο ὡς οὐχ ὑπάρξαντες καὶ ἐγένοντο ὡς οὐ γεγονότες καὶ τὰ τέκνα αὐτῶν μετ᾿ αὐτούς.,,,,
Sirach 44:10,SIR,Sirach,44,10,"ἀλλ᾿ ἢ οὗτοι ἄνδρες ἐλέους, ὧν αἱ δικαιοσύναι οὐκ ἐπελήσθησαν·",,,,
Sirach 44:11,SIR,Sirach,44,11,"μετὰ τοῦ σπέρματος αὐτῶν διαμενεῖ ἀγαθὴ κληρονομία, ἔκγονα αὐτῶν·",,,,
Sirach 44:12,SIR,Sirach,44,12,ἐν ταῖς διαθήκαις ἔστη σπέρμα αὐτῶν καὶ τὰ τέκνα αὐτῶν δι᾿ αὐτούς·,,,,
Sirach 44:13,SIR,Sirach,44,13,"ἕως αἰῶνος μενεῖ σπέρμα αὐτῶν, καὶ ἡ δόξα αὐτῶν οὐκ ἐξαλειφθήσεται·",,,,
Sirach 44:14,SIR,Sirach,44,14,"τὰ σώματα αὐτῶν ἐν εἰρήνῃ ἐτάφη, καὶ τὸ ὄνομα αὐτῶν ζῇ εἰς γενεάς·",,,,
Sirach 44:15,SIR,Sirach,44,15,"σοφίαν αὐτῶν διηγήσονται λαοί, καὶ τὸν ἔπαινον ἐξαγγέλλει ἐκκλησία.",,,,
Sirach 44:16,SIR,Sirach,44,16,"Ἐνὼχ εὐηρέστησε Κυρίῳ καὶ μετετέθη, ὑπόδειγμα μετανοίας ταῖς γενεαῖς.",,,,
Sirach 44:17,SIR,Sirach,44,17,"Νῶε εὑρέθη τέλειος δίκαιος, ἐν καιρῷ ὀργῆς ἐγένετο ἀντάλλαγμα· διὰ τοῦτον ἐγενήθη κατάλειμμα τῇ γῇ, ὅτε ἐγένετο κατακλυσμός·",,,,
Sirach 44:18,SIR,Sirach,44,18,"διαθῆκαι αἰῶνος ἐτέθησαν πρὸς αὐτόν, ἵνα μὴ ἐξαλειφθῇ κατακλυσμῷ πᾶσα σάρξ.",,,,
Sirach 44:19,SIR,Sirach,44,19,"Ἁβραὰμ μέγας πατὴρ πλήθους ἐθνῶν, καὶ οὐχ εὑρέθη ὅμοιος ἐν τῇ δόξῃ·",,,,
Sirach 44:20,SIR,Sirach,44,20,ὃς συνετήρησε νόμον Ὑψίστου καὶ ἐγένετο ἐν διαθήκῃ μετ᾿ αὐτοῦ· ἐν σαρκὶ αὐτοῦ ἔστησε διαθήκην καὶ ἐν πειρασμῷ εὑρέθη πιστός.,,,,
Sirach 44:21,SIR,Sirach,44,21,"διὰ τοῦτο ἐν ὅρκῳ ἔστησεν αὐτῷ ἐνευλογηθῆναι ἔθνη ἐν τῷ σπέρματι αὐτοῦ, πληθῦναι αὐτὸν ὡς χοῦν τῆς γῆς καὶ ὡς ἄστρα ἀνυψῶσαι τὸ σπέρμα αὐτοῦ καὶ κατακληρονομῆσαι αὐτοὺς ἀπὸ θαλάσσης ἕως θαλάσσης καὶ ἀπὸ ποταμοῦ ἕως ἄκρου γῆς.",,,,
Sirach 44:22,SIR,Sirach,44,22,καὶ ἐν τῷ Ἰσαὰκ ἔστησεν οὕτως διὰ Ἁβραὰμ τὸν πατέρα αὐτοῦ εὐλογίαν πάντων ἀνθρώπων καὶ διαθήκην,,,,
Sirach 44:23,SIR,Sirach,44,23,"καὶ κατέπαυσεν ἐπὶ κεφαλὴν Ἰακώβ. ἐπέγνω αὐτὸν ἐν εὐλογίαις αὐτοῦ καὶ ἔδωκεν αὐτῷ ἐν κληρονομίᾳ· καὶ διέστειλε μερίδας αὐτοῦ, ἐν φυλαῖς ἐμέρισε δεκαδύο.",,,,
Sirach 45:1,SIR,Sirach,45,1,"ΚΑΙ ἐξήγαγεν ἐξ αὐτοῦ ἄνδρα ἐλέους εὑρίσκοντα χάριν ἐν ὀφθαλμοῖς πάσης σαρκός, ἠγαπημένον ὑπὸ Θεοῦ καὶ ἀνθρώπων, Μωυσῆν, οὗ τὸ μνημόσυνον ἐν εὐλογίαις·",,,,
Sirach 45:2,SIR,Sirach,45,2,ὡμοίωσεν αὐτὸν δόξῃ ἁγίων καὶ ἐμεγάλυνεν αὐτὸν ἐν φόβοις ἐχθρῶν·,,,,
Sirach 45:3,SIR,Sirach,45,3,"ἐν λόγοις αὐτοῦ σημεῖα κατέπαυσεν, ἐδόξασεν αὐτὸν κατὰ πρόσωπον βασιλέων· ἐνετείλατο αὐτῷ πρὸς λαὸν αὐτοῦ καὶ ἔδειξεν αὐτῷ τῆς δόξης αὐτοῦ·",,,,
Sirach 45:4,SIR,Sirach,45,4,"ἐν πίστει καὶ πραυ±τητι αὐτὸν ἡγίασεν, ἐξελέξατο αὐτὸν ἐκ πάσης σαρκός·",,,,
Sirach 45:5,SIR,Sirach,45,5,"ἠκούτισεν αὐτὸν τῆς φωνῆς αὐτοῦ καὶ εἰσήγαγεν αὐτὸν εἰς τὸν γνόφον καὶ ἔδωκεν αὐτῷ κατὰ πρόσωπον ἐντολάς, νόμον ζωῆς καὶ ἐπιστήμης διδάξαι τὸν Ἰακὼβ διαθήκην καὶ κρίματα αὐτοῦ τὸν Ἰσραήλ.",,,,
Sirach 45:6,SIR,Sirach,45,6,Ἀαρὼν ὕψωσεν ἅγιον ὅμοιον αὐτῷ ἀδελφὸν αὐτοῦ ἐκ φυλῆς Λευΐ·,,,,
Sirach 45:7,SIR,Sirach,45,7,ἔστησεν αὐτῷ διαθήκην αἰῶνος καὶ ἔδωκεν αὐτῷ ἱερατείαν λαοῦ· ἐμακάρισεν αὐτὸν ἐν εὐκοσμίᾳ καὶ περιέζωσεν αὐτὸν στολὴν δόξης·,,,,
Sirach 45:8,SIR,Sirach,45,8,"ἐνέδυσεν αὐτὸν συντέλειαν καυχήματος καὶ ἐστερέωσεν αὐτὸν σκεύεσιν ἰσχύος, περισκελῆ καὶ ποδήρη καὶ ἐπωμίδα,",,,,
Sirach 45:9,SIR,Sirach,45,9,"καὶ ἐκύκλωσεν αὐτὸν ροΐσκοις χρυσοῖς, κώδωσι πλείστοις κυκλόθεν, ἠχῆσαι φωνὴν ἐν βήμασιν αὐτοῦ, ἀκουστὸν ποιῆσαι ἦχον ἐν ναῷ εἰς μνημόσυνον υἱοῖς λαοῦ αὐτοῦ·",,,,
Sirach 45:10,SIR,Sirach,45,10,"στολῇ ἁγίᾳ, χρυσῷ καὶ ὑακίνθῳ καὶ πορφύρᾳ, ἔργῳ ποικιλτοῦ, λογείῳ κρίσεως, δήλοις ἀληθείας, κεκλωσμένῃ κόκκῳ, ἔργῳ τεχνίτου,",,,,
Sirach 45:11,SIR,Sirach,45,11,"λίθοις πολυτελέσι γλύμματος σφραγῖδος, ἐν δέσει χρυσίου, ἔργῳ λιθουργοῦ, εἰς μνημόσυνον ἐν γραφῇ κεκολαμμένῃ κατ᾿ ἀριθμὸν φυλῶν Ἰσραήλ·",,,,
Sirach 45:12,SIR,Sirach,45,12,"στέφανον χρυσοῦν ἐπάνω κιδάρεως, ἐκτύπωμα σφραγῖδος ἁγιάσματος, καύχημα τιμῆς, ἔργον ἰσχύος, ἐπιθυμήματα ὀφθαλμῶν κοσμούμενα ὡραῖα·",,,,
Sirach 45:13,SIR,Sirach,45,13,"πρὸ αὐτοῦ οὐ γέγονε τοιαῦτα ἕως αἰῶνος, οὐκ ἐνεδύσατο ἀλλογενὴς πλὴν τῶν υἱῶν αὐτοῦ μόνον καὶ τὰ ἔκγονα αὐτοῦ διαπαντός.",,,,
Sirach 45:14,SIR,Sirach,45,14,θυσίαι αὐτοῦ ὁλοκαρπωθήσονται καθημέραν ἐνδελεχῶς δίς.,,,,
Sirach 45:15,SIR,Sirach,45,15,ἐπλήρωσε Μωσῆς τὰς χεῖρας καὶ ἔχρισεν αὐτὸν ἐν ἐλαίῳ ἁγίῳ· ἐγενήθη αὐτῷ εἰς διαθήκην αἰώνιον καὶ ἐν τῷ σπέρματι αὐτοῦ ἐν ἡμέραις οὐρανοῦ λειτουργεῖν αὐτῷ ἅμα καὶ ἱερατεύειν καὶ εὐλογεῖν τὸν λαὸν αὐτοῦ ἐν τῷ ὀνόματι αὐτοῦ.,,,,
Sirach 45:16,SIR,Sirach,45,16,"ἐξελέξατο αὐτὸν ἀπὸ παντὸς ζῶντος προσαγαγεῖν κάρπωσιν Κυρίῳ, θυμίαμα καὶ εὐωδίαν εἰς μνημόσυνον, ἐξιλάσκεσθαι περὶ τοῦ λαοῦ σου.",,,,
Sirach 45:17,SIR,Sirach,45,17,ἔδωκεν αὐτὸν ἐν ἐντολαῖς αὐτοῦ ἐξουσίαν ἐν διαθήκαις κριμάτων διδάξαι τὸν Ἰακὼβ τὰ μαρτύρια καὶ ἐν νόμῳ αὐτοῦ φωτίσαι Ἰσραήλ.,,,,
Sirach 45:18,SIR,Sirach,45,18,"ἐπισυνέστησαν αὐτῷ ἀλλότριοι καὶ ἐζήλωσαν αὐτὸν ἐν τῇ ἐρήμῳ, ἄνδρες οἱ περὶ Δαθὰν καὶ Ἀβειρὼν καὶ ἡ συναγωγὴ Κορὲ ἐν θυμῷ καὶ ὀργῇ·",,,,
Sirach 45:19,SIR,Sirach,45,19,"εἶδε Κύριος καὶ οὐκ εὐδόκησε, καὶ συνετελέσθησαν ἐν θυμῷ ὀργῆς· ἐποίησεν αὐτοῖς τέρατα καταναλῶσαι ἐν πυρὶ φλογὸς αὐτοῦ.",,,,
Sirach 45:20,SIR,Sirach,45,20,"καὶ προσέθηκεν Ἀαρὼν δόξαν καὶ ἔδωκεν αὐτῷ κληρονομίαν· ἀπαρχὰς πρωτογεννημάτων ἐμέρισεν αὐτῷ, ἄρτον πρώτοις ἡτοίμασε πλησμονήν·",,,,
Sirach 45:21,SIR,Sirach,45,21,"καὶ γὰρ θυσίας Κυρίου φάγονται, ἃς ἔδωκεν αὐτῷ τε καὶ τῷ σπέρματι αὐτοῦ.",,,,
Sirach 45:22,SIR,Sirach,45,22,"πλὴν ἐν γῇ λαοῦ οὐ κληρονομήσει, καὶ μερὶς οὐκ ἔστιν αὐτῷ ἐν λαῷ, αὐτὸς γὰρ μερίς σου καὶ κληρονομία.",,,,
Sirach 45:23,SIR,Sirach,45,23,"Καὶ Φινεὲς υἱὸς Ἐλεάζαρ τρίτος εἰς δόξαν ἐν τῷ ζηλῶσαι αὐτὸν ἐν φόβῳ Κυρίου καὶ στῆναι αὐτὸν ἐν τροπῇ λαοῦ, ἐν ἀγαθότητι προθυμίας ψυχῆς αὐτοῦ· καὶ ἐξιλάσατο περὶ τοῦ Ἰσραήλ.",,,,
Sirach 45:24,SIR,Sirach,45,24,"διὰ τοῦτο ἐστάθη αὐτῷ διαθήκη εἰρήνης προστατεῖν ἁγίων καὶ λαοῦ αὐτοῦ, ἵνα αὐτῷ ᾖ καὶ τῷ σπέρματι αὐτοῦ ἱερωσύνης μεγαλεῖον εἰς τοὺς αἰῶνας.",,,,
Sirach 45:25,SIR,Sirach,45,25,"καὶ διαθήκην τῷ Δαυὶδ υἱῷ Ἰεσσαὶ ἐκ φυλῆς Ἰούδα, κληρονομία βασιλέως υἱοῦ ἐξ υἱοῦ μόνου· κληρονομία Ἀαρὼν καὶ τῷ σπέρματι αὐτοῦ.",,,,
Sirach 45:26,SIR,Sirach,45,26,"δῴη ὑμῖν σοφίαν ἐν καρδίᾳ ὑμῶν κρίνειν τὸν λαὸν αὐτοῦ ἐν δικαιοσύνῃ, ἵνα μὴ ἀφανισθῇ τὰ ἀγαθὰ αὐτῶν καὶ τὴν δόξαν αὐτῶν εἰς γενεὰς αὐτῶν.",,,,
Sirach 46:1,SIR,Sirach,46,1,"ΚΡΑΤΑΙΟΣ ἐν πολέμοις Ἰησοῦς Ναυῆ καὶ διάδοχος Μωυσῆ ἐν προφητείαις, ὃς ἐγένετο κατὰ τὸ ὄνομα αὐτοῦ μέγας ἐπὶ σωτηρίᾳ ἐκλεκτῶν αὐτοῦ ἐκδικῆσαι ἐπεγειρομένους ἐχθρούς, ὅπως κατακληρονομήσῃ τὸν Ἰσραήλ.",,,,
Sirach 46:2,SIR,Sirach,46,2,ὡς ἐδοξάσθη ἐν τῷ ἐπᾶραι χεῖρας αὐτοῦ καὶ ἐν τῷ ἐκτεῖναι ρομφαίαν ἐπὶ πόλεις.,,,,
Sirach 46:3,SIR,Sirach,46,3,τίς πρότερον αὐτοῦ οὕτως ἔστη; τοὺς γὰρ πολεμίους Κύριος αὐτὸς ἐπήγαγεν.,,,,
Sirach 46:4,SIR,Sirach,46,4,οὐχὶ ἐν χειρὶ αὐτοῦ ἀνεπόδισεν ὁ ἥλιος καὶ μία ἡμέρα ἐγενήθη πρὸς δύο;,,,,
Sirach 46:5,SIR,Sirach,46,5,"ἐπεκαλέσατο τὸν Ὓψιστον δυνάστην ἐν τῷ θλῖψαι αὐτὸν ἐχθροὺς κυκλόθεν, καὶ ἐπήκουσεν αὐτῶν μέγας Κύριος ἐν λίθοις χαλάζης δυνάμεως κραταιᾶς·",,,,
Sirach 46:6,SIR,Sirach,46,6,"κατέρραξεν ἐπ᾿ ἔθνος πόλεμον καὶ ἐν καταβάσει ἀπώλεσεν ἀνθεστηκότας, ἵνα γνῶσιν ἔθνη πανοπλίαν αὐτοῦ ὅτι ἐναντίον Κυρίου ὁ πόλεμος αὐτοῦ· καὶ γὰρ ἐπηκολούθησεν ὀπίσω δυνάστου.",,,,
Sirach 46:7,SIR,Sirach,46,7,"Καὶ ἐν ἡμέραις Μωυσέως ἐποίησεν ἔλεος, αὐτὸς καὶ Χάλεβ υἱὸς Ἰεφοννῆ, ἀντιστῆναι ἔναντι ἐκκλησίας, κωλῦσαι λαὸν ἀπὸ ἁμαρτίας καὶ κοπάσαι γογγυσμὸν πονηρίας.",,,,
Sirach 46:8,SIR,Sirach,46,8,"καὶ αὐτοὶ δύο ὄντες διεσώθησαν ἀπὸ ἑξακοσίων χιλιάδων πεζῶν, εἰσαγαγεῖν αὐτοὺς εἰς κληρονομίαν, εἰς γῆν ρέουσαν γάλα καὶ μέλι.",,,,
Sirach 46:9,SIR,Sirach,46,9,"καὶ ἔδωκεν ὁ Κύριος τῷ Χάλεβ ἰσχύν, καὶ ἕως γήρους διέμεινεν αὐτῷ ἐπιβῆναι αὐτὸν ἐπὶ τὸ ὕψος τῆς γῆς, καὶ τὸ σπέρμα αὐτοῦ κατέσχε κληρονομίαν,",,,,
Sirach 46:10,SIR,Sirach,46,10,ὅπως ἴδωσι πάντες οἱ υἱοὶ Ἰσραὴλ ὅτι καλὸν τὸ πορεύεσθαι ὀπίσω Κυρίου.,,,,
Sirach 46:11,SIR,Sirach,46,11,"Καὶ οἱ κριταί, ἕκαστος τῷ αὐτοῦ ὀνόματι, ὅσων οὐκ ἐξεπόρνευσεν ἡ καρδία καὶ ὅσοι οὐκ ἀπεστράφησαν ἀπὸ Κυρίου, εἴη τὸ μνημόσυνον αὐτῶν ἐν εὐλογίαις·",,,,
Sirach 46:12,SIR,Sirach,46,12,τὰ ὀστᾶ αὐτῶν ἀναθάλοι ἐκ τοῦ τόπου αὐτῶν καὶ τὸ ὄνομα αὐτῶν ἀντικαταλλασσόμενον ἐφ᾿ υἱοῖς δεδοξασμένων αὐτῶν.,,,,
Sirach 46:13,SIR,Sirach,46,13,Ἠγαπημένος ὑπὸ Κυρίου αὐτοῦ Σαμουὴλ προφήτης Κυρίου κατέστησε βασιλείαν καὶ ἔχρισεν ἄρχοντας ἐπὶ τὸν λαὸν αὐτοῦ·,,,,
Sirach 46:14,SIR,Sirach,46,14,"ἐν νόμῳ Κυρίου ἔκρινε συναγωγήν, καὶ ἐπεσκέψατο Κύριος τὸν Ἰακώβ·",,,,
Sirach 46:15,SIR,Sirach,46,15,ἐν πίστει αὐτοῦ ἠκριβάσθη προφήτης καὶ ἐγνώσθη ἐν πίστει αὐτοῦ πιστὸς ὁράσεως.,,,,
Sirach 46:16,SIR,Sirach,46,16,καὶ ἐπεκαλέσατο τὸν Κύριον δυνάστην ἐν τῷ θλῖψαι ἐχθροὺς αὐτοῦ κυκλόθεν ἐν προσφορᾷ ἀρνὸς γαλαθηνοῦ·,,,,
Sirach 46:17,SIR,Sirach,46,17,καὶ ἐβρόντησεν ἀπ᾿ οὐρανοῦ Κύριος καὶ ἐν ἤχῳ μεγάλῳ ἀκουστὴν ἐποίησε τὴν φωνὴν αὐτοῦ,,,,
Sirach 46:18,SIR,Sirach,46,18,καὶ ἐξέτριψεν ἡγουμένους Τυρίων καὶ πάντας ἄρχοντας Φυλιστιείμ.,,,,
Sirach 46:19,SIR,Sirach,46,19,καὶ πρὸ καιροῦ κοιμήσεως αἰῶνος ἐπεμαρτύρατο ἔναντι Κυρίου καὶ χριστοῦ αὐτοῦ· χρήματα καὶ ἕως ὑποδημάτων ἀπὸ πάσης σαρκὸς οὐκ εἴληφα· καὶ οὐκ ἐνεκάλεσεν αὐτῷ ἄνθρωπος.,,,,
Sirach 46:20,SIR,Sirach,46,20,καὶ μετὰ τὸ ὑπνῶσαι αὐτὸν ἐπροφήτευσε καὶ ὑπέδειξε βασιλεῖ τὴν τελευτὴν αὐτοῦ καὶ ἀνύψωσεν ἐκ γῆς τὴν φωνὴν αὐτοῦ ἐν προφητείᾳ ἐξαλεῖψαι ἀνομίαν λαοῦ.,,,,
Sirach 47:1,SIR,Sirach,47,1,ΚΑΙ μετὰ τοῦτο ἀνέστη Νάθαν προφητεύειν ἐν ἡμέραις Δαυίδ.,,,,
Sirach 47:2,SIR,Sirach,47,2,"ὥσπερ στέαρ ἀφωρισμένον ἀπὸ σωτηρίου, οὕτως Δαυὶδ ἀπὸ τῶν υἱῶν Ἰσραήλ.",,,,
Sirach 47:3,SIR,Sirach,47,3,ἐν λέουσιν ἔπαιξεν ὡς ἐν ἐρίφοις καὶ ἐν ἄρκοις ὡς ἐν ἄρνασι προβάτων.,,,,
Sirach 47:4,SIR,Sirach,47,4,ἐν νεότητι αὐτοῦ οὐχὶ ἀπέκτεινε γίγαντα καὶ ἐξῇρεν ὀνειδισμὸν ἐκ λαοῦ ἐν τῷ ἐπᾶραι χεῖρα ἐν λίθῳ σφενδόνης καὶ καταβαλεῖν γαυρίαμα τοῦ Γολιάθ;,,,,
Sirach 47:5,SIR,Sirach,47,5,"ἐπεκαλέσατο γὰρ Κύριον τὸν Ὓψιστον καὶ ἔδωκεν ἐν τῇ δεξιᾷ αὐτοῦ κράτος ἐξᾶραι ἄνθρωπον δυνατὸν ἐν πολέμῳ, ἀνυψῶσαι κέρας λαοῦ αὐτοῦ.",,,,
Sirach 47:6,SIR,Sirach,47,6,οὕτως ἐν μυριάσιν ἐδόξασαν αὐτὸν καὶ ᾔνεσαν αὐτὸν ἐν εὐλογίαις Κυρίου ἐν τῷ φέρεσθαι αὐτῷ διάδημα δόξης·,,,,
Sirach 47:7,SIR,Sirach,47,7,ἐξέτριψε γὰρ ἐχθροὺς κυκλόθεν καὶ ἐξουδένωσε Φυλιστιεὶμ τοὺς ὑπεναντίους· ἕως σήμερον συνέτριψεν αὐτῶν κέρας.,,,,
Sirach 47:8,SIR,Sirach,47,8,ἐν παντὶ ἔργῳ αὐτοῦ ἔδωκεν ἐξομολόγησιν ἁγίῳ Ὑψίστῳ ρήματι δόξης· ἐν πάσῃ καρδίᾳ αὐτοῦ ὕμνησε καὶ ἠγάπησε τὸν ποιήσαντα αὐτόν.,,,,
Sirach 47:9,SIR,Sirach,47,9,καὶ ἔστησε ψαλτῳδοὺς κατέναντι τοῦ θυσιαστηρίου καὶ ἐξ ἠχοῦς αὐτῶν γλυκαίνειν μέλη·,,,,
Sirach 47:10,SIR,Sirach,47,10,ἔδωκεν ἐν ἑορταῖς εὐπρέπειαν καὶ ἐκόσμησε καιροὺς μέχρι συντελείας ἐν τῷ αἰνεῖν αὐτοὺς τὸ ἅγιον ὄνομα αὐτοῦ καὶ ἀπὸ πρωΐ ἠχεῖν τὸ ἁγίασμα.,,,,
Sirach 47:11,SIR,Sirach,47,11,Κύριος ἀφεῖλε τὰς ἁμαρτίας αὐτοῦ καὶ ἀνύψωσεν εἰς αἰῶνα τὸ κέρας αὐτοῦ καὶ ἔδωκεν αὐτῷ διαθήκην βασιλέων καὶ θρόνον δόξης ἐν τῷ Ἰσραήλ.,,,,
Sirach 47:12,SIR,Sirach,47,12,Μετὰ τοῦτον ἀνέστη υἱὸς ἐπιστήμων καὶ δι᾿ αὐτὸν κατέλυσεν ἐν πλατυσμῷ·,,,,
Sirach 47:13,SIR,Sirach,47,13,"Σαλωμὼν ἐβασίλευσεν ἐν ἡμέραις εἰρήνης, ᾧ ὁ Θεὸς κατέπαυσε κυκλόθεν, ἵνα στήσῃ οἶκον ἐπ᾿ ὀνόματι αὐτοῦ καὶ ἑτοιμάσῃ ἁγίασμα εἰς τὸν αἰῶνα.",,,,
Sirach 47:14,SIR,Sirach,47,14,ὡς ἐσοφίσθης ἐν νεότητί σου καὶ ἐνεπλήσθης ὡς ποταμὸς συνέσεως.,,,,
Sirach 47:15,SIR,Sirach,47,15,"γῆν ἐπεκάλυψεν ἡ ψυχή σου, καὶ ἐνέπλησας ἐν παραβολαῖς αἰνιγμάτων·",,,,
Sirach 47:16,SIR,Sirach,47,16,"εἰς νήσους πόρρω ἀφίκετο τὸ ὄνομά σου, καὶ ἠγαπήθης ἐν τῇ εἰρήνῃ σου·",,,,
Sirach 47:17,SIR,Sirach,47,17,ἐν ᾠδαῖς καὶ παροιμίαις καὶ παραβολαῖς καὶ ἐν ἑρμηνείαις ἀπεθαύμασάν σε χῶραι.,,,,
Sirach 47:18,SIR,Sirach,47,18,"ἐν ὀνόματι Κυρίου τοῦ Θεοῦ τοῦ ἐπικεκλημένου Θεοῦ Ἰσραήλ, συνήγαγες ὡς κασσίτερον τὸ χρυσίον καὶ ὡς μόλυβδον ἐπλήθυνας ἀργύριον.",,,,
Sirach 47:19,SIR,Sirach,47,19,παρανέκλινας τὰς λαγόνας σου γυναιξὶ καὶ ἐνεξουσιάσθης ἐν τῷ σώματί σου·,,,,
Sirach 47:20,SIR,Sirach,47,20,"ἔδωκας μῶμον ἐν τῇ δόξῃ σου καὶ ἐβεβήλωσας τὸ σπέρμα σου ἐπαγαγεῖν ὀργὴν ἐπὶ τὰ τέκνα σου καὶ κατενύγην ἐπὶ τῇ ἀφροσύνῃ σου,",,,,
Sirach 47:21,SIR,Sirach,47,21,γενέσθαι δίχα τυραννίδα καὶ ἐξ Ἐφραὶμ ἄρξαι βασιλείαν ἀπειθῆ.,,,,
Sirach 47:22,SIR,Sirach,47,22,"ὁ δὲ Κύριος οὐ μὴ καταλίπῃ τὸ ἔλεος αὐτοῦ καὶ οὐ μὴ διαφθείρῃ ἀπὸ τῶν ἔργων αὐτοῦ, οὐδὲ μὴ ἐξαλείψῃ ἐκλεκτοῦ αὐτοῦ ἔκγονα καὶ σπέρμα τοῦ ἀγαπήσαντος αὐτὸν οὐ μὴ ἐξάρῃ· καὶ τῷ Ἰακὼβ ἔδωκε κατάλειμμα καὶ τῷ Δαυὶδ ἐξ αὐτοῦ ρίζαν.",,,,
Sirach 47:23,SIR,Sirach,47,23,"Καὶ ἀνεπαύσατο Σαλωμὼν μετὰ τῶν πατέρων αὐτοῦ καὶ κατέλιπε μετ᾿ αὐτὸν ἐκ τοῦ σπέρματος αὐτοῦ λαοῦ ἀφροσύνην καὶ ἐλασσούμενον συνέσει, Ροβοάμ, ὃς ἀπέστησε λαὸν ἐκ βουλῆς αὐτοῦ, καὶ Ἱεροβοὰμ υἱὸν Ναβάτ, ὃς ἐξήμαρτε τὸν Ἰσραὴλ καὶ ἔδωκε τῷ Ἐφραὶμ ὁδὸν ἁμαρτίας.",,,,
Sirach 47:24,SIR,Sirach,47,24,καὶ ἐπληθύνθησαν αἱ ἁμαρτίαι αὐτῶν σφόδρα ἀποστῆσαι αὐτοὺς ἀπὸ τῆς γῆς αὐτῶν·,,,,
Sirach 47:25,SIR,Sirach,47,25,"καὶ πᾶσαν πονηρίαν ἐξεζήτησαν, ἕως ἐκδίκησις ἔλθῃ ἐπ᾿ αὐτούς.",,,,
Sirach 48:1,SIR,Sirach,48,1,"ΚΑΙ ἀνέστη Ἠλίας προφήτης ὡς πῦρ, καὶ ὁ λόγος αὐτοῦ ὡς λαμπὰς ἐκαίετο·",,,,
Sirach 48:2,SIR,Sirach,48,2,ὃς ἐπήγαγεν ἐπ᾿ αὐτοὺς λιμὸν καὶ τῷ ζήλῳ αὐτοῦ ὠλιγοποίησεν αὐτούς·,,,,
Sirach 48:3,SIR,Sirach,48,3,"ἐν λόγῳ Κυρίου ἀνέσχεν οὐρανόν, κατήγαγεν οὕτως τρὶς πῦρ.",,,,
Sirach 48:4,SIR,Sirach,48,4,"ὡς ἐδοξάσθης, Ἠλία, ἐν τοῖς θαυμασίοις σου· καὶ τίς ὅμοιός σοι καυχᾶσθαι;",,,,
Sirach 48:5,SIR,Sirach,48,5,ὁ ἐγείρας νεκρὸν ἐκ θανάτου καὶ ἐξ ᾅδου ἐν λόγῳ Ὑψίστου·,,,,
Sirach 48:6,SIR,Sirach,48,6,ὁ καταγαγὼν βασιλεῖς εἰς ἀπώλειαν καὶ δεδοξασμένους ἀπὸ κλίνης αὐτῶν·,,,,
Sirach 48:7,SIR,Sirach,48,7,ὁ ἀκούων ἐν Σινᾷ ἐλεγμὸν καὶ ἐν Χωρὴβ κρίματα ἐκδικήσεως·,,,,
Sirach 48:8,SIR,Sirach,48,8,ὁ χρίων βασιλεῖς εἰς ἀνταπόδομα καὶ προφήτας διαδόχους μετ᾿ αὐτόν·,,,,
Sirach 48:9,SIR,Sirach,48,9,ὁ ἀναληφθεὶς ἐν λαίλαπι πυρὸς ἐν ἅρματι ἵππων πυρίνων·,,,,
Sirach 48:10,SIR,Sirach,48,10,"ὁ καταγραφεὶς ἐν ἐλεγμοῖς εἰς καιροὺς κοπάσαι ὀργὴν πρὸ θυμοῦ, ἐπιστρέψαι καρδίαν πατρὸς πρὸς υἱὸν καὶ καταστῆσαι φυλὰς Ἰακώβ.",,,,
Sirach 48:11,SIR,Sirach,48,11,"μακάριοι οἱ ἰδόντες σε καὶ οἱ ἐν ἀγαπήσει κεκοσμημένοι, καὶ γὰρ ἡμεῖς ζωῇ ζησόμεθα.",,,,
Sirach 48:12,SIR,Sirach,48,12,"Ἠλίας, ὃς ἐν λαίλαπι ἐσκεπάσθη, καὶ Ἐλισαιὲ ἐνεπλήσθη πνεύματος αὐτοῦ· καὶ ἐν ἡμέραις αὐτοῦ οὐκ ἐσαλεύθη ὑπὸ ἄρχοντος, καὶ οὐ κατεδυνάστευσεν αὐτὸν οὐδείς.",,,,
Sirach 48:13,SIR,Sirach,48,13,"πᾶς λόγος οὐχ ὑπερῇρεν αὐτόν, καὶ ἐν κοιμήσει ἐπροφήτευσε τὸ σῶμα αὐτοῦ·",,,,
Sirach 48:14,SIR,Sirach,48,14,"καὶ ἐν ζωῇ αὐτοῦ ἐποίησε τέρατα, καὶ ἐν τελευτῇ θαυμάσια τὰ ἔργα αὐτοῦ.",,,,
Sirach 48:15,SIR,Sirach,48,15,"Ἐν πᾶσι τούτοις οὐ μετενόησεν ὁ λαὸς καὶ οὐκ ἀπέστησαν ἀπὸ τῶν ἁμαρτιῶν αὐτῶν, ἕως ἐπρονομεύθησαν ἀπὸ τῆς γῆς αὐτῶν καὶ ἐσκορπίσθησαν ἐν πάσῃ τῇ γῇ. καὶ κατελείφθη ὁ λαὸς ὀλιγοστός, καὶ ἄρχων τῷ οἴκῳ Δαυίδ·",,,,
Sirach 48:16,SIR,Sirach,48,16,"τινὲς μὲν αὐτῶν ἐποίησαν τὸ ἀρεστόν, τινὲς δὲ ἐπλήθυναν ἁμαρτίας.",,,,
Sirach 48:17,SIR,Sirach,48,17,"Ἐζεκίας ὠχύρωσε τὴν πόλιν αὐτοῦ καὶ εἰσήγαγεν εἰς τὸ μέσον αὐτῆς ὕδωρ, ὤρυξε σιδήρῳ ἀκρότομον καὶ ᾠκοδόμησε κρήνας εἰς ὕδατα.",,,,
Sirach 48:18,SIR,Sirach,48,18,"ἐν ἡμέραις αὐτοῦ ἀνέβη Σενναχηρὶμ καὶ ἀπέστειλε Ραψάκην, καὶ ἀπῇρε· καὶ ἐπῇρεν ἡ χεὶρ αὐτοῦ ἐπὶ Σιὼν καὶ ἐμεγαλαύχησεν ἐν ὑπερηφανίᾳ αὐτοῦ.",,,,
Sirach 48:19,SIR,Sirach,48,19,"τότε ἐσαλεύθησαν καρδίαι καὶ χεῖρες αὐτῶν, καὶ ὠδίνησαν ὡς αἱ τίκτουσαι·",,,,
Sirach 48:20,SIR,Sirach,48,20,καὶ ἐπεκαλέσαντο τὸν Κύριον τὸν ἐλεήμονα ἐκπετάσαντες τὰς χεῖρας αὐτῶν πρὸς αὐτόν. καὶ ὁ ἅγιος ἐξ οὐρανοῦ ταχὺ ἐπήκουσεν αὐτῶν καὶ ἐλυτρώσατο αὐτοὺς ἐν χειρὶ Ἡσαΐου.,,,,
Sirach 48:21,SIR,Sirach,48,21,ἐπάταξε τὴν παρεμβολὴν τῶν Ἀσσυρίων. καὶ ἐξέτριψεν αὐτοὺς ὁ ἄγγελος αὐτοῦ.,,,,
Sirach 48:22,SIR,Sirach,48,22,"ἐποίησε γὰρ Ἐζεκίας τὸ ἀρεστὸν Κυρίῳ καὶ ἐνίσχυσεν ἐν ὁδοῖς Δαυὶδ τοῦ πατρὸς αὐτοῦ, ἃς ἐνετείλατο Ἡσαΐας ὁ προφήτης, ὁ μέγας καὶ πιστὸς ἐν ὁράσει αὐτοῦ.",,,,
Sirach 48:23,SIR,Sirach,48,23,ἐν ταῖς ἡμέραις αὐτοῦ ἀνεπόδισεν ὁ ἥλιος καὶ προσέθηκε ζωὴν βασιλεῖ.,,,,
Sirach 48:24,SIR,Sirach,48,24,πνεύματι μεγάλῳ εἶδε τὰ ἔσχατα καὶ παρεκάλεσε τοὺς πενθοῦντας ἐν Σιών·,,,,
Sirach 48:25,SIR,Sirach,48,25,ἕως τοῦ αἰῶνος ὑπέδειξε τὰ ἐσόμενα καὶ τὰ ἀπόκρυφα πρὶν ἢ παραγενέσθαι αὐτά.,,,,
Sirach 49:1,SIR,Sirach,49,1,ΜΝΗΜΟΣΥΝΟΝ Ἰωσίου εἰς σύνθεσιν θυμιάματος ἐσκευασμένον ἔργῳ μυρεψοῦ· ἐν παντὶ στόματι ὡς μέλι γλυκανθήσεται καὶ ὡς μουσικὰ ἐν συμποσίῳ οἴνου.,,,,
Sirach 49:2,SIR,Sirach,49,2,αὐτὸς κατηυθύνθη ἐν ἐπιστροφῇ λαοῦ καὶ ἐξῇρε βδελύγματα ἀνομίας·,,,,
Sirach 49:3,SIR,Sirach,49,3,"κατεύθυνε πρὸς Κύριον τὴν καρδίαν αὐτοῦ, ἐν ἡμέραις ἀνόμων κατίσχυσε τὴν εὐσέβειαν.",,,,
Sirach 49:4,SIR,Sirach,49,4,"Πάρεξ Δαυὶδ καὶ Ἐζεκίου καὶ Ἰωσίου, πάντες πλημμέλειαν ἐπλημμέλησαν· κατέλιπον γὰρ τὸν νόμον τοῦ Ὑψίστου, οἱ βασιλεῖς Ἰούδα ἐξέλιπον·",,,,
Sirach 49:5,SIR,Sirach,49,5,ἔδωκαν γὰρ τὸ κέρας αὐτῶν ἑτέροις καὶ τὴν δόξαν αὐτῶν ἔθνει ἀλλοτρίῳ.,,,,
Sirach 49:6,SIR,Sirach,49,6,ἐνεπύρισαν ἐκλεκτὴν πόλιν ἁγιάσματος καὶ ἠρήμωσαν τὰς ὁδοὺς αὐτῆς ἐν χειρὶ Ἱερεμίου·,,,,
Sirach 49:7,SIR,Sirach,49,7,"ἐκάκωσαν γὰρ αὐτόν, καὶ αὐτὸς ἐν μήτρᾳ ἡγιάσθη προφήτης ἐκριζοῦν καὶ κακοῦν καὶ ἀπολλύειν, ὡσαύτως οἰκοδομεῖν καὶ καταφυτεύειν.",,,,
Sirach 49:8,SIR,Sirach,49,8,"Ἰεζεκιὴλ ὃς εἶδεν ὅρασιν δόξης, ἣν ὑπέδειξεν αὐτῷ ἐπὶ ἅρματος Χερουβίμ·",,,,
Sirach 49:9,SIR,Sirach,49,9,καὶ γὰρ ἐμνήσθη τῶν ἐχθρῶν ἐν ὄμβρῳ καὶ ἀγαθῶσαι τοὺς εὐθύνοντας ὁδούς.,,,,
Sirach 49:10,SIR,Sirach,49,10,καὶ τῶν δώδεκα προφητῶν τὰ ὀστᾶ ἀναθάλοι ἐκ τοῦ τόπου αὐτῶν· παρεκάλεσε δὲ τὸν Ἰακὼβ καὶ ἐλυτρώσατο αὐτοὺς ἐν πίστει ἐλπίδος.,,,,
Sirach 49:11,SIR,Sirach,49,11,"Πῶς μεγαλύνωμεν τὸν Ζοροβάβελ; καὶ αὐτὸς ὡς σφραγὶς ἐπὶ δεξιᾶς χειρός,",,,,
Sirach 49:12,SIR,Sirach,49,12,"οὕτως Ἰησοῦς υἱὸς Ἰωσεδέκ, οἳ ἐν ἡμέραις αὐτῶν ᾠκοδόμησαν οἶκον καὶ ἀνύψωσαν λαὸν ἅγιον Κυρίῳ ἡτοιμασμένον εἰς δόξαν αἰῶνος.",,,,
Sirach 49:13,SIR,Sirach,49,13,καὶ Νεεμίου ἐπὶ πολὺ τὸ μνημόσυνον τοῦ ἐγείραντος ἡμῖν τείχη πεπτωκότα καὶ στήσαντος πύλας καὶ μοχλοὺς καὶ ἀνεγείραντος τὰ οἰκόπεδα ἡμῶν.,,,,
Sirach 49:14,SIR,Sirach,49,14,Οὐδὲ εἷς ἐκτίσθη οἷος Ἐνὼχ τοιοῦτος ἐπὶ τῆς γῆς· καὶ γὰρ αὐτὸς ἀνελήφθη ἀπὸ τῆς γῆς.,,,,
Sirach 49:15,SIR,Sirach,49,15,"οὐδὲ ὡς Ἰωσὴφ ἐγεννήθη ἀνὴρ ἡγούμενος ἀδελφῶν, στήριγμα λαοῦ, καὶ τὰ ὀστᾶ αὐτοῦ ἐπεσκέπησαν.",,,,
Sirach 49:16,SIR,Sirach,49,16,Σὴμ καὶ Σὴθ ἐν ἀνθρώποις ἐδοξάσθησαν καὶ ὑπὲρ πᾶν ζῷον ἐν τῇ κτίσει Ἀδάμ.,,,,
Sirach 50:1,SIR,Sirach,50,1,"ΣΙΜΩΝ Ὀνίου υἱὸς ἱερεὺς ὁ μέγας, ὃς ἐν ζωῇ αὐτοῦ ὑπέρραψεν οἶκον καὶ ἐν ἡμέραις αὐτοῦ ἐστερέωσε τὸν ναόν·",,,,
Sirach 50:2,SIR,Sirach,50,2,"καὶ ὑπ᾿ αὐτοῦ ἐθεμελιώθη ὕψος διπλῆς, ἀνάλημμα ὑψηλὸν περιβόλου ἱεροῦ·",,,,
Sirach 50:3,SIR,Sirach,50,3,"ἐν ἡμέραις αὐτοῦ ἠλαττώθη ἀποδοχεῖον ὑδάτων, λάκκος ὡσεὶ θαλάσσης τὸ περίμετρον·",,,,
Sirach 50:4,SIR,Sirach,50,4,ὁ φροντίζων τοῦ λαοῦ αὐτοῦ ἀπὸ πτώσεως καὶ ἐνισχύσας πόλιν ἐν πολιορκήσει.,,,,
Sirach 50:5,SIR,Sirach,50,5,"ὡς ἐδοξάσθη ἐν περιστροφῇ λαοῦ, ἐν ἐξόδῳ οἴκου καταπετάσματος·",,,,
Sirach 50:6,SIR,Sirach,50,6,"ὡς ἀστὴρ ἑωθινὸς ἐν μέσῳ νεφελῶν, ὡς σελήνη πλήρης ἐν ἡμέραις,",,,,
Sirach 50:7,SIR,Sirach,50,7,"ὡς ἥλιος ἐκλάμπων ἐπὶ ναὸν Ὑψίστου καὶ ὡς τόξον φωτίζον ἐν νεφέλαις δόξης,",,,,
Sirach 50:8,SIR,Sirach,50,8,"ὡς ἄνθος ρόδων ἐν ἡμέραις νέων, ὡς κρίνα ἐπ᾿ ἐξόδῳ ὕδατος, ὡς βλαστὸς λιβάνου ἐν ἡμέραις θέρους,",,,,
Sirach 50:9,SIR,Sirach,50,9,"ὡς πῦρ καὶ λίβανος ἐπὶ πυρίου, ὡς σκεῦος χρυσίου ὁλοσφύρητον κεκοσμημένον παντὶ λίθῳ πολυτελεῖ,",,,,
Sirach 50:10,SIR,Sirach,50,10,ὡς ἐλαία ἀναθάλλουσα καρποὺς καὶ ὡς κυπάρισσος ὑψουμένη ἐν νεφέλαις.,,,,
Sirach 50:11,SIR,Sirach,50,11,"ἐν τῷ ἀναλαμβάνειν αὐτὸν στολὴν δόξης καὶ ἐνδιδύσκεσθαι αὐτὸν συντέλειαν καυχήματος, ἐν ἀναβάσει θυσιαστηρίου ἁγίου ἐδόξασε περιβολὴν ἁγιάσματος·",,,,
Sirach 50:12,SIR,Sirach,50,12,"ἐν δὲ τῷ δέχεσθαι μέλη ἐκ χειρῶν ἱερέων, καὶ αὐτὸς ἑστὼς παρ᾿ ἐσχάρᾳ βωμοῦ κυκλόθεν αὐτοῦ στέφανος ἀδελφῶν, ὡς βλάστημα κέδρου ἐν τῷ Λιβάνῳ· καὶ ἐκύκλωσαν αὐτὸν ὡς στελέχη φοινίκων·",,,,
Sirach 50:13,SIR,Sirach,50,13,καὶ πάντες οἱ υἱοὶ Ἀαρὼν ἐν δόξῃ αὐτῶν καὶ προσφορὰ Κυρίου ἐν χερσὶν αὐτῶν ἔναντι πάσης ἐκκλησίας Ἰσραήλ·,,,,
Sirach 50:14,SIR,Sirach,50,14,καὶ συντέλειαν λειτουργῶν ἐπὶ βωμῶν κοσμῆσαι προσφορὰν Ὑψίστου παντοκράτορος·,,,,
Sirach 50:15,SIR,Sirach,50,15,"ἐξέτεινεν ἐπὶ σπονδείου χεῖρα αὐτοῦ καὶ ἔσπεισεν ἐξ αἵματος σταφυλῆς, ἐξέχεεν εἰς θεμέλια θυσιαστηρίου ὀσμὴν εὐωδίας Ὑψίστῳ παμβασιλεῖ.",,,,
Sirach 50:16,SIR,Sirach,50,16,"τότε ἀνέκραγον υἱοὶ Ἀαρών, ἐν σάλπιγξιν ἐλαταῖς ἤχησαν, ἀκουστὴν ἐποίησαν φωνὴν μεγάλην εἰς μνημόσυνον ἔναντι Ὑψίστου.",,,,
Sirach 50:17,SIR,Sirach,50,17,τότε πᾶς ὁ λαὸς κοινῇ κατέσπευσε καὶ ἔπεσαν ἐπὶ πρόσωπον ἐπὶ τὴν γῆν προσκυνῆσαι τῷ Κυρίῳ αὐτῶν παντοκράτορι Θεῷ τῷ Ὑψίστῳ·,,,,
Sirach 50:18,SIR,Sirach,50,18,"καὶ ᾔνεσαν οἱ ψαλμῳδοὶ ἐν φωναῖς αὐτῶν, ἐν πλείστῳ οἴκῳ ἐγλυκάνθη μέλος.",,,,
Sirach 50:19,SIR,Sirach,50,19,"καὶ ἐδεήθη ὁ λαὸς Κυρίου Ὑψίστου ἐν προσευχῇ κατέναντι ἐλεήμονος, ἕως συντελεσθῇ κόσμος Κυρίου, καὶ τὴν λειτουργίαν αὐτοῦ ἐτελείωσαν.",,,,
Sirach 50:20,SIR,Sirach,50,20,τότε καταβὰς ἐπῇρε χεῖρας αὐτοῦ ἐπὶ πᾶσαν ἐκκλησίαν υἱῶν Ἰσραὴλ δοῦναι εὐλογίαν Κυρίῳ ἐκ χειλέων αὐτοῦ καὶ ἐν ὀνόματι αὐτοῦ καυχᾶσθαι.,,,,
Sirach 50:21,SIR,Sirach,50,21,καὶ ἐδευτέρωσεν ἐν προσκυνήσει ἐπιδείξασθαι τὴν εὐλογίαν παρὰ Ὑψίστου.,,,,
Sirach 50:22,SIR,Sirach,50,22,"Καὶ νῦν εὐλογήσατε τῷ Θεῷ πάντων τῷ μεγαλοποιοῦντι πάντη, τὸν ὑψοῦντα ἡμέρας ἡμῶν ἐκ μήτρας καὶ ποιοῦντα μεθ᾿ ἡμῶν κατὰ τὸ ἔλεος αὐτοῦ.",,,,
Sirach 50:23,SIR,Sirach,50,23,δῴῃ ἡμῖν εὐφροσύνην καρδίας καὶ γενέσθαι εἰρήνην ἐν ἡμέραις ἡμῶν ἐν Ἰσραὴλ κατὰ τὰς ἡμέρας τοῦ αἰῶνος·,,,,
Sirach 50:24,SIR,Sirach,50,24,ἐμπιστεύσαι μεθ᾿ ἡμῶν τὸ ἔλεος αὐτοῦ καὶ ἐν ταῖς ἡμέραις αὐτοῦ λυτρωσάσθω ἡμᾶς.,,,,
Sirach 50:25,SIR,Sirach,50,25,"Ἐν δυσὶν ἔθνεσι προσώχθισεν ἡ ψυχή μου, καὶ τὸ τρίτον οὐκ ἔστιν ἔθνος.",,,,
Sirach 50:26,SIR,Sirach,50,26,οἱ καθήμενοι ἐν ὄρει Σαμαρείας καὶ Φυλιστιεὶμ καὶ ὁ λαὸς μωρὸς ὁ κατοικῶν ἐν Σικίμοις.,,,,
Sirach 50:27,SIR,Sirach,50,27,"Παιδείαν συνέσεως καὶ ἐπιστήμης ἐχάραξα ἐν τῷ βιβλίῳ τούτῳ, Ἰησοῦς υἱὸς Σειρὰχ Ἱεροσολυμίτης, ὃς ἀνώμβρησε σοφίαν ἀπὸ καρδίας αὐτοῦ.",,,,
Sirach 50:28,SIR,Sirach,50,28,"μακάριος ὃς ἐν τούτοις ἀναστραφήσεται, καὶ θεὶς αὐτὰ ἐπὶ καρδίαν αὐτοῦ σοφισθήσεται·",,,,
Sirach 50:29,SIR,Sirach,50,29,"ἐὰν γὰρ αὐτὰ ποιήσῃ, πρὸς πάντα ἰσχύσει, ὅτι φῶς Κυρίου τὸ ἴχνος αὐτοῦ.",,,,
Sirach 51:1,SIR,Sirach,51,1,"ΠΡΟΣΕΥΧΗ ΙΗΣΟΥ ΥΙΟΥ ΣΕΙΡΑΧ. Ἐξομολογήσομαί σοι, Κύριε βασιλεῦ, καὶ αἰνέσω σε Θεὸν τὸν σωτῆρά μου, ἐξομολογοῦμαι τῷ ὀνόματί σου,",,,,
Sirach 51:2,SIR,Sirach,51,2,"ὅτι σκεπαστὴς καὶ βοηθὸς ἐγένου μοι καὶ ἐλυτρώσω τὸ σῶμά μου ἐξ ἀπωλείας καὶ ἐκ παγίδος διαβολῆς γλώσσης, ἀπὸ χειλέων ἐργαζομένων ψεῦδος καὶ ἔναντι τῶν παρεστηκότων ἐγένου μοι βοηθὸς",,,,
Sirach 51:3,SIR,Sirach,51,3,"καὶ ἐλυτρώσω με κατὰ τὸ πλῆθος ἐλέους καὶ ὀνόματός σου ἐκ βρυγμῶν ἑτοίμων εἰς βρῶμα, ἐκ χειρὸς ζητούντων τὴν ψυχήν μου, ἐκ πλειόνων θλίψεων, ὧν ἔσχον,",,,,
Sirach 51:4,SIR,Sirach,51,4,"ἀπὸ πνιγμοῦ πυρᾶς κυκλόθεν καὶ ἐκ μέσου πυρός, οὗ οὐκ ἐξέκαυσα.",,,,
Sirach 51:5,SIR,Sirach,51,5,ἐκ βάθους κοιλίας ᾅδου καὶ ἀπὸ γλώσσης ἀκαθάρτου καὶ λόγου ψευδοῦς.,,,,
Sirach 51:6,SIR,Sirach,51,6,"βασιλεῖ διαβολὴ γλώσσης ἀδίκου. ἤγγισεν ἕως θανάτου ἡ ψυχή μου, καὶ ἡ ζωή μου ἦν σύνεγγυς ᾅδου κάτω.",,,,
Sirach 51:7,SIR,Sirach,51,7,"περιέσχον με πάντοθεν καὶ οὐκ ἦν ὁ βοηθῶν, ἐνέβλεπον εἰς ἀντίληψιν ἀνθρώπων, καὶ οὐκ ἦν.",,,,
Sirach 51:8,SIR,Sirach,51,8,"καὶ ἐμνήσθην τοῦ ἐλέους σου, Κύριε, καὶ τῆς ἐργασίας σου τῆς ἀπ᾿ αἰῶνος, ὅτι ἐξαιρῇ τοὺς ὑπομένοντάς σε καὶ σῴζεις αὐτοὺς ἐκ χειρὸς ἐθνῶν.",,,,
Sirach 51:9,SIR,Sirach,51,9,καὶ ἀνύψωσα ἀπὸ γῆς ἱκετείαν μου καὶ ὑπὲρ θανάτου ρύσεως ἐδεήθην.,,,,
Sirach 51:10,SIR,Sirach,51,10,"ἐπεκαλεσάμην Κύριον πατέρα κυρίου μου, μή με ἐγκαταλιπεῖν ἐν ἡμέραις θλίψεως, ἐν καιρῷ ὑπερηφάνων ἀβοηθησίας.",,,,
Sirach 51:11,SIR,Sirach,51,11,αἰνέσω τὸ ὄνομά σου ἐνδελεχῶς καὶ ὑμνήσω ἐν ἐξομολογήσει. καὶ εἰσηκούσθη ἡ δέησίς μου·,,,,
Sirach 51:12,SIR,Sirach,51,12,ἔσωσας γάρ με ἐξ ἀπωλείας καὶ ἐξείλου με ἐκ καιροῦ πονηροῦ. διὰ τοῦτο ἐξομολογήσομαι καὶ αἰνέσω σε καὶ εὐλογήσω τῷ ὀνόματι Κυρίου.,,,,
Sirach 51:13,SIR,Sirach,51,13,"ἔτι ὢν νεώτερος, πρὶν ἢ πλανηθῆναί με, ἐζήτησα σοφίαν προφανῶς ἐν προσευχῇ μου,",,,,
Sirach 51:14,SIR,Sirach,51,14,ἔναντι ναοῦ ἠξίουν περὶ αὐτῆς καὶ ἕως ἐσχάτων ἐκζητήσω αὐτήν.,,,,
Sirach 51:15,SIR,Sirach,51,15,"ἐξ ἄνθους ὡς περκαζούσης σταφυλῆς εὐφράνθη ἡ καρδία μου ἐν αὐτῇ. ἐπέβη ὁ πούς μου ἐν εὐθύτητι, ἐκ νεότητός μου ἴχνευσα αὐτήν.",,,,
Sirach 51:16,SIR,Sirach,51,16,ἔκλινα ὀλίγον τὸ οὖς μου καὶ ἐδεξάμην καὶ πολλὴν εὗρον ἐμαυτῷ παιδείαν.,,,,
Sirach 51:17,SIR,Sirach,51,17,προκοπὴ ἐγένετό μοι ἐν αὐτῇ· τῷ διδόντι μοι σοφίαν δώσω δόξαν.,,,,
Sirach 51:18,SIR,Sirach,51,18,διενοήθην γὰρ τοῦ ποιῆσαι αὐτὴν καὶ ἐζήλωσα τὸ ἀγαθὸν καὶ οὐ μὴ αἰσχυνθῶ.,,,,
Sirach 51:19,SIR,Sirach,51,19,διαμεμάχισται ἡ ψυχή μου ἐν αὐτῇ καὶ ἐν ποιήσει λιμοῦ διηκριβησάμην. τὰς χεῖράς μου ἐξεπέτασα πρὸς ὕψος καὶ τὰ ἀγνοήματα αὐτῆς ἐπένθησα.,,,,
Sirach 51:20,SIR,Sirach,51,20,"τὴν ψυχήν μου κατεύθυνα εἰς αὐτήν, καρδίαν ἐκτησάμην μετ᾿ αὐτῆς ἀπ᾿ ἀρχῆς καὶ ἐν καθαρισμῷ εὗρον αὐτήν, διὰ τοῦτο οὐ μὴ ἐγκαταλειφθῶ·",,,,
Sirach 51:21,SIR,Sirach,51,21,καὶ ἡ κοιλία μου ἐταράχθη τοῦ ἐκζητῆσαι αὐτήν· διὰ τοῦτο ἐκτησάμην ἀγαθὸν κτῆμα.,,,,
Sirach 51:22,SIR,Sirach,51,22,"ἔδωκε Κύριος γλῶσσάν μοι μισθόν μου, καὶ ἐν αὐτῇ αἰνέσω αὐτόν.",,,,
Sirach 51:23,SIR,Sirach,51,23,"ἐγγίσατε πρός με, ἀπαίδευτοι, καὶ αὐλίσθητε ἐν οἴκῳ παιδείας,",,,,
Sirach 51:24,SIR,Sirach,51,24,τί ὅτι ὑστερεῖτε ἐν τούτοις καὶ αἱ ψυχαὶ ὑμῶν διψῶσι σφόδρα;,,,,
Sirach 51:25,SIR,Sirach,51,25,ἤνοιξα τὸ στόμα μου καὶ ἐλάλησα· κτήσασθε ἑαυτοῖς ἄνευ ἀργυρίου.,,,,
Sirach 51:26,SIR,Sirach,51,26,"τὸν τράχηλον ὑμῶν ὑπόθετε ὑπὸ ζυγόν, καὶ ἐπιδεξάσθω ἡ ψυχὴ ὑμῶν παιδείαν· ἐγγύς ἐστιν εὑρεῖν αὐτήν.",,,,
Sirach 51:27,SIR,Sirach,51,27,ἴδετε ἐν ὀφθαλμοῖς ὑμῶν ὅτι ὀλίγον ἐκοπίασα καὶ εὗρον ἐμαυτῷ πολλὴν ἀνάπαυσιν.,,,,
Sirach 51:28,SIR,Sirach,51,28,μετάσχετε παιδείας ἐν πολλῷ ἀριθμῷ ἀργυρίου καὶ πολὺν χρυσὸν κτήσασθε ἐν αὐτῇ.,,,,
Sirach 51:29,SIR,Sirach,51,29,"εὐφρανθείη ἡ ψυχὴ ὑμῶν ἐν τῷ ἐλέει αὐτοῦ, καὶ μὴ αἰσχυνθείητε ἐν αἰνέσει αὐτοῦ.",,,,
Sirach 51:30,SIR,Sirach,51,30,"ἐργάζεσθε τὸ ἔργον ὑμῶν πρὸ καιροῦ, καὶ δώσει τὸν μισθὸν ὑμῶν ἐν καιρῷ αὐτοῦ.",,,,
Baruch 1:1,BAR,Baruch,1,1,"ΚΑΙ οὗτοι οἱ λόγοι τοῦ βιβλίου, οὓς ἔγραψε Βαροὺχ υἱὸς Νηρίου, υἱοῦ Μαασαίου, υἱοῦ Σεδεκίου, υἱοῦ Ἀσαδίου, υἱοῦ Χελκίου, ἐν Βαβυλῶνι,",,,,
Baruch 1:2,BAR,Baruch,1,2,"ἐν τῷ ἔτει τῷ πέμπτῳ, ἐν ἑβδόμῃ τοῦ μηνός, ἐν τῷ καιρῷ, ᾧ ἔλαβον οἱ Χαλδαῖοι τὴν Ἱερουσαλὴμ καὶ ἐνέπρησαν αὐτὴν ἐν πυρί.",,,,
Baruch 1:3,BAR,Baruch,1,3,"καὶ ἀνέγνω Βαροὺχ τοὺς λόγους τοῦ βιβλίου τούτου ἐν ὠσὶν Ἰεχονίου, υἱοῦ Ἰωακεὶμ βασιλέως Ἰούδα καὶ ἐν ὠσὶ παντὸς τοῦ λαοῦ τῶν ἐρχομένων πρὸς τὴν βίβλον",,,,
Baruch 1:4,BAR,Baruch,1,4,"καὶ ἐν ὠσὶ τῶν δυνατῶν καὶ υἱῶν τῶν βασιλέων καὶ ἐν ὠσὶ τῶν πρεσβυτέρων καὶ ἐν ὠσὶ παντὸς τοῦ λαοῦ, ἀπὸ μικροῦ ἕως μεγάλου, πάντων τῶν κατοικούντων ἐν Βαβυλῶνι ἐπὶ ποταμοῦ Σούδ.",,,,
Baruch 1:5,BAR,Baruch,1,5,καὶ ἔκλαιον καὶ ἐνήστευον καὶ ηὔχοντο ἐναντίον Κυρίου,,,,
Baruch 1:6,BAR,Baruch,1,6,"καὶ συνήγαγον ἀργύριον, καθὰ ἑκάστου ἠδύνατο ἡ χείρ,",,,,
Baruch 1:7,BAR,Baruch,1,7,"καὶ ἀπέστειλαν εἰς Ἱερουσαλὴμ πρὸς Ἰωακεὶμ υἱὸν Χελκίου, υἱοῦ Σαλώμ, τὸν ἱερέα, καὶ πρὸς τοὺς ἱερεῖς καὶ πρὸς πάντα τὸν λαόν, τοὺς εὑρεθέντας μετ᾿ αὐτοῦ ἐν Ἱερουσαλὴμ",,,,
Baruch 1:8,BAR,Baruch,1,8,"ἐν τῷ λαβεῖν αὐτὸν τὰ σκεύη οἴκου Κυρίου, τὰ ἐξενεχθέντα ἐκ τοῦ ναοῦ, ἀποστρέψαι εἰς γῆν Ἰούδα, τῇ δεκάτῃ τοῦ Σειουάν, σκεύη ἀργυρᾶ, ἃ ἐποίησε Σεδεκίας υἱὸς Ἰωσία βασιλεὺς Ἰούδα",,,,
Baruch 1:9,BAR,Baruch,1,9,μετὰ τὸ ἀποικίσαι Ναβουχοδονόσορ βασιλέα Βαβυλῶνος τὸν Ἰεχονίαν καὶ τοὺς ἄρχοντας καὶ τοὺς δεσμώτας καὶ τοὺς δυνατοὺς καὶ τὸν λαὸν τῆς γῆς ἀπὸ Ἱερουσαλὴμ καὶ ἤγαγεν αὐτὸν εἰς Βαβυλῶνα·,,,,
Baruch 1:10,BAR,Baruch,1,10,"καὶ εἶπαν· ἰδοὺ ἀπεστείλαμεν πρὸς ὑμᾶς ἀργύριον, καὶ ἀγοράσατε τοῦ ἀργυρίου ὁλοκαυτώματα καὶ περὶ ἁμαρτίας καὶ λίβανον καὶ ποιήσατε μάννα καὶ ἀνοίσατε ἐπὶ τὸ θυσιαστήριον Κυρίου τοῦ Θεοῦ ἡμῶν",,,,
Baruch 1:11,BAR,Baruch,1,11,"καὶ προσεύξασθε περὶ τῆς ζωῆς Ναβουχοδονόσορ βασιλέως Βαβυλῶνος καὶ εἰς ζωὴν Βαλτάσαρ υἱοῦ αὐτοῦ, ἵνα ὦσιν αἱ ἡμέραι αὐτῶν ὡς αἱ ἡμέραι τοῦ οὐρανοῦ ἐπὶ τῆς γῆς.",,,,
Baruch 1:12,BAR,Baruch,1,12,"καὶ δώσει Κύριος ἰσχὺν ἡμῖν καὶ φωτίσει τοὺς ὀφθαλμοὺς ἡμῶν, καὶ ζησόμεθα ὑπὸ τὴν σκιὰν Ναβουχοδονόσορ βασιλέως Βαβυλῶνος καὶ ὑπὸ τὴν σκιὰν Βαλτάσαρ υἱοῦ αὐτοῦ καὶ δουλεύσομεν αὐτοῖς ἡμέρας πολλὰς καὶ εὑρήσομεν χάριν ἐναντίον αὐτῶν.",,,,
Baruch 1:13,BAR,Baruch,1,13,"καὶ προσεύξασθε περὶ ἡμῶν πρὸς Κύριον τὸν Θεὸν ἡμῶν, ὅτι ἡμάρτομεν τῷ Κυρίῳ Θεῷ ἡμῶν, καὶ οὐκ ἀπέστρεψεν ὁ θυμὸς Κυρίου καὶ ἡ ὀργὴ αὐτοῦ ἀφ᾿ ἡμῶν ἕως τῆς ἡμέρας ταύτης.",,,,
Baruch 1:14,BAR,Baruch,1,14,"καὶ ἀναγνώσεσθε τὸ βιβλίον τοῦτο, ὃ ἀπεστείλαμεν πρὸς ὑμᾶς, ἐξαγορεῦσαι ἐν οἴκῳ Κυρίου ἐν ἡμέρᾳ ἑορτῆς καὶ ἐν ἡμέραις καιροῦ,",,,,
Baruch 1:15,BAR,Baruch,1,15,"καὶ ἐρεῖτε· Τῷ Κυρίῳ Θεῷ ἡμῶν ἡ δικαιοσύνη, ἡμῖν δὲ αἰσχύνη τῶν προσώπων ὡς ἡ ἡμέρα αὕτη, ἀνθρώπῳ Ἰούδα καὶ τοῖς κατοικοῦσιν Ἱερουσαλὴμ",,,,
Baruch 1:16,BAR,Baruch,1,16,"καὶ τοῖς βασιλεῦσιν ἡμῶν καὶ τοῖς ἄρχουσιν ἡμῶν καὶ τοῖς ἱερεῦσιν ἡμῶν καὶ τοῖς προφήταις ἡμῶν καὶ τοῖς πατράσιν ἡμῶν,",,,,
Baruch 1:17,BAR,Baruch,1,17,ὧν ἡμάρτομεν ἔναντι Κυρίου,,,,
Baruch 1:18,BAR,Baruch,1,18,"καὶ ἠπειθήσαμεν αὐτῷ καὶ οὐκ ἠκούσαμεν τῆς φωνῆς Κυρίου Θεοῦ ἡμῶν πορεύεσθαι τοῖς προστάγμασι Κυρίου, οἷς ἔδωκε κατὰ πρόσωπον ἡμῶν.",,,,
Baruch 1:19,BAR,Baruch,1,19,"ἀπὸ τῆς ἡμέρας, ἧς ἐξήγαγε Κύριος τοὺς πατέρας ἡμῶν ἐκ γῆς Αἰγύπτου, καὶ ἕως τῆς ἡμέρας ταύτης ἤμεθα ἀπειθοῦντες πρὸς Κύριον Θεὸν ἡμῶν καὶ ἐσχεδιάζομεν πρὸς τὸ μὴ ἀκούειν τῆς φωνῆς αὐτοῦ.",,,,
Baruch 1:20,BAR,Baruch,1,20,"καὶ ἐκολλήθη εἰς ἡμᾶς τὰ κακὰ καὶ ἡ ἀρά, ἣν συνέταξε Κύριος τῷ Μωυσῇ παιδὶ αὐτοῦ ἐν ἡμέρᾳ, ᾗ ἐξήγαγε τοὺς πατέρας ἡμῶν ἐκ γῆς Αἰγύπτου δοῦναι ἡμῖν γῆν ρέουσαν γάλα καὶ μέλι ὡς ἡ ἡμέρα αὕτη.",,,,
Baruch 1:21,BAR,Baruch,1,21,"καὶ οὐκ ἠκούσαμεν τῆς φωνῆς Κυρίου τοῦ Θεοῦ ἡμῶν κατὰ πάντας τοὺς λόγους τῶν προφητῶν, ὧν ἀπέστειλε πρὸς ἡμᾶς,",,,,
Baruch 1:22,BAR,Baruch,1,22,"καὶ ᾠχόμεθα ἕκαστος ἐν διανοίᾳ καρδίας αὐτοῦ τῆς πονηρᾶς ἐργάζεσθαι θεοῖς ἑτέροις, ποιῆσαι τὰ κακὰ κατ᾿ ὀφθαλμοὺς Κυρίου Θεοῦ ἡμῶν.",,,,
Baruch 2:1,BAR,Baruch,2,1,"ΚΑΙ ἔστησε Κύριος τὸν λόγον αὐτοῦ, ὃν ἐλάλησεν ἐφ᾿ ἡμᾶς καὶ ἐπὶ τοὺς δικαστὰς ἡμῶν τοὺς δικάσαντας τὸν Ἰσραὴλ καὶ ἐπὶ τοὺς βασιλεῖς ἡμῶν, καὶ ἐπὶ τοὺς ἄρχοντας ἡμῶν καὶ ἐπὶ ἄνθρωπον Ἰσραὴλ καὶ Ἰούδα,",,,,
Baruch 2:2,BAR,Baruch,2,2,"τοῦ ἀγαγεῖν ἐφ᾿ ἡμᾶς κακὰ μεγάλα, ἃ οὐκ ἐποίησεν ὑποκάτω παντὸς τοῦ οὐρανοῦ καθὰ ἐποιήθη ἐν Ἱερουσαλήμ, κατὰ τὰ γεγραμμένα ἐν τῷ νόμῳ Μωυσῆ,",,,,
Baruch 2:3,BAR,Baruch,2,3,τοῦ φαγεῖν ἡμᾶς ἄνθρωπον σάρκας υἱοῦ αὐτοῦ καὶ ἄνθρωπον σάρκας θυγατρὸς αὐτοῦ.,,,,
Baruch 2:4,BAR,Baruch,2,4,"καὶ ἔδωκεν αὐτοὺς ὑποχειρίους πάσαις ταῖς βασιλείαις ταῖς κύκλῳ ἡμῶν εἰς ὀνειδισμὸν καὶ εἰς ἄβατον ἐν πᾶσι τοῖς λαοῖς τοῖς κύκλῳ, οὗ διέσπειρεν αὐτοὺς Κύριος ἐκεῖ.",,,,
Baruch 2:5,BAR,Baruch,2,5,"καὶ ἐγενήθησαν ὑποκάτω καὶ οὐκ ἐπάνω, ὅτι ἡμάρτομεν Κυρίῳ Θεῷ ἡμῶν πρὸς τὸ μὴ ἀκούειν τῆς φωνῆς αὐτοῦ.",,,,
Baruch 2:6,BAR,Baruch,2,6,"τῷ Κυρίῳ Θεῷ ἡμῶν ἡ δικαιοσύνη, ἡμῖν δὲ καὶ τοῖς πατράσιν ἡμῶν ἡ αἰσχύνη τῶν προσώπων ὡς ἡ ἡμέρα αὕτη.",,,,
Baruch 2:7,BAR,Baruch,2,7,"ἃ ἐλάλησε Κύριος ἐφ᾿ ἡμᾶς, πάντα τὰ κακὰ ταῦτα ἦλθεν ἐφ᾿ ἡμᾶς.",,,,
Baruch 2:8,BAR,Baruch,2,8,καὶ οὐκ ἐδεήθημεν τοῦ προσώπου Κυρίου τοῦ ἀποστρέψαι ἕκαστον ἀπὸ τῶν νοημάτων τῆς καρδίας αὐτῶν τῆς πονηρᾶς.,,,,
Baruch 2:9,BAR,Baruch,2,9,"καὶ ἐγρηγόρησε Κύριος ἐπὶ τοῖς κακοῖς, καὶ ἐπήγαγε Κύριος ἐφ᾿ ἡμᾶς, ὅτι δίκαιος ὁ Κύριος ἐπὶ πάντα τὰ ἔργα αὐτοῦ, ἃ ἐνετείλατο ἡμῖν.",,,,
Baruch 2:10,BAR,Baruch,2,10,"καὶ οὐκ ἠκούσαμεν τῆς φωνῆς αὐτοῦ πορεύεσθαι τοῖς προστάγμασι Κυρίου, οἷς ἔδωκε κατὰ πρόσωπον ἡμῶν.",,,,
Baruch 2:11,BAR,Baruch,2,11,"Καὶ νῦν, Κύριε ὁ Θεὸς Ἰσραήλ, ὃς ἐξήγαγες τὸν λαόν σου ἐκ γῆς Αἰγύπτου ἐν χειρὶ κραταιᾷ καὶ ἐν σημείοις καὶ ἐν τέρασι καὶ ἐν δυνάμει μεγάλῃ καὶ ἐν βραχίονι ὑψηλῷ καὶ ἐποίησας σεαυτῷ ὄνομα ὡς ἡ ἡμέρα αὕτη,",,,,
Baruch 2:12,BAR,Baruch,2,12,"ἡμάρτομεν, ἠσεβήσαμεν, ἠδικήσαμεν, Κύριε ὁ Θεὸς ἡμῶν, ἐπὶ πᾶσι τοῖς δικαιώμασί σου.",,,,
Baruch 2:13,BAR,Baruch,2,13,"ἀποστραφήτω ὁ θυμός σου ἀφ᾿ ἡμῶν, ὅτι κατελείφθημεν ὀλίγοι ἐν τοῖς ἔθνεσιν, οὗ διέσπειρας ἡμᾶς ἐκεῖ.",,,,
Baruch 2:14,BAR,Baruch,2,14,"εἰσάκουσον, Κύριε, τῆς προσευχῆς ἡμῶν καὶ τῆς δεήσεως ἡμῶν καὶ ἐξελοῦ ἡμᾶς ἕνεκέν σου καὶ δὸς ἡμῖν χάριν κατὰ πρόσωπον τῶν ἀποικισάντων ἡμᾶς,",,,,
Baruch 2:15,BAR,Baruch,2,15,"ἵνα γνῷ πᾶσα ἡ γῆ, ὅτι σὺ Κύριος ὁ Θεὸς ἡμῶν, ὅτι τὸ ὄνομά σου ἐπεκλήθη ἐπὶ Ἰσραὴλ καὶ ἐπὶ τὸ γένος αὐτοῦ.",,,,
Baruch 2:16,BAR,Baruch,2,16,"Κύριε, κάτιδε ἐκ τοῦ οἴκου τοῦ ἁγίου σου καὶ ἐννόησον εἰς ἡμᾶς· καὶ κλίνον, Κύριε, τὸ οὖς σου καὶ ἄκουσον·",,,,
Baruch 2:17,BAR,Baruch,2,17,"ἄνοιξον, Κύριε, ὀφθαλμούς σου καὶ ἰδέ, ὅτι οὐχ οἱ τεθνηκότες ἐν τῷ ᾅδῃ, ὧν ἐλήφθη τὸ πνεῦμα αὐτῶν ἀπὸ τῶν σπλάγχνων αὐτῶν, δώσουσι δόξαν καὶ δικαίωμα τῷ Κυρίῳ·",,,,
Baruch 2:18,BAR,Baruch,2,18,"ἀλλὰ ἡ ψυχὴ ἡ λυπουμένη ἐπὶ τὸ μέγεθος, ὃ βαδίζει κύπτον καὶ ἀσθενοῦν καὶ οἱ ὀφθαλμοὶ οἱ ἐκλείποντες καὶ ἡ ψυχὴ ἡ πεινῶσα δώσουσί σοι δόξαν καὶ δικαιοσύνην, Κύριε.",,,,
Baruch 2:19,BAR,Baruch,2,19,"ὅτι οὐκ ἐπὶ τὰ δικαιώματα τῶν πατέρων ἡμῶν καὶ τῶν βασιλέων ἡμῶν ἡμεῖς καταβάλλομεν τὸν ἔλεον ἡμῶν κατὰ πρόσωπόν σου, Κύριε ὁ Θεὸς ἡμῶν,",,,,
Baruch 2:20,BAR,Baruch,2,20,"ὅτι ἐνῆκας τὸν θυμόν σου καὶ τὴν ὀργήν σου ἐφ᾿ ἡμᾶς, καθάπερ ἐλάλησας ἐν χειρὶ τῶν παίδων σου τῶν προφητῶν λέγων·",,,,
Baruch 2:21,BAR,Baruch,2,21,"οὕτως εἶπε Κύριος· κλίνατε τὸν ὦμον ὑμῶν ἐργάσασθαι τῷ βασιλεῖ Βαβυλῶνος καὶ καθίσατε ἐπὶ τὴν γῆν, ἣν δέδωκα τοῖς πατράσιν ὑμῶν·",,,,
Baruch 2:22,BAR,Baruch,2,22,"καὶ ἐὰν μὴ ἀκούσητε τῆς φωνῆς Κυρίου ἐργάσασθαι τῷ βασιλεῖ Βαβυλῶνος,",,,,
Baruch 2:23,BAR,Baruch,2,23,"ἐκλείψειν ποιήσω ἐκ πόλεων Ἰούδα καὶ ἔξωθεν Ἱερουσαλὴμ φωνὴν εὐφροσύνης καὶ φωνὴν χαρμοσύνης, φωνὴν νυμφίου καὶ φωνὴν νύμφης, καὶ ἔσται πᾶσα ἡ γῆ εἰς ἄβατον ἀπὸ ἐνοικούντων.",,,,
Baruch 2:24,BAR,Baruch,2,24,"καὶ οὐκ ἠκούσαμεν τῆς φωνῆς σου ἐργάσασθαι τῷ βασιλεῖ Βαβυλῶνος, καὶ ἔστησας τοὺς λόγους σου, οὓς ἐλάλησας ἐν χερσὶ τῶν παίδων σου τῶν προφητῶν, τοῦ ἐξενεχθῆναι τὰ ὀστᾶ βασιλέων ἡμῶν καὶ τὰ ὀστᾶ τῶν πατέρων ἡμῶν ἐκ τοῦ τόπου αὐτῶν,",,,,
Baruch 2:25,BAR,Baruch,2,25,"καὶ ἰδού ἐστιν ἐξερριμμένα τῷ καύματι τῆς ἡμέρας καὶ τῷ παγετῷ τῆς νυκτός, καὶ ἀπεθάνοσαν ἐν πόνοις πονηροῖς, ἐν λιμῷ καὶ ἐν ρομφαίᾳ καὶ ἐν ἀποστολῇ.",,,,
Baruch 2:26,BAR,Baruch,2,26,"καὶ ἔθηκας τὸν οἶκον, οὗ ἐπεκλήθη τὸ ὄνομά σου ἐπ᾿ αὐτῷ, ὡς ἡ ἡμέρα αὕτη, διὰ πονηρίαν οἴκου Ἰσραὴλ καὶ οἴκου Ἰούδα.",,,,
Baruch 2:27,BAR,Baruch,2,27,"Καὶ ἐποίησας εἰς ἡμᾶς, Κύριε ὁ Θεὸς ἡμῶν, κατὰ πᾶσα ἐπιείκειάν σου καὶ κατὰ πάντα οἰκτιρμόν σου τὸν μέγαν,",,,,
Baruch 2:28,BAR,Baruch,2,28,"καθὰ ἐλάλησας ἐν χειρὶ παιδός σου Μωυσῆ, ἐν ἡμέρᾳ ἐντειλαμένου σου αὐτῷ γράψαι τὸν νόμον σου ἐναντίον υἱῶν Ἰσραὴλ λέγων·",,,,
Baruch 2:29,BAR,Baruch,2,29,"ἐὰν μὴ ἀκούσητε τῆς φωνῆς μου, εἰ μὴν ἡ βόμβησις ἡ μεγάλη ἡ πολλὴ αὕτη ἀποστρέψει εἰς μικρὰν ἐν τοῖς ἔθνεσιν, οὗ διασπερῶ αὐτοὺς ἐκεῖ·",,,,
Baruch 2:30,BAR,Baruch,2,30,"ὅτι ἔγνων ὅτι οὐ μὴ ἀκούσωσί μου, ὅτι λαὸς σκληροτράχηλός ἐστι. καὶ ἐπιστρέψουσιν ἐπὶ καρδίαν αὐτῶν ἐν γῇ ἀποικισμοῦ αὐτῶν",,,,
Baruch 2:31,BAR,Baruch,2,31,"καὶ γνώσονται ὅτι ἐγὼ Κύριος ὁ Θεὸς αὐτῶν. καὶ δώσω αὐτοῖς καρδίαν καὶ ὦτα ἀκούοντα,",,,,
Baruch 2:32,BAR,Baruch,2,32,καὶ αἰνέσουσί με ἐν γῇ ἀποικισμοῦ αὐτῶν καὶ μνησθήσονται τοῦ ὀνόματός μου,,,,
Baruch 2:33,BAR,Baruch,2,33,"καὶ ἀποστρέψουσιν ἀπὸ τοῦ νώτου αὐτῶν τοῦ σκληροῦ καὶ ἀπὸ πονηρῶν πραγμάτων αὐτῶν, ὅτι μνησθήσονται τῆς ὁδοῦ πατέρων αὐτῶν τῶν ἁμαρτόντων ἔναντι Κυρίου.",,,,
Baruch 2:34,BAR,Baruch,2,34,"καὶ ἀποστρέψω αὐτοὺς εἰς τὴν γῆν, ἣν ὤμοσα τοῖς πατράσιν αὐτῶν, τῷ Ἁβραὰμ καὶ τῷ Ἰσαὰκ καὶ τῷ Ἰακώβ, καὶ κυριεύσουσιν αὐτῆς· καὶ πληθυνῶ αὐτούς, καὶ οὐ μὴ σμικρυνθῶσι·",,,,
Baruch 2:35,BAR,Baruch,2,35,"καὶ στήσω αὐτοῖς διαθήκην αἰώνιον τοῦ εἶναί με αὐτοῖς εἰς Θεὸν καὶ αὐτοὶ ἔσονταί μοι εἰς λαόν· καὶ οὐ κινήσω ἔτι τὸν λαόν μου Ἰσραὴλ ἀπὸ τῆς γῆς, ἧς ἔδωκα αὐτοῖς.",,,,
Baruch 3:1,BAR,Baruch,3,1,"ΚΥΡΙΕ παντοκράτωρ ὁ Θεὸς Ἰσραήλ, ψυχὴ ἐν στενοῖς καὶ πνεῦμα ἀκηδιῶν κέκραγε πρός σε.",,,,
Baruch 3:2,BAR,Baruch,3,2,"ἄκουσον, Κύριε, καὶ ἐλέησον, ὅτι ἡμάρτομεν ἐναντίον σου,",,,,
Baruch 3:3,BAR,Baruch,3,3,"ὅτι σὺ καθήμενος τὸν αἰῶνα, καὶ ἡμεῖς ἀπολλύμενοι τὸν αἰῶνα.",,,,
Baruch 3:4,BAR,Baruch,3,4,"Κύριε παντοκράτωρ ὁ Θεὸς Ἰσραήλ, ἄκουσον δὴ τῆς προσευχῆς τῶν τεθνηκότων Ἰσραὴλ καὶ υἱῶν τῶν ἁμαρτανόντων ἐναντίον σου, οἳ οὐκ ἤκουσαν τῆς φωνῆς Κυρίου Θεοῦ αὐτῶν καὶ ἐκολλήθη ἡμῖν τὰ κακά.",,,,
Baruch 3:5,BAR,Baruch,3,5,"μὴ μνησθῇς ἀδικιῶν πατέρων ἡμῶν, ἀλλὰ μνήσθητι χειρός σου καὶ ὀνόματός σου ἐν τῷ καιρῷ τούτῳ·",,,,
Baruch 3:6,BAR,Baruch,3,6,"ὅτι σὺ Κύριος ὁ Θεὸς ἡμῶν, καὶ αἰνέσομέν σε, Κύριε.",,,,
Baruch 3:7,BAR,Baruch,3,7,"ὅτι διὰ τοῦτο ἔδωκας τὸν φόβον σου ἐπί καρδίαν ἡμῶν τοῦ ἐπικαλεῖσθαι τὸ ὄνομά σου. καὶ αἰνέσομέν σε ἐν τῇ ἀποικίᾳ ἡμῶν, ὅτι ἀπεστρέψαμεν ἀπὸ καρδίας ἡμῶν πᾶσαν ἀδικίαν πατέρων ἡμῶν τῶν ἡμαρτηκότων ἐναντίον σου.",,,,
Baruch 3:8,BAR,Baruch,3,8,"ἰδοὺ ἡμεῖς σήμερον ἐν τῇ ἀποικίᾳ ἡμῶν, οὗ διέσπειρας ἡμᾶς ἐκεῖ εἰς ὀνειδισμὸν καὶ εἰς ἀρὰν καὶ εἰς ὄφλησιν κατὰ πάσας τὰς ἀδικίας πατέρων ἡμῶν, οἳ ἀπέστησαν ἀπὸ Κυρίου Θεοῦ ἡμῶν.",,,,
Baruch 3:9,BAR,Baruch,3,9,"Ἄκουε Ἰσραὴλ ἐντολὰς ζωῆς, ἐνωτίσασθε γνῶναι φρόνησιν.",,,,
Baruch 3:10,BAR,Baruch,3,10,"τί ἐστιν Ἰσραήλ; τί ὅτι ἐν γῇ τῶν ἐχθρῶν εἶ; ἐπαλαιώθης ἐν γῇ ἀλλοτρίᾳ, συνεμιάνθης τοῖς νεκροῖς,",,,,
Baruch 3:11,BAR,Baruch,3,11,προσελογίσθης μετὰ τῶν εἰς ᾅδου;,,,,
Baruch 3:12,BAR,Baruch,3,12,ἐγκατέλιπες τὴν πηγὴν τῆς σοφίας.,,,,
Baruch 3:13,BAR,Baruch,3,13,"τῇ ὁδῷ τοῦ Θεοῦ εἰ ἐπορεύθης, κατῴκεις ἂν ἐν εἰρήνῃ τὸν αἰῶνα.",,,,
Baruch 3:14,BAR,Baruch,3,14,"μάθε ποῦ ἐστι φρόνησις, ποῦ ἐστιν ἰσχύς, ποῦ ἐστι σύνεσις τοῦ γνῶναι ἅμα ποῦ ἐστι μακροβίωσις καὶ ζωή, ποῦ ἐστι φῶς ὀφθαλμῶν καὶ εἰρήνη.",,,,
Baruch 3:15,BAR,Baruch,3,15,Τίς εὗρε τὸν τόπον αὐτῆς καὶ τίς εἰσῆλθεν εἰς τοὺς θησαυροὺς αὐτῆς;,,,,
Baruch 3:16,BAR,Baruch,3,16,"ποῦ εἰσιν οἱ ἄρχοντες τῶν ἐθνῶν καὶ οἱ κυριεύοντες τῶν θηρίων τῶν ἐπὶ τῆς γῆς,",,,,
Baruch 3:17,BAR,Baruch,3,17,"οἱ ἐν τοῖς ὀρνέοις τοῦ οὐρανοῦ ἐμπαίζοντες καὶ τὸ ἀργύριον θησαυρίζοντες καὶ τὸ χρυσίον, ᾧ ἐπεποίθεισαν ἄνθρωποι, καὶ οὐκ ἔστι τέλος τῆς κτήσεως αὐτῶν,",,,,
Baruch 3:18,BAR,Baruch,3,18,"οἱ τὸ ἀργύριον τεκταίνοντες καὶ μεριμνῶντες, καὶ οὐκ ἔστιν ἐξεύρεσις τῶν ἔργων αὐτῶν;",,,,
Baruch 3:19,BAR,Baruch,3,19,"ἠφανίσθησαν καὶ εἰς ᾅδου κατέβησαν, καὶ ἄλλοι ἀντανέστησαν ἀντ᾿ αὐτῶν.",,,,
Baruch 3:20,BAR,Baruch,3,20,"νεώτεροι εἶδον φῶς καὶ κατῴκησαν ἐπὶ τῆς γῆς, ὁδὸν δὲ ἐπιστήμης οὐκ ἔγνωσαν,",,,,
Baruch 3:21,BAR,Baruch,3,21,"οὐδὲ συνῆκαν τρίβους αὐτῆς, οὐδὲ ἀντελάβοντο αὐτῆς· οἱ υἱοὶ αὐτῶν ἀπὸ τῆς ὁδοῦ αὐτῶν πόρρω ἐγενήθησαν,",,,,
Baruch 3:22,BAR,Baruch,3,22,"οὐδὲ ἠκούσθη ἐν Χαναάν, οὐδὲ ὤφθη ἐν Θαιμάν,",,,,
Baruch 3:23,BAR,Baruch,3,23,"οὔτε υἱοὶ Ἄγαρ, οἱ ἐκζητοῦντες τὴν σύνεσιν ἐπὶ τῆς γῆς, οἱ ἔμποροι τῆς Μερρὰν καὶ Θαιμάν, οἱ μυθολόγοι καὶ οἱ ἐκζητηταὶ τῆς συνέσεως, ὁδὸν τῆς σοφίας οὐκ ἔγνωσαν, οὐδὲ ἐμνήσθησαν τὰς τρίβους αὐτῆς.",,,,
Baruch 3:24,BAR,Baruch,3,24,"Ὦ Ἰσραήλ, ὡς μέγας ὁ οἶκος τοῦ Θεοῦ καὶ ἐπιμήκης ὁ τόπος τῆς κτήσεως αὐτοῦ·",,,,
Baruch 3:25,BAR,Baruch,3,25,"μέγας καὶ οὐκ ἔχει τελευτήν, ὑψηλὸς καὶ ἀμέτρητος.",,,,
Baruch 3:26,BAR,Baruch,3,26,"ἐκεῖ ἐγεννήθησαν οἱ γίγαντες οἱ ὀνομαστοὶ οἱ ἀπ᾿ ἀρχῆς, γενόμενοι εὐμεγέθεις, ἐπιστάμενοι πόλεμον.",,,,
Baruch 3:27,BAR,Baruch,3,27,οὐ τούτους ἐξελέξατο ὁ Θεὸς οὐδὲ ὁδὸν ἐπιστήμης ἔδωκεν αὐτοῖς·,,,,
Baruch 3:28,BAR,Baruch,3,28,"καὶ ἀπώλοντο παρὰ τὸ μὴ ἔχειν φρόνησιν, ἀπώλοντο διὰ τὴν ἀβουλίαν αὐτῶν.",,,,
Baruch 3:29,BAR,Baruch,3,29,Τίς ἀνέβη εἰς τὸν οὐρανὸν καὶ ἔλαβεν αὐτὴν καὶ κατεβίβασεν αὐτὴν ἐκ τῶν νεφελῶν;,,,,
Baruch 3:30,BAR,Baruch,3,30,τίς διέβη πέραν τῆς θαλάσσης καὶ εὗρεν αὐτὴν καὶ οἴσει αὐτὴν χρυσίου ἐκλεκτοῦ;,,,,
Baruch 3:31,BAR,Baruch,3,31,οὐκ ἔστιν ὁ γινώσκων τὴν ὁδὸν αὐτῆς οὐδὲ ὁ ἐνθυμούμενος τὴν τρίβον αὐτῆς·,,,,
Baruch 3:32,BAR,Baruch,3,32,"ἀλλ᾿ ὁ εἰδὼς τὰ πάντα γινώσκει αὐτήν, ἐξεῦρεν αὐτὴν τῇ συνέσει αὐτοῦ· ὁ κατασκευάσας τὴν γῆν εἰς τὸν αἰῶνα χρόνον, ἐνέπλησεν αὐτὴν κτηνῶν τετραπόδων·",,,,
Baruch 3:33,BAR,Baruch,3,33,"ὁ ἀποστέλλων τὸ φῶς, καὶ πορεύεται, ἐκάλεσεν αὐτό, καὶ ὑπήκουσεν αὐτῷ τρόμῳ·",,,,
Baruch 3:34,BAR,Baruch,3,34,οἱ δὲ ἀστέρες ἔλαμψαν ἐν ταῖς φυλακαῖς αὐτῶν καὶ εὐφράνθησαν.,,,,
Baruch 3:35,BAR,Baruch,3,35,"ἐκάλεσεν αὐτοὺς καὶ εἶπον· πάρεσμεν, ἔλαμψαν μετ᾿ εὐφροσύνης τῷ ποιήσαντι αὐτούς.",,,,
Baruch 3:36,BAR,Baruch,3,36,"οὗτος ὁ Θεὸς ἡμῶν, οὐ λογισθήσεται ἕτερος πρὸς αὐτόν.",,,,
Baruch 3:37,BAR,Baruch,3,37,ἐξεῦρε πᾶσαν ὁδὸν ἐπιστήμης καὶ ἔδωκεν αὐτὴν Ἰακὼβ τῷ παιδὶ αὐτοῦ καὶ Ἰσραὴλ τῷ ἠγαπημένῳ ὑπ᾿ αὐτοῦ·,,,,
Baruch 3:38,BAR,Baruch,3,38,μετὰ τοῦτο ἐπὶ γῆς ὤφθη καὶ ἐν τοῖς ἀνθρώποις συνανεστράφη.,,,,
Baruch 4:1,BAR,Baruch,4,1,"ΑΥΤΗ ἡ βίβλος τῶν προσταγμάτων τοῦ Θεοῦ καὶ ὁ νόμος ὁ ὑπάρχων εἰς τὸν αἰῶνα· πάντες οἱ κρατοῦντες αὐτὴν εἰς ζωήν, οἱ δὲ καταλείποντες αὐτὴν ἀποθανοῦνται.",,,,
Baruch 4:2,BAR,Baruch,4,2,"Ἐπιστρέφου, Ἰακώβ, καὶ ἐπιλαβοῦ αὐτῆς, διόδευσον πρὸς τὴν λάμψιν κατέναντι τοῦ φωτὸς αὐτῆς.",,,,
Baruch 4:3,BAR,Baruch,4,3,μὴ δῷς ἑτέρῳ τὴν δόξαν σου καὶ τὰ συμφέροντά σοι ἔθνει ἀλλοτρίῳ.,,,,
Baruch 4:4,BAR,Baruch,4,4,"μακάριοί ἐσμεν Ἰσραήλ, ὅτι τὰ ἀρεστὰ τῷ Θεῷ ἡμῖν γνωστά ἐστι.",,,,
Baruch 4:5,BAR,Baruch,4,5,"Θαρσεῖτε λαός μου, μνημόσυνον Ἰσραήλ.",,,,
Baruch 4:6,BAR,Baruch,4,6,"ἐπράθητε τοῖς ἔθνεσιν οὐκ εἰς ἀπώλειαν, διὰ δὲ τὸ παροργίσαι ὑμᾶς τὸν Θεὸν παρεδόθητε τοῖς ὑπεναντίοις·",,,,
Baruch 4:7,BAR,Baruch,4,7,παρωξύνατε γὰρ τὸν ποιήσαντα ὑμᾶς θύσαντες δαιμονίοις καὶ οὐ Θεῷ.,,,,
Baruch 4:8,BAR,Baruch,4,8,"ἐπελάθεσθε τὸν τροφεύσαντα ὑμᾶς Θεὸν αἰώνιον, ἐλυπήσατε δὲ καὶ τὴν ἐκθρέψασαν ὑμᾶς Ἱερουσαλήμ·",,,,
Baruch 4:9,BAR,Baruch,4,9,"εἶδε γὰρ τὴν ἐπελθοῦσαν ὑμῖν ὀργὴν παρὰ τοῦ Θεοῦ καὶ εἶπεν· ἀκούσατε, οἱ πάροικοι Σιών, ἐπήγαγέ μοι ὁ Θεὸς πένθος μέγα·",,,,
Baruch 4:10,BAR,Baruch,4,10,"εἶδον γὰρ τὴν αἰχμαλωσίαν τῶν υἱῶν μου καὶ τῶν θυγατέρων μου, ἣν ἐπήγαγεν αὐτοῖς ὁ αἰώνιος.",,,,
Baruch 4:11,BAR,Baruch,4,11,"ἔθρεψα γὰρ αὐτοὺς μετ᾿ εὐφροσύνης, ἐξαπέστειλα δὲ μετὰ κλαυθμοῦ καὶ πένθους.",,,,
Baruch 4:12,BAR,Baruch,4,12,"μηδεὶς ἐπιχαιρέτω μοι τῇ χήρᾳ καὶ καταλειφθείσῃ ὑπὸ πολλῶν· ἠρημώθην διὰ τὰς ἁμαρτίας τῶν τέκνων μου, διότι ἐξέκλιναν ἐκ νόμου Θεοῦ,",,,,
Baruch 4:13,BAR,Baruch,4,13,"δικαιώματα δὲ αὐτοῦ οὐκ ἔγνωσαν οὐδὲ ἐπορεύθησαν ὁδοῖς ἐντολῶν Θεοῦ, οὐδὲ τρίβους παιδείας ἐν δικαιοσύνη αὐτοῦ ἐπέβησαν.",,,,
Baruch 4:14,BAR,Baruch,4,14,"ἐλθέτωσαν αἱ πάροικοι Σιών, καὶ μνήσθητε τὴν αἰχμαλωσίαν τῶν υἱῶν μου καὶ θυγατέρων, ἣν ἐπήγαγεν αὐτοῖς ὁ αἰώνιος·",,,,
Baruch 4:15,BAR,Baruch,4,15,"ἐπήγαγε γὰρ ἐπ᾿ αὐτοὺς ἔθνος μακρόθεν, ἔθνος ἀναιδὲς καὶ ἀλλόγλωσσον, οἳ οὐκ ᾐσχύνθησαν πρεσβύτην οὐδὲ παιδίον ἠλέησαν",,,,
Baruch 4:16,BAR,Baruch,4,16,καὶ ἀπήγαγον τοὺς ἀγαπητοὺς τῆς χήρας καὶ ἀπὸ τῶν θυγατέρων τὴν μόνην ἠρήμωσαν.,,,,
Baruch 4:17,BAR,Baruch,4,17,ἐγὼ δὲ τί δυνατὴ βοηθῆσαι ὑμῖν;,,,,
Baruch 4:18,BAR,Baruch,4,18,ὁ γὰρ ἐπαγαγὼν τὰ κακὰ ὑμῖν ἐξελεῖται ὑμᾶς ἐκ χειρὸς ἐχθρῶν ὑμῶν.,,,,
Baruch 4:19,BAR,Baruch,4,19,"βαδίζετε, τέκνα, βαδίζετε, ἐγὼ γὰρ κατελήφθην ἔρημος·",,,,
Baruch 4:20,BAR,Baruch,4,20,"ἐξεδυσάμην τὴν στολὴν τῆς εἰρήνης, ἐνεδυσάμην δὲ σάκκον τῆς δεήσεώς μου, κεκράξομαι πρὸς τὸν αἰώνιον ἐν ταῖς ἡμέραις μου.",,,,
Baruch 4:21,BAR,Baruch,4,21,"Θαρρεῖτε, τέκνα, βοήσατε πρὸς τὸ Θεόν, καὶ ἐξελεῖται ὑμᾶς ἐκ δυναστείας, ἐκ χειρὸς ἐχθρῶν.",,,,
Baruch 4:22,BAR,Baruch,4,22,"ἐγὼ γὰρ ἤλπισα ἐπὶ τῷ αἰωνίῳ τὴν σωτηρίαν ὑμῶν, καὶ ἦλθέ μοι χαρὰ παρὰ τοῦ ἁγίου ἐπὶ τῇ ἐλεημοσύνῃ, ἣ ἥξει ὑμῖν ἐν τάχει παρὰ τοῦ αἰωνίου σωτῆρος ὑμῶν.",,,,
Baruch 4:23,BAR,Baruch,4,23,"ἐξέπεμψα γὰρ ὑμᾶς μετὰ κλαυθμοῦ καὶ πένθους, ἀποδώσει δέ μοι ὁ Θεὸς ὑμᾶς μετὰ χαρμοσύνης καὶ εὐφροσύνης εἰς τὸν αἰῶνα.",,,,
Baruch 4:24,BAR,Baruch,4,24,"ὥσπερ γὰρ νῦν ἑωράκασιν αἱ πάροικοι Σιὼν τὴν ὑμετέραν αἰχμαλωσίαν, οὕτως ὄψονται ἐν τάχει τὴν παρὰ τοῦ Θεοῦ ὑμῶν σωτηρίαν, ἣ ἐπελεύσεται ὑμῖν μετὰ δόξης μεγάλης καὶ λαμπρότητος τοῦ αἰωνίου.",,,,
Baruch 4:25,BAR,Baruch,4,25,"τέκνα, μακροθυμήσατε τὴν παρὰ τοῦ Θεοῦ ἐπελθοῦσαν ὑμῖν ὀργήν· κατεδίωξέ σε ὁ ἐχθρός σου, καὶ ὄψει αὐτοῦ τὴν ἀπώλειαν ἐν τάχει καὶ ἐπὶ τραχήλους αὐτῶν ἐπιβήσῃ.",,,,
Baruch 4:26,BAR,Baruch,4,26,"οἱ τρυφεροί μου ἐπορεύθησαν ὁδοὺς τραχείας, ἤρθησαν ὡς ποίμνιον ἡρπασμένον ὑπὸ ἐχθρῶν.",,,,
Baruch 4:27,BAR,Baruch,4,27,"Θαρσήσατε τέκνα καὶ βοήσατε πρὸς τὸν Θεόν, ἔσται γὰρ ὑμῶν ὑπὸ τοῦ ἐπάγοντος μνεία.",,,,
Baruch 4:28,BAR,Baruch,4,28,"ὥσπερ γὰρ ἐγένετο ἡ διάνοια ὑμῶν εἰς τὸ πλανηθῆναι ἀπὸ τοῦ Θεοῦ, δεκαπλασιάσατε ἐπιστραφέντες ζητῆσαι αὐτόν.",,,,
Baruch 4:29,BAR,Baruch,4,29,ὁ γὰρ ἐπαγαγὼν ὑμῖν τὰ κακὰ ἐπάξει ὑμῖν τὴν αἰώνιον εὐφροσύνην μετὰ τῆς σωτηρίας ὑμῶν.,,,,
Baruch 4:30,BAR,Baruch,4,30,"Θάρσει Ἱερουσαλήμ, παρακαλέσει σε ὁ ὀνομάσας σε.",,,,
Baruch 4:31,BAR,Baruch,4,31,"δείλαιοι οἱ σὲ κακώσαντες καὶ ἐπιχαρέντες τῇ σῇ πτώσει,",,,,
Baruch 4:32,BAR,Baruch,4,32,"δείλαιαι αἱ πόλεις, αἷς ἐδούλευσαν τὰ τέκνα σου, δειλαία ἡ δεξαμένη τοὺς υἱούς σου.",,,,
Baruch 4:33,BAR,Baruch,4,33,"ὥσπερ γὰρ ἐχάρη ἐπὶ τῇ σῇ πτώσει καὶ εὐφράνθη ἐπὶ τῷ πτώματί σου, οὕτως λυπηθήσεται ἐπὶ τῇ ἑαυτῆς ἐρημίᾳ.",,,,
Baruch 4:34,BAR,Baruch,4,34,καὶ περιελῶ αὐτῆς τὸ ἀγαλλίαμα τῆς πολυοχλίας καὶ τὸ ἀγαυρίαμα αὐτῆς ἔσται εἰς πένθος.,,,,
Baruch 4:35,BAR,Baruch,4,35,"πῦρ γὰρ ἐπελεύσεται αὐτῇ παρὰ τοῦ αἰωνίου εἰς ἡμέρας μακράς, καὶ κατοικηθήσεται ὑπὸ δαιμονίων τὸν πλείονα χρόνον.",,,,
Baruch 4:36,BAR,Baruch,4,36,"Περίβλεψον πρὸς ἀνατολάς, Ἱερουσαλήμ, καὶ ἴδε τὴν εὐφροσύνην τὴν παρὰ τοῦ Θεοῦ σοι ἐρχομένην.",,,,
Baruch 4:37,BAR,Baruch,4,37,"ἰδοὺ ἔρχονται οἱ υἱοί σου, οὓς ἐξαπέστειλας, ἔρχονται συνηγμένοι ἀπὸ ἀνατολῶν ἕως δυσμῶν τῷ ρήματι τοῦ ἁγίου χαίροντες τῇ τοῦ Θεοῦ δόξῃ.",,,,
Baruch 5:1,BAR,Baruch,5,1,"ΕΚΔΥΣΑΙ, Ἱερουσαλήμ, τὴν στολὴν τοῦ πένθους καὶ τῆς κακώσεώς σου καὶ ἔνδυσαι τὴν εὐπρέπειαν τῆς παρὰ τοῦ Θεοῦ δόξης εἰς τὸν αἰῶνα.",,,,
Baruch 5:2,BAR,Baruch,5,2,"περιβαλοῦ τὴν διπλοΐδα τῆς παρὰ τοῦ Θεοῦ δικαιοσύνης, ἐπίθου τὴν μίτραν ἐπὶ τὴν κεφαλήν σου τῆς δόξης τοῦ αἰωνίου.",,,,
Baruch 5:3,BAR,Baruch,5,3,ὁ γὰρ Θεὸς δείξει τῇ ὑπ᾿ οὐρανὸν πάσῃ τὴν σὴν λαμπρότητα.,,,,
Baruch 5:4,BAR,Baruch,5,4,κληθήσεται γάρ σου τὸ ὄνομα παρὰ τοῦ Θεοῦ εἰς τὸν αἰῶνα· Εἰρήνη δικαιοσύνης καὶ δόξα θεοσεβείας.,,,,
Baruch 5:5,BAR,Baruch,5,5,"Ἀνάστηθι, Ἱερουσαλήμ, καὶ στῆθι ἐπὶ τοῦ ὑψηλοῦ καὶ περίβλεψαι πρὸς ἀνατολὰς καὶ ἴδε συνηγμένα τὰ τέκνα σου ἀπὸ ἡλίου δυσμῶν ἕως ἀνατολῶν τῷ ρήματι τοῦ ἁγίου χαίροντας τῇ τοῦ Θεοῦ μνείᾳ.",,,,
Baruch 5:6,BAR,Baruch,5,6,"ἐξῆλθον γὰρ παρὰ σοῦ πεζοὶ ἀγόμενοι ὑπὸ ἐχθρῶν, εἰσάγει δὲ αὐτοὺς ὁ Θεὸς πρὸς σὲ αἰρομένους μετὰ δόξης ὡς θρόνον βασιλείας.",,,,
Baruch 5:7,BAR,Baruch,5,7,"συνέταξε γὰρ ὁ Θεὸς ταπεινοῦσθαι πᾶν ὄρος ὑψηλὸν καὶ θῖνας ἀεννάους καὶ φάραγγας πληροῦσθαι εἰς ὁμαλισμὸν τῆς γῆς, ἵνα βαδίσῃ Ἰσραὴλ ἀσφαλῶς τῇ τοῦ Θεοῦ δόξῃ·",,,,
Baruch 5:8,BAR,Baruch,5,8,ἐσκίασαν δὲ καὶ οἱ δρυμοὶ καὶ πᾶν ξύλον εὐωδίας τῷ Ἰσραὴλ προστάγματι τοῦ Θεοῦ·,,,,
Baruch 5:9,BAR,Baruch,5,9,ἡγήσεται γὰρ ὁ Θεὸς Ἰσραὴλ μετ᾿ εὐφροσύνης τῷ φωτὶ τῆς δόξης αὐτοῦ σὺν ἐλεημοσύνῃ καὶ δικαιοσύνῃ τῇ παρ᾿ αὐτοῦ.,,,,
Letter of Jeremiah 1:1,LJE,Letter of Jeremiah,1,1,"Διὰ τὰς ἁμαρτίας, ἃς ἡμαρτήκατε ἐναντίον τοῦ Θεοῦ, ἀχθήσεσθε εἰς Βαβυλῶνα αἰχμάλωτοι ὑπὸ Ναβουχοδονόσορ βασιλέως τῶν Βαβυλωνίων",,,,
Letter of Jeremiah 1:2,LJE,Letter of Jeremiah,1,2,εἰσελθόντες οὖν εἰς Βαβυλῶνα ἔσεσθε ἐκεῖ ἔτη πλείονα καὶ χρόνον μακρὸν ἕως γενεῶν ἑπτά· μετὰ τοῦτο δὲ ἐξάξω ὑμᾶς ἐκεῖθεν μετ' εἰρήνης.,,,,
Letter of Jeremiah 1:3,LJE,Letter of Jeremiah,1,3,"νυνὶ δὲ ὄψεσθε ἐν Βαβυλῶνι θεοὺς ἀργυροῦς καὶ χρυσοῦς καὶ ξυλίνους ἐπ' ὤμοις αἰρομένους, δεικνύντας φόβον τοῖς ἔθνεσιν.",,,,
Letter of Jeremiah 1:4,LJE,Letter of Jeremiah,1,4,εὐλαβήθητε οὖν μὴ καὶ ὑμεῖς ἀφομοιωθέντες τοῖς ἀλλοφύλοις ἀφομοιωθῆτε καὶ φόβος ὑμᾶς λάβῃ ἐπ' αὐτοῖς,,,,
Letter of Jeremiah 1:5,LJE,Letter of Jeremiah,1,5,"ἰδόντας ὄχλον ἔμπροσθεν καὶ ὄπισθεν αὐτῶν προσκυνοῦντας αὐτά· εἴπατε δὲ τῇ διανοίᾳ· σοὶ δεῖ προσκυνεῖν, δέσποτα.",,,,
Letter of Jeremiah 1:6,LJE,Letter of Jeremiah,1,6,"ὁ γὰρ ἄγγελός μου μεθ' ὑμῶν ἐστιν, αὐτός τε ἐκζητῶν τὰς ψυχὰς ὑμῶν.",,,,
Letter of Jeremiah 1:7,LJE,Letter of Jeremiah,1,7,"γλῶσσα γὰρ αὐτῶν ἐστι κετεξυσμένη ὑπὸ τέκτονος, αὐτά τε περίχρυσα καὶ περιάργυρα, ψευδῆ δ' ἐστὶ καὶ οὐ δύνανται λαλεῖν.",,,,
Letter of Jeremiah 1:8,LJE,Letter of Jeremiah,1,8,καὶ ὥσπερ παρθένῳ φιλοκόσμῳ λαμβάνοντες χρυσίον κατασκευάζουσι στεφάνους ἐπὶ τὰς κεφαλὰς τῶν θεῶν αὐτῶν·,,,,
Letter of Jeremiah 1:9,LJE,Letter of Jeremiah,1,9,"ἔστι δὲ καὶ ὅτε ὑφαιρούμενοι οἱ ἱερεῖς ἀπὸ τῶν θεῶν αὐτῶν χρυσίον καὶ ἀργύριον εἰς ἑαυτοὺς καταναλώσουσι, δώσουσι δὲ ἀπ' αὐτῶν καὶ ταῖς ἐπὶ τοῦ στέγους πόρναις.",,,,
Letter of Jeremiah 1:10,LJE,Letter of Jeremiah,1,10,"κοσμοῦσί τε αὐτοὺς ὡς ἀνθρώπους τοῖς ἐνδύμασι, θεοὺς ἀργυροῦς καὶ θεοὺς χρυσοῦς καὶ ξυλίνους· οὗτοι δὲ οὐ διασῴζονται ἀπὸ ἰοῦ καὶ βρωμάτων.",,,,
Letter of Jeremiah 1:11,LJE,Letter of Jeremiah,1,11,"περιβεβλημένων αὐτῶν ἱματισμὸν πορφυροῦν, ἐκμάσσονται τὸ πρόσωπον αὐτῶν διὰ τὸν ἐκ τῆς οἰκίας κονιορτόν, ὅς ἐστι πλείω ἐπ' αὐτοῖς.",,,,
Letter of Jeremiah 1:12,LJE,Letter of Jeremiah,1,12,"καὶ σκῆπτρον ἔχει ὡς ἄνθρωπος κριτὴς χώρας, ὃς τὸν εἰς αὐτὸν ἁμαρτάνοντα οὐκ ἀνελεῖ.",,,,
Letter of Jeremiah 1:13,LJE,Letter of Jeremiah,1,13,"ἔχει δὲ ἐγχειρίδιον ἐν δεξιᾷ καὶ πέλεκυν, ἑαυτὸν δὲ ἐκ πολέμου καὶ λῃστῶν οὐκ ἐξελεῖται.",,,,
Letter of Jeremiah 1:14,LJE,Letter of Jeremiah,1,14,ὅθεν γνώριμοί εἰσιν οὐκ ὄντες θεοί· μὴ οὖν φοβηθῆτε αὐτούς.,,,,
Letter of Jeremiah 1:15,LJE,Letter of Jeremiah,1,15,"¨Ωσπερ γὰρ σκεῦος ἀνθρώπου συντριβὲν ἀχρεῖον γίνεται, τοιοῦτοι ὑπάρχουσιν οἱ θεοὶ αὐτῶν, καθιδρυμένων αὐτῶν ἐν τοῖς οἴκοις.",,,,
Letter of Jeremiah 1:16,LJE,Letter of Jeremiah,1,16,οἱ ὀφθαλμοὶ αὐτῶν πλήρεις εἰσὶ κονιορτοῦ ἀπὸ τῶν ποδῶν τῶν εἰσπορευομένων.,,,,
Letter of Jeremiah 1:17,LJE,Letter of Jeremiah,1,17,"καὶ ὥσπερ τινὶ ἠδικηκότι βασιλέα περιπεφραγμέναι εἰσὶν αἱ αὐλαί, ὡς ἐπὶ θανάτῳ ἀπηγμένῳ, τοὺς οἴκους αὐτῶν ὀχυροῦσιν οἱ ἱερεῖς θυρώμασί τε καὶ κλείθροις καὶ μοχλοῖς, ὅπως ὑπὸ τῶν λῃστῶν μὴ συληθῶσι.",,,,
Letter of Jeremiah 1:18,LJE,Letter of Jeremiah,1,18,"λύχνους καίουσι καὶ πλείους ἢ ἑαυτοῖς, ὧν οὐδένα δύνανται ἰδεῖν.",,,,
Letter of Jeremiah 1:19,LJE,Letter of Jeremiah,1,19,"ἔστι μὲν ὥσπερ δοκὸς τῶν ἐκ τῆς οἰκίας, τὰς δὲ καρδίας αὐτῶν φασὶν ἐκλείχεσθαι, τῶν ἀπὸ τῆς γῆς ἑρπετῶν κατεσθόντων αὐτούς τε καὶ τὸν ἱματισμὸν αὐτῶν, οὐκ αἰσθάνονται.",,,,
Letter of Jeremiah 1:20,LJE,Letter of Jeremiah,1,20,μεμελανωμένοι τὸ πρόσωπον αὐτῶν ἀπὸ τοῦ καπνοῦ τοῦ ἐκ τῆς οἰκίας.,,,,
Letter of Jeremiah 1:21,LJE,Letter of Jeremiah,1,21,"ἐπὶ τὸ σῶμα αὐτῶν καὶ ἐπὶ τὴν κεφαλὴν αὐτῶν ἐφίπτανται νυκτερίδες, χελιδόνες καὶ τὰ ὄρνεα, ὡσαύτως δὲ καὶ οἱ αἴλουροι.",,,,
Letter of Jeremiah 1:22,LJE,Letter of Jeremiah,1,22,ὅθεν γνώσεσθε ὅτι οὐκ εἰσὶ θεοί· μὴ οὖν φοβεῖσθε αὐτά.,,,,
Letter of Jeremiah 1:23,LJE,Letter of Jeremiah,1,23,"Τὸ γὰρ χρυσίον, ὃ περίκεινται εἰς κάλλος, ἐὰν μή τις ἐκμάξῃ τὸν ἰόν, οὐ μὴ στίλψωσιν· οὐδὲ γάρ, ὅτε ἐχωνεύοντο, ᾐσθάνοντο.",,,,
Letter of Jeremiah 1:24,LJE,Letter of Jeremiah,1,24,"ἐκ πάσης τιμῆς ἠγορασμένα ἐστίν, ἐν οἷς οὐκ ὖστι πνεῦμα.",,,,
Letter of Jeremiah 1:25,LJE,Letter of Jeremiah,1,25,"ἄνευ ποδῶν ἐπ' ὤμοις φέρονται ἐνδεικνύμενοι τὴν ἑαυτῶν ἀτιμίαν τοῖς ἀνθρώποις, αἰσχύνονταί τε καὶ οἱ θεραπεύοντες αὐτὰ",,,,
Letter of Jeremiah 1:26,LJE,Letter of Jeremiah,1,26,"διὰ τὸ εἴ ποτε ἐπὶ τὴν γῆν πέσῃ, μὴ δι' αὐτῶν ἀνίστασθαι· μήτε ἐάν τις αὐτὸ ὀρθὸν στήσῃ, δι' ἑαυτοῦ κινηθήσεται, μήτε ἐὰν κλιθῇ, οὐ μὴ ὀρθωθῇ, ἀλλ' ὥσπερ νεκροῖς τὰ δῶρα αὐτοῖς παρατίθεται.",,,,
Letter of Jeremiah 1:27,LJE,Letter of Jeremiah,1,27,τὰς δὲ θυσίας αὐτῶν ἀποδόμενοι οἱ ἱερεῖς αὐτῶν καταχρῶνται· ὡσαύτως δὲ καὶ αἱ γυναῖκες αὐτῶν ἀπ' αὐτῶν ταριχεύουσαι οὔτε πτωχῷ οὔτε ἀδυνάτῳ μὴ μεταδῶσι.,,,,
Letter of Jeremiah 1:28,LJE,Letter of Jeremiah,1,28,"τῶν θυσιῶν αὐτῶν ἀποκαθημένη καὶ λεχὼ ἅπτονται. γνόντες οὖν ἀπὸ τούτων ὅτι οὐκ εἰσὶ θεοί, μὴ φοβηθῆτε αὐτούς.",,,,
Letter of Jeremiah 1:29,LJE,Letter of Jeremiah,1,29,Πόθεν γὰρ κληθείησαν θεοί; ὅτι γυναῖκες παραιτιθέασι θεοῖς ἀργυροῖς καὶ χρυσοῖς καὶ ξυλίνοις·,,,,
Letter of Jeremiah 1:30,LJE,Letter of Jeremiah,1,30,"καὶ ἐν τοῖς οἴκοις αὐτῶν οἱ ἱερεῖς διφρεύουσιν, ἔχοντες τοὺς χιτῶνας διερρωγότας καὶ τὰς κεφαλὰς καὶ τοὺς πώγωνας ἐξυρημένους, ὧν αἱ κεφαλαὶ ἀκάλυπτοί εἰσιν,",,,,
Letter of Jeremiah 1:31,LJE,Letter of Jeremiah,1,31,ὠρύονται δὲ βοῶντες ἐναντίον τῶν θεῶν αὐτῶν ὥσπερ τινὲς ἐν περιδείπνῳ νεκροῦ.,,,,
Letter of Jeremiah 1:32,LJE,Letter of Jeremiah,1,32,ἀπὸ τοῦ ἱματισμοῦ αὐτῶν ἀφελόμενοι οἱ ἱερεῖς ἐνδύσουσι τὰς γυναῖκας αὐτῶν καὶ τὰ παιδία.,,,,
Letter of Jeremiah 1:33,LJE,Letter of Jeremiah,1,33,"οὔτε ἐὰν κακὸν πάθωσιν ὑπό τινος οὔτε ἐὰν ἀγαθόν, δυνήσονται ἀνταποδοῦναι· οὔτε καταστῆσαι βασιλέα δύνανται οὔτε ἀφελέσθαι.",,,,
Letter of Jeremiah 1:34,LJE,Letter of Jeremiah,1,34,"ὡσαύτως οὔτε πλοῦτον οὔτε χαλκὸν οὐ μὴ δύνωνται διδόναι· ἐάν τις εὐχὴν αὐτοῖς εὐξάμενος μὴ ἀποδῷ, οὐ μὴ ἐπιζητήσωσιν.",,,,
Letter of Jeremiah 1:35,LJE,Letter of Jeremiah,1,35,ἐκ θανάτου ἄνθρωπον οὐ μὴ ρύσωνται οὔτε ἥττονα ἀπὸ ἰσχυροῦ μὴ ἐξέλωνται.,,,,
Letter of Jeremiah 1:36,LJE,Letter of Jeremiah,1,36,"ἄνθρωπον τυφλὸν εἰς ὅρασιν οὐ μὴ περιστήσωσιν, ἐν ἀνάγκῃ ἄνθρωπον ὄντα οὐ μὴ ἐξέλωνται.",,,,
Letter of Jeremiah 1:37,LJE,Letter of Jeremiah,1,37,χήραν οὐ μὴ ἐλεήσωσιν οὔτε ὀρφανὸν εὖ ποιήσωσι.,,,,
Letter of Jeremiah 1:38,LJE,Letter of Jeremiah,1,38,"τοῖς ἀπὸ τοῦ ὄρους λίθοις ὡμοιωμένοι εἰσὶ τὰ ξύλινα καὶ τὰ περίχρυσα καὶ τὰ περιάργυρα, οἱ δὲ θεραπεύοντες αὐτὰ καταισχυνθήσονται.",,,,
Letter of Jeremiah 1:39,LJE,Letter of Jeremiah,1,39,πῶς οὖν νομιστέον ἢ κλητέον ὑπάρχειν αὐτοὺς θεούς;,,,,
Letter of Jeremiah 1:40,LJE,Letter of Jeremiah,1,40,"ἔτι δὲ καὶ αὐτῶν τῶν Χαλδαίων ἀτιμαζόντων αὐτά, οἵ, ὅταν ἴδωσιν ἐνεὸν μὴ δυνάμενον λαλῆσαι, προσενεγκάμενοι τὸν Βῆλον ἀξιοῦσι φωνῆσαι, ὡς δυνατοῦ ὄντος αὐτοῦ αἰσθέσθαι,",,,,
Letter of Jeremiah 1:41,LJE,Letter of Jeremiah,1,41,"καὶ οὐ δύνανται αὐτοὶ νοήσαντες καταλιπεῖν αὐτά, αἴσθησιν γὰρ οὐκ ἔχουσιν.",,,,
Letter of Jeremiah 1:42,LJE,Letter of Jeremiah,1,42,αἱ δὲ γυναῖκες περιθέμεναι σχοινία ἐν ταῖς ὁδοῖς ἐγκάθηνται θυμιῶσαι τὰ πίτυρα·,,,,
Letter of Jeremiah 1:43,LJE,Letter of Jeremiah,1,43,"ὅταν δέ τις αὐτῶν ἐφελκυσθεῖσα ὑπό τινος τῶν παραπορευομένων κοιμηθῇ, τὴν πλησίον ὀνειδίζει, ὅτι οὐκ ἠξίωται ὥσπερ καὶ αὐτὴ οὔτε τὸ σχοινίον αὐτῆς διερράγη.",,,,
Letter of Jeremiah 1:44,LJE,Letter of Jeremiah,1,44,πάντα τὰ γενόμενα ἐν αὐτοῖς ἐστι ψευδῆ· πῶς οὖν νομιστέον ἢ κλητέον ὡς θεοὺς αὐτοὺς ὑπάρχειν;,,,,
Letter of Jeremiah 1:45,LJE,Letter of Jeremiah,1,45,ὐπὸ τεκτόνων καὶ χρυσοχόων κατεσκευασμένα εἰσίν· οὐδὲν ἄλλο μὴ γένωνται ἢ ὃ βούλονται οἱ τεχνῖται αὐτὰ γενέσθαι.,,,,
Letter of Jeremiah 1:46,LJE,Letter of Jeremiah,1,46,αὐτοί τε οἱ κατασκευάζοντες αὐτὰ οὐ μὴ γένωνται πολυχρόνιοι·,,,,
Letter of Jeremiah 1:47,LJE,Letter of Jeremiah,1,47,πῶς τε δὴ μέλλει τὰ ὑπ' αὐτῶν κατασκευασθέντα εἶναι θεοί; κατέλιπον γὰρ ψεύδη καὶ ὄνειδος τοῖς ἐπιγινομένοις.,,,,
Letter of Jeremiah 1:48,LJE,Letter of Jeremiah,1,48,"ὅταν γὰρ ἐπέλθῃ ἐπ' αὐτὰ πόλεμος καὶ κακά, βουλεύονται πρὸς ἑαυτοὺς οἱ ἱερεῖς ποῦ συναποκρυβῶσι μετ' αὐτῶν.",,,,
Letter of Jeremiah 1:49,LJE,Letter of Jeremiah,1,49,"πῶς οὖν οὐκ ἔστιν αἰσθέσθαι ὅτι οὐκ εἰσὶ θεοί, οἳ οὔτε σῴζουσιν ἑαυτοὺς ἐκ πολέμου οὔτε ἐκ κακῶν;",,,,
Letter of Jeremiah 1:50,LJE,Letter of Jeremiah,1,50,"ὑπάρχοντα γὰρ ξύλινα καὶ περίχρυσα καὶ περιάργυρα γνωσθήσεται μετὰ ταῦτα, ὅτι ἐστὶ ψευδῆ· τοῖς ἔθνεσι πᾶσι τοῖς τε βασιλεῦσι φανερὸν ἔσται, ὅτι οὐκ εἰσὶ θεοί, ἀλλὰ ἔργα χειρῶν ἀνθρώπων, καὶ οὐδὲν Θεοῦ ἔργον ἐν αὐτοῖς ἐστι.",,,,
Letter of Jeremiah 1:51,LJE,Letter of Jeremiah,1,51,"τίνι οὖν γνωστέον ἐστίν, ὅτι οὐκ εἰσὶ θεοί;",,,,
Letter of Jeremiah 1:52,LJE,Letter of Jeremiah,1,52,"βασιλέα γὰρ χώρας οὐ μὴ ἀναστήσωσιν οὔτε ὑετὸν ἀνθρώποις οὐ μὴ δῶσι,",,,,
Letter of Jeremiah 1:53,LJE,Letter of Jeremiah,1,53,"κρίσιν τε οὐ μὴ διακρίνωσιν αὐτῶν, οὐδὲ μὴ ρύσωνται ἀδικούμενον ἀδύνατοι ὄντες· ὥσπερ γὰρ κορῶναι ἀναμέσον τοῦ οὐρανοῦ καὶ τῆς γῆς.",,,,
Letter of Jeremiah 1:54,LJE,Letter of Jeremiah,1,54,"καὶ γὰρ ὅταν ἐμπέσῃ εἰς οἰκίαν θεῶν ξυλίων ἢ περιχεύσων ἢ περιαργύρων πῦρ, οἱ μὲν ἱερεῖς αὐτῶν φεύξονται καὶ διασωθήσονται, αὐτοὶ δὲ ὥσπερ δοκοὶ μέσοι κατακαυθήσονται.",,,,
Letter of Jeremiah 1:55,LJE,Letter of Jeremiah,1,55,βασιλεῖ δὲ καὶ πολεμίοις οὐ μὴ ἀντιστῶσι.,,,,
Letter of Jeremiah 1:56,LJE,Letter of Jeremiah,1,56,"πῶς οὖν ἐκδεκτέον ἢ νομιστέον ὅτι εἰσὶ θεοί; οὔτε ἀπὸ κλεπτῶν οὔτε ἀπὸ λῃστῶν οὐ μὴ διασωθῶσι θεοὶ ξύλινοι καὶ περιάργυροι καὶ περίχρυσοι,",,,,
Letter of Jeremiah 1:57,LJE,Letter of Jeremiah,1,57,"ὧν οἱ ἰσχύοντες περιελοῦνται τὸ χρυσίον καὶ τὸ ἀργύριον, καὶ τὸν ἱματισμὸν τὸν περικείμενον αὐτοῖς ἀπελεύσονται ἔχοντες, οὔτε ἑαυτοῖς οὐ μὴ βοηθήσωσιν·",,,,
Letter of Jeremiah 1:58,LJE,Letter of Jeremiah,1,58,"ὥστε κρεῖσσον εἶναι βασιλέα ἐπιδεικνύμενον τὴν ἑαυτοῦ ἀνδρείαν ἢ σκεῦος ἐν οἰκίᾳ χρήσιμον, ἐφ' ᾣ χρήσεται ὁ κεκτημένος, ἢ οἱ ψευδεῖς θεοί· ἢ καὶ θύρα ἐν οἰκίᾳ διασῴζουσα τὰ ἐν αὐτῇ ὄντα ἢ ψευδεῖς θεοί· καὶ ξύλινος στύλος ἐν βασιλείοις ἢ οἱ ψευδεῖς θεοί.",,,,
Letter of Jeremiah 1:59,LJE,Letter of Jeremiah,1,59,ἥλιος μὲν γὰρ καὶ σελήνη καὶ ἄστρα ὄντα λαμπρὰ καὶ ἀποστελλόμενα ἐπὶ χρείας εὐήκοά εἰσιν·,,,,
Letter of Jeremiah 1:60,LJE,Letter of Jeremiah,1,60,"ὡσαύτως καὶ ἀστραπή, ὅταν ἐπιφανῇ, εὔοπτός ἐστι, τὸ δ' αὐτὸ καὶ πνεῦμα ἐν πάσῃ χώρᾳ πνεῖ.",,,,
Letter of Jeremiah 1:61,LJE,Letter of Jeremiah,1,61,"καὶνεφέλαις ὅταν ἐπιταγῇ ὑπὸ τοῦ Θεοῦ ἐπιπορεύεσθαι ἐφ' ὅλην τὴν οἰκουμένην, συντελοῦσι τὸ ταχθέν· τό τε πῦρ ἐξαποσταλὲν ἄνωθεν ἐξαναλῶσαι ὄρη καὶ δρυμούς, ποιεῖ τὸ συνταχθέν.",,,,
Letter of Jeremiah 1:62,LJE,Letter of Jeremiah,1,62,ταῦτα δὲ οὔτε ταῖς ἰδέαις οὔτε ταῖς δυνάμεσιν αὐτῶν ἀφωμοιωμένα ἐστίν.,,,,
Letter of Jeremiah 1:63,LJE,Letter of Jeremiah,1,63,"ὅθεν οὔτε νομιστέον οὔτε κλητέον ὑπάρχειν αὐτοὺς θεούς, οὐ δυνατῶν ὄντων αὐτῶν οὔτε κρίσιν κρῖναι οὔτε εὖ ποιῆσαι ἀνθρώποις.",,,,
Letter of Jeremiah 1:64,LJE,Letter of Jeremiah,1,64,"γνόντες οὖν ὅτι οὐκ εἰσὶ θεοί, μὴ φοβηθῆτε αὐτούς·",,,,
Letter of Jeremiah 1:65,LJE,Letter of Jeremiah,1,65,οὔτε γὰρ βασιλεῦσιν οὐ μὴ καταράσωνται οὔτε μὴ εὐλογήσωσι.,,,,
Letter of Jeremiah 1:66,LJE,Letter of Jeremiah,1,66,"σημεῖά τε ἐν ἔθνεσιν ἐν οὐρανῷ οὐ μὴ δείξωσιν, οὐδὲ ὡς ὁ ἥλιος λάμψουσιν οὐδὲ φωτιοῦσιν ὡς ἡ σελήνη.",,,,
Letter of Jeremiah 1:67,LJE,Letter of Jeremiah,1,67,"τὰ θηρία ἐστὶκρείττῳ αὐτῶν, ἃ δύνανται ἐκφυγόντα εἰς σκέπην ἑαυτὰ ὠφελῆσαι.",,,,
Letter of Jeremiah 1:68,LJE,Letter of Jeremiah,1,68,κατ' οὐδένα οὖν τρόπον ἡμῖν ἐστι φανερὸν ὅτι εἰσὶ θεοί. διὸ μὴ φοβηθῆτε αὐτούς·,,,,
Letter of Jeremiah 1:69,LJE,Letter of Jeremiah,1,69,"ὥσπερ γὰρ ἐν σικυηράτῳ προβασκάνιον οὐδὲν φυλάσσον, οὕτως οἱ θεοὶ αὐτῶν εἰσὶ ξύλινοι καὶ περίχρυσοι καὶ περιάργυροι.",,,,
Letter of Jeremiah 1:70,LJE,Letter of Jeremiah,1,70,"τὸν αὐτὸν τρόπον καὶ τῇ ἐν κήπῳ ράμνῳ, ἐφ' ἧς πᾶν ὄρνεον ἐπικάθηται, ὡσαύτως δὲ καὶ νεκρῷ ἐρριμμένῳ ἐν σκότει ἀφωμοίωνται οἱ θεοὶ αὐτῶν ξύλινοι καὶ περίχρυσοι καὶ περιάργυροι.",,,,
Letter of Jeremiah 1:71,LJE,Letter of Jeremiah,1,71,"ἀπό τε τῆς πορφύρας καὶ τῆς μαρμάρου τῆς ἐπ' αὐτοῖς σηπομένης γνωσθήσονται ὅτι οὐκ εἰσὶ θεοί· αὐτά τε ἐξ ὑστέρου βρωθήσονται, καὶ ἔσται ὄνειδος ἐν τῇ χώρᾳ.",,,,
Letter of Jeremiah 1:72,LJE,Letter of Jeremiah,1,72,"κρεῖσσον οὖν ἄνθρωπος δίκαιος οὐκ ἔχων εἴδωλα, ἔσται γὰρ μακρὰν ἀπὸ ὀνειδισμοῦ.",,,,
Song of the Three Young Men 1:1,S3Y,Song of the Three Young Men,1,1,ΚΑΙ συστὰς Ἀζαρίας προσύξατο οὕτως καὶ ἀνοίξας τὸ στόμα αὐτοῦ ἐν μέσῳ τοῦ πυρὸς εἶπεν·,,,,
Song of the Three Young Men 1:2,S3Y,Song of the Three Young Men,1,2,"Εὐλογητὸς εἶ, Κύριε ὁ Θεὸς τῶν πατέρων ἡμῶν, καὶ αἰνετός, καὶ δεδοξασμένον τὸ ὄνομά σου εἰς τοὺς αἰῶνας,",,,,
Song of the Three Young Men 1:3,S3Y,Song of the Three Young Men,1,3,"ὅτι δίκαιος εἶ ἐπὶ πᾶσιν, οἷς ἐποίησας ἡμῖν, καὶ πάντα τὰ ἔργα σου ἀληθινά, καὶ εὐθεῖαι αἱ ὁδοί σου, καὶ πᾶσαι αἱ κρίσεις σου ἀλήθεια,",,,,
Song of the Three Young Men 1:4,S3Y,Song of the Three Young Men,1,4,"καὶ κρίματα ἀληθείας ἐποίησας κατὰ πάντα, ἃ ἐπήγαγες ἡμῖν καὶ ἐπὶ τὴν πόλιν τὴν ἁγίαν τὴν τῶν πατέρων ἡμῶν Ἱερουσαλήμ, ὅτι ἐν ἀληθείᾳ καὶ κρίσει ἐπήγαγες ταῦτα πάντα, διὰ τὰς ἁμαρτίας ἡμῶν.",,,,
Song of the Three Young Men 1:5,S3Y,Song of the Three Young Men,1,5,ὅτι ἡμάρτομεν καὶ ἠνομήσαμεν ἀποστῆναι ἀπὸ σοῦ,,,,
Song of the Three Young Men 1:6,S3Y,Song of the Three Young Men,1,6,"καὶ ἐξημάρτομεν ἐν πᾶσι καὶ τῶν ἐντολῶν σου οὐκ ἠκούσαμεν, οὐδὲ συνετηρήσαμεν οὐδὲ ἐποιήσαμεν καθὼς ἐνετείλω ἡμῖν, ἵνα εὖ ἡμῖν γένηται.",,,,
Song of the Three Young Men 1:7,S3Y,Song of the Three Young Men,1,7,"καὶ πάντα, ὅσα ἐπήγαγες ἡμῖν καὶ πάντα ὅσα ἐποίησας ἡμῖν, ἐν ἀληθινῇ κρίσει ἐποίησας",,,,
Song of the Three Young Men 1:8,S3Y,Song of the Three Young Men,1,8,"καὶ παρέδωκας ἡμᾶς εἰς χεῖρας ἐχθρῶν ἀνόμων, ἐχθίστων ἀποστατῶν, καὶ βασιλεῖ ἀδίκῳ καὶ πονηροτάτῳ παρὰ πᾶσαν τὴν γῆν.",,,,
Song of the Three Young Men 1:9,S3Y,Song of the Three Young Men,1,9,καὶ νῦν οὐκ ἔστιν ἡμῖν ἀνοῖξαι τὸ στόμα· αἰσχύνη καὶ ὄνειδος ἐγενήθημεν τοῖς δούλοις σου καὶ τοῖς σεβομένοις σε.,,,,
Song of the Three Young Men 1:10,S3Y,Song of the Three Young Men,1,10,μὴ δὴ παραδῴης ἡμᾶς εἰς τέλος διὰ τὸ ὄνομά σου καὶ μὴ διασκεδάσῃς τὴν διαθήκην σου,,,,
Song of the Three Young Men 1:11,S3Y,Song of the Three Young Men,1,11,"καὶ μὴ ἀποστήσῃς τὸ ἔλεός σου ἀφ' ἡμῶν διὰ Ἁβραὰμ τὸν ἠγαπημένον ὑπὸ σοῦ καὶ διὰ Ἰσαὰκ τὸν δοῦλόν σου καὶ Ἰσραὴλ τὸν ἅγιόν σου,",,,,
Song of the Three Young Men 1:12,S3Y,Song of the Three Young Men,1,12,οἷς ἐλάλησας πληθῦναι τὸ σπέρμα αὐτῶν ὡς τὰ ἄστρα τοῦ οὐρανοῦ καὶ ὡς τὴν ἄμμον τὴν παρὰ τὸ χεῖλος τῆς θαλάσσης.,,,,
Song of the Three Young Men 1:13,S3Y,Song of the Three Young Men,1,13,"ὅτι, δέσποτα, ἐσμικρύνθημεν παρὰ πάντα τὰ ἔθνη καί ἐσμεν ταπεινοὶ ἐν πάσῃ τῇ γῇ σήμερον διὰ τὰς ἁμαρτίας ἡμῶν,",,,,
Song of the Three Young Men 1:14,S3Y,Song of the Three Young Men,1,14,"καὶ οὐκ ἔστιν ἐν τῷ καιρῷ τούτῳ ἄρχων καὶ προφήτης καὶ ἡγούμενος, οὐδὲ ὁλοκαύτωσις οὐδὲ θυσία οὐδὲ προσφορὰ οὐδὲ θυμίαμα, οὐ τόπος τοῦ καρπῶσαι ἐνώπιόν σου καὶ εὑρεῖν ἔλεος·",,,,
Song of the Three Young Men 1:15,S3Y,Song of the Three Young Men,1,15,ἀλλ' ἐν ψυχῇ συντετριμμένῃ καὶ πνεύματι ταπεινώσεως προσδεχθείημεν,,,,
Song of the Three Young Men 1:16,S3Y,Song of the Three Young Men,1,16,"ὡς ἐν ὁλοκαυτώμασι κριῶν καὶ ταύρων καὶ ὡς ἐν μυριάσιν ἀρνῶν πιόνων, οὕτως γενέσθω ἡ θυσία ἡμῶν ἐνώπιόν σου σήμερον καὶ ἐκτελέσαι ὄπισθέν σου, ὅτι οὐκ ἔσται αἰσχύνη τοῖς πεποιθόσιν ἐπὶ σέ.",,,,
Song of the Three Young Men 1:17,S3Y,Song of the Three Young Men,1,17,"καὶ νῦν ἐξακολουθοῦμεν ἐν ὅλῃ καρδίᾳ καὶ φοβούμεθά σε καὶ ζητοῦμεν τὸ πρόσωπόν σου,",,,,
Song of the Three Young Men 1:18,S3Y,Song of the Three Young Men,1,18,"μὴ καταισχύνῃς ἡμᾶς, ἀλλὰ ποίησον μεθ' ἡμῶν κατὰ τὴν ἐπιείκειάν σου καὶ κατὰ τὸ πλῆθος τοῦ ἐλέους σου",,,,
Song of the Three Young Men 1:19,S3Y,Song of the Three Young Men,1,19,"καὶ ἐξελοῦ ἡμᾶς κατὰ τὰ θαυμάσιά σου καὶ δὸς δόξαν τῷ ὀνόματί σου, Κύριε. καὶ ἐντραπείησαν πάντες οἱ ἐνδεικνύμενοι τοῖς δούλοις σου κακὰ",,,,
Song of the Three Young Men 1:20,S3Y,Song of the Three Young Men,1,20,"καὶ καταισχυνθείησαν ἀπὸ πάσης δυναστείας, καὶ ἡ ἰσχὺς αὐτῶν συντριβείη·",,,,
Song of the Three Young Men 1:21,S3Y,Song of the Three Young Men,1,21,καὶ γνώτωσαν ὅτι σὺ εἶ Κύριος Θεὸς μόνος καὶ ἔνδοξος ἐφ' ὅλην τὴν οἰκουμένην.,,,,
Song of the Three Young Men 1:22,S3Y,Song of the Three Young Men,1,22,Καὶ οὐ διέλιπον οἱ ἐμβάλλοντες αὐτοὺς ὑπηρέται τοῦ βασιλέως καίοντες τὴν κάμινον νάφθαν καὶ πίσσαν καὶ στυππίον καὶ κληματίδα.,,,,
Song of the Three Young Men 1:23,S3Y,Song of the Three Young Men,1,23,καὶ διεχεῖτο ἡ φλὸξ ἐπάνω τῆς καμίνου ἐπὶ πήχεις τεσσαρακονταεννέα.,,,,
Song of the Three Young Men 1:24,S3Y,Song of the Three Young Men,1,24,καὶ διώδευσε καὶ ἐνεπύρισεν οὕς εὗρε περὶ τὴν κάμινον τῶν Χαλδαίων.,,,,
Song of the Three Young Men 1:25,S3Y,Song of the Three Young Men,1,25,ὁ δὲ ἄγγελος Κυρίου συγκατέβη ἅμα τοῖς περὶ τὸν Ἀζαρίαν εἰς τὴν κάμινον καὶ ἐξετίναξε τὴν φλόγα τοῦ πυρὸς ἐκ τῆς καμίνου,,,,
Song of the Three Young Men 1:26,S3Y,Song of the Three Young Men,1,26,"καὶ ἐποίησε τὸ μέσον τῆς καμίνου ὡς πνεῦμα δρόσου διασυρίζον, καὶ οὐχ ἥψατο αὐτῶν τὸ καθόλου τὸ πῦρ καὶ οὐκ ἐλύπησεν οὐδὲ παρηνώχλησεν αὐτοῖς.",,,,
Song of the Three Young Men 1:27,S3Y,Song of the Three Young Men,1,27,Τότε οἱ τρεῖς ὡς ἐξ ἑνὸς στόματος ὕμνουν καὶ ἐδόξαζον καὶ ηὐλόγουν τὸν Θεὸν ἐν τῇ καμίνῳ λέγοντες·,,,,
Song of the Three Young Men 1:28,S3Y,Song of the Three Young Men,1,28,"Εὐλογητὸς εἶ, Κύριε ὁ Θεὸς τῶν πατέρων ἡμῶν, καὶ αἰνετὸς καὶ ὑπερυψούμενος εἰς τοὺς αἰῶνας,",,,,
Song of the Three Young Men 1:29,S3Y,Song of the Three Young Men,1,29,καὶ εὐλογημένον τὸ ὄνομα τῆς δόξης σου τὸ ἅγιον καὶ ὑπεραινετὸν καὶ ὑπερυψούμενον εἰς πάντας τοὺς αἰῶνας.,,,,
Song of the Three Young Men 1:30,S3Y,Song of the Three Young Men,1,30,εὐλογημένος εἶ ἐν τῷ ναῷ τῆς ἁγίας δόξης σου καὶ ὑπερύμνητος καὶ ὑπερένδοξος εἰς τοὺς αἰῶνας.,,,,
Song of the Three Young Men 1:31,S3Y,Song of the Three Young Men,1,31,"εὐλογημένος εἶ ὁ ἐπιβλέπων ἀβύσσους, καθήμενος ἐπὶ Χερουβὶμ καὶ αἰνετὸς καὶ ὑπερυψούμενος εἰς τοὺς αἰῶνας.",,,,
Song of the Three Young Men 1:32,S3Y,Song of the Three Young Men,1,32,εὐλογημένος εἶ ἐπὶ θρόνου τῆς βασιλείας σου καὶ ὑπερύμνητος καὶ ὑπερυψούμενος εἰς τοὺς αἰῶνας.,,,,
Song of the Three Young Men 1:33,S3Y,Song of the Three Young Men,1,33,εὐλογημένος εἶ ἐν τῷ στερεώματι τοῦ οὐρανοῦ καὶ ὑμνητὸς καὶ δεδοξασμένος εἰς τοὺς αἰῶνας.,,,,
Song of the Three Young Men 1:34,S3Y,Song of the Three Young Men,1,34,"εὐλογεῖτε, πάντα τὰ ἔργα Κυρίου τὸν Κύριον· ὑμνεῖτε καὶ ὑπερυψοῦτε αὐτὸν εἰς τοὺς αἰῶνας.",,,,
Song of the Three Young Men 1:35,S3Y,Song of the Three Young Men,1,35,"εὐλογεῖτε, οὐρανοὶ τὸν Κύριον· ὑμνεῖτε καὶ ὑπερυψοῦτε αὐτὸν εἰς τοὺς αἰῶνας.",,,,
Song of the Three Young Men 1:36,S3Y,Song of the Three Young Men,1,36,"εὐλογεῖτε, ἄγγελοι Κυρίου τὸν Κύριον· ὑμνεῖτε καὶ ὑπερυψοῦτε αὐτὸν εἰς τοὺς αἰῶνας.",,,,
Song of the Three Young Men 1:37,S3Y,Song of the Three Young Men,1,37,"εὐλογεῖτε, ὕδατα πάντα τὰ ὑπεράνω τοῦ οὐρανοῦ τὸν Κύριον· ὑμνεῖτε καὶ ὑπερυψοῦτε αὐτὸν εἰς τοὺς αἰῶνας.",,,,
Song of the Three Young Men 1:38,S3Y,Song of the Three Young Men,1,38,"εὐλογεῖτε, πᾶσαι αἱ δυνάμεις Κυρίου τὸν Κύριον· ὑμνεῖτε καὶ ὑπερυψοῦτε αὐτὸν εἰς τοὺς αἰῶνας.",,,,
Song of the Three Young Men 1:39,S3Y,Song of the Three Young Men,1,39,"εὐλογεῖτε, ἥλιος καὶ σελήνη τὸν Κύριον· ὑμνεῖτε καὶ ὑπερυψοῦτε αὐτὸν εἰς τοὺς αἰῶνας.",,,,
Song of the Three Young Men 1:40,S3Y,Song of the Three Young Men,1,40,"εὐλογεῖτε, ἄστρα τοῦ οὐρανοῦ τὸν Κύριον· ὑμνεῖτε καὶ ὑπερυψοῦτε αὐτὸν εἰς τοὺς αἰῶνας.",,,,
Song of the Three Young Men 1:41,S3Y,Song of the Three Young Men,1,41,εὐλογείτω πᾶς ὄμβρος καὶ δρόσος τὸν Κύριον· ὑμνεῖτε καὶ ὑπερυψοῦτε αὐτὸν εἰς τοὺς αἰῶνας.,,,,
Song of the Three Young Men 1:42,S3Y,Song of the Three Young Men,1,42,"εὐλογεῖτε, πάντα τὰ πνεύματα τὸν Κύριον· ὑμνεῖτε καὶ ὑπερυψοῦτε αὐτὸν εἰς τοὺς αἰῶνας.",,,,
Song of the Three Young Men 1:43,S3Y,Song of the Three Young Men,1,43,"εὐλογεῖτε, πῦρ καὶ καῦμα τὸν Κύριον· ὑμνεῖτε καὶ ὑπερυψοῦτε αὐτὸν εἰς τοὺς αἰῶνας. [44 εὐλογεῖτε, ψῦχος καὶ καύσων τὸν Κύριον· ὑμνεῖτε καὶ ὑπερυψοῦτε αὐτὸν εἰς τοὺς αἰῶνας.",,,,
Song of the Three Young Men 1:45,S3Y,Song of the Three Young Men,1,45,"εὐλογεῖτε, δρόσοι καὶ νιφετοὶ τὸν Κύριον· ὑμνεῖτε καὶ ὑπερυψοῦτε αὐτὸν εἰς τοὺς αἰῶνας].",,,,
Song of the Three Young Men 1:46,S3Y,Song of the Three Young Men,1,46,"εὐλογεῖτε, νύκτες καὶ ἡμέραι τὸν Κύριον· ὑμνεῖτε καὶ ὑπερυψοῦτε αὐτὸν εἰς τοὺς αἰῶνας.",,,,
Song of the Three Young Men 1:47,S3Y,Song of the Three Young Men,1,47,"εὐλογεῖτε, φῶς καὶ σκότος τὸν Κύριον· ὑμνεῖτε καὶ ὑπερυψοῦτε αὐτὸν εἰς τοὺς αἰῶνας.",,,,
Song of the Three Young Men 1:48,S3Y,Song of the Three Young Men,1,48,"εὐλογεῖτε, ψῦχος καὶ καῦμα, τὸν Κύριον· ὑμνεῖτε καὶ ὑπερυψοῦτε αὐτὸν εἰς τοὺς αἰῶνας.",,,,
Song of the Three Young Men 1:49,S3Y,Song of the Three Young Men,1,49,"εὐλογεῖτε, πάχναι καὶ χιόνες, τὸν Κύριον· ὑμνεῖτε καὶ ὑπερυψοῦτε αὐτὸν εἰς τοὺς αἰῶνας.",,,,
Song of the Three Young Men 1:50,S3Y,Song of the Three Young Men,1,50,"εὐλογεῖτε, ἀστραπαὶ καὶ νεφέλαι τὸν Κύριον· ὑμνεῖτε καὶ ὑπερυψοῦτε αὐτὸν εἰς τοὺς αἰῶνας.",,,,
Song of the Three Young Men 1:51,S3Y,Song of the Three Young Men,1,51,εὐλογείτω ἡ γῆ τὸν Κύριον· ὑμνείτω καὶ ὑπερυψούτω αὐτὸν εἰς τοὺς αἰῶνας.,,,,
Song of the Three Young Men 1:52,S3Y,Song of the Three Young Men,1,52,"εὐλογεῖτε, ὄρη καὶ βουνοὶ τὸν Κύριον· ὑμνεῖτε καὶ ὑπερυψοῦτε αὐτὸν εἰς τοὺς αἰῶνας.",,,,
Song of the Three Young Men 1:53,S3Y,Song of the Three Young Men,1,53,"εὐλογεῖτε, πάντα τά φυόμενα ἐν τῇ γῇ, τὸν Κύριον· ὑμνεῖτε καὶ ὑπερυψοῦτε αὐτὸν εἰς τοὺς αἰῶνας.",,,,
Song of the Three Young Men 1:54,S3Y,Song of the Three Young Men,1,54,"εὐλογεῖτε, θάλασσα καὶ ποταμοί, τὸν Κύριον· ὑμνεῖτε καὶ ὑπερυψοῦτε αὐτὸν εἰς τοὺς αἰῶνας.",,,,
Song of the Three Young Men 1:55,S3Y,Song of the Three Young Men,1,55,"εὐλογεῖτε, αἱ πηγαί, τὸν Κύριον· ὑμνεῖτε καὶ ὑπερυψοῦτε αὐτὸν εἰς τοὺς αἰῶνας.",,,,
Song of the Three Young Men 1:56,S3Y,Song of the Three Young Men,1,56,"εὐλογεῖτε, κήτη καὶ πάντα τὰ κινούμενα ἐν τοῖς ὕδασι, τὸν Κύριον· ὑμνεῖτε καὶ ὑπερυψοῦτε αὐτὸν εἰς τοὺς αἰῶνας.",,,,
Song of the Three Young Men 1:57,S3Y,Song of the Three Young Men,1,57,"εὐλογεῖτε, πάντα τὰ πετεινὰ τοῦ οὐρανοῦ, τὸν Κύριον· ὑμνεῖτε καὶ ὑπερυψοῦτε αὐτὸν εἰς τοὺς αἰῶνας.",,,,
Song of the Three Young Men 1:58,S3Y,Song of the Three Young Men,1,58,"εὐλογεῖτε, πάντα τά θηρία καὶ τὰ κτήνη, τὸν Κύριον· ὑμνεῖτε καὶ ὑπερυψοῦτε αὐτὸν εἰς τοὺς αἰῶνας.",,,,
Song of the Three Young Men 1:59,S3Y,Song of the Three Young Men,1,59,"εὐλογεῖτε, υἱοὶ τῶν ἀνθρώπων, τὸν Κύριον· ὑμνεῖτε καὶ ὑπερυψοῦτε αὐτὸν εἰς τοὺς αἰῶνας.",,,,
Song of the Three Young Men 1:60,S3Y,Song of the Three Young Men,1,60,"εὐλογεῖτε, Ἰσραήλ, τὸν Κύριον· ὑμνεῖτε καὶ ὑπερυψοῦτε αὐτὸν εἰς τοὺς αἰῶνας.",,,,
Song of the Three Young Men 1:61,S3Y,Song of the Three Young Men,1,61,"εὐλογεῖτε, ἱερεῖς Κυρίου, τὸν Κύριον· ὑμνεῖτε καὶ ὑπερυψοῦτε αὐτὸν εἰς τοὺς αἰῶνας.",,,,
Song of the Three Young Men 1:62,S3Y,Song of the Three Young Men,1,62,"εὐλογεῖτε, δοῦλοι Κυρίου, τὸν Κύριον· ὑμνεῖτε καὶ ὑπερυψοῦτε αὐτὸν εἰς τοὺς αἰῶνας.",,,,
Song of the Three Young Men 1:63,S3Y,Song of the Three Young Men,1,63,"εὐλογεῖτε, πνεύματα καὶ ψυχαὶ δικαίων, τὸν Κύριον· ὑμνεῖτε καὶ ὑπερυψοῦτε αὐτὸν εἰς τοὺς αἰῶνας.",,,,
Song of the Three Young Men 1:64,S3Y,Song of the Three Young Men,1,64,"εὐλογεῖτε, ὅσιοι καὶ ταπεινοὶ τῇ καρδίᾳ, τὸν Κύριον· ὑμνεῖτε καὶ ὑπερυψοῦτε αὐτὸν εἰς τοὺς αἰῶνας.",,,,
Song of the Three Young Men 1:65,S3Y,Song of the Three Young Men,1,65,"εὐλογεῖτε, Ἀνανία, Ἀζαρία, Μισαήλ, τὸν Κύριον· ὑμνεῖτε καὶ ὑπερυψοῦτε αὐτὸν εἰς τοὺς αἰῶνας, ὅτι ἐξείλετο ἡμᾶς ἐξ ᾅδου καὶ ἐκ χειρὸς θανάτου ἔσωσεν ἡμᾶς, ἐρρύσατο ἡμᾶς ἐκ μέσου καμίνου καιομένης φλογὸς καὶ ἐκ μέσου πυρὸς ἐρρύσατο ἡμᾶς.",,,,
Song of the Three Young Men 1:66,S3Y,Song of the Three Young Men,1,66,"ἐξομολογεῖσθε τῷ Κυρίῳ, ὅτι χρηστός, ὅτι εἰς τὸν αἰῶνα τὸ ἔλεος αὐτοῦ.",,,,
Song of the Three Young Men 1:67,S3Y,Song of the Three Young Men,1,67,"εὐλογεῖτε, πάντες οἱ σεβόμενοι τὸν Κύριον τὸν Θεὸν τῶν θεῶν, ὑμνεῖτε καὶ ἐξομολογεῖσθε, ὅτι εἰς τὸν αἰῶνα τὸ ἔλεος αὐτοῦ.",,,,
Susanna 1:1,SUS,Susanna,1,1,"ΚΑΙ ἦν ἀνὴρ οἰκῶν ἐν Βαβυλῶνι, καὶ ὄνομα αὐτῷ Ἰωακείμ.",,,,
Susanna 1:2,SUS,Susanna,1,2,"καὶ ἔλαβε γυναῖκα, ᾗ ὄνομα Σωσάννα, θυγάτηρ Χελκίου, καλὴ σφόδρα καὶ φοβουμένη τὸν Κύριον·",,,,
Susanna 1:3,SUS,Susanna,1,3,καὶ οἱ γονεῖς αὐτῆς δίκαιοι καὶ ἐδίδαξαν τὴν θυγατέρα αὐτῶν κατὰ τὸν νόμον Μωυσῆ.,,,,
Susanna 1:4,SUS,Susanna,1,4,"καὶ ἦν Ἰωακεὶμ πλούσιος σφόδρα, καὶ ἦν αὐτῷ παράδεισος γειτνιῶν τῷ οἴκῳ αὐτοῦ· καὶ πρὸς αὐτὸν προσήγοντο οἱ Ἰουδαῖοι διὰ τὸ εἶναι αὐτὸν ἐνδοξότερον πάντων.",,,,
Susanna 1:5,SUS,Susanna,1,5,"καὶ ἀπεδείχθησαν δύο πρεσβύτεροι ἐκ τοῦ λαοῦ κριταὶ ἐν τῷ ἐνιαυτῷ ἐκείνῳ, περὶ ὧν ἐλάλησεν ὁ δεσπότης, ὅτι ἐξῆλθεν ἀνομία ἐκ Βαβυλῶνος ἐκ πρεσβυτέρων κριτῶν, οἳ ἐδόκουν κυβερνᾶν τὸν λαόν.",,,,
Susanna 1:6,SUS,Susanna,1,6,"οὗτοι προσεκαρτέρουν ἐν τῇ οἰκίᾳ Ἰωκείμ, καὶ ἤρχοντο πρὸς αὐτοὺς πάντες οἱ κρινόμενοι.",,,,
Susanna 1:7,SUS,Susanna,1,7,"καὶ ἐγένετο ἡνίκα ἀπέτρεχεν ὁ λαὸς μέσον ἡμέρας, εἰσεπορεύετο Σωσάννα καὶ περιεπάτει ἐν τῷ παραδείσῳ τοῦ ἀνδρὸς αὐτῆς.",,,,
Susanna 1:8,SUS,Susanna,1,8,καὶ ἐθεώρουν αὐτὴν οἱ δύο πρεσβύτεροι καθ᾿ ἡμέραν εἰσπορευομένην καὶ περιπατοῦσαν καὶ ἐγένοντο ἐν ἐπιθυμίᾳ αὐτῆς.,,,,
Susanna 1:9,SUS,Susanna,1,9,"καὶ διέστρεψαν τὸν ἑαυτῶν νοῦν καὶ ἐξέκλιναν τοὺς ὀφθαλμοὺς αὐτῶν τοῦ μὴ βλέπειν εἰς τὸν οὐρανόν, μηδὲ μνημονεύειν κριμάτων δικαίων.",,,,
Susanna 1:10,SUS,Susanna,1,10,"καὶ ἦσαν ἀμφότεροι κατανενυγμένοι περὶ αὐτῆς καὶ οὐκ ἀνήγγειλαν ἀλλήλοις τὴν ὀδύνην αὐτῶν,",,,,
Susanna 1:11,SUS,Susanna,1,11,ὅτι ᾐσχύνοντο ἀναγγεῖλαι τὴν ἐπιθυμίαν αὐτῶν ὅτι ἤθελον συγγενέσθαι αὐτῇ.,,,,
Susanna 1:12,SUS,Susanna,1,12,καὶ παρετηροῦσαν φιλοτίμως καθ' ἡμέραν ὁρᾶν αὐτήν.,,,,
Susanna 1:13,SUS,Susanna,1,13,"καὶ εἶπαν ἕτερος τῷ ἑτέρῳ· πορευθῶμεν δὴ εἰς οἶκον, ὅτι ἀρίστου ὥρα ἐστί. καὶ ἐξελθόντες διεχωρίσθησαν ἀπ' ἀλλήλων,",,,,
Susanna 1:14,SUS,Susanna,1,14,"καὶ ἀνακάμψαντες ἦλθον ἐπὶ τὸ αὐτὸ καὶ ἀνετάζοντες ἀλλήλους τὴν αἰτίαν, ὡμολόγησαν τὴν ἐπιθυμίαν αὐτῶν· καὶ τότε κοινῇ συνετάξαντο καιρὸν ὅτε αὐτὴν δυνήσονται εὑρεῖν μόνην.",,,,
Susanna 1:15,SUS,Susanna,1,15,"καὶ ἐγένετο ἐν τῷ παρατηρεῖν αὐτοὺς ἡμέραν εὔθετον εἰσῆλθέ ποτε καθὼς ἐχθὲς καὶ τρίτης ἡμέρας μετὰ δύο μόνων κορασίων καὶ ἐπεθύμησε λούσασθαι ἐν τῷ παραδείσῳ, ὅτι καῦμα ἦν.",,,,
Susanna 1:16,SUS,Susanna,1,16,καὶ οὐκ ἦν οὐδεὶς ἐκεῖ πλὴν οἱ δύο πρεσβύτεροι κεκρυμμένοι καὶ παρατηροῦντες αὐτήν.,,,,
Susanna 1:17,SUS,Susanna,1,17,"καὶ εἶπε τοῖς κορασίοις· ἐνέγκατε δή μοι ἔλαιον καὶ σμήγματα καὶ τὰς θύρας τοῦ παραδείσου κλείσατε, ὅπως λούσωμαι.",,,,
Susanna 1:18,SUS,Susanna,1,18,"καὶ ἐποίησαν καθὼς εἶπε καὶ ἀπέκλεισαν τὰς θύρας τοῦ παραδείσου καὶ ἐξῆλθαν κατὰ τὰς πλαγίας θύρας ἐνέγκαι τὰ προστεταγμένα αὐταῖς καὶ οὐκ εἴδοσαν τοὺς πρεσβυτέρους, ὅτι ἦσαν κεκρυμμένοι.",,,,
Susanna 1:19,SUS,Susanna,1,19,"καὶ ἐγένετο ὡς ἐξήλθοσαν τὰ κοράσια, καὶ ἀνέστησαν οἱ δύο πρεσβῦται καὶ ἐπέδραμον αὐτῇ",,,,
Susanna 1:20,SUS,Susanna,1,20,"καὶ εἶπον· ἰδοὺ αἱ θύραι τοῦ παραδείσου κέκλεινται, καὶ οὐδεὶς θεωρεῖ ἡμᾶς, καὶ ἐν ἐπιθυμίᾳ σού ἐσμεν· διὸ συγκατάθου ἡμῖν καὶ γενοῦ μεθ' ἡμῶν·",,,,
Susanna 1:21,SUS,Susanna,1,21,"εἰ δὲ μή, καταμαρτυρήσομέν σου ὅτι ἦν μετὰ σοῦ νεανίσκος καὶ διὰ τοῦτο ἐξαπέστειλας τὰ κοράσια ἀπὸ σοῦ.",,,,
Susanna 1:22,SUS,Susanna,1,22,"καὶ ἀνεστέναξε Σωσάννα καὶ εἶπε· στενά μοι πάντοθεν· ἐάν τε γὰρ τοῦτο πράξω, θάνατός μοί ἐστιν, ἐάν τε μὴ πράξω, οὐκ ἐκφεύξομαι τὰς χεῖρας ὑμῶν.",,,,
Susanna 1:23,SUS,Susanna,1,23,αἱρετώτερόν μοί ἐστι μὴ πράξασαν ἐμπεσεῖν εἰς χεῖρας ὑμῶν ἢ ἁμαρτεῖν ἐνώπιον Κυρίου.,,,,
Susanna 1:24,SUS,Susanna,1,24,"καὶ ἀνεβόησε φωνῇ μεγάλῃ Σωσάννα, ἐβόησαν δὲ καὶ οἱ δύο πρεσβῦται κατέναντι αὐτῆς.",,,,
Susanna 1:25,SUS,Susanna,1,25,καὶ δραμὼν ὁ εἷς ἤνοιξε τὰς θύρας τοῦ παραδείσου.,,,,
Susanna 1:26,SUS,Susanna,1,26,"ὡς δὲ ἤκουσαν τὴν κραυγὴν ἐν τῷ παραδείσῳ οἱ ἐκ τῆς οἰκίας, εἰσεπήδησαν διὰ τῆς πλαγίας θύρας ἰδεῖν τὸ συμβεβηκὸς αὐτῇ.",,,,
Susanna 1:27,SUS,Susanna,1,27,"ἡνίκα δὲ εἶπαν οἱ πρεσβῦται τοὺς λόγους αὐτῶν, κατῃσχύνθησαν οἱ δοῦλοι σφόδρα, ὅτι πώποτε οὐκ ἐρρήθη λόγος τοιοῦτος περὶ Σωσάννης.",,,,
Susanna 1:28,SUS,Susanna,1,28,"Καὶ ἐγένετο τῇ ἐπαύριον ὡς συνῆλθεν ὁ λαὸς πρὸς τὸν ἄνδρα αὐτῆς Ἰωακείμ, ἦλθον οἱ δύο πρεσβῦται πλήρεις τῆς ἀνόμου ἐννοίας κατὰ Σωσάννης τοῦ θανατῶσαι αὐτὴν καὶ εἶπαν ἔμπροσθεν τοῦ λαοῦ·",,,,
Susanna 1:29,SUS,Susanna,1,29,"ἀποστείλατε ἐπὶ Σωσάνναν θυγατέρα Χελκίου, ἥ ἐστι γυνὴ Ἰωακείμ· οἱ δὲ ἀπέστειλαν.",,,,
Susanna 1:30,SUS,Susanna,1,30,καὶ ἦλθεν αὐτὴ καὶ οἱ γονεῖς αὐτῆς καὶ τὰ τέκνα αὐτῆς καὶ πάντες οἱ συγγενεῖς αὐτῆς·,,,,
Susanna 1:31,SUS,Susanna,1,31,ἡ δὲ Σωσάννα ἦν τρυφερὰ σφόδρα καὶ καλὴ τῷ εἴδει.,,,,
Susanna 1:32,SUS,Susanna,1,32,"οἱ δὲ παράνομοι ἐκέλευσαν ἀποκαλυφθῆναι αὐτήν, ἦν γὰρ κατακεκαλυμμένη, ὅπως ἐμπλησθῶσι τοῦ κάλλους αὐτῆς·",,,,
Susanna 1:33,SUS,Susanna,1,33,ἔκλαιον δὲ οἱ παρ' αὐτῆς καὶ πάντες οἱ ἰδόντες αὐτήν.,,,,
Susanna 1:34,SUS,Susanna,1,34,ἀναστάντες δὲ οἱ δύο πρεσβῦται ἐν μέσῳ τῷ λαῷ ἔθηκαν τὰς χεῖρας ἐπὶ τὴν κεφαλὴν αὐτῆς·,,,,
Susanna 1:35,SUS,Susanna,1,35,"ἡ δὲ κλαίουσα ἀνέβλεψεν εἰς τὸν οὐρανόν, ὅτι ἦν ἡ καρδία αὐτῆς πεποιθυῖα ἐπὶ τῷ Κυρίῳ.",,,,
Susanna 1:36,SUS,Susanna,1,36,"εἶπον δὲ οἱ πρεσβῦται· περιπατούντων ἡμῶν ἐν τῷ παραδείσῳ μόνων, εἰσῆλθεν αὕτη μετὰ δύο παιδισκῶν καὶ ἀπέκλεισε τὰς θύρας τοῦ παραδείσου καὶ ἀπέλυσε τὰς παιδίσκας·",,,,
Susanna 1:37,SUS,Susanna,1,37,"καὶ ἦλθε πρὸς αὐτὴν νεανίσκος, ὃς ἦν κεκρυμμένος, καὶ ἀνέπεσε μετ' αὐτῆς.",,,,
Susanna 1:38,SUS,Susanna,1,38,"ἡμεῖς δὲ ὄντες ἐν τῇ γωνίᾳ τοῦ παραδείσου, ἰδόντες τὴν ἀνομίαν ἐδράμομεν ἐπ' αὐτούς· καὶ ἰδόντες συγγινομένους αὐτούς,",,,,
Susanna 1:39,SUS,Susanna,1,39,"ἐκείνου μὲν οὐκ ἠδυνήθημεν ἐγκρατεῖς γενέσθαι διὰ τὸ ἰσχύειν αὐτὸν ὑπὲρ ἡμᾶς καὶ ἀνοίξαντα τὰς θύρας ἐκπεπηδηκέναι,",,,,
Susanna 1:40,SUS,Susanna,1,40,"ταύτης δὲ ἐπιλαβόμενοι ἐπηρωτῶμεν τίς ἦν ὁ νεανίσκος,",,,,
Susanna 1:41,SUS,Susanna,1,41,καὶ οὐκ ἠθέλησεν ἀγγεῖλαι ἡμῖν. ταῦτα μαρτυροῦμεν. καὶ ἐπίστευσεν αὐτοῖς ἡ συναγωγὴ ὡς πρεσβυτέροις τοῦ λαοῦ καὶ κριταῖς καὶ κατέκριναν αὐτὴν ἀποθανεῖν.,,,,
Susanna 1:42,SUS,Susanna,1,42,"ἀνεβόησε δὲ φωνῇ μεγάλῃ Σωσάννα καὶ εἶπεν· ὁ Θεὸς ὁ αἰώνιος ὁ τῶν κρυπτῶν γνώστης, ὁ εἰδὼς τὰ πάντα πρὶν γενέσεως αὐτῶν,",,,,
Susanna 1:43,SUS,Susanna,1,43,σὺ ἐπίστασαι ὅτι ψευδῆ μου κατεμαρτύρησαν· καὶ ἰδοὺ ἀποθνήσκω μὴ ποιήσασα μηδὲν ὧν οὗτοι ἐπονηρεύσαντο κατ' ἐμοῦ.,,,,
Susanna 1:44,SUS,Susanna,1,44,Καὶ εἰσήκουσε Κύριος τῆς φωνῆς αὐτῆς.,,,,
Susanna 1:45,SUS,Susanna,1,45,"καὶ ἀπαγομένης αὐτῆς ἀπολέσθαι, ὁ Θεὸς ἐξήγειρε τὸ πνεῦμα τὸ ἅγιον παιδαρίου νεωτέρου, ᾧ ὄνομα Δανιήλ,",,,,
Susanna 1:46,SUS,Susanna,1,46,καὶ ἐβόησε φωνῇ μεγάλῃ· ἀθῷος ἐγὼ ἀπὸ τοῦ αἵματος ταύτης.,,,,
Susanna 1:47,SUS,Susanna,1,47,"ἐπέστρεψε δὲ πᾶς ὁ λαὸς πρὸς αὐτὸν καὶ εἶπαν· τίς ὁ λόγος οὗτος, ὃν σὺ λελάληκας;",,,,
Susanna 1:48,SUS,Susanna,1,48,ὁ δὲ στὰς ἐν μέσῳ αὐτῶν εἶπεν· οὕτως μωροὶ οἱ υἱοὶ Ἰσραήλ; οὐκ ἀνακρίναντες οὐδὲ τὸ σαφὲς ἐπιγνόντες κατεκρίνατε θυγατέρα Ἰσραήλ;,,,,
Susanna 1:49,SUS,Susanna,1,49,ἀναστρέψατε εἰς τὸ κριτήριον· ψευδῆ γὰρ οὗτοι κατεμαρτύρησαν αὐτῆς.,,,,
Susanna 1:50,SUS,Susanna,1,50,"καὶ ἀνέστρεψε πᾶς ὁ λαὸς μετὰ σπουδῆς. καὶ εἶπαν αὐτῷ οἱ πρεσβύτεροι· δεῦρο κάθισον ἐν μέσῳ ἡμῶν καὶ ἀνάγγειλον ἡμῖν, ὅτι σοὶ δέδωκεν ὁ Θεὸς τὸ πρεσβεῖον.",,,,
Susanna 1:51,SUS,Susanna,1,51,"καὶ εἶπε πρὸς αὐτοὺς Δανιήλ· διαχωρίσατε αὐτοὺς ἀπ' ἀλλήλων μακράν, καὶ ἀνακρινῶ αὐτούς.",,,,
Susanna 1:52,SUS,Susanna,1,52,"ὡς δὲ διεχωρίσθησαν εἷς ἀπὸ τοῦ ἑνός, ἐκάλεσε τὸν ἕνα αὐτῶν καὶ εἶπε πρὸς αὐτόν· πεπαλαιωμένε ἡμερῶν κακῶν, νῦν ἥκασιν αἱ ἁμαρτίαι σου, ἃς ἐποίεις τὸ πρότερον",,,,
Susanna 1:53,SUS,Susanna,1,53,"κρίνων κρίσεις ἀδίκους καὶ τοὺς μὲν ἀθῴους κατακρίνων, ἀπολύων δὲ τοὺς αἰτίους, λέγοντος τοῦ Κυρίου· ἀθῷον καὶ δίκαιον οὐκ ἀποκτενεῖς·",,,,
Susanna 1:54,SUS,Susanna,1,54,"νῦν οὖν ταύτην εἴπερ εἶδες, εἰπόν· ὑπὸ τί δένδρον εἶδες αὐτοὺς ὁμιλοῦντας ἀλλήλοις; ὁ δὲ εἶπεν· ὑπὸ σχῖνον.",,,,
Susanna 1:55,SUS,Susanna,1,55,εἶπε δὲ Δανιήλ· ὀρθῶς ἔψευσαι εἰς τὴν σεαυτοῦ κεφαλήν· ἤδη γὰρ ἄγγελος Θεοῦ λαβὼν φάσιν παρὰ τοῦ Θεοῦ σχίσει σε μέσον.,,,,
Susanna 1:56,SUS,Susanna,1,56,"καὶ μεταστήσας αὐτὸν ἐκέλευσε προσαγαγεῖν τὸν ἕτερον· καὶ εἶπεν αὐτῷ· σπέρμα Χαναὰν καὶ οὐκ Ἰούδα, τὸ κάλλος ἐξηπάτησέ σε, καὶ ἐπιθυμία διέστρεψε τὴν καρδίαν σου·",,,,
Susanna 1:57,SUS,Susanna,1,57,"οὕτως ἐποιεῖτε θυγατράσιν Ἰσραήλ, καὶ ἐκεῖναι φοβούμεναι ὡμίλουν ὑμῖν, ἀλλ' οὐ θυγάτηρ Ἰούδα ὑπέμεινε τὴν ἀνομίαν ὑμῶν.",,,,
Susanna 1:58,SUS,Susanna,1,58,νῦν οὖν λέγε μοι· ὑπὸ τί δένδρον κατέλαβες αὐτοὺς ὁμιλοῦντας ἀλλήλοις; ὁ δὲ εἶπεν· ὑπὸ πρῖνον.,,,,
Susanna 1:59,SUS,Susanna,1,59,"εἶπε δὲ αὐτῷ Δανιήλ· ὀρθῶς ἔψευσαι καὶ σὺ εἰς τὴν σεαυτοῦ κεφαλήν· μένει γὰρ ὁ ἄγγελος τοῦ Θεοῦ τὴν ρομφαίαν ἔχων πρίσαι σε μέσον, ὅπως ἐξολοθρεύσῃ ὑμᾶς.",,,,
Susanna 1:60,SUS,Susanna,1,60,καὶ ἀνεβόησε πᾶσα ἡ συναγωγὴ φωνῇ μεγάλῃ καὶ εὐλόγησαν τῷ Θεῷ τῷ σώζοντι τοὺς ἐλπίζοντας ἐπ' αὐτόν.,,,,
Susanna 1:61,SUS,Susanna,1,61,"καὶ ἀνέστησαν ἐπὶ τοὺς δύο πρεσβύτας, ὅτι συνέστησεν αὐτοὺς Δανιὴλ ἐκ τοῦ στόματος αὐτῶν ψευδομαρτυρήσαντας, καὶ ἐποίησαν αὐτοῖς ὃν τρόπον ἐπονηρεύσαντο τῷ πλησίον,",,,,
Susanna 1:62,SUS,Susanna,1,62,"ποιῆσαι κατὰ τὸν νόμον Μωυσῆ, καὶ ἀπέκτειναν αὐτούς· καὶ ἐσώθη αἷμα ἀναίτιον ἐν τῇ ἡμέρᾳ ἐκείνῃ.",,,,
Susanna 1:63,SUS,Susanna,1,63,"Χελκίας δὲ καὶ ἡ γυνὴ αὐτοῦ ᾔνεσαν τὸν Θεὸν περὶ τῆς θυγατρὸς αὐτῶν μετὰ Ἰωακεὶμ τοῦ ἀνδρὸς αὐτῆς καὶ τῶν συγγενῶν πάντων, ὅτι οὐχ εὑρέθη ἐν αὐτῇ ἄσχημον πρᾶγμα.",,,,
Susanna 1:64,SUS,Susanna,1,64,καὶ Δανιὴλ ἐγένετο μέγας ἐνώπιον τοῦ λαοῦ ἀπὸ τῆς ἡμέρας ἐκείνης καὶ ἐπέκεινα.,,,,
Bel and the Dragon 1:1,BEL,Bel and the Dragon,1,1,"ΚΑΙ ὁ βασιλεὺς Ἀστυάγης προσετέθη πρὸς τοὺς πατέρας αὐτοῦ, καὶ παρέλαβε Κῦρος ὁ Πέρσης τὴν βασιλείαν αὐτοῦ.",,,,
Bel and the Dragon 1:2,BEL,Bel and the Dragon,1,2,καὶ ἦν Δανιὴλ συμβιωτὴς τοῦ βασιλέως καὶ ἔνδοξος ὑπὲρ πάντας τοὺς φίλους αὐτοῦ.,,,,
Bel and the Dragon 1:3,BEL,Bel and the Dragon,1,3,"καὶ ἦν εἴδωλον τοῖς Βαβυλωνίοις, ᾧ ὄνομα Βήλ, καὶ ἐδαπανῶντο εἰς αὐτὸν ἑκάστης ἡμέρας σεμιδάλεως ἀρτάβαι δώδεκα καὶ πρόβατα τεσσαράκοντα καὶ οἴνου μετρηταὶ ἕξ.",,,,
Bel and the Dragon 1:4,BEL,Bel and the Dragon,1,4,καὶ ὁ βασιλεὺς ἐσέβετο αὐτὸν καὶ ἐπορεύετο καθ' ἑκάστην ἡμέραν προσκυνεῖν αὐτῷ· Δανιὴλ δὲ προσεκύνει τῷ Θεῷ αὐτοῦ. καὶ εἶπεν αὐτῷ ὁ βασιλεύς· διατί οὐ προσκυνεῖς τῷ Βήλ;,,,,
Bel and the Dragon 1:5,BEL,Bel and the Dragon,1,5,"ὁ δὲ εἶπεν· ὅτι οὐ σέβομαι εἴδωλα χειροποίητα, ἀλλὰ τὸν ζῶντα Θεὸν τὸν κτίσαντα τὸν οὐρανὸν καὶ τὴν γῆν καὶ ἔχοντα πάσης σαρκὸς κυριείαν.",,,,
Bel and the Dragon 1:6,BEL,Bel and the Dragon,1,6,καὶ εἶπεν αὐτῷ ὁ βασιλεύς· οὐ δοκεῖ σοι Βὴλ εἶναι ζῶν θεός; ἢ οὐχ ὁρᾷς ὅσα ἐσθίει καὶ πίνει καθ' ἑκάστην ἡμέραν;,,,,
Bel and the Dragon 1:7,BEL,Bel and the Dragon,1,7,"καὶ εἶπε Δανιὴλ γελάσας· μὴ πλανῶ, βασιλεῦ· οὗτος γὰρ ἔσωθεν μέν ἐστι πηλὸς ἔξωθεν δὲ χαλκὸς καὶ οὐ βέβρωκεν οὐδὲ πέπωκε πώποτε.",,,,
Bel and the Dragon 1:8,BEL,Bel and the Dragon,1,8,"θυμωθεὶς δὲ ὁ βασιλεὺς ἐκάλεσε τοὺς ἱερεῖς αὐτοῦ καὶ εἶπεν αὐτοῖς· ἐὰν μὴ εἴπητέ μοι τίς ὁ κατέσθων τὴν δαπάνην ταύτην,",,,,
Bel and the Dragon 1:9,BEL,Bel and the Dragon,1,9,"ἀποθανεῖσθε. ἐὰν δὲ δείξητε ὅτι Βὴλ κατεσθίει αὐτά, Δανιὴλ ἀποθανεῖται, ὅτι ἐβλασφήμησεν εἰς τὸν Βήλ. καὶ εἶπε Δανιὴλ τῷ βασιλεῖ· γινέσθω κατὰ τὸ ρῆμά σου.",,,,
Bel and the Dragon 1:10,BEL,Bel and the Dragon,1,10,καὶ ἦσαν ἱερεῖς τοῦ Βὴλ ἑβδομήκοντα ἐκτὸς γυναικῶν καὶ τέκνων. καὶ ἦλθεν ὁ βασιλεὺς μετὰ Δανιὴλ εἰς τὸν οἶκον τοῦ Βήλ.,,,,
Bel and the Dragon 1:11,BEL,Bel and the Dragon,1,11,"καὶ εἶπαν οἱ ἱερεῖς τοῦ Βήλ· ἰδοὺ ἡμεῖς ἀποτρέχομεν ἔξω, σὺ δέ, βασιλεῦ, παράθες τὰ βρώματα καὶ τὸν οἶνον κεράσας θὲς καὶ ἀπόκλεισον τὴν θύραν καὶ σφράγισον τῷ δακτυλίῳ σου· καὶ ἐλθὼν πρωΐ, ἐὰν μὴ εὕρῃς πάντα βεβρωμένα ὑπὸ τοῦ Βήλ, ἀποθανούμεθα ἢ Δανιὴλ ὁ ψευδόμενος καθ' ἡμῶν.",,,,
Bel and the Dragon 1:12,BEL,Bel and the Dragon,1,12,"αὐτοὶ δὲ κατεφρόνουν, ὅτι πεποιήκεισαν ὑπὸ τὴν τράπεζαν κεκρυμμένην εἴσοδον καὶ δι' αὐτῆς εἰσεπορεύοντο διόλου καὶ ἀνήλουν αὐτά.",,,,
Bel and the Dragon 1:13,BEL,Bel and the Dragon,1,13,"καὶ ἐγένετο ὡς ἐξήλθοσαν ἐκεῖνοι, καὶ ὁ βασιλεὺς παρέθηκε τὰ βρώματα τῷ Βήλ.",,,,
Bel and the Dragon 1:14,BEL,Bel and the Dragon,1,14,"καὶ ἐπέταξε Δανιὴλ τοῖς παιδαρίοις αὐτοῦ καὶ ἤνεγκαν τέφραν καὶ κατέστρωσαν ὅλον τὸν ναὸν ἐνώπιον τοῦ βασιλέως μόνου· καὶ ἐξελθόντες ἔκλεισαν τὴν θύραν καὶ ἐσφραγίσαντο ἐν τῷ δακτυλίῳ τοῦ βασιλέως, καὶ ἀπῆλθον.",,,,
Bel and the Dragon 1:15,BEL,Bel and the Dragon,1,15,οἱ δὲ ἱερεῖς ἦλθον τὴν νύκτα κατὰ τὸ ἔθος αὐτῶν καὶ αἱ γυναῖκες αὐτῶν καὶ τὰ τέκνα αὐτῶν καὶ κατέφαγον πάντα καὶ ἐξέπιον.,,,,
Bel and the Dragon 1:16,BEL,Bel and the Dragon,1,16,καὶ ὤρθρισεν ὁ βασιλεὺς τὸ πρωΐ καὶ Δανιὴλ μετ' αὐτοῦ.,,,,
Bel and the Dragon 1:17,BEL,Bel and the Dragon,1,17,"καὶ εἶπεν ὁ βασιλεύς· σῷοι αἱ σφραγῖδες, Δανιήλ; ὁ δὲ εἶπε· σῷοι, βασιλεῦ.",,,,
Bel and the Dragon 1:18,BEL,Bel and the Dragon,1,18,"καὶ ἐγένετο ἅμα τῷ ἀνοῖξαι τὰς θύρας, ἐπιβλέψας ἐπὶ τὴν τράπεζαν ὁ βασιλεὺς ἐβόησε φωνῇ μεγάλῃ· μέγας εἶ, Βήλ, καὶ οὐκ ἔστι παρὰ σοὶ δόλος οὐδὲ εἷς.",,,,
Bel and the Dragon 1:19,BEL,Bel and the Dragon,1,19,καὶ ἐγέλασε Δανιὴλ καὶ ἐκράτησε τὸν βασιλέα τοῦ μὴ εἰσελθεῖν αὐτὸν ἔσω καὶ εἶπεν· ἰδὲ δὴ τὸ ἔδαφος καὶ γνῶθι τίνος τὰ ἴχνη ταῦτα.,,,,
Bel and the Dragon 1:20,BEL,Bel and the Dragon,1,20,καὶ εἶπεν ὁ βασιλεύς· ὁρῶ τὰ ἴχνη ἀνδρῶν καὶ γυναικῶν καὶ παιδίων.,,,,
Bel and the Dragon 1:21,BEL,Bel and the Dragon,1,21,"καὶ ὀργισθεὶς ὁ βασιλεὺς τότε συνέλαβε τοὺς ἱερεῖς καὶ τὰς γυναῖκας καὶ τὰ τέκνα αὐτῶν, καὶ ἔδειξαν αὐτῷ τὰς κρυπτὰς θύρας, δι' ὧν εἰσεπορεύοντο καὶ ἐδαπάνων τὰ ἐπὶ τῆς τραπέζης.",,,,
Bel and the Dragon 1:22,BEL,Bel and the Dragon,1,22,"καὶ ἀπέκτεινεν αὐτοὺς ὁ βασιλεὺς καὶ ἔδωκε τὸν Βὴλ ἔκδοτον τῷ Δανιήλ, καὶ κατέστρεψεν αὐτὸν καὶ τὸ ἱερὸν αὐτοῦ.",,,,
Bel and the Dragon 1:23,BEL,Bel and the Dragon,1,23,"Καὶ ἦν δράκων μέγας, καὶ ἐσέβοντο αὐτὸν οἱ Βαβυλώνιοι.",,,,
Bel and the Dragon 1:24,BEL,Bel and the Dragon,1,24,"καὶ εἶπεν ὁ βασιλεὺς τῷ Δανιήλ· μὴ καὶ τοῦτον ἐρεῖς ὅτι χαλκοῦς ἐστιν; ἰδοὺ ζῇ καὶ ἐσθίει καὶ πίνει· οὐ δύνασαι εἰπεῖν ὅτι οὐκ ἔστιν οὗτος θεὸς ζῶν, καὶ προσκύνησον αὐτῷ.",,,,
Bel and the Dragon 1:25,BEL,Bel and the Dragon,1,25,"καὶ εἶπε Δανιήλ· Κυρίῳ τῷ Θεῷ μου προσκυνήσω, ὅτι οὗτός ἐστι Θεὸς ζῶν·",,,,
Bel and the Dragon 1:26,BEL,Bel and the Dragon,1,26,"σὺ δέ, βασιλεῦ, δός μοι ἐξουσίαν, καὶ ἀποκτενῶ τὸν δράκοντα ἄνευ μαχαίρας καὶ ράβδου. καὶ εἶπεν ὁ βασιλεύς· δίδωμί σοι.",,,,
Bel and the Dragon 1:27,BEL,Bel and the Dragon,1,27,"καὶ ἔλαβεν ὁ Δανιὴλ πίσσαν καὶ στέαρ καὶ τρίχας καὶ ἥψησεν ἐπὶ τὸ αὐτὸ καὶ ἐποίησε μάζας καὶ ἔδωκεν εἰς τὸ στόμα τοῦ δράκοντος, καὶ φαγὼν διερράγη ὁ δράκων. καὶ εἶπεν· ἴδετε τά σεβάσματα ὑμῶν.",,,,
Bel and the Dragon 1:28,BEL,Bel and the Dragon,1,28,"καὶ ἐγένετο ὡς ἤκουσαν οἱ Βαβυλώνιοι, ἠγανάκτησαν λίαν καὶ συνεστράφησαν ἐπὶ τὸν βασιλέα καὶ εἶπαν· Ἰουδαῖος γέγονεν ὁ βασιλεύς· τὸν Βὴλ κατέσπασε καὶ τὸν δράκοντα ἀπέκτεινε καὶ τοὺς ἱερεῖς κατέσφαξε.",,,,
Bel and the Dragon 1:29,BEL,Bel and the Dragon,1,29,"καὶ εἶπαν ἐλθόντες πρὸς τὸν βασιλέα· παράδος ἡμῖν τὸν Δανιήλ· εἰ δὲ μή, ἀποκτενοῦμέν σε καὶ τὸν οἶκόν σου.",,,,
Bel and the Dragon 1:30,BEL,Bel and the Dragon,1,30,"καὶ εἶδεν ὁ βασιλεὺς ὅτι ἐπείγουσιν αὐτὸν σφόδρα, καὶ ἀναγκασθεὶς ὁ βασιλεὺς παρέδωκεν αὐτοῖς τὸν Δανιήλ.",,,,
Bel and the Dragon 1:31,BEL,Bel and the Dragon,1,31,"οἱ δὲ ἔβαλον αὐτὸν εἰς τὸν λάκκον τῶν λεόντων, καὶ ἦν ἐκεῖ ἡμέρας ἕξ.",,,,
Bel and the Dragon 1:32,BEL,Bel and the Dragon,1,32,"ἦσαν δὲ ἐν τῷ λάκκῳ ἑπτὰ λέοντες, καὶ ἐδίδοτο αὐτοῖς τὴν ἡμέραν δύο σώματα καὶ δύο πρόβατα· τότε δὲ οὐκ ἐδόθη αὐτοῖς, ἵνα καταφάγωσι τὸν Δανιήλ.",,,,
Bel and the Dragon 1:33,BEL,Bel and the Dragon,1,33,"καὶ ἦν Ἀμβακοὺμ ὁ προφήτης ἐν τῇ Ἰουδαίᾳ, καὶ αὐτὸς ἥψησεν ἕψεμα καὶ ἐνέθρυψεν ἄρτους εἰς σκάφην καὶ ἐπορεύετο εἰς τὸ πεδίον ἀπενέγκαι τοῖς θερισταῖς.",,,,
Bel and the Dragon 1:34,BEL,Bel and the Dragon,1,34,"καὶ εἶπεν ὁ ἄγγελος Κυρίου τῷ Ἀμβακούμ· ἀπένεγκε τὸ ἄριστον, ὃ ἔχεις, εἰς Βαβυλῶνα τῷ Δανιὴλ εἰς τὸν λάκκον τῶν λεόντων.",,,,
Bel and the Dragon 1:35,BEL,Bel and the Dragon,1,35,"καὶ εἶπεν Ἀμβακούμ· Κύριε, Βαβυλῶνα οὐχ ἑώρακα καὶ τὸν λάκκον οὐ γινώσκω.",,,,
Bel and the Dragon 1:36,BEL,Bel and the Dragon,1,36,καὶ ἐπελάβετο ὁ ἄγγελος Κυρίου τῆς κορυφῆς αὐτοῦ καὶ βαστάσας τῆς κόμης τῆς κεφαλῆς αὐτοῦ ἔθηκεν αὐτὸν εἰς Βαβυλῶνα ἐπάνω τοῦ λάκκου ἐν τῷ ροίζῳ τοῦ πνεύματος αὐτοῦ.,,,,
Bel and the Dragon 1:37,BEL,Bel and the Dragon,1,37,"καὶ ἐβόησεν Ἀμβακοὺμ λέγων· Δανιὴλ Δανιήλ, λαβὲ τὸ ἄριστον, ὃ ἀπέστειλέ σοι ὁ Θεός.",,,,
Bel and the Dragon 1:38,BEL,Bel and the Dragon,1,38,"καὶ εἶπε Δανιήλ· ἐμνήσθης γάρ μου, ὁ Θεός, καὶ οὐκ ἐγκατέλιπες τοὺς ἀγαπῶντάς σε.",,,,
Bel and the Dragon 1:39,BEL,Bel and the Dragon,1,39,καὶ ἀναστὰς Δανιὴλ ἔφαγεν· ὁ δὲ ἄγγελος τοῦ Θεοῦ ἀποκατέστησε τὸν Ἀμβακοὺμ παραχρῆμα εἰς τὸν τόπον αὐτοῦ.,,,,
Bel and the Dragon 1:40,BEL,Bel and the Dragon,1,40,"ὁ δέ βασιλεὺς ἦλθε τῇ ἡμέρᾳ τῇ ἑβδόμῃ πενθῆσαι τὸν Δανιήλ· καὶ ἦλθεν ἐπὶ τὸν λάκκον καὶ ἐνέβλεψε, καὶ ἰδοὺ Δανιὴλ καθήμενος.",,,,
Bel and the Dragon 1:41,BEL,Bel and the Dragon,1,41,"καὶ ἀναβοήσας φωνῇ μεγάλῃ εἶπε· μέγας εἶ, Κύριε ὁ Θεὸς τοῦ Δανιήλ, καὶ οὐκ ἔστιν ἄλλος πλὴν σοῦ.",,,,
Bel and the Dragon 1:42,BEL,Bel and the Dragon,1,42,"καὶ ἀνέσπασεν αὐτόν, τοὺς δὲ αἰτίους τῆς ἀπωλείας αὐτοῦ ἐνέβαλεν εἰς τὸν λάκκον, καὶ κατεβρώθησαν παραχρῆμα ἐνώπιον αὐτοῦ.",,,,
1 Maccabees 1:1,1MA,1 Maccabees,1,1,"ΚΑΙ ἐγένετο μετὰ τὸ πατάξαι Ἀλέξανδρον τὸν Φιλίππου τὸν Μακεδόνα, ὃς ἐξῆλθεν ἐκ τῆς γῆς Χεττειείμ, καὶ ἐπάταξε τὸν Δαρεῖον βασιλέα Περσῶν καὶ Μήδων καὶ ἐβασίλευσεν ἀντ᾿ αὐτοῦ πρότερος ἐπὶ τὴν Ἑλλάδα.",,,,
1 Maccabees 1:2,1MA,1 Maccabees,1,2,καὶ συνεστήσατο πολέμους πολλοὺς καὶ ἐκράτησεν ὀχυρωμάτων πολλῶν καὶ ἔσφαξε βασιλεῖς τῆς γῆς·,,,,
1 Maccabees 1:3,1MA,1 Maccabees,1,3,"καὶ διῆλθεν ἕως ἄκρων τῆς γῆς καὶ ἔλαβε σκῦλα πλήθους ἐθνῶν. καὶ ἡσύχασεν ἡ γῆ ἐνώπιον αὐτοῦ, καὶ ὑψώθη, καὶ ἐπήρθη ἡ καρδία αὐτοῦ.",,,,
1 Maccabees 1:4,1MA,1 Maccabees,1,4,"καὶ συνήγαγε δύναμιν ἰσχυρὰν σφόδρα καὶ ἦρξε χωρῶν καὶ ἐθνῶν καὶ τυράννων, καὶ ἐγένοντο αὐτῷ εἰς φόρον.",,,,
1 Maccabees 1:5,1MA,1 Maccabees,1,5,καὶ μετὰ ταῦτα ἔπεσεν ἐπὶ τὴν κοίτην καὶ ἔγνω ὅτι ἀποθνήσκει.,,,,
1 Maccabees 1:6,1MA,1 Maccabees,1,6,καὶ ἐκάλεσε τοὺς παῖδας αὐτοῦ τοὺς ἐνδόξους τοὺς συντρόφους αὐτοῦ ἀπὸ νεότητος καὶ διεῖλεν αὐτοῖς τὴν βασιλείαν αὐτοῦ ἔτι ζῶντος αὐτοῦ.,,,,
1 Maccabees 1:7,1MA,1 Maccabees,1,7,καὶ ἐβασίλευσεν Ἀλέξανδρος ἔτη δώδεκα καὶ ἀπέθανε.,,,,
1 Maccabees 1:8,1MA,1 Maccabees,1,8,καὶ ἐπεκράτησαν οἱ παῖδες αὐτοῦ ἕκαστος ἐν τῷ τόπῳ αὐτοῦ.,,,,
1 Maccabees 1:9,1MA,1 Maccabees,1,9,καὶ ἐπέθεντο πάντες διαδήματα μετὰ τὸ ἀποθανεῖν αὐτὸν καὶ οἱ υἱοὶ αὐτῶν ὀπίσω αὐτῶν ἔτη πολλὰ καὶ ἐπλήθυναν κακὰ ἐν τῇ γῇ.,,,,
1 Maccabees 1:10,1MA,1 Maccabees,1,10,"καὶ ἐξῆλθεν ἐξ αὐτῶν ρίζα ἁμαρτωλὸς Ἀντίοχος Ἐπιφανής, υἱὸς Ἀντιόχου βασιλέως, ὃς ἦν ὅμηρα ἐν τῇ Ρώμῃ· καὶ ἐβασίλευσεν ἐν ἔτει ἑκατοστῷ καὶ τριακοστῷ καὶ ἑβδόμῳ βασιλείας Ἑλλήνων.",,,,
1 Maccabees 1:11,1MA,1 Maccabees,1,11,"Ἐν ταῖς ἡμέραις ἐκείναις ἐξῆλθον ἐξ Ἰσραὴλ υἱοὶ παράνομοι καὶ ἀνέπεισαν πολλοὺς λέγοντες· πορευθῶμεν καὶ διαθώμεθα διαθήκην μετὰ τῶν ἐθνῶν τῶν κύκλῳ ἡμῶν, ὅτι ἀφ᾿ ἧς ἐχωρίσθημεν ἀπ᾿ αὐτῶν, εὗρεν ἡμᾶς κακὰ πολλά.",,,,
1 Maccabees 1:12,1MA,1 Maccabees,1,12,"καὶ ἠγαθύνθη ὁ λόγος ἐν ὀφθαλμοῖς αὐτῶν,",,,,
1 Maccabees 1:13,1MA,1 Maccabees,1,13,"καὶ προεθυμήθησάν τινες ἀπὸ τοῦ λαοῦ, καὶ ἐπορεύθησαν πρὸς τὸν βασιλέα, καὶ ἔδωκεν αὐτοῖς ἐξουσίαν ποιῆσαι τὰ δικαιώματα τῶν ἐθνῶν.",,,,
1 Maccabees 1:14,1MA,1 Maccabees,1,14,καὶ ᾠκοδόμησαν γυμνάσιον ἐν Ἱεροσολύμοις κατὰ τὰ νόμιμα τῶν ἐθνῶν,,,,
1 Maccabees 1:15,1MA,1 Maccabees,1,15,καὶ ἐποίησαν ἑαυτοῖς ἀκροβυστίας καὶ ἀπέστησαν ἀπὸ διαθήκης ἁγίας καὶ ἐζευγίσθησαν τοῖς ἔθνεσι καὶ ἐπράθησαν τοῦ ποιῆσαι τὸ πονηρόν.,,,,
1 Maccabees 1:16,1MA,1 Maccabees,1,16,"Καὶ ἡτοιμάσθη ἡ βασιλεία ἐναντίον Ἀντιόχου, καὶ ὑπέβαλε βασιλεῦσαι τῆς Αἰγύπτου, ὅπως βασιλεύσῃ ἐπὶ τὰς δύο βασιλείας.",,,,
1 Maccabees 1:17,1MA,1 Maccabees,1,17,"καὶ εἰσῆλθεν εἰς Αἴγυπτον ἐν ὄχλῳ βαρεῖ, ἐν ἅρμασι καὶ ἐν ἐλέφασι καὶ ἐν ἱππεῦσι καὶ ἐν στόλῳ μεγάλῳ",,,,
1 Maccabees 1:18,1MA,1 Maccabees,1,18,"καὶ συνεστήσαντο πόλεμον πρὸς Πτολεμαῖον βασιλέα Αἰγύπτου· καὶ ἐνετράπη Πτολεμαῖος ἀπὸ προσώπου αὐτοῦ καὶ ἔφυγε, καὶ ἔπεσον τραυματίαι πολλοί.",,,,
1 Maccabees 1:19,1MA,1 Maccabees,1,19,"καὶ κατελάβοντο τὰς πόλεις τὰς ὀχυρὰς ἐν γῇ Αἰγύπτῳ, καὶ ἔλαβε τὰ σκῦλα γῆς Αἰγύπτου.",,,,
1 Maccabees 1:20,1MA,1 Maccabees,1,20,καὶ ἐπέστρεψεν Ἀντίοχος μετὰ τὸ πατάξαι Αἴγυπτον ἐν τῷ ἑκατοστῷ καὶ τεσσαρακοστῷ καὶ τρίτῳ ἔτει καὶ ἀνέβη ἐπὶ Ἰσραὴλ καὶ ἀνέβη εἰς Ἱερουσαλὴμ ἐν ὄχλῳ βαρεῖ.,,,,
1 Maccabees 1:21,1MA,1 Maccabees,1,21,καὶ εἰσῆλθον εἰς τὸ ἁγίασμα ἐν ὑπερηφανίᾳ καὶ ἔλαβε τὸ θυσιαστήριον τὸ χρυσοῦν καὶ τὴν λυχνίαν τοῦ φωτὸς καὶ πάντα τὰ σκεύη αὐτῆς,,,,
1 Maccabees 1:22,1MA,1 Maccabees,1,22,καὶ τὴν τράπεζαν τῆς προθέσεως καὶ τὰ σπονδεῖα καὶ τὰς φιάλας καὶ τὰς θυΐσκας τὰς χρυσᾶς καὶ τὸ καταπέτασμα καὶ τοὺς στεφάνους καὶ τὸν κόσμον τὸν χρυσοῦν τὸν κατὰ πρόσωπον τοῦ ναοῦ καὶ ἐλέπισε πάντα.,,,,
1 Maccabees 1:23,1MA,1 Maccabees,1,23,"καὶ ἔλαβε τὸ ἀργύριον καὶ τὸ χρυσίον καὶ τὰ σκεύη τὰ ἐπιθυμητὰ καὶ ἔλαβε τοὺς θησαυροὺς τοὺς ἀποκρύφους, οὓς εὗρε·",,,,
1 Maccabees 1:24,1MA,1 Maccabees,1,24,καὶ λαβὼν πάντα ἀπῆλθεν εἰς τὴν γῆν αὐτοῦ. καὶ ἐποίησε φονοκτονίαν καὶ ἐλάλησεν ὑπερηφανίαν μεγάλην.,,,,
1 Maccabees 1:25,1MA,1 Maccabees,1,25,καὶ ἐγένετο πένθος μέγα ἐπὶ Ἰσραὴλ ἐν παντὶ τόπῳ αὐτῶν.,,,,
1 Maccabees 1:26,1MA,1 Maccabees,1,26,"καὶ ἐστέναξαν ἄρχοντες καὶ πρεσβύτεροι, παρθένοι καὶ νεανίσκοι ἠσθένησαν, καὶ τὸ κάλλος τῶν γυναικῶν ἠλλοιώθη.",,,,
1 Maccabees 1:27,1MA,1 Maccabees,1,27,"πᾶς νυμφίος ἀνέλαβε θρῆνον, καὶ καθημένη ἐν παστῷ ἐγένετο ἐν πένθει.",,,,
1 Maccabees 1:28,1MA,1 Maccabees,1,28,"καὶ ἐσείσθη ἡ γῆ ἐπὶ τοὺς κατοικοῦντας αὐτήν, καὶ πᾶς ὁ οἶκος Ἰακὼβ ἐνεδύσατο αἰσχύνην.",,,,
1 Maccabees 1:29,1MA,1 Maccabees,1,29,"Καὶ μετὰ δύο ἔτη ἡμερῶν ἀπέστειλεν ὁ βασιλεὺς ἄρχοντα φορολογίας εἰς τὰς πόλεις Ἰούδα, καὶ ἦλθεν εἰς Ἱερουσαλὴμ ἐν ὄχλῳ βαρεῖ.",,,,
1 Maccabees 1:30,1MA,1 Maccabees,1,30,"καὶ ἐλάλησεν αὐτοῖς λόγους εἰρηνικοὺς ἐν δόλῳ, καὶ ἐνεπίστευσαν αὐτῷ. καὶ ἐπέπεσεν ἐπὶ τὴν πόλιν ἐξάπινα καὶ ἐπάταξεν αὐτὴν πληγὴν μεγάλην καὶ ἀπώλεσε λαὸν πολὺν ἐξ Ἰσραήλ.",,,,
1 Maccabees 1:31,1MA,1 Maccabees,1,31,καὶ ἔλαβε τὰ σκῦλα τῆς πόλεως καὶ ἐνεπύρισεν αὐτὴν πυρὶ καὶ καθεῖλε τοὺς οἴκους αὐτῆς καὶ τὰ τείχη αὐτῆς κύκλῳ.,,,,
1 Maccabees 1:32,1MA,1 Maccabees,1,32,"καὶ ᾐχμαλώτευσαν τὰς γυναῖκας καὶ τὰ τέκνα, καὶ τὰ κτήνη ἐκληρονόμησαν.",,,,
1 Maccabees 1:33,1MA,1 Maccabees,1,33,"καὶ ᾠκοδόμησαν τὴν πόλιν Δαυὶδ τείχει μεγάλῳ καὶ ἰσχυρῷ, πύργοις ὀχυροῖς, καὶ ἐγένετο αὐτοῖς εἰς ἄκραν.",,,,
1 Maccabees 1:34,1MA,1 Maccabees,1,34,"καὶ ἔθηκαν ἐκεῖ ἔθνος ἁμαρτωλόν, ἄνδρας παρανόμους, καὶ ἐνίσχυσαν ἐν αὐτῇ.",,,,
1 Maccabees 1:35,1MA,1 Maccabees,1,35,"καὶ παρέθεντο ὅπλα καὶ τροφὰς καὶ συναγαγόντες τὰ σκῦλα Ἱερουσαλὴμ ἀπέθεντο ἐκεῖ, καὶ ἐγένοντο εἰς μεγάλην παγίδα.",,,,
1 Maccabees 1:36,1MA,1 Maccabees,1,36,καὶ ἐγένετο εἰς ἔνεδρον τῷ ἁγιάσματι καὶ εἰς διάβολον πονηρὸν τῷ Ἰσραὴλ διαπαντός.,,,,
1 Maccabees 1:37,1MA,1 Maccabees,1,37,καὶ ἐξέχεαν αἷμα ἀθῷον κύκλῳ τοῦ ἁγιάσματος καὶ ἐμόλυναν τὸ ἁγίασμα.,,,,
1 Maccabees 1:38,1MA,1 Maccabees,1,38,"καὶ ἔφυγον οἱ κάτοικοι Ἱερουσαλὴμ δι᾿ αὐτούς, καὶ ἐγένετο κατοικία ἀλλοτρίων· καὶ ἐγένετο ἀλλοτρία τοῖς γενήμασιν αὐτῆς, καὶ τὰ τέκνα αὐτῆς ἐγκατέλιπον αὐτήν.",,,,
1 Maccabees 1:39,1MA,1 Maccabees,1,39,"τὸ ἁγίασμα αὐτῆς ἠρημώθη ὡς ἔρημος, αἱ ἑορταὶ αὐτῆς ἐστράφησαν εἰς πένθος, τὰ σάββατα αὐτῆς εἰς ὀνειδισμόν, ἡ τιμὴ αὐτῆς εἰς ἐξουδένωσιν.",,,,
1 Maccabees 1:40,1MA,1 Maccabees,1,40,"κατὰ τὴν δόξαν αὐτῆς ἐπληθύνθη ἡ ἀτιμία αὐτῆς, καὶ τὸ ὕψος αὐτῆς ἐστράφη εἰς πένθος.",,,,
1 Maccabees 1:41,1MA,1 Maccabees,1,41,Καὶ ἔγραψεν ὁ βασιλεὺς Ἀντίοχος πάσῃ τῇ βασιλείᾳ αὐτοῦ εἷναι πάντας εἰς λαὸν ἕνα,,,,
1 Maccabees 1:42,1MA,1 Maccabees,1,42,καὶ ἐγκαταλιπεῖν ἕκαστον τὰ νόμιμα αὐτοῦ. καὶ ἐπεδέξατο πάντα τὰ ἔθνη κατὰ τὸν λόγον τοῦ βασιλέως.,,,,
1 Maccabees 1:43,1MA,1 Maccabees,1,43,καὶ πολλοὶ ἀπὸ Ἰσραὴλ εὐδόκησαν τῇ λατρείᾳ αὐτοῦ καὶ ἔθυσαν τοῖς εἰδώλοις καὶ ἐβεβήλωσαν τὸ σάββατον.,,,,
1 Maccabees 1:44,1MA,1 Maccabees,1,44,καὶ ἀπέστειλεν ὁ βασιλεὺς βιβλία ἐν χειρὶ ἀγγέλων εἰς Ἱερουσαλὴμ καὶ τὰς πόλεις Ἰούδα πορευθῆναι ὀπίσω νομίμων ἀλλοτρίων τῆς γῆς,,,,
1 Maccabees 1:45,1MA,1 Maccabees,1,45,καὶ κωλῦσαι ὁλοκαυτώματα καὶ θυσίαν καὶ σπονδὴν ἐκ τοῦ ἁγιάσματος καὶ βεβηλῶσαι σάββατα καὶ ἑορτὰς,,,,
1 Maccabees 1:46,1MA,1 Maccabees,1,46,"καὶ μιᾶναι ἁγίασμα καὶ ἁγίους,",,,,
1 Maccabees 1:47,1MA,1 Maccabees,1,47,καὶ οἰκοδομῆσαι βωμοὺς καὶ τεμένη καὶ εἰδωλεῖα καὶ θύειν ὕεια καὶ κτήνη κοινὰ,,,,
1 Maccabees 1:48,1MA,1 Maccabees,1,48,"καὶ ἀφιέναι τοὺς υἱοὺς αὐτῶν ἀπεριτμήτους, βδελύξαι τὰς ψυχὰς αὐτῶν ἐν παντὶ ἀκαθάρτῳ καὶ βεβηλώσει,",,,,
1 Maccabees 1:49,1MA,1 Maccabees,1,49,ὥστε ἐπιλαθέσθαι τοῦ νόμου καὶ ἀλλάξαι πάντα τὰ δικαιώματα·,,,,
1 Maccabees 1:50,1MA,1 Maccabees,1,50,"καὶ ὃς ἂν μὴ ποιήσῃ κατὰ τὸ ρῆμα τοῦ βασιλέως, ἀποθανεῖται.",,,,
1 Maccabees 1:51,1MA,1 Maccabees,1,51,κατὰ πάντας τοὺς λόγους τούτους ἔγραψε πάσῃ τῇ βασιλείᾳ αὐτοῦ καὶ ἐποίησεν ἐπισκόπους ἐπὶ πάντα τὸν λαὸν καὶ ἐνετείλατο ταῖς πόλεσιν Ἰούδα θυσιάζειν κατὰ πόλιν καὶ πόλιν.,,,,
1 Maccabees 1:52,1MA,1 Maccabees,1,52,"καὶ συνηθροίσθησαν ἀπὸ τοῦ λαοῦ πρὸς αὐτοὺς πολλοί, πᾶς ὁ ἐγκαταλιπὼν τὸν νόμον, καὶ ἐποίησαν κακὰ ἐν τῇ γῇ",,,,
1 Maccabees 1:53,1MA,1 Maccabees,1,53,καὶ ἔθεντο τὸν Ἰσραὴλ ἐν κρύφοις ἐν παντὶ φυγαδευτηρίῳ αὐτῶν.,,,,
1 Maccabees 1:54,1MA,1 Maccabees,1,54,καὶ τῇ πεντεκαιδεκάτῃ ἡμέρᾳ Χασελεῦ τῷ πέμπτῳ καὶ τεσσαρακοστῷ καὶ ἑκατοστῷ ἔτει ᾠκοδόμησαν βδέλυγμα ἐρημώσεως ἐπὶ τὸ θυσιαστήριον καὶ ἐν πόλεσιν Ἰούδα κύκλῳ ᾠκοδόμησαν βωμούς·,,,,
1 Maccabees 1:55,1MA,1 Maccabees,1,55,καὶ ἐπὶ τῶν θυρῶν τῶν οἰκιῶν καὶ ἐν ταῖς πλατείαις ἐθυμίων.,,,,
1 Maccabees 1:56,1MA,1 Maccabees,1,56,"καὶ τὰ βιβλία τοῦ νόμου, ἃ εὗρον, ἐνεπύρισαν πυρὶ κατασχίσαντες.",,,,
1 Maccabees 1:57,1MA,1 Maccabees,1,57,"καὶ ὅπου εὑρίσκετο παρά τινι βιβλίον διαθήκης, καὶ εἴ τις συνευδόκει τῷ νόμῳ, τὸ σύγκριμα τοῦ βασιλέως ἐθανάτου αὐτόν.",,,,
1 Maccabees 1:58,1MA,1 Maccabees,1,58,ἐν ἰσχύϊ αὐτῶν ἐποίουν οὕτως τῷ Ἰσραὴλ τοῖς εὑρισκομένοις ἐν παντὶ μηνὶ καὶ μηνὶ ἐν ταῖς πόλεσι.,,,,
1 Maccabees 1:59,1MA,1 Maccabees,1,59,"καὶ τῇ πέμπτῃ καὶ εἰκάδι τοῦ μηνὸς θυσιάζοντες ἐπὶ τὸν βωμόν, ὃς ἦν ἐπὶ τοῦ θυσιαστηρίου.",,,,
1 Maccabees 1:60,1MA,1 Maccabees,1,60,καὶ τὰς γυναῖκας τὰς περιτετμηκυίας τὰ τέκνα αὐτῶν ἐθανάτωσαν κατὰ τὸ πρόσταγμα,,,,
1 Maccabees 1:61,1MA,1 Maccabees,1,61,"καὶ ἐκρέμασαν τὰ βρέφη ἐκ τῶν τραχήλων αὐτῶν, καὶ τοὺς οἴκους αὐτῶν προενόμευσαν καὶ τοὺς περιτετμηκότας αὐτοὺς ἐθανάτωσαν.",,,,
1 Maccabees 1:62,1MA,1 Maccabees,1,62,καὶ πολλοὶ ἐν Ἰσραὴλ ἐκραταιώθησαν καὶ ὠχυρώθησαν ἐν ἑαυτοῖς τοῦ μὴ φαγεῖν κοινὰ,,,,
1 Maccabees 1:63,1MA,1 Maccabees,1,63,"καὶ ἐπελέξαντο ἀποθανεῖν, ἵνα μὴ μιανθῶσι τοῖς βρώμασι καὶ μὴ βεβηλώσωσι διαθήκην ἁγίαν, καὶ ἀπέθανον.",,,,
1 Maccabees 1:64,1MA,1 Maccabees,1,64,καὶ ἐγένετο ὀργὴ μεγάλη ἐπὶ Ἰσραὴλ σφόδρα.,,,,
1 Maccabees 2:1,1MA,1 Maccabees,2,1,ΕΝ ταῖς ἡμέραις ἐκείναις ἀνέστη Ματταθίας υἱὸς Ἰωάννου τοῦ Συμεὼν ἱερεὺς τῶν υἱῶν Ἰωαρὶβ ἀπὸ Ἱερουσαλὴμ καὶ ἐκάθισεν ἐν Μωδεΐν.,,,,
1 Maccabees 2:2,1MA,1 Maccabees,2,2,"καὶ αὐτῷ υἱοὶ πέντε, Ἰωάννης ὁ καλούμενος Γαδδίς,",,,,
1 Maccabees 2:3,1MA,1 Maccabees,2,3,"Σίμων ὁ καλούμενος Θασσί,",,,,
1 Maccabees 2:4,1MA,1 Maccabees,2,4,"Ἰούδας ὁ καλούμενος Μακκαβαῖος,",,,,
1 Maccabees 2:5,1MA,1 Maccabees,2,5,"Ἐλεάζαρ ὁ καλούμενος Αὐαράν, Ἰωνάθαν ὁ καλούμενος Ἀπφοῦς.",,,,
1 Maccabees 2:6,1MA,1 Maccabees,2,6,καὶ εἶδε τὰς βλασφημίας τὰς γινομένας ἐν Ἰούδᾳ καὶ ἐν Ἱερουσαλὴμ,,,,
1 Maccabees 2:7,1MA,1 Maccabees,2,7,"καὶ εἶπεν· οἴμοι, ἱνατί τοῦτο ἐγεννήθην ἰδεῖν τὸ σύντριμμα τοῦ λαοῦ μου καὶ τὸ σύντριμμα τῆς πόλεως τῆς ἁγίας καὶ καθίσαι ἐκεῖ ἐν τῷ δοθῆναι αὐτὴν ἐν χειρὶ ἐχθρῶν καὶ τὸ ἁγίασμα ἐν χειρὶ ἀλλοτρίων;",,,,
1 Maccabees 2:8,1MA,1 Maccabees,2,8,"ἐγένετο ὁ ναὸς αὐτῆς ὡς ἀνὴρ ἄδοξος,",,,,
1 Maccabees 2:9,1MA,1 Maccabees,2,9,"τὰ σκεύη τῆς δόξης αὐτῆς αἰχμάλωτα ἀπήχθη, ἀπεκτάνθη τὰ νήπια αὐτῆς ἐν ταῖς πλατείαις, οἱ νεανίσκοι αὐτῆς ἐν ρομφαίᾳ ἐχθροῦ.",,,,
1 Maccabees 2:10,1MA,1 Maccabees,2,10,ποῖον ἔθνος οὐκ ἐκληρονόμησε βασιλείαν αὐτῆς καὶ οὐκ ἐκράτησε τῶν σκύλων αὐτῆς;,,,,
1 Maccabees 2:11,1MA,1 Maccabees,2,11,"πᾶς ὁ κόσμος αὐτῆς ἀφῃρέθη, ἀντὶ ἐλευθέρας ἐγένετο εἰς δούλην.",,,,
1 Maccabees 2:12,1MA,1 Maccabees,2,12,"καὶ ἰδοὺ τὰ ἅγια ἡμῶν καὶ ἡ καλλονὴ ἡμῶν καὶ ἡ δόξα ἡμῶν ἠρημώθη, καὶ ἐβεβήλωσαν αὐτὰ τὰ ἔθνη.",,,,
1 Maccabees 2:13,1MA,1 Maccabees,2,13,ἱνατί ἡμῖν ἔτι ζῆν;,,,,
1 Maccabees 2:14,1MA,1 Maccabees,2,14,καὶ διέρρηξε Ματταθίας καὶ υἱοὶ αὐτοῦ τὰ ἱμάτια αὐτῶν καὶ περιεβάλοντο σάκκους καὶ ἐπένθησαν σφόδρα.,,,,
1 Maccabees 2:15,1MA,1 Maccabees,2,15,"Καὶ ἦλθον οἱ παρὰ τοῦ βασιλέως οἱ καταναγκάζοντες τὴν ἀποστασίαν εἰς Μωδεΐν τὴν πόλιν, ἵνα θυσιάσωσι.",,,,
1 Maccabees 2:16,1MA,1 Maccabees,2,16,καὶ πολλοὶ ἀπὸ Ἰσραὴλ πρὸς αὐτοὺς προσῆλθον· καὶ Ματταθίας καὶ οἱ υἱοὶ αὐτοῦ συνήχθησαν.,,,,
1 Maccabees 2:17,1MA,1 Maccabees,2,17,καὶ ἀπεκρίθησαν οἱ παρὰ τοῦ βασιλέως καὶ εἶπον τῷ Ματταθίᾳ λέγοντες· ἄρχων καὶ ἔνδοξος καὶ μέγας εἶ ἐν τῇ πόλει ταύτῃ καὶ ἐστηριγμένος ἐν υἱοῖς καὶ ἀδελφοῖς·,,,,
1 Maccabees 2:18,1MA,1 Maccabees,2,18,"νῦν οὖν πρόσελθε πρῶτος καὶ ποίησον τὸ πρόσταγμα τοῦ βασιλέως, ὡς ἐποίησαν πάντα τὰ ἔθνη καὶ οἱ ἄνδρες Ἰούδα καὶ οἱ καταλειφθέντες ἐν Ἱερουσαλήμ, καὶ ἔσῃ σὺ καὶ ὁ οἶκός σου τῶν φίλων τοῦ βασιλέως, καὶ σὺ καὶ οἱ υἱοί σου δοξασθήσεσθε ἀργυρίῳ καὶ χρυσίῳ καὶ ἀποστολαῖς πολλαῖς.",,,,
1 Maccabees 2:19,1MA,1 Maccabees,2,19,"καὶ ἀπεκρίθη Ματταθίας καὶ εἶπε φωνῇ μεγάλῃ· εἰ πάντα τὰ ἔθνη τὰ ἐν οἴκῳ τῆς βασιλείας τοῦ βασιλέως ἀκούουσιν αὐτοῦ, ἀποστῆναι ἕκαστος ἀπὸ λατρείας πατέρων αὐτοῦ καὶ ᾑρετίσαντο ἐν ταῖς ἐντολαῖς αὐτοῦ,",,,,
1 Maccabees 2:20,1MA,1 Maccabees,2,20,ἀλλ᾿ ἐγὼ καὶ οἱ υἱοί μου καὶ οἱ ἀδελφοί μου πορευσόμεθα ἐν διαθήκῃ πατέρων ἡμῶν.,,,,
1 Maccabees 2:21,1MA,1 Maccabees,2,21,ἵλεως ἡμῖν καταλιπεῖν νόμον καὶ δικαιώματα·,,,,
1 Maccabees 2:22,1MA,1 Maccabees,2,22,τῶν λόγων τοῦ βασιλέως οὐκ ἀκουσόμεθα τοῦ παρελθεῖν τὴν λατρείαν ἡμῶν δεξιὰν ἢ ἀριστεράν.,,,,
1 Maccabees 2:23,1MA,1 Maccabees,2,23,"καὶ ὡς ἐπαύσατο λαλῶν τοὺς λόγους τούτους, προσῆλθεν ἀνὴρ Ἰουδαῖος ἐν ὀφθαλμοῖς πάντων, θυσιᾶσαι ἐπὶ τοῦ βωμοῦ τοῦ ἐν Μωδεΐν κατὰ τὸ πρόσταγμα τοῦ βασιλέως.",,,,
1 Maccabees 2:24,1MA,1 Maccabees,2,24,"καὶ εἶδε Ματταθίας καὶ ἐζήλωσε, καὶ ἐτρόμησαν οἱ νεφροὶ αὐτοῦ, καὶ ἀνήνεγκε θυμὸν κατὰ τὸ κρίμα καὶ δραμὼν ἔσφαξεν αὐτὸν ἐπὶ τὸν βωμόν·",,,,
1 Maccabees 2:25,1MA,1 Maccabees,2,25,καὶ τὸν ἄνδρα τοῦ βασιλέως τὸν ἀναγκάζοντα θύειν ἀπέκτεινεν ἐν τῷ καιρῷ ἐκείνῳ καὶ τὸν βωμὸν καθεῖλε.,,,,
1 Maccabees 2:26,1MA,1 Maccabees,2,26,"καὶ ἐζήλωσε τῷ νόμῳ, καθὼς ἐποίησε Φινεὲς τῷ Ζαμβρὶ υἱῷ Σαλώμ.",,,,
1 Maccabees 2:27,1MA,1 Maccabees,2,27,καὶ ἀνέκραξε Ματταθίας ἐν τῇ πόλει φωνῇ μεγάλῃ λέγων· πᾶς ὁ ζηλῶν τῷ νόμῳ καὶ ἱστῶν διαθήκην ἐξελθέτω ὀπίσω μου.,,,,
1 Maccabees 2:28,1MA,1 Maccabees,2,28,καὶ ἔφυγον αὐτὸς καὶ οἱ υἱοὶ αὐτοῦ εἰς τὰ ὄρη καὶ ἐγκατέλιπον ὅσα εἶχον ἐν τῇ πόλει.,,,,
1 Maccabees 2:29,1MA,1 Maccabees,2,29,"Τότε κατέβησαν πολλοὶ ζητοῦντες δικαιοσύνην καὶ κρίμα εἰς τὴν ἔρημον καθίσαι ἐκεῖ,",,,,
1 Maccabees 2:30,1MA,1 Maccabees,2,30,"αὐτοὶ καὶ οἱ υἱοὶ αὐτῶν καὶ αἱ γυναῖκες αὐτῶν καὶ τὰ κτήνη αὐτῶν, ὅτι ἐπληθύνθη ἐπ᾿ αὐτοὺς τὰ κακά.",,,,
1 Maccabees 2:31,1MA,1 Maccabees,2,31,"καὶ ἀνηγγέλη τοῖς ἀνδράσι τοῦ βασιλέως καὶ ταῖς δυνάμεσιν, αἵ ἦσαν ἐν Ἱερουσαλὴμ πόλει Δαυίδ, ὅτι κατέβησαν ἄνδρες, οἵτινες διασκέδασαν τὴν ἐντολὴν τοῦ βασιλέως εἰς τοὺς κρύφους ἐν τῇ ἐρήμῳ.",,,,
1 Maccabees 2:32,1MA,1 Maccabees,2,32,καὶ ἔδραμον ὀπίσω αὐτῶν πολλοὶ καὶ καταλαβόντες αὐτοὺς παρενέβαλον ἐπ᾿ αὐτοὺς καὶ συνεστήσαντο πρὸς αὐτοὺς πόλεμον ἐν τῇ ἡμέρᾳ τῶν σαββάτων,,,,
1 Maccabees 2:33,1MA,1 Maccabees,2,33,καὶ εἶπον πρὸς αὐτούς· ἕως τοῦ νῦν ἱκανόν· ἐξέλθετε καὶ ποιήσατε κατὰ τὸν λόγον τοῦ βασιλέως καὶ ζήσεσθε.,,,,
1 Maccabees 2:34,1MA,1 Maccabees,2,34,καὶ εἶπον· οὐκ ἐξελευσόμεθα οὐδὲ ποιήσομεν τὸν λόγον τοῦ βασιλέως τοῦ βεβηλῶσαι τὴν ἡμέραν τῶν σαββάτων.,,,,
1 Maccabees 2:35,1MA,1 Maccabees,2,35,καὶ ἐτάχυναν ἐπ᾿ αὐτοὺς πόλεμον.,,,,
1 Maccabees 2:36,1MA,1 Maccabees,2,36,"καὶ οὐκ ἀπεκρίθησαν αὐτοῖς οὐδὲ λίθον ἐνετίναξαν αὐτοῖς, οὐδὲ ἐνέφραξαν τοὺς κρύφους",,,,
1 Maccabees 2:37,1MA,1 Maccabees,2,37,λέγοντες· ἀποθάνωμεν πάντες ἐν τῇ ἁπλότητι ἡμῶν· μαρτυρεῖ ἐφ᾿ ἡμᾶς ὁ οὐρανὸς καὶ ἡ γῆ ὅτι ἀκρίτως ἀπόλλυτε ἡμᾶς.,,,,
1 Maccabees 2:38,1MA,1 Maccabees,2,38,"καὶ ἀνέστησαν ἐπ᾿ αὐτοὺς ἐν τῷ πολέμῳ τοῖς σάββασι, καὶ ἀπέθανον αὐτοὶ καὶ αἱ γυναῖκες αὐτῶν, καὶ τὰ τέκνα αὐτῶν, καὶ τὰ κτήνη αὐτῶν ἕως χιλίων ψυχῶν ἀνθρώπων.",,,,
1 Maccabees 2:39,1MA,1 Maccabees,2,39,Καὶ ἔγνω Ματταθίας καὶ οἱ φίλοι αὐτοῦ καὶ ἐπένθησαν ἐπ᾿ αὐτοὺς ἕως σφόδρα.,,,,
1 Maccabees 2:40,1MA,1 Maccabees,2,40,"καὶ εἶπεν ἀνὴρ τῷ πλησίον αὐτοῦ· ἐὰν πάντες ποιήσωμεν ὡς οἱ ἀδελφοὶ ἡμῶν ἐποίησαν, καὶ μὴ πολεμήσωμεν πρὸς τὰ ἔθνη ὑπὲρ τῶν ψυχῶν ἡμῶν καὶ τῶν δικαιωμάτων ἡμῶν, νῦν τάχιον ἡμᾶς ἐξολοθρεύσουσιν ἀπὸ τῆς γῆς.",,,,
1 Maccabees 2:41,1MA,1 Maccabees,2,41,"καὶ ἐβουλεύσαντο τῇ ἡμέρᾳ ἐκείνῃ λέγοντες· πᾶς ἄνθρωπος, ὃς ἐὰν ἔλθῃ πρὸς ἡμᾶς εἰς πόλεμον τῇ ἡμέρᾳ τῶν σαββάτων, πολεμήσωμεν κατέναντι αὐτοῦ καὶ οὐ μὴ ἀποθάνωμεν πάντες καθὼς ἀπέθανον οἱ ἀδελφοὶ ἡμῶν ἐν τοῖς κρύφοις.",,,,
1 Maccabees 2:42,1MA,1 Maccabees,2,42,"τότε συνήχθησαν πρὸς αὐτοὺς συναγωγὴ Ἁσιδαίων, ἰσχυροὶ δυνάμει ἀπὸ Ἰσραήλ, πᾶς ὁ ἑκουσιαζόμενος τῷ νόμῳ·",,,,
1 Maccabees 2:43,1MA,1 Maccabees,2,43,καὶ πάντες οἱ φυγαδεύοντες ἀπὸ τῶν κακῶν προσετέθησαν αὐτοῖς καὶ ἐγένοντο αὐτοῖς εἰς στήριγμα.,,,,
1 Maccabees 2:44,1MA,1 Maccabees,2,44,καὶ συνεστήσαντο δύναμιν καὶ ἐπάταξαν ἁμαρτωλοὺς ἐν ὀργῇ αὐτῶν καὶ ἄνδρας ἀνόμους ἐν θυμῷ αὐτῶν· καὶ οἱ λοιποὶ ἔφυγον εἰς τὰ ἔθνη σωθῆναι.,,,,
1 Maccabees 2:45,1MA,1 Maccabees,2,45,καὶ ἐκύκλωσε Ματταθίας καὶ οἱ φίλοι αὐτοῦ καὶ καθεῖλον τοὺς βωμοὺς,,,,
1 Maccabees 2:46,1MA,1 Maccabees,2,46,"καὶ περιέτεμον τὰ παιδάρια τὰ ἀπερίτμητα, ὅσα εὗρον ἐν ὁρίοις Ἰσραήλ, ἐν ἰσχύϊ",,,,
1 Maccabees 2:47,1MA,1 Maccabees,2,47,"καὶ ἐδίωξαν τοὺς υἱοὺς τῆς ὑπερηφανίας, καὶ κατευωδώθη τὸ ἔργον ἐν χειρὶ αὐτῶν.",,,,
1 Maccabees 2:48,1MA,1 Maccabees,2,48,καὶ ἀντελάβοντο τοῦ νόμου ἐκ χειρὸς τῶν ἐθνῶν καὶ ἐκ χειρὸς τῶν βασιλέων καὶ οὐκ ἔδωκαν κέρας τῷ ἁμαρτωλῷ.,,,,
1 Maccabees 2:49,1MA,1 Maccabees,2,49,"Καὶ ἤγγισαν αἱ ἡμέραι τοῦ Ματταθίου ἀποθανεῖν, καὶ εἶπε τοῖς υἱοῖς αὐτοῦ· νῦν ἐστηρίχθη ὑπερηφανία καὶ ἐλεγμὸς καὶ καιρὸς καταστροφῆς καὶ ὀργὴ θυμοῦ.",,,,
1 Maccabees 2:50,1MA,1 Maccabees,2,50,"καὶ νῦν, τέκνα, ζηλώσατε τῷ νόμῳ καὶ δότε τὰς ψυχὰς ὑμῶν ὑπὲρ διαθήκης πατέρων ἡμῶν.",,,,
1 Maccabees 2:51,1MA,1 Maccabees,2,51,"μνήσθητε τῶν πατέρων ἡμῶν τὰ ἔργα, ἃ ἐποίησαν ἐν ταῖς γενεαῖς αὐτῶν, καὶ δέξασθε δόξαν μεγάλην καὶ ὄνομα αἰώνιον.",,,,
1 Maccabees 2:52,1MA,1 Maccabees,2,52,"Ἁβραὰμ οὐχὶ ἐν πειρασμῷ εὑρέθη πιστός, καὶ ἐλογίσθη αὐτῷ εἰς δικαιοσύνην;",,,,
1 Maccabees 2:53,1MA,1 Maccabees,2,53,Ἰωσὴφ ἐν καιρῷ στενοχωρίας αὐτοῦ ἐφύλαξεν ἐντολὴν καὶ ἐγένετο κύριος Αἰγύπτου.,,,,
1 Maccabees 2:54,1MA,1 Maccabees,2,54,Φινεὲς ὁ πατὴρ ἡμῶν ἐν τῷ ζηλῶσαι ζῆλον ἔλαβε διαθήκην ἱερωσύνης αἰωνίας.,,,,
1 Maccabees 2:55,1MA,1 Maccabees,2,55,Ἰησοῦς ἐν τῷ πληρῶσαι λόγον ἐγένετο κριτὴς ἐν Ἰσραήλ.,,,,
1 Maccabees 2:56,1MA,1 Maccabees,2,56,Χάλεβ ἐν τῷ ἐπιμαρτύρασθαι ἐν τῇ ἐκκλησίᾳ ἔλαβε γῆς κληρονομίαν.,,,,
1 Maccabees 2:57,1MA,1 Maccabees,2,57,Δαυὶδ ἐν τῷ ἐλέῳ αὐτοῦ ἐκληρονόμησε θρόνον βασιλείας εἰς αἰῶνα αἰῶνος.,,,,
1 Maccabees 2:58,1MA,1 Maccabees,2,58,Ἠλίας ἐν τῷ ζηλῶσαι ζῆλον νόμου ἀνελήφθη ἕως εἰς τὸν οὐρανόν.,,,,
1 Maccabees 2:59,1MA,1 Maccabees,2,59,"Ἀνανίας, Ἀζαρίας, Μισαήλ, πιστεύσαντες ἐσώθησαν ἐκ φλογός.",,,,
1 Maccabees 2:60,1MA,1 Maccabees,2,60,Δανιὴλ ἐν τῇ ἁπλότητι αὐτοῦ ἐρρύσθη ἐκ στόματος λεόντων.,,,,
1 Maccabees 2:61,1MA,1 Maccabees,2,61,"καὶ οὕτως ἐννοήθητε κατὰ γενεὰν καὶ γενεάν, ὅτι πάντες οἱ ἐλπίζοντες ἐπ᾿ αὐτὸν οὐκ ἀσθενήσουσι.",,,,
1 Maccabees 2:62,1MA,1 Maccabees,2,62,"καὶ ἀπὸ λόγων ἀνδρὸς ἁμαρτωλοῦ μὴ φοβηθῆτε, ὅτι ἡ δόξα αὐτοῦ εἰς κοπρίαν καὶ εἰς σκώληκας·",,,,
1 Maccabees 2:63,1MA,1 Maccabees,2,63,"σήμερον ἐπαρθήσεται καὶ αὔριον οὐ μὴ εὑρεθῇ, ὅτι ἐπέστρεψεν εἰς τὸν χοῦν αὐτοῦ, καὶ ὁ διαλογισμὸς αὐτοῦ ἀπώλετο.",,,,
1 Maccabees 2:64,1MA,1 Maccabees,2,64,"καὶ ὑμεῖς τέκνα ἰσχύσατε καὶ ἀνδρίζεσθε ἐν τῷ νόμῳ, ὅτι ἐν αὐτῷ δοξασθήσεσθε.",,,,
1 Maccabees 2:65,1MA,1 Maccabees,2,65,"καὶ ἰδοὺ Συμεὼν ὁ ἀδελφὸς ὑμῶν, οἶδα ὅτι ἀνὴρ βουλῆς ἐστιν, αὐτοῦ ἀκούετε πάσας τὰς ἡμέρας, αὐτὸς ὑμῖν ἔσται εἰς πατέρα.",,,,
1 Maccabees 2:66,1MA,1 Maccabees,2,66,"καὶ Ἰούδας Μακκαβαῖος ἰσχυρὸς δυνάμει ἐκ νεότητος αὐτοῦ, οὗτος ὑμῖν ἔσται ἄρχων στρατιᾶς καὶ πολεμήσει πόλεμον λαῶν.",,,,
1 Maccabees 2:67,1MA,1 Maccabees,2,67,καὶ ὑμεῖς προσάξατε πρὸς ὑμᾶς πάντας τοὺς ποιητὰς τοῦ νόμου καὶ ἐκδικήσατε ἐκδίκησιν τοῦ λαοῦ ὑμῶν.,,,,
1 Maccabees 2:68,1MA,1 Maccabees,2,68,ἀνταπόδοτε ἀνταπόδομα τοῖς ἔθνεσι καὶ προσέχετε εἰς τὰ προστάγματα τοῦ νόμου.,,,,
1 Maccabees 2:69,1MA,1 Maccabees,2,69,"καὶ εὐλόγησεν αὐτούς, καὶ προσετέθη πρὸς τοὺς πατέρας αὐτοῦ.",,,,
1 Maccabees 2:70,1MA,1 Maccabees,2,70,"καὶ ἀπέθανεν ἐν τῷ ἕκτῳ καὶ τεσσαρακοστῷ καὶ ἑκατοστῷ ἔτει, καὶ ἔθαψαν αὐτὸν οἱ υἱοὶ αὐτοῦ ἐν τάφοις πατέρων αὐτῶν ἐν Μωδεΐν, καὶ ἐκόψαντο αὐτὸν πᾶς Ἰσραὴλ κοπετὸν μέγαν.",,,,
1 Maccabees 3:1,1MA,1 Maccabees,3,1,ΚΑΙ ἀνέστη Ἰούδας ὁ καλούμενος Μακκαβαῖος υἱὸς αὐτοῦ ἀντ᾿ αὐτοῦ.,,,,
1 Maccabees 3:2,1MA,1 Maccabees,3,2,"καὶ ἐβοήθουν αὐτῷ πάντες οἱ ἀδελφοὶ αὐτοῦ καὶ πάντες, ὅσοι ἐκολλήθησαν τῷ πατρὶ αὐτοῦ, καὶ ἐπολέμουν τὸν πόλεμον Ἰσραὴλ μετ᾿ εὐφροσύνης.",,,,
1 Maccabees 3:3,1MA,1 Maccabees,3,3,καὶ ἐπλάτυνε δόξαν τῷ λαῷ αὐτοῦ καὶ ἐνεδύσατο θώρακα ὡς γίγας καὶ συνεζώσατο τὰ σκεύη αὐτοῦ τὰ πολεμικὰ καὶ συνεστήσατο πολέμους σκεπάζων παρεμβολὴν ἐν ρομφαίᾳ.,,,,
1 Maccabees 3:4,1MA,1 Maccabees,3,4,καὶ ὡμοιώθη λέοντι ἐν τοῖς ἔργοις αὐτοῦ καὶ ὡς σκύμνος ἐρευγόμενος εἰς θήραν.,,,,
1 Maccabees 3:5,1MA,1 Maccabees,3,5,καὶ ἐδίωξεν ἀνόμους ἐξερευνῶν καὶ τοὺς ταράσσοντας τὸν λαὸν αὐτοῦ ἐφλόγισε.,,,,
1 Maccabees 3:6,1MA,1 Maccabees,3,6,"καὶ συνεστάλησαν οἱ ἄνομοι ἀπὸ τοῦ φόβου αὐτοῦ, καὶ πάντες οἱ ἐργάτες τῆς ἀνομίας συνεταράχθησαν, καὶ εὐωδώθη σωτηρία ἐν χειρὶ αὐτοῦ.",,,,
1 Maccabees 3:7,1MA,1 Maccabees,3,7,"καὶ ἐπίκρανε βασιλεῖς πολλοὺς καὶ εὔφρανε τὸν Ἰακὼβ ἐν τοῖς ἔργοις αὐτοῦ, καὶ ἕως τοῦ αἰῶνος τὸ μνημόσυνον αὐτοῦ εἰς εὐλογίαν.",,,,
1 Maccabees 3:8,1MA,1 Maccabees,3,8,καὶ διῆλθεν ἐν πόλεσιν Ἰούδα καὶ ἐξωλόθρευσεν ἀσεβεῖς ἐξ αὐτῆς καὶ ἀπέστρεψεν ὀργὴν ἀπὸ Ἰσραὴλ,,,,
1 Maccabees 3:9,1MA,1 Maccabees,3,9,καὶ ὠνομάσθη ἕως ἐσχάτου τῆς γῆς καὶ συνήγαγεν ἀπολλυμένους.,,,,
1 Maccabees 3:10,1MA,1 Maccabees,3,10,Καὶ συνήγαγεν Ἀπολλώνιος ἔθνη καὶ ἀπὸ Σαμαρείας δύναμιν μεγάλην τοῦ πολεμῆσαι πρὸς Ἰσραήλ.,,,,
1 Maccabees 3:11,1MA,1 Maccabees,3,11,"καὶ ἔγνω Ἰούδας καὶ ἐξῆλθεν εἰς συνάντησιν αὐτῷ καὶ ἐπάταξεν αὐτὸν καὶ ἀπέκτεινεν αὐτόν· καὶ ἔπεσον τραυματίαι πολλοί, καὶ οἱ ἐπίλοιποι ἔφυγον.",,,,
1 Maccabees 3:12,1MA,1 Maccabees,3,12,"καὶ ἔλαβον τὰ σκῦλα αὐτῶν, καὶ τὴν μάχαιραν Ἀπολλωνίου ἔλαβεν Ἰούδας καὶ ἦν πολεμῶν ἐν αὐτῇ πάσας τὰς ἡμέρας.",,,,
1 Maccabees 3:13,1MA,1 Maccabees,3,13,"καὶ ἤκουσε Σήρων ὁ ἄρχων τῆς δυνάμεως Συρίας ὅτι ἤθροισεν Ἰούδας ἄθροισμα καὶ ἐκκλησίαν πιστῶν μετ᾿ αὐτοῦ ἐκπορευομένων εἰς πόλεμον,",,,,
1 Maccabees 3:14,1MA,1 Maccabees,3,14,καὶ εἶπε· ποιήσω ἐμαυτῷ ὄνομα καὶ δοξασθήσομαι ἐν τῇ βασιλείᾳ καὶ πολεμήσω τὸν Ἰούδαν καὶ τοὺς σὺν αὐτῷ τοὺς ἐξουδενοῦντας τὸν λόγον τοῦ βασιλέως.,,,,
1 Maccabees 3:15,1MA,1 Maccabees,3,15,καὶ προσέθετο τοῦ ἀναβῆναι· καὶ ἀνέβη μετ᾿ αὐτοῦ παρεμβολὴ ἀσεβῶν ἰσχυρὰ βοηθῆσαι αὐτῷ καὶ ποιῆσαι τὴν ἐκδίκησιν ἐν υἱοῖς Ἰσραήλ.,,,,
1 Maccabees 3:16,1MA,1 Maccabees,3,16,"καὶ ἤγγισαν ἕως ἀναβάσεως Βαιθωρών, καὶ ἐξῆλθεν Ἰούδας εἰς συνάντησιν αὐτῶν ὀλιγοστός.",,,,
1 Maccabees 3:17,1MA,1 Maccabees,3,17,"ὡς δὲ εἶδον τὴν παρεμβολὴν ἐρχομένην εἰς συνάντησιν αὐτοῖς, εἶπον τῷ Ἰούδᾳ· πῶς δυνησόμεθα ὀλιγοστοὶ ὄντες πολεμῆσαι πρὸς πλῆθος τοσοῦτον ἰσχυρόν; καὶ ἡμεῖς ἐκλελύμεθα ἀσιτοῦντες σήμερον.",,,,
1 Maccabees 3:18,1MA,1 Maccabees,3,18,"καὶ εἶπεν Ἰούδας· εὔκοπόν ἐστι συγκλεισθῆναι πολλοὺς ἐν χερσὶν ὀλίγων, καὶ οὐκ ἔστι διαφορὰ ἐναντίον τοῦ Θεοῦ τοῦ οὐρανοῦ σῴζειν ἐν πολλοῖς ἢ ἐν ὀλίγοις·",,,,
1 Maccabees 3:19,1MA,1 Maccabees,3,19,"ὅτι οὐκ ἐν πλήθει δυνάμεως νίκη πολέμου ἐστίν, ἀλλ᾿ ἢ ἐκ τοῦ οὐρανοῦ ἡ ἰσχύς.",,,,
1 Maccabees 3:20,1MA,1 Maccabees,3,20,"αὐτοὶ ἔρχονται πρὸς ἡμᾶς ἐν πλήθει ὕβρεως καὶ ἀνομίας τοῦ ἐξᾶραι ἡμᾶς καὶ τὰς γυναῖκας ἡμῶν καὶ τὰ τέκνα ἡμῶν, τοῦ σκυλεῦσαι ἡμᾶς,",,,,
1 Maccabees 3:21,1MA,1 Maccabees,3,21,ἡμεῖς δὲ πολεμοῦμεν περὶ τῶν ψυχῶν ἡμῶν καὶ τῶν νομίμων ἡμῶν.,,,,
1 Maccabees 3:22,1MA,1 Maccabees,3,22,καὶ αὐτὸς συντρίψει αὐτοὺς πρὸ προσώπου ἡμῶν· ὑμεῖς δὲ μὴ φοβηθῆτε ἀπ᾿ αὐτῶν.,,,,
1 Maccabees 3:23,1MA,1 Maccabees,3,23,"ὡς δὲ ἐπαύσατο λαλῶν, ἐνήλατο εἰς αὐτοὺς ἄφνω, καὶ συνετρίβη Σήρων καὶ ἡ παρεμβολὴ αὐτοῦ ἐνώπιον αὐτοῦ.",,,,
1 Maccabees 3:24,1MA,1 Maccabees,3,24,"καὶ ἐδίωκον αὐτὸν ἐν τῇ καταβάσει Βαιθωρὼν ἕως τοῦ πεδίου· καὶ ἔπεσον ἀπ᾿ αὐτῶν εἰς ἄνδρας ὀκτακοσίους, οἱ δὲ λοιποὶ ἔφυγον εἰς γῆν Φυλιστιείμ.",,,,
1 Maccabees 3:25,1MA,1 Maccabees,3,25,καὶ ἤρξατο ὁ φόβος Ἰούδα καὶ τῶν ἀδελφῶν αὐτοῦ καὶ ἡ πτόησις ἐπιπίπτειν ἐπὶ τὰ ἔθνη τὰ κύκλῳ αὐτῶν.,,,,
1 Maccabees 3:26,1MA,1 Maccabees,3,26,"καὶ ἤγγισεν ἕως τοῦ βασιλέως τὸ ὄνομα αὐτοῦ, καὶ ὑπὲρ τῶν παρατάξεων Ἰούδα ἐξηγεῖτο πᾶν ἔθνος.",,,,
1 Maccabees 3:27,1MA,1 Maccabees,3,27,"Ὡς δὲ ἤκουσεν Ἀντίοχος ὁ βασιλεὺς τοὺς λόγους τούτους, ὠργίσθη θυμῷ καὶ ἀπέστειλε καὶ συνήγαγε τὰς δυνάμεις πάσας τῆς βασιλείας αὐτοῦ, παρεμβολὴν ἰσχυρὰν σφόδρα.",,,,
1 Maccabees 3:28,1MA,1 Maccabees,3,28,καὶ ἤνοιξε τὸ γαζοφυλάκιον αὐτοῦ καὶ ἔδωκεν ὀψώνια ταῖς δυνάμεσιν αὐτοῦ εἰς ἐνιαυτὸν καὶ ἐνετείλατο εἶναι αὐτοὺς ἑτοίμους εἰς πᾶσαν χρείαν.,,,,
1 Maccabees 3:29,1MA,1 Maccabees,3,29,"καὶ εἶδεν ὅτι ἐξέλιπε τὸ ἀργύριον ἀπὸ τῶν θησαυρῶν καὶ οἱ φόροι τῆς χώρας ὀλίγοι, χάριν τῆς διχοστασίας καὶ πληγῆς, ἧς κατεσκεύασεν ἐν τῇ γῇ τοῦ ἆραι τὰ νόμιμα, ἃ ἦσαν ἀφ᾿ ἡμερῶν τῶν πρώτων.",,,,
1 Maccabees 3:30,1MA,1 Maccabees,3,30,"καὶ εὐλαβήθη μὴ οὐκ ἔχῃ ὡς ἅπαξ καὶ δὶς εἰς τὰς δαπάνας καὶ τὰ δόματα, ἃ ἐδίδου ἔμπροσθεν δαψιλεῖ χειρὶ καὶ ἐπερίσσευσεν ὑπὲρ τοὺς βασιλεῖς τοὺς ἔμπροσθεν,",,,,
1 Maccabees 3:31,1MA,1 Maccabees,3,31,καὶ ἠπορεῖτο τῇ ψυχῇ αὐτοῦ σφόδρα καὶ ἐβουλεύσατο τοῦ πορευθῆναι εἰς τὴν Περσίδα καὶ λαβεῖν τοὺς φόρους τῶν χωρῶν καὶ συναγαγεῖν ἀργύριον πολύ.,,,,
1 Maccabees 3:32,1MA,1 Maccabees,3,32,καὶ κατέλιπε Λυσίαν ἄνθρωπον ἔνδοξον καὶ ἀπὸ γένους τῆς βασιλείας ἐπὶ τῶν πραγμάτων τοῦ βασιλέως ἀπὸ τοῦ ποταμοῦ Εὐφράτου ἕως τῶν ὁρίων Αἰγύπτου,,,,
1 Maccabees 3:33,1MA,1 Maccabees,3,33,καὶ τρέφει Ἀντίοχον τὸν υἱὸν αὐτοῦ ἕως τοῦ ἐπιστρέψαι αὐτόν.,,,,
1 Maccabees 3:34,1MA,1 Maccabees,3,34,"καὶ παρέδωκεν αὐτῷ τὰς ἡμίσεις τῶν δυνάμεων καὶ τοὺς ἐλέφαντας καὶ ἐνετείλατο αὐτῷ περὶ πάντων, ὦν ἐβούλετο, καὶ περὶ τῶν κατοικούντων τὴν Ἰουδαίαν καὶ Ἱερουσαλὴμ",,,,
1 Maccabees 3:35,1MA,1 Maccabees,3,35,ἀποστεῖλαι ἐπ᾿ αὐτοὺς δύναμιν τοῦ ἐκτρίψαι καὶ ἐξᾶραι τὴν ἰσχὺν Ἰσραὴλ καὶ τὸ κατάλειμμα Ἱερουσαλὴμ καὶ ἆραι τὸ μνημόσυνον αὐτῶν ἀπὸ τοῦ τόπου,,,,
1 Maccabees 3:36,1MA,1 Maccabees,3,36,καὶ κατοικίσαι υἱοὺς ἀλλογενεῖς ἐν πᾶσι τοῖς ὁρίοις αὐτῶν καὶ κατακληροδοτῆσαι τὴν γῆν αὐτῶν.,,,,
1 Maccabees 3:37,1MA,1 Maccabees,3,37,"καὶ ὁ βασιλεὺς παρέλαβε τὰς ἡμίσεις τῶν δυνάμεων τὰς καταλειφθείσας καὶ ἀπῇρεν ἀπὸ Ἀντιοχείας ἀπὸ πόλεως βασιλείας αὐτοῦ, ἔτους ἑβδόμου καὶ τεσσαρακοστοῦ καὶ ἑκατοστοῦ, καὶ διεπέρασε τὸν Εὐφράτην ποταμὸν καὶ διεπορεύετο τὰς ἐπάνω χώρας.",,,,
1 Maccabees 3:38,1MA,1 Maccabees,3,38,"Καὶ ἐπέλεξε Λυσίας Πτολεμαῖον τὸν Δορυμένους καὶ Νικάνορα καὶ Γοργίαν ἄνδρας δυνατοὺς τῶν φίλων τοῦ βασιλέως,",,,,
1 Maccabees 3:39,1MA,1 Maccabees,3,39,καὶ ἀπέστειλε μετ᾿ αὐτῶν τεσσαράκοντα χιλιάδας ἀνδρῶν καὶ ἑπτακισχιλίαν ἵππον τοῦ ἐξελθεῖν εἰς γῆν Ἰούδα καὶ καταφθεῖραι αὐτὴν κατὰ τὸν λόγον τοῦ βασιλέως.,,,,
1 Maccabees 3:40,1MA,1 Maccabees,3,40,"καὶ ἀπῇραν σὺν πάσῃ τῇ δυνάμει αὐτῶν, καὶ ἦλθον καὶ παρενέβαλον πλησίον Ἐμμανοὺμ ἐν τῇ γῇ τῇ πεδινῇ.",,,,
1 Maccabees 3:41,1MA,1 Maccabees,3,41,καὶ ἤκουσαν οἱ ἔμποροι τῆς χώρας τὸ ὄνομα αὐτῶν καὶ ἔλαβον ἀργύριον καὶ χρυσίον πολὺ σφόδρα καὶ πέδας καὶ ἦλθον εἰς τὴν παρεμβολὴν τοῦ λαβεῖν τοὺς υἱοὺς Ἰσραὴλ εἰς παῖδας. καὶ προσετέθησαν πρὸς αὐτοὺς δύναμις Συρίας καὶ γῆς ἀλλοφύλων.,,,,
1 Maccabees 3:42,1MA,1 Maccabees,3,42,"καὶ εἶδεν Ἰούδας καὶ οἱ ἀδελφοὶ αὐτοῦ, ὅτι ἐπληθύνθη τὰ κακὰ καὶ αἱ δυνάμεις παρεμβάλλουσιν ἐν τοῖς ὁρίοις αὐτῶν, καὶ ἐπέγνωσαν τοὺς λόγους τοῦ βασιλέως, οὓς ἐνετείλατο ποιῆσαι τῷ λαῷ εἰς ἀπώλειαν καὶ συντέλειαν.",,,,
1 Maccabees 3:43,1MA,1 Maccabees,3,43,καὶ εἶπεν ἕκαστος πρὸς τὸν πλησίον αὐτοῦ· ἀναστήσωμεν τὴν καθαίρεσιν τοῦ λαοῦ ἡμῶν καὶ πολεμήσωμεν περὶ τοῦ λαοῦ ἡμῶν καὶ τῶν ἁγίων.,,,,
1 Maccabees 3:44,1MA,1 Maccabees,3,44,καὶ συνηθροίσθη ἡ συναγωγὴ τοῦ εἶναι ἑτοίμους εἰς πόλεμον καὶ τοῦ προσεύξασθαι καὶ αἰτῆσαι ἔλεον καὶ οἰκτιρμούς.,,,,
1 Maccabees 3:45,1MA,1 Maccabees,3,45,"καὶ Ἱερουσαλὴμ ἦν ἀοίκητος ὡς ἔρημος· οὐκ ἦν ὁ εἰσπορευόμενος καὶ ἐκπορευόμενος ἐκ τῶν γενημάτων αὐτῆς, καὶ τὸ ἁγίασμα καταπατούμενον, καὶ υἱοὶ ἀλλογενῶν ἐν τῇ ἄκρᾳ, κατάλυμα τοῖς ἔθνεσι· καὶ ἐξῃ£ρθη τέρψις ἐξ Ἰακώβ, καὶ ἐξέλιπεν αὐλὸς καὶ κινύρα.",,,,
1 Maccabees 3:46,1MA,1 Maccabees,3,46,"καὶ συνήχθησαν καὶ ἤλθοσαν εἰς Μασσηφὰ κατέναντι Ἱερουσαλήμ, ὅτι τόπος προσευχῆς εἰς Μασσηφὰ τὸ πρότερον τῷ Ἰσραήλ.",,,,
1 Maccabees 3:47,1MA,1 Maccabees,3,47,καὶ ἐνήστευσαν τῇ ἡμέρᾳ ἐκείνῃ καὶ περιεβάλοντο σάκκους καὶ σποδὸν ἐπὶ τὰς κεφαλὰς αὐτῶν καὶ διέρρηξαν τὰ ἱμάτια αὐτῶν.,,,,
1 Maccabees 3:48,1MA,1 Maccabees,3,48,"καὶ ἐξεπέτασαν τὸ βιβλίον τοῦ νόμου, περὶ ὧν ἐξηρεύνων τὰ ἔθνη τὰ ὁμοιώματα τῶν εἰδώλων αὐτῶν.",,,,
1 Maccabees 3:49,1MA,1 Maccabees,3,49,"καὶ ἤνεγκαν τὰ ἱμάτια τῆς ἱερωσύνης καὶ τὰ πρωτογενήματα καὶ τὰς δεκάτας καὶ ἤγειραν τοὺς ναζιραίους, οἳ ἐπλήρωσαν τὰς ἡμέρας,",,,,
1 Maccabees 3:50,1MA,1 Maccabees,3,50,καὶ ἐβόησαν φωνῇ εἰς τὸν οὐρανὸν λέγοντες· τί ποιήσωμεν τούτοις καὶ ποῦ αὐτοὺς ἀπαγάγωμεν;,,,,
1 Maccabees 3:52,1MA,1 Maccabees,3,52,καὶ τὰ ἅγιά σου καταπεπάτηται καὶ βεβήλωται καὶ οἱ ἱερεῖς σου ἐν πένθει καὶ ταπεινώσει. καὶ ἰδοὺ τὰ ἔθνη συνῆκται ἐφ᾿ ἡμᾶς τοῦ ἐξᾶραι ἡμᾶς· σὺ οἶδας ἃ λογίζονται ἐφ᾿ ἡμᾶς.,,,,
1 Maccabees 3:53,1MA,1 Maccabees,3,53,"πῶς δυνησόμεθα ὑποστῆναι κατὰ πρόσωπον αὐτῶν, ἐὰν μὴ σὺ βοηθήσῃς ἡμῖν;",,,,
1 Maccabees 3:54,1MA,1 Maccabees,3,54,καὶ ἐσάλπισαν ταῖς σάλπιγξι καὶ ἐβόησαν φωνῇ μεγάλῃ.,,,,
1 Maccabees 3:55,1MA,1 Maccabees,3,55,καὶ μετὰ τοῦτο κατέστησεν Ἰούδας ἡγούμενος τοῦ λαοῦ χιλιάρχους καὶ ἑκατοντάρχους καὶ πεντηκοντάρχους καὶ δεκάρχους.,,,,
1 Maccabees 3:56,1MA,1 Maccabees,3,56,καὶ εἶπον τοῖς οἰκοδομοῦσιν οἰκίας καὶ μνηστευομένοις γυναῖκας καὶ φυτεύουσιν ἀμπελῶνας καὶ δειλοῖς ἀποστρέφειν ἕκαστον εἰς τὸν οἶκον αὐτοῦ κατὰ τὸν νόμον.,,,,
1 Maccabees 3:57,1MA,1 Maccabees,3,57,"καὶ ἀπῇρεν ἡ παρεμβολή, καὶ παρενέβαλε κατὰ νότον Ἀμμαούς.",,,,
1 Maccabees 3:58,1MA,1 Maccabees,3,58,καὶ εἶπεν Ἰούδας· περιζώσασθε καὶ γίνεσθε εἰς υἱοὺς δυνατοὺς καὶ γίνεσθε ἕτοιμοι εἰς τὸ πρωΐ τοῦ πολεμῆσαι ἐν τοῖς ἔθνεσι τούτοις τοῖς ἐπισυνηγμένοις ἐφ᾿ ἡμᾶς ἐξᾶραι ἡμᾶς καὶ τὰ ἅγια ἡμῶν·,,,,
1 Maccabees 3:59,1MA,1 Maccabees,3,59,ὅτι κρεῖσσον ἡμᾶς ἀποθανεῖν ἐν τῷ πολέμῳ ἢ ἐπιδεῖν ἐπὶ τὰ κακὰ τοῦ ἔθνους ἡμῶν καὶ τῶν ἁγίων.,,,,
1 Maccabees 3:60,1MA,1 Maccabees,3,60,"ὡς δ᾿ ἂν ᾖ θέλημα ἐν οὐρανῷ, οὕτω ποιήσει.",,,,
1 Maccabees 4:1,1MA,1 Maccabees,4,1,"ΚΑΙ παρέλαβε Γοργίας πεντακισχιλίους ἄνδρας καὶ χιλίαν ἵππον ἐκλεκτήν, καὶ ἀπῇρεν ἡ παρεμβολὴ νυκτός,",,,,
1 Maccabees 4:2,1MA,1 Maccabees,4,2,ὥστε ἐπιβαλεῖν ἐπὶ τὴν παρεμβολὴν τῶν Ἰουδαίων καὶ πατάξαι αὐτοὺς ἄφνω· καὶ οἱ υἱοὶ τῆς ἄκρας ἦσαν αὐτῷ ὁδηγοί.,,,,
1 Maccabees 4:3,1MA,1 Maccabees,4,3,"καὶ ἤκουσεν Ἰούδας καὶ ἀπῇρεν αὐτὸς καὶ οἱ δυνατοὶ πατάξαι τὴν δύναμιν τοῦ βασιλέως τὴν ἐν Ἀμμαούς,",,,,
1 Maccabees 4:4,1MA,1 Maccabees,4,4,ἕως ἔτι αἱ δυνάμεις ἐσκορπισμέναι ἦσαν ἀπὸ τῆς παρεμβολῆς.,,,,
1 Maccabees 4:5,1MA,1 Maccabees,4,5,"καὶ ἦλθε Γοργίας εἰς τὴν παρεμβολὴν Ἰούδα νυκτὸς καὶ οὐδένα εὗρε· καὶ ἐζήτει αὐτοὺς ἐν τοῖς ὄρεσιν, ὅτι εἶπε· φεύγουσιν οὗτοι ἀφ᾿ ἡμῶν.",,,,
1 Maccabees 4:6,1MA,1 Maccabees,4,6,καὶ ἅμα τῇ ἡμέρᾳ ὤφθη Ἰούδας ἐν τῷ πεδίῳ ἐν τρισχιλίοις ἀνδράσι· πλὴν καλύμματα καὶ μαχαίρας οὐκ εἶχον καθὼς ἠβούλοντο.,,,,
1 Maccabees 4:7,1MA,1 Maccabees,4,7,"καὶ εἶδον παρεμβολὴν ἐθνῶν ἰσχυρὰν τεθωρακισμένην καὶ ἵππον κυκλοῦσαν αὐτήν, καὶ οὗτοι διδακτοὶ πολέμου.",,,,
1 Maccabees 4:8,1MA,1 Maccabees,4,8,καὶ εἶπεν Ἰούδας τοῖς ἀνδράσι τοῖς μετ᾿ αὐτοῦ· μὴ φοβεῖσθε τὸ πλῆθος αὐτῶν καὶ τὸ ὅρμημα αὐτῶν μὴ δειλωθῆτε·,,,,
1 Maccabees 4:9,1MA,1 Maccabees,4,9,"μνήσθητε πῶς ἐσώθησαν οἱ πατέρες ἡμῶν ἐν θαλάσσῃ ἐρυθρᾷ, ὅτι ἐδίωξεν αὐτοὺς Φαραὼ ἐν δυνάμει.",,,,
1 Maccabees 4:10,1MA,1 Maccabees,4,10,"καὶ νῦν βοήσωμεν εἰς τὸν οὐρανόν, εἴ πως ἐλεήσει ἡμᾶς καὶ μνησθήσεται διαθήκης πατέρων ἡμῶν καὶ συντρίψει τὴν παρεμβολὴν ταύτην κατὰ πρόσωπον ἡμῶν σήμερον,",,,,
1 Maccabees 4:11,1MA,1 Maccabees,4,11,καὶ γνώσεται πάντα τὰ ἔθνη ὅτι ἐστὶν ὁ λυτρούμενος καὶ σῴζων τὸν Ἰσραήλ.,,,,
1 Maccabees 4:12,1MA,1 Maccabees,4,12,καὶ ᾖραν οἱ ἀλλόφυλοι τοὺς ὀφθαλμοὺς αὐτῶν καὶ εἶδον αὐτοὺς ἐρχομένους ἐξεναντίας,,,,
1 Maccabees 4:13,1MA,1 Maccabees,4,13,καὶ ἐξῆλθον ἐκ τῆς παρεμβολῆς εἰς πόλεμον· καὶ ἐσάλπισαν οἱ μετὰ Ἰούδα,,,,
1 Maccabees 4:14,1MA,1 Maccabees,4,14,"καὶ συνῆψαν καὶ συνετρίβησαν τὰ ἔθνη καὶ ἔφυγον εἰς τὸ πεδίον,",,,,
1 Maccabees 4:15,1MA,1 Maccabees,4,15,"οἱ δὲ ἔσχατοι πάντες ἔπεσον ἐν ρομφαίᾳ. καὶ ἐδίωξαν αὐτοὺς ἕως Γαζηρὼν καὶ ἕως τῶν πεδίων τῆς Ἰδουμαίας καὶ Ἀζώτου καὶ Ἰαμνείας, καὶ ἔπεσον ἐξ αὐτῶν εἰς ἄνδρας τρισχιλίους.",,,,
1 Maccabees 4:16,1MA,1 Maccabees,4,16,καὶ ἐπέστρεψεν Ἰούδας καὶ ἡ δύναμις ἀπὸ τοῦ διώκειν ὄπισθεν αὐτῶν,,,,
1 Maccabees 4:17,1MA,1 Maccabees,4,17,"καὶ εἶπε πρὸς τὸν λαόν· μὴ ἐπιθυμήσητε τῶν σκύλων, ὅτι πόλεμος ἐξεναντίας ἡμῶν,",,,,
1 Maccabees 4:18,1MA,1 Maccabees,4,18,"καὶ Γοργίας καὶ ἡ δύναμις ἐν τῷ ὄρει ἐγγὺς ἡμῶν· ἀλλὰ στῆτε νῦν ἐναντίον τῶν ἐχθρῶν ἡμῶν καὶ πολεμήσατε αὐτούς, καὶ μετὰ ταῦτα λάβετε τὰ σκῦλα μετὰ παρρησίας.",,,,
1 Maccabees 4:19,1MA,1 Maccabees,4,19,"ἔτι λαλοῦντος Ἰούδα ταῦτα, ὤφθη μέρος τι ἐκκύπτον ἐκ τοῦ ὄρους·",,,,
1 Maccabees 4:20,1MA,1 Maccabees,4,20,"καὶ εἶδεν ὅτι τετρόπωνται, καὶ ἐμπυρίζουσι τὴν παρεμβολήν· ὁ γὰρ καπνὸς ὁ θεωρούμενος ἐνεφάνιζε τὸ γεγονός.",,,,
1 Maccabees 4:21,1MA,1 Maccabees,4,21,"οἱ δὲ ταῦτα συνιδόντες ἐδειλώθησαν σφόδρα· συνιδόντες δὲ καὶ τὴν Ἰούδα παρεμβολὴν ἐν τῷ πεδίῳ ἑτοίμην εἰς παράταξιν,",,,,
1 Maccabees 4:22,1MA,1 Maccabees,4,22,ἔφυγον πάντες εἰς γῆν ἀλλοφύλων.,,,,
1 Maccabees 4:23,1MA,1 Maccabees,4,23,"καὶ ἀνέστρεψεν Ἰούδας ἐπὶ τὴν σκυλείαν τῆς παρεμβολῆς, καὶ ἔλαβον χρυσίον πολὺ καὶ ἀργύριον καὶ ὑάκινθον καὶ πορφύραν θαλασσίαν καὶ πλοῦτον μέγαν.",,,,
1 Maccabees 4:24,1MA,1 Maccabees,4,24,"καὶ ἐπιστραφέντες ὕμνουν καὶ εὐλόγουν εἰς οὐρανὸν ὅτι καλόν, ὅτι εἰς τὸν αἰῶνα τὸ ἔλεος αὐτοῦ.",,,,
1 Maccabees 4:25,1MA,1 Maccabees,4,25,καὶ ἐγένετο σωτηρία μεγάλη τῷ Ἰσραὴλ ἐν τῇ ἡμέρᾳ ἐκείνῃ.,,,,
1 Maccabees 4:26,1MA,1 Maccabees,4,26,"Ὃσοι δὲ τῶν ἀλλοφύλων διεσώθησαν, παραγενηθέντες ἀπήγγειλαν τῷ Λυσίᾳ πάντα τὰ συμβεβηκότα.",,,,
1 Maccabees 4:27,1MA,1 Maccabees,4,27,"ὁ δὲ ἀκούσας συνεχύθη καὶ ἠθύμει, ὅτι οὐχ οἷα ἤθελε, τοιαῦτα γεγόνει τῷ Ἰσραήλ, καὶ οὐχ οἷα ἐνετείλατο αὐτῷ ὁ βασιλεύς, τοιαῦτα ἐξέβη.",,,,
1 Maccabees 4:28,1MA,1 Maccabees,4,28,"καὶ ἐν τῷ ἐχομένῳ ἐνιαυτῷ συνελόχισεν ὁ Λυσίας ἀνδρῶν ἐπιλέκτων ἑξήκοντα χιλιάδας καὶ πεντακισχιλίαν ἵππον, ὥστε ἐκπολεμῆσαι αὐτούς.",,,,
1 Maccabees 4:29,1MA,1 Maccabees,4,29,"καὶ ἦλθον εἰς τὴν Ἰδουμαίαν καὶ παρενέβαλον ἐν Βαιθσούροις, καὶ συνήντησεν αὐτοῖς Ἰούδας ἐν δέκα χιλιάσιν ἀνδρῶν.",,,,
1 Maccabees 4:30,1MA,1 Maccabees,4,30,καὶ εἶδε τὴν παρεμβολὴν ἰσχυρὰν καὶ προσηύξατο καὶ εἶπεν· εὐλογητὸς εἶ ὁ σωτὴρ τοῦ Ἰσραὴλ ὁ συντρίψας τὸ ὅρμημα τοῦ δυνατοῦ ἐν χειρὶ τοῦ δούλου σου Δαυὶδ καὶ παρέδωκας τὴν παρεμβολὴν τῶν ἀλλοφύλων εἰς χεῖρας Ἰωνάθαν υἱοῦ Σαοὺλ καὶ τοῦ αἴροντος τὰ σκεύη αὐτοῦ·,,,,
1 Maccabees 4:31,1MA,1 Maccabees,4,31,"οὕτω σύγκλεισον τὴν παρεμβολὴν ταύτην ἐν χειρὶ λαοῦ σου Ἰσραήλ, καὶ αἰσχυνθήτωσαν ἐπὶ τῇ δυνάμει καὶ τῇ ἵππῳ αὐτῶν·",,,,
1 Maccabees 4:32,1MA,1 Maccabees,4,32,"δὸς αὐτοῖς δειλίαν καὶ τῆξον θράσος ἰσχύος αὐτῶν, καὶ σαλευθήτωσαν τῇ συντριβῇ αὐτῶν·",,,,
1 Maccabees 4:33,1MA,1 Maccabees,4,33,"κατάβαλε αὐτοὺς ρομφαίᾳ ἀγαπώντων σε, καὶ αἰνεσάτωσάν σε πάντες οἱ εἰδότες τὸ ὄνομά σου ἐν ὕμνοις.",,,,
1 Maccabees 4:34,1MA,1 Maccabees,4,34,"καὶ συνέβαλον ἀλλήλοις, καὶ ἔπεσον ἐκ τῆς παρεμβολῆς Λυσίου εἰς πεντακισχιλίους ἄνδρας καὶ ἔπεσον ἐξ ἐναντίας αὐτῶν.",,,,
1 Maccabees 4:35,1MA,1 Maccabees,4,35,"ἰδὼν δὲ Λυσίας τὴν γενομένην τροπὴν τῆς αὐτοῦ συντάξεως, τῆς δὲ Ἰούδα τὸ γεγενημένον θάρσος καὶ ὡς ἕτοιμοί εἰσιν ἢ ζῆν ἢ τεθνάναι γενναίως, ἀπῇρεν εἰς Ἀντιόχειαν καὶ ἐξενολόγει, καὶ πλεονάσας τὸν γενηθέντα στρατὸν ἐλογίζετο πάλιν παραγενέσθαι εἰς τὴν Ἰουδαίαν.",,,,
1 Maccabees 4:36,1MA,1 Maccabees,4,36,"Εἶπε δὲ Ἰούδας καὶ οἱ ἀδελφοὶ αὐτοῦ· ἰδοὺ συνετρίβησαν οἱ ἐχθροὶ ἡμῶν, ἀναβῶμεν καθαρίσαι τὰ ἅγια καὶ ἐγκαινίσαι.",,,,
1 Maccabees 4:37,1MA,1 Maccabees,4,37,καὶ συνήχθη ἡ παρεμβολὴ πᾶσα καὶ ἀνέβησαν εἰς ὄρος Σιών.,,,,
1 Maccabees 4:38,1MA,1 Maccabees,4,38,καὶ εἶδον τὸ ἁγίασμα ἠρημωμένον καὶ τὸ θυσιαστήριον βεβηλωμένον καὶ τὰς πύλας κατακεκαυμένας καὶ ἐν ταῖς αὐλαῖς φυτὰ πεφυκότα ὡς ἐν δρυμῷ ἢ ὡς ἑνὶ τῶν ὀρέων καὶ τὰ παστοφόρια καθῃρημένα.,,,,
1 Maccabees 4:39,1MA,1 Maccabees,4,39,καὶ διέρρηξαν τὰ ἱμάτια αὐτῶν καὶ ἐκόψαντο κοπετὸν μέγαν καὶ ἐπέθεντο σποδὸν ἐπὶ τὴν κεφαλὴν αὐτῶν,,,,
1 Maccabees 4:40,1MA,1 Maccabees,4,40,καὶ ἔπεσον ἐπὶ πρόσωπον ἐπὶ τὴν γῆν καὶ ἐσάλπισαν ταῖς σάλπιγξι τῶν σημασιῶν καὶ ἐβόησαν εἰς τὸν οὐρανόν.,,,,
1 Maccabees 4:41,1MA,1 Maccabees,4,41,"τότε ἐπέταξεν Ἰούδας ἄνδρας πολεμεῖν τοὺς ἐν τῇ ἄκρᾳ, ἕως ἂν καθαρίσῃ τὰ ἅγια.",,,,
1 Maccabees 4:42,1MA,1 Maccabees,4,42,"καὶ ἐπέλεξεν ἱερεῖς ἀμώμους θελητὰς νόμου,",,,,
1 Maccabees 4:43,1MA,1 Maccabees,4,43,καὶ ἐκαθάρισαν τὰ ἅγια καὶ ᾖραν τοὺς λίθους τοῦ μιασμοῦ εἰς τόπον ἀκάθαρτον.,,,,
1 Maccabees 4:44,1MA,1 Maccabees,4,44,"καὶ ἐβουλεύσαντο περὶ τοῦ θυσιαστηρίου τῆς ὁλοκαυτώσεως τοῦ βεβηλωμένου, τί αὐτῷ ποιήσωσι·",,,,
1 Maccabees 4:45,1MA,1 Maccabees,4,45,"καὶ ἐπέπεσεν αὐτοῖς βουλὴ ἀγαθὴ καθελεῖν αὐτό, μήποτε γένηται αὐτοῖς εἰς ὄνειδος, ὅτι ἐμίαναν τὰ ἔθνη αὐτό· καὶ καθεῖλον τὸ θυσιαστήριον.",,,,
1 Maccabees 4:46,1MA,1 Maccabees,4,46,καὶ ἀπέθεντο τοὺς λίθους ἐν τῷ ὄρει τοῦ οἴκου ἐν τόπῳ ἐπιτηδείῳ μέχρι τοῦ παραγενηθῆναι προφήτην τοῦ ἀποκριθῆναι περὶ αὐτῶν.,,,,
1 Maccabees 4:47,1MA,1 Maccabees,4,47,καὶ ἔλαβον λίθους ὁλοκλήρους κατὰ τὸν νόμον καὶ ᾠκοδόμησαν τὸ θυσιαστήριον καινὸν κατὰ τὸ πρότερον.,,,,
1 Maccabees 4:48,1MA,1 Maccabees,4,48,καὶ ᾠκοδόμησαν τὰ ἅγια καὶ τὰ ἐντὸς τοῦ οἴκου καὶ τὰς αὐλὰς ἡγίασαν.,,,,
1 Maccabees 4:49,1MA,1 Maccabees,4,49,καὶ ἐποίησαν σκεύη ἅγια καινὰ καὶ εἰσήνεγκαν τὴν λυχνίαν καὶ τὸ θυσιαστήριον τῶν θυμιαμάτων καὶ τὴν τράπεζαν εἰς τὸν ναόν.,,,,
1 Maccabees 4:50,1MA,1 Maccabees,4,50,"καὶ ἐθυμίασαν ἐπὶ τὸ θυσιαστήριον καὶ ἐξῆψαν τοὺς λύχνους τοὺς ἐπὶ τῆς λυχνίας, καὶ ἐφαίνοσαν ἐν τῶ ναῷ.",,,,
1 Maccabees 4:51,1MA,1 Maccabees,4,51,"καὶ ἐπέθηκαν ἐπὶ τὴν τράπεζαν ἄρτους καὶ ἐξεπέτασαν τὰ καταπετάσματα καὶ ἐτέλεσαν πάντα τὰ ἔργα, ἃ ἐποίησαν.",,,,
1 Maccabees 4:52,1MA,1 Maccabees,4,52,καὶ ὤρθρισαν τὸ πρωΐ τῇ πέμπτῃ καὶ εἰκάδι τοῦ μηνὸς τοῦ ἐνάτου (οὗτος ὁ μὴν Χασελεῦ) τοῦ ὀγδόου καὶ τεσσαρακοστοῦ καὶ ἑκατοστοῦ ἔτους,,,,
1 Maccabees 4:53,1MA,1 Maccabees,4,53,"καὶ ἀνήνεγκαν θυσίαν κατὰ τὸν νόμον ἐπὶ τὸ θυσιαστήριον τῶν ὁλοκαυτωμάτων τὸ καινόν, ὃ ἐποίησαν.",,,,
1 Maccabees 4:54,1MA,1 Maccabees,4,54,"κατὰ τὸν καιρὸν καὶ κατὰ τὴν ἡμέραν, ἐν ᾗ ἐβεβήλωσαν αὐτὸ τὰ ἔθνη, ἐν ἐκείνῃ ἐνεκαινίσθη ἐν ᾠδαῖς καὶ κιθάραις καὶ κινύραις καὶ ἐν κυμβάλοις.",,,,
1 Maccabees 4:55,1MA,1 Maccabees,4,55,καὶ ἔπεσον πᾶς ὁ λαὸς ἐπὶ πρόσωπον καὶ προσεκύνησαν καὶ εὐλόγησαν εἰς οὐρανὸν τὸν εὐοδώσαντα αὐτοῖς.,,,,
1 Maccabees 4:56,1MA,1 Maccabees,4,56,καὶ ἐποίησαν τὸν ἐγκαινισμὸν τοῦ θυσιαστηρίου ἡμέρας ὀκτὼ καὶ προσήνεγκαν ὁλοκαυτώματα μετ᾿ εὐφροσύνης καὶ ἔθυσαν θυσίαν σωτηρίου καὶ αἰνέσεως.,,,,
1 Maccabees 4:57,1MA,1 Maccabees,4,57,καὶ κατεκόσμησαν τὸ κατὰ πρόσωπον τοῦ ναοῦ στεφάνοις χρυσοῖς καὶ ἀσπιδίσκαις καὶ ἐνεκαίνισαν τὰς πύλας καὶ τὰ παστοφόρια καὶ ἐθύρωσαν αὐτά.,,,,
1 Maccabees 4:58,1MA,1 Maccabees,4,58,"καὶ ἐγενήθη εὐφροσύνη μεγάλη ἐν τῷ λαῷ σφόδρα, καὶ ἀπεστράφη ὄνειδος ἐθνῶν.",,,,
1 Maccabees 4:59,1MA,1 Maccabees,4,59,"καὶ ἔστησεν Ἰούδας καὶ οἱ ἀδελφοὶ αὐτοῦ καὶ πᾶσα ἡ ἐκκλησία Ἰσραήλ, ἵνα ἄγωνται αἱ ἡμέραι ἐγκαινισμοῦ τοῦ θυσιαστηρίου ἐν τοῖς καιροῖς αὐτῶν ἐνιαυτὸν κατ᾿ ἐνιαυτὸν ἡμέρας ὀκτώ, ἀπὸ τῆς πέμπτης καὶ εἰκάδος τοῦ μηνὸς Χασελεῦ, μετ᾿ εὐφροσύνης καὶ χαρᾶς.",,,,
1 Maccabees 4:60,1MA,1 Maccabees,4,60,"καὶ ᾠκοδόμησαν ἐν τῷ καιρῷ ἐκείνῳ τὸ ὄρος Σιών, κυκλόθεν τείχη ὑψηλὰ καὶ πύργους ὀχυρούς, μή ποτε παραγενηθέντα τὰ ἔθνη καταπατήσωσιν αὐτά, ὡς ἐποίησαν τὸ πρότερον.",,,,
1 Maccabees 4:61,1MA,1 Maccabees,4,61,καὶ ἐπέταξεν ἐκεῖ δύναμιν τηρεῖν αὐτὸ καὶ ὠχύρωσαν αὐτὸ τηρεῖν τὴν Βαιθσούραν τοῦ ἔχειν τὸν λαὸν ὀχύρωμα κατὰ πρόσωπον τῆς Ἰδουμαίας.,,,,
1 Maccabees 5:1,1MA,1 Maccabees,5,1,"ΚΑΙ ἐγένετο ὅτε ἤκουσαν τὰ ἔθνη κυκλόθεν ὅτι ᾠκοδομήθη τὸ θυσιαστήριον καὶ ἐνεκαινίσθη τὸ ἁγίασμα ὡς τὸ πρότερον,",,,,
1 Maccabees 5:2,1MA,1 Maccabees,5,2,καὶ ἐβουλεύσαντο τοῦ ἆραι τὸ γένος Ἰακώβ τοὺς ὄντας ἐν μέσῳ αὐτῶν καὶ ἤρξαντο τοῦ θανατοῦν ἐν τῷ λαῷ καὶ ἐξαίρειν.,,,,
1 Maccabees 5:3,1MA,1 Maccabees,5,3,"καὶ ἐπολέμει Ἰούδας πρὸς τοὺς υἱοὺς Ἡσαῦ ἐν τῇ Ἰδουμαίᾳ, τὴν Ἀκραβαττήνην, ὅτι περιεκάθηντο τὸν Ἰσραήλ, καὶ ἐπάταξεν αὐτοὺς πληγὴν μεγάλην καὶ συνέστειλεν αὐτοὺς καὶ ἔλαβε τὰ σκῦλα αὐτῶν.",,,,
1 Maccabees 5:4,1MA,1 Maccabees,5,4,"καὶ ἐμνήσθη τῆς κακίας υἱῶν Βαιάν, οἳ ἦσαν τῷ λαῷ εἰς παγίδα καὶ εἰς σκάνδαλον ἐν τῷ ἐνεδρεύειν αὐτοὺς ἐν ταῖς ὁδοῖς·",,,,
1 Maccabees 5:5,1MA,1 Maccabees,5,5,"καὶ συνεκλείσθησαν ὑπ᾿ αὐτοῦ ἐν τοῖς πύργοις, καὶ παρενέβαλεν ἐπ᾿ αὐτοὺς καὶ ἀνεθεμάτισεν αὐτοὺς καὶ ἐνεπύρισε τοὺς πύργους αὐτῆς ἐν πυρὶ σὺν πᾶσι τοῖς ἐνοῦσι.",,,,
1 Maccabees 5:6,1MA,1 Maccabees,5,6,καὶ διεπέρασεν ἐπὶ τοὺς υἱοὺς Ἀμμὼν καὶ εὗρε χεῖρα κραταιὰν καὶ λαὸν πολὺν καὶ Τιμόθεον ἡγούμενον αὐτῶν·,,,,
1 Maccabees 5:7,1MA,1 Maccabees,5,7,"καὶ συνῆψε πρὸς αὐτοὺς πολέμους πολλούς, καὶ συνετρίβησαν πρὸ προσώπου αὐτοῦ, καὶ ἐπάταξεν αὐτούς.",,,,
1 Maccabees 5:8,1MA,1 Maccabees,5,8,καὶ προκατελάβετο τὴν Ἰαζὴρ καὶ τὰς θυγατέρας αὐτῆς καὶ ἀνέστρεψεν εἰς τὴν Ἰουδαίαν.,,,,
1 Maccabees 5:9,1MA,1 Maccabees,5,9,"Καὶ ἐπισυνήχθησαν τὰ ἔθνη τὰ ἐν τῇ Γαδαὰδ ἐπὶ τὸν Ἰσραὴλ τοὺς ὄντας ἐπὶ τοῖς ὁρίοις αὐτῶν τοῦ ἐξᾶραι αὐτούς, καὶ ἔφυγον εἰς Δάθεμα τὸ ὀχύρωμα.",,,,
1 Maccabees 5:10,1MA,1 Maccabees,5,10,καὶ ἀπέστειλαν γράμματα πρὸς Ἰούδαν καὶ τοὺς ἀδελφοὺς αὐτοῦ λέγοντες· ἐπισυνηγμένα ἐστὶν ἐφ᾿ ἡμᾶς τὰ ἔθνη τὰ κύκλῳ ἡμῶν τοῦ ἐξᾶραι ἡμᾶς,,,,
1 Maccabees 5:11,1MA,1 Maccabees,5,11,"καὶ ἑτοιμάζονται ἐλθεῖν καὶ προκαταλαβέσθαι τὸ ὀχύρωμα, εἰς ὃ κατεφύγομεν, καὶ Τιμόθεος ἡγεῖται τῆς δυνάμεως αὐτῶν·",,,,
1 Maccabees 5:12,1MA,1 Maccabees,5,12,"νῦν οὖν ἐλθὼν ἐξελοῦ ἡμᾶς ἐκ χειρὸς αὐτῶν, ὅτι πέπτωκεν ἐξ ἡμῶν πλῆθος,",,,,
1 Maccabees 5:13,1MA,1 Maccabees,5,13,"καὶ πάντες οἱ ἀδελφοὶ ἡμῶν οἱ ὄντες ἐν τοῖς Τωβίου τεθανάτωνται, καὶ ᾐχμαλωτίκασι τὰς γυναῖκας αὐτῶν καὶ τὰ τέκνα καὶ τὴν ἀποσκευήν, καὶ ἀπώλεσαν ἐκεῖ ὡσεὶ μίαν χιλιαρχίαν ἀνδρῶν.",,,,
1 Maccabees 5:14,1MA,1 Maccabees,5,14,"ἔτι αἱ ἐπιστολαὶ ἀνεγινώσκοντο, καὶ ἰδοὺ ἄγγελοι ἕτεροι παρεγένοντο ἐκ τῆς Γαλιλαίας διερρηχότες τὰ ἱμάτια ἀπαγγέλλοντες κατὰ τὰ ρήματα ταῦτα λέγοντες",,,,
1 Maccabees 5:15,1MA,1 Maccabees,5,15,ἐπισυνῆχθαι ἐπ᾿ αὐτοὺς ἐκ Πτολεμαΐδος καὶ Τύρου καὶ Σιδῶνος καὶ πάσης Γαλιλαίας ἀλλοφύλων τοῦ ἐξαναλῶσαι ἡμᾶς.,,,,
1 Maccabees 5:16,1MA,1 Maccabees,5,16,"ὡς δὲ ἤκουσεν Ἰούδας καὶ ὁ λαὸς τοὺς λόγους τούτους, ἐπισυνήχθη ἐκκλησία μεγάλη βουλεύσασθαι τί ποιήσωσι τοῖς ἀδελφοῖς αὐτῶν, τοῖς οὖσιν ἐν θλίψει καὶ πολεμουμένοις ὑπ᾿ αὐτῶν.",,,,
1 Maccabees 5:17,1MA,1 Maccabees,5,17,καὶ εἶπεν Ἰούδας Σίμωνι τῷ ἀδελφῷ αὐτοῦ· ἐπίλεξον σεαυτῷ ἄνδρας καὶ πορεύου καὶ ρῦσαι τοὺς ἀδελφούς σου τοὺς ἐν τῇ Γαλιλαίᾳ· ἐγὼ δὲ καὶ Ἰωνάθαν ὁ ἀδελφός μου πορευσόμεθα εἰς τὴν Γαλααδῖτιν.,,,,
1 Maccabees 5:18,1MA,1 Maccabees,5,18,καὶ κατέλιπεν Ἰώσηφον τὸν τοῦ Ζαχαρίου καὶ Ἀζαρίαν ἡγουμένους τοῦ λαοῦ μετὰ τῶν ἐπιλοίπων τῆς δυνάμεως ἐν τῇ Ἰουδαίᾳ εἰς τήρησιν,,,,
1 Maccabees 5:19,1MA,1 Maccabees,5,19,καὶ ἐνετείλατο αὐτοῖς λέγων· πρόστητε τοῦ λαοῦ τούτου καὶ μὴ συνάψητε πόλεμον πρὸς τὰ ἔθνη ἕως τοῦ ἐπιστρέψαι ἡμᾶς.,,,,
1 Maccabees 5:20,1MA,1 Maccabees,5,20,"καὶ ἐμερίσθησαν Σίμωνι ἄνδρες τρισχίλιοι τοῦ πορευθῆναι εἰς τὴν Γαλιλαίαν, Ἰούδᾳ δὲ ἄνδρες ὀκτακισχίλιοι εἰς τὴν Γαλααδῖτιν.",,,,
1 Maccabees 5:21,1MA,1 Maccabees,5,21,"καὶ ἐπορεύθη Σίμων εἰς τὴν Γαλιλαίαν καὶ συνῆψε πολέμους πολλοὺς πρὸς τὰ ἔθνη, καὶ συνετρίβη τὰ ἔθνη ἀπὸ προσώπου αὐτοῦ,",,,,
1 Maccabees 5:22,1MA,1 Maccabees,5,22,"καὶ ἐδίωξεν αὐτοὺς ἕως τῆς πύλης Πτολεμαΐδος. καὶ ἔπεσον ἐκ τῶν ἐθνῶν εἰς τρισχιλίους ἄνδρας, καὶ ἔλαβε τὰ σκῦλα αὐτῶν.",,,,
1 Maccabees 5:23,1MA,1 Maccabees,5,23,"καὶ παρέλαβε τοὺς ἐν τῇ Γαλιλαίᾳ καὶ ἐν Ἀρβάττοις σὺν ταῖς γυναιξὶ καὶ τοῖς τέκνοις καὶ πάντα, ὅσα ἦν αὐτοῖς, καὶ ἤγαγεν εἰς τὴν Ἰουδαίαν μετ᾿ εὐφροσύνης μεγάλης.",,,,
1 Maccabees 5:24,1MA,1 Maccabees,5,24,καὶ Ἰούδας ὁ Μακκαβαῖος καὶ Ἰωνάθαν ὁ ἀδελφὸς αὐτοῦ διέβησαν τὸν Ἰορδάνην καὶ ἐπορεύθησαν ὁδὸν τριῶν ἡμερῶν ἐν τῇ ἐρήμῳ.,,,,
1 Maccabees 5:25,1MA,1 Maccabees,5,25,"καὶ συνήντησαν τοῖς Ναβαταίοις, καὶ ἀπήντησαν αὐτοῖς εἰρηνικῶς καὶ διηγήσαντο αὐτοῖς ἅπαντα τὰ συμβάντα τοῖς ἀδελφοῖς αὐτῶν ἐν τῇ Γαλααδίτιδι.",,,,
1 Maccabees 5:26,1MA,1 Maccabees,5,26,"καὶ ὅτι πολλοὶ ἐξ αὐτῶν συνειλημμένοι εἰσὶν εἰς Βόσορρα καὶ Βοσόρ, ἐν Ἀλέμοις, Χασφώρ, Μακὲδ καὶ Καρναΐν, πᾶσαι αἱ πόλεις αὗται ὀχυραὶ καὶ μεγάλαι·",,,,
1 Maccabees 5:27,1MA,1 Maccabees,5,27,καὶ ἐν ταῖς λοιπαῖς πόλεσι τῆς Γαλααδίτιδός εἰσι συνειλημμένοι καὶ εἰς αὔριον τάσσονται παρεμβάλλειν ἐπὶ τὰ ὀχυρώματα καὶ καταλαβέσθαι καὶ ἐξᾶραι πάντας τούτους ἐν ἡμέρᾳ μιᾷ.,,,,
1 Maccabees 5:28,1MA,1 Maccabees,5,28,καὶ ἀπέστρεψεν Ἰούδας καὶ ἡ παρεμβολὴ αὐτοῦ ὁδὸν εἰς τὴν ἔρημον Βόσορρα ἄφνω· καὶ κατελάβετο τὴν πόλιν καὶ ἀπέκτεινε πᾶν ἀρσενικὸν ἐν στόματι ρομφαίας καὶ ἔλαβε πάντα τὰ σκῦλα αὐτῶν καὶ ἐνέπρησεν αὐτὴν πυρί.,,,,
1 Maccabees 5:29,1MA,1 Maccabees,5,29,"καὶ ἀπῇρεν ἐκεῖθεν νυκτός, καὶ ἐπορεύετο ἕως ἐπὶ τὸ ὀχύρωμα·",,,,
1 Maccabees 5:30,1MA,1 Maccabees,5,30,"καὶ ἐγένετο ἑωθινῇ ᾖραν τοὺς ὀφθαλμοὺς αὐτῶν καὶ ἰδοὺ λαὸς πολύς, οὗ οὐκ ἦν ἀριθμός, αἴροντες κλίμακας καὶ μηχανὰς καταλαβέσθαι τὸ ὀχύρωμα καὶ ἐπολέμουν αὐτούς.",,,,
1 Maccabees 5:31,1MA,1 Maccabees,5,31,"καὶ εἶδεν Ἰούδας ὅτι ἦρκται ὁ πόλεμος καὶ ἡ κραυγὴ τῆς πόλεως ἀνέβη εἰς τὸν οὐρανὸν σάλπιγξι καὶ φωνῇ μεγάλῃ,",,,,
1 Maccabees 5:32,1MA,1 Maccabees,5,32,καὶ εἶπε τοῖς ἀνδράσι τῆς δυνάμεως· πολεμήσατε σήμερον ὑπὲρ τῶν ἀδελφῶν ὑμῶν.,,,,
1 Maccabees 5:33,1MA,1 Maccabees,5,33,"καὶ ἐξῆλθεν ἐν τρισὶν ἀρχαῖς ἐξόπισθεν αὐτῶν, καὶ ἐσάλπισαν ταῖς σάλπιγξι καὶ ἐβόησαν ἐν προσευχῇ.",,,,
1 Maccabees 5:34,1MA,1 Maccabees,5,34,"καὶ ἐπέγνω ἡ παρεμβολὴ Τιμοθέου ὅτι Μακκαβαῖός ἐστι, καὶ ἔφυγον ἀπὸ προσώπου αὐτοῦ, καὶ ἐπάταξεν αὐτοὺς πληγὴν μεγάλην, καὶ ἔπεσον ἐξ αὐτῶν ἐν ἐκείνῃ τῇ ἡμέρᾳ εἰς ὀκτακισχιλίους ἄνδρας.",,,,
1 Maccabees 5:35,1MA,1 Maccabees,5,35,καὶ ἀπέκλινεν εἰς Μααφὰ καὶ ἐπολέμησεν αὐτὴν καὶ προκατελάβετο αὐτὴν καὶ ἀπέκτεινε πᾶν ἀρσενικὸν αὐτῆς καὶ ἔλαβε τὰ σκῦλα αὐτῆς καὶ ἐνέπρησεν αὐτὴν πυρί.,,,,
1 Maccabees 5:36,1MA,1 Maccabees,5,36,"ἐκεῖθεν ἀπῇρε καὶ προκατελάβετο τὴν Χασφών, Μακέδ, Βοσὸρ καὶ τὰς λοιπὰς πόλεις τῆς Γαλααδίτιδος.",,,,
1 Maccabees 5:37,1MA,1 Maccabees,5,37,μετὰ δὲ τὰ ρήματα ταῦτα συνήγαγε Τιμόθεος παρεμβολὴν ἄλλην καὶ παρενέβαλε κατὰ πρόσωπον Ραφὼν ἐκ πέραν τοῦ χειμάρρου.,,,,
1 Maccabees 5:38,1MA,1 Maccabees,5,38,"καὶ ἀπέστειλεν Ἰούδας κατασκοπεῦσαι τὴν παρεμβολήν, καὶ ἀπήγγειλαν αὐτῷ λέγοντες· ἐπισυνηγμένα εἰσὶ πρὸς αὐτοὺς πάντα τὰ ἔθνη τὰ κύκλῳ ἡμῶν, δύναμις πολλὴ σφόδρα·",,,,
1 Maccabees 5:39,1MA,1 Maccabees,5,39,καὶ Ἄραβας μεμίσθωνται εἰς βοήθειαν αὐτοῖς καὶ παρενέβαλον πέραν τοῦ χειμάρρου ἕτοιμοι τοῦ ἐλθεῖν ἐπὶ σὲ εἰς πόλεμον. καὶ ἐπορεύθη Ἰούδας εἰς συνάντησιν αὐτῶν.,,,,
1 Maccabees 5:40,1MA,1 Maccabees,5,40,"καὶ εἶπε Τιμόθεος τοῖς ἄρχουσι τῆς δυνάμεως αὐτοῦ ἐν τῷ ἐγγίζειν Ἰούδαν καὶ τὴν παρεμβολὴν αὐτοῦ ἐπὶ τὸν χειμάρρουν τοῦ ὕδατος· ἐὰν διαβῇ πρὸς ἡμᾶς πρότερος, οὐ δυνησόμεθα ὑποστῆναι αὐτόν, ὅτι δυνάμενος δυνήσεται πρὸς ἡμᾶς·",,,,
1 Maccabees 5:41,1MA,1 Maccabees,5,41,"ἐὰν δὲ δειλωθῇ καὶ παρεμβάλῃ πέραν τοῦ ποταμοῦ, διαπεράσομεν πρὸς αὐτὸν καὶ δυνησόμεθα πρὸς αὐτόν.",,,,
1 Maccabees 5:42,1MA,1 Maccabees,5,42,"ὡς δὲ ἤγγισεν Ἰούδας ἐπὶ τὸν χειμάρρουν τοῦ ὕδατος, ἔστησε τοὺς γραμματεῖς τοῦ λαοῦ ἐπὶ τοῦ χειμάρρου καὶ ἐνετείλατο αὐτοῖς λέγων· μὴ ἀφῆτε πάντα ἄνθρωπον παρεμβαλεῖν, ἀλλ᾿ ἐρχέσθωσαν πάντες εἰς τὸν πόλεμον.",,,,
1 Maccabees 5:43,1MA,1 Maccabees,5,43,"καὶ διεπέρασεν ἐπ᾿ αὐτοὺς πρότερος καὶ πᾶς ὁ λαὸς ὄπισθεν αὐτοῦ, καὶ συνετρίβησαν πρὸ προσώπου αὐτοῦ πάντα τὰ ἔθνη καὶ ἔρριψαν τὰ ὅπλα αὐτῶν καὶ ἔφυγον εἰς τὸ τέμενος ἐν Καρναΐν.",,,,
1 Maccabees 5:44,1MA,1 Maccabees,5,44,"καὶ προκατελάβοντο τὴν πόλιν καὶ τὸ τέμενος ἐνεπύρισαν ἐν πυρὶ σὺν πᾶσι τοῖς ἐν αὐτῷ· καὶ ἐτροπώθη ἡ Καρναΐν, καὶ οὐκ ἐδύναντο ἔτι ὑποστῆναι κατὰ πρόσωπον Ἰούδα.",,,,
1 Maccabees 5:45,1MA,1 Maccabees,5,45,"καὶ συνήγαγεν Ἰούδας πάντα Ἰσραὴλ τοὺς ἐν τῇ Γαλααδίτιδι ἀπὸ μικροῦ ἕως μεγάλου καὶ τὰς γυναῖκας αὐτῶν καὶ τὰ τέκνα αὐτῶν καὶ τὴν ἀποσκευήν, παρεμβολὴν μεγάλην σφόδρα, ἐλθεῖν εἰς γῆν Ἰούδα.",,,,
1 Maccabees 5:46,1MA,1 Maccabees,5,46,"καὶ ἦλθον ἕως Ἐφρών, καὶ αὕτη ἡ πόλις μεγάλη ἐπὶ τῆς εἰσόδου ὀχυρὰ σφόδρα, οὐκ ἦν ἐκκλῖναι ἀπ᾿ αὐτῆς δεξιὰν ἢ ἀριστεράν, ἀλλ᾿ ἢ διὰ μέσου αὐτῆς πορεύεσθαι·",,,,
1 Maccabees 5:47,1MA,1 Maccabees,5,47,καὶ ἀπέκλεισαν αὐτοὺς οἱ ἐκ τῆς πόλεως καὶ ἐνέφραξαν τὰς πύλας λίθοις.,,,,
1 Maccabees 5:48,1MA,1 Maccabees,5,48,"καὶ ἀπέστειλε πρὸς αὐτοὺς Ἰούδας λόγοις εἰρηνικοῖς λέγων· διελευσόμεθα διὰ τῆς γῆς σου τοῦ ἀπελθεῖν εἰς τὴν γῆν ἡμῶν, καὶ οὐδεὶς κακοποιήσει ὑμᾶς, πλὴν τοῖς ποσὶ παρελευσόμεθα· καὶ οὐκ ἠβούλοντο ἀνοῖξαι αὐτῷ.",,,,
1 Maccabees 5:49,1MA,1 Maccabees,5,49,καὶ ἐπέταξεν Ἰούδας κηρῦξαι ἐν τῇ παρεμβολῇ τοῦ παρεμβαλεῖν ἕκαστον ἐν ᾧ ἐστι τόπῳ·,,,,
1 Maccabees 5:50,1MA,1 Maccabees,5,50,"καὶ παρενέβαλον οἱ ἄνδρες τῆς δυνάμεως, καὶ ἐπολέμησαν τὴν πόλιν ὅλην τὴν ἡμέραν ἐκείνην καὶ ὅλην τὴν νύκτα, καὶ παρεδόθη ἡ πόλις ἐν χερσὶν αὐτοῦ.",,,,
1 Maccabees 5:51,1MA,1 Maccabees,5,51,καὶ ἀπώλεσε πᾶν ἀρσενικὸν ἐν στόματι ρομφαίας καὶ ἐξερρίζωσεν αὐτὴν καὶ ἔλαβε τὰ σκῦλα αὐτῆς καὶ διῆλθε διὰ τῆς πόλεως ἐπάνω τῶν ἀπεκταμμένων.,,,,
1 Maccabees 5:52,1MA,1 Maccabees,5,52,καὶ διέβησαν τὸν Ἰορδάνην εἰς τὸ πεδίον τὸ μέγα κατὰ πρόσωπον Βαιθσάν.,,,,
1 Maccabees 5:53,1MA,1 Maccabees,5,53,"καὶ ἦν Ἰούδας ἐπισυνάγων τοὺς ἐσχατίζοντας καὶ παρακαλῶν τὸν λαὸν κατὰ πᾶσαν τὴν ὁδόν, ἕως οὗ ἦλθον εἰς γῆν Ἰούδα.",,,,
1 Maccabees 5:54,1MA,1 Maccabees,5,54,"καὶ ἀνέβησαν εἰς τὸ ὄρος Σιὼν ἐν εὐφροσύνῃ καὶ χαρᾷ καὶ προσήγαγον ὁλοκαυτώματα, ὅτι οὐκ ἔπεσεν ἐξ αὐτῶν οὐθεὶς ἕως τοῦ ἐπιστρέψαι ἐν εἰρήνῃ.",,,,
1 Maccabees 5:55,1MA,1 Maccabees,5,55,"Καὶ ἐν ταῖς ἡμέραις, αἷς ἦν Ἰούδας καὶ Ἰωνάθαν ἐν τῇ Γαλαὰδ καὶ Σίμων ὁ ἀδελφὸς αὐτοῦ ἐν τῇ Γαλιλαίᾳ κατὰ πρόσωπον Πτολεμαΐδος,",,,,
1 Maccabees 5:56,1MA,1 Maccabees,5,56,"ἤκουσεν Ἰωσὴφ ὁ τοῦ Ζαχαρίου καὶ Ἀζαρίας ἄρχοντες τῆς δυνάμεως τῶν ἀνδραγαθιῶν καὶ τοῦ πολέμου, οἷα ἐποίησαν,",,,,
1 Maccabees 5:57,1MA,1 Maccabees,5,57,καὶ εἶπε· ποιήσωμεν καὶ αὐτοὶ ἑαυτοῖς ὄνομα καὶ πορευθῶμεν πολεμῆσαι πρὸς τὰ ἔθνη τὰ κύκλῳ ἡμῶν.,,,,
1 Maccabees 5:58,1MA,1 Maccabees,5,58,"καὶ παρήγγειλαν τοῖς ἀπὸ τῆς δυνάμεως τῆς μετ᾿ αὐτῶν, καὶ ἐπορεύθησαν ἐπὶ Ἰάμνειαν.",,,,
1 Maccabees 5:59,1MA,1 Maccabees,5,59,καὶ ἐξῆλθε Γοργίας ἐκ τῆς πόλεως καὶ οἱ ἄνδρες αὐτοῦ εἰς συνάντησιν αὐτοῖς εἰς πόλεμον.,,,,
1 Maccabees 5:60,1MA,1 Maccabees,5,60,"καὶ ἐτροπώθη Ἰώσηφος καὶ Ἀζαρίας, καὶ ἐδιώχθησαν ἕως τῶν ὁρίων τῆς Ἰουδαίας, καὶ ἔπεσον ἐν τῇ ἡμέρᾳ ἐκείνῃ ἐκ τοῦ λαοῦ τοῦ Ἰσραὴλ εἰς δισχιλίους ἄνδρας.",,,,
1 Maccabees 5:61,1MA,1 Maccabees,5,61,"καὶ ἐγενήθη τροπὴ μεγάλη ἐν τῷ λαῷ Ἰσραήλ, ὅτι οὐκ ἤκουσαν Ἰούδα καὶ τῶν ἀδελφῶν αὐτοῦ, οἰόμενοι ἀνδραγαθῆσαι·",,,,
1 Maccabees 5:62,1MA,1 Maccabees,5,62,"αὐτοὶ δὲ οὐκ ἦσαν ἐκ τοῦ σπέρματος τῶν ἀνδρῶν ἐκείνων, οἷς ἐδόθη σωτηρία Ἰσραὴλ διὰ χειρὸς αὐτῶν.",,,,
1 Maccabees 5:63,1MA,1 Maccabees,5,63,"καὶ ὁ ἀνὴρ Ἰούδας καὶ οἱ ἀδελφοὶ αὐτοῦ ἐδοξάσθησαν σφόδρα ἐναντίον παντὸς Ἰσραὴλ καὶ τῶν ἐθνῶν πάντων, οὗ ἠκούετο τὸ ὄνομα αὐτῶν·",,,,
1 Maccabees 5:64,1MA,1 Maccabees,5,64,καὶ ἐπισυνήγοντο πρὸς αὐτοὺς εὐφημοῦντες.,,,,
1 Maccabees 5:65,1MA,1 Maccabees,5,65,καὶ ἐξῆλθεν Ἰούδας καὶ οἱ ἀδελφοὶ αὐτοῦ καὶ ἐπολέμουν τοὺς υἱοὺς Ἡσαῦ ἐν τῇ γῇ πρὸς νότον καὶ ἐπάταξε τὴν Χεβρὼν καὶ τὰς θυγατέρας αὐτῆς καὶ καθεῖλε τὸ ὀχύρωμα αὐτῆς καὶ τοὺς πύργους αὐτῆς ἐνέπρησε κυκλόθεν.,,,,
1 Maccabees 5:66,1MA,1 Maccabees,5,66,καὶ ἀπῇρε τοῦ πορευθῆναι εἰς γῆν ἀλλοφύλων. καὶ διεπορεύετο τὴν Σαμάρειαν.,,,,
1 Maccabees 5:67,1MA,1 Maccabees,5,67,ἐν τῇ ἡμέρᾳ ἐκείνῃ ἔπεσον ἱερεῖς ἐν πολέμῳ βουλόμενοι ἀνδραγαθῆσαι ἐν τῷ αὐτοὺς ἐξελθεῖν εἰς πόλεμον ἀβουλεύτως.,,,,
1 Maccabees 5:68,1MA,1 Maccabees,5,68,"καὶ ἐξέκλινεν Ἰούδας εἰς Ἄζωτον γῆν ἀλλοφύλων, καὶ καθεῖλε τοὺς βωμοὺς αὐτῶν καὶ τὰ γλυπτὰ τῶν θεῶν αὐτῶν κατέκαυσε πυρὶ καὶ ἐσκύλευσε τὰ σκῦλα τῶν πόλεων καὶ ἐπέστρεψεν εἰς τὴν γῆν Ἰούδα.",,,,
1 Maccabees 6:1,1MA,1 Maccabees,6,1,ΚΑΙ ὁ βασιλεὺς Ἀντίοχος διεπορεύετο τὰς ἐπάνω χώρας καὶ ἤκουσεν ὅτι ἐστὶν Ἐλυμαΐς ἐν τῇ Περσίδι πόλις ἔνδοξος πλούτῳ ἀργυρίῳ τε καὶ χρυσίῳ·,,,,
1 Maccabees 6:2,1MA,1 Maccabees,6,2,"καὶ τὸ ἱερὸν τὸ ἐν αὐτῇ πλούσιον σφόδρα, καὶ ἐκεῖ καλύμματα χρυσᾶ καὶ θώρακες καὶ ὅπλα, ἃ κατέλιπεν ἐκεῖ Ἀλέξανδρος ὁ Φιλίππου βασιλεὺς ὁ Μακεδών, ὃς ἐβασίλευσε πρῶτος ἐν τοῖς Ἓλλησι.",,,,
1 Maccabees 6:3,1MA,1 Maccabees,6,3,"καὶ ἦλθε καὶ ἐζήτει καταλαβέσθαι τὴν πόλιν καὶ προνομεῦσαι αὐτήν, καὶ οὐκ ἠδυνάσθη, ὅτι ἐγνώσθη ὁ λόγος τοῖς ἐκ τῆς πόλεως,",,,,
1 Maccabees 6:4,1MA,1 Maccabees,6,4,"καὶ ἀντέστησαν αὐτῷ εἰς πόλεμον, καὶ ἔφυγε καὶ ἀπῇρεν ἐκεῖθεν μετὰ λύπης μεγάλης ἀποστρέψαι εἰς Βαβυλῶνα.",,,,
1 Maccabees 6:5,1MA,1 Maccabees,6,5,"καὶ ἦλθεν ἀπαγγέλλων τις αὐτῷ εἰς τὴν Περσίδα ὅτι τετρόπωνται αἱ παρεμβολαὶ αἱ πορευθεῖσαι εἰς γῆν Ἰούδα,",,,,
1 Maccabees 6:6,1MA,1 Maccabees,6,6,"καὶ ἐπορεύθη Λυσίας δυνάμει ἰσχυρᾷ ἐν πρώτοις καὶ ἐνετράπη ἀπὸ προσώπου αὐτῶν, καὶ ἐπίσχυσαν ὅπλοις καὶ δυνάμει καὶ σκύλοις πολλοῖς, οἷς ἔλαβον ἀπὸ τῶν παρεμβολῶν, ὧν ἐξέκοψαν,",,,,
1 Maccabees 6:7,1MA,1 Maccabees,6,7,"καὶ καθεῖλον τὸ βδέλυγμα, ὃ ᾠκοδόμησεν ἐπὶ τὸ θυσιαστήριον τὸ ἐν Ἱερουσαλήμ, καὶ τὸ ἁγίασμα καθὼς τὸ πρότερον ἐκύκλωσαν τείχεσιν ὑψηλοῖς καὶ τὴν Βαιθσούραν πόλιν αὐτοῦ.",,,,
1 Maccabees 6:8,1MA,1 Maccabees,6,8,"καὶ ἐγένετο ὡς ἤκουσεν ὁ βασιλεὺς τοὺς λόγους τούτους, ἐθαμβήθη καὶ ἐσαλεύθη σφόδρα καὶ ἔπεσεν ἐπὶ τὴν κοίτην καὶ ἐνέπεσεν εἰς ἀρρωστίαν ἀπὸ τῆς λύπης, ὅτι οὐκ ἐγένετο αὐτῷ καθὼς ἐνεθυμεῖτο.",,,,
1 Maccabees 6:9,1MA,1 Maccabees,6,9,"καὶ ἦν ἐκεῖ ἡμέρας πλείους, ὅτι ἀνεκαινίσθη ἐπ᾿ αὐτὸν λύπη μεγάλη, καὶ ἐλογίσατο ὅτι ἀποθνήσκει.",,,,
1 Maccabees 6:10,1MA,1 Maccabees,6,10,"καὶ ἐκάλεσε πάντας τοὺς φίλους αὐτοῦ καὶ εἶπε πρὸς αὐτούς· ἀφίσταται ὁ ὕπνος ἀπὸ τῶν ὀφθαλμῶν μου, καὶ συμπέπτωκα τῇ καρδίᾳ ἀπὸ τῆς μερίμνης,",,,,
1 Maccabees 6:11,1MA,1 Maccabees,6,11,"καὶ εἶπα τῇ καρδίᾳ μου· ἕως τίνος θλίψεως ἦλθον καὶ κλύδωνος μεγάλου, ἐν ᾧ νῦν εἰμι; ὅτι χρηστὸς καὶ ἀγαπώμενος ἤμην ἐν τῇ ἐξουσίᾳ μου,",,,,
1 Maccabees 6:12,1MA,1 Maccabees,6,12,"νῦν δὲ μιμνήσκομαι τῶν κακῶν, ὧν ἐποίησα ἐν Ἱερουσαλὴμ καὶ ἔλαβον πάντα τὰ σκεύη τὰ χρυσᾶ καὶ τὰ ἀργυρᾶ τὰ ἐν αὐτῇ καὶ ἐξαπέστειλα ἐξᾶραι τοὺς κατοικοῦντας Ἰούδα διακενῆς.",,,,
1 Maccabees 6:13,1MA,1 Maccabees,6,13,ἔγνων οὖν ὅτι χάριν τούτων εὗρόν με τὰ κακὰ ταῦτα· καὶ ἰδοὺ ἀπόλλυμαι λύπῃ μεγάλῃ ἐν γῇ ἀλλοτρίᾳ.,,,,
1 Maccabees 6:14,1MA,1 Maccabees,6,14,καὶ ἐκάλεσε Φίλιππον ἕνα τῶν φίλων αὐτοῦ καὶ κατέστησεν αὐτὸν ἐπὶ πάσης τῆς βασιλείας αὐτοῦ·,,,,
1 Maccabees 6:15,1MA,1 Maccabees,6,15,καὶ ἔδωκεν αὐτῷ τὸ διάδημα καὶ τὴν στολὴν αὐτοῦ καὶ τὸν δακτύλιον τοῦ ἀγαγεῖν Ἀντίοχον τὸν υἱὸν αὐτοῦ καὶ ἐκθρέψαι αὐτὸν τοῦ βασιλεύειν.,,,,
1 Maccabees 6:16,1MA,1 Maccabees,6,16,καὶ ἀπέθανεν ἐκεῖ Ἀντίοχος ὁ βασιλεὺς ἔτους ἐνάτου καὶ τεσσαρακοστοῦ καὶ ἑκατοστοῦ.,,,,
1 Maccabees 6:17,1MA,1 Maccabees,6,17,"καὶ ἐπέγνω Λυσίας ὅτι τέθνηκεν ὁ βασιλεύς, καὶ κατέστησε βασιλεύειν Ἀντίοχον τὸν υἱὸν αὐτοῦ ἀντ᾿ αὐτοῦ, ὃν ἐξέθρεψε νεώτερον, καὶ ἐκάλεσε τὸ ὄνομα αὐτοῦ Εὐπάτορα.",,,,
1 Maccabees 6:18,1MA,1 Maccabees,6,18,Καὶ οἱ ἐκ τῆς ἄκρας ἦσαν συγκλείοντες τὸν Ἰσραὴλ κύκλῳ τῶν ἁγίων καὶ ζητοῦντες τὰ κακὰ δι᾿ ὅλου καὶ στήριγμα τοῖς ἔθνεσι.,,,,
1 Maccabees 6:19,1MA,1 Maccabees,6,19,καὶ ἐλογίσατο Ἰούδας ἐξᾶραι αὐτοὺς καὶ ἐξεκκλησίασε πάντα τὸν λαὸν τοῦ περικαθίσαι ἐπ᾿ αὐτούς·,,,,
1 Maccabees 6:20,1MA,1 Maccabees,6,20,"καὶ συνήχθησαν ἅμα καὶ περιεκάθισαν ἐπ᾿ αὐτοὺς ἔτους πεντηκοστοῦ καὶ ἑκατοστοῦ, καὶ ἐποίησεν ἐπ᾿ αὐτοὺς βελοστάσεις καὶ μηχανάς.",,,,
1 Maccabees 6:21,1MA,1 Maccabees,6,21,"καὶ ἐξῆλθον ἐξ αὐτῶν ἐκ τοῦ συγκλεισμοῦ, καὶ ἐκολλήθησαν αὐτοῖς τινες τῶν ἀσεβῶν ἐξ Ἰσραήλ,",,,,
1 Maccabees 6:22,1MA,1 Maccabees,6,22,καὶ ἐπορεύθησαν πρὸς τὸν βασιλέα καὶ εἶπον· ἕως πότε οὐ ποιήσῃ κρίσιν καὶ ἐκδικήσεις τοὺς ἀδελφοὺς ἡμῶν;,,,,
1 Maccabees 6:23,1MA,1 Maccabees,6,23,ἡμεῖς εὐδοκοῦμεν δουλεύειν τῷ πατρί σου καὶ πορεύεσθαι τοῖς ὑπ᾿ αὐτοῦ λεγομένοις καὶ κατακολουθεῖν τοῖς προστάγμασιν αὐτοῦ.,,,,
1 Maccabees 6:24,1MA,1 Maccabees,6,24,καὶ περικάθηνται εἰς τὴν ἄκραν υἱοὶ τοῦ λαοῦ ἡμῶν χάριν τούτου καὶ ἀλλοτριοῦνται ἀφ᾿ ἡμῶν· πλὴν ὅσοι εὑρίσκοντο ἀφ᾿ ἡμῶν ἐθανατοῦντο καὶ αἱ κληρονομίαι ἡμῶν διηρπάζοντο.,,,,
1 Maccabees 6:25,1MA,1 Maccabees,6,25,"καὶ οὐκ ἐφ᾿ ἡμᾶς μόνον ἐξέτειναν χεῖρα, ἀλλὰ καὶ ἐπὶ πάντα τὰ ὅρια αὐτῶν·",,,,
1 Maccabees 6:26,1MA,1 Maccabees,6,26,"καὶ ἰδοὺ παρεμβεβλήκασι σήμερον ἐπὶ τὴν ἄκραν ἐν Ἱερουσαλὴμ τοῦ καταλαβέσθαι αὐτήν· καὶ τὸ ἁγίασμα καὶ τὴν Βαιθσούραν ὠχύρωσαν,",,,,
1 Maccabees 6:27,1MA,1 Maccabees,6,27,"καὶ ἐὰν μὴ προκαταλάβῃ αὐτοὺς διὰ τάχους, μείζονα τούτων ποιήσουσι, καὶ ἰδοὺ δυνήσῃ τοῦ κατασχεῖν αὐτῶν.",,,,
1 Maccabees 6:28,1MA,1 Maccabees,6,28,"Καὶ ὠργίσθη ὁ βασιλεὺς ὅτε ἤκουσε, καὶ συνήγαγε πάντας τοὺς φίλους αὐτοῦ καὶ τοὺς ἄρχοντας τῆς δυνάμεως αὐτοῦ καὶ τοὺς ἐπὶ τῶν ἡνιῶν·",,,,
1 Maccabees 6:29,1MA,1 Maccabees,6,29,καὶ ἀπὸ βασιλειῶν ἑτέρων καὶ ἀπὸ νήσων θαλασσῶν ἦλθον πρὸς αὐτὸν δυνάμεις μισθωταί.,,,,
1 Maccabees 6:30,1MA,1 Maccabees,6,30,καὶ ἦν ὁ ἀριθμὸς τῶν δυνάμεων αὐτοῦ ἑκατὸν χιλιάδες τῶν πεζῶν καὶ εἴκοσι χιλιάδες ἵππων καὶ ἐλέφαντες δύο καὶ τριάκοντα εἰδότες πόλεμον.,,,,
1 Maccabees 6:31,1MA,1 Maccabees,6,31,καὶ ἤλθοσαν διὰ τῆς Ἰδουμαίας καὶ παρενεβάλοσαν ἐπὶ Βαιθσούραν καὶ ἐπολέμησαν ἡμέρας πολλὰς καὶ ἐποίησαν μηχανάς· καὶ ἐξῆλθον καὶ ἐνεπύρισαν αὐτὰς ἐν πυρὶ καὶ ἐπολέμησαν ἀνδρωδῶς.,,,,
1 Maccabees 6:32,1MA,1 Maccabees,6,32,καὶ ἀπῇρεν Ἰούδας ἀπὸ τῆς ἄκρας καὶ παρενέβαλεν εἰς Βαιθζαχαρία ἀπέναντι τῆς παρεμβολῆς τοῦ βασιλέως.,,,,
1 Maccabees 6:33,1MA,1 Maccabees,6,33,"καὶ ὤρθρισεν ὁ βασιλεὺς τὸ πρωΐ καὶ ἀπῇρε τὴν παρεμβολὴν ἐν ὁρμήματι αὐτῆς κατὰ τὴν ὁδὸν Βαιθζαχαρία, καὶ διεσκευάσθησαν αἱ δυνάμεις εἰς τὸν πόλεμον καὶ ἐσάλπισαν ταῖς σάλπιγξι.",,,,
1 Maccabees 6:34,1MA,1 Maccabees,6,34,καὶ τοῖς ἐλέφασιν ἔδειξαν αἷμα σταφυλῆς καὶ μόρων τοῦ παραστῆσαι αὐτοὺς εἰς τὸν πόλεμον.,,,,
1 Maccabees 6:35,1MA,1 Maccabees,6,35,"καὶ διεῖλον τὰ θηρία εἰς τὰς φάλαγγας καὶ παρέστησαν ἑκάστῳ ἐλέφαντι χιλίους ἄνδρας τεθωρακισμένους ἐν ἁλυσιδωτοῖς, καὶ περικεφαλαῖαι χαλκαῖ ἐπὶ τῶν κεφαλῶν αὐτῶν, καὶ πεντακόσιοι ἵπποι διατεταγμένοι ἑκάστῳ θηρίῳ ἐκλελεγμένοι·",,,,
1 Maccabees 6:36,1MA,1 Maccabees,6,36,"οὗτοι πρὸ καιροῦ, οὗ ἐὰν ἦν τὸ θηρίον ἦσαν καὶ οὗ ἐὰν ἐπορεύετο ἐπορεύοντο ἅμα, οὐκ ἀφίσταντο ἀπ᾿ αὐτοῦ.",,,,
1 Maccabees 6:37,1MA,1 Maccabees,6,37,"καὶ πύργοι ξύλινοι ἐπ᾿ αὐτοὺς ὀχυροὶ σκεπαζόμενοι ἐφ᾿ ἑκάστου θηρίου ἐζωσμένοι ἐπ᾿ αὐτοῦ μηχαναῖς, καὶ ἐφ᾿ ἑκάστου ἄνδρες δυνάμεως δύο καὶ τριάκοντα οἱ πολεμοῦντες ἐπ᾿ αὐτοῖς καὶ ὁ Ἰνδὸς αὐτοῦ.",,,,
1 Maccabees 6:38,1MA,1 Maccabees,6,38,καὶ τὴν ἐπίλοιπον ἵππον ἔνθεν καὶ ἔνθεν ἔστησαν ἐπὶ τὰ δύο μέρη τῆς παρεμβολῆς κατασείοντες καὶ καταφρασσόμενοι ἐν ταῖς φάραγξιν.,,,,
1 Maccabees 6:39,1MA,1 Maccabees,6,39,"ὡς δὲ ἔστιλβεν ὁ ἥλιος ἐπὶ τὰς χρυσᾶς καὶ χαλκᾶς ἀσπίδας, ἔστιλβε τὰ ὄρη ἀπ᾿ αὐτῶν καὶ κατηύγαζεν ὡς λαμπάδες πυρός.",,,,
1 Maccabees 6:40,1MA,1 Maccabees,6,40,καὶ ἐξετάθη μέρος τι τῆς παρεμβολῆς τοῦ βασιλέως ἐπὶ τὰ ὑψηλὰ ὄρη καί τινες ἐπὶ τὰ ταπεινά· καὶ ἤρχοντο ἀσφαλῶς καὶ τεταγμένως.,,,,
1 Maccabees 6:41,1MA,1 Maccabees,6,41,καὶ ἐσαλεύοντο πάντες οἱ ἀκούοντες φωνῆς πλήθους αὐτῶν καὶ ὁδοιπορίας τοῦ πλήθους καὶ συγκρουσμοῦ τῶν ὅπλων· ἦν γὰρ ἡ παρεμβολὴ μεγάλη σφόδρα καὶ ἰσχυρά.,,,,
1 Maccabees 6:42,1MA,1 Maccabees,6,42,"καὶ ἤγγισεν Ἰούδας καὶ ἡ παρεμβολὴ αὐτοῦ εἰς παράταξιν, καὶ ἔπεσον ἀπὸ τῆς παρεμβολῆς τοῦ βασιλέως ἑξακόσιοι ἄνδρες.",,,,
1 Maccabees 6:43,1MA,1 Maccabees,6,43,"καὶ εἶδεν Ἐλεάζαρ ὁ Αὐαρὰν ἓν τῶν θηρίων τεθωρακισμένον θώρακι βασιλικῷ, καὶ ἦν ὑπεράγον πάντα τὰ θηρία, καὶ ᾠήθη ὅτι ἐν αὐτῷ ἐστιν ὁ βασιλεύς.",,,,
1 Maccabees 6:44,1MA,1 Maccabees,6,44,καὶ ἔδωκεν ἑαυτὸν τοῦ σῶσαι τὸν λαὸν αὐτοῦ καὶ περιποιῆσαι ἑαυτῷ ὄνομα αἰώνιον·,,,,
1 Maccabees 6:45,1MA,1 Maccabees,6,45,"καὶ ἐπέδραμεν αὐτῷ θράσει εἰς μέσον τῆς φάλαγγος καὶ ἐθανάτου δεξιὰ καὶ εὐώνυμα, καὶ ἐσχίζοντο ἀπ᾿ αὐτοῦ ἔνθα καὶ ἔνθα·",,,,
1 Maccabees 6:46,1MA,1 Maccabees,6,46,"καὶ εἰσέδυ ὑπὸ τὸν ἐλέφαντα καὶ ὑπέθεκεν αὐτῷ καὶ ἀνεῖλεν αὐτόν, καὶ ἔπεσεν ἐπὶ τὴν γῆν ἐπάνω αὐτοῦ, καὶ ἀπέθανεν ἐκεῖ.",,,,
1 Maccabees 6:47,1MA,1 Maccabees,6,47,"καὶ εἶδον τὴν ἰσχὺν τῆς βασιλείας καὶ τὸ ὅρμημα τῶν δυνάμεων, καὶ ἐξέκλιναν ἀπ᾿ αὐτῶν.",,,,
1 Maccabees 6:48,1MA,1 Maccabees,6,48,"οἱ δὲ ἐκ τῆς παρεμβολῆς τοῦ βασιλέως ἀνέβαινον εἰς συνάντησιν αὐτῶν εἰς Ἱερουσαλήμ, καὶ παρενέβαλεν ὁ βασιλεὺς εἰς τὴν Ἰουδαίαν καὶ εἰς τὸ ὄρος Σιών.",,,,
1 Maccabees 6:49,1MA,1 Maccabees,6,49,"καὶ ἐποίησεν εἰρήνην μετὰ τῶν ἐκ Βαιθσούρων, καὶ ἐξῆλθον ἐκ τῆς πόλεως, ὅτι οὐκ ἦν αὐτοῖς ἐκεῖ διατροφὴ τοῦ συγκεκλεῖσθαι ἐν αὐτῇ, ὅτι σάββατον ἦν τῇ γῇ·",,,,
1 Maccabees 6:50,1MA,1 Maccabees,6,50,"καὶ κατελάβετο βασιλεὺς τὴν Βαιθσούραν, καὶ ἀπέταξεν ἐκεῖ φρουρὰν τηρεῖν αὐτήν.",,,,
1 Maccabees 6:51,1MA,1 Maccabees,6,51,καὶ παρενέβαλεν ἐπὶ τὸ ἁγίασμα ἡμέρας πολλὰς καὶ ἔστησεν ἐκεῖ βελοστάσεις καὶ μηχανὰς καὶ πυροβόλα καὶ λιθόβολα καὶ σκορπίδια εἰς τὸ βάλλεσθαι βέλη καὶ σφενδόνας.,,,,
1 Maccabees 6:52,1MA,1 Maccabees,6,52,καὶ ἐποίησαν καὶ αὐτοὶ μηχανὰς πρὸς τὰς μηχανὰς αὐτῶν καὶ ἐπολέμησαν ἡμέρας πολλάς.,,,,
1 Maccabees 6:53,1MA,1 Maccabees,6,53,"βρώματα δὲ οὐκ ἦν ἐν τοῖς ἀγγείοις διὰ τὸ ἕβδομον ἔτος εἶναι, καὶ οἱ ἀνασῳζόμενοι εἰς τὴν Ἰουδαίαν ἀπὸ τῶν ἐθνῶν κατέφαγον τὸ ὑπόλειμμα τῆς παραθέσεως.",,,,
1 Maccabees 6:54,1MA,1 Maccabees,6,54,"καὶ ὑπελείφθησαν ἐν τοῖς ἁγίοις ἄνδρες ὀλίγοι, ὅτι κατεκράτησεν αὐτῶν ὁ λιμός, καὶ ἐσκορπίσθησαν ἕκαστος εἰς τὸν τόπον αὐτοῦ.",,,,
1 Maccabees 6:55,1MA,1 Maccabees,6,55,"Καὶ ἤκουσε Λυσίας ὅτι Φίλιππος, ὃν κατέστησεν ὁ βασιλεὺς Ἀντίοχος ἔτι ζῶν ἐκθρέψαι Ἀντίοχον τὸν υἱὸν αὐτοῦ εἰς τὸ βασιλεῦσαι αὐτόν,",,,,
1 Maccabees 6:56,1MA,1 Maccabees,6,56,"ἀπέστρεψεν ἀπὸ τῆς Περσίδος καὶ Μηδίας καὶ αἱ δυνάμεις αἱ πορευθεῖσαι τοῦ βασιλέως μετ᾿ αὐτοῦ, καὶ ὅτι ζητεῖ παραλαβεῖν τὰ πράγματα.",,,,
1 Maccabees 6:57,1MA,1 Maccabees,6,57,"καὶ κατέσπευδε τοῦ ἀπελθεῖν καὶ εἰπεῖν πρὸς τὸν βασιλέα καὶ τοὺς ἡγεμόνας τῆς δυνάμεως καὶ τοὺς ἄνδρας· ἐκλείπομεν καθ᾿ ἡμέραν, καὶ ἡ τροφὴ ἡμῖν ὀλίγη, καὶ ὁ τόπος οὗ παρεμβάλλομέν ἐστιν ὀχυρός, καὶ ἐπίκειται ἡμῖν τὰ τῆς βασιλείας·",,,,
1 Maccabees 6:58,1MA,1 Maccabees,6,58,νῦν οὖν δῶμεν δεξιὰν τοῖς ἀνθρώποις τούτοις καὶποιήσωμεν μετ᾿ αὐτῶν εἰρήνην καὶ μετὰ παντὸς ἔθνους αὐτῶν,,,,
1 Maccabees 6:59,1MA,1 Maccabees,6,59,"καὶ στήσωμεν αὐτοῖς τοῦ πορεύεσθαι τοῖς νομίμοις αὐτῶν, ὡς τὸ πρότερον· χάριν γὰρ τῶν νομίμων αὐτῶν, ὧν διεσκεδάσαμεν, ὠργίσθησαν καὶ ἐποίησαν ταῦτα πάντα.",,,,
1 Maccabees 6:60,1MA,1 Maccabees,6,60,"καὶ ἤρεσεν ὁ λόγος ἐναντίον τοῦ βασιλέως καὶ τῶν ἀρχόντων, καὶ ἀπέστειλε πρὸς αὐτοὺς εἰρηνεῦσαι, καὶ ἐπεδέξαντο.",,,,
1 Maccabees 6:61,1MA,1 Maccabees,6,61,καὶ ὤμοσεν αὐτοῖς ὁ βασιλεὺς καὶ οἱ ἄρχοντες· ἐπὶ τούτοις ἐξῆλθον ἐκ τοῦ ὀχυρώματος.,,,,
1 Maccabees 6:62,1MA,1 Maccabees,6,62,"καὶ εἰσῆλθεν ὁ βασιλεὺς εἰς τὸ ὄρος Σιὼν καὶ εἶδε τὸ ὀχύρωμα τοῦ τόπου καὶ ἠθέτησε τὸν ὁρκισμόν, ὃν ὤμοσε, καὶ ἐνετείλατο καθελεῖν τὸ τεῖχος κυκλόθεν.",,,,
1 Maccabees 6:63,1MA,1 Maccabees,6,63,"καὶ ἀπῇρε κατὰ σπουδὴν καὶ ἀπέστρεψεν εἰς Ἀντιόχειαν καὶ εὗρε Φίλιππον κυριεύοντα τῆς πόλεως καὶ ἐπολέμησε πρὸς αὐτόν, καὶ κατελάβετο τὴν πόλιν βίᾳ.",,,,
1 Maccabees 7:1,1MA,1 Maccabees,7,1,ΕΤΟΥΣ ἑνὸς καὶ πεντηκοστοῦ καὶ ἑκατοστοῦ ἐξῆλθε Δημήτριος ὁ τοῦ Σελεύκου ἐκ Ρώμης καὶ ἀνέβη σὺν ἀνδράσιν ὀλίγοις εἰς πόλιν παραθαλασσίαν καὶ ἐβασίλευσεν ἐκεῖ.,,,,
1 Maccabees 7:2,1MA,1 Maccabees,7,2,"καὶ ἐγένετο ὡς εἰσεπορεύετο εἰς οἶκον βασιλείας πατέρων αὐτοῦ, καὶ συνέλαβον αἱ δυνάμεις τὸν Ἀντίοχον καὶ τὸν Λυσίαν ἀγαγεῖν αὐτοὺς αὐτῷ.",,,,
1 Maccabees 7:3,1MA,1 Maccabees,7,3,καὶ ἐγνώσθη αὐτῷ τὸ πρᾶγμα καὶ εἶπε· μή μοι δείξητε τὰ πρόσωπα αὐτῶν.,,,,
1 Maccabees 7:4,1MA,1 Maccabees,7,4,"καὶ ἀπέκτειναν αὐτοὺς αἱ δυνάμεις, καὶ ἐκάθισε Δημήτριος ἐπὶ θρόνου βασιλείας αὐτοῦ.",,,,
1 Maccabees 7:5,1MA,1 Maccabees,7,5,"καὶ ἦλθον πρὸς αὐτὸν πάντες ἄνδρες ἄνομοι καὶ ἀσεβεῖς ἐξ Ἰσραήλ, καὶ Ἄλκιμος ἡγεῖτο αὐτῶν, βουλόμενος ἱερατεύειν.",,,,
1 Maccabees 7:6,1MA,1 Maccabees,7,6,"καὶ κατηγόρησαν τοῦ λαοῦ πρὸς τὸν βασιλέα λέγοντες· ἀπώλεσεν Ἰούδας καὶ οἱ ἀδελφοὶ αὐτοῦ τοὺς φίλους σου, καὶ ἡμᾶς ἐσκόρπισαν ἀπὸ τῆς γῆς ἡμῶν·",,,,
1 Maccabees 7:7,1MA,1 Maccabees,7,7,"νῦν οὖν ἀπόστειλον ἄνδρα, ᾧ πιστεύεις, καὶ πορευθεὶς ἰδέτω τὴν ἐξολόθρευσιν πᾶσαν, ἣν ἐποίησεν ἡμῖν καὶ τῇ χώρᾳ τοῦ βασιλέως, καὶ κολασάτω αὐτοὺς καὶ πάντας τοὺς ἐπιβοηθοῦντας αὐτοῖς.",,,,
1 Maccabees 7:8,1MA,1 Maccabees,7,8,καὶ ἐπέλεξεν ὁ βασιλεὺς τὸν Βακχίδην τῶν φίλων τοῦ βασιλέως κυριεύοντα ἐν τῷ πέραν τοῦ ποταμοῦ καὶ μέγαν ἐν τῇ βασιλείᾳ καὶ πιστὸν τῷ βασιλεῖ,,,,
1 Maccabees 7:9,1MA,1 Maccabees,7,9,"καὶ ἀπέστειλεν αὐτὸν καὶ Ἄλκιμον τὸν ἀσεβῆ, καὶ ἔστησεν αὐτῷ τὴν ἱερωσύνην καὶ ἐνετείλατο αὐτῷ ποιῆσαι τὴν ἐκδίκησιν ἐν τοῖς υἱοῖς Ἰσραήλ.",,,,
1 Maccabees 7:10,1MA,1 Maccabees,7,10,καὶ ἀπῇραν καὶ ἦλθον μετὰ δυνάμεως πολλῆς εἰς γῆν Ἰούδα· καὶ ἀπέστειλεν ἀγγέλους πρὸς Ἰούδαν καὶ τοὺς ἀδελφοὺς αὐτοῦ λόγοις εἰρηνικοῖς μετὰ δόλου.,,,,
1 Maccabees 7:11,1MA,1 Maccabees,7,11,καὶ οὐ προσέσχον τοῖς λόγοις αὐτῶν· εἶδον γὰρ ὅτι ἦλθον μετὰ δυνάμεως πολλῆς.,,,,
1 Maccabees 7:12,1MA,1 Maccabees,7,12,"καὶ ἐπισυνήχθησαν πρὸς Ἄλκιμον καὶ Βακχίδην συναγωγὴ γραμματέων ἐκζητῆσαι δίκαια,",,,,
1 Maccabees 7:13,1MA,1 Maccabees,7,13,καὶ πρῶτοι οἱ Ἁσιδαῖοι ἦσαν ἐν υἱοῖς Ἰσραὴλ καὶ ἐπεζήτουν παρ᾿ αὐτῶν εἰρήνην·,,,,
1 Maccabees 7:14,1MA,1 Maccabees,7,14,εἶπαν γάρ· ἄνθρωπος ἱερεὺς ἐκ τοῦ σπέρματος Ἀαρὼν ἦλθεν ἐν ταῖς δυνάμεσι καὶ οὐκ ἀδικήσει ἡμᾶς.,,,,
1 Maccabees 7:15,1MA,1 Maccabees,7,15,καὶ ἐλάλησε μετ᾿ αὐτῶν λόγους εἰρηνικοὺς καὶ ὤμοσεν αὐτοῖς λέγων· οὐκ ἐκζητήσομεν ὑμῖν κακὸν καὶ τοῖς φίλοις ὑμῶν.,,,,
1 Maccabees 7:16,1MA,1 Maccabees,7,16,"καὶ ἐνεπίστευσαν αὐτῷ, καὶ συνέλαβεν ἐξ αὐτῶν ἑξήκοντα ἄνδρας καὶ ἀπέκτεινεν αὐτοὺς ἐν ἡμέρᾳ μιᾷ κατὰ τὸν λόγον, ὃν ἔγραψε·",,,,
1 Maccabees 7:17,1MA,1 Maccabees,7,17,"σάρκας ὁσίων σου καὶ αἵματα αὐτῶν ἐξέχεαν κύκλῳ Ἱερουσαλήμ, καὶ οὐκ ἦν αὐτοῖς ὁ θάπτων.",,,,
1 Maccabees 7:18,1MA,1 Maccabees,7,18,"καὶ ἐπέπεσεν αὐτῶν ὁ φόβος καὶ ὁ τρόμος ἐπὶ πάντα τὸν λαόν, ὅτι εἶπαν· οὐκ ἔστιν ἐν αὐτοῖς ἀλήθεια καὶ κρίσις, παρέβησαν γὰρ τὴν στάσιν καὶ τὸν ὅρκον, ὃν ὤμοσαν.",,,,
1 Maccabees 7:19,1MA,1 Maccabees,7,19,καὶ ἀπῇρε Βακχίδης ἀπὸ Ἱερουσαλὴμ καὶ παρενέβαλεν ἐν Βηθζαὶθ καὶ ἀπέστειλε καὶ συνέλαβε πολλοὺς ἀπὸ τῶν ἀπ᾿ αὐτοῦ αὐτομολησάντων ἀνδρῶν καί τινας τοῦ λαοῦ καὶ ἔθυσεν αὐτοὺς εἰς τὸ φρέαρ τὸ μέγα.,,,,
1 Maccabees 7:20,1MA,1 Maccabees,7,20,καὶ κατέστησε τὴν χώραν τῷ Ἀλκίμῳ καὶ ἀφῆκε μετ᾿ αὐτοῦ δύναμιν τοῦ βοηθεῖν αὐτῷ· καὶ ἀπῆλθε Βακχίδης πρὸς τὸν βασιλέα.,,,,
1 Maccabees 7:21,1MA,1 Maccabees,7,21,"καὶ ἠγωνίσατο Ἄλκιμος περὶ τῆς ἀρχιερωσύνης,",,,,
1 Maccabees 7:22,1MA,1 Maccabees,7,22,καὶ συνήχθησαν πρὸς αὐτὸν πάντες οἱ ταράσσοντες τὸν λαὸν αὐτῶν καὶ κατεκράτησαν γῆν Ἰούδα καὶ ἐποίησαν πληγὴν μεγάλην ἐν Ἰσραήλ.,,,,
1 Maccabees 7:23,1MA,1 Maccabees,7,23,"καὶ εἶδεν Ἰούδας πᾶσαν τὴν κακίαν, ἣν ἐποίησεν Ἄλκιμος καὶ οἱ μετ᾿ αὐτοῦ ἐν υἱοῖς Ἰσραὴλ ὑπὲρ τὰ ἔθνη,",,,,
1 Maccabees 7:24,1MA,1 Maccabees,7,24,"καὶ ἐξῆλθεν εἰς πάντα τὰ ὅρια τῆς Ἰουδαίας κυκλόθεν καὶ ἐποίησεν ἐκδίκησιν ἐν τοῖς ἀνδράσι τοῖς αὐτομολήσασι, καὶ ἀνεστάλησαν τοῦ πορεύεσθαι εἰς τὴν χώραν.",,,,
1 Maccabees 7:25,1MA,1 Maccabees,7,25,"ὡς δὲ εἶδεν Ἄλκιμος ὅτι ἐνίσχυσεν Ἰούδας καὶ οἱ μετ᾿ αὐτοῦ, καὶ ἔγνω ὅτι οὐ δύναται ὑποστῆναι αὐτούς, καὶ ἐπέστρεψε πρὸς τὸν βασιλέα καὶ κατηγόρησεν αὐτῶν πονηρά.",,,,
1 Maccabees 7:26,1MA,1 Maccabees,7,26,Καὶ ἀπέστειλεν ὁ βασιλεὺς Νικάνορα ἕνα τῶν ἀρχόντων αὐτοῦ τῶν ἐνδόξων καὶ μισοῦντα καὶ ἐχθραίνοντα τῷ Ἰσραὴλ καὶ ἐνετείλατο αὐτῷ ἐξᾶραι τὸν λαόν.,,,,
1 Maccabees 7:27,1MA,1 Maccabees,7,27,"καὶ ἦλθε Νικάνωρ εἰς Ἱερουσαλὴμ δυνάμει πολλῇ, καὶ ἀπέστειλε πρὸς Ἰούδαν καὶ τοὺς ἀδελφοὺς αὐτοῦ μετὰ δόλου λόγοις εἰρηνικοῖς λέγων·",,,,
1 Maccabees 7:28,1MA,1 Maccabees,7,28,"μὴ ἔστω μάχην ἀναμέσον ἐμοῦ καὶ ὑμῶν· ἥξω ἐν ἀνδράσιν ὀλίγοις, ἵνα ὑμῶν ἴδω τὰ πρόσωπα μετ᾿ εἰρήνης.",,,,
1 Maccabees 7:29,1MA,1 Maccabees,7,29,"καὶ ἦλθε πρὸς Ἰούδαν, καὶ ἠσπάσαντο ἀλλήλους εἰρηνικῶς· καὶ οἱ πολέμιοι ἦσαν ἕτοιμοι ἐξαρπᾶσαι τὸν Ἰούδαν.",,,,
1 Maccabees 7:30,1MA,1 Maccabees,7,30,"καὶ ἐγνώσθη ὁ λόγος τῷ Ἰούδᾳ ὅτι μετὰ δόλου ἦλθεν ἐπ᾿ αὐτόν, καὶ ἐπτοήθη ἀπ᾿ αὐτοῦ καὶ οὐκ ἐβουλήθη ἔτι ἰδεῖν τὸ πρόσωπον αὐτοῦ.",,,,
1 Maccabees 7:31,1MA,1 Maccabees,7,31,"καὶ ἔγνω Νικάνωρ, ὅτι ἀπεκαλύφθη ἡ βουλὴ αὐτοῦ, καὶ ἐξῆλθεν εἰς συνάντησιν τῷ Ἰούδᾳ ἐν πολέμῳ κατὰ Χαφαρσαλαμά.",,,,
1 Maccabees 7:32,1MA,1 Maccabees,7,32,"καὶ ἔπεσον τῶν παρὰ Νικάνορος ὡσεὶ πεντακισχίλοι ἄνδρες, καὶ ἔφυγον εἰς τὴν πόλιν Δαυίδ.",,,,
1 Maccabees 7:33,1MA,1 Maccabees,7,33,Καὶ μετὰ τοὺς λόγους τούτους ἀνέβη Νικάνωρ εἰς τὸ ὄρος Σιών. καὶ ἐξῆλθον ἀπὸ τῶν ἱερέων ἐκ τῶν ἁγίων καὶ ἀπὸ τῶν πρεσβυτέρων τοῦ λαοῦ ἀσπάσασθαι αὐτὸν εἰρηνικῶς καὶ δεῖξαι αὐτῷ τὴν ὁλοκαύτωσιν τὴν προσφερομένην ὑπὲρ τοῦ βασιλέως.,,,,
1 Maccabees 7:34,1MA,1 Maccabees,7,34,καὶ ἐμυκτήρισεν αὐτοὺς καὶ κατεγέλασεν αὐτῶν καὶ ἐμίανεν αὐτοὺς καὶ ἐλάλησεν ὑπερηφάνως·,,,,
1 Maccabees 7:35,1MA,1 Maccabees,7,35,"καὶ ὤμοσε μετὰ θυμοῦ λέγων· ἐὰν μὴ παραδοθῇ Ἰούδας καὶ ἡ παρεμβολὴ αὐτοῦ εἰς χεῖράς μου τὸ νῦν, καὶ ἔσται ἐὰν ἐπιστρέψω ἐν εἰρήνῃ, ἐμπυριῶ τὸν οἶκον τοῦτον. καὶ ἐξῆλθε μετὰ θυμοῦ μεγάλου.",,,,
1 Maccabees 7:36,1MA,1 Maccabees,7,36,καὶ εἰσῆλθον οἱ ἱερεῖς καὶ ἔστησαν κατὰ πρόσωπον τοῦ θυσιαστηρίου καὶ τοῦ ναοῦ καὶ ἔκλαυσαν καὶ εἶπον·,,,,
1 Maccabees 7:37,1MA,1 Maccabees,7,37,"σύ, Κύριε, ἐξελέξω τὸν οἶκον τοῦτον ἐπικληθῆναι τὸ ὄνομά σου ἐπ᾿ αὐτῷ εἶναι οἶκον προσευχῆς καὶ δεήσεως τῷ λαῷ σου·",,,,
1 Maccabees 7:38,1MA,1 Maccabees,7,38,"ποίησον ἐκδίκησιν ἐν τῷ ἀνθρώπῳ τούτῳ καὶ ἐν τῇ παρεμβολῇ αὐτοῦ, καὶ πεσέτωσαν ἐν ρομφαίᾳ· μνήσθητι τῶν δυσφηριῶν αὐτῶν καὶ μὴ δῷς αὐτοῖς μονήν.",,,,
1 Maccabees 7:39,1MA,1 Maccabees,7,39,"καὶ ἐξῆλθε Νικάνωρ ἐξ Ἱερουσαλὴμ καὶ παρενέβαλεν ἐν Βαιθωρών, καὶ συνήντησεν αὐτῷ δύναμις Συρίας.",,,,
1 Maccabees 7:40,1MA,1 Maccabees,7,40,καὶ Ἰούδας παρενέβαλεν ἐν Ἀδασὰ ἐν τρισχιλίοις ἀνδράσι· καὶ προσηύξατο Ἰούδας καὶ εἶπεν·,,,,
1 Maccabees 7:41,1MA,1 Maccabees,7,41,"οἱ παρὰ τοῦ βασιλέως Ἀσσυρίων ὅτε ἐδυσφήμησαν, ἐξῆλθεν ἄγγελός σου, Κύριε, καὶ ἐπάταξεν ἐν αὐτοῖς ἑκατὸν ὀγδοηκονταπέντε χιλιάδας·",,,,
1 Maccabees 7:42,1MA,1 Maccabees,7,42,"οὕτω σύντριψον τὴν παρεμβολὴν ταύτην ἐνώπιον ἡμῶν σήμερον, καὶ γνώτωσαν οἱ ἐπίλοιποι, ὅτι κακῶς ἐλάλησαν ἐπὶ τὰ ἅγιά σου, καὶ κρῖνον αὐτὸν κατὰ τὴν κακίαν αὐτοῦ.",,,,
1 Maccabees 7:43,1MA,1 Maccabees,7,43,"καὶ συνῆψαν αἱ παρεμβολαὶ εἰς πόλεμον τῇ τρισκαιδεκάτῃ τοῦ μηνὸς Ἄδαρ, καὶ συνετρίβη ἡ παρεμβολὴ Νικάνορος, καὶ ἔπεσεν αὐτὸς πρῶτος ἐν τῷ πολέμῳ.",,,,
1 Maccabees 7:44,1MA,1 Maccabees,7,44,"ὡς δὲ εἶδεν ἡ παρεμβολὴ αὐτοῦ ὅτι ἔπεσε Νικάνωρ, ρίψαντες τὰ ὅπλα αὐτῶν ἔφυγον.",,,,
1 Maccabees 7:45,1MA,1 Maccabees,7,45,καὶ κατεδίωκον αὐτοὺς ὁδὸν ἡμέρας μιᾶς ἀπὸ Ἀδασὰ ἕως τοῦ ἐλθεῖν εἰς Γάζηρα καὶ ἐσάλπισαν ὀπίσω αὐτῶν ταῖς σάλπιγξι τῶν σημασιῶν.,,,,
1 Maccabees 7:46,1MA,1 Maccabees,7,46,"καὶ ἐξῆλθον ἐκ πασῶν τῶν κωμῶν τῆς Ἰουδαίας κυκλόθεν καὶ ὑπερεκέρων αὐτούς, καὶ ἀνέστρεφον οὗτοι πρὸς τούτους, καὶ ἔπεσον πάντες ρομφαίᾳ, καὶ οὐ κατελείφθη ἐξ αὐτῶν οὐδὲ εἷς.",,,,
1 Maccabees 7:47,1MA,1 Maccabees,7,47,"καὶ ἔλαβον τὰ σκῦλα καὶ τὴν προνομήν, καὶ τὴν κεφαλὴν Νικάνορος ἀφεῖλον καὶ τὴν δεξιὰν αὐτοῦ, ἣν ἐξέτεινεν ὑπερηφάνως, καὶ ἤνεγκαν καὶ ἐξέτειναν παρὰ τὴν Ἱερουσαλήμ.",,,,
1 Maccabees 7:48,1MA,1 Maccabees,7,48,καὶ εὐφράνθη ὁ λαὸς σφόδρα καὶ ἤγαγον τὴν ἡμέραν ἐκείνην ἡμέραν εὐφροσύνης μεγάλης·,,,,
1 Maccabees 7:49,1MA,1 Maccabees,7,49,καὶ ἔστησαν τοῦ ἄγειν κατὰ ἐνιαυτὸν τὴν ἡμέραν ταύτην τὴν τρισκαιδεκάτην τοῦ Ἄδαρ.,,,,
1 Maccabees 7:50,1MA,1 Maccabees,7,50,καὶ ἠσύχασεν ἡ γῆ Ἰούδα ἡμέρας ὀλίγας.,,,,
1 Maccabees 8:1,1MA,1 Maccabees,8,1,"ΚΑΙ ἤκουσεν Ἰούδας τὸ ὄνομα τῶν Ρωμαίων, ὅτι εἰσὶ δυνατοὶ ἰσχύϊ καὶ αὐτοὶ εὐδοκοῦσιν ἐν πᾶσι τοῖς προστιθεμένοις αὐτοῖς, καὶ ὅσοι ἂν προσέλθωσιν αὐτοῖς, ἱστῶσιν αὐτοῖς φιλίαν,",,,,
1 Maccabees 8:2,1MA,1 Maccabees,8,2,"καὶ ὅτι εἰσὶ δυνατοὶ ἰσχύϊ. καὶ διηγήσαντο αὐτῷ τοὺς πολέμους αὐτῶν καὶ τὰς ἀνδραγαθίας, ἃς ποιοῦσιν ἐν τοῖς Γαλάταις, καὶ ὅτι κατεκράτησαν αὐτῶν καὶ ἤγαγον αὐτοὺς ὑπὸ φόρον,",,,,
1 Maccabees 8:3,1MA,1 Maccabees,8,3,καὶ ὅσα ἐποίησαν ἐν χώρᾳ Ἱσπανίας τοῦ κατακρατῆσαι τῶν μετάλλων τοῦ ἀργυρίου καὶ τοῦ χρυσίου τοῦ ἐκεῖ·,,,,
1 Maccabees 8:4,1MA,1 Maccabees,8,4,"καὶ κατεκράτησαν τοῦ τόπου παντὸς τῇ βουλῇ αὐτῶν καὶ τῇ μακροθυμίᾳ, καὶ ὁ τόπος ἦν μακρὰν ἀπέχων ἀπ᾿ αὐτῶν σφόδρα, καὶ τῶν βασιλέων τῶν ἐπελθόντων ἐπ᾿ αὐτοὺς ἀπ᾿ ἄκρου τῆς γῆς ἕως συνέτριψαν αὐτοὺς καὶ ἐπάταξαν ἐν αὐτοῖς πληγὴν μεγάλην, καὶ οἱ ἐπίλοιποι διδόασιν αὐτοῖς φόρον κατ᾿ ἐνιαυτόν·",,,,
1 Maccabees 8:5,1MA,1 Maccabees,8,5,καὶ τὸν Φίλιππον καὶ τὸν Περσέα Κιτιέων βασιλέα καὶ τοὺς ἐπῃρμένους ἐπ᾿ αὐτοὺς συνέτριψαν αὐτοὺς ἐν πολέμῳ καὶ κατεκράτησαν αὐτῶν·,,,,
1 Maccabees 8:6,1MA,1 Maccabees,8,6,"καὶ Ἀντίοχον τὸν μέγαν βασιλέα τῆς Ἀσίας τὸν πορευθέντα ἐπ᾿ αὐτοὺς εἰς πόλεμον ἔχοντα ἑκατὸν εἴκοσιν ἐλέφαντας καὶ ἵππον καὶ ἅρματα καὶ δύναμιν πολλὴν σφόδρα, καὶ συνετρίβη ὑπ᾿ αὐτῶν,",,,,
1 Maccabees 8:7,1MA,1 Maccabees,8,7,καὶ ἔλαβον αὐτὸν ζῶντα καὶ ἔστησαν αὐτοῖς διδόναι αὐτόν τε καὶ τοὺς βασιλεύοντας μετ᾿ αὐτὸν φόρον μέγαν καὶ διδόναι ὅμηρα καὶ διαστολὴν,,,,
1 Maccabees 8:8,1MA,1 Maccabees,8,8,"καὶ χώραν τὴν Ἰνδικὴν καὶ Μηδίαν καὶ Λυδίαν καὶ ἀπὸ τῶν καλλίστων χωρῶν αὐτῶν, καὶ λαβόντες αὐτὰς παρ᾿ αὐτοῦ ἔδωκαν αὐτὰς Εὐμένει τῷ βασιλεῖ·",,,,
1 Maccabees 8:9,1MA,1 Maccabees,8,9,"καὶ ὅτι οἱ ἐκ τῆς Ἑλλάδος ἐβουλεύσαντο ἐλθεῖν καὶ ἐξᾶραι αὐτούς,",,,,
1 Maccabees 8:10,1MA,1 Maccabees,8,10,"καὶ ἐγνώσθη ὁ λόγος αὐτοῖς, καὶ ἀπέστειλαν ἐπ᾿ αὐτοὺς στρατηγὸν ἕνα καὶ ἐπολέμησαν πρὸς αὐτούς, καὶ ἔπεσον ἐξ αὐτῶν τραυματίαι πολλοί, καὶ ᾐχμαλώτευσαν τὰς γυναῖκας αὐτῶν καὶ τὰ τέκνα αὐτῶν καὶ ἐπρονόμευσαν αὐτοὺς καὶ κατεκράτησαν τῆς γῆς αὐτῶν καὶ καθεῖλον τὰ ὀχυρώματα αὐτῶν καὶ κατεδουλώσαντο αὐτοὺς ἕως τῆς ἡμέρας ταύτης·",,,,
1 Maccabees 8:11,1MA,1 Maccabees,8,11,"καὶ τὰς ἐπιλοίπους βασιλείας καὶ τὰς νήσους, ὅσοι ποτὲ ἀντέστησαν αὐτοῖς, κατέφθειραν καὶ ἐδούλωσαν αὐτούς,",,,,
1 Maccabees 8:12,1MA,1 Maccabees,8,12,"μετὰ δὲ τῶν φίλων αὐτῶν καὶ τῶν ἐπαναπαυομένων αὐτοῖς συνετήρησαν φιλίαν· καὶ κατεκράτησαν τῶν βασιλειῶν τῶν ἐγγὺς καὶ τῶν μακράν, καὶ ὅσοι ἤκουον τὸ ὄνομα αὐτῶν, ἐφοβοῦντο ἀπ᾿ αὐτῶν.",,,,
1 Maccabees 8:13,1MA,1 Maccabees,8,13,"ὅσοις δ᾿ ἂν βούλωνται βοηθεῖν καὶ βασιλεύειν, βασιλεύουσιν· οὓς δ᾿ ἂν βούλωνται, μεθιστῶσι· καὶ ὑψώθησαν σφόδρα.",,,,
1 Maccabees 8:14,1MA,1 Maccabees,8,14,καὶ ἐν πᾶσι τούτοις οὐκ ἐπέθετο οὐδεὶς αὐτῶν διάδημα καὶ οὐ περιεβάλοντο πορφύραν ὥστε ἁδρυνθῆναι ἐν αὐτῇ·,,,,
1 Maccabees 8:15,1MA,1 Maccabees,8,15,"καὶ βουλευτήριον ἐποίησαν ἑαυτοῖς, καὶ καθ᾿ ἡμέραν ἐβουλεύοντο τριακόσιοι καὶ εἴκοσι βουλευόμενοι διαπαντὸς περὶ τοῦ πλήθους τοῦ εὐκοσμεῖν αὐτούς·",,,,
1 Maccabees 8:16,1MA,1 Maccabees,8,16,"καὶ πιστεύουσιν ἑνὶ ἀνθρώπῳ τὴν ἀρχὴν αὐτῶν κατ᾿ ἐνιαυτὸν καὶ κυριεύειν πάσης τῆς γῆς αὐτῶν, καὶ πάντες ἀκούουσι τοῦ ἑνός, καὶ οὐκ ἔστι φθόνος οὐδὲ ζῆλος ἐν αὐτοῖς.",,,,
1 Maccabees 8:17,1MA,1 Maccabees,8,17,καὶ ἐπέλεξεν Ἰούδας τὸν Εὐπόλεμον υἱὸν Ἰωάννου τοῦ Ἀκκὼς καὶ Ἰάσονα υἱὸν Ἐλεαζάρου καὶ ἀπέστειλεν αὐτοὺς εἰς Ρώμην στῆσαι αὐτοῖς φιλίαν καὶ συμμαχίαν,,,,
1 Maccabees 8:18,1MA,1 Maccabees,8,18,"καὶ τοῦ ἆραι τὸν ζυγὸν ἀπ᾿ αὐτῶν, ὅτι εἶδον τὴν βασιλείαν τῶν Ἑλλήνων καταδουλουμένους τὸν Ἰσραὴλ δουλείᾳ.",,,,
1 Maccabees 8:19,1MA,1 Maccabees,8,19,"καὶ ἐπορεύθησαν εἰς Ρώμην, καὶ ἡ ὁδὸς πολλὴ σφόδρα, καὶ εἰσῆλθον εἰς τὸ βουλευτήριον καὶ ἀπεκρίθησαν καὶ εἶπον·",,,,
1 Maccabees 8:20,1MA,1 Maccabees,8,20,Ἰούδας ὁ Μακκαβαῖος καὶ οἱ ἀδελφοὶ αὐτοῦ καὶ τὸ πλῆθος τῶν Ἰουδαίων ἀπέστειλαν ἡμᾶς πρὸς ὑμᾶς στῆσαι μεθ᾿ ὑμῶν συμμαχίαν καὶ εἰρήνην καὶ γραφῆναι ἡμᾶς συμμάχους καὶ φίλους ὑμῶν.,,,,
1 Maccabees 8:21,1MA,1 Maccabees,8,21,καὶ ἤρεσεν ὁ λόγος ἐνώπιον αὐτῶν.,,,,
1 Maccabees 8:22,1MA,1 Maccabees,8,22,"καὶ τοῦτο τὸ ἀντίγραφον τῆς ἐπιστολῆς, ἧς ἀντέγραψεν ἐπὶ δέλτοις χαλκαῖς καὶ ἀπέστειλεν εἰς Ἱερουσαλὴμ εἶναι παρ᾿ αὐτοῖς ἐκεῖ μνημόσυνον εἰρήνης καὶ συμμαχίας.",,,,
1 Maccabees 8:23,1MA,1 Maccabees,8,23,"‘Καλῶς γένοιτο Ρωμαίοις καὶ τῷ ἔθνει Ἰουδαίων ἐν τῇ θαλάσσῃ καὶ ἐπὶ τῆς ξηρᾶς εἰς τὸν αἰῶνα, καὶ ρομφαία καὶ ἐχθρὸς μακρυνθείη ἀπ᾿ αὐτῶν.",,,,
1 Maccabees 8:24,1MA,1 Maccabees,8,24,"ἐὰν δὲ ἐνστῇ πόλεμος ἐν Ρώμῃ προτέρᾳ ἢ πᾶσι τοῖς συμμάχοις αὐτῶν ἐν πάσῃ κυρείᾳ αὐτῶν,",,,,
1 Maccabees 8:25,1MA,1 Maccabees,8,25,"συμμαχήσει τὸ ἔθνος τῶν Ἰουδαίων, ὡς ἂν ὁ καιρὸς ὑπογραφῇ αὐτοῖς καρδίᾳ πλήρει.",,,,
1 Maccabees 8:26,1MA,1 Maccabees,8,26,"καὶ τοῖς πολεμοῦσιν οὐ δώσουσιν οὐδὲ ἐπαρκέσουσι σῖτον, ὅπλα, ἀργύριον, πλοῖα, ὡς ἔδοξε Ρωμαίοις· καὶ φυλάξονται τὰ φυλάγματα αὐτῶν οὐθὲν λαβόντες.",,,,
1 Maccabees 8:27,1MA,1 Maccabees,8,27,"κατὰ τὰ αὐτὰ δὲ ἐὰν ἔθνει Ἰουδαίων συμβῇ προτέροις πόλεμος, συμμαχήσουσιν οἱ Ρωμαῖοι ἐκ ψυχῆς, ὡς ἂν αὐτοῖς ὁ καιρὸς ὑπογράφῃ·",,,,
1 Maccabees 8:28,1MA,1 Maccabees,8,28,"καὶ τοῖς συμμαχοῦσιν οὐ δοθήσεται σῖτος, ὅπλα, ἀργύριον, πλοῖα, ὡς ἔδοξε Ρώμῃ· καὶ φυλάξονται τὰ φυλάγματα αὐτῶν καὶ οὐ μετὰ δόλου. 29 κατὰ τοὺς λόγους τούτους ἔστησαν Ρωμαῖοι τῷ δήμῳ τῶν Ἰουδαίων.",,,,
1 Maccabees 8:30,1MA,1 Maccabees,8,30,"ἐὰν δὲ μετὰ τοὺς λόγους τούτους βουλεύσωνται οὗτοι καὶ οὗτοι προσθεῖναι ἢ ἀφελεῖν, ποιήσονται ἐξ αἱρέσεως αὐτῶν, καὶ ὃ ἐὰν προσθῶσιν ἢ ἀφέλωσιν, ἔσται κύρια.",,,,
1 Maccabees 8:31,1MA,1 Maccabees,8,31,"καὶ περὶ τῶν κακῶν, ὧν ὁ βασιλεὺς Δημήτριος συντελεῖται εἰς αὐτούς, ἐγράψαμεν αὐτῷ λέγοντες· διατί ἐβάρυνας τὸν ζυγόν σου ἐπὶ τοὺς φίλους ἡμῶν τοὺς συμμάχους Ἰουδαίους;",,,,
1 Maccabees 8:32,1MA,1 Maccabees,8,32,"ἐὰν οὖν ἔτι ἐντύχωσι κατὰ σοῦ, ποιήσομεν αὐτοῖς τὴν κρίσιν καὶ πολεμήσομέν σε διὰ τῆς θαλάσσης καὶ διὰ τῆς ξηρᾶς’.",,,,
1 Maccabees 9:1,1MA,1 Maccabees,9,1,"ΚΑΙ ἤκουσε Δημήτριος ὅτι ἔπεσε Νικάνωρ καὶ αἱ δυνάμεις αὐτοῦ ἐν πολέμῳ, καὶ προσέθετο τὸν Βακχίδην καὶ τὸν Ἄλκιμον ἐκ δευτέρου ἀποστεῖλαι εἰς γῆν Ἰούδα καὶ τὸ δεξιὸν κέρας μετ᾿ αὐτῶν.",,,,
1 Maccabees 9:2,1MA,1 Maccabees,9,2,καὶ ἐπορεύθησαν ὁδὸν τὴν εἰς Γάλγαλα καὶ παρενέβαλον ἐπὶ Μαισαλὼθ τὴν ἐν Ἀρβήλοις καὶ προκατελάβοντο αὐτὴν καὶ ἀπώλεσαν ψυχὰς ἀνθρώπων πολλάς.,,,,
1 Maccabees 9:3,1MA,1 Maccabees,9,3,καὶ τοῦ μηνὸς τοῦ πρώτου ἔτους τοῦ δευτέρου καὶ πεντηκοστοῦ καὶ ἑκατοστοῦ παρενέβαλον ἐπὶ Ἱερουσαλήμ·,,,,
1 Maccabees 9:4,1MA,1 Maccabees,9,4,καὶ ἀπῇραν καὶ ἐπορεύθησαν εἰς Βερέαν ἐν εἴκοσι χιλιάσιν ἀνδρῶν καὶ δισχιλίᾳ ἵππῳ.,,,,
1 Maccabees 9:5,1MA,1 Maccabees,9,5,"καὶ Ἰούδας ἦν παρεμβεβληκὼς ἐν Ἐλασά, καὶ τρισχίλιοι ἄνδρες ἐκλεκτοὶ μετ᾿ αὐτοῦ.",,,,
1 Maccabees 9:6,1MA,1 Maccabees,9,6,"καὶ εἶδον τὸ πλῆθος τῶν δυνάμεων ὅτι πολλοί εἰσι, καὶ ἐφοβήθησαν σφόδρα· καὶ ἐξερρύησαν πολλοὶ ἀπὸ τῆς παρεμβολῆς, οὐ κατελείφθησαν ἐξ αὐτῶν ἀλλ᾿ ἢ ὀκτακόσιοι ἄνδρες.",,,,
1 Maccabees 9:7,1MA,1 Maccabees,9,7,"καὶ εἶδεν Ἰούδας ὅτι ἀπερρύη ἡ παρεμβολὴ αὐτοῦ καὶ ὁ πόλεμος ἔθλιβεν αὐτόν, καὶ συνετρίβη τῇ καρδίᾳ, ὅτι οὐκ εἶχε καιρὸν συναγαγεῖν αὐτούς,",,,,
1 Maccabees 9:8,1MA,1 Maccabees,9,8,"καὶ ἐξελύθη καὶ εἶπε τοῖς καταλειφθεῖσιν· ἀναστῶμεν καὶ ἀναβῶμεν ἐπὶ τοὺς ὑπεναντίους ἡμῶν, ἐὰν ἄρα δυνώμεθα πολεμῆσαι αὐτούς.",,,,
1 Maccabees 9:9,1MA,1 Maccabees,9,9,"καὶ ἀπέστρεφον αὐτὸν λέγοντες· οὐ μὴ δυνώμεθα, ἀλλ᾿ ἢ σῴζωμεν τὰς ἑαυτῶν ψυχὰς τὸ νῦν καὶ ἐπιστρέψωμεν μετὰ τῶν ἀδελφῶν ἡμῶν καὶ πολεμήσωμεν πρὸς αὐτούς, ἡμεῖς δὲ ὀλίγοι.",,,,
1 Maccabees 9:10,1MA,1 Maccabees,9,10,"καὶ εἶπεν Ἰούδας· μή μοι γένοιτο ποιῆσαι τὸ πρᾶγμα τοῦτο, φυγεῖν ἀπ᾿ αὐτῶν, καὶ εἰ ἤγγικεν ὁ καιρὸς ἡμῶν, καὶ ἀποθάνωμεν ἐν ἀνδρείᾳ χάριν τῶν ἀδελφῶν ἡμῶν καὶ μὴ καταλίπωμεν αἰτίαν τῇ δόξῃ ἡμῶν.",,,,
1 Maccabees 9:11,1MA,1 Maccabees,9,11,"καὶ ἀπῇρεν ἡ δύναμις ἀπὸ τῆς παρεμβολῆς καὶ ἔστησαν εἰς συνάντησιν αὐτοῖς, καὶ ἐμερίσθη ἡ ἵππος εἰς δύο μέρη, καὶ οἱ σφενδονῆται καὶ οἱ τοξόται προεπορεύοντο τῆς δυνάμεως, καὶ οἱ πρωταγωνισταὶ πάντες οἱ δυνατοί·",,,,
1 Maccabees 9:12,1MA,1 Maccabees,9,12,"Βακχίδης δὲ ἦν ἐν τῷ δεξιῷ κέρατι. καὶ ἤγγισεν ἡ φάλαγξ ἐκ τῶν δύο μερῶν καὶ ἐφώνουν ταῖς σάλπιγξι,",,,,
1 Maccabees 9:13,1MA,1 Maccabees,9,13,"καὶ ἐσάλπισαν οἱ παρὰ Ἰούδᾳ καὶ αὐτοὶ ταῖς σάλπιγξι· καὶ ἐσαλεύθη ἡ γῆ ἀπὸ τῆς φωνῆς τῶν παρεμβολῶν, καὶ ἐγένετο ὁ πόλεμος συνημμένος ἀπὸ πρωΐθεν ἕως ἑσπέρας.",,,,
1 Maccabees 9:14,1MA,1 Maccabees,9,14,"καὶ εἶδεν Ἰούδας ὅτι Βακχίδης καὶ τὸ στερέωμα τῆς παρεμβολῆς ἐν τοῖς δεξιοῖς, καὶ συνῆλθον αὐτῷ πάντες οἱ εὔψυχοι τῇ καρδίᾳ,",,,,
1 Maccabees 9:15,1MA,1 Maccabees,9,15,"καὶ συνετρίβη τὸ δεξιὸν κέρας ἀπ᾿ αὐτῶν, καὶ ἐδίωκεν ὀπίσω αὐτῶν ἕως Ἀζώτου ὄρους.",,,,
1 Maccabees 9:16,1MA,1 Maccabees,9,16,"καὶ εἰς τὸ ἀριστερὸν κέρας εἶδον ὅτι συνετρίβη τὸ δεξιὸν κέρας, καὶ ἐπέστρεψαν κατὰ πόδας Ἰούδα καὶ τῶν μετ᾿ αὐτοῦ ἐκ τῶν ὄπισθεν.",,,,
1 Maccabees 9:17,1MA,1 Maccabees,9,17,"καὶ ἐβαρύνθη ὁ πόλεμος, καὶ ἔπεσον τραυματίαι πολλοὶ ἐκ τούτων καὶ ἐκ τούτων.",,,,
1 Maccabees 9:18,1MA,1 Maccabees,9,18,"καὶ Ἰούδας ἔπεσε, καὶ οἱ λοιποὶ ἔφυγον.",,,,
1 Maccabees 9:19,1MA,1 Maccabees,9,19,καὶ ᾖραν Ἰωνάθαν καὶ Σίμων Ἰούδαν τὸν ἀδελφὸν αὐτῶν καὶ ἔθαψαν αὐτὸν ἐν τῷ τάφῳ τῶν πατέρων αὐτοῦ ἐν Μωδεΐν.,,,,
1 Maccabees 9:20,1MA,1 Maccabees,9,20,καὶ ἔκλαυσαν αὐτὸν καὶ ἐκόψαντο αὐτὸν πᾶς Ἰσραὴλ κοπετὸν μέγαν καὶ ἐπένθουν ἡμέρας πολλὰς καὶ εἶπον·,,,,
1 Maccabees 9:21,1MA,1 Maccabees,9,21,πῶς ἔπεσε δυνατὸς σῴζων τὸν Ἰσραήλ;,,,,
1 Maccabees 9:22,1MA,1 Maccabees,9,22,"καὶ τὰ περισσὰ τῶν λόγων Ἰούδα καὶ τῶν πολέμων καὶ τῶν ἀνδραγαθιῶν, ὧν ἐποίησε, καὶ τῆς μεγαλωσύνης αὐτῶν οὐ κατεγράφη, πολλὰ γὰρ ἦν σφόδρα.",,,,
1 Maccabees 9:23,1MA,1 Maccabees,9,23,"Καὶ ἐγένετο, μετὰ τὴν τελευτὴν Ἰούδα ἐξέκυψαν οἱ ἄνομοι ἐν πᾶσι τοῖς ὁρίοις Ἰσραήλ, καὶ ἀνέτειλαν πάντες οἱ ἐργαζόμενοι τὴν ἀδικίαν.",,,,
1 Maccabees 9:24,1MA,1 Maccabees,9,24,"ἐν ταῖς ἡμέραις ἐκείναις ἐγενήθη λιμὸς μέγας σφόδρα, καὶ ηὐτομόλησεν ἡ χώρα μετ᾿ αὐτῶν.",,,,
1 Maccabees 9:25,1MA,1 Maccabees,9,25,καὶ ἐξέλεξε Βακχίδης τοὺς ἀσεβεῖς ἄνδρας καὶ κατέστησεν αὐτοὺς κυρίους τῆς χώρας.,,,,
1 Maccabees 9:26,1MA,1 Maccabees,9,26,"καὶ ἐξεζήτουν καὶ ἐξηρεύνων τοὺς φίλους Ἰούδα καὶ ἦγον αὐτοὺς πρὸς Βακχίδην, καὶ ἐξεδίκει ἐν αὐτοῖς καὶ ἐνέπαιζεν αὐτοῖς.",,,,
1 Maccabees 9:27,1MA,1 Maccabees,9,27,"καὶ ἐγένετο θλῖψις μεγάλη ἐν τῷ Ἰσραήλ, ἥτις οὐκ ἐγένετο ἀφ᾿ ἧς ἡμέρας οὐκ ὤφθη προφήτης ἐν αὐτοῖς.",,,,
1 Maccabees 9:28,1MA,1 Maccabees,9,28,καὶ ἠθροίσθησαν πάντες οἱ φίλοι Ἰούδα καὶ εἶπον τῷ Ἰωνάθαν·,,,,
1 Maccabees 9:29,1MA,1 Maccabees,9,29,"ἀφ᾿ οὗ ὁ ἀδελφός σου Ἰούδας τετελεύτηκε, καὶ ἀνὴρ ὅμοιος αὐτῷ οὐκ ἔστιν ἐξελθεῖν πρὸς τοὺς ἐχθροὺς καὶ Βακχίδην, καὶ ἐν τοῖς ἐχθραίνουσιν τοῦ ἔθνους ἡμῶν·",,,,
1 Maccabees 9:30,1MA,1 Maccabees,9,30,νῦν οὖν σε ᾑρετισάμεθα σήμερον τοῦ εἶναι ἀντ᾿ αὐτοῦ ἡμῖν εἰς ἄρχοντα καὶ ἡγούμενον τοῦ πολεμῆσαι τὸν πόλεμον ἡμῶν.,,,,
1 Maccabees 9:31,1MA,1 Maccabees,9,31,καὶ ἐπεδέξατο Ἰωνάθαν ἐν τῷ καιρῷ ἐκείνῳ τὴν ἥγησιν καὶ ἀνέστη ἀντὶ Ἰούδα τοῦ ἀδελφοῦ αὐτοῦ.,,,,
1 Maccabees 9:32,1MA,1 Maccabees,9,32,Καὶ ἔγνω Βακχίδης καὶ ἐζήτει αὐτὸν ἀποκτεῖναι.,,,,
1 Maccabees 9:33,1MA,1 Maccabees,9,33,καὶ ἔγνω Ἰωνάθαν καὶ Σίμων ὁ ἀδελφὸς αὐτοῦ· καὶ πάντες οἱ μετ᾿ αὐτοῦ καὶ ἔφυγον εἰς τὴν ἔρημον Θεκωὲ καὶ παρενέβαλον ἐπὶ τὸ ὕδωρ λάκκου Ἀσφάρ.,,,,
1 Maccabees 9:34,1MA,1 Maccabees,9,34,καὶ ἔγνω Βακχίδης τῇ ἡμέρᾳ τῶν σαββάτων καὶ ἦλθεν αὐτὸς καὶ πᾶν τὸ στράτευμα αὐτοῦ πέραν τοῦ Ἰορδάνου.,,,,
1 Maccabees 9:35,1MA,1 Maccabees,9,35,καὶ ἀπέστειλεν Ἰωνάθαν τὸν ἀδελφὸν αὐτοῦ ἡγούμενον τοῦ ὄχλου καὶ παρεκάλεσε τοὺς Ναβαταίους φίλους αὐτοῦ παραθέσθαι αὐτοῖς τὴν ἀποσκευὴν αὐτῶν τὴν πολλήν.,,,,
1 Maccabees 9:36,1MA,1 Maccabees,9,36,"καὶ ἐξῆλθον υἱοὶ Ἰαμβρὶ ἐκ Μηδαβὰ καὶ συνέλαβον Ἰωάννην καὶ πάντα, ὅσα εἶχε, καὶ ἀπῆλθον ἔχοντες.",,,,
1 Maccabees 9:37,1MA,1 Maccabees,9,37,"μετὰ δὲ τοὺς λόγους τούτους ἀπήγγειλαν τῷ Ἰωνάθαν καὶ Σίμωνι τῷ ἀδελφῷ αὐτοῦ ὅτι οἱ υἱοὶ Ἰαμβρὶ ποιοῦσι γάμον μέγαν καὶ ἄγουσι τὴν νύμφην ἀπὸ Ναδαβάθ, θυγατέρα ἑνὸς τῶν μεγάλων μεγιστάνων Χαναὰν μετὰ παραπομπῆς μεγάλης.",,,,
1 Maccabees 9:38,1MA,1 Maccabees,9,38,καὶ ἐμνήσθησαν Ἰωάννου τοῦ ἀδελφοῦ αὐτῶν καὶ ἀνέβησαν καὶ ἐκρύβησαν ὑπὸ τὴν σκέπην τοῦ ὄρους.,,,,
1 Maccabees 9:39,1MA,1 Maccabees,9,39,"καὶ ᾖραν τοὺς ὀφθαλμοὺς αὐτῶν καὶ εἶδον καὶ ἰδοὺ θροῦς καὶ ἀποσκευὴ πολλή, καὶ ὁ νυμφίος ἐξῆλθε καὶ οἱ φίλοι αὐτοῦ καὶ οἱ ἀδελφοὶ αὐτοῦ εἰς συνάντησιν αὐτῶν μετὰ τυμπάνων καὶ μουσικῶν καὶ ὅπλων πολλῶν.",,,,
1 Maccabees 9:40,1MA,1 Maccabees,9,40,"καὶ ἐξανέστησαν ἐπ᾿ αὐτοὺς ἀπὸ τοῦ ἐνέδρου οἱ περὶ τὸν Ἰωνάθαν καὶ ἀπέκτειναν αὐτούς, καὶ ἔπεσον τραυματίαι πολλοί, καὶ οἱ ἐπίλοιποι ἔφυγον εἰς τὸ ὄρος· καὶ ἔλαβον πάντα τὰ σκῦλα αὐτῶν.",,,,
1 Maccabees 9:41,1MA,1 Maccabees,9,41,καὶ μετεστράφη ὁ γάμος εἰς πένθος καὶ ἡ φωνὴ μουσικῶν αὐτῶν εἰς θρῆνον.,,,,
1 Maccabees 9:42,1MA,1 Maccabees,9,42,καὶ ἐξεδίκησαν τὴν ἐκδίκησιν αἵματος ἀδελφοῦ αὐτῶν καὶ ἀπέστρεψαν εἰς τὸ ἕλος τοῦ Ἰορδάνου.,,,,
1 Maccabees 9:43,1MA,1 Maccabees,9,43,καὶ ἤκουσε Βακχίδης καὶ ἦλθε τῇ ἡμέρᾳ τῶν σαββάτων ἕως τῶν κρηπίδων τοῦ Ἰορδάνου ἐν δυνάμει πολλῇ.,,,,
1 Maccabees 9:44,1MA,1 Maccabees,9,44,"καὶ εἶπεν Ἰωνάθαν τοῖς παρ᾿ αὐτοῦ· ἀναστῶμεν νῦν καὶ πολεμήσωμεν ὑπὲρ τῶν ψυχῶν ἡμῶν, οὐ γάρ ἐστι σήμερον ὡς ἐχθὲς καὶ τρίτην ἡμέραν·",,,,
1 Maccabees 9:45,1MA,1 Maccabees,9,45,"ἰδοὺ γὰρ ὁ πόλεμος ἐξεναντίας ἡμῶν καὶ ἐξόπισθεν ἡμῶν, τὸ δὲ ὕδωρ τοῦ Ἰορδάνου ἔνθεν καὶ ἔνθεν καὶ ἕλος καὶ δρυμός, οὐκ ἔστι τόπος τοῦ ἐκκλῖναι·",,,,
1 Maccabees 9:46,1MA,1 Maccabees,9,46,"νῦν οὖν κεκράξατε εἰς οὐρανόν, ὅπως διασωθῆτε ἐκ χειρὸς ἐχθρῶν ὑμῶν.",,,,
1 Maccabees 9:47,1MA,1 Maccabees,9,47,"καὶ συνῆψεν ὁ πόλεμος· καὶ ἐξέτεινεν Ἰωνάθαν τὴν χεῖρα αὐτοῦ πατάξαι τὸν Βακχίδην, καὶ ἐξέκλινεν ἀπ᾿ αὐτοῦ εἰς τὰ ὀπίσω.",,,,
1 Maccabees 9:48,1MA,1 Maccabees,9,48,"καὶ ἐνεπήδησεν Ἰωνάθαν καὶ οἱ μετ᾿ αὐτοῦ εἰς τὸν Ἰορδάνην καὶ διεκολύμβησαν εἰς τὸ πέραν, καὶ οὐ διέβησαν ἐπ᾿ αὐτοὺς τὸν Ἰορδάνην.",,,,
1 Maccabees 9:49,1MA,1 Maccabees,9,49,καὶ διέπεσον παρὰ Βακχίδου τῇ ἡμέρᾳ ἐκείνῃ εἰς χιλίους ἄνδρας.,,,,
1 Maccabees 9:50,1MA,1 Maccabees,9,50,"καὶ ἐπέστρεψεν εἰς Ἱερουσαλήμ, καὶ ᾠκοδόμησαν πόλεις ὀχυρὰς ἐν τῇ Ἰουδαίᾳ, τὸ ὀχύρωμα τὸ ἐν Ἱεριχὼ καὶ τὴν Ἀμμαοὺς καὶ τὴν Βαιθωρὼν καὶ τὴν Βαιθὴλ καὶ τὴν Θαμναθὰ Φαραθωνὶ καὶ τὴν Τεφὼν ἐν τείχεσιν ὑψηλοῖς καὶ πύλαις καὶ μοχλοῖς·",,,,
1 Maccabees 9:51,1MA,1 Maccabees,9,51,καὶ ἔθετο φρουρὰν ἐν αὐτοῖς τοῦ ἐχθραίνειν τῷ Ἰσραήλ.,,,,
1 Maccabees 9:52,1MA,1 Maccabees,9,52,καὶ ὠχύρωσε τὴν πόλιν τὴν ἐν Βαιθσούρᾳ καὶ τὴν Γάζαρα καὶ τὴν ἄκραν καὶ ἔθετο ἐν αὐταῖς δυνάμεις καὶ παραθέσεις βρωμάτων.,,,,
1 Maccabees 9:53,1MA,1 Maccabees,9,53,καὶ ἔλαβε τοὺς υἱοὺς τῶν ἡγουμένων τῆς χώρας ὅμηρα καὶ ἔθετο αὐτοὺς ἐν τῇ ἄκρᾳ ἐν Ἱερουσαλὴμ ἐν φυλακῇ.,,,,
1 Maccabees 9:54,1MA,1 Maccabees,9,54,Καὶ ἐν ἔτει τρίτῳ καὶ πεντηκοστῷ καὶ ἑκατοστῷ μηνὶ τῷ δευτέρῳ ἐπέταξεν Ἄλκιμος καθαιρεῖν τὸ τεῖχος τῆς αὐλῆς τῶν ἁγίων τῆς ἐσωτέρας· καὶ καθεῖλε τὰ ἔργα τῶν προφητῶν καὶ ἐνήρξατο τοῦ καθαιρεῖν.,,,,
1 Maccabees 9:55,1MA,1 Maccabees,9,55,"ἐν τῷ καιρῷ ἐκείνῳ ἐπλήγη Ἄλκιμος καὶ ἐνεποδίσθη τὰ ἔργα αὐτοῦ, καὶ ἀπεφράγη τὸ στόμα αὐτοῦ, καὶ παρελύθη καὶ οὐκ ἐδύνατο ἔτι λαλῆσαι λόγον καὶ ἐντείλασθαι περὶ τοῦ οἴκου αὐτοῦ.",,,,
1 Maccabees 9:56,1MA,1 Maccabees,9,56,καὶ ἀπέθανεν Ἄλκιμος ἐν τῷ καιρῷ ἐκείνῳ μετὰ βασάνου μεγάλης.,,,,
1 Maccabees 9:57,1MA,1 Maccabees,9,57,"καὶ εἶδε Βακχίδης ὅτι ἀπέθανεν Ἄλκιμος, καὶ ἀπέστρεψε πρὸς τὸν βασιλέα. καὶ ἡσύχασεν ἡ γῆ Ἰούδα ἔτη δύο.",,,,
1 Maccabees 9:58,1MA,1 Maccabees,9,58,"Καὶ ἐβουλεύσαντο πάντες οἱ ἄνομοι λέγοντες· ἰδοὺ Ἰωνάθαν καὶ οἱ παρ᾿ αὐτοῦ ἐν ἡσυχίᾳ κατοικοῦσι πεποιθότες· νῦν οὖν ἄξομεν τὸν Βακχίδην, καὶ συλλήψεται αὐτοὺς πάντας ἐν νυκτὶ μιᾷ.",,,,
1 Maccabees 9:59,1MA,1 Maccabees,9,59,καὶ πορευθέντες συνεβουλεύσαντο αὐτῷ.,,,,
1 Maccabees 9:60,1MA,1 Maccabees,9,60,"καὶ ἀπῇρε τοῦ ἐλθεῖν μετὰ δυνάμεως πολλῆς καὶ ἀπέστειλεν ἐπιστολὰς λάθρᾳ πᾶσι τοῖς συμμάχοις αὐτοῦ τοῖς ἐν τῇ Ἰουδαίᾳ, ὅπως συλλάβωσι τὸν Ἰωνάθαν καὶ τοὺς μετ᾿ αὐτοῦ· καὶ οὐκ ἐδύναντο, ὅτι ἐγνώσθη αὐτοῖς ἡ βουλὴ αὐτῶν.",,,,
1 Maccabees 9:61,1MA,1 Maccabees,9,61,καὶ συνέλαβον ἀπὸ τῶν ἀνδρῶν τῆς χώρας τῶν ἀρχηγῶν τῆς κακίας εἰς πεντήκοντα ἄνδρας καὶ ἀπέκτειναν αὐτούς.,,,,
1 Maccabees 9:62,1MA,1 Maccabees,9,62,"καὶ ἐξεχώρησεν Ἰωνάθαν καὶ Σίμων καὶ οἱ μετ᾿ αὐτοῦ εἰς Βαιθβασὶ τὴν ἐν τῇ ἐρήμῳ καὶ ᾠκοδόμησε τὰ καθῃρημένα αὐτῆς, καὶ ἐστερέωσαν αὐτήν.",,,,
1 Maccabees 9:63,1MA,1 Maccabees,9,63,καὶ ἔγνω Βακχίδης καὶ συνήγαγε πᾶν τὸ πλῆθος αὐτοῦ καὶ τοῖς ἐκ τῆς Ἰουδαίας παρήγγειλε·,,,,
1 Maccabees 9:64,1MA,1 Maccabees,9,64,καὶ ἐλθὼν παρενέβαλεν ἐπὶ Βαιθβασὶ καὶ ἐπολέμησεν αὐτὴν ἡμέρας πολλὰς καὶ ἐποίησε μηχανάς.,,,,
1 Maccabees 9:65,1MA,1 Maccabees,9,65,καὶ ἀπέλιπεν Ἰωνάθαν Σίμωνα τὸν ἀδελφὸν αὐτοῦ ἐν τῇ πόλει καὶ ἐξῆλθεν εἰς τὴν χώραν καὶ ἐξῆλθεν ἐν ἀριθμῷ.,,,,
1 Maccabees 9:66,1MA,1 Maccabees,9,66,"καὶ ἐπάταξεν Ὁδομηρὰ καὶ τοὺς ἀδελφοὺς αὐτοῦ καὶ τοὺς υἱοὺς Φασιρὼν ἐν τῷ σκηνώματι αὐτῶν, καὶ ἐξήρξατο τύπτειν καὶ ἀναβαίνειν ἐν ταῖς δυνάμεσι.",,,,
1 Maccabees 9:67,1MA,1 Maccabees,9,67,καὶ Σίμων καὶ οἱ μετ᾿ αὐτοῦ ἐξῆλθον ἐκ τῆς πόλεως καὶ ἐνεπύρισαν τὰς μηχανάς·,,,,
1 Maccabees 9:68,1MA,1 Maccabees,9,68,"καὶ ἐπολέμησαν πρὸς τὸν Βακχίδην, καὶ συνετρίβη ὑπ᾿ αὐτῶν. καὶ ἔθλιβον αὐτὸν σφόδρα, ὅτι ἦν ἡ βουλὴ αὐτοῦ καὶ ἡ ἔφοδος αὐτοῦ κενή.",,,,
1 Maccabees 9:69,1MA,1 Maccabees,9,69,καὶ ὠργίσθη θυμῷ τοῖς ἀνδράσι τοῖς ἀνόμοις τοῖς συμβουλεύσασιν αὐτῷ ἐλθεῖν εἰς τὴν χώραν καὶ ἀπέκτειναν ἐξ αὐτῶν πολλοὺς καὶ ἐβουλεύσατο τοῦ ἀπελθεῖν εἰς τὴν γῆν αὐτοῦ.,,,,
1 Maccabees 9:70,1MA,1 Maccabees,9,70,καὶ ἐπέγνω Ἰωνάθαν καὶ ἀπέστειλε πρὸς αὐτὸν πρέσβεις τοῦ συνθέσθαι πρὸς αὐτὸν εἰρήνην καὶ ἀποδοῦναι αὐτοῖς τὴν αἰχμαλωσίαν.,,,,
1 Maccabees 9:71,1MA,1 Maccabees,9,71,καὶ ἀπεδέξατο καὶ ἐποίησε κατὰ τοὺς λόγους αὐτοῦ καὶ ὤμοσεν αὐτῷ μὴ ἐκζητῆσαι αὐτῷ κακὸν πάσας τὰς ἡμέρας τῆς ζωῆς αὐτοῦ·,,,,
1 Maccabees 9:72,1MA,1 Maccabees,9,72,"καὶ ἀπέδωκεν αὐτῷ τὴν αἰχμαλωσίαν, ἣν ᾐχμαλώτευσε τὸ πρότερον ἐκ γῆς Ἰούδα, καὶ ἀποστρέψας ἀπῆλθεν εἰς τὴν γῆν αὐτοῦ καὶ οὐ προσέθετο ἔτι ἐλθεῖν εἰς τὰ ὅρια αὐτῶν.",,,,
1 Maccabees 9:73,1MA,1 Maccabees,9,73,καὶ κατέπαυσε ρομφαία ἐξ Ἰσραήλ· καὶ ᾤκησεν Ἰωνάθαν ἐν Μαχμάς. καὶ ἤρξατο Ἰωνάθαν κρίνειν τὸν λαὸν καὶ ἠφάνισε τοὺς ἀσεβεῖς ἐξ Ἰσραήλ.,,,,
1 Maccabees 10:1,1MA,1 Maccabees,10,1,"ΚΑΙ ἐν ἔτει ἑξηκοστῷ καὶ ἑκατοστῷ ἀνέβη Ἀλέξανδρος ὁ τοῦ Ἀντιόχου ὁ Ἐπιφανὴς καὶ κατελάβετο Πτολεμαΐδα, καὶ ἐπεδέξαντο αὐτόν, καὶ ἐβασίλευσεν ἐκεῖ.",,,,
1 Maccabees 10:2,1MA,1 Maccabees,10,2,καὶ ἤκουσε Δημήτριος ὁ βασιλεὺς καὶ συνήγαγε δυνάμεις πολλὰς σφόδρα καὶ ἐξῆλθεν εἰς συνάντησιν αὐτῷ εἰς πόλεμον.,,,,
1 Maccabees 10:3,1MA,1 Maccabees,10,3,καὶ ἀπέστειλε Δημήτριος πρὸς Ἰωνάθαν ἐπιστολὰς λόγοις εἰρηνικοῖς ὥστε μεγαλῦναι αὐτόν.,,,,
1 Maccabees 10:4,1MA,1 Maccabees,10,4,"εἶπε γάρ· προφθάσωμεν τοῦ εἰρήνην θεῖναι μετ᾿ αὐτοῦ, πρὶν ἢ θεῖναι αὐτὸν μετὰ Ἀλεξάνδρου καθ᾿ ἡμῶν·",,,,
1 Maccabees 10:5,1MA,1 Maccabees,10,5,"μνησθήσεται γὰρ πάντων τῶν κακῶν, ὧν συνετελέσαμεν πρὸς αὐτὸν καὶ εἰς τοὺς ἀδελφοὺς αὐτοῦ καὶ εἰς τὸ ἔθνος αὐτοῦ.",,,,
1 Maccabees 10:6,1MA,1 Maccabees,10,6,"καὶ ἔδωκεν αὐτῷ ἐξουσίαν συναγαγεῖν δυνάμεις καὶ κατασκευάζειν ὅπλα καὶ εἶναι αὐτὸν σύμμαχον αὐτοῦ, καὶ τὰ ὅμηρα τὰ ἐν τῇ ἄκρᾳ εἶπε παραδοῦναι αὐτῷ.",,,,
1 Maccabees 10:7,1MA,1 Maccabees,10,7,καὶ ἦλθεν Ἰωνάθαν εἰς Ἱερουσαλὴμ καὶ ἀνέγνω τὰς ἐπιστολὰς εἰς τὰ ὦτα παντὸς τοῦ λαοῦ καὶ τῶν ἐκ τῆς ἄκρας.,,,,
1 Maccabees 10:8,1MA,1 Maccabees,10,8,"καὶ ἐφοβήθησαν φόβον μέγαν, ὅτι ἤκουσαν ὅτι ἔδωκεν ὁ βασιλεὺς ἐξουσίαν συναγαγεῖν δυνάμεις.",,,,
1 Maccabees 10:9,1MA,1 Maccabees,10,9,"καὶ παρέδωκαν οἱ ἐκ τῆς ἄκρας Ἰωνάθαν τὰ ὅμηρα, καὶ ἀπέδωκεν αὐτοὺς τοῖς γονεῦσιν αὐτῶν.",,,,
1 Maccabees 10:10,1MA,1 Maccabees,10,10,καὶ ᾤκησεν Ἰωνάθαν ἐν Ἱερουσαλὴμ καὶ ἤρξατο οἰκοδομεῖν καὶ καινίζειν τὴν πόλιν.,,,,
1 Maccabees 10:11,1MA,1 Maccabees,10,11,καὶ εἶπε πρὸς τοὺς ποιοῦντας τὰ ἔργα οἰκοδομεῖν τὰ τείχη καὶ τὸ ὄρος Σιὼν κυκλόθεν ἐκ λίθων τετραγώνων εἰς ὀχύρωσιν· καὶ ἐποίησαν οὕτως.,,,,
1 Maccabees 10:12,1MA,1 Maccabees,10,12,"καὶ ἔφυγον οἱ ἀλλογενεῖς οἱ ὄντες ἐν τοῖς ὀχυρώμασιν, οἷς ᾠκοδόμησε Βακχίδης.",,,,
1 Maccabees 10:13,1MA,1 Maccabees,10,13,καὶ κατέλιπεν ἕκαστος τὸν τόπον αὐτοῦ καὶ ἀπῆλθεν εἰς τὴν γῆν αὐτοῦ.,,,,
1 Maccabees 10:14,1MA,1 Maccabees,10,14,"πλὴν ἐν Βαιθσούρᾳ ὑπελείφθησάν τινες τῶν καταλιπόντων τὸν νόμον καὶ τὰ προστάγματα, ἦν γὰρ αὐτοῖς φυγαδευτήριον.",,,,
1 Maccabees 10:15,1MA,1 Maccabees,10,15,"Καὶ ἤκουσεν Ἀλέξανδρος ὁ βασιλεὺς τὰς ἐπαγγελίας, ὅσας ἀπέστειλε Δημήτριος τῷ Ἰωνάθαν, καὶ διηγήσαντο αὐτῷ τοὺς πολέμους καὶ τὰς ἀνδραγαθίας, ἃς ἐποίησεν αὐτὸς καὶ οἱ ἀδελφοὶ αὐτοῦ, καὶ τοὺς κόπους, οὓς ἔσχον,",,,,
1 Maccabees 10:16,1MA,1 Maccabees,10,16,καὶ εἶπε· μὴ εὑρήσομεν ἄνδρα τοιοῦτον ἕνα; καὶ νῦν ποιήσομεν αὐτὸν φίλον καὶ σύμμαχον ἡμῶν.,,,,
1 Maccabees 10:17,1MA,1 Maccabees,10,17,καὶ ἔγραψεν ἐπιστολὰς καὶ ἀπέστειλεν αὐτῷ κατὰ τοὺς λόγους τούτους λέγων·,,,,
1 Maccabees 10:18,1MA,1 Maccabees,10,18,‘Βασιλεὺς Ἀλέξανδρος τῷ ἀδελφῷ Ἰωνάθαν χαίρειν·,,,,
1 Maccabees 10:19,1MA,1 Maccabees,10,19,"ἀκηκόαμεν περὶ σοῦ, ὅτι ἀνὴρ δυνατὸς ἰσχύϊ καὶ ἐπιτήδειος εἶ τοῦ εἶναι ἡμῖν φίλος.",,,,
1 Maccabees 10:20,1MA,1 Maccabees,10,20,καὶ νῦν καθεστάκαμέν σε σήμερον ἀρχιερέα τοῦ ἔθνους σου καὶ φίλον βασιλέως καλεῖσθαί σε (καὶ ἀπέστειλεν αὐτῷ πορφύραν καὶ στέφανον χρυσοῦν) καὶ φρονεῖν τὰ ἡμῶν καὶ συντηρεῖν φιλίαν πρὸς ἡμᾶς’.,,,,
1 Maccabees 10:21,1MA,1 Maccabees,10,21,καὶ ἐνεδύσατο Ἰωνάθαν τὴν ἁγίαν στολὴν τῷ ἑβδόμῳ μηνὶ ἔτους ἑξηκοστοῦ καὶ ἑκατοστοῦ ἐν ἑορτῇ σκηνοπηγίας καὶ συνήγαγε δυνάμεις καὶ κατεσκεύασεν ὅπλα πολλά.,,,,
1 Maccabees 10:22,1MA,1 Maccabees,10,22,Καὶ ἤκουσε Δημήτριος τοὺς λόγους τούτους καὶ ἐλυπήθη καὶ εἶπε·,,,,
1 Maccabees 10:23,1MA,1 Maccabees,10,23,τί τοῦτο ἐποιήσαμεν ὅτι προέφθακεν ἡμᾶς ὁ Ἀλέξανδρος τοῦ φιλίαν καταθέσθαι τοῖς Ἰουδαίοις εἰς στήριγμα;,,,,
1 Maccabees 10:24,1MA,1 Maccabees,10,24,"γράψω αὐτοῖς κἀγὼ λόγους παρακλήσεως καὶ ὕψους καὶ δογμάτων, ὅπως ὦσι σὺν ἐμοὶ εἰς βοήθειαν.",,,,
1 Maccabees 10:25,1MA,1 Maccabees,10,25,καὶ ἀπέστειλεν αὐτοῖς κατὰ τοὺς λόγους τούτους· ‘Βασιλεὺς Δημήτριος τῷ ἔθνει τῶν Ἰουδαίων χαίρειν.,,,,
1 Maccabees 10:26,1MA,1 Maccabees,10,26,"ἐπεὶ συνετηρήσατε τὰς πρὸς ἡμᾶς συνθήκας καὶ ἐνεμείνατε τῇ φιλίᾳ ἡμῶν καὶ οὐ προσεχωρήσατε τοῖς ἐχθροῖς ἡμῶν, ἠκούσαμεν καὶ ἐχάρημεν.",,,,
1 Maccabees 10:27,1MA,1 Maccabees,10,27,"καὶ νῦν ἐμμείνατε ἔτι τοῦ συντηρῆσαι πρὸς ἡμᾶς πίστιν, καὶ ἀνταποδώσομεν ὑμῖν ἀγαθὰ ἀνθ᾿ ὧν ποιεῖτε μεθ᾿ ἡμῶν.",,,,
1 Maccabees 10:28,1MA,1 Maccabees,10,28,καὶ ἀφήσομεν ὑμῖν ἀφέματα πολλὰ καὶ δώσομεν ὑμῖν δόματα.,,,,
1 Maccabees 10:29,1MA,1 Maccabees,10,29,"καὶ νῦν ἀπολύω ὑμᾶς καὶ ἀφίημι πάντας τοὺς Ἰουδαίους ἀπὸ τῶν φόρων καὶ τῆς τιμῆς τοῦ ἁλὸς καὶ ἀπὸ τῶν στεφάνων,",,,,
1 Maccabees 10:30,1MA,1 Maccabees,10,30,"καὶ ἀντὶ τοῦ τρίτου τῆς σπορᾶς καὶ ἀντὶ τοῦ ἡμίσους τοῦ καρποῦ τοῦ ξυλίνου τοῦ ἐπιβάλλοντός μοι λαβεῖν, ἀφίημι ἀπὸ τῆς σήμερον καὶ ἐπέκεινα τοῦ λαβεῖν ἀπὸ τῆς γῆς Ἰούδα καὶ ἀπὸ τῶν τριῶν νομῶν τῶν προστιθεμένων αὐτῇ ἀπὸ τῆς Σαμαρείτιδος καὶ Γαλιλαίας, καὶ ἀπὸ τῆς σήμερον ἡμέρας καὶ εἰς τὸν αἰῶνα χρόνον.",,,,
1 Maccabees 10:31,1MA,1 Maccabees,10,31,"καὶ Ἱερουσαλὴμ ἤτω ἁγία καὶ ἀφειμένη καὶ τὰ ὅρια αὐτῆς, αἱ δεκάται καὶ τὰ τέλη.",,,,
1 Maccabees 10:32,1MA,1 Maccabees,10,32,"ἀφίημι καὶ τὴν ἐξουσίαν τῆς ἄκρας τῆς ἐν Ἱερουσαλὴμ καὶ δίδωμι τῷ ἀρχιερεῖ, ὅπως ἂν καταστήσῃ ἐν αὐτῇ ἄνδρας, οὓς ἂν ἐκλέξηται αὐτὸς τοῦ φυλάσσειν αὐτήν.",,,,
1 Maccabees 10:33,1MA,1 Maccabees,10,33,καὶ πᾶσαν ψυχὴν Ἰουδαίων τὴν αἰχμαλωτισθεῖσαν ἀπὸ γῆς Ἰούδα εἰς πᾶσαν βασιλείαν μου ἀφίημι ἐλευθέραν δωρεάν· καὶ πάντες ἀφιέτωσαν τοὺς φόρους καὶ τῶν κτηνῶν αὐτῶν.,,,,
1 Maccabees 10:34,1MA,1 Maccabees,10,34,καὶ πᾶσαι αἱ ἑορταὶ καὶ τὰ σάββατα καὶ νουμηνίαι καὶ ἡμέραι ἀποδεδειγμέναι καὶ τρεῖς ἡμέραι πρὸ ἑορτῆς καὶ τρεῖς ἡμέραι μετὰ ἑορτὴν ἔστωσαν πᾶσαι αἱ ἡμέραι ἀτελείας καὶ ἀφέσεως πᾶσι τοῖς Ἰουδαίοις τοῖς οὖσιν ἐν τῇ βασιλείᾳ μου.,,,,
1 Maccabees 10:35,1MA,1 Maccabees,10,35,καὶ οὐχ ἕξει ἐξουσίαν οὐδεὶς πράσσειν καὶ παρενοχλεῖν τινα αὐτῶν περὶ παντὸς πράγματος.,,,,
1 Maccabees 10:36,1MA,1 Maccabees,10,36,"καὶ προγραφήτωσαν τῶν Ἰουδαίων εἰς τὰς δυνάμεις τοῦ βασιλέως εἰς τριάκοντα χιλιάδας ἀνδρῶν, καὶ δοθήσεται αὐτοῖς ξένια ὡς καθήκει πάσαις ταῖς δυνάμεσι τοῦ βασιλέως.",,,,
1 Maccabees 10:37,1MA,1 Maccabees,10,37,"καὶ κατασταθήσεται ἐξ αὐτῶν ἐν τοῖς ὀχυρώμασι τοῦ βασιλέως τοῖς μεγάλοις, καὶ ἐκ τούτων κατασταθήσεται ἐπὶ χρειῶν τῆς βασιλείας τῶν οὐσῶν εἰς πίστιν· καὶ οἱ ἐπ᾿ αὐτῶν καὶ οἱ ἄρχοντες ἔστωσαν ἐξ αὐτῶν καὶ πορευέσθωσαν τοῖς νόμοις αὐτῶν. καθὰ καὶ προσέταξεν ὁ βασιλεὺς ἐν γῇ Ἰούδα.",,,,
1 Maccabees 10:38,1MA,1 Maccabees,10,38,"καὶ τοὺς τρεῖς νομοὺς τοὺς προστεθέντας τῇ Ἰουδαίᾳ ἀπὸ τῆς χώρας Σαμαρείας προστεθήτω τῇ Ἰουδαίᾳ πρὸς τὸ λογισθῆναι τοῦ γενέσθαι ὑφ᾿ ἕνα, τοῦ μὴ ὑπακοῦσαι ἄλλης ἐξουσίας ἀλλ᾿ ἢ τοῦ ἀρχιερέως.",,,,
1 Maccabees 10:39,1MA,1 Maccabees,10,39,Πτολεμαΐδα καὶ τὴν προσκυροῦσαν αὐτῇ δέδωκα δόμα τοῖς ἁγίοις τοῖς ἐν Ἱερουσαλὴμ εἰς τὴν προσήκουσαν δαπάνην τοῖς ἁγίοις.,,,,
1 Maccabees 10:40,1MA,1 Maccabees,10,40,κἀγὼ δίδωμι κατ᾿ ἐνιαυτὸν δεκαπέντε χιλιάδας σίκλων ἀργυρίου ἀπὸ τῶν λόγων τοῦ βασιλέως ἀπὸ τῶν τόπων τῶν ἀνηκόντων.,,,,
1 Maccabees 10:41,1MA,1 Maccabees,10,41,"καὶ πᾶν τὸ πλεονάζον, ὃ οὐκ ἀπεδίδοσαν οἱ ἀπὸ τῶν χρειῶν, ὡς ἐν τοῖς πρώτοις ἔτεσιν, ἀπὸ τοῦ νῦν δώσουσιν εἰς τὰ ἔργα τοῦ οἴκου.",,,,
1 Maccabees 10:42,1MA,1 Maccabees,10,42,"καὶ ἐπὶ τούτοις πεντακισχιλίους σίκλους ἀργυρίου, οὓς ἐλάμβανον ἀπὸ τῶν χρειῶν τοῦ ἁγίου ἀπὸ τοῦ λόγου κατ᾿ ἐνιαυτόν, καὶ ταῦτα ἀφίεται διὰ τὸ ἀνήκειν αὐτὰ τοῖς ἱερεῦσι τοῖς λειτουργοῦσι.",,,,
1 Maccabees 10:43,1MA,1 Maccabees,10,43,"καὶ ὅσοι ἐὰν φύγωσιν εἰς τὸ ἱερὸν τὸ ἐν Ἱεροσολύμοις καὶ ἐν πᾶσι τοῖς ὁρίοις αὐτοῦ ὀφείλοντες βασιλικὰ καὶ πᾶν πρᾶγμα, ἀπολελύσθωσαν καὶ πάντα, ὅσα ἐστὶν αὐτοῖς ἐν τῇ βασιλείᾳ μου.",,,,
1 Maccabees 10:44,1MA,1 Maccabees,10,44,"καὶ τοῦ οἰκοδομηθῆναι καὶ τοῦ ἐπικαινισθῆναι τὰ ἔργα τῶν ἁγίων, καὶ ἡ δαπάνη δοθήσεται ἐκ τοῦ λόγου τοῦ βασιλέως.",,,,
1 Maccabees 10:45,1MA,1 Maccabees,10,45,"καὶ τοῦ οἰκοδομηθῆναι τὰ τείχη Ἱερουσαλὴμ καὶ ὀχυρῶσαι κυκλόθεν, καὶ ἡ δαπάνη δοθήσεται ἐκ τοῦ λόγου τοῦ βασιλέως, καὶ τοῦ οἰκοδομηθῆναι τὰ τείχη τὰ ἐν τῇ Ἰουδαίᾳ’.",,,,
1 Maccabees 10:46,1MA,1 Maccabees,10,46,"Ὡς δὲ ἤκουσεν Ἰωνάθαν καὶ ὁ λαὸς τοὺς λόγους τούτους, οὐκ ἐπίστευσαν αὐτοῖς οὐδὲ ἐπεδέξαντο, ὅτι ἐπεμνήσθησαν τῆς κακίας τῆς μεγάλης, ἧς ἐποίησεν ἐν Ἰσραὴλ καὶ ἔθλιψεν αὐτοὺς σφόδρα.",,,,
1 Maccabees 10:47,1MA,1 Maccabees,10,47,"καὶ εὐδόκησαν ἐν Ἀλεξάνδρῳ, ὅτι αὐτὸς ἐγένετο αὐτοῖς ἀρχηγὸς λόγων εἰρηνικῶν, καὶ συνεμάχουν αὐτῷ πάσας τὰς ἡμέρας.",,,,
1 Maccabees 10:48,1MA,1 Maccabees,10,48,Καὶ συνήγαγεν Ἀλέξανδρος ὁ βασιλεὺς δυνάμεις μεγάλας καὶ παρενέβαλεν ἐξεναντίας Δημητρίου.,,,,
1 Maccabees 10:49,1MA,1 Maccabees,10,49,"καὶ συνῆψαν πόλεμον οἱ δύο βασιλεῖς, καὶ ἔφυγεν ἡ παρεμβολὴ Δημητρίου, καὶ ἐδίωξεν αὐτὸν ὁ Ἀλέξανδρος καὶ ἴσχυσεν ἐπ᾿ αὐτούς.",,,,
1 Maccabees 10:50,1MA,1 Maccabees,10,50,"καὶ ἐστερέωσε τὸν πόλεμον σφόδρα, ἕως ἔδυ ὁ ἥλιος, καὶ ἔπεσεν ὁ Δημήτριος ἐν τῇ ἡμέρᾳ ἐκείνῃ.",,,,
1 Maccabees 10:51,1MA,1 Maccabees,10,51,καὶ ἀπέστειλεν Ἀλέξανδρος πρὸς Πτολεμαῖον βασιλέα Αἰγύπτου πρέσβεις κατὰ τοὺς λόγους τούτους λέγων·,,,,
1 Maccabees 10:52,1MA,1 Maccabees,10,52,"‘ Ἐπεὶ ἀνέστρεψα εἰς γῆν βασιλείας μου καὶ ἐκάθισα ἐπὶ θρόνου πατέρων μου καὶ ἐκράτησα τῆς ἀρχῆς, καὶ συνέτριψα τὸν Δημήτριον καὶ ἐπεκράτησα τῆς χώρας ἡμῶν",,,,
1 Maccabees 10:53,1MA,1 Maccabees,10,53,"καὶ συνῆψα πρὸς αὐτὸν μάχην, καὶ συνετρίβη αὐτὸς καὶ ἡ παρεμβολὴ αὐτοῦ ὑφ᾿ ἡμῶν, καὶ ἐκαθίσαμεν ἐπὶ θρόνου βασιλείας αὐτοῦ·",,,,
1 Maccabees 10:54,1MA,1 Maccabees,10,54,"καὶ νῦν στήσωμεν πρὸς ἑαυτοὺς φιλίαν, καὶ νῦν δός μοι τὴν θυγατέρα σου εἰς γυναῖκα, καὶ ἐπιγαμβρεύσω σοι καὶ δώσω σοι δόματα καὶ αὐτῇ ἄξιά σου’.",,,,
1 Maccabees 10:55,1MA,1 Maccabees,10,55,"Καὶ ἀπεκρίθη Πτολεμαῖος ὁ βασιλεὺς λέγων· ‘ Ἀγαθὴ ἡμέρα, ἐν ᾗ ἀνέστρεψας εἰς γῆν πατέρων σου καὶ ἐκάθισας ἐπὶ θρόνου βασιλείας αὐτῶν.",,,,
1 Maccabees 10:56,1MA,1 Maccabees,10,56,"καὶ νῦν ποιήσω σοι ἃ ἔγραψας, ἀλλ᾿ ἀπάντησον εἰς Πτολεμαΐδα, ὅπως ἴδωμεν ἀλλήλους, καὶ ἐπιγαμβρεύσω σοι, καθὼς εἴρηκας’.",,,,
1 Maccabees 10:57,1MA,1 Maccabees,10,57,"Καὶ ἐξῆλθε Πτολεμαῖος ἐξ Αἰγύπτου, αὐτὸς καὶ Κλεοπάτρα ἡ θυγάτηρ αὐτοῦ, καὶ εἰσῆλθον εἰς Πτολεμαΐδα ἔτους δευτέρου καὶ ἑξηκοστοῦ καὶ ἑκατοστοῦ.",,,,
1 Maccabees 10:58,1MA,1 Maccabees,10,58,"καὶ ἀπήντησεν αὐτῷ Ἀλέξανδρος ὁ βασιλεύς, καὶ ἐξέδοτο αὐτῷ Κλεοπάτραν τὴν θυγατέρα αὐτοῦ καὶ ἐποίησε τὸν γάμον αὐτῆς ἐν Πτολεμαΐδι καθὼς οἱ βασιλεὶς ἐν δόξῃ μεγάλῃ.",,,,
1 Maccabees 10:59,1MA,1 Maccabees,10,59,καὶ ἔγραψεν Ἀλέξανδρος ὁ βασιλεὺς τῷ Ἰωνάθαν ἐλθεῖν εἰς συνάντησιν αὐτῷ.,,,,
1 Maccabees 10:60,1MA,1 Maccabees,10,60,καὶ ἐπορεύθη μετὰ δόξης εἰς Πτολεμαΐδα καὶ ἀπήντησε τοῖς δυσὶ βασιλεῦσι· καὶ ἔδωκεν αὐτοῖς ἀργύριον καὶ χρυσίον καὶ τοῖς φίλοις αὐτῶν καὶ δόματα πολλὰ καὶ εὗρε χάριν ἐναντίον αὐτῶν.,,,,
1 Maccabees 10:61,1MA,1 Maccabees,10,61,"καὶ ἐπισυνήχθησαν πρὸς αὐτὸν ἄνδρες λοιμοὶ ἐξ Ἰσραήλ, ἄνδρες παράνομοι, ἐντυχεῖν κατ᾿ αὐτοῦ, καὶ οὐ προσέσχεν αὐτοῖς ὁ βασιλεύς.",,,,
1 Maccabees 10:62,1MA,1 Maccabees,10,62,"καὶ προσέταξεν ὁ βασιλεὺς καὶ ἐξέδυσαν Ἰωνάθαν τὰ ἱμάτια αὐτοῦ καὶ ἐνέδυσαν αὐτὸν πορφύραν, καὶ ἐποίησαν οὕτως.",,,,
1 Maccabees 10:63,1MA,1 Maccabees,10,63,"καὶ ἐκάθισεν αὐτὸν ὁ βασιλεὺς μετ᾿ αὐτοῦ καὶ εἶπε τοῖς ἄρχουσιν αὐτοῦ· ἐξέλθετε μετ᾿ αὐτοῦ εἰς μέσον τῆς πόλεως καὶ κηρύξατε τοῦ μηδένα ἐντυγχάνειν κατ᾿ αὐτοῦ περὶ μηδενὸς πράγματος, καὶ μηδεὶς αὐτῷ παρενοχλείτω περὶ παντὸς λόγου.",,,,
1 Maccabees 10:64,1MA,1 Maccabees,10,64,"καὶ ἐγένετο ὡς εἶδον οἱ ἐντυγχάνοντες τὴν δόξαν αὐτοῦ, καθὼς ἐκήρυξε, καὶ περιβεβλημένον αὐτὸν πορφύραν, καὶ ἔφυγον πάντες.",,,,
1 Maccabees 10:65,1MA,1 Maccabees,10,65,καὶ ἐδόξασεν αὐτὸν ὁ βασιλεὺς καὶ ἔγραψεν αὐτὸν τῶν πρώτων φίλων καὶ ἔθετο αὐτὸν στρατηγὸν καὶ μεριδάρχην.,,,,
1 Maccabees 10:66,1MA,1 Maccabees,10,66,καὶ ἐπέστρεψεν Ἰωνάθαν εἰς Ἱερουσαλὴμ μετ᾿ εἰρήνης καὶ εὐφροσύνης.,,,,
1 Maccabees 10:67,1MA,1 Maccabees,10,67,Καὶ ἐν ἔτει πέμπτῳ καὶ ἑξηκοστῷ καὶ ἑκατοστῷ ἦλθε Δημήτριος υἱὸς Δημητρίου ἐκ Κρήτης εἰς τὴν γῆν τῶν πατέρων αὐτοῦ.,,,,
1 Maccabees 10:68,1MA,1 Maccabees,10,68,καὶ ἤκουσεν Ἀλέξανδρος βασιλεὺς καὶ ἐλυπήθη σφόδρα καὶ ὑπέστρεψεν εἰς Ἀντιόχειαν.,,,,
1 Maccabees 10:69,1MA,1 Maccabees,10,69,"καὶ κατέστησε Δημήτριος Ἀπολλώνιον τὸν ὄντα ἐπὶ Κοίλης Συρίας, καὶ συνήγαγε δύναμιν μεγάλην καὶ παρενέβαλεν ἐν Ἰαμνείᾳ. καὶ ἀπέστειλε πρὸς Ἰωνάθαν τὸν ἀρχιερέα λέγων·",,,,
1 Maccabees 10:70,1MA,1 Maccabees,10,70,"‘Σὺ μονώτατος ἐπαίρῃ ἐφ᾿ ἡμᾶς, ἐγὼ δὲ ἐγενήθην εἰς καταγέλωτα καὶ εἰς ὀνειδισμὸν διὰ σέ· καὶ διατί σὺ ἐξουσιάζῃ ἐφ᾿ ἡμᾶς ἐν τοῖς ὄρεσι;",,,,
1 Maccabees 10:71,1MA,1 Maccabees,10,71,"νῦν οὖν εἰ πέποιθας ἐπὶ ταῖς δυνάμεσί σου, κατάβηθι πρὸς ἡμᾶς εἰς τὸ πεδίον, καὶ συγκριθῶμεν ἑαυτοῖς ἐκεῖ, ὅτι μετ᾿ ἐμοῦ ἐστι δύναμις τῶν πόλεων.",,,,
1 Maccabees 10:72,1MA,1 Maccabees,10,72,"ἐρώτησον καὶ μάθε τίς εἰμι καὶ οἱ λοιποὶ οἱ βοηθοῦντες ἡμῖν, καὶ λέγουσιν· οὐκ ἔστιν ὑμῖν στάσις ποδὸς κατὰ πρόσωπον ἡμῶν, ὅτι δὶς ἐτροπώθησαν οἱ πατέρες σου ἐν γῇ αὐτῶν.",,,,
1 Maccabees 10:73,1MA,1 Maccabees,10,73,"καὶ νῦν οὐ δυνήσῃ ὑποστῇναι τὴν ἵππον καὶ δύναμιν τοιαύτην ἐν τῷ πεδίῳ, ὅπου οὐκ ἔστι λίθος οὐδὲ κόχλαξ οὐδὲ τόπος τοῦ φυγεῖν’.",,,,
1 Maccabees 10:74,1MA,1 Maccabees,10,74,"Ὡς δὲ ἤκουσεν Ἰωνάθαν τῶν λόγων Ἀπολλωνίου, ἐκινήθη τῇ διανοίᾳ καὶ ἐπέλεξε δέκα χιλιάδας ἀνδρῶν καὶ ἐξῆλθεν ἐξ Ἱερουσαλήμ, καὶ συνήντησεν αὐτῷ Σίμων ὁ ἀδελφὸς αὐτοῦ ἐπὶ βοήθειαν αὐτοῦ.",,,,
1 Maccabees 10:75,1MA,1 Maccabees,10,75,"καὶ παρενέβαλεν ἐπὶ Ἰόππην, καὶ ἀπέκλεισαν αὐτὸν ἐκ τῆς πόλεως, ὅτι φρουρὰ Ἀπολλωνίου ἐν Ἰόππῃ, καὶ ἐπολέμησαν αὐτήν.",,,,
1 Maccabees 10:76,1MA,1 Maccabees,10,76,"καὶ φοβηθέντες ἤνοιξαν οἱ ἐκ τῆς πόλεως, καὶ ἐκυρίευσεν Ἰωνάθαν Ἰόππης.",,,,
1 Maccabees 10:77,1MA,1 Maccabees,10,77,"καὶ ἤκουσεν Ἀπολλώνιος, καὶ παρενέβαλε τρισχιλίαν ἵππον καὶ δύναμιν πολλὴν καὶ ἐπορεύθη εἰς Ἄζωτον ὡς διοδεύων καὶ ἅμα προῆγεν εἰς τὸ πεδίον διὰ τὸ ἔχειν αὐτὸν πλῆθος ἵππου καὶ πεποιθέναι ἐπ᾿ αὐτῇ.",,,,
1 Maccabees 10:78,1MA,1 Maccabees,10,78,"καὶ κατεδίωξεν Ἰωνάθαν ὀπίσω αὐτοῦ εἰς Ἄζωτον, καὶ συνῆψαν αἱ παρεμβολαὶ εἰς πόλεμον.",,,,
1 Maccabees 10:79,1MA,1 Maccabees,10,79,καὶ ἀπέλιπεν Ἀπολλώνιος χιλίαν ἵππον ἐν κρυπτῷ κατόπισθεν αὐτῶν.,,,,
1 Maccabees 10:80,1MA,1 Maccabees,10,80,"καὶ ἔγνω Ἰωνάθαν ὅτι ἔστιν ἔνεδρον κατόπισθεν αὐτοῦ, καὶ ἐκύκλωσαν αὐτοῦ τὴν παρεμβολὴν καὶ ἐξετίναξαν τὰς σχίζας εἰς τὸν λαὸν ἐκ πρωΐθεν ἕως ἑσπέρας·",,,,
1 Maccabees 10:81,1MA,1 Maccabees,10,81,"ὁ δὲ λαὸς εἱστήκει καθὼς ἐπέταξεν Ἰωνάθαν, καὶ ἐκοπίασαν οἱ ἵπποι αὐτῶν.",,,,
1 Maccabees 10:82,1MA,1 Maccabees,10,82,"καὶ εἵλκυσε Σίμων τὴν δύναμιν αὐτοῦ καὶ συνῆψε πρὸς τὴν φάραγγα, ἡ γὰρ ἵππος ἐξελύθη, καὶ συνετρίβησαν ὑπ᾿ αὐτοῦ καὶ ἔφυγον.",,,,
1 Maccabees 10:83,1MA,1 Maccabees,10,83,"καὶ ἡ ἵππος ἐσκορπίσθη ἐν τῷ πεδίῳ, καὶ ἔφυγον εἰς Ἄζωτον καὶ εἰσῆλθον εἰς Βηθδαγὼν τὸ εἰδωλεῖον αὐτῶν τοῦ σωθῆναι.",,,,
1 Maccabees 10:84,1MA,1 Maccabees,10,84,καὶ ἐνεπύρισεν Ἰωνάθαν τὴν Ἄζωτον καὶ τὰς πόλεις τὰς κύκλῳ αὐτῆς καὶ ἔλαβε τὰ σκῦλα αὐτῶν καὶ τὸ ἱερὸν Δαγὼν καὶ τοὺς συμφυγόντας εἰς αὐτὸ ἐνεπύρισε πυρί.,,,,
1 Maccabees 10:85,1MA,1 Maccabees,10,85,καὶ ἐγένοντο οἱ πεπτωκότες μαχαίρᾳ σὺν τοῖς ἐμπυρισθεῖσιν εἰς ἄνδρας ὀκτακισχιλίους.,,,,
1 Maccabees 10:86,1MA,1 Maccabees,10,86,"καὶ ἀπῇρεν ἐκεῖθεν Ἰωνάθαν καὶ παρενέβαλεν ἐπὶ Ἀσκάλωνα, καὶ ἐξῆλθον οἱ ἐκ τῆς πόλεως εἰς συνάντησιν αὐτῷ ἐν δόξῃ μεγάλῃ.",,,,
1 Maccabees 10:87,1MA,1 Maccabees,10,87,καὶ ἐπέστρεψεν Ἰωνάθαν εἰς Ἱερουσαλὴμ σὺν τοῖς παρ᾿ αὐτοῦ ἔχοντες σκῦλα πολλά.,,,,
1 Maccabees 10:88,1MA,1 Maccabees,10,88,"καὶ ἐγένετο ὡς ἤκουσεν Ἀλέξανδρος ὁ βασιλεὺς τοὺς λόγους τούτους, καὶ προσέθετο δοξάσαι τὸν Ἰωνάθαν.",,,,
1 Maccabees 10:89,1MA,1 Maccabees,10,89,"καὶ ἀπέστειλεν αὐτῷ πόρπην χρυσῆν, ὡς ἔθος ἐστὶ δίδοσθαι τοῖς συγγενέσι τῶν βασιλέων, καὶ ἔδωκεν αὐτῷ τὴν Ἀκκαρὼν καὶ πάντα τὰ ὅρια αὐτῆς εἰς κληροδοσίαν.",,,,
1 Maccabees 11:1,1MA,1 Maccabees,11,1,ΚΑΙ ὁ βασιλεὺς Αἰγύπτου ἤθροισε δυνάμεις πολλὰς ὡς τὴν ἄμμον τὴν περὶ τὸ χεῖλος τῆς θαλάσσης καὶ πλοῖα πολλὰ καὶ ἐζήτησε κατακρατῆσαι τῆς βασιλείας Ἀλεξάνδρου δόλῳ καὶ προσθεῖναι αὐτὴν τῇ βασιλείᾳ αὐτοῦ.,,,,
1 Maccabees 11:2,1MA,1 Maccabees,11,2,"καὶ ἐξῆλθεν εἰς Συρίαν λόγοις εἰρηνικοῖς, καὶ ἤνοιγον αὐτῷ οἱ ἀπὸ τῶν πόλεων καὶ συνήντων αὐτῷ, ὅτι ἐντολὴ ἦν Ἀλεξάνδρου τοῦ βασιλέως συναντᾶν αὐτῷ διὰ τὸ πενθερὸν αὐτοῦ εἶναι.",,,,
1 Maccabees 11:3,1MA,1 Maccabees,11,3,"ὡς δὲ εἰσεπορεύετο εἰς τὰς πόλεις ὁ Πτολεμαῖος, ἀπέτασσε τὰς δυνάμεις φρουρὰν ἐν ἑκάστῃ πόλει.",,,,
1 Maccabees 11:4,1MA,1 Maccabees,11,4,"ὡς δὲ ἤγγισεν Ἀζώτου, ἔδειξαν αὐτῷ τὸ ἱερὸν Δαγὼν ἐμπεπυρισμένον καὶ Ἄζωτον καὶ τὰ περιπόλια αὐτῆς καθῃρημένα καὶ τὰ σώματα ἐρριμμένα καὶ τοὺς ἐμπεπυρισμένους, οὓς ἐνεπύρισεν ἐν τῷ πολέμῳ· ἐποίησαν γὰρ θημωνίας αὐτῶν ἐν τῇ ὁδῷ αὐτοῦ.",,,,
1 Maccabees 11:5,1MA,1 Maccabees,11,5,καὶ διηγήσαντο τῷ βασιλεῖ ἃ ἐποίησεν Ἰωνάθαν εἰς τὸ ψογίσαι αὐτόν· καὶ ἐσίγησεν ὁ βασιλεύς.,,,,
1 Maccabees 11:6,1MA,1 Maccabees,11,6,"καὶ συνήντησεν Ἰωνάθαν τῷ βασιλεῖ εἰς Ἰόππην μετὰ δόξης, καὶ ἠσπάσαντο ἀλλήλους καὶ ἐκοιμήθησαν ἐκεῖ.",,,,
1 Maccabees 11:7,1MA,1 Maccabees,11,7,καὶ ἐπορεύθη Ἰωνάθαν μετὰ τοῦ βασιλέως ἕως τοῦ ποταμοῦ τοῦ καλουμένου Ἐλευθέρου καὶ ἐπέστρεψεν εἰς Ἱερουσαλήμ.,,,,
1 Maccabees 11:8,1MA,1 Maccabees,11,8,ὁ δὲ βασιλεὺς Πτολεμαῖος ἐκυρίευσε τῶν πόλεων τῆς παραλίας ἕως Σελευκείας τῆς παραθαλασσίας καὶ διελογίζετο περὶ Ἀλεξάνδρου λογισμοὺς πονηρούς.,,,,
1 Maccabees 11:9,1MA,1 Maccabees,11,9,"καὶ ἀπέστειλε πρέσβεις πρὸς Δημήτριον τὸν βασιλέα λέγων· δεῦρο συνθώμεθα πρὸς ἑαυτοὺς διαθήκην, καὶ δώσω σοι τὴν θυγατέρα μου, ἣν ἔχει Ἀλέξανδρος, καὶ βασιλεύσεις τῆς βασιλείας τοῦ πατρός σου·",,,,
1 Maccabees 11:10,1MA,1 Maccabees,11,10,"μεταμεμέλημαι γὰρ δοὺς αὐτῷ τὴν θυγατέρα μου, ἐζήτησε γὰρ ἀποκτεῖναί με.",,,,
1 Maccabees 11:11,1MA,1 Maccabees,11,11,καὶ ἐψόγισεν αὐτὸν χάριν τοῦ ἐπιθυμῆσαι αὐτὸν τῆς βασιλείας αὐτοῦ·,,,,
1 Maccabees 11:12,1MA,1 Maccabees,11,12,καὶ ἀφελόμενος αὐτοῦ τὴν θυγατέρα ἔδωκεν αὐτὴν τῷ Δημητρίῳ καὶ ἠλλοτριώθη τῷ Ἀλεξάνδρῳ καὶ ἐφάνη ἡ ἔχθρα αὐτῶν.,,,,
1 Maccabees 11:13,1MA,1 Maccabees,11,13,"καὶ εἰσῆλθε Πτολεμαῖος εἰς Ἀντιόχειαν καὶ περιέθετο τὸ διάδημα τῆς Ἀσίας· καὶ περιέθετο δύο διαδήματα περὶ τὴν κεφαλὴν αὐτοῦ, τὸ τῆς Ἀσίας καὶ Αἰγύπτου.",,,,
1 Maccabees 11:14,1MA,1 Maccabees,11,14,"Ἀλέξανδρος δὲ ὁ βασιλεὺς ἦν ἐν Κιλικίᾳ κατὰ τοὺς καιροὺς ἐκείνους, ὅτι ἀπεστάτουν οἱ ἀπὸ τῶν τόπων ἐκείνων.",,,,
1 Maccabees 11:15,1MA,1 Maccabees,11,15,καὶ ἤκουσεν Ἀλέξανδρος καὶ ἦλθεν ἐπ᾿ αὐτὸν πολέμῳ. καὶ ἐξήγαγε Πτολεμαῖος τὴν δύναμιν καὶ ἀπήντησεν αὐτῷ ἐν χειρὶ ἰσχυρᾷ καὶ ἐτροπώσατο αὐτόν.,,,,
1 Maccabees 11:16,1MA,1 Maccabees,11,16,καὶ ἔφυγεν Ἀλέξανδρος εἰς τὴν Ἀραβίαν τοῦ σκεπασθῆναι αὐτὸν ἐκεῖ. ὁ δὲ βασιλεὺς Πτολεμαῖος ὑψώθη.,,,,
1 Maccabees 11:17,1MA,1 Maccabees,11,17,καὶ ἀφεῖλε Ζαβδιὴλ ὁ Ἄραψ τὴν κεφαλὴν Ἀλεξάνδρου καὶ ἀπέστειλε τῷ Πτολεμαίῳ.,,,,
1 Maccabees 11:18,1MA,1 Maccabees,11,18,"καὶ ὁ βασιλεὺς Πτολεμαῖος ἀπέθανεν ἐν τῇ ἡμέρᾳ τῇ τρίτῃ, καὶ οἱ ὄντες ἐν τοῖς ὀχυρώμασιν ἀπώλοντο ὑπὸ τῶν ἐν τοῖς ὀχυρώμασι.",,,,
1 Maccabees 11:19,1MA,1 Maccabees,11,19,καὶ ἐβασίλευσε Δημήτριος ἔτους ἑβδόμου καὶ ἑξηκοστοῦ καὶ ἑκατοστοῦ.,,,,
1 Maccabees 11:20,1MA,1 Maccabees,11,20,Ἐν ταῖς ἡμέραις ἐκείναις συνήγαγεν Ἰωνάθαν τοὺς ἐκ τῆς Ἰουδαίας τοῦ ἐκπολεμῆσαι τὴν ἄκραν τὴν ἐν Ἱερουσαλὴμ καὶ ἐποίησεν ἐπ᾿ αὐτὴν μηχανὰς πολλάς.,,,,
1 Maccabees 11:21,1MA,1 Maccabees,11,21,καὶ ἐπορεύθησάν τινες μισοῦντες τὸ ἔθνος αὐτῶν ἄνδρες παράνομοι πρὸς τὸν βασιλέα καὶ ἀπήγγειλαν αὐτῷ ὅτι Ἰωνάθαν περικάθηται τὴν ἄκραν.,,,,
1 Maccabees 11:22,1MA,1 Maccabees,11,22,"καὶ ἀκούσας ὠργίσθη· ὡς δὲ ἤκουσεν, εὐθέως ἀναζεύξας ἦλθεν εἰς Πτολεμαΐδα καὶ ἔγραψεν Ἰωνάθαν τοῦ μὴ περικαθῆσθαι τῇ ἄκρᾳ καὶ τοῦ ἀπαντῆσαι αὐτὸν αὐτῷ συμμίσγειν εἰς Πτολεμαΐδα τὴν ταχίστην.",,,,
1 Maccabees 11:23,1MA,1 Maccabees,11,23,"ὡς δὲ ἤκουσεν Ἰωνάθαν, ἐκέλευσε περικαθῆσθαι καὶ ἐπέλεξε τῶν πρεσβυτέρων Ἰσραὴλ καὶ τῶν ἱερέων καὶ ἔδωκεν ἑαυτὸν τῷ κινδύνῳ·",,,,
1 Maccabees 11:24,1MA,1 Maccabees,11,24,καὶ λαβὼν ἀργύριον καὶ χρυσίον καὶ ἱματισμὸν καὶ ἕτερα ξένια πλείονα ἐπορεύθη πρὸς τὸν βασιλέα εἰς Πτολεμαΐδα καὶ εὗρε χάριν ἐνώπιον αὐτοῦ.,,,,
1 Maccabees 11:25,1MA,1 Maccabees,11,25,καὶ ἐνετύγχανον κατ᾿ αὐτοῦ τινες ἄνομοι τῶν ἐκ τοῦ ἔθνους.,,,,
1 Maccabees 11:26,1MA,1 Maccabees,11,26,"καὶ ἐποίησεν αὐτῷ ὁ βασιλεὺς καθὼς ἐποίησαν αὐτῷ οἱ πρὸ αὐτοῦ, καὶ ὕψωσεν αὐτὸν ἐναντίον πάντων τῶν φίλων αὐτοῦ,",,,,
1 Maccabees 11:27,1MA,1 Maccabees,11,27,καὶ ἔστησεν αὐτῷ τὴν ἀρχιερωσύνην καὶ ὅσα ἄλλα εἶχε τίμια τὸ πρότερον καὶ ἐποίησεν αὐτὸν τῶν πρώτων φίλων ἡγεῖσθαι.,,,,
1 Maccabees 11:28,1MA,1 Maccabees,11,28,καὶ ἠξίωσεν Ἰωνάθαν τὸν βασιλέα ποιῆσαι τὴν Ἰουδαίαν ἀφορολόγητον καὶ τὰς τρεῖς τοπαρχίας καὶ τὴν Σαμαρεῖτιν καὶ ἐπηγγείλατο αὐτῷ τάλαντα τριακόσια.,,,,
1 Maccabees 11:29,1MA,1 Maccabees,11,29,καὶ εὐδόκησεν ὁ βασιλεὺς καὶ ἔγραψε τῷ Ἰωνάθαν ἐπιστολὰς περὶ πάντων τούτων ἐχούσας τὸν τρόπον τοῦτον·,,,,
1 Maccabees 11:30,1MA,1 Maccabees,11,30,"‘Βασιλεὺς Δημήτριος Ἰωνάθαν τῷ ἀδελφῷ χαίρειν, καὶ ἔθνει Ἰουδαίων.",,,,
1 Maccabees 11:31,1MA,1 Maccabees,11,31,"τὸ ἀντίγραφον τῆς ἐπιστολῆς, ἧς ἐγράψαμεν Λασθένει τῷ συγγενεῖ ἡμῶν περὶ ὑμῶν, γεγράφαμεν καὶ πρὸς ὑμᾶς ὅπως εἰδῆτε.",,,,
1 Maccabees 11:32,1MA,1 Maccabees,11,32,βασιλεὺς Δημήτριος Λασθένει τῷ πατρὶ χαίρειν.,,,,
1 Maccabees 11:33,1MA,1 Maccabees,11,33,τῷ ἔθνει τῶν Ἰουδαίων φίλοις ἡμῶν καὶ συντηροῦσι τὰ πρὸς ἡμᾶς δίκαια ἐκρίναμεν ἀγαθοποιῆσαι χάριν τῆς ἐξ αὐτῶν εὐνοίας πρὸς ἡμᾶς.,,,,
1 Maccabees 11:34,1MA,1 Maccabees,11,34,"ἑστάκαμεν οὖν αὐτοῖς τά τε ὅρια τῆς Ἰουδαίας καὶ τοὺς τρεῖς νομούς, Ἀφαίρεμα καὶ Λύδδαν καὶ Ραμαθέμ, οἵτινες προσετέθησαν τῇ Ἰουδαίᾳ ἀπὸ τῆς Σαμαρείτιδος, καὶ πάντα τὰ συγκυροῦντα αὐτοῖς πᾶσι τοῖς θυσιάζουσιν εἰς Ἱεροσόλυμα, ἀντὶ τῶν βασιλικῶν, ὧν ἐλάμβανεν ὁ βασιλεὺς παρ᾿ αὐτῶν τὸ πρότερον κατ᾿ ἐνιαυτὸν ἀπὸ τῶν γεννημάτων τῆς γῆς καὶ ἀπὸ τῶν ἀκροδρύων.",,,,
1 Maccabees 11:35,1MA,1 Maccabees,11,35,"καὶ τὰ ἄλλα τὰ ἀνήκοντα ἡμῖν ἀπὸ τοῦ νῦν τῶν δεκατῶν καὶ τῶν τελῶν τῶν ἀνηκόντων ἡμῖν καὶ τὰς τοῦ ἁλὸς λίμνας καὶ τοὺς ἀνήκοντας ἡμῖν στεφάνους, πάντα ἐπαρκῶς παρίεμεν αὐτοῖς.",,,,
1 Maccabees 11:36,1MA,1 Maccabees,11,36,καὶ οὐκ ἀθετηθήσεται οὐδὲ ἓν τούτων ἀπὸ τοῦ νῦν καὶ εἰς τὸν ἅπαντα χρόνον.,,,,
1 Maccabees 11:37,1MA,1 Maccabees,11,37,νῦν οὖν ἐπιμέλεσθε τοῦ ποιῆσαι τούτων ἀντίγραφον καὶ δοθήτω Ἰωνάθαν καὶ τεθήτω ἐν τῷ ὄρει τῷ ἁγίῳ ἐν τόπῳ ἐπισήμῳ’.,,,,
1 Maccabees 11:38,1MA,1 Maccabees,11,38,"Καὶ εἶδε Δημήτριος ὁ βασιλεὺς ὅτι ἡσύχασεν ἡ γῆ ἐνώπιον αὐτοῦ καὶ οὐδὲν αὐτῷ ἀνθειστήκει, καὶ ἀπέλυσε πάσας τὰς δυνάμεις αὐτοῦ ἕκαστον εἰς τὸν ἴδιον τόπον, πλὴν τῶν ξένων δυνάμεων, ὧν ἐξενολόγησεν ἀπὸ τῶν νήσων τῶν ἐθνῶν· καὶ ἤχθραναν αὐτῷ πᾶσαι αἱ δυνάμεις τῶν πατέρων αὐτοῦ.",,,,
1 Maccabees 11:39,1MA,1 Maccabees,11,39,"Τρύφων δὲ ἦν τῶν παρὰ Ἀλέξάνδρου τὸ πρότερον καὶ εἶδεν ὅτι πᾶσαι αἱ δυνάμεις καταγογγύζουσι τοῦ Δημητρίου, καὶ ἐπορεύθη πρὸς Εἰμαλκουαὶ τὸν Ἄραβα, ὃς ἔτρεφε τὸν Ἀντίοχον τὸ παιδάριον τὸ τοῦ Ἀλεξάνδρου.",,,,
1 Maccabees 11:40,1MA,1 Maccabees,11,40,"καὶ προσήδρευεν αὐτῷ, ὅπως παραδοῖ αὐτὸν αὐτῷ, ὅπως βασιλεύσῃ ἀντὶ τοῦ πατρὸς αὐτοῦ. καὶ ἀπήγγειλεν αὐτῷ ὅσα συνετέλεσε Δημήτριος καὶ τὴν ἔχθραν, ἣν ἐχθραίνουσιν αὐτῷ αἱ δυνάμεις αὐτοῦ, καὶ ἔμεινεν ἐκεῖ ἡμέρας πολλάς.",,,,
1 Maccabees 11:41,1MA,1 Maccabees,11,41,"καὶ ἀπέστειλεν Ἰωνάθαν πρὸς Δημήτριον τὸν βασιλέα, ἵνα ἐκβάλῃ τοὺς ἐκ τῆς ἄκρας ἐξ Ἱερουσαλὴμ καὶ τοὺς ἐν τοῖς ὀχυρώμασιν· ἦσαν γὰρ πολεμοῦντες τὸν Ἰσραήλ.",,,,
1 Maccabees 11:42,1MA,1 Maccabees,11,42,"καὶ ἀπέστειλε Δημήτριος πρὸς Ἰωνάθαν λέγων· οὐ μόνον ταῦτα ποιήσω σοι καὶ τῷ ἔθνει σου, ἀλλὰ δόξῃ δοξάσω σε καὶ τὸ ἔθνος σου, ἐὰν εὐκαιρίας τύχω.",,,,
1 Maccabees 11:43,1MA,1 Maccabees,11,43,"νῦν οὖν ὀρθῶς ποιήσεις ἀποστείλας μοι ἄνδρας, οἳ συμμαχήσουσιν, ὅτι ἀπέστησαν πᾶσαι αἱ δυνάμεις μου.",,,,
1 Maccabees 11:44,1MA,1 Maccabees,11,44,"καὶ ἀπέστειλεν Ἰωνάθαν ἄνδρας τρισχιλίους δυνατοὺς ἰσχύϊ αὐτῷ εἰς Ἀντιόχειαν, καὶ ἤλθοσαν πρὸς τὸν βασιλέα, καὶ ηὐφράνθη ὁ βασιλεὺς ἐπὶ τῇ ἐφόδῳ αὐτῶν.",,,,
1 Maccabees 11:45,1MA,1 Maccabees,11,45,καὶ ἐπισυνήχθησαν οἱ ἐκ τῆς πόλεως εἰς μέσον τῆς πόλεως εἰς ἀνδρῶν δώδεκα μυριάδας ἀνδρῶν καὶ ἠβούλοντο ἀνελεῖν τὸν βασιλέα.,,,,
1 Maccabees 11:46,1MA,1 Maccabees,11,46,"καὶ ἔφυγεν ὁ βασιλεὺς εἰς τὴν αὐλήν, καὶ κατελάβοντο οἱ ἐκ τῆς πόλεως τὰς διόδους τῆς πόλεως καὶ ἤρξαντο πολεμεῖν.",,,,
1 Maccabees 11:47,1MA,1 Maccabees,11,47,"καὶ ἐκάλεσεν ὁ βασιλεὺς τοὺς Ἰουδαίους ἐπὶ βοήθειαν, καὶ ἐπισυνήχθησαν πρὸς αὐτὸν πάντες ἅμα καὶ διεσπάρησαν ἐν τῇ πόλει πάντες ἅμα καὶ ἀπέκτειναν ἐν τῇ πόλει ἐν τῇ ἡμέρᾳ ἐκείνῃ εἰς μυριάδας δέκα·",,,,
1 Maccabees 11:48,1MA,1 Maccabees,11,48,καὶ ἐνεπύρισαν τὴν πόλιν καὶ ἐλάβοσαν σκῦλα πολλὰ ἐν ἐκείνῃ τῇ ἡμέρᾳ καὶ ἔσωσαν τὸν βασιλέα.,,,,
1 Maccabees 11:49,1MA,1 Maccabees,11,49,"καὶ εἶδον οἱ ἀπὸ τῆς πόλεως ὅτι κατεκράτησαν οἱ Ἰουδαῖοι τῆς πόλεως ὡς ἠβούλοντο, καὶ ἠσθένησαν ταῖς διανοίαις αὐτῶν καὶ ἐκέκραξαν πρὸς τὸν βασιλέα μετὰ δεήσεως λέγοντες·",,,,
1 Maccabees 11:50,1MA,1 Maccabees,11,50,δὸς ἡμῖν δεξιὰς καὶ παυσάσθωσαν οἱ Ἰουδαῖοι πολεμοῦντες ἡμᾶς καὶ τὴν πόλιν.,,,,
1 Maccabees 11:51,1MA,1 Maccabees,11,51,καὶ ἔρριψαν τὰ ὅπλα καὶ ἐποίησαν εἰρήνην καὶ ἐδοξάσθησαν οἱ Ἰουδαῖοι ἐναντίον τοῦ βασιλέως καὶ ἐνώπιον πάντων τῶν ἐν τῇ βασιλείᾳ αὐτοῦ καὶ ἐπέστρεψαν εἰς Ἱερουσαλὴμ ἔχοντες σκῦλα πολλά.,,,,
1 Maccabees 11:52,1MA,1 Maccabees,11,52,"καὶ ἐκάθησε Δημήτριος ὁ βασιλεὺς ἐπὶ θρόνου τῆς βασιλείας αὐτοῦ, καὶ ἡσύχασεν ἡ γῆ ἐνώπιον αὐτοῦ.",,,,
1 Maccabees 11:53,1MA,1 Maccabees,11,53,"καὶ ἐψεύσατο πάντα, ὅσα εἶπε, καὶ ἠλλοτριώθη τῷ Ἰωνάθαν καὶ οὐκ ἀνταπέδωκε κατὰ τὰς εὐνοίας, ἃς ἀνταπέδωκεν αὐτῷ, καὶ ἔθλιβεν αὐτὸν σφόδρα.",,,,
1 Maccabees 11:54,1MA,1 Maccabees,11,54,Μετὰ δὲ ταῦτα ἀπέστρεψε Τρύφων καὶ Ἀντίοχος μετ᾿ αὐτοῦ παιδάριον νεώτερον· καὶ ἐβασίλευσε καὶ ἐπέθετο διάδημα.,,,,
1 Maccabees 11:55,1MA,1 Maccabees,11,55,"καὶ ἐπισυνήχθησαν πρὸς αὐτὸν πᾶσαι αἱ δυνάμεις, ἃς ἀπεσκόρπισε Δημήτριος, καὶ ἐπολέμησαν πρὸς αὐτόν, καὶ ἔφυγε καὶ ἐτροπώθη.",,,,
1 Maccabees 11:56,1MA,1 Maccabees,11,56,καὶ ἔλαβε Τρύφων τὰ θηρία καὶ κατεκράτησεν Ἀντιοχείας.,,,,
1 Maccabees 11:57,1MA,1 Maccabees,11,57,καὶ ἔγραψεν Ἀντίοχος ὁ νεώτερος τῷ Ἰωνάθαν λέγων· ἵστημί σοι τὴν ἀρχιερωσύνην καὶ καθίστημί σε ἐπὶ τῶν τεσσάρων νομῶν καὶ εἶναί σε τῶν φίλων τοῦ βασιλέως.,,,,
1 Maccabees 11:58,1MA,1 Maccabees,11,58,καὶ ἀπέστειλεν αὐτῷ χρυσώματα καὶ διακονίαν καὶ ἔδωκεν αὐτῷ ἐξουσίαν πίνειν ἐν χρυσώμασι καὶ εἶναι ἐν πορφύρᾳ καὶ ἔχειν πόρπην χρυσῆν·,,,,
1 Maccabees 11:59,1MA,1 Maccabees,11,59,καὶ Σίμωνα τὸν ἀδελφὸν αὐτοῦ κατέστησε στρατηγὸν ἀπὸ τῆς κλίμακος Τύρου ἕως τῶν ὁρίων Αἰγύπτου.,,,,
1 Maccabees 11:60,1MA,1 Maccabees,11,60,"καὶ ἐξῆλθεν Ἰωνάθαν καὶ διεπορεύετο πέραν τοῦ ποταμοῦ καὶ ἐν ταῖς πόλεσι, καὶ ἠθροίσθησαν πρὸς αὐτὸν πᾶσαι αἱ δυνάμεις Συρίας εἰς συμμαχίαν, καὶ ἦλθεν εἰς Ἀσκάλωνα, καὶ ἀπήντησαν αὐτῷ οἱ ἐκ τῆς πόλεως ἐνδόξως.",,,,
1 Maccabees 11:61,1MA,1 Maccabees,11,61,"καὶ ἀπῆλθεν ἐκεῖθεν εἰς Γάζαν, καὶ ἀπέκλεισαν οἱ ἀπὸ Γάζης, καὶ περιεκάθισε περὶ αὐτὴν καὶ ἐνεπύρισε τὰ περιπόλια αὐτῆς πυρὶ καὶ ἐσκύλευσεν αὐτά.",,,,
1 Maccabees 11:62,1MA,1 Maccabees,11,62,"καὶ ἠξίωσαν οἱ ἀπὸ Γάζης τὸν Ἰωνάθαν, καὶ ἔδωκεν αὐτοῖς δεξιὰς καὶ ἔλαβε τοὺς υἱοὺς ἀρχόντων αὐτῶν εἰς ὅμηρα καὶ ἐξαπέστειλεν αὐτοὺς εἰς Ἱερουσαλήμ· καὶ διῆλθε τὴν χώραν ἕως Δαμασκοῦ.",,,,
1 Maccabees 11:63,1MA,1 Maccabees,11,63,καὶ ἤκουσεν Ἰωνάθαν ὅτι παρῆσαν οἱ ἄρχοντες Δημητρίου εἰς Κάδης τὴν ἐν τῇ Γαλιλαίᾳ μετὰ δυνάμεως πολλῆς βουλόμενοι μεταστῆσαι αὐτὸν τῆς χρείας.,,,,
1 Maccabees 11:64,1MA,1 Maccabees,11,64,"καὶ συνήντησεν αὐτοῖς, τὸν δὲ ἀδελφὸν αὐτοῦ Σίμωνα κατέλιπεν ἐν τῇ χώρᾳ.",,,,
1 Maccabees 11:65,1MA,1 Maccabees,11,65,καὶ παρενέβαλε Σίμων ἐπὶ Βαιθσούρᾳ καὶ ἐπολέμει αὐτὴν ἡμέρας πολλὰς καὶ συνέκλεισεν αὐτήν.,,,,
1 Maccabees 11:66,1MA,1 Maccabees,11,66,"καὶ ἠξίωσαν αὐτὸν τοῦ δεξιὰς λαβεῖν, καὶ ἔδωκεν αὐτοῖς· καὶ ἐξέβαλεν αὐτοὺς ἐκεῖθεν καὶ κατελάβετο τὴν πόλιν καὶ ἔθετο ἐπ᾿ αὐτῇ φρουράν.",,,,
1 Maccabees 11:67,1MA,1 Maccabees,11,67,"καὶ Ἰωνάθαν καὶ ἡ παρεμβολὴ αὐτοῦ παρενέβαλον ἐπὶ τὸ ὕδωρ Γεννησάρ, καὶ ὤρθρισαν τὸ πρωΐ εἰς τὸ πεδίον Νασώρ.",,,,
1 Maccabees 11:68,1MA,1 Maccabees,11,68,"καὶ ἰδοὺ παρεμβολὴ ἀλλοφύλων ἀπήντα αὐτῷ ἐν τῷ πεδίῳ καὶ ἐξέβαλον ἔνεδρον ἐπ᾿ αὐτὸν ἐν τοῖς ὄρεσιν, αὐτοὶ δὲ ἀπήντησαν ἐξεναντίας.",,,,
1 Maccabees 11:69,1MA,1 Maccabees,11,69,"τὰ δὲ ἔνεδρα ἐξανέστησαν ἐκ τῶν τόπων αὐτῶν καὶ συνῆψαν πόλεμον. καὶ ἔφυγον οἱ παρὰ Ἰωνάθαν πάντες,",,,,
1 Maccabees 11:70,1MA,1 Maccabees,11,70,"οὐδὲ εἷς κατελείφθη ἀπ᾿ αὐτῶν, πλὴν Ματταθίας ὁ τοῦ Ἀβεσσαλώμου καὶ Ἰούδας ὁ τοῦ Χαλφὶ ἄρχοντες τῆς στρατιᾶς τῶν δυνάμεων.",,,,
1 Maccabees 11:71,1MA,1 Maccabees,11,71,καὶ διέρρηξεν Ἰωνάθαν τὰ ἱμάτια αὐτοῦ καὶ ἐπέθετο γῆν ἐπὶ τὴν κεφαλὴν αὐτοῦ καὶ προσηύξατο.,,,,
1 Maccabees 11:72,1MA,1 Maccabees,11,72,"καὶ ὑπέστρεψε πρὸς αὐτοὺς πολέμῳ καὶ ἐτροπώσατο αὐτούς, καὶ ἔφυγον.",,,,
1 Maccabees 11:73,1MA,1 Maccabees,11,73,καὶ εἶδον οἱ φεύγοντες οἱ παρ᾿ αὐτοῦ καὶ ἐπέστρεψαν πρὸς αὐτὸν καὶ ἐδίωκον μετ᾿ αὐτοῦ ἕως Κάδης ἕως τῆς παρεμβολῆς αὐτῶν καὶ παρενέβαλον ἐκεῖ.,,,,
1 Maccabees 11:74,1MA,1 Maccabees,11,74,καὶ ἔπεσον ἐκ τῶν ἀλλοφύλων ἐν τῇ ἡμέρᾳ ἐκείνῃ εἰς ἄνδρας τρισχιλίους. καὶ ἐπέστρεψεν Ἰωνάθαν εἰς Ἱερουσαλήμ.,,,,
1 Maccabees 12:1,1MA,1 Maccabees,12,1,"ΚΑΙ εἶδεν Ἰωνάθαν ὅτι ὁ καιρὸς αὐτῷ συνεργεῖ, καὶ ἐπέλεξεν ἄνδρας καὶ ἀπέστειλεν εἰς Ρώμην στῆσαι καὶ ἀνανεώσασθαι τὴν πρὸς αὐτοὺς φιλίαν.",,,,
1 Maccabees 12:2,1MA,1 Maccabees,12,2,καὶ πρὸς Σπαρτιάτας καὶ τόπους ἑτέρους ἀπέστειλεν ἐπιστολὰς κατὰ τὰ αὐτά.,,,,
1 Maccabees 12:3,1MA,1 Maccabees,12,3,καὶ ἐπορεύθησαν εἰς Ρώμην καὶ εἰσῆλθον εἰς τὸ βουλευτήριον καὶ εἶπον· Ἰωνάθαν ὁ ἀρχιερεὺς καὶ τὸ ἔθνος τῶν Ἰουδαίων ἀπέστειλεν ἡμᾶς ἀνανεώσασθαι τὴν φιλίαν αὐτοῖς καὶ τὴν συμμαχίαν κατὰ τὸ πρότερον.,,,,
1 Maccabees 12:4,1MA,1 Maccabees,12,4,"καὶ ἔδωκαν ἐπιστολὰς αὐτοῖς πρὸς αὐτοὺς κατὰ τόπον, ὅπως προπέμπωσιν αὐτοὺς εἰς γῆν Ἰούδα μετ᾿ εἰρήνης.",,,,
1 Maccabees 12:5,1MA,1 Maccabees,12,5,Καὶ τοῦτο τὸ ἀντίγραφον τῶν ἐπιστολῶν ὧν ἔγραψεν Ἰωνάθαν τοῖς Σπαρτιάταις·,,,,
1 Maccabees 12:6,1MA,1 Maccabees,12,6,‘ Ἰωνάθαν ἀρχιερεὺς καὶ ἡ γερουσία τοῦ ἔθνους καὶ οἱ ἱερεῖς καὶ ὁ λοιπὸς δῆμος τῶν Ἰουδαίων Σπαρτιάταις τοῖς ἀδελφοῖς χαίρειν.,,,,
1 Maccabees 12:7,1MA,1 Maccabees,12,7,"ἔτι πρότερον ἀπεστάλησαν ἐπιστολαὶ πρὸς Ὀνίαν τὸν ἀρχιερέα παρὰ Δαρείου τοῦ βασιλεύοντος ἐν ὑμῖν ὅτι ἐστὲ ἀδελφοὶ ἡμῶν, ὡς τὸ ἀντίγραφον ὑπόκειται.",,,,
1 Maccabees 12:8,1MA,1 Maccabees,12,8,"καὶ ἐπεδέξατο Ὀνίας τὸν ἄνδρα τὸν ἀπεσταλμένον ἐνδόξως καὶ ἔλαβε τὰς ἐπιστολάς, ἐν αἷς διεσαφεῖτο περὶ συμμαχίας καὶ φιλίας.",,,,
1 Maccabees 12:9,1MA,1 Maccabees,12,9,"καὶ ἡμεῖς οὖν ἀπροσδεεῖς τούτων ὄντες, παράκλησιν ἔχοντες τὰ βιβλία τὰ ἅγια τὰ ἐν ταῖς χερσὶν ἡμῶν,",,,,
1 Maccabees 12:10,1MA,1 Maccabees,12,10,ἐπειράθημεν ἀποστεῖλαι τὴν πρὸς ὑμᾶς ἀδελφότητα καὶ φιλίαν ἀνανεώσασθαι πρὸς τὸ μὴ ἐξαλλοτριωθῆναι ὑμῶν· πολλοὶ γὰρ καιροὶ διῆλθον ἀφ᾿ οὗ ἀπεστείλατε πρὸς ἡμᾶς.,,,,
1 Maccabees 12:11,1MA,1 Maccabees,12,11,"ἡμεῖς οὖν ἐν παντὶ καιρῷ ἀδιαλείπτως ἔν τε ταῖς ἑορταῖς καὶ ταῖς λοιπαῖς καθηκούσαις ἡμέραις μιμνησκόμεθα ὑμῶν ἐφ᾿ ὧν προσφέρομεν θυσιῶν καὶ ἐν ταῖς προσευχαῖς, ὡς δέον ἐστὶ καὶ πρέπον μνημονεύειν ἀδελφῶν·",,,,
1 Maccabees 12:12,1MA,1 Maccabees,12,12,εὐφραινόμεθα δὲ ἐπὶ τῇ δόξῃ ὑμῶν.,,,,
1 Maccabees 12:13,1MA,1 Maccabees,12,13,"ἡμᾶς δὲ ἐκύκλωσαν πολλαὶ θλίψεις καὶ πόλεμοι πολλοί, καὶ ἐπολέμησαν ἡμᾶς οἱ βασιλεῖς οἱ κύκλῳ ἡμῶν.",,,,
1 Maccabees 12:14,1MA,1 Maccabees,12,14,καὶ οὐκ ἠβουλόμεθα οὖν παρενοχλεῖν ὑμῖν καὶ τοῖς λοιποῖς συμμάχοις καὶ φίλοις ἡμῶν ἐν τοῖς πολέμοις τούτοις·,,,,
1 Maccabees 12:15,1MA,1 Maccabees,12,15,"ἔχομεν γὰρ τὴν ἐξ οὐρανοῦ βοήθειαν βοηθοῦσαν ἡμῖν καὶ ἐρρύσθημεν ἀπὸ τῶν ἐχθρῶν ἡμῶν, καὶ ἐταπεινώθησαν οἱ ἐχθροὶ ἡμῶν.",,,,
1 Maccabees 12:16,1MA,1 Maccabees,12,16,ἐπελέξαμεν οὖν Νουμήνιον Ἀντιόχου καὶ Ἀντίπατρον Ἰάσωνος καὶ ἀπεστάλκαμεν πρὸς Ρωμαίους ἀνανεώσασθαι τὴν πρὸς αὐτοὺς φιλίαν καὶ συμμαχίαν τὴν προτέραν.,,,,
1 Maccabees 12:17,1MA,1 Maccabees,12,17,ἐνετειλάμεθα οὖν αὐτοῖς καὶ πρὸς ὑμᾶς πορευθῆναι καὶ ἀσπάσασθαι ὑμᾶς καὶ ἀποδοῦναι ὑμῖν τὰς παρ᾿ ἡμῶν ἐπιστολὰς περὶ τῆς ἀνανεώσεως καὶ τῆς ἀδελφότητος ἡμῶν.,,,,
1 Maccabees 12:18,1MA,1 Maccabees,12,18,καὶ νῦν καλῶς ποιήσετε ἀντιφωνήσοντες ἡμῖν πρὸς ταῦτα’.,,,,
1 Maccabees 12:19,1MA,1 Maccabees,12,19,"Καὶ τοῦτο τὸ ἀντίγραφον τῶν ἐπιστολῶν, ὧν ἀπέστειλαν Ὀνίᾳ·",,,,
1 Maccabees 12:20,1MA,1 Maccabees,12,20,‘ Ἄρειος βασιλεὺς Σπαρτιατῶν Ὀνίᾳ ἱερεῖ μεγάλῳ χαίρειν.,,,,
1 Maccabees 12:21,1MA,1 Maccabees,12,21,"εὑρέθη ἐν γραφῇ περί τε τῶν Σπαρτιατῶν καὶ Ἰουδαίων, ὅτι εἰσὶν ἀδελφοὶ καὶ ὅτι εἰσὶν ἐκ γένους Ἁβραάμ.",,,,
1 Maccabees 12:22,1MA,1 Maccabees,12,22,"καὶ νῦν ἀφ᾿ οὗ ἔγνωμεν ταῦτα, καλῶς ποιήσετε γράφοντες ἡμῖν περὶ τῆς εἰρήνης ὑμῶν,",,,,
1 Maccabees 12:23,1MA,1 Maccabees,12,23,"καὶ ἡμεῖς δὲ ἀντιγράφομεν ὑμῖν τὰ κτήνη ὑμῶν καὶ ἡ ὕπαρξις ὑμῶν ἡμῖν ἐστι, καὶ τὰ ἡμῶν ὑμῖν ἐστιν. ἐντελλόμεθα οὖν ὅπως ἀπαγγείλωσιν ὑμῖν κατὰ ταῦτα’.",,,,
1 Maccabees 12:24,1MA,1 Maccabees,12,24,Καὶ ἤκουσεν Ἰωνάθαν ὅτι ἐπέστρεψαν οἱ ἄρχοντες Δημητρίου μετὰ δυνάμεως πολλῆς ὑπὲρ τὸ πρότερον τοῦ πολεμῆσαι πρὸς αὐτόν.,,,,
1 Maccabees 12:25,1MA,1 Maccabees,12,25,καὶ ἀπῇρεν ἐξ Ἱερουσαλὴμ καὶ ἀπήντησεν αὐτοῖς εἰς τὴν Ἀμαθῖτιν χώραν· οὐ γὰρ ἔδωκεν αὐτοῖς ἀνοχὴν ἐμβατεῦσαι εἰς τὴν χώραν αὐτοῦ.,,,,
1 Maccabees 12:26,1MA,1 Maccabees,12,26,"καὶ ἀπέστειλε κατασκόπους εἰς τὴν παρεμβολὴν αὐτῶν, καὶ ἐπέστρεψαν καὶ ἀπήγγειλαν αὐτῷ, ὅτι οὕτω τάσσονται ἐπιπεσεῖν ἐπ᾿ αὐτοὺς τὴν νύκτα.",,,,
1 Maccabees 12:27,1MA,1 Maccabees,12,27,"ὡς δὲ ἔδυ ὁ ἥλιος, ἐπέταξεν Ἰωνάθαν τοῖς παρ᾿ αὐτοῦ γρηγορεῖν καὶ εἶναι ἐπὶ τοῖς ὅπλοις καὶ ἑτοιμάζεσθαι εἰς πόλεμον δι᾿ ὅλης τῆς νυκτὸς καὶ ἐξέβαλε προφύλακας κύκλῳ τῆς παρεμβολῆς.",,,,
1 Maccabees 12:28,1MA,1 Maccabees,12,28,"καὶ ἤκουσαν οἱ ὑπεναντίοι ὅτι ἡτοίμασται Ἰωνάθαν καὶ οἱ παρ᾿ αὐτοῦ εἰς πόλεμον, καὶ ἐφοβήθησαν καὶ ἔπτηξαν τῇ καρδίᾳ αὐτῶν καὶ ἀνέκαυσαν πυρὰς ἐν τῇ παρεμβολῇ αὐτῶν.",,,,
1 Maccabees 12:29,1MA,1 Maccabees,12,29,"Ἰωνάθαν δὲ καὶ οἱ παρ᾿ αὐτοῦ οὐκ ἔγνωσαν ἕως πρωΐ, ἔβλεπον γὰρ τὰ φῶτα καιόμενα.",,,,
1 Maccabees 12:30,1MA,1 Maccabees,12,30,"καὶ κατεδίωξεν Ἰωνάθαν ὀπίσω αὐτῶν καὶ οὐ κατέλαβεν αὐτούς, διέβησαν γὰρ τὸν Ἐλεύθερον ποταμόν.",,,,
1 Maccabees 12:31,1MA,1 Maccabees,12,31,καὶ ἐξέκλινεν Ἰωνάθαν ἐπὶ τοὺς Ἄραβας τοὺς καλουμένους Ζαβαδαίους καὶ ἐπάταξεν αὐτοὺς καὶ ἔλαβε τὰ σκῦλα αὐτῶν.,,,,
1 Maccabees 12:32,1MA,1 Maccabees,12,32,καὶ ἀναζεύξας ἦλθεν εἰς Δαμασκὸν καὶ διώδευσεν ἐν πάσῃ τῇ χώρᾳ.,,,,
1 Maccabees 12:33,1MA,1 Maccabees,12,33,"καὶ Σίμων ἐξῆλθε καὶ διώδευσεν ἕως Ἀσκάλωνος καὶ τῶν πλησίον ὀχυρωμάτων, καὶ ἐξέκλινεν εἰς Ἰόππην καὶ προκατελάβετο αὐτήν·",,,,
1 Maccabees 12:34,1MA,1 Maccabees,12,34,"ἤκουσεν γὰρ ὅτι βούλονται τὸ ὀχύρωμα παραδοῦναι τοῖς παρὰ Δημητρίου· καὶ ἔθετο ἐκεῖ φρουράν, ὅπως φυλάσσωσιν αὐτήν.",,,,
1 Maccabees 12:35,1MA,1 Maccabees,12,35,καὶ ἐπέστρεψεν Ἰωνάθαν καὶ ἐξεκκλησίασε τοὺς πρεσβυτέρους τοῦ λαοῦ καὶ ἐβουλεύσατο μετ᾿ αὐτῶν τοῦ οἰκοδομῆσαι ὀχυρώματα ἐν τῇ Ἰουδαίᾳ,,,,
1 Maccabees 12:36,1MA,1 Maccabees,12,36,"καὶ προσυψῶσαι τὰ τείχη Ἱερουσαλὴμ καὶ ὑψῶσαι ὕψος μέγα ἀνὰ μέσον τῆς ἄκρας καὶ τῆς πόλεως εἰς τὸ διαχωρίζειν αὐτὴν τῆς πόλεως, ἵνα ᾖ αὕτη κατὰ μόνας, ὅπως μήτε ἀγοράζωσι μήτε πωλῶσι.",,,,
1 Maccabees 12:37,1MA,1 Maccabees,12,37,"καὶ συνήχθησαν τοῦ οἰκοδομεῖν τὴν πόλιν καὶ ἤγγισε τοῦ τείχους τοῦ χειμάρρου τοῦ ἐξ ἀπηλιώτου, καὶ ἐπεσκεύασαν τὸ καλούμενον Χαφεναθά.",,,,
1 Maccabees 12:38,1MA,1 Maccabees,12,38,καὶ Σίμων ᾠκοδόμησε τὴν Ἀδιδὰ ἐν τῇ Σεφήλᾳ καὶ ὠχύρωσεν αὐτὴν καὶ ἐπέστησε θύρας καὶ μοχλούς.,,,,
1 Maccabees 12:39,1MA,1 Maccabees,12,39,Καὶ ἐζήτησε Τρύφων βασιλεῦσαι τῆς Ἀσίας καὶ περιθέσθαι τὸ διάδημα καὶ ἐκτεῖναι χεῖρα ἐπὶ Ἀντίοχον τὸν βασιλέα.,,,,
1 Maccabees 12:40,1MA,1 Maccabees,12,40,"καὶ ἐφοβήθη μήποτε οὐκ ἐάσῃ αὐτὸν Ἰωνάθαν καὶ μήποτε πολεμήσῃ πρὸς αὐτόν, καὶ ἐζήτει πόρον τοῦ συλλαβεῖν τὸν Ἰωνάθαν τοῦ ἀπολέσαι αὐτόν, καὶ ἀπάρας ἦλθεν εἰς Βαιθσάν.",,,,
1 Maccabees 12:41,1MA,1 Maccabees,12,41,καὶ ἐξῆλθεν Ἰωνάθαν εἰς ἀπάντησιν αὐτῷ ἐν τεσσαράκοντα χιλιάσιν ἀνδρῶν ἐπιλελεγμέναις εἰς παράταξιν καὶ ἦλθεν εἰς Βαιθσάν.,,,,
1 Maccabees 12:42,1MA,1 Maccabees,12,42,"καὶ εἶδε Τρύφων ὅτι πάρεστιν Ἰωνάθαν μετὰ δυνάμεως πολλῆς, καὶ ἐκτεῖναι χεῖρας ἐπ᾿ αὐτὸν εὐλαβήθη,",,,,
1 Maccabees 12:43,1MA,1 Maccabees,12,43,καὶ ἐπεδέξατο αὐτὸν ἐνδόξως καὶ συνέστησεν αὐτὸν πᾶσι τοῖς φίλοις αὐτοῦ καὶ ἔδωκεν αὐτῷ δόματα καὶ ἐπέταξε ταῖς δυνάμεσιν αὐτοῦ ὑπακούειν αὐτῷ ὡς ἑαυτῷ.,,,,
1 Maccabees 12:44,1MA,1 Maccabees,12,44,"καὶ εἶπε τῷ Ἰωνάθαν· ἱνατί ἔκοψας πάντα τὸν λαὸν τοῦτον, πολέμου μὴ ἐνεστηκότος ἡμῖν;",,,,
1 Maccabees 12:45,1MA,1 Maccabees,12,45,"καὶ νῦν ἀπόστειλον αὐτοὺς εἰς τοὺς οἴκους αὐτῶν, ἐπίλεξαι δὲ σεαυτῷ ἄνδρας ὀλίγους, οἵτινες ἔσονται μετὰ σοῦ, καὶ δεῦρο μετ᾿ ἐμοῦ εἰς Πτολεμαΐδα, καὶ παραδώσω σοι αὐτὴν καὶ τὰ λοιπὰ ὀχυρώματα καὶ τὰς δυνάμεις τὰς λοιπὰς καὶ πάντας τοὺς ἐπὶ τῶν χρειῶν, καὶ ἐπιστρέψας ἀπελεύσομαι· τούτου γὰρ χάριν πάρειμι.",,,,
1 Maccabees 12:46,1MA,1 Maccabees,12,46,"καὶ ἐμπιστεύσας αὐτῷ ἐποίησε καθὼς εἶπε, καὶ ἐξαπέστειλε τὰς δυνάμεις, καὶ ἀπῆλθον εἰς γῆν Ἰούδα.",,,,
1 Maccabees 12:47,1MA,1 Maccabees,12,47,"κατέλιπε δὲ μεθ᾿ ἑαυτοῦ ἄνδρας τρισχιλίους, ὧν δισχιλίους ἀφῆκεν ἐν τῇ Γαλιλαίᾳ, χίλιοι δὲ συνῆλθον αὐτῷ.",,,,
1 Maccabees 12:48,1MA,1 Maccabees,12,48,"ὡς δὲ εἰσῆλθεν Ἰωνάθαν εἰς Πτολεμαΐδα, ἀπέκλεισαν οἱ Πτολεμαεῖς τὰς πύλας καὶ συνέλαβον αὐτόν, καὶ πάντας τοὺς εἰσελθόντας μετ᾿ αὐτοῦ ἀπέκτειναν ἐν ρομφαίᾳ.",,,,
1 Maccabees 12:49,1MA,1 Maccabees,12,49,καὶ ἀπέστειλε Τρύφων δυνάμεις καὶ ἵππον εἰς τὴν Γαλιλαίαν καὶ τὸ πεδίον τὸ μέγα τοῦ ἀπολέσαι πάντας τοὺς παρὰ Ἰωνάθαν.,,,,
1 Maccabees 12:50,1MA,1 Maccabees,12,50,"καὶ ἐπέγνωσαν ὅτι συνελήφθη Ἰωνάθαν καὶ ἀπόλωλε καὶ οἱ μετ᾿ αὐτοῦ, καὶ παρεκάλεσαν ἑαυτοὺς καὶ ἐπορεύοντο συνεστραμμένοι ἕτοιμοι εἰς πόλεμον.",,,,
1 Maccabees 12:51,1MA,1 Maccabees,12,51,"καὶ εἶδον οἱ διώκοντες ὅτι περὶ ψυχῆς αὐτοῖς ἐστι, καὶ ἐπέστρεψαν.",,,,
1 Maccabees 12:52,1MA,1 Maccabees,12,52,καὶ ἦλθον πάντες μετ᾿ εἰρήνης εἰς γῆν Ἰούδα καὶ ἐπένθησαν τὸν Ἰωνάθαν καὶ τοὺς μετ᾿ αὐτοῦ καὶ ἐφοβήθησαν σφόδρα· καὶ ἐπένθησε πᾶς Ἰσραὴλ πένθος μέγα.,,,,
1 Maccabees 12:53,1MA,1 Maccabees,12,53,καὶ ἐζήτησαν πάντα τὰ ἔθνη τὰ κύκλῳ αὐτῶν ἐκτρίψαι αὐτούς· εἶπαν γάρ· οὐκ ἔχουσιν ἄρχοντα καὶ βοηθοῦντα· νῦν οὖν πολεμήσωμεν αὐτοὺς καὶ ἐξάρωμεν ἐξ ἀνθρώπων τὸ μνημόσυνον αὐτῶν.,,,,
1 Maccabees 13:1,1MA,1 Maccabees,13,1,ΚΑΙ ἤκουσε Σίμων ὅτι συνήγαγε Τρύφων δύναμιν πολλὴν τοῦ ἐλθεῖν εἰς γῆν Ἰούδα καὶ ἐκτρῖψαι αὐτήν.,,,,
1 Maccabees 13:2,1MA,1 Maccabees,13,2,"καὶ εἶδε τὸν λαὸν ὅτι ἐστὶν ἔντρομος καὶ ἔμφοβος, καὶ ἀνέβη εἰς Ἱερουσαλὴμ καὶ ἤθροισε τὸν λαὸν",,,,
1 Maccabees 13:3,1MA,1 Maccabees,13,3,"καὶ παρεκάλεσεν αὐτοὺς καὶ εἶπεν αὐτοῖς· αὐτοὶ οἴδατε ὅσα ἐγὼ καὶ οἱ ἀδελφοί μου καὶ ὁ οἶκος τοῦ πατρός μου ἐποιήσαμεν περὶ τῶν νόμων καὶ τῶν ἁγίων, καὶ τοὺς πολέμους καὶ τὰς στενοχωρίας, ἃς εἴδομεν.",,,,
1 Maccabees 13:4,1MA,1 Maccabees,13,4,"τούτου χάριν ἀπώλοντο οἱ ἀδελφοί μου πάντες χάριν τοῦ Ἰσραήλ, καὶ κατελείφθην ἐγὼ μόνος.",,,,
1 Maccabees 13:5,1MA,1 Maccabees,13,5,"καὶ νῦν μή μοι γένοιτο φείσασθαί μου τῆς ψυχῆς ἐν παντὶ καιρῷ θλίψεως, οὐ γάρ εἰμι κρείσσων τῶν ἀδελφῶν μου.",,,,
1 Maccabees 13:6,1MA,1 Maccabees,13,6,"πλὴν ἐκδικήσω περὶ τοῦ ἔθνους μου καὶ περὶ τῶν ἁγίων καὶ περὶ τῶν γυναικῶν καὶ τῶν τέκνων ἡμῶν, ὅτι συνήχθησαν πάντα τὰ ἔθνη ἐκτρῖψαι ἡμᾶς ἔχθρας χάριν.",,,,
1 Maccabees 13:7,1MA,1 Maccabees,13,7,"καὶ ἀνεζωοπύρησε τὸ πνεῦμα τοῦ λαοῦ ἅμα τῷ ἀκοῦσαι τῶν λόγων τούτων,",,,,
1 Maccabees 13:8,1MA,1 Maccabees,13,8,καὶ ἀπεκρίθησαν φωνῇ μεγάλῃ λέγοντες· σὺ εἶ ἡμῶν ἡγούμενος ἀντὶ Ἰούδα καὶ Ἰωνάθαν τοῦ ἀδελφοῦ σου·,,,,
1 Maccabees 13:9,1MA,1 Maccabees,13,9,"πολέμησον τὸν πόλεμον ἡμῶν, καὶ πάντα, ὅσα ἂν εἴπῃς ἡμῖν, ποιήσομεν.",,,,
1 Maccabees 13:10,1MA,1 Maccabees,13,10,καὶ συνήγαγε πάντας τοὺς ἄνδρας τοὺς πολεμιστὰς καὶ ἐτάχυνε τοῦ τελέσαι τὰ τείχη Ἱερουσαλὴμ καὶ ὠχύρωσεν αὐτὴν κυκλόθεν.,,,,
1 Maccabees 13:11,1MA,1 Maccabees,13,11,"καὶ ἀπέστειλεν Ἰωνάθαν τὸν τοῦ Ἀβεσσαλώμου καὶ μετ᾿ αὐτοῦ δύναμιν ἱκανὴν εἰς Ἰόππην, καὶ ἐξέβαλε τοὺς ὄντας ἐν αὐτῇ καὶ ἔμεινεν ἐκεῖ ἐν αὐτῇ.",,,,
1 Maccabees 13:12,1MA,1 Maccabees,13,12,"Καὶ ἀπῇρε Τρύφων ἀπὸ Πτολεμαΐδος μετὰ δυνάμεως πολλῆς εἰσελθεῖν εἰς γῆν Ἰούδα, καὶ Ἰωνάθαν μετ᾿ αὐτοῦ ἐν φυλακῇ.",,,,
1 Maccabees 13:13,1MA,1 Maccabees,13,13,Σίμων δὲ παρενέβαλεν ἐν Ἀδιδὰ κατὰ πρόσωπον τοῦ πεδίου.,,,,
1 Maccabees 13:14,1MA,1 Maccabees,13,14,"καὶ ἐπέγνω Τρύφων ὅτι ἀνέστη Σίμων ἀντὶ Ἰωνάθαν τοῦ ἀδελφοῦ αὐτοῦ καὶ ὅτι συνάπτειν αὐτῷ μέλλει πόλεμον, καὶ ἀπέστειλε πρὸς αὐτὸν πρέσβεις λέγων·",,,,
1 Maccabees 13:15,1MA,1 Maccabees,13,15,"περὶ ἀργυρίου, οὗ ὤφειλεν Ἰωνάθαν ὁ ἀδελφός σου εἰς τὸ βασιλικὸν δι᾿ ἃς εἶχε χρείας, συνέχομεν αὐτόν·",,,,
1 Maccabees 13:16,1MA,1 Maccabees,13,16,"καὶ νῦν ἀπόστειλον ἀργυρίου τάλαντα ἑκατὸν καὶ δύο τῶν υἱῶν αὐτοῦ ὅμηρα, ὅπως μὴ ἀφεθεὶς ἀποστατήσῃ ἀφ᾿ ἡμῶν, καὶ ἀφήσομεν αὐτόν.",,,,
1 Maccabees 13:17,1MA,1 Maccabees,13,17,"καὶ ἔγνω Σίμων ὅτι δόλῳ λαλοῦσι πρὸς αὐτόν, καὶ πέμπει τοῦ λαβεῖν τὸ ἀργύριον καὶ τὰ παιδάρια, μήποτε ἔχθραν ἄρῃ μεγάλην πρὸς τὸν λαὸν",,,,
1 Maccabees 13:18,1MA,1 Maccabees,13,18,"λέγων· ὅτι οὐκ ἀπέστειλα αὐτῷ τὸ ἀργύριον καὶ τὰ παιδάρια, καὶ ἀπώλετο.",,,,
1 Maccabees 13:19,1MA,1 Maccabees,13,19,"καὶ ἀπέστειλε τὰ παιδάρια καὶ τὰ ἑκατὸν τάλαντα, καὶ διεψεύσατο καὶ οὐκ ἀφῆκε τὸν Ἰωνάθαν.",,,,
1 Maccabees 13:20,1MA,1 Maccabees,13,20,"καὶ μετὰ ταῦτα ἦλθε Τρύφων τοῦ ἐμβατεῦσαι εἰς τὴν χώραν καὶ ἐκτρῖψαι αὐτήν, καὶ ἐκύκλωσεν ὁδὸν τὴν εἰς Ἄδωρα. καὶ Σίμων καὶ ἡ παρεμβολὴ αὐτοῦ ἀντιπαρῆγεν αὐτῷ εἰς πάντα τόπον, οὗ ἂν ἐπορεύετο.",,,,
1 Maccabees 13:21,1MA,1 Maccabees,13,21,οἱ δὲ ἐκ τῆς ἄκρας ἀπέστελλον πρὸς Τρύφωνα πρεσβευτὰς κατασπεύδοντας αὐτὸν τοῦ ἐλθεῖν πρὸς αὐτοὺς διὰ τῆς ἐρήμου καὶ ἀποστεῖλαι αὐτοῖς τροφάς.,,,,
1 Maccabees 13:22,1MA,1 Maccabees,13,22,"καὶ ἡτοίμασε Τρύφων πᾶσαν τὴν ἵππον αὐτοῦ ἐλθεῖν ἐν τῇ νυκτὶ ἐκείνῃ, καὶ ἦν χιὼν πολλὴ σφόδρα, καὶ οὐκ ἦλθε διὰ τὴν χιόνα· καὶ ἀπῇρε καὶ ἦλθεν εἰς τὴν Γαλααδῖτιν.",,,,
1 Maccabees 13:23,1MA,1 Maccabees,13,23,"ὡς δὲ ἤγγισε τῆς Βασκαμᾶ, ἀπέκτεινε τὸν Ἰωνάθαν, καὶ ἐτάφη ἐκεῖ.",,,,
1 Maccabees 13:24,1MA,1 Maccabees,13,24,καὶ ἐπέστρεψε Τρύφων καὶ ἀπῆλθεν εἰς τὴν γῆν αὐτοῦ.,,,,
1 Maccabees 13:25,1MA,1 Maccabees,13,25,Καὶ ἀπέστειλε Σίμων καὶ ἔλαβε τὰ ὀστᾶ Ἰωνάθαν τοῦ ἀδελφοῦ αὐτοῦ καὶ ἔθαψεν αὐτὰ ἐν Μωδεΐν πόλει τῶν πατέρων αὐτοῦ.,,,,
1 Maccabees 13:26,1MA,1 Maccabees,13,26,καὶ ἐκόψαντο αὐτὸν πᾶς Ἰσραὴλ κοπετὸν μέγαν καὶ ἐπένθησαν αὐτὸν ἡμέρας πολλάς.,,,,
1 Maccabees 13:27,1MA,1 Maccabees,13,27,καὶ ᾠκοδόμησε Σίμων ἐπὶ τὸν τάφον τοῦ πατρὸς αὐτοῦ καὶ τῶν ἀδελφῶν αὐτοῦ καὶ ὕψωσεν αὐτὸν τῇ ὁράσει λίθῳ ξεστῷ ἐκ τῶν ὄπισθεν καὶ ἐκ τῶν ἔμπροσθεν.,,,,
1 Maccabees 13:28,1MA,1 Maccabees,13,28,"καὶ ἔστησεν ἐπ᾿ αὐτὰ ἑπτὰ πυραμίδας, μίαν κατέναντι τῆς μιᾶς τῷ πατρὶ καὶ τῇ μητρὶ καὶ τοῖς τέσσαρσιν ἀδελφοῖς.",,,,
1 Maccabees 13:29,1MA,1 Maccabees,13,29,καὶ ταύταις ἐποίησε μηχανήματα περιθεὶς στύλους μεγάλους καὶ ἐποίησεν ἐπὶ τοῖς στύλοις πανοπλίας εἰς ὄνομα αἰώνιον καὶ παρὰ ταῖς πανοπλίαις πλοῖα ἐπιγεγλυμμένα εἰς τὸ θεωρεῖσθαι ὑπὸ πάντων τῶν πλεόντων τὴν θάλασσαν.,,,,
1 Maccabees 13:30,1MA,1 Maccabees,13,30,"οὗτος ὁ τάφος ὃν ἐποίησεν ἐν Μωδεΐν, ἕως τῆς ἡμέρας ταύτης.",,,,
1 Maccabees 13:31,1MA,1 Maccabees,13,31,Ὁ δὲ Τρύφων ἐπορεύετο δόλῳ μετὰ Ἀντιόχου τοῦ βασιλέως τοῦ νεωτέρου καὶ ἀπέκτεινεν αὐτὸν,,,,
1 Maccabees 13:32,1MA,1 Maccabees,13,32,καὶ ἐβασίλευσεν ἀντ᾿ αὐτοῦ καὶ περιέθετο διάδημα τῆς Ἀσίας καὶ ἐποίησε πληγὴν μεγάλην ἐπὶ τῆς γῆς.,,,,
1 Maccabees 13:33,1MA,1 Maccabees,13,33,"καὶ ᾠκοδόμησε Σίμων τὰ ὀχυρώματα τῆς Ἰουδαίας, καὶ περιετείχισε πύργοις ὑψηλοῖς καὶ τείχεσι μεγάλοις καὶ πύλαις καὶ μοχλοῖς καὶ ἔθετο βρώματα ἐν τοῖς ὀχυρώμασι.",,,,
1 Maccabees 13:34,1MA,1 Maccabees,13,34,"καὶ ἐπέλεξε Σίμων ἄνδρας καὶ ἀπέστειλε πρὸς Δημήτριον τὸν βασιλέα τοῦ ποιῆσαι ἄφεσιν τῇ χώρᾳ, ὅτι πᾶσαι αἱ πράξεις Τρύφωνος ἦσαν ἁρπαγαί.",,,,
1 Maccabees 13:35,1MA,1 Maccabees,13,35,καὶ ἀπέστειλεν αὐτῷ Δημήτριος ὁ βασιλεὺς κατὰ τοὺς λόγους τούτους καὶ ἀπεκρίθη αὐτῷ καὶ ἔγραψεν αὐτῷ ἐπιστολὴν τοιαύτην·,,,,
1 Maccabees 13:36,1MA,1 Maccabees,13,36,‘Βασιλεὺς Δημήτριος Σίμωνι ἀρχιερεῖ καὶ φίλῳ βασιλέων καὶ πρεσβυτέροις καὶ ἔθνει Ἰουδαίων χαίρειν.,,,,
1 Maccabees 13:37,1MA,1 Maccabees,13,37,"τὸν στέφανον τὸν χρυσοῦν καὶ τὴν βαΐνην, ἣν ἀπεστείλατε, κεκομίσμεθα καὶ ἕτοιμοί ἐσμεν τοῦ ποιεῖν ὑμῖν εἰρήνην μεγάλην καὶ γράφειν τοῖς ἐπὶ τῶν χρειῶν τοῦ ἀφιέναι ὑμῖν ἀφέματα.",,,,
1 Maccabees 13:38,1MA,1 Maccabees,13,38,"καὶ ὅσα ἑστήκαμεν πρὸς ὑμᾶς, ἕστηκε, καὶ τὰ ὀχυρώματα, ἃ ᾠκοδομήκατε, ὑπαρχέτω ὑμῖν.",,,,
1 Maccabees 13:39,1MA,1 Maccabees,13,39,"ἀφίεμεν δὲ ἀγνοήματα καὶ τὰ ἁμαρτήματα ἕως τῆς σήμερον ἡμέρας καὶ τὸν στέφανον, ὃν ὠφείλετε, καὶ εἴ τι ἄλλο ἐτελωνεῖτο ἐν Ἱερουσαλήμ, μηκέτι τελωνείσθω.",,,,
1 Maccabees 13:40,1MA,1 Maccabees,13,40,"καὶ εἴ τινες ἐπιτήδειοι ὑμῶν γραφῆναι εἰς τοὺς περὶ ἡμᾶς, ἐγγραφέσθωσαν, καὶ γινέσθω ἀναμέσον ἡμῶν εἰρήνη’. 41 ἔτους ἑβδομηκοστοῦ καὶ ἑκατοστοῦ ᾔρθη ὁ ζυγὸς τῶν ἐθνῶν ἀπὸ τοῦ Ἰσραήλ,",,,,
1 Maccabees 13:42,1MA,1 Maccabees,13,42,καὶ ἤρξατο ὁ λαὸς Ἰσραὴλ γράφειν ἐν ταῖς συγγραφαῖς καὶ συναλλάγμασιν ἔτους πρώτου ἐπὶ Σίμωνος ἀρχιερέως μεγάλου καὶ στρατηγοῦ καὶ ἡγουμένου Ἰουδαίων.,,,,
1 Maccabees 13:43,1MA,1 Maccabees,13,43,Ἐν ταῖς ἡμέραις ἐκείναις παρενέβαλε Σίμων ἐπὶ Γάζαρα καὶ ἐκύκλωσεν αὐτὴν παρεμβολαῖς καὶ ἐποίησεν ἑλεπόλεις καὶ προσήγαγε τῇ πόλει καὶ ἐπάταξε πύργον ἕνα καὶ κατελάβετο.,,,,
1 Maccabees 13:44,1MA,1 Maccabees,13,44,"καὶ ἐξήλλοντο οἱ ἐν τῇ ἑλεπόλει εἰς τὴν πόλιν, καὶ ἐγένετο κίνημα μέγα ἐν τῇ πόλει.",,,,
1 Maccabees 13:45,1MA,1 Maccabees,13,45,καὶ ἀνέβησαν οἱ ἐν τῇ πόλει σὺν ταῖς γυναιξὶ καὶ τοῖς τέκνοις ἐπὶ τὸ τεῖχος διερρηχότες τὰ ἱμάτια αὐτῶν καὶ ἐβόησαν φωνῇ μεγάλῃ ἀξιοῦντες Σίμωνα δεξιὰς αὐτοῖς δοῦναι,,,,
1 Maccabees 13:46,1MA,1 Maccabees,13,46,"καὶ εἶπαν· μὴ ἡμῖν χρήσῃ κατὰ τὰς πονηρίας ἡμῶν, ἀλλὰ κατὰ τὸ ἔλεός σου.",,,,
1 Maccabees 13:47,1MA,1 Maccabees,13,47,"καὶ συνελύθη Σίμων αὐτοῖς καὶ οὐκ ἐπολέμησεν αὐτούς· καὶ ἐξέβαλεν αὐτοὺς ἐκ τῆς πόλεως, καὶ ἐκαθάρισε τὰς οἰκίας, ἐν αἷς ἦν τὰ εἴδωλα, καὶ οὕτως εἰσῆλθεν εἰς αὐτὴν ὑμνῶν καὶ εὐλογῶν.",,,,
1 Maccabees 13:48,1MA,1 Maccabees,13,48,"καὶ ἐξέβαλεν ἐξ αὐτῆς πᾶσαν ἀκαθαρσίαν καὶ κατῴκισεν ἐκεῖ ἄνδρας, οἵτινες τὸν νόμον ποιοῦσι, καὶ προσωχύρωσεν αὐτὴν καὶ ᾠκοδόμησεν ἑαυτῷ ἐν αὐτῇ οἴκησιν.",,,,
1 Maccabees 13:49,1MA,1 Maccabees,13,49,"οἱ δὲ ἐκ τῆς ἄκρας ἐν Ἱερουσαλὴμ ἐκωλύοντο ἐκπορεύεσθαι καὶ εἰσπορεύεσθαι εἰς τὴν χώραν καὶ ἀγοράζειν καὶ πωλεῖν καὶ ἐπείνασαν σφόδρα, καὶ ἀπώλοντο ἐξ αὐτῶν ἱκανοὶ τῇ λιμῷ.",,,,
1 Maccabees 13:50,1MA,1 Maccabees,13,50,"καὶ ἐβόησαν πρὸς Σίμωνα δεξιὰς λαβεῖν, καὶ ἔδωκεν αὐτοῖς· καὶ ἐξέβαλεν αὐτοὺς ἐκεῖθεν καὶ ἐκαθάρισε τὴν ἄκραν ἀπὸ τῶν μιασμάτων.",,,,
1 Maccabees 13:51,1MA,1 Maccabees,13,51,"καὶ εἰσῆλθον εἰς αὐτὴν τῇ τρίτῃ καὶ εἰκάδι τοῦ δευτέρου μηνὸς ἔτους ἑνὸς καὶ ἑβδομηκοστοῦ καὶ ἑκατοστοῦ μετὰ αἰνέσεως καὶ βαΐων καὶ ἐν κινύραις καὶ ἐν κυμβάλοις καὶ ἐν νάβλαις καὶ ἐν ὕμνοις καὶ ἐν ᾠδαῖς, ὅτι συνετρίβη ἐχθρὸς μέγας ἐξ Ἰσραήλ.",,,,
1 Maccabees 13:52,1MA,1 Maccabees,13,52,καὶ ἔστησε κατ᾿ ἐνιαυτὸν τοῦ ἄγειν τὴν ἡμέραν ταύτην μετ᾿ εὐφροσύνης. καὶ προσωχύρωσε τὸ ὄρος τοῦ ἱεροῦ τὸ παρὰ τὴν ἄκραν· καὶ ᾤκει ἐκεῖ αὐτὸς καὶ οἱ παρ᾿ αὐτοῦ.,,,,
1 Maccabees 13:53,1MA,1 Maccabees,13,53,"καὶ εἶδε Σίμων τὸν Ἰωάννην υἱὸν αὐτοῦ, ὅτι ἀνήρ ἐστι, καὶ ἔθετο αὐτὸν ἡγούμενον τῶν δυνάμεων πασῶν· καὶ ᾤκει ἐν Γαζάροις.",,,,
1 Maccabees 14:1,1MA,1 Maccabees,14,1,"ΚΑΙ ἐν ἔτει δευτέρῳ καὶ ἑβδομηκοστῷ καὶ ἑκατοστῷ συνήγαγε Δημήτριος ὁ βασιλεὺς τὰς δυνάμεις αὐτοῦ καὶ ἐπορεύθη εἰς Μηδίαν τοῦ ἐπισπάσασθαι βοήθειαν αὐτῷ, ὅπως πολεμήσῃ τὸν Τρύφωνα.",,,,
1 Maccabees 14:2,1MA,1 Maccabees,14,2,"καὶ ἤκουσεν Ἀρσάκης ὁ βασιλεὺς τῆς Περσίδος καὶ Μηδίας ὅτι ἦλθε Δημήτριος εἰς τὰ ὅρια αὐτοῦ, καὶ ἀπέστειλεν ἕνα τῶν ἀρχόντων αὐτοῦ συλλαβεῖν αὐτὸν ζῶντα.",,,,
1 Maccabees 14:3,1MA,1 Maccabees,14,3,"καὶ ἐπορεύθη καὶ ἐπάταξε τὴν παρεμβολὴν Δημητρίου καὶ συνέλαβεν αὐτὸν καὶ ἤγαγεν αὐτὸν πρὸς Ἀρσάκην, καὶ ἔθετο αὐτὸν ἐν φυλακῇ.",,,,
1 Maccabees 14:4,1MA,1 Maccabees,14,4,"Καὶ ἡσύχασεν ἡ γῆ Ἰούδα πάσας τὰς ἡμέρας Σίμωνος, καὶ ἐζήτησαν ἀγαθὰ τῷ ἔθνει αὐτοῦ, καὶ ἤρεσεν αὐτοῖς ἡ ἐξουσία αὐτοῦ καὶ ἡ δόξα αὐτοῦ πάσας τὰς ἡμέρας.",,,,
1 Maccabees 14:5,1MA,1 Maccabees,14,5,καὶ μετὰ πάσης τῆς δόξης αὐτοῦ ἔλαβε τὴν Ἰόππην εἰς λιμένα καὶ ἐποίησεν εἴσοδον ταῖς νήσοις τῆς θαλάσσης.,,,,
1 Maccabees 14:6,1MA,1 Maccabees,14,6,καὶ ἐπλάτυνε τὰ ὅρια τῷ ἔθνει αὐτοῦ καὶ ἐκράτησε τῆς χώρας.,,,,
1 Maccabees 14:7,1MA,1 Maccabees,14,7,"καὶ συνήγαγεν αἰχμαλωσίαν πολλὴν καὶ ἐκυρίευσε Γαζάρων καὶ Βαιθσούρων καὶ τῆς ἄκρας· καὶ ἐξῇρε τὰς ἀκαθαρσίας ἐξ αὐτῆς, καὶ οὐκ ἦν ὁ ἀντικείμενος αὐτῷ.",,,,
1 Maccabees 14:8,1MA,1 Maccabees,14,8,"καὶ ἦσαν γεωργοῦντες τὴν γῆν αὐτῶν μετ᾿ εἰρήνης, καὶ ἡ γῆ ἐδίδου τὰ γεννήματα αὐτῆς καὶ τὰ ξύλα τῶν πεδίων τὸν καρπὸν αὐτῶν.",,,,
1 Maccabees 14:9,1MA,1 Maccabees,14,9,"πρεσβύτεροι ἐν ταῖς πλατείαις ἐκάθηντο, πάντες περὶ ἀγαθῶν ἐκοινολογοῦντο, καὶ οἱ νεανίσκοι ἐνεδύσαντο δόξας καὶ στολὰς πολέμου.",,,,
1 Maccabees 14:10,1MA,1 Maccabees,14,10,"ταῖς πόλεσιν ἐχορήγησε βρώματα καὶ ἔταξεν αὐτὰς ἐν σκεύεσιν ὀχυρώσεως, ἕως ὅτου ὠνομάσθη τὸ ὄνομα τῆς δόξης αὐτοῦ ἕως ἄκρου τῆς γῆς.",,,,
1 Maccabees 14:11,1MA,1 Maccabees,14,11,"ἐποίησε τὴν εἰρήνην ἐπὶ τῆς γῆς, καὶ εὐφράνθη Ἰσραὴλ εὐφροσύνην μεγάλην.",,,,
1 Maccabees 14:12,1MA,1 Maccabees,14,12,"καὶ ἐκάθισεν ἕκαστος ὑπὸ τὴν ἄμπελον αὐτοῦ καὶ τὴν συκῆν αὐτοῦ, καὶ οὐκ ἦν ὁ ἐκφοβῶν αὐτούς.",,,,
1 Maccabees 14:13,1MA,1 Maccabees,14,13,"καὶ ἐξέλιπεν ὁ πολεμῶν αὐτοὺς ἐπὶ τῆς γῆς, καὶ οἱ βασιλεῖς συνετρίβησαν ἐν ταῖς ἡμέραις ἐκείναις.",,,,
1 Maccabees 14:14,1MA,1 Maccabees,14,14,καὶ ἐστήρισε πάντας τοὺς ταπεινοὺς τοῦ λαοῦ αὐτοῦ· τὸν νόμον ἐξεζήτησε καὶ ἐξῇρε πάντα ἄνομον καὶ πονηρόν·,,,,
1 Maccabees 14:15,1MA,1 Maccabees,14,15,"τὰ ἅγια ἐδόξασε, καὶ ἐπλήθυνε τὰ σκεύη τῶν ἁγίων.",,,,
1 Maccabees 14:16,1MA,1 Maccabees,14,16,"Καὶ ἠκούσθη ἐν Ρώμῃ, ὅτι ἀπέθανεν Ἰωνάθαν, καὶ ἕως Σπάρτης, καὶ ἐλυπήθησαν σφόδρα.",,,,
1 Maccabees 14:17,1MA,1 Maccabees,14,17,"ὡς δὲ ἤκουσαν, ὅτι Σίμων ὁ ἀδελφὸς αὐτοῦ γέγονεν ἀντ᾿ αὐτοῦ ἀρχιερεὺς καὶ ἐπικρατεῖ τῆς χώρας καὶ τῶν πόλεων τῶν ἐν αὐτῇ,",,,,
1 Maccabees 14:18,1MA,1 Maccabees,14,18,"ἔγραψαν πρὸς αὐτὸν δέλτοις χαλκαῖς τοῦ ἀνανεώσασθαι πρὸς αὐτὸν φιλίαν καὶ τὴν συμμαχίαν, ἣν ἔστησαν πρὸς Ἰούδαν καὶ Ἰωνάθαν τοὺς ἀδελφοὺς αὐτοῦ.",,,,
1 Maccabees 14:19,1MA,1 Maccabees,14,19,καὶ ἀνεγνώσθησαν ἐνώπιον τῆς ἐκκλησίας ἐν Ἱερουσαλήμ.,,,,
1 Maccabees 14:20,1MA,1 Maccabees,14,20,"καὶ τοῦτο τὸ ἀντίγραφον τῶν ἐπιστολῶν, ὧν ἀπέστειλαν οἱ Σπαρτιάται· ‘Σπαρτιατῶν ἄρχοντες καὶ ἡ πόλις Σίμωνι ἱερεῖ μεγάλῳ καὶ τοῖς πρεσβυτέροις καὶ τοῖς ἱερεῦσι καὶ τῷ λοιπῷ δήμῳ τῶν Ἰουδαίων ἀδελφοῖς χαίρειν.",,,,
1 Maccabees 14:21,1MA,1 Maccabees,14,21,"οἱ πρεσβευταὶ οἱ ἀποσταλέντες πρὸς τὸν δῆμον ἡμῶν ἀπήγγειλαν ἡμῖν περὶ τῆς δόξης ὑμῶν καὶ τιμῆς, καὶ ηὐφράνθημεν ἐπὶ τῇ ἐφόδῳ αὐτῶν.",,,,
1 Maccabees 14:22,1MA,1 Maccabees,14,22,καὶ ἀνεγράψαμεν τὰ ὑπ᾿ αὐτῶν εἰρημένα ἐν ταῖς βουλαῖς τοῦ δήμου οὕτως· Νουμήνιος Ἀντιόχου καὶ Ἀντίπατρος Ἰάσωνος πρεσβευταὶ Ἰουδαίων ἤλθοσαν πρὸς ἡμᾶς ἀνανεούμενοι τὴν πρὸς ἡμᾶς φιλίαν.,,,,
1 Maccabees 14:23,1MA,1 Maccabees,14,23,καὶ ἤρεσε τῷ δήμῳ ἐπιδέξασθαι τοὺς ἄνδρας ἐνδόξως καὶ τοῦ θέσθαι τὸ ἀντίγραφον τῶν λόγων αὐτῶν ἐν τοῖς ἀποδεδειγμένοις τῶ δήμῳ βιβλίοις τοῦ ἔχειν μνημόσυνον τὸν δῆμον τῶν Σπαρτιατῶν. τὸ δὲ ἀντίγραφον τούτων ἐγράψαμεν Σίμωνι τῷ ἀρχιερεῖ’. 24 Μετὰ δὲ ταῦτα ἀπέστειλε Σίμων τὸν Νουμήνιον εἰς Ρώμην ἔχοντα ἀσπίδα χρυσῆν μεγάλην ὁλκῆς μνῶν χιλίων εἰς τὸ στῆσαι πρὸς αὐτοὺς τὴν συμμαχίαν.,,,,
1 Maccabees 14:25,1MA,1 Maccabees,14,25,"Ὡς δὲ ἤκουσεν ὁ δῆμος τῶν λόγων τούτων, εἶπαν· τίνα χάριν ἀποδώσομεν Σίμωνι καὶ τοῖς υἱοῖς αὐτοῦ;",,,,
1 Maccabees 14:26,1MA,1 Maccabees,14,26,ἐστήρισε γὰρ αὐτὸς καὶ οἱ ἀδελφοὶ αὐτοῦ καὶ ὁ οἶκος τοῦ πατρὸς αὐτοῦ καὶ ἐπολέμησαν τοὺς ἐχθροὺς Ἰσραὴλ ἀπ᾿ αὐτῶν καὶ ἔστησαν αὐτῷ ἐλευθερίαν. καὶ κατέγραψαν ἐν δέλτοις χαλκαῖς καὶ ἔθεντο ἐν στήλαις ἐν ὄρει Σιών.,,,,
1 Maccabees 14:27,1MA,1 Maccabees,14,27,"καὶ τοῦτο τὸ ἀντίγραφον τῆς γραφῆς· ‘ Ὀκτωκαιδεκάτῃ Ἐλούλ, ἔτους δευτέρου καὶ ἑβδομηκοστοῦ καὶ ἑκατοστοῦ καὶ τοῦτο τρίτον ἔτος ἐπὶ Σίμωνος ἀρχιερέως",,,,
1 Maccabees 14:28,1MA,1 Maccabees,14,28,ἐν ἀσαραμὲλ ἐπὶ συναγωγῆς μεγάλης ἱερέων καὶ λαοῦ καὶ ἀρχόντων ἔθνους καὶ τῶν πρεσβυτέρων τῆς χώρας ἐγνώρισεν ἡμῖν·,,,,
1 Maccabees 14:29,1MA,1 Maccabees,14,29,"ἐπεὶ πολλάκις ἐγενήθησαν πόλεμοι ἐν τῇ χώρᾳ, Σίμων δὲ ὁ υἱὸς Ματταθίου ὁ υἱὸς τῶν υἱῶν Ἰωαρὶβ καὶ οἱ ἀδελφοὶ αὐτοῦ ἔδωκαν ἑαυτοὺς τῷ κινδύνῳ καὶ ἀντέστησαν τοῖς ὑπεναντίοις τοῦ ἔθνους αὐτῶν, ὅπως σταθῇ τὰ ἅγια αὐτῶν καὶ ὁ νόμος, καὶ δόξῃ μεγάλῃ ἐδόξασαν τὸ ἔθνος αὐτῶν.",,,,
1 Maccabees 14:30,1MA,1 Maccabees,14,30,"καὶ ἤθροισεν Ἰωνάθαν τὸ ἔθνος αὐτῶν καὶ ἐγενήθη αὐτοῖς ἀρχιερεὺς καὶ προσετέθη πρὸς τὸν λαὸν αὐτοῦ,",,,,
1 Maccabees 14:31,1MA,1 Maccabees,14,31,καὶ ἐβουλήθησαν οἱ ἐχθροὶ αὐτῶν ἐμβατεῦσαι εἰς τὴν χώραν αὐτῶν τοῦ ἐκτρῖψαι τὴν χώραν αὐτῶν καὶ ἐκτεῖναι χεῖρας ἐπὶ τὰ ἅγια αὐτῶν.,,,,
1 Maccabees 14:32,1MA,1 Maccabees,14,32,"τότε ἀνέστη Σίμων, καὶ ἐπολέμησε περὶ τοῦ ἔθνους αὐτοῦ καὶ ἐδαπάνησε χρήματα πολλὰ τῶν ἑαυτοῦ καὶ ὡπλοδότησε τοὺς ἄνδρας τῆς δυνάμεως τοῦ ἔθνους αὐτοῦ καὶ ἔδωκεν αὐτοῖς ὀψώνια",,,,
1 Maccabees 14:33,1MA,1 Maccabees,14,33,"καὶ ὠχύρωσε τὰς πόλεις τῆς Ἰουδαίας καὶ τὴν Βαιθσούραν τὴν ἐπὶ τῶν ὁρίων τῆς Ἰουδαίας, οὗ ἦν τὰ ὅπλα τῶν πολεμίων τὸ πρότερον, καὶ ἔθετο ἐκεῖ φρουρὰν ἄνδρας Ἰουδαίους.",,,,
1 Maccabees 14:34,1MA,1 Maccabees,14,34,"καὶ Ἰόππην ὠχύρωσε τὴν ἐπὶ τῆς θαλάσσης καὶ τὴν Γάζαρα τὴν ἐπὶ τῶν ὁρίων Ἀζώτου, ἐν ᾗ ᾤκουν οἱ πολέμιοι τὸ πρότερον ἐκεῖ, καὶ κατῴκισεν ἐκεῖ Ἰουδαίους, καὶ ὅσα ἐπιτήδεια ἦν πρὸς τὴν τούτων ἐπανόρθωσιν, ἔθετο ἐν αὐτοῖς.",,,,
1 Maccabees 14:35,1MA,1 Maccabees,14,35,"καὶ εἶδεν ὁ λαὸς τὴν πρᾶξιν τοῦ Σίμωνος καὶ τὴν δόξαν, ἣν ἐβουλεύσατο ποιῆσαι τῷ ἔθνει αὐτοῦ, καὶ ἔθεντο αὐτὸν ἡγούμενον αὐτῶν καὶ ἀρχιερέα διὰ τὸ αὐτὸν πεποιηκέναι πάντα ταῦτα καὶ τὴν δικαιοσύνην καὶ τὴν πίστιν, ἣν συνετήρησε τῷ ἔθνει αὐτοῦ, καὶ ἐζήτησε παντὶ τρόπῳ ὑψῶσαι τὸν λαὸν αὐτοῦ.",,,,
1 Maccabees 14:36,1MA,1 Maccabees,14,36,"καὶ ἐν ταῖς ἡμέραις αὐτοῦ εὐωδώθη ἐν ταῖς χερσὶν αὐτοῦ τοῦ ἐξαρθῆναι τὰ ἔθνη ἐκ τῆς χώρας αὐτῶν καὶ τοὺς ἐν τῇ πόλει Δαυὶδ τοὺς ἐν Ἱερουσαλήμ, οἳ ἐποίησαν ἑαυτοῖς ἄκραν, ἐξ ἧς ἐξεπορεύοντο καὶ ἐμίαινον κύκλῳ τῶν ἁγίων καὶ ἐποίουν πληγὴν μεγάλην ἐν τῇ ἁγνείᾳ.",,,,
1 Maccabees 14:37,1MA,1 Maccabees,14,37,"καὶ κατῴκισεν ἐν αὐτῇ ἄνδρας Ἰουδαίους καὶ ὠχύρωσεν αὐτὴν πρὸς ἀσφάλειαν τῆς χώρας καὶ τῆς πόλεως καὶ ὕψωσε τὰ τείχη Ἱερουσαλήμ,",,,,
1 Maccabees 14:38,1MA,1 Maccabees,14,38,καὶ ὁ βασιλεὺς Δημήτριος ἔστησεν αὐτῷ τὴν ἀρχιερωσύνην κατὰ ταῦτα,,,,
1 Maccabees 14:39,1MA,1 Maccabees,14,39,καὶ ἐποίησεν αὐτὸν τῶν φίλων αὐτοῦ καὶ ἐδόξασεν αὐτὸν δόξῃ μεγάλῃ.,,,,
1 Maccabees 14:40,1MA,1 Maccabees,14,40,"ἤκουσε γὰρ ὅτι προσηγόρευνται οἱ Ἰουδαῖοι ὑπὸ Ρωμαίων φίλοι καὶ σύμμαχοι καὶ ἀδελφοί, καὶ ὅτι ἀπήντησαν τοῖς πρεσβευταῖς Σίμωνος ἐνδόξως,",,,,
1 Maccabees 14:41,1MA,1 Maccabees,14,41,καὶ ὅτι εὐδόκησαν οἱ Ἰουδαῖοι καὶ οἱ ἱερεῖς τοῦ εἶναι Σίμωνα ἡγούμενον καὶ ἀρχιερέα εἰς τὸν αἰῶνα ἕως τοῦ ἀναστῆναι προφήτην πιστὸν,,,,
1 Maccabees 14:42,1MA,1 Maccabees,14,42,"καὶ τοῦ εἶναι ἐπ᾿ αὐτῶν στρατηγὸν καὶ ὅπως μέλῃ αὐτῷ περὶ τῶν ἁγίων καθιστάναι αὐτοὺς ἐπὶ τῶν ἔργων αὐτῶν καὶ ἐπὶ τῆς χώρας καὶ ἐπὶ τῶν ὅπλων καὶ ἐπὶ τῶν ὀχυρωμάτων,",,,,
1 Maccabees 14:43,1MA,1 Maccabees,14,43,"καὶ ὅπως μέλῃ αὐτῷ περὶ τῶν ἁγίων, καὶ ὅπως ἀκούηται ὑπὸ πάντων, καὶ ὅπως γράφωνται ἐπὶ τῷ ὀνόματι αὐτοῦ πᾶσαι συγγραφαὶ ἐν τῇ χώρᾳ, καὶ ὅπως περιβάλληται πορφύραν καὶ χρυσοφορῇ·",,,,
1 Maccabees 14:44,1MA,1 Maccabees,14,44,καὶ οὐκ ἐξέσται οὐδενὶ τοῦ λαοῦ καὶ τῶν ἱερέων ἀθετῆσαί τι τούτων καὶ ἀντειπεῖν τοῖς ὑπ᾿ αὐτοῦ ρηθησομένοις καὶ ἐπισυστρέψαι συστροφὴν ἐν τῇ χώρᾳ ἄνευ αὐτοῦ καὶ περιβάλλεσθαι πορφύραν καὶ ἐμπορποῦσθαι πόρπην χρυσῆν·,,,,
1 Maccabees 14:45,1MA,1 Maccabees,14,45,"ὃς δ᾿ ἂν παρὰ ταῦτα ποιήσῃ ἢ ἀθετήσῃ τι τούτων, ἔνοχος ἔσται’. 46 καὶ εὐδόκησε πᾶς ὁ λαὸς θέσθαι Σίμωνι καὶ ποιῆσαι κατὰ τοὺς λόγους τούτους.",,,,
1 Maccabees 14:47,1MA,1 Maccabees,14,47,καὶ ἐπεδέξατο Σίμων καὶ εὐδόκησεν ἀρχιερατεύειν καὶ εἶναι στρατηγὸς καὶ ἐθνάρχης τῶν Ἰουδαίων καὶ ἱερέων καὶ τοῦ προστατῆσαι πάντων.,,,,
1 Maccabees 14:48,1MA,1 Maccabees,14,48,"καὶ τὴν γραφὴν ταύτην εἶπον θέσθαι ἐν δέλτοις χαλκαῖς καὶ στῆσαι αὐτὰς ἐν περιβόλῳ τῶν ἁγίων ἐν τόπῳ ἐπισήμῳ,",,,,
1 Maccabees 14:49,1MA,1 Maccabees,14,49,"τὰ δὲ ἀντίγραφα αὐτῶν θέσθαι ἐν τῷ γαζοφυλακίῳ, ὅπως ἔχῃ Σίμων καὶ οἱ υἱοὶ αὐτοῦ.",,,,
1 Maccabees 15:1,1MA,1 Maccabees,15,1,ΚΑΙ ἀπέστειλεν ὁ Ἀντίοχος υἱὸς Δημητρίου τοῦ βασιλέως ἐπιστολὰς ἀπὸ τῶν νήσων τῆς θαλάσσης Σίμωνι ἱερεῖ καὶ ἐθνάρχῃ τῶν Ἰουδαίων καὶ παντὶ τῷ ἔθνει.,,,,
1 Maccabees 15:2,1MA,1 Maccabees,15,2,"καὶ ἦσαν περιέχουσαι τὸν τρόπον τοῦτον· ‘Βασιλεὺς Ἀντίοχος Σίμωνι ἱερεῖ μεγάλῳ καὶ ἐθνάρχῃ καὶ ἔθνει Ἰουδαίων χαίρειν,",,,,
1 Maccabees 15:3,1MA,1 Maccabees,15,3,"ἐπειδὴ ἄνδρες λοιμοὶ κατεκράτησαν τῆς βασιλείας τῶν πατέρων ἡμῶν, βούλομαι δὲ ἀντιποιήσασθαι τῆς βασιλείας, ὅπως ἀποκαταστήσω αὐτὴν ὡς ἦν τὸ πρότερον, ἐξενολόγησα δὲ πλῆθος δυνάμεων καὶ κατεσκεύασα πλοῖα πολεμικά,",,,,
1 Maccabees 15:4,1MA,1 Maccabees,15,4,"βούλομαι δὲ ἐκβῆναι κατὰ τὴν χώραν, ὅπως μετέλθω τοὺς κατεφθαρκότας τὴν χώραν ἡμῶν καὶ τοὺς ἠρημωκότας πόλεις πολλὰς ἐν τῇ βασιλείᾳ·",,,,
1 Maccabees 15:5,1MA,1 Maccabees,15,5,"νῦν οὖν ἵστημί σοι πάντα τὰ ἀφαιρέματα, ἃ ἀφῆκάν σοι οἱ πρὸ ἐμοῦ βασιλεῖς καὶ ὅσα ἄλλα δόματα ἀφῆκάν σοι.",,,,
1 Maccabees 15:6,1MA,1 Maccabees,15,6,"καὶ ἐπέτρεψά σοι ποιῆσαι κόμμα ἴδιον νόμισμα τῇ χώρᾳ σου,",,,,
1 Maccabees 15:7,1MA,1 Maccabees,15,7,"Ἱερουσαλὴμ δὲ καὶ τὰ ἅγια εἶναι ἐλεύθερα· καὶ πάντα τὰ ὅπλα ὅσα κατεσκεύασας, καὶ τὰ ὀχυρώματα, ἃ ᾠκοδόμησας ὧν κρατεῖς, μενέτω σοι.",,,,
1 Maccabees 15:8,1MA,1 Maccabees,15,8,"καὶ πᾶν ὀφείλημα βασιλικὸν καὶ τὰ ἐσόμενα βασιλικά, ἀπὸ τοῦ νῦν καὶ εἰς τὸν ἅπαντα χρόνον ἀφιέσθω σοι·",,,,
1 Maccabees 15:9,1MA,1 Maccabees,15,9,"ὡς δ᾿ ἂν κρατήσωμεν τῆς βασιλείας ἡμῶν, δοξάσομέν σε καὶ τὸ ἔθνος σου καὶ τὸ ἱερὸν δόξῃ μεγάλῃ, ὥστε φανερὰν γενέσθαι τὴν δόξαν ὑμῶν ἐν πάσῃ τῇ γῇ’. 10 Ἔτους τετάρτου καὶ ἑβδομηκοστοῦ καὶ ἑκατοστοῦ ἐξῆλθεν Ἀντίοχος εἰς τὴν γῆν πατέρων αὐτοῦ, καὶ συνῆλθον πρὸς αὐτὸν πᾶσαι αἱ δυνάμεις, ὥστε ὀλίγους εἶναι τοὺς καταλειφθέντας σὺν Τρύφωνι.",,,,
1 Maccabees 15:11,1MA,1 Maccabees,15,11,"καὶ ἐδίωξεν αὐτὸν Ἀντίοχος ὁ βασιλεύς, καὶ ἦλθε φεύγων εἰς Δωρᾶ τὴν ἐπὶ τῆς θαλάσσης·",,,,
1 Maccabees 15:12,1MA,1 Maccabees,15,12,"εἶδε γὰρ ὅτι συνῆκται ἐπ᾿ αὐτὸν τὰ κακά, καὶ ἀφῆκαν αὐτὸν αἱ δυνάμεις.",,,,
1 Maccabees 15:13,1MA,1 Maccabees,15,13,καὶ παρενέβαλεν Ἀντίοχος ἐπὶ Δωρᾶ καὶ σὺν αὐτῷ δώδεκα μυριάδες ἀνδρῶν πολεμιστῶν καὶ ὀκτακισχιλία ἵππος.,,,,
1 Maccabees 15:14,1MA,1 Maccabees,15,14,"καὶ ἐκύκλωσε τὴν πόλιν, καὶ τὰ πλοῖα ἀπὸ θαλάσσης συνῆψαν, καὶ ἔθλιβε τὴν πόλιν ἀπὸ τῆς γῆς καὶ τῆς θαλάσσης, καὶ οὐκ εἴασεν οὐδένα ἐκπορεύεσθαι καὶ εἰσπορεύεσθαι.",,,,
1 Maccabees 15:15,1MA,1 Maccabees,15,15,"Καὶ ἦλθε Νουμήνιος καὶ οἱ παρ᾿ αὐτοῦ ἐκ Ρώμης ἔχοντες ἐπιστολὰς τοῖς βασιλεῦσι καὶ ταῖς χώραις, ἐν αἷς ἐγέγραπτο τάδε·",,,,
1 Maccabees 15:16,1MA,1 Maccabees,15,16,‘Λεύκιος ὕπατος Ρωμαίων Πτολεμαίῳ βασιλεῖ χαίρειν.,,,,
1 Maccabees 15:17,1MA,1 Maccabees,15,17,"οἱ πρεσβευταὶ τῶν Ἰουδαίων ἦλθον πρὸς ἡμᾶς, φίλοι ἡμῶν καὶ σύμμαχοι, ἀνανεούμενοι τὴν ἐξ ἀρχῆς φιλίαν καὶ συμμαχίαν, ἀπεσταλμένοι ἀπὸ Σίμωνος τοῦ ἀρχιερέως καὶ τοῦ δήμου τῶν Ἰουδαίων·",,,,
1 Maccabees 15:18,1MA,1 Maccabees,15,18,ἤνεγκαν δὲ ἀσπίδα χρυσῆν ἀπὸ μνῶν χιλίων.,,,,
1 Maccabees 15:19,1MA,1 Maccabees,15,19,ἤρεσεν οὖν ἡμῖν γράψαι τοῖς βασιλεῦσι καὶ ταῖς χώραις ὅπως μὴ ἐκζητήσωσιν αὐτοῖς κακὰ καὶ μὴ πολεμήσωσιν αὐτοὺς καὶ τὰς πόλεις αὐτῶν καὶ τὴν χώραν αὐτῶν καὶ ἵνα μὴ συμμαχήσωσι τοῖς πολεμοῦσιν αὐτούς.,,,,
1 Maccabees 15:20,1MA,1 Maccabees,15,20,ἔδοξε δὲ ἡμῖν δέξασθαι τὴν ἀσπίδα παρ᾿ αὐτῶν.,,,,
1 Maccabees 15:21,1MA,1 Maccabees,15,21,"εἴ τινες οὖν λοιμοὶ διαπεφεύγασιν ἐκ τῆς χώρας αὐτῶν πρὸς ἡμᾶς, παράδοτε αὐτοὺς Σίμωνι τῷ ἀρχιερεῖ, ὅπως ἐκδικήσῃ ἐν αὐτοῖς κατὰ τὸν νόμον αὐτῶν’. 22 Καὶ τὰ αὐτὰ ἔγραψε Δημητρίῳ τῷ βασιλεῖ καὶ Ἀττάλῳ, Ἀριαράθῃ καὶ Ἀρσάκῃ",,,,
1 Maccabees 15:23,1MA,1 Maccabees,15,23,καὶ εἰς πάσας τὰς χώρας καὶ Σαμψάμῃ καὶ Σπαρτιάταις καὶ εἰς Δῆλον καὶ Μύνδον καὶ Σικυῶνα καὶ εἰς τὴν Καρίαν καὶ εἰς Σάμον καὶ εἰς τὴν Παμφυλίαν καὶ εἰς τὴν Λυκίαν καὶ εἰς Ἁλικαρνασσὸν καὶ εἰς Ρόδον καὶ εἰς Φασηλίδα καὶ εἰς Κῶ καὶ εἰς Σίδην καὶ εἰς Ἄραδον καὶ εἰς Γόρτυναν καὶ Κνίδον καὶ Κύπρον καὶ Κυρήνην.,,,,
1 Maccabees 15:24,1MA,1 Maccabees,15,24,τὸ δὲ ἀντίγραφον αὐτῶν ἔγραψαν Σίμωνι τῷ ἀρχιερεῖ.,,,,
1 Maccabees 15:25,1MA,1 Maccabees,15,25,"Ἀντίοχος δὲ ὁ βασιλεὺς παρενέβαλεν ἐπὶ Δωρᾶ ἐν τῇ δευτέρᾳ, προσάγων διὰ παντὸς αὐτῇ τὰς χεῖρας καὶ μηχανὰς ποιούμενος καὶ συνέκλεισε τὸν Τρύφωνα τοῦ μὴ εἰσπορεύεσθαι καὶ ἐκπορεύεσθαι.",,,,
1 Maccabees 15:26,1MA,1 Maccabees,15,26,καὶ ἀπέστειλεν αὐτῷ Σίμων δισχιλίους ἄνδρας ἐκλεκτοὺς συμμαχῆσαι αὐτῷ καὶ ἀργύριον καὶ χρυσίον καὶ σκεύη ἱκανά.,,,,
1 Maccabees 15:27,1MA,1 Maccabees,15,27,"καὶ οὐκ ἠβούλετο αὐτὰ δέξασθαι, ἀλλ᾿ ἠθέτησε πάντα, ὅσα συνέθετο αὐτῷ τὸ πρότερον, καὶ ἠλλοτριοῦντο αὐτῷ.",,,,
1 Maccabees 15:28,1MA,1 Maccabees,15,28,"καὶ ἀπέστειλε πρὸς αὐτὸν Ἀθηνόβιον ἕνα τῶν φίλων αὐτοῦ κοινολογησάμενον αὐτῷ λέγων· ὑμεῖς κατακρατεῖτε τῆς Ἰόππης καὶ Γαζάρων καὶ τῆς ἄκρας τῆς ἐν Ἱερουσαλήμ, πόλεις τῆς βασιλείας μου.",,,,
1 Maccabees 15:29,1MA,1 Maccabees,15,29,τὰ ὅρια αὐτῶν ἠρημώσατε καὶ ἐποιήσατε πληγὴν μεγάλην ἐπὶ τῆς γῆς καὶ ἐκυριεύσατε τόπων πολλῶν ἐν τῇ βασιλείᾳ μου.,,,,
1 Maccabees 15:30,1MA,1 Maccabees,15,30,"νῦν οὖν παράδοτε τὰς πόλεις, ἃς κατελάβεσθε, καὶ τοὺς φόρους τῶν τόπων, ὧν κατεκυριεύσατε ἐκτὸς τῶν ὁρίων τῆς Ἰουδαίας.",,,,
1 Maccabees 15:31,1MA,1 Maccabees,15,31,"εἰ δὲ μή, δότε ἀντ᾿ αὐτῶν πεντακόσια τάλαντα ἀργυρίου καὶ τῆς καταφθορᾶς, ἧς κατεφθάρκατε, καὶ τῶν φόρων τῶν πόλεων ἄλλα τάλαντα πεντακόσια· εἰ δὲ μή, παραγενόμενοι ἐκπολεμήσομεν ὑμᾶς.",,,,
1 Maccabees 15:32,1MA,1 Maccabees,15,32,καὶ ἦλθεν Ἀθηνόβιος φίλος τοῦ βασιλέως εἰς Ἱερουσαλὴμ καὶ εἶδε τὴν δόξαν Σίμωνος καὶ κυλικεῖον μετὰ χρυσωμάτων καὶ ἀργυρωμάτων καὶ παράστασιν ἱκανὴν καὶ ἐξίστατο καὶ ἀπήγγειλεν αὐτῶ τοὺς λόγους τοῦ βασιλέως.,,,,
1 Maccabees 15:33,1MA,1 Maccabees,15,33,"καὶ ἀποκριθεὶς Σίμων εἶπεν αὐτῷ· οὔτε γῆν ἀλλοτρίαν εἰλήφαμεν οὔτε ἀλλοτρίων κεκρατήκαμεν, ἀλλὰ τῆς κληρονομίας τῶν πατέρων ἡμῶν, ὑπὸ δὲ ἐχθρῶν ἡμῶν ἔν τινι καιρῷ ἀκρίτως κατεκρατήθη·",,,,
1 Maccabees 15:34,1MA,1 Maccabees,15,34,ἡμεῖς δὲ καιρὸν ἔχοντες ἀντεχόμεθα τῆς κληρονομίας τῶν πατέρων ἡμῶν.,,,,
1 Maccabees 15:35,1MA,1 Maccabees,15,35,"περὶ δὲ Ἰόππης καὶ Γαζάρων, ὧν αἰτεῖς, αὗται ἐποίουν ἐν τῷ λαῷ πληγὴν μεγάλην κατὰ τὴν χώραν ἡμῶν, τούτων δώσομεν τάλαντα ἑκατόν. καὶ οὐκ ἀπεκρίθη αὐτῷ Ἀθηνόβιος λόγον,",,,,
1 Maccabees 15:36,1MA,1 Maccabees,15,36,"ἀπέστρεψε δὲ μετὰ θυμοῦ πρὸς τὸν βασιλέα καὶ ἀπήγγειλεν αὐτῷ τοὺς λόγους τούτους καὶ τὴν δόξαν Σίμωνος καὶ πάντα, ὅσα εἶδε, καὶ ὠργίσθη ὁ βασιλεὺς ὀργὴν μεγάλην.",,,,
1 Maccabees 15:37,1MA,1 Maccabees,15,37,Τρύφων δὲ ἐμβὰς εἰς πλοῖον ἔφυγεν εἰς Ὀρθωσιάδα.,,,,
1 Maccabees 15:38,1MA,1 Maccabees,15,38,καὶ κατέστησεν ὁ βασιλεὺς τὸν Κενδεβαῖον στρατηγὸν τῆς παραλίας καὶ δυνάμεις πεζικὰς καὶ ἱππικὰς ἔδωκεν αὐτῷ·,,,,
1 Maccabees 15:39,1MA,1 Maccabees,15,39,καὶ ἐνετείλατο αὐτῷ παρεμβαλεῖν κατὰ πρόσωπον τῆς Ἰουδαίας καὶ ἐνετείλατο αὐτῷ οἰκοδομῆσαι τὴν Κεδρὼν καὶ ὀχυρῶσαι τὰς πύλας καὶ ὅπως πολεμήσῃ τὸν λαόν· ὁ δὲ βασιλεὺς ἐδίωκε τὸν Τρύφωνα.,,,,
1 Maccabees 15:40,1MA,1 Maccabees,15,40,"καὶ παρεγενήθη Κενδεβαῖος εἰς Ἰάμνειαν καὶ ἤρξατο τοῦ ἐρεθίζειν τὸν λαὸν καὶ ἐμβατεύειν εἰς τὴν Ἰουδαίαν καὶ αἰχμαλωτίζειν τὸν λαὸν καὶ φονεύειν,",,,,
1 Maccabees 15:41,1MA,1 Maccabees,15,41,"καὶ ᾠκοδόμησε τὴν Κεδρὼν καὶ ἔταξεν ἐκεῖ ἱππεῖς καὶ δυνάμεις, ὅπως ἐκπορευόμενοι ἐξοδεύωσι τὰς ὁδοὺς τῆς Ἰουδαίας, καθὰ συνέταξεν αὐτῷ ὁ βασιλεύς.",,,,
1 Maccabees 16:1,1MA,1 Maccabees,16,1,ΚΑΙ ἀνέβη Ἰωάννης ἐκ Γαζάρων καὶ ἀπήγγειλε Σίμωνι τῷ πατρὶ αὐτοῦ ἃ συνετέλει Κενδεβαῖος.,,,,
1 Maccabees 16:2,1MA,1 Maccabees,16,2,"καὶ ἐκάλεσε Σίμων τοὺς δύο υἱοὺς αὐτοῦ τοὺς πρεσβυτέρους Ἰούδαν καὶ Ἰωάννην καὶ εἶπεν αὐτοῖς· ἐγὼ καὶ οἱ ἀδελφοί μου καὶ ὁ οἶκος τοῦ πατρός μου ἐπολεμήσαμεν τοὺς πολεμίους Ἰσραὴλ ἀπὸ νεότητος ἕως τῆς σήμερον ἡμέρας, καὶ εὐωδώθη ἐν ταῖς χερσὶν ἡμῶν ρύσασθαι τὸν Ἰσραὴλ πλεονάκις.",,,,
1 Maccabees 16:3,1MA,1 Maccabees,16,3,"νῦν δὲ γεγήρακα, καὶ ὑμεῖς δὲ ἐν τῶ ἐλέει ἱκανοί ἐστε ἐν τοῖς ἔτεσι· γίνεσθε ἀντ᾿ ἐμοῦ καὶ τοῦ ἀδελφοῦ μου καὶ ἐξελθόντες ὑπερμαχεῖτε ὑπὲρ τοῦ ἔθνους ἡμῶν, ἡ δὲ ἐκ τοῦ οὐρανοῦ βοήθεια ἔστω μεθ᾿ ὑμῶν.",,,,
1 Maccabees 16:4,1MA,1 Maccabees,16,4,"καὶ ἐπέλεξεν ἐκ τῆς χώρας εἴκοσι χιλιάδας ἀνδρῶν πολεμιστῶν καὶ ἱππεῖς, καὶ ἐπορεύθησαν ἐπὶ τὸν Κενδεβαῖον καὶ ἐκοιμήθησαν ἐν Μωδεΐν.",,,,
1 Maccabees 16:5,1MA,1 Maccabees,16,5,"καὶ ἀναστάντες τὸ πρωΐ ἐπορεύοντο εἰς τὸ πεδίον, καὶ ἰδοὺ δύναμις πολλὴ εἰς συνάντησιν αὐτοῖς, πεζικὴ καὶ ἱππεῖς, καὶ ἦν χειμάρρους ἀναμέσον αὐτῶν.",,,,
1 Maccabees 16:6,1MA,1 Maccabees,16,6,καὶ παρενέβαλε κατὰ πρόσωπον αὐτῶν αὐτὸς καὶ ὁ λαὸς αὐτοῦ. καὶ εἶδε τὸν λαὸν δειλούμενον διαπερᾶσαι τὸν χειμάρρουν καὶ διεπέρασε πρῶτος· καὶ εἶδον αὐτὸν οἱ ἄνδρες καὶ διεπέρασαν κατόπισθεν αὐτοῦ.,,,,
1 Maccabees 16:7,1MA,1 Maccabees,16,7,καὶ διεῖλε τὸν λαὸν καὶ τοὺς ἱππεῖς ἐν μέσῳ τῶν πεζῶν· ἡ δὲ ἵππος τῶν ὑπεναντίων πολλὴ σφόδρα.,,,,
1 Maccabees 16:8,1MA,1 Maccabees,16,8,"καὶ ἐσάλπισαν ταῖς ἱεραῖς σάλπιγξι, καὶ ἐτροπώθη Κενδεβαῖος καὶ ἡ παρεμβολὴ αὐτοῦ, καὶ ἔπεσον ἐξ αὐτῶν τραυματίαι πολλοί· οἱ δὲ καταλειφθέντες ἔφυγον εἰς τὸ ὀχύρωμα.",,,,
1 Maccabees 16:9,1MA,1 Maccabees,16,9,"τότε ἐτραυματίσθη Ἰούδας ὁ ἀδελφὸς Ἰωάννου· Ἰωάννης δὲ κατεδίωξεν αὐτοὺς ἕως ἦλθεν εἰς Κεδρών, ἣν ᾠκοδόμησε.",,,,
1 Maccabees 16:10,1MA,1 Maccabees,16,10,"καὶ ἔφυγον ἕως εἰς τοὺς πύργους τοὺς ἐν τοῖς ἀγροῖς Ἀζώτου, καὶ ἐνεπύρισεν αὐτὴν ἐν πυρί, καὶ ἔπεσον ἐξ αὐτῶν εἰς ἄνδρας δισχιλίους καὶ ἀπέστρεψεν εἰς γῆν Ἰούδα μετ᾿ εἰρήνης.",,,,
1 Maccabees 16:11,1MA,1 Maccabees,16,11,Καὶ Πτολεμαῖος ὁ τοῦ Ἀβούβου ἦν καθεσταμένος στρατηγὸς εἰς τὸ πεδίον Ἱεριχὼ καὶ ἔσχεν ἀργύριον καὶ χρυσίον πολύ·,,,,
1 Maccabees 16:12,1MA,1 Maccabees,16,12,ἦν γὰρ γαμβρὸς τοῦ ἀρχιερέως.,,,,
1 Maccabees 16:13,1MA,1 Maccabees,16,13,"καὶ ὑψώθη ἡ καρδία αὐτοῦ, καὶ ἠβουλήθη κατακρατῆσαι τῆς χώρας καὶ ἐβουλεύετο δόλῳ κατὰ Σίμωνος καὶ τῶν υἱῶν αὐτοῦ ἆραι αὐτούς.",,,,
1 Maccabees 16:14,1MA,1 Maccabees,16,14,Σίμων δὲ ἦν ἐφοδεύων τὰς πόλεις τὰς ἐν τῇ χώρᾳ καὶ φροντίζων τῆς ἐπιμελείας αὐτῶν· καὶ κατέβη εἰς Ἱεριχὼ αὐτὸς καὶ Ματταθίας καὶ Ἰούδας οἱ υἱοὶ αὐτοῦ ἔτους ἑβδόμου καὶ ἑβδομηκοστοῦ καὶ ἑκατοστοῦ ἐν μηνὶ ἑνδεκάτῳ (οὗτος ὁ μὴν Σαβάτ).,,,,
1 Maccabees 16:15,1MA,1 Maccabees,16,15,"καὶ ὑπεδέξατο αὐτοὺς ὁ τοῦ Ἀβούβου εἰς τὸ ὀχυρωμάτιον τὸ καλούμενον Δὼκ μετὰ δόλου, ὃ ᾠκοδόμησε, καὶ ἐποίησεν αὐτοῖς πότον μέγαν καὶ ἐνέκρυψεν ἐκεῖ ἄνδρας.",,,,
1 Maccabees 16:16,1MA,1 Maccabees,16,16,"καὶ ὅτε ἐμεθύσθη Σίμων καὶ οἱ υἱοὶ αὐτοῦ, ἐξανέστη Πτολεμαῖος καὶ οἱ παρ᾿ αὐτοῦ καὶ ἐλάβοσαν τὰ ὅπλα αὐτῶν καὶ ἐπεισήλθοσαν τῷ Σίμωνι εἰς τὸ συμπόσιον καὶ ἀπέκτειναν αὐτὸν καὶ τοὺς δύο υἱοὺς αὐτοῦ καί τινας τῶν παιδαρίων αὐτοῦ.",,,,
1 Maccabees 16:17,1MA,1 Maccabees,16,17,"καὶ ἐποίησεν ἀθεσίαν μεγάλην, καὶ ἀπέδωκε κακὰ ἀντὶ ἀγαθῶν.",,,,
1 Maccabees 16:18,1MA,1 Maccabees,16,18,"καὶ ἔγραψε ταῦτα Πτολεμαῖος καὶ ἀπέστειλε τῷ βασιλεῖ, ὅπως ἀποστείλῃ αὐτῷ δυνάμεις εἰς βοήθειαν καὶ παραδῷ αὐτῷ τὴν χώραν αὐτῶν καὶ τὰς πόλεις.",,,,
1 Maccabees 16:19,1MA,1 Maccabees,16,19,"καὶ ἀπέστειλεν ἑτέρους εἰς Γάζαρα ἆραι τὸν Ἰωάννην, καὶ τοῖς χιλιάρχοις ἀπέστειλεν ἐπιστολὰς παραγενέσθαι πρὸς αὐτόν, ὅπως δῷ αὐτοῖς ἀργύριον καὶ χρυσίον καὶ δόματα,",,,,
1 Maccabees 16:20,1MA,1 Maccabees,16,20,καὶ ἑτέρους ἀπέστειλε καταλαβέσθαι τὴν Ἱερουσαλὴμ καὶ τὸ ὄρος τοῦ ἱεροῦ.,,,,
1 Maccabees 16:21,1MA,1 Maccabees,16,21,καὶ προδραμών τις ἀπήγγειλεν Ἰωάννῃ εἰς Γάζαρα ὅτι ἀπώλετο ὁ πατὴρ αὐτοῦ καὶ οἱ ἀδελφοὶ αὐτοῦ καὶ ὅτι ἀπέσταλκε καὶ σὲ ἀποκτεῖναι.,,,,
1 Maccabees 16:22,1MA,1 Maccabees,16,22,"καὶ ἀκούσας ἐξέστη σφόδρα καὶ συνέλαβε τοὺς ἄνδρας τοὺς ἐλθόντας ἀπολέσαι αὐτὸν καὶ ἀπέκτεινεν αὐτούς, ἐπέγνω γὰρ ὅτι ἐζήτουν αὐτὸν ἀπολέσαι.",,,,
1 Maccabees 16:23,1MA,1 Maccabees,16,23,"Καὶ τὰ λοιπὰ τῶν λόγων Ἰωάννου καὶ τῶν πολέμων αὐτοῦ καὶ τῶν ἀνδραγαθιῶν αὐτοῦ, ὧν ἠνδραγάθησε, καὶ τῆς οἰκοδομῆς τῶν τειχέων, ὧν ᾠκοδόμησε, καὶ τῶν πράξεων αὐτοῦ,",,,,
1 Maccabees 16:24,1MA,1 Maccabees,16,24,"ἰδοὺ ταῦτα γέγραπται ἐπὶ βιβλίῳ ἡμερῶν ἀρχιερωσύνης αὐτοῦ, ἀφ᾿ οὗ ἐγενήθη ἀρχιερεὺς μετὰ τὸν πατέρα αὐτοῦ.",,,,
1 Esdras 1:1,1ES,1 Esdras,1,1,ΚΑΙ ἤγαγεν Ἰωσίας τὸ πάσχα ἐν Ἱερουσαλὴμ τῷ Κυρίῳ αὐτοῦ καὶ ἔθυσε τὸ πάσχα τῇ τεσσαρεσκαιδεκάτῃ ἡμέρᾳ τοῦ μηνὸς τοῦ πρώτου,,,,
1 Esdras 1:2,1ES,1 Esdras,1,2,στήσας τοὺς ἱερεῖς κατ᾿ ἐφημερίας ἐστολισμένους ἐν τῷ ἱερῷ τοῦ Κυρίου.,,,,
1 Esdras 1:3,1ES,1 Esdras,1,3,"καὶ εἶπε τοῖς Λευίταις, ἱεροδούλοις τοῦ Ἰσραήλ, ἁγιάσαι ἑαυτοὺς τῷ Κυρίῳ ἐν τῇ θέσει τῆς ἁγίας κιβωτοῦ τοῦ Κυρίου ἐν τῷ οἴκῳ, ᾧ ᾠκοδόμησε Σαλωμὼν ὁ τοῦ Δαυὶδ ὁ βασιλεύς·",,,,
1 Esdras 1:4,1ES,1 Esdras,1,4,οὐκ ἔσται ὑμῖν ἆραι ἐπ᾿ ὤμων αὐτήν· καὶ νῦν λατρεύετε τῷ Κυρίῳ Θεῷ ὑμῶν καὶ θεραπεύετε τὸ ἔθνος αὐτοῦ Ἰσραὴλ καὶ ἑτοιμάσατε κατὰ τὰς πατριὰς καὶ τὰς φυλὰς ὑμῶν κατὰ τὴν γραφὴν Δαυὶδ βασιλέως Ἰσραὴλ καὶ κατὰ τὴν μεγαλειότητα Σαλωμὼν τοῦ υἱοῦ αὐτοῦ.,,,,
1 Esdras 1:5,1ES,1 Esdras,1,5,"καὶ στάντες ἐν τῷ ἁγίῳ κατὰ τὴν μεριδαρχίαν τὴν πατρικὴν ὑμῶν τῶν Λευιτῶν, τῶν ἔμπροσθεν τῶν ἀδελφῶν ὑμῶν υἱῶν Ἰσραήλ,",,,,
1 Esdras 1:6,1ES,1 Esdras,1,6,ἐν τάξει θύσατε τὸ πάσχα καὶ τὰς θυσίας ἑτοιμάσατε τοῖς ἀδελφοῖς ὑμῶν καὶ ποιήσατε τὸ πάσχα κατὰ τὸ πρόσταγμα τοῦ Κυρίου τὸ δοθὲν τῷ Μωυσῇ.,,,,
1 Esdras 1:7,1ES,1 Esdras,1,7,"καὶ ἐδωρήσατο Ἰωσίας τῷ λαῷ τῷ εὑρεθέντι ἀρνῶν καὶ ἐρίφων τριάκοντα χιλιάδας, μόσχους τρισχιλίους· ταῦτα ἐκ τῶν βασιλικῶν ἐδόθη κατ᾿ ἐπαγγελίαν τῷ λαῷ καὶ τοῖς ἱερεῦσι καὶ Λευίταις.",,,,
1 Esdras 1:8,1ES,1 Esdras,1,8,"καὶ ἔδωκε Χελκίας καὶ Ζαχαρίας καὶ Ἡσκῆλος οἱ ἐπιστάται τοῦ ἱεροῦ τοῖς ἱερεῦσιν εἰς πάσχα πρόβατα δισχίλια ἑξακόσια, μόσχους τριακοσίους.",,,,
1 Esdras 1:9,1ES,1 Esdras,1,9,"καὶ Ἰεχονίας καὶ Σαμαίας καὶ Ναθαναὴλ ὁ ἀδελφὸς καὶ Ἀσαβίας καὶ Ὀχιῆλος καὶ Ἰωρὰμ χιλίαρχοι ἔδωκαν τοῖς Λευίταις εἰς πάσχα πρόβατα πεντακιχίλια, μόσχους ἑπτακοσίους.",,,,
1 Esdras 1:10,1ES,1 Esdras,1,10,"καὶ ταῦτα τὰ γενόμενα· εὐπρεπῶς ἔστησαν οἱ ἱερεῖς καὶ οἱ Λευῖται ἔχοντες τὰ ἄζυμα κατὰ τὰς φυλὰς καὶ κατὰ τὰς μεριδαρχίας τῶν πατέρων ἔμπροσθεν τοῦ λαοῦ προσενεγκεῖν τῷ Κυρίῳ κατὰ τὰ γεγραμμένα ἐν βιβλίῳ Μωυσῆ, καὶ οὕτω τὸ πρωϊνόν.",,,,
1 Esdras 1:11,1ES,1 Esdras,1,11,"καὶ ὤπτησαν τὸ πάσχα πυρὶ ὡς καθήκει, καὶ τὰς θυσίας ἥψησαν ἐν τοῖς χαλκείοις καὶ λέβησι μετ᾿ εὐωδίας καὶ ἀπήνεγκαν πᾶσι τοῖς ἐκ τοῦ λαοῦ.",,,,
1 Esdras 1:12,1ES,1 Esdras,1,12,μετὰ δὲ ταῦτα ἡτοίμασαν ἑαυτοῖς τε καὶ τοῖς ἱερεῦσιν ἀδελφοῖς αὐτῶν υἱοῖς Ἀαρών·,,,,
1 Esdras 1:13,1ES,1 Esdras,1,13,"οἱ γὰρ ἱερεῖς ἀνέφερον τὰ στέατα ἕως ἀωρίας, καὶ οἱ Λευῖται ἡτοίμασαν ἑαυτοῖς καὶ τοῖς ἱερεῦσιν ἀδελφοῖς αὐτῶν υἱοῖς Ἀαρών.",,,,
1 Esdras 1:14,1ES,1 Esdras,1,14,"καὶ οἱ ἱεροψάλται υἱοὶ Ἀσὰφ ἦσαν ἐπὶ τῆς τάξεως αὐτῶν, κατὰ τὰ ὑπὸ Δαυὶδ τεταγμένα καὶ Ἀσὰφ καὶ Ζαχαρίας καὶ Ἐδδινοῦς ὁ παρά τοῦ βασιλέως,",,,,
1 Esdras 1:15,1ES,1 Esdras,1,15,"καὶ οἱ θυρωροὶ ἐφ᾿ ἑκάστου πυλῶνος· οὐκ ἔστι παραβῆναι ἕκαστον τὴν ἑαυτοῦ ἐφημερίαν, οἱ γὰρ ἀδελφοὶ αὐτῶν οἱ Λευῖται ἡτοίμασαν αὐτοῖς.",,,,
1 Esdras 1:16,1ES,1 Esdras,1,16,"καὶ συνετελέσθη τὰ τῆς θυσίας τοῦ Κυρίου ἐν ἐκείνῃ τῇ ἡμέρᾳ, ἀχθῆναι τὸ πάσχα καὶ προσαχθῆναι τὰς θυσίας ἐπὶ τὸ τοῦ Κυρίου θυσιαστήριον κατὰ τὴν ἐπιταγὴν τοῦ βασιλέως Ἰωσίου.",,,,
1 Esdras 1:17,1ES,1 Esdras,1,17,καὶ ἠγάγοσαν οἱ υἱοὶ Ἰσραὴλ οἱ εὑρεθέντες ἐν τῷ καιρῷ τούτῳ τὸ πάσχα καὶ τὴν ἑορτὴν τῶν ἀζύμων ἡμέρας ἑπτά.,,,,
1 Esdras 1:18,1ES,1 Esdras,1,18,"καὶ οὐκ ἤχθη τὸ πάσχα τοιοῦτον ἐν τῷ Ἰσραὴλ ἀπὸ τῶν χρόνων Σαμουὴλ τοῦ προφήτου,",,,,
1 Esdras 1:19,1ES,1 Esdras,1,19,"καὶ πάντες οἱ βασιλεῖς τοῦ Ἰσραὴλ οὐκ ἠγάγοσαν πάσχα τοιοῦτον, οἷον ἤγαγεν Ἰωσίας καὶ οἱ ἱερεῖς καὶ οἱ Λευῖται καὶ οἱ Ἰουδαῖοι καὶ πᾶς Ἰσραὴλ ὁ εὑρεθεὶς ἐν τῇ κατοικήσει αὐτῶν ἐν Ἱερουσαλήμ·",,,,
1 Esdras 1:20,1ES,1 Esdras,1,20,ὀκτωκαιδεκάτῳ ἔτει βασιλεύοντος Ἰωσίου ἤχθη τὸ πάσχα τοῦτο.,,,,
1 Esdras 1:21,1ES,1 Esdras,1,21,καὶ ὠρθώθη τὰ ἔργα Ἰωσίου ἐνώπιον τοῦ Κυρίου αὐτοῦ ἐν καρδίᾳ πλήρει εὐσεβείας.,,,,
1 Esdras 1:22,1ES,1 Esdras,1,22,"καὶ τὰ κατ᾿ αὐτὸν δέ ἀναγέγραπται ἐν τοῖς ἔμπροσθεν χρόνοις, περὶ τῶν ἡμαρτηκότων καὶ ἠσεβηκότων εἰς τὸν Κύριον παρὰ πᾶν ἔθνος καὶ βασιλείαν, καὶ ἃ ἐλύπησαν αὐτὸν ἐν αἰσθήσει, καὶ οἱ λόγοι τοῦ Κυρίου ἀνέστησαν ἐπὶ Ἰσραήλ.",,,,
1 Esdras 1:23,1ES,1 Esdras,1,23,"Καὶ μετὰ πᾶσαν τὴν πρᾶξιν ταύτην Ἰωσίου συνέβη Φαραὼ βασιλέα Αἰγύπτου ἐλθόντα πόλεμον ἐγεῖραι ἐν Χαρκαμὺς ἐπὶ τοῦ Εὐφράτου, καὶ ἐξῆλθεν εἰς ἀπάντησιν αὐτῷ Ἰωσίας.",,,,
1 Esdras 1:24,1ES,1 Esdras,1,24,"καὶ διεπέμψατο πρὸς αὐτὸν βασιλεὺς Αἰγύπτου λέγων· τί ἐμοὶ καὶ σοί ἐστι, βασιλεῦ τῆς Ἰουδαίας;",,,,
1 Esdras 1:25,1ES,1 Esdras,1,25,"οὐχὶ πρός σε ἐξαπέσταλμαι ὑπὸ Κυρίου τοῦ Θεοῦ· ἐπὶ γὰρ τοῦ Εὐφράτου ὁ πόλεμός μου ἐστί. καὶ νῦν Κύριος μετ᾿ ἐμοῦ ἐστι, καὶ Κύριος μετ᾿ ἐμοῦ ἐπισπεύδων ἐστίν· ἀπόστηθι καὶ μὴ ἐναντιοῦ τῷ Κυρίῳ.",,,,
1 Esdras 1:26,1ES,1 Esdras,1,26,"καὶ οὐκ ἀπέστρεψεν ἑαυτὸν Ἰωσίας ἐπὶ τὸ ἅρμα αὐτοῦ, ἀλλὰ πολεμεῖν αὐτὸν ἐπεχείρει, οὐ προσέχων ρήμασιν Ἱερεμίου προφήτου ἐκ στόματος Κυρίου·",,,,
1 Esdras 1:27,1ES,1 Esdras,1,27,"ἀλλὰ συνεστήσατο πρὸς αὐτὸν πόλεμον ἐν τῷ πεδίῳ Μαγεδδώ, καὶ κατέβησαν οἱ ἄρχοντες πρὸς τὸν βασιλέα Ἰωσίαν.",,,,
1 Esdras 1:28,1ES,1 Esdras,1,28,"καὶ εἶπεν ὁ βασιλεὺς τοῖς παισὶν ἑαυτοῦ· ἀποστήσατέ με ἀπὸ τῆς μάχης, ἠσθένησα γὰρ λίαν. καὶ εὐθέως ἀπέστησαν αὐτὸν οἱ παῖδες αὐτοῦ ἀπὸ τῆς παρατάξεως,",,,,
1 Esdras 1:29,1ES,1 Esdras,1,29,"καὶ ἀνέβη ἐπὶ τὸ ἅρμα τὸ δευτέριον αὐτοῦ· καὶ ἀποκατασταθεὶς εἰς Ἱερουσαλήμ, μετήλλαξε τὸν βίον αὐτοῦ καὶ ἐτάφη ἐν τῷ πατρικῷ τάφῳ.",,,,
1 Esdras 1:30,1ES,1 Esdras,1,30,"καὶ ἐν ὅλῃ τῇ Ἰουδαίᾳ ἐπένθησαν τὸν Ἰωσίαν, καὶ ἐθρήνησεν Ἱερεμίας ὁ προφήτης ὑπὲρ Ἰωσίου, καὶ οἱ προκαθήμενοι σὺν γυναιξὶν ἐθρηνοῦσαν αὐτὸν ἕως τῆς ἡμέρας ταύτης· καὶ ἐξεδόθη τοῦτο γίνεσθαι ἀεὶ εἰς ἅπαν τὸ γένος Ἰσραήλ.",,,,
1 Esdras 1:31,1ES,1 Esdras,1,31,"ταῦτα δὲ ἀναγέγραπται ἐν τῇ βίβλῳ τῶν ἱστορουμένων περὶ τῶν βασιλέων τῆς Ἰουδαίας· καὶ τὸ καθ᾿ ἓν πραχθὲν τῆς πράξεως Ἰωσίου καὶ τῆς δόξης αὐτοῦ καὶ τῆς συνέσεως αὐτοῦ ἐν τῷ νόμῳ Κυρίου, τά τε προπραχθέντα ὑπ᾿ αὐτοῦ καὶ τὰ νῦν, ἱστόρηται ἐν τῷ βιβλίῳ τῶν βασιλέων Ἰσραὴλ καὶ Ἰούδα.",,,,
1 Esdras 1:32,1ES,1 Esdras,1,32,Καὶ ἀναλαβόντες οἱ ἐκ τοῦ ἔθνους τὸν Ἰεχονίαν υἱὸν Ἰωσίου ἀνέδειξαν βασιλέα ἀντὶ Ἰωσίου τοῦ πατρὸς αὐτοῦ ὄντα ἐτῶν εἴκοσι τριῶν.,,,,
1 Esdras 1:33,1ES,1 Esdras,1,33,καὶ ἐβασίλευσεν ἐν Ἰσραὴλ καὶ Ἱερουσαλὴμ μῆνας τρεῖς. καὶ ἀπέστησεν αὐτὸν βασιλεὺς Αἰγύπτου τοῦ μὴ βασιλεύειν ἐν Ἱερουσαλὴμ,,,,
1 Esdras 1:34,1ES,1 Esdras,1,34,καὶ ἐζημίωσε τὸ ἔθνος ἀργυρίου ταλάντοις ἑκατὸν καὶ χρυσίου ταλάντῳ ἑνί.,,,,
1 Esdras 1:35,1ES,1 Esdras,1,35,καὶ ἀνέδειξε βασιλεὺς Αἰγύπτου βασιλέα Ἰωακὶμ τὸν ἀδελφὸν αὐτοῦ βασιλέα τῆς Ἰουδαίας καὶ Ἱερουσαλήμ.,,,,
1 Esdras 1:36,1ES,1 Esdras,1,36,"καὶ ἔδησεν Ἰωακὶμ τοὺς μεγιστᾶνας, Ζαράκην δὲ τὸν ἀδελφὸν αὐτοῦ συλλαβὼν ἀνήγαγεν ἐξ Αἰγύπτου.",,,,
1 Esdras 1:37,1ES,1 Esdras,1,37,"Ἐτῶν δὲ ἦν εἰκοσιπέντε Ἰωακίμ, ὅτε ἐβασίλευσε τῆς Ἰουδαίας καὶ Ἱερουσαλήμ, καὶ ἐποίησε τὸ πονηρὸν ἐνώπιον Κυρίου.",,,,
1 Esdras 1:38,1ES,1 Esdras,1,38,μετ᾿ αὐτὸν δὲ ἀνέβη Ναβουχοδονόσορ ὁ βασιλεὺς Βαβυλῶνος καὶ δήσας αὐτὸν ἐν χαλκείῳ δεσμῷ καὶ ἀπήγαγεν εἰς Βαβυλῶνα.,,,,
1 Esdras 1:39,1ES,1 Esdras,1,39,καὶ ἀπὸ τῶν ἱερῶν σκευῶν τοῦ Κυρίου λαβὼν Ναβουχοδονόσορ καὶ ἀπενέγκας ἀπηρείσατο ἐν τῷ ναῷ αὐτοῦ ἐν Βαβυλῶνι.,,,,
1 Esdras 1:40,1ES,1 Esdras,1,40,τὰ δὲ ἱστορηθέντα περὶ αὐτοῦ καὶ τῆς ἀκαθαρσίας αὐτοῦ καὶ δυσσεβείας ἀναγέγραπται ἐν τῇ βίβλῳ τῶν χρόνων τῶν βασιλέων.,,,,
1 Esdras 1:41,1ES,1 Esdras,1,41,"Καὶ ἐβασίλευσεν ἀντ᾿ αὐτοῦ Ἰωακὶμ ὁ υἱὸς αὐτοῦ· ὅτε γὰρ ἀνεδείχθη, ἦν ἐτῶν ὀκτώ.",,,,
1 Esdras 1:42,1ES,1 Esdras,1,42,βασιλεύει δὲ μῆνας τρεῖς καὶ ἡμέρας δέκα ἐν Ἱερουσαλὴμ καὶ ἐποίησε τὸ πονηρὸν ἔναντι Κυρίου.,,,,
1 Esdras 1:43,1ES,1 Esdras,1,43,Καὶ μετ᾿ ἐνιαυτὸν ἀποστείλας Ναβουχοδονόσορ μετήγαγεν αὐτὸν εἰς Βαβυλῶνα ἅμα τοῖς ἱεροῖς σκεύεσι τοῦ Κυρίου,,,,
1 Esdras 1:44,1ES,1 Esdras,1,44,"καὶ ἀνέδειξε Σεδεκίαν βασιλέα τῆς Ἰουδαίας καὶ Ἱερουσαλὴμ ὄντα ἐτῶν εἴκοσιν ἑνός, βασιλεύει δὲ ἔτη ἕνδεκα,",,,,
1 Esdras 1:45,1ES,1 Esdras,1,45,καὶ ἐποίησε τὸ πονηρὸν ἐνώπιον Κυρίου καὶ οὐκ ἐνετράπη ἀπὸ τῶν ρηθέντων λόγων ὑπὸ Ἱερεμίου τοῦ προφήτου ἐκ στόματος τοῦ Κυρίου.,,,,
1 Esdras 1:46,1ES,1 Esdras,1,46,"καὶ ὁρκισθεὶς ἀπὸ τοῦ βασιλέως Ναβουχοδονόσορ τῷ ὀνόματι Κυρίου, ἐπιορκήσας ἀπέστη· καὶ σκληρύνας αὐτοῦ τὸν τράχηλον καὶ τὴν καρδίαν αὐτοῦ παρέβη τὰ νόμιμα Κυρίου Θεοῦ Ἰσραήλ.",,,,
1 Esdras 1:47,1ES,1 Esdras,1,47,καὶ οἱ ἡγούμενοι δὲ τοῦ λαοῦ καὶ τῶν ἱερέων πολλὰ ἠσέβησαν καὶ ὑπὲρ πάσας τὰς ἀκαθαρσίας πάντων τῶν ἐθνῶν καὶ ἐμίαναν τὸ ἱερὸν τοῦ Κυρίου τὸ ἁγιαζόμενον ἐν Ἱερουσαλήμ.,,,,
1 Esdras 1:48,1ES,1 Esdras,1,48,"καὶ ἀπέστειλεν ὁ Θεὸς τῶν πατέρων αὐτῶν διὰ τοῦ ἀγγέλου αὐτοῦ μετακαλέσαι αὐτούς, καθότι ἐφείδετο αὐτῶν καὶ τοῦ σκηνώματος αὐτοῦ.",,,,
1 Esdras 1:49,1ES,1 Esdras,1,49,"αὐτοὶ δὲ ἐμυκτήρισαν ἐν τοῖς ἀγγέλοις αὐτοῦ καὶ ᾗ ἡμέρᾳ ἐλάλησε Κύριος ἦσαν ἐκπαίζοντες τοὺς προφήτας αὐτοῦ, ἕως οὗ θυμωθέντα αὐτὸν ἐπὶ τῷ ἔθνει αὐτοῦ διὰ τὰ δυσσεβήματα προστάξαι ἀναβιβάσαι ἐπ᾿ αὐτοὺς τοὺς βασιλεῖς τῶν Χαλδαίων.",,,,
1 Esdras 1:50,1ES,1 Esdras,1,50,"οὗτοι ἀπέκτειναν τοὺς νεανίσκους αὐτῶν ἐν ρομφαίᾳ περικύκλῳ τοῦ ἁγίου αὐτῶν ἱεροῦ καὶ οὐκ ἐφείσαντο νεανίσκου καὶ παρθένου καὶ πρεσβύτου καὶ νεωτέρου, ἀλλὰ πάντας παρέδωκαν εἰς τὰς χεῖρας αὐτῶν.",,,,
1 Esdras 1:51,1ES,1 Esdras,1,51,καὶ πάντα τὰ ἱερὰ σκεύη τοῦ Κυρίου τὰ μεγάλα καὶ τὰ μικρὰ καὶ τὰς κιβωτοὺς τοῦ Κυρίου καὶ τὰς βασιλικὰς ἀποθήκας ἀναλαβόντες ἀπήνεγκαν εἰς Βαβυλῶνα.,,,,
1 Esdras 1:52,1ES,1 Esdras,1,52,καὶ ἐνεπύρισαν τὸν οἶκον τοῦ Κυρίου καί ἔλυσαν τὰ τείχη Ἱερουσαλὴμ καὶ τοὺς πύργους αὐτῆς ἐνεπύρισαν ἐν πυρὶ,,,,
1 Esdras 1:53,1ES,1 Esdras,1,53,"καὶ συνετέλεσαν πάντα τὰ ἔνδοξα αὐτῆς ἀχρειῶσαι, καὶ τοὺς ἐπιλοίπους ἀπήγαγε μετὰ ρομφαίας εἰς Βαβυλῶνα.",,,,
1 Esdras 1:54,1ES,1 Esdras,1,54,καὶ ἦσαν παῖδες αὐτῷ καὶ τοῖς υἱοῖς αὐτοῦ μέχρι τοῦ βασιλεῦσαι Πέρσας εἰς ἀναπλήρωσιν ρήματος τοῦ Κυρίου ἐν στόματι Ἱερεμίου·,,,,
1 Esdras 1:55,1ES,1 Esdras,1,55,"ἕως τοῦ εὐδοκῆσαι τὴν γῆν τὰ σάββατα αὐτῆς, πάντα τὸν χρόνον τῆς ἐρημώσεως αὐτῆς, σαββατιεῖ εἰς συμπλήρωσιν ἐτῶν ἑβδομήκοντα.",,,,
1 Esdras 2:1,1ES,1 Esdras,2,1,"ΒΑΣΙΛΕΥΟΝΤΟΣ Κύρου Περσῶν ἔτους πρώτου εἰς συντέλειαν ρήματος Κυρίου ἐν στόματι Ἱερεμίου,",,,,
1 Esdras 2:2,1ES,1 Esdras,2,2,"ἤγειρε Κύριος τὸ πνεῦμα Κύρου βασιλέως Περσῶν, καὶ ἐκήρυξεν ἐν ὅλῃ τῇ βασιλείᾳ αὐτοῦ καὶ ἅμα διά γραπτῶν λέγων·",,,,
1 Esdras 2:3,1ES,1 Esdras,2,3,"τάδε λέγει ὁ βασιλεὺς Περσῶν Κῦρος· ἐμὲ ἀνέδειξε βασιλέα τῆς οἰκουμένης ὁ Κύριος τοῦ Ἰσραήλ, Κύριος ὁ ¨Υψιστος.",,,,
1 Esdras 2:4,1ES,1 Esdras,2,4,"καὶ ἐσήμηνέ μοι οἰκοδομῆσαι αὐτῷ οἶκον ἐν Ἱερουσαλήμ, τῇ ἐν τῇ Ἰουδαίᾳ.",,,,
1 Esdras 2:5,1ES,1 Esdras,2,5,"εἴ τις ἐστὶν οὖν ὑμῶν ἐκ τοῦ ἔθνους αὐτοῦ, ἔστω ὁ Κύριος αὐτοῦ μετ᾿ αὐτοῦ, καὶ ἀναβὰς εἰς τὴν Ἱερουσαλὴμ τὴν ἐν τῇ Ἰουδαίᾳ οἰκοδομείτω τὸν οἶκον τοῦ Κυρίου τοῦ Ἰσραήλ (οὗτος ὁ Κύριος ὁ κατασκηνώσας ἐν Ἱερουσαλήμ).",,,,
1 Esdras 2:6,1ES,1 Esdras,2,6,"ὅσοι οὖν κατὰ τοὺς τόπους οἰκοῦσι, βοηθείτωσαν αὐτῷ οἱ ἐν τῷ τόπῳ αὐτοῦ ἐν χρυσίῳ καὶ ἐν ἀργυρίῳ, ἐν δόσεσι μεθ᾿ ἵππων καὶ κτηνῶν σὺν τοῖς ἄλλοις τοῖς κατ᾿ εὐχὰς προστεθειμένοις εἰς τὸ ἱερὸν τοῦ Κυρίου τὸ ἐν Ἱερουσαλήμ.",,,,
1 Esdras 2:7,1ES,1 Esdras,2,7,"καὶ καταστήσαντες οἱ ἀρχίφυλοι τῶν πατριῶν τῆς Ἰούδα καὶ Βενιαμὶν φυλῆς καὶ οἱ ἱερεῖς καὶ οἱ Λευῖται καὶ πάντων, ὧν ἤγειρε Κύριος τὸ πνεῦμα ἀναβῆναι οἰκοδομῆσαι οἶκον τῷ Κυρίῳ τὸ ἐν Ἱερουσαλήμ,",,,,
1 Esdras 2:8,1ES,1 Esdras,2,8,"καὶ οἱ περικύκλῳ αὐτῶν ἐβοήθησαν ἐν πᾶσιν ἐν ἀργυρίῳ καὶ χρυσίῳ, ἵπποις, κτήνεσι καὶ εὐχαῖς ὡς πλείσταις πολλῶν, ὧν ὁ νοῦς ἠγέρθη.",,,,
1 Esdras 2:9,1ES,1 Esdras,2,9,"καὶ ὁ βασιλεὺς Κῦρος ἐξήνεγκε τὰ ἱερὰ σκεύη τοῦ Κυρίου, ἃ μετήνεγκε Ναβουχοδονόσορ ἐξ Ἱερουσαλήμ, καὶ ἀπηρείσατο αὐτὰ ἐν τῷ εἰδωλείῳ αὐτοῦ·",,,,
1 Esdras 2:10,1ES,1 Esdras,2,10,ἐξενέγκας δὲ αὐτὰ Κῦρος ὁ βασιλεὺς Περσῶν παρέδωκεν αὐτὰ Μιθραδάτῃ τῷ ἑαυτοῦ γαζοφύλακι·,,,,
1 Esdras 2:11,1ES,1 Esdras,2,11,διά δὲ τούτου παρεδόθησαν Σαμανασσάρῳ προστάτῃ τῆς Ἰουδαίας.,,,,
1 Esdras 2:12,1ES,1 Esdras,2,12,"ὁ δὲ τούτων ἀριθμὸς ἦν· σπονδεῖα χρυσᾶ χίλια, σπονδεῖα ἀργυρᾶ χίλια, θυΐσκαι ἀργυραῖ εἰκοσιεννέα, φιάλαι χρυσαῖ τριάκοντα, ἀργυραῖ δισχίλιαι τετρακόσιαι δέκα καὶ ἄλλα σκεύη χίλια.",,,,
1 Esdras 2:13,1ES,1 Esdras,2,13,"τὰ δὲ πάντα σκεύη διεκομίσθη, χρυσᾶ καὶ ἀργυρᾶ, πεντακισχίλια τετρακόσια ἑξηκονταεννέα·",,,,
1 Esdras 2:14,1ES,1 Esdras,2,14,ἀνηνέχθη δὲ ὑπὸ Σαμανασσάρου ἅμα τοῖς ἐκ τῆς αἰχμαλωσίας ἐκ Βαβυλῶνος εἰς Ἱερουσαλήμ.,,,,
1 Esdras 2:15,1ES,1 Esdras,2,15,"Ἐν δὲ τοῖς ἐπὶ Ἀρταξέρξου τῶν Περσῶν βασιλέως χρόνοις κατέγραψαν αὐτῷ κατὰ τῶν κατοικούντων ἐν τῇ Ἰουδαίᾳ καὶ Ἱερουσαλὴμ Βήλεμος καὶ Μιθραδάτης καὶ Ταβέλλιος καὶ Ράθυμος καὶ Βεέλτεθμος καὶ Σαμέλλιος ὁ γραμματεὺς καὶ οἱ λοιποὶ οἱ τούτοις συντασσόμενοι, οἰκοῦντες δὲ ἐν Σαμαρείᾳ καὶ τοῖς ἄλλοις τόποις, τὴν ὑπογεγραμμένην ἐπιστολήν·",,,,
1 Esdras 2:16,1ES,1 Esdras,2,16,‘Βασιλεῖ Ἀρταξέρξῃ κυρίῳ οἱ παῖδές σου Ράθυμος ὁ τὰ προσπίπτοντα καὶ Σαμέλλιος ὁ γραμματεὺς καὶ ἐπίλοιποι τῆς βουλῆς αὐτῶν καὶ κριταὶ οἱ ἐν Κοίλῃ Συρίᾳ καὶ Φοινίκῃ·,,,,
1 Esdras 2:17,1ES,1 Esdras,2,17,"καὶ νῦν γνωστὸν ἔστω τῷ κυρίῳ βασιλεῖ, ὅτι οἱ Ἰουδαῖοι ἀναβάντες παρ᾿ ὑμῶν πρὸς ἡμᾶς ἐλθόντες εἰς Ἱερουσαλήμ, τὴν πόλιν τὴν ἀποστάτιν καὶ πονηρὰν οἰκοδομοῦσι, τάς τε ἀγορὰς αὐτῆς καὶ τὰ τείχη θεραπεύουσι καὶ ναὸν ὑποβάλλονται.",,,,
1 Esdras 2:18,1ES,1 Esdras,2,18,"ἐὰν οὖν ἡ πόλις αὕτη οἰκοδομηθῇ καὶ τὰ τείχη συντελεσθῇ, φορολογίαν οὐ μὴ ὑπομείνωσι δοῦναι, ἀλλὰ καὶ βασιλεῦσιν ἀντιστήσονται. καὶ ἐπεὶ ἐνεργεῖται τὰ κατὰ τὸν ναόν, καλῶς ἔχειν ὑπολαμβάνομεν μὴ ὑπεριδεῖν τὸ τοιοῦτον, ἀλλὰ προσφωνῆσαι τῷ κυρίῳ βασιλεῖ, ὅπως, ἂν φαίνηταί σοι, ἐπισκεφθῇ ἐν τοῖς ἀπὸ τῶν πατέρων σου βιβλίοις·",,,,
1 Esdras 2:19,1ES,1 Esdras,2,19,"καὶ εὑρήσεις ἐν τοῖς ὑπομνηματισμοῖς γεγραμμένα περὶ τούτων καὶ γνώσῃ ὅτι ἡ πόλις ἐκείνη ἦν ἀποστάτις καὶ βασιλεῖς καὶ πόλεις ἐνοχλοῦσα καὶ οἱ Ἰουδαῖοι ἀποστάται καὶ πολιορκίας συνιστάμενοι ἐν αὐτῇ ἔτι ἐξ αἰῶνος, δι᾿ ἣν αἰτίαν καὶ ἡ πόλις αὕτη ἠρημώθη.",,,,
1 Esdras 2:20,1ES,1 Esdras,2,20,"νῦν οὖν ὑποδεικνύομέν σοι, κύριε βασιλεῦ, ὅτι ἐὰν ἡ πόλις αὕτη οἰκοδομηθῇ καὶ τὰ ταύτης τείχη ἀνασταθῇ, κάθοδος οὐκ ἔτι σοι ἔσται εἰς Κοίλην Συρίαν καὶ Φοινίκην’.",,,,
1 Esdras 2:21,1ES,1 Esdras,2,21,τότε ἀντέγραψεν ὁ βασιλεὺς Ραθύμῳ τῷ γράφοντι τὰ προσπίπτοντα καὶ Βεελτέθμῳ καὶ Σαμελλίῳ γραμματεῖ καὶ τοῖς λοιποῖς τοῖς συντασσομένοις καὶ οἰκοῦσιν ἐν τῇ Σαμαρείᾳ καὶ Συρίᾳ καὶ Φοινίκῃ τὰ ὑπογεγραμμένα·,,,,
1 Esdras 2:22,1ES,1 Esdras,2,22,"‘ Ἀνέγνων τὴν ἐπιστολήν, ἣν πεπόμφατε πρός με. ἐπέταξα οὖν ἐπισκέψασθαι, καὶ εὑρέθη ὅτι ἡ πόλις ἐκείνη ἐστὶν ἐξ αἰῶνος βασιλεῦσιν ἀντιπαρατάσσουσα",,,,
1 Esdras 2:23,1ES,1 Esdras,2,23,καὶ οἱ ἄνθρωποι ἀποστάσεις καὶ πολέμους ἐν αὐτῇ συντελοῦντες καὶ βασιλεῖς ἰσχυροὶ καὶ σκληροὶ ἦσαν ἐν Ἱερουσαλὴμ κυριεύοντες καὶ φορολογοῦντες Κοίλην Συρίαν καὶ Φοινίκην.,,,,
1 Esdras 2:24,1ES,1 Esdras,2,24,νῦν οὖν ἐπέταξα ἀποκωλῦσαι τοὺς ἀνθρώπους ἐκείνους τοῦ οἰκοδομῆσαι τὴν πόλιν καὶ προνοηθῆναι ὅπως μηδὲν παρὰ ταῦτα γένηται καὶ μὴ προβῇ ἐπὶ πλεῖον τὰ τῆς κακίας εἰς τὸ βασιλεῖς ἐνοχλῆσαι’.,,,,
1 Esdras 2:25,1ES,1 Esdras,2,25,"τότε ἀναγνωσθέντων τῶν παρὰ τοῦ βασιλέως Ἀρταξέρξου γραφέντων, Ράθυμος καὶ Σαμέλλιος ὁ γραμματεὺς καὶ οἱ τούτοις συντασσόμενοι ἀναζεύξαντες εἰς Ἱερουσαλὴμ κατὰ σπουδὴν μεθ᾿ ἵππου καὶ ὄχλου παρατάξεως, ἤρξαντο κωλύειν τοὺς οἰκοδομοῦντας. καὶ ἤργει ἡ οἰκοδομὴ τοῦ ἱεροῦ τοῦ ἐν Ἱερουσαλὴμ μέχρι τοῦ δευτέρου ἔτους τῆς βασιλείας Δαρείου τοῦ Περσῶν βασιλέως.",,,,
1 Esdras 3:1,1ES,1 Esdras,3,1,ΚΑΙ βασιλεὺς Δαρεῖος ἐποίησε δοχὴν μεγάλην πᾶσι τοῖς ὑπ᾿ αὐτὸν καὶ πᾶσι τοῖς οἰκογενέσιν αὐτοῦ καὶ πᾶσι τοῖς μεγιστᾶσι τῆς Μηδίας καὶ τῆς Περσίδος,,,,
1 Esdras 3:2,1ES,1 Esdras,3,2,"καὶ πᾶσι τοῖς σατράπαις καὶ στρατηγοῖς καὶ τοπάρχαις τοῖς ὑπ᾿ αὐτόν, ἀπὸ τῆς Ἰνδικῆς μέχρις Αἰθιοπίας ἐν ταῖς ἑκατὸν εἰκοσιεπτὰ σατραπείαις.",,,,
1 Esdras 3:3,1ES,1 Esdras,3,3,καὶ ἐφάγοσαν καὶ ἐπίοσαν καὶ ἐμπλησθέντες ἀνέλυσαν. ὁ δὲ Δαρεῖος ὁ βασιλεὺς ἀνέλυσεν εἰς τὸν κοιτῶνα ἑαυτοῦ καὶ ἐκοιμήθη καὶ ἔξυπνος ἐγένετο.,,,,
1 Esdras 3:4,1ES,1 Esdras,3,4,τότε οἱ τρεῖς νεανίσκοι οἱ σωματοφύλακες οἱ φυλάσσοντες τὸ σῶμα τοῦ βασιλέως εἶπαν ἕτερος πρὸς τὸν ἕτερον·,,,,
1 Esdras 3:5,1ES,1 Esdras,3,5,"εἴπωμεν ἕκαστος ἡμῶν ἕνα λόγον, ὃς ὑπερισχύσει· καὶ οὗ ἐὰν φανῇ τὸ ρῆμα αὐτοῦ σοφώτερον τοῦ ἑτέρου, δώσει αὐτῷ Δαρεῖος ὁ βασιλεὺς δωρεὰς μεγάλας καὶ ἐπινίκια μεγάλα",,,,
1 Esdras 3:6,1ES,1 Esdras,3,6,"καὶ πορφύραν περιβαλέσθαι καὶ ἐν χρυσώμασι πίνειν καὶ ἐπὶ χρυσῷ καθεύδεν καὶ ἅρμα χρυσοχάλινον καὶ κίδαριν βυσσίνην καὶ μανιάκην περὶ τὸν τράχηλον,",,,,
1 Esdras 3:7,1ES,1 Esdras,3,7,καὶ δεύτερος καθιεῖται Δαρείου διὰ τὴν σοφίαν αὐτοῦ καὶ συγγενὴς Δαρείου κληθήσεται.,,,,
1 Esdras 3:8,1ES,1 Esdras,3,8,καὶ τότε γράψαντες ἕκαστος τὸν ἑαυτοῦ λόγον ἐσφραγίσαντο καὶ ἔθηκαν ὑπὸ τὸ προσκεφάλαιον Δαρείου τοῦ βασιλέως καὶ εἶπαν·,,,,
1 Esdras 3:9,1ES,1 Esdras,3,9,"ὅταν ἐγερθῇ ὁ βασιλεύς, δώσουσιν αὐτῷ τὸ γράμμα, καὶ ὃν ἂν κρίνῃ ὁ βασιλεὺς καὶ οἱ τρεῖς μεγιστᾶνες τῆς Περσίδος ὅτι οὗ ὁ λόγος αὐτοῦ σοφώτερος, αὐτῷ δοθήσεται τὸ νῖκος καθὼς γέγραπται.",,,,
1 Esdras 3:10,1ES,1 Esdras,3,10,"ὁ εἷς ἔγραψεν, ὑπερισχύει ὁ οἶνος.",,,,
1 Esdras 3:11,1ES,1 Esdras,3,11,"ὁ ἕτερος ἔγραψεν, ὑπερισχύει ὁ βασιλεύς.",,,,
1 Esdras 3:12,1ES,1 Esdras,3,12,"ὁ τρίτος ἔγραψεν, ὑπερισχύουσιν αἱ γυναῖκες, ὑπὲρ δὲ πάντα νικᾷ ἡ ἀλήθεια.",,,,
1 Esdras 3:13,1ES,1 Esdras,3,13,"καὶ ὅτε ἐξηγέρθη ὁ βασιλεύς, λαβόντες τὸ γράμμα ἔδωκαν αὐτῷ, καὶ ἀνέγνω.",,,,
1 Esdras 3:14,1ES,1 Esdras,3,14,"καὶ ἐξαποστείλας ἐκάλεσε πάντας τοὺς μεγιστᾶνας τῆς Περσίδος καὶ τῆς Μηδείας καὶ τοὺς σατράπας καὶ στρατηγοὺς καὶ τοπάρχας καὶ ὑπάτους καὶ ἐκάθισεν ἐν τῷ χρηματιστηρίῳ, καὶ ἀνεγνώσθη τὸ γράμμα ἐνώπιον αὐτῶν.",,,,
1 Esdras 3:15,1ES,1 Esdras,3,15,"καὶ εἶπε· καλέσατε τοὺς νεανίσκους, καὶ αὐτοὶ δηλώσουσι τοὺς λόγους ἑαυτῶν· καὶ ἐκλήθησαν καὶ εἰσήλθοσαν.",,,,
1 Esdras 3:16,1ES,1 Esdras,3,16,καὶ εἶπαν αὐτοῖς· ἀπαγγείλατε ἡμῖν περὶ τῶν γεγραμμένων.,,,,
1 Esdras 3:17,1ES,1 Esdras,3,17,"Καὶ ἤρξατο ὁ πρῶτος ὁ εἴπας περὶ τῆς ἰσχύος τοῦ οἴνου καὶ ἔφη οὕτως· ἄνδρες, πῶς ὑπερισχύει ὁ οἶνος; πάντας τοὺς ἀνθρώπους τοὺς πιόντας αὐτὸν πλανᾷ τὴν διάνοιαν·",,,,
1 Esdras 3:18,1ES,1 Esdras,3,18,"τοῦ τε βασιλέως καὶ τοῦ ὀρφανοῦ ποιεῖ τὴν διάνοιαν μίαν, τήν τε τοῦ οἰκέτου καὶ τὴν τοῦ ἐλευθέρου, τήν τε τοῦ πένητος καὶ τὴν τοῦ πλουσίου.",,,,
1 Esdras 3:19,1ES,1 Esdras,3,19,καὶ πᾶσαν διάνοιαν μεταστρέφει εἰς εὐωχίαν καὶ εὐφροσύνην καὶ οὐ μέμνηται πᾶσαν λύπην καὶ πᾶν ὀφείλημα.,,,,
1 Esdras 3:20,1ES,1 Esdras,3,20,καὶ πάσας καρδίας ποιεῖ πλουσίας καὶ οὐ μέμνηται βασιλέα οὐδὲ σατράπην καὶ πάντα διὰ ταλάντων ποιεῖ λαλεῖν.,,,,
1 Esdras 3:21,1ES,1 Esdras,3,21,"καὶ οὐ μέμνηται, ὅταν πίνωσι, φιλιάζειν φίλοις καὶ ἀδελφοῖς, καὶ μετ᾿ οὐ πολὺ σπῶνται τὰς μαχαίρας·",,,,
1 Esdras 3:22,1ES,1 Esdras,3,22,"καὶ ὅταν ἀπὸ τοῦ οἴνου ἐγερθῶσιν, οὐ μέμνηνται ἃ ἔπραξαν.",,,,
1 Esdras 3:23,1ES,1 Esdras,3,23,"ὦ ἄνδρες, οὐχ ὑπερισχύει ὁ οἶνος, ὅτι οὕτως ἀναγκάζει ποιεῖν; καὶ ἐσίγησεν οὕτως εἴπας.",,,,
1 Esdras 4:1,1ES,1 Esdras,4,1,"ΚΑΙ ἤρξατο ὁ δεύτερος λαλεῖν, ὁ εἴπας περὶ τῆς ἰσχύος τοῦ βασιλέως·",,,,
1 Esdras 4:2,1ES,1 Esdras,4,2,"ὦ ἄνδρες, οὐχ ὑπερισχύουσιν οἱ ἄνθρωποι, τὴν γῆν καὶ τὴν θάλασσαν κατακρατοῦντες καὶ πάντα τὰ ἐν αὐτοῖς;",,,,
1 Esdras 4:3,1ES,1 Esdras,4,3,"ὁ δὲ βασιλεὺς ὑπερισχύει καὶ κυριεύει αὐτῶν καὶ δεσπόζει αὐτῶν, καὶ πᾶν ὃ ἐὰν εἴπῃ αὐτοῖς, ἐνακούουσιν.",,,,
1 Esdras 4:4,1ES,1 Esdras,4,4,"ἐὰν εἴπῃ αὐτοῖς ποιῆσαι πόλεμον ἕτερος πρὸς τὸν ἕτερον, ποιοῦσιν· ἐὰν δὲ ἐξαποστείλῃ αὐτοὺς πρὸς τοὺς πολεμίους, βαδίζουσι καὶ κατεργάζονται τὰ ὄρη καὶ τὰ τείχη καὶ τοὺς πύργους,",,,,
1 Esdras 4:5,1ES,1 Esdras,4,5,"φονεύουσι καὶ φονεύονται, καὶ τὸν λόγον τοῦ βασιλέως οὐ παραβαίνουσιν· ἐὰν δὲ νικήσωσι, τῷ βασιλεῖ κομίζουσι πάντα, καὶ ὅσα ἐὰν προνομεύσωσι καὶ τὰ ἄλλα πάντα.",,,,
1 Esdras 4:6,1ES,1 Esdras,4,6,"καὶ ὅσοι οὐ στρατεύονται οὐδὲ πολεμοῦσιν, ἀλλὰ γεωργοῦσι τὴν γῆν, πάλιν ὅταν σπείρωσι, θερίσαντες ἀναφέρουσι τῷ βασιλεῖ· καὶ ἕτερος τὸν ἕτερον ἀναγκάζοντες ἀναφέρουσι τοὺς φόρους τῷ βασιλεῖ.",,,,
1 Esdras 4:7,1ES,1 Esdras,4,7,"καὶ αὐτὸς εἷς μόνος ἐστίν· ἐὰν εἴπῃ ἀποκτεῖναι, ἀποκτέννουσιν· ἐὰν εἴπῃ ἀφεῖναι, ἀφιοῦσιν·",,,,
1 Esdras 4:8,1ES,1 Esdras,4,8,"εἶπε πατάξαι, τύπτουσιν· εἶπεν ἐρημῶσαι, ἐρημοῦσιν· εἶπεν οἰκοδομῆσαι, οἰκοδομοῦσιν·",,,,
1 Esdras 4:9,1ES,1 Esdras,4,9,"εἶπεν ἐκκόψαι, ἐκκόπτουσιν· εἶπε φυτεῦσαι, φυτεύουσι.",,,,
1 Esdras 4:10,1ES,1 Esdras,4,10,"καὶ πᾶς ὁ λαὸς αὐτοῦ καὶ αἱ δυνάμεις αὐτοῦ ἐνακούουσι. πρὸς δὲ τούτοις, αὐτὸς ἀνάκειται, ἐσθίει καὶ πίνει καὶ καθεύδει,",,,,
1 Esdras 4:11,1ES,1 Esdras,4,11,"αὐτοὶ δὲ τηροῦσι κύκλῳ περὶ αὐτὸν καὶ οὐ δύνανται ἕκαστος ἀπελθεῖν καὶ ποιεῖν τὰ ἔργα αὐτοῦ, οὐδὲ παρακούουσιν αὐτοῦ.",,,,
1 Esdras 4:12,1ES,1 Esdras,4,12,"ὦ ἄνδρες, πῶς οὐχ ὑπερισχύει ὁ βασιλεύς, ὅτι οὕτως ἐπάκουστός ἐστι; καὶ ἐσίγησεν.",,,,
1 Esdras 4:13,1ES,1 Esdras,4,13,"Ὁ δὲ τρίτος ὁ εἴπας περὶ τῶν γυναικῶν καὶ τῆς ἀληθείας οὗτός ἐστι Ζοροβάβελ ἤρξατο λαλεῖν· ἄνδρες,",,,,
1 Esdras 4:14,1ES,1 Esdras,4,14,οὐ μέγας ὁ βασιλεὺς καὶ πολλοὶ οἱ ἄνθρωποι καὶ ὁ οἶνος ἰσχύει; τίς οὖν ὁ δεσπόζων αὐτῶν ἢ τίς ὁ κυριεύων αὐτῶν; οὐχ αἱ γυναῖκες;,,,,
1 Esdras 4:15,1ES,1 Esdras,4,15,"αἱ γυναῖκες ἐγέννησαν τὸν βασιλέα καὶ πάντα τὸν λαόν, ὃς κυριεύει τῆς θαλάσσης καὶ τῆς γῆς·",,,,
1 Esdras 4:16,1ES,1 Esdras,4,16,"καὶ ἐξ αὐτῶν ἐγένοντο, καὶ αὗται ἐξέθρεψαν αὐτοὺς τοὺς φυτεύσαντας τοὺς ἀμπελῶνας, ἐξ ὧν ὁ οἶνος γίνεται.",,,,
1 Esdras 4:17,1ES,1 Esdras,4,17,"καὶ αὗται ποιοῦσι τὰς στολὰς τῶν ἀνθρώπων, καὶ αὗται ποιοῦσι δόξαν τοῖς ἀνθρώποις, καὶ οὐ δύνανται οἱ ἄνθρωποι χωρὶς τῶν γυναικῶν εἶναι.",,,,
1 Esdras 4:18,1ES,1 Esdras,4,18,"ἐὰν δὲ συναγάγωσι χρυσίον καὶ ἀργύριον καὶ πᾶν πρᾶγμα ὡραῖον καὶ ἴδωσι γυναῖκα μίαν καλὴν τῷ εἴδει καὶ τῷ κάλλει,",,,,
1 Esdras 4:19,1ES,1 Esdras,4,19,"ταῦτα πάντα ἀφέντες, εἰς αὐτὴν ἐκκέχηναν καὶ χάσκοντες τὸ στόμα θεωροῦσιν αὐτήν, καὶ πάντες αὐτὴν αἱρετίζουσι μᾶλλον ἢ τὸ χρυσίον καὶ τὸ ἀργύριον καὶ πᾶν πρᾶγμα ὡραῖον.",,,,
1 Esdras 4:20,1ES,1 Esdras,4,20,"ἄνθρωπος τὸν ἑαυτοῦ πατέρα ἐγκαταλείπει, ὃς ἐξέθρεψεν αὐτόν, καὶ τὴν ἰδίαν χώραν καὶ πρὸς τὴν ἰδίαν γυναῖκα κολλᾶται",,,,
1 Esdras 4:21,1ES,1 Esdras,4,21,καὶ μετὰ τῆς γυναικὸς ἀφίησι τὴν ψυχὴν καὶ οὔτε τὸν πατέρα μέμνηται οὔτε τὴν μητέρα οὔτε τὴν χώραν.,,,,
1 Esdras 4:22,1ES,1 Esdras,4,22,"καὶ ἐντεῦθεν δεῖ ὑμᾶς γνῶναι ὅτι αἱ γυναῖκες κυριεύουσιν ὑμῶν· οὐχὶ πονεῖτε καὶ μοχθεῖτε, καὶ πάντα ταῖς γυναιξὶ δίδοτε καὶ φέρετε;",,,,
1 Esdras 4:23,1ES,1 Esdras,4,23,καὶ λαμβάνει ὁ ἄνθρωπος τὴν ρομφαίαν αὐτοῦ καὶ ἐκπορεύεται ἐξοδεύειν καὶ λῃστεύειν καὶ κλέπτειν καὶ εἰς τὴν θάλασσαν πλεῖν καὶ ποταμούς·,,,,
1 Esdras 4:24,1ES,1 Esdras,4,24,"καὶ τὸν λέοντα θεωρεῖ καὶ ἐν σκότει βαδίζει, καὶ ὅταν κλέψῃ καὶ ἁρπάσῃ καὶ λωποδυτήσῃ, τῇ ἐρωμένῃ ἀποφέρει.",,,,
1 Esdras 4:25,1ES,1 Esdras,4,25,καὶ πλεῖον ἀγαπᾷ ἄνθρωπος τὴν ἰδίαν γυναῖκα μᾶλλον ἢ τὸν πατέρα καὶ τὴν μητέρα·,,,,
1 Esdras 4:26,1ES,1 Esdras,4,26,"καὶ πολλοὶ ἀπενοήθησαν· ταῖς ἰδίαις διανοίαις διὰ τὰς γυναῖκας καὶ δοῦλοι ἐγένοντο δι᾿ αὐτάς,",,,,
1 Esdras 4:27,1ES,1 Esdras,4,27,καὶ πολλοὶ ἀπώλοντο καὶ ἐσφάλησαν καὶ ἡμάρτοσαν διὰ τὰς γυναῖκας.,,,,
1 Esdras 4:28,1ES,1 Esdras,4,28,καὶ νῦν οὐ πιστεύετέ μοι; οὐχὶ μέγας ὁ βασιλεὺς τῇ ἐξουσίᾳ αὐτοῦ; οὐχὶ πᾶσαι αἱ χῶραι εὐλαβοῦνται ἅψασθαι αὐτοῦ;,,,,
1 Esdras 4:29,1ES,1 Esdras,4,29,"ἐθεώρουν αὐτὸν καὶ Ἀπάμην τὴν θυγατέρα Βαρτάκου τοῦ θαυμαστοῦ, τὴν παλλακὴν τοῦ βασιλέως, καθημένην ἐν δεξιᾷ τοῦ βασιλέως",,,,
1 Esdras 4:30,1ES,1 Esdras,4,30,καὶ ἀφαιροῦσαν τὸ διάδημα ἀπὸ τῆς κεφαλῆς τοῦ βασιλέως καὶ ἐπιτιθοῦσαν ἑαυτῇ καὶ ἐρράπιζε τὸν βασιλέα τῇ ἀριστερᾷ·,,,,
1 Esdras 4:31,1ES,1 Esdras,4,31,"καὶ πρὸς τούτοις ὁ βασιλεὺς χάσκων τὸ στόμα ἐθεώρει αὐτήν. καὶ ἐὰν προσγελάσῃ αὐτῷ, γελᾷ· ἐὰν δὲ πικρανθῇ ἐπ᾿ αὐτόν, κολακεύει αὐτήν, ὅπως διαλλαγῇ αὐτῷ.",,,,
1 Esdras 4:32,1ES,1 Esdras,4,32,"ὦ ἄνδρες, πῶς οὐχὶ ἰσχυραὶ αἱ γυναῖκες, ὅτι οὕτως πράσσουσι;",,,,
1 Esdras 4:33,1ES,1 Esdras,4,33,καὶ τότε ὁ βασιλεὺς καὶ οἱ μεγιστᾶνες ἔβλεπον εἷς τὸν ἕτερον. καὶ ἤρξατο λαλεῖν περὶ τῆς ἀληθείας.,,,,
1 Esdras 4:34,1ES,1 Esdras,4,34,"ἄνδρες, οὐχὶ ἰσχυραὶ αἱ γυναῖκες; μεγάλη ἡ γῆ καὶ ὑψηλὸς ὁ οὐρανὸς καὶ ταχὺς τῷ δρόμῳ ὁ ἥλιος, ὅτι στρέφεται ἐν τῷ κύκλῳ τοῦ οὐρανοῦ καὶ πάλιν ἀποτρέχει εἰς τὸν ἑαυτοῦ τόπον ἐν μιᾷ ἡμέρᾳ.",,,,
1 Esdras 4:35,1ES,1 Esdras,4,35,οὐχὶ μέγας ὃς ταῦτα ποιεῖ; καὶ ἡ ἀλήθεια μεγάλη καὶ ἰσχυροτέρα παρὰ πάντα.,,,,
1 Esdras 4:36,1ES,1 Esdras,4,36,"πᾶσα ἡ γῆ τὴν ἀλήθειαν καλεῖ, καὶ ὁ οὐρανὸς αὐτὴν εὐλογεῖ, καὶ πάντα τὰ ἔργα σείεται καὶ τρέμει, καὶ οὐκ ἔστι μετ᾿ αὐτῆς ἄδικον οὐδέν.",,,,
1 Esdras 4:37,1ES,1 Esdras,4,37,"ἄδικος ὁ οἶνος, ἄδικος ὁ βασιλεύς, ἄδικοι αἱ γυναῖκες, ἄδικοι πάντες οἱ υἱοὶ τῶν ἀνθρώπων, καὶ ἄδικα πάντα τὰ ἔργα αὐτῶν τὰ τοιαῦτα· καὶ οὐκ ἔστιν ἐν αὐτοῖς ἀλήθεια, καὶ ἐν τῇ ἀδικίᾳ αὐτῶν ἀπολοῦνται.",,,,
1 Esdras 4:38,1ES,1 Esdras,4,38,ἡ δὲ ἀλήθεια μένει καὶ ἰσχύει εἰς τὸν αἰῶνα καὶ ζῇ καὶ κρατεῖ εἰς τὸν αἰῶνα τοῦ αἰῶνος.,,,,
1 Esdras 4:39,1ES,1 Esdras,4,39,"καὶ οὐκ ἔστι παρ᾿ αὐτὴν λαμβάνειν πρόσωπα, οὐδὲ διάφορα, ἀλλὰ τὰ δίκαια ποιεῖ ἀπὸ πάντων τῶν ἀδίκων καὶ πονηρῶν· καὶ πάντες εὐδοκοῦσι τοῖς ἔργοις αὐτῆς, καὶ οὐκ ἔστιν ἐν τῇ κρίσει αὐτῆς οὐδὲν ἄδικον.",,,,
1 Esdras 4:40,1ES,1 Esdras,4,40,καὶ αὐτῇ ἡ ἰσχὺς καὶ τὸ βασίλειον καὶ ἡ ἐξουσία καὶ ἡ μεγαλειότης τῶν πάντων αἰώνων. εὐλογητὸς ὁ Θεὸς τῆς ἀληθείας.,,,,
1 Esdras 4:41,1ES,1 Esdras,4,41,"καὶ ἐσιώπησε τοῦ λαλεῖν· καὶ πᾶς ὁ λαὸς τότε ἐφώνησε, καὶ τότε εἶπον· μεγάλη ἡ ἀλήθεια καὶ ὑπερισχύει.",,,,
1 Esdras 4:42,1ES,1 Esdras,4,42,"Τότε ὁ βασιλεὺς εἶπεν αὐτῷ· αἴτησαι ὃ θέλεις πλείω τῶν γεγραμμένων, καὶ δώσομέν σοι ὃν τρόπον εὑρέθης σοφώτερος, καὶ ἐχόμενός μου καθήσῃ, καὶ συγγενής μου κληθήσῃ.",,,,
1 Esdras 4:43,1ES,1 Esdras,4,43,"τότε εἶπε τῷ βασιλεῖ· μνήσθητι τὴν εὐχήν, ἣν ηὔξω, οἰκοδομῆσαι τὴν Ἱερουσαλὴμ ἐν τῇ ἡμέρᾳ, ᾗ τὸ βασίλειόν σου παρέλαβες,",,,,
1 Esdras 4:44,1ES,1 Esdras,4,44,"καὶ πάντα τὰ σκεύη τὰ ληφθέντα ἐξ Ἱερουσαλὴμ καὶ ἐκπέμψαι, ἃ ἐχώρισε Κῦρος, ὅτε ηὔξατο ἐκκόψαι Βαβυλῶνα, καὶ ηὔξατο ἐξαποστεῖλαι ἐκεῖ.",,,,
1 Esdras 4:45,1ES,1 Esdras,4,45,"καὶ σὺ ηὔξω οἰκοδομῆσαι τὸν ναόν, ὃν ἐνεπύρισαν οἱ Ἰδουμαῖοι, ὅτε ἠρημώθη ἡ Ἰουδαία ὑπὸ τῶν Χαλδαίων.",,,,
1 Esdras 4:46,1ES,1 Esdras,4,46,"καὶ νῦν τοῦτό ἐστιν, ὅ σε ἀξιῶ, κύριε βασιλεῦ, καὶ ὃ αἰτοῦμαί σε, καὶ αὕτη ἐστὶν ἡ μεγαλωσύνη ἡ παρὰ σοῦ· δέομαι οὖν ἵνα ποιήσῃς τὴν εὐχήν, ἣν ηὔξω τῷ βασιλεῖ τοῦ οὐρανοῦ ποιῆσαι ἐκ στόματός σου.",,,,
1 Esdras 4:47,1ES,1 Esdras,4,47,"τότε ἀναστὰς Δαρεῖος ὁ βασιλεὺς κατεφίλησεν αὐτὸν καὶ ἔγραψεν αὐτῷ τὰς ἐπιστολὰς πρὸς πάντας τοὺς οἰκονόμους καὶ τοπάρχας καὶ στρατηγοὺς καὶ σατράπας, ἵνα προπέμψωσιν αὐτὸν καὶ τοὺς μετ᾿ αὐτοῦ πάντας ἀναβαίνοντας οἰκοδομῆσαι τὴν Ἱερουσαλήμ.",,,,
1 Esdras 4:48,1ES,1 Esdras,4,48,καὶ πᾶσι τοῖς τοπάρχαις ἐν κοίλῃ Συρίᾳ καὶ Φοινίκῃ καὶ τοῖς ἐν τῷ Λιβάνῳ ἔγραψεν ἐπιστολὰς μεταφέρειν ξύλα κέδρινα ἀπὸ τοῦ Λιβάνου εἰς Ἱερουσαλὴμ καὶ ὅπως οἰκοδομήσωσι μετ᾿ αὐτοῦ τὴν πόλιν.,,,,
1 Esdras 4:49,1ES,1 Esdras,4,49,"καὶ ἔγραψε πᾶσι τοῖς Ἰουδαίοις τοῖς ἀναβαίνουσιν ἀπὸ τῆς βασιλείας εἰς τὴν Ἰουδαίαν ὑπὲρ τῆς ἐλευθερίας, πάντα δυνατὸν καὶ τοπάρχην καὶ σατράπην καὶ οἰκονόμον μὴ ἀπελεύσεσθαι ἐπὶ τὰς θύρας αὐτῶν,",,,,
1 Esdras 4:50,1ES,1 Esdras,4,50,"καὶ πᾶσαν τὴν χώραν, ἣν κρατοῦσιν, ἀφορολόγητον αὐτοῖς ὑπάρχειν, καὶ ἵνα οἱ Ἰδουμαῖοι ἀφίωσι τὰς κώμας, ἃς διακρατοῦσι τῶν Ἰουδαίων,",,,,
1 Esdras 4:51,1ES,1 Esdras,4,51,"καὶ εἰς τὴν οἰκοδομὴν τοῦ ἱεροῦ δοθῆναι κατ᾿ ἐνιαυτὸν τάλαντα εἴκοσι μέχρι τοῦ οἰκοδομηθῆναι,",,,,
1 Esdras 4:52,1ES,1 Esdras,4,52,"καὶ ἐπὶ τὸ θυσιαστήριον ὁλοκαυτώματα καρποῦσθαι καθ᾿ ἡμέραν, καθὰ ἔχουσιν ἐντολὴν ἑπτακαίδεκα προσφέρειν, ἄλλα τάλαντα, δέκα κατ᾿ ἐνιαυτόν,",,,,
1 Esdras 4:53,1ES,1 Esdras,4,53,"καὶ πᾶσι τοῖς προσβαίνουσιν ἀπὸ τῆς Βαβυλωνίας κτίσαι τὴν πόλιν, ὑπάρχειν τὴν ἐλευθερίαν, αὐτοῖς τε καὶ τοῖς ἐκγόνοις αὐτῶν, καὶ πᾶσι τοῖς ἱερεῦσι τοῖς προσβαίνουσιν.",,,,
1 Esdras 4:54,1ES,1 Esdras,4,54,"ἔγραψε δὲ καὶ τὴν χορηγίαν καὶ τὴν ἱερατικὴν στολήν, ἐν τίνι λατρεύουσιν ἐν αὐτῇ.",,,,
1 Esdras 4:55,1ES,1 Esdras,4,55,"καὶ τοῖς Λευίταις ἔγραψε δοῦναι τὴν χορηγίαν ἕως τῆς ἡμέρας, ἧς ἐπιτελεσθῇ ὁ οἶκος καὶ Ἱερουσαλὴμ οἰκοδομηθῆναι,",,,,
1 Esdras 4:56,1ES,1 Esdras,4,56,καὶ πᾶσι τοῖς φρουροῦσι τὴν πόλιν ἔγραψε δοῦναι αὐτοῖς κλήρους καὶ ὀψώνια.,,,,
1 Esdras 4:57,1ES,1 Esdras,4,57,"καὶ ἐξαπέστειλε πάντα τὰ σκεύη, ἃ ἐχώρισε Κῦρος ἀπὸ Βαβυλῶνος· καὶ πάντα, ὅσα εἶπε Κῦρος ποιῆσαι, καὶ αὐτὸς ἐπέταξε ποιῆσαι καὶ ἐξαποστεῖλαι εἰς Ἱερουσαλήμ.",,,,
1 Esdras 4:58,1ES,1 Esdras,4,58,"Καὶ ὅτε ἐξῆλθεν ὁ νεανίσκος, ἄρας τὸ πρόσωπον εἰς τὸν οὐρανὸν ἐναντίον Ἱερουσαλὴμ εὐλόγησε τῷ βασιλεῖ τοῦ οὐρανοῦ λέγων·",,,,
1 Esdras 4:59,1ES,1 Esdras,4,59,"παρὰ σοῦ νίκη, καὶ παρὰ σοῦ ἡ σοφία, καὶ σὴ ἡ δόξα καὶ ἐγὼ σὸς οἰκέτης.",,,,
1 Esdras 4:60,1ES,1 Esdras,4,60,"εὐλογητὸς εἶ, ὃς ἔδωκάς μοι σοφίαν, καὶ σοὶ ὁμολογῶ, δέσποτα τῶν πατέρων.",,,,
1 Esdras 4:61,1ES,1 Esdras,4,61,καὶ ἔλαβε τὰς ἐπιστολὰς καὶ ἐξῆλθε καὶ ἦλθεν εἰς Βαβυλῶνα καὶ ἀπήγγειλε τοῖς ἀδελφοῖς αὐτοῦ πᾶσι.,,,,
1 Esdras 4:62,1ES,1 Esdras,4,62,"καὶ εὐλόγησαν τὸν Θεὸν τῶν πατέρων αὐτῶν, ὅτι ἔδωκεν αὐτοῖς ἄνεσιν καὶ ἄφεσιν",,,,
1 Esdras 4:63,1ES,1 Esdras,4,63,"ἀναβῆναι καὶ οἰκοδομῆσαι τὴν Ἱερουσαλὴμ καὶ τὸ ἱερόν, οὗ ὠνομάσθη τὸ ὄνομα αὐτοῦ ἐπ᾿ αὐτῷ. καὶ ἐκωθωνίζοντο μετὰ μουσικῶν καὶ χαρᾶς ἡμέρας ἑπτά.",,,,
1 Esdras 5:1,1ES,1 Esdras,5,1,ΜΕΤΑ δὲ ταῦτα ἐξελέγησαν ἀναβῆναι ἀρχηγοὶ οἴκου πατριῶν κατὰ φυλὰς αὐτῶν καὶ αἱ γυναῖκες αὐτῶν καὶ οἱ υἱοὶ αὐτῶν καὶ αἱ θυγατέρες καὶ οἱ παῖδες αὐτῶν καὶ αἱ παιδίσκαι καὶ τὰ κτήνη αὐτῶν.,,,,
1 Esdras 5:2,1ES,1 Esdras,5,2,καὶ Δαρεῖος συναπέστειλε μετ᾿ αὐτῶν ἱππεῖς χιλίους ἕως τοῦ ἀποκαταστῆσαι αὐτούς εἰς Ἱερουσαλὴμ μετ᾿ εἰρήνης καὶ μετὰ μουσικῶν τυμπάνων καὶ αὐλῶν·,,,,
1 Esdras 5:3,1ES,1 Esdras,5,3,"καὶ πάντες οἱ ἀδελφοὶ αὐτῶν παίζοντες, καὶ ἐποίησεν αὐτοῖς συναναβῆναι μετ᾿ ἐκείνων.",,,,
1 Esdras 5:4,1ES,1 Esdras,5,4,Καὶ ταῦτα τὰ ὀνόματα τῶν ἀνδρῶν τῶν ἀναβαινόντων κατὰ πατριὰς αὐτῶν εἰς τὰς φυλὰς ἐπὶ τὴν μεριδαρχίαν αὐτῶν.,,,,
1 Esdras 5:5,1ES,1 Esdras,5,5,"οἱ ἱερεῖς υἱοὶ Φινεὲς υἱοῦ Ἀαρών· Ἰησοῦς ὁ τοῦ Ἰωσεδὲκ τοῦ Σαραίου καὶ Ἰωακὶμ ὁ τοῦ Ζοροβάβελ τοῦ Σαλαθιὴλ ἐκ τοῦ οἴκου τοῦ Δαυίδ, ἐκ τῆς γενεᾶς Φαρές, φυλῆς δὲ Ἰούδα,",,,,
1 Esdras 5:6,1ES,1 Esdras,5,6,ὃς ἐλάλησεν ἐπὶ Δαρείου τοῦ βασιλέως Περσῶν λόγους σοφοὺς ἐν τῷ δευτέρῳ ἔτει τῆς βασιλείας αὐτοῦ μηνὶ Νισὰν τοῦ πρώτου μηνός.,,,,
1 Esdras 5:7,1ES,1 Esdras,5,7,"εἰσὶ δὲ οὗτοι οἱ ἐκ τῆς Ἰουδαίας ἀναβάντες ἐκ τῆς αἰχμαλωσίας τῆς παροικίας, οὓς μετῴκισε Ναβουχοδονόσορ βασιλεὺς Βαβυλῶνος εἰς Βαβυλῶνα",,,,
1 Esdras 5:8,1ES,1 Esdras,5,8,"καὶ ἐπέστρεψεν εἰς Ἱερουσαλὴμ καὶ τὴν λοιπὴν Ἰουδαίαν ἕκαστος εἰς τὴν ἰδίαν πόλιν, οἱ ἐλθόντες μετὰ Ζοροβάβελ καὶ Ἰησοῦ, Νεεμίου, Ζαραίου, Ρησαίου, Ἐνηνέος, Μαρδοχαίου, Βεελσάρου, Ἀσφαράσου, Ρεελίου, Ροΐμου, Βαανά, τῶν προηγουμένων αὐτῶν.",,,,
1 Esdras 5:9,1ES,1 Esdras,5,9,ἀριθμὸς τῶν ἀπὸ τοῦ ἔθνους καὶ οἱ προηγούμενοι αὐτῶν· υἱοὶ Φόρος δύο χιλιάδες καὶ ἑκατὸν ἑβδομηκονταδύο. υἱοὶ Σαφὰτ τετρακόσιοι ἑβδομηκονταδύο.,,,,
1 Esdras 5:10,1ES,1 Esdras,5,10,υἱοὶ Ἀρὲς ἑπτακόσιοι πεντηκονταέξ.,,,,
1 Esdras 5:11,1ES,1 Esdras,5,11,υἱοὶ Φαὰθ Μωὰβ εἰς τοὺς υἱοὺς Ἰησοῦ καὶ Ἰωὰβ δισχίλιοι ὀκτακόσιοι δεκαδύο.,,,,
1 Esdras 5:12,1ES,1 Esdras,5,12,υἱοὶ Ἠλὰμ χίλιοι διακόσιοι πεντηκοντατέσσαρες. υἱοὶ Ζαθουΐ ἐνακόσιοι ἑβδομηκονταπέντε. υἱοὶ Χορβὲ ἑπτακόσιοι πέντε. υἱοὶ Βανὶ ἑξακόσιοι τεσσαρακονταοκτώ.,,,,
1 Esdras 5:13,1ES,1 Esdras,5,13,υἱοὶ Βηβαὶ ἑξακόσιοι τριακοντατρεῖς. υἱοὶ Ἀργαὶ χίλιοι τριακόσιοι εἰκοσιδύο.,,,,
1 Esdras 5:14,1ES,1 Esdras,5,14,υἱοὶ Ἀδωνικὰν ἑξακόσιοι τριακονταεπτά. υἱοὶ Βαγοΐ δισχίλιοι ἑξακόσιοι ἕξ. υἱοὶ Ἀδινοὺ τετρακόσιοι πεντηκοντατέσσαρες.,,,,
1 Esdras 5:15,1ES,1 Esdras,5,15,υἱοὶ Ἀτὴρ Ἐζεκίου ἐνενηκονταδύο. υἱοὶ Κιλὰν καὶ Ἀζηνὰν ἑξηκονταεπτά. υἱοὶ Ἀζαροὺ τετρακόσιοι τριακονταδύο.,,,,
1 Esdras 5:16,1ES,1 Esdras,5,16,υἱοὶ Ἀννὶς ἑκατὸν εἷς. υἱοὶ Ἀρὸμ τριακονταδύο. υἱοὶ Βασαὶ τριακόσιοι εἰκοσιτρεῖς. υἱοὶ Ἀρσιφουρὶθ ἑκατὸν δύο.,,,,
1 Esdras 5:17,1ES,1 Esdras,5,17,υἱοὶ Βαιτηροὺς τρισχίλιοι πέντε. υἱοὶ ἐκ Βαιθλωμῶν ἑκατὸν εἰκοσιτρεῖς.,,,,
1 Esdras 5:18,1ES,1 Esdras,5,18,οἱ ἐκ Νετωφὰς πεντηκονταπέντε. οἱ ἐξ Ἀναθὼθ ἑκατὸν πεντηκονταοκτώ. οἱ ἐκ Βαιθασμὼν τεσσαρακονταδύο.,,,,
1 Esdras 5:19,1ES,1 Esdras,5,19,οἱ ἐκ Καριαθιρὶ εἰκοσιπέντε. οἱ ἐκ Καφείρας καὶ Βηρὼγ ἑπτακόσιοι τεσσαρακοντατρεῖς.,,,,
1 Esdras 5:20,1ES,1 Esdras,5,20,οἱ Χαδιασαὶ καὶ Ἀμμίδιοι τετρακόσιοι εἰκοσιδύο. οἱ ἐκ Κιραμᾶς καὶ Γαββῆς ἑξακόσιοι εἴκοσιν εἷς.,,,,
1 Esdras 5:21,1ES,1 Esdras,5,21,οἱ ἐκ Μακαλὼν ἑκατὸν εἰκοσιδύο. οἱ ἐκ Βετολίω πεντηκονταδύο. υἱοὶ Νιφὶς ἑκατὸν πεντηκονταέξ.,,,,
1 Esdras 5:22,1ES,1 Esdras,5,22,υἱοὶ Καλαμωλάλου καὶ Ὠνοὺς ἑπτακόσιοι εἰκοσιπέντε. υἱοὶ Ἱερεχοὺ διακόσιοι τεσαρακονταπέντε.,,,,
1 Esdras 5:23,1ES,1 Esdras,5,23,υἱοὶ Σανάας τρισχίλιοι τριακόσιοι εἷς.,,,,
1 Esdras 5:24,1ES,1 Esdras,5,24,οἱ ἱερεῖς οἱ υἱοὶ Ἰεδδοὺ τοῦ Ἰησοῦ εἰς τοὺς υἱοὺς Σανασὶβ ὀκτακόσιοι ἑβδομήκονταδύο. υἱοὶ Ἐμμηροὺθ διακόσιοι πεντηκονταδύο.,,,,
1 Esdras 5:25,1ES,1 Esdras,5,25,υἱοὶ Φασσούρου χίλιοι τεσσαρακονταεπτά. υἱοὶ Χαρμὶ διακόσιοι δεκαεπτά.,,,,
1 Esdras 5:26,1ES,1 Esdras,5,26,οἱ Λευῖται οἱ υἱοὶ Ἰησοῦ καὶ Καδμιήλου καὶ Βάννου καὶ Σουδίου ἑβδομηκοντατέσσαρες.,,,,
1 Esdras 5:27,1ES,1 Esdras,5,27,οἱ ἱεροψάλται υἱοὶ Ἀσὰφ ἑκατὸν εἰκοσιοκτώ.,,,,
1 Esdras 5:28,1ES,1 Esdras,5,28,"οἱ θυρωροὶ υἱοὶ Σαλούμ, υἱοὶ Ἀτάρ, υἱοὶ Τολμάν, υἱοὶ Δακούβ, υἱοὶ Ἀτητά, υἱοὶ Τωβίς, πάντες ἑκατὸν τριακονταεννέα.",,,,
1 Esdras 5:29,1ES,1 Esdras,5,29,"οἱ ἱερόδουλοι, υἱοὶ Ἡσαῦ, υἱοὶ Ἀσιφά, υἱοὶ Ταβαώθ, υἱοὶ Κηράς, υἱοὶ Σουδά, υἱοὶ Φαλαίου, υἱοὶ Λαβανά, υἱοὶ Ἀγραβά,",,,,
1 Esdras 5:30,1ES,1 Esdras,5,30,"υἱοὶ Ἀκούδ, υἱοὶ Οὐτά, υἱοὶ Κητάβ, υἱοὶ Ἀκκαβά, υἱοὶ Συβαΐ, υἱοὶ Ἀνάν, υἱοὶ Καθουά, υἱοὶ Γεδδούρ,",,,,
1 Esdras 5:31,1ES,1 Esdras,5,31,"υἱοὶ Ἰαΐρου, υἱοὶ Δαισάν, υἱοὶ Νοεβά, υἱοὶ Χασεβά, υἱοὶ Καζηρά, υἱοὶ Ὀζίου, υἱοὶ Φινοέ, υἱοὶ Ἀσαρά, υἱοὶ Βασθαΐ, υἱοὶ Ἀσσανά, υἱοὶ Μανί, υἱοὶ Ναφισί, υἱοὶ Ἀκούφ, υἱοὶ Ἀχιβά, υἱοὶ Ἀσούβ, υἱοὶ Φαρακέμ, υἱοὶ Βασαλέμ,",,,,
1 Esdras 5:32,1ES,1 Esdras,5,32,"υἱοὶ Μεεδδά, υἱοὶ Κουθά, υἱοὶ Χαρέα, υἱοὶ Βαρχουέ, υἱοὶ Σεράρ, υἱοὶ Θομοΐ, υἱοὶ Νασί, υἱοὶ Ἀτεφά.",,,,
1 Esdras 5:33,1ES,1 Esdras,5,33,"υἱοὶ παίδων Σαλωμών, υἱοὶ Ἀσσαπφιώθ, υἱοὶ Φαριρά, υἱοὶ Ἰειηλί, υἱοὶ Λοζών, υἱοὶ Ἰσραήλ, υἱοὶ Σαφυΐ,",,,,
1 Esdras 5:34,1ES,1 Esdras,5,34,"υἱοὶ Ἀγιά, υἱοὶ Φαχαρέθ, υἱοὶ Σαβιή, υἱοὶ Σαρωθί, υἱοὶ Μισαίας, υἱοὶ Τάς, υἱοὶ Ἀδδούς, υἱοὶ Σουβά, υἱοὶ Ἀφερρά, υἱοὶ Βαρωδίς, υἱοὶ Σαφάγ, υἱοὶ Ἀλλών.",,,,
1 Esdras 5:35,1ES,1 Esdras,5,35,πάντες οἱ ἱερόδουλοι καὶ οἱ υἱοὶ τῶν παίδων Σαλωμὼν τριακόσιοι ἑβδομηκονταδύο.,,,,
1 Esdras 5:36,1ES,1 Esdras,5,36,"οὗτοι ἀναβάντες ἀπὸ Θερμελὲθ καὶ Θελερσάς, ἡγούμενος αὐτῶν Χαρααθαλὰν καὶ Ἀαλάρ.",,,,
1 Esdras 5:37,1ES,1 Esdras,5,37,"καὶ οὐκ ἠδύναντο ἀπαγγεῖλαι τὰς πατριὰς αὐτῶν καὶ γενεάς, ὡς ἐκ τοῦ Ἰσραήλ εἰσιν· υἱοὶ Δαλὰν τοῦ υἱοῦ τοῦ Βαενάν, υἱοὶ Νεκωδὰν ἑξακόσιοι πεντηκονταδύο.",,,,
1 Esdras 5:38,1ES,1 Esdras,5,38,"καὶ ἐκ τῶν ἱερέων οἱ ἐμποιούμενοι ἱερωσύνης καὶ οὐχ εὑρέθησαν· υἱοὶ Ὀβδία, υἱοὶ Ἀκβώς, υἱοὶ Ἰαδδοὺ τοῦ λαβόντος Αὐγίαν γυναῖκα τῶν θυγατέρων Φαηζελδαίου, καὶ ἐκλήθη ἐπὶ τῷ ὀνόματι αὐτοῦ.",,,,
1 Esdras 5:39,1ES,1 Esdras,5,39,"καὶ τούτων ζητηθείσης τῆς γενικῆς γραφῆς ἐν τῷ καταλοχισμῷ καὶ μὴ εὑρεθείσης, ἐχωρίσθησαν τοῦ ἱερατεύειν.",,,,
1 Esdras 5:40,1ES,1 Esdras,5,40,καὶ εἶπεν αὐτοῖς Νεεμίας καὶ Ἀτθαρίας μὴ μετέχειν τῶν ἁγίων ἕως ἀναστῇ ἀρχιερεὺς ἐνδεδυμένος τὴν δήλωσιν καὶ τὴν ἀλήθειαν.,,,,
1 Esdras 5:41,1ES,1 Esdras,5,41,"οἱ δὲ πάντες Ἰσραὴλ ἦσαν ἀπὸ δωδεκαετοῦς καὶ ἐπάνω, χωρὶς παίδων καὶ παιδισκῶν, μυριάδες τέσσαρες δισχίλιοι τριακόσιοι ἑξήκοντα· παῖδες τούτων καὶ παιδίσκαι ἑπτακισχίλιοι τριακόσιοι τριακονταεπτά· ψάλται καὶ ψαλτῳδοὶ διακόσιοι τεσσαρακονταπέντε·",,,,
1 Esdras 5:42,1ES,1 Esdras,5,42,"κάμηλοι τετρακόσιοι τριακονταπέντε καὶ ἵπποι ἑπτακισχίλιοι τριακονταέξ, ἡμίονοι διακόσιοι τεσσαρακονταπέντε, ὑποζύγια πεντακισχίλια πεντακόσια εἰκοσιπέντε.",,,,
1 Esdras 5:43,1ES,1 Esdras,5,43,"καὶ ἐκ τῶν ἡγουμένων κατὰ τάς πατριὰς ἐν τῷ παραγίνεσθαι αὐτοὺς εἰς τὸ ἱερὸν τοῦ Θεοῦ, τὸ ἐν Ἱερουσαλήμ, ηὔξαντο ἐγεῖραι τὸν οἶκον ἐπὶ τοῦ τόπου αὐτοῦ κατὰ τὴν αὐτῶν δύναμιν",,,,
1 Esdras 5:44,1ES,1 Esdras,5,44,καὶ δοῦναι εἰς τὸ ἱερὸν γαζοφυλάκιον τῶν ἔργων χρυσίου μνᾶς χιλίας καὶ ἀργυρίου μνᾶς πεντακισχιλίας καὶ στολὰς ἱερατικὰς ἑκατόν.,,,,
1 Esdras 5:45,1ES,1 Esdras,5,45,"καὶ κατῳκίσθησαν οἱ ἱερεῖς καὶ οἱ Λευῖται καὶ οἱ ἐκ τοῦ λαοῦ αὐτοῦ ἐν Ἱερουσαλὴμ καὶ τῇ χώρᾳ, οἵ τε ἱεροψάλται καὶ οἱ θυρωροὶ καὶ πᾶς Ἰσραὴλ ἐν ταῖς κώμαις αὐτῶν.",,,,
1 Esdras 5:46,1ES,1 Esdras,5,46,"Ἐνστάντος δὲ τοῦ ἑβδόμου μηνὸς καὶ ὄντων τῶν υἱῶν Ἰσραὴλ ἑκάστου ἐν τοῖς ἰδίοις, συνήχθησαν ὁμοθυμαδὸν εἰς τὸ εὐρύχωρον τοῦ πρώτου πυλῶνος τοῦ πρὸς τῇ ἀνατολῇ.",,,,
1 Esdras 5:47,1ES,1 Esdras,5,47,καὶ καταστὰς Ἰησοῦς ὁ τοῦ Ἰωσεδὲκ καὶ οἱ ἀδελφοὶ αὐτοῦ οἱ ἱερεῖς καὶ Ζοροβάβελ ὁ τοῦ Σαλαθιὴλ καὶ οἱ τούτου ἀδελφοὶ ἡτοίμασαν τὸ θυσιαστήριον τοῦ Θεοῦ τοῦ Ἰσραὴλ,,,,
1 Esdras 5:48,1ES,1 Esdras,5,48,προσενέγκαι ἐπ᾿ αὐτοῦ ὁλοκαυτώσεις ἀκολούθως τοῖς ἐν τῇ Μωυσέως βίβλῳ τοῦ ἀνθρώπου τοῦ Θεοῦ διηγορευμένοις.,,,,
1 Esdras 5:49,1ES,1 Esdras,5,49,"καὶ ἐπισυνήχθησαν αὐτοῖς ἐκ τῶν ἄλλων ἐθνῶν τῆς γῆς, καὶ κατώρθωσαν τὸ θυσιαστήριον ἐπὶ τοῦ τόπου αὐτῶν, ὅτι ἐν ἔχθρᾳ ἦσαν αὐτοῖς. καὶ κατίσχυσαν αὐτοὺς πάντα τὰ ἔθνη τὰ ἐπὶ τῆς γῆς, καὶ ἀνέφερον θυσίας κατὰ τὸν καιρὸν καί ὁλοκαυτώματα Κυρίῳ τὸ πρωϊνὸν καὶ τὸ δειλινὸν",,,,
1 Esdras 5:50,1ES,1 Esdras,5,50,"καὶ ἠγάγοσαν τὴν τῆς σκηνοπηγίας ἑορτήν, ὡς ἐπιτέτακται ἐν τῷ νόμῳ, καὶ θυσίας καθ᾿ ἡμέραν, ὡς προσῆκον ἦν,",,,,
1 Esdras 5:51,1ES,1 Esdras,5,51,καὶ μετὰ ταῦτα προσφορὰς ἐνδελεχισμοῦ καὶ θυσίας σαββάτων καὶ νουμηνιῶν καὶ ἑορτῶν πασῶν ἡγιασμένων.,,,,
1 Esdras 5:52,1ES,1 Esdras,5,52,"καὶ ὅσοι ηὔξαντο εὐχὴν τῷ Θεῷ, ἀπὸ τῆς νουμηνίας τοῦ ἑβδόμου μηνὸς ἤρξαντο προσφέρειν θυσίας τῷ Θεῷ, καὶ ὁ ναὸς τοῦ Θεοῦ οὔπω ᾠκοδόμητο.",,,,
1 Esdras 5:53,1ES,1 Esdras,5,53,"καὶ ἔδωκαν ἀργύριον τοῖς λατόμοις καὶ τέκτοσι καὶ ποτὰ καὶ βρωτὰ καὶ χάρα τοῖς Σιδωνίοις καὶ Τυρίοις εἰς τὸ παράγειν αὐτοὺς ἐκ τοῦ Λιβάνου ξύλα κέδρινα, διαφέρειν σχεδίας εἰς τὸν Ἰόπης λιμένα, κατὰ τὸ πρόσταγμα τὸ γραφὲν αὐτοῖς παρὰ Κύρου τοῦ Περσῶν βασιλέως.",,,,
1 Esdras 5:54,1ES,1 Esdras,5,54,καὶ τῷ δευτέρῳ ἔτει παραγενόμενος εἰς τὸ ἱερὸν τοῦ Θεοῦ εἰς Ἱερουσαλὴμ μηνὸς δευτέρου ἤρξατο Ζοροβάβελ ὁ τοῦ Σαλαθιὴλ καὶ Ἰησοῦς ὁ τοῦ Ἰωσεδὲκ καὶ οἱ ἀδελφοὶ αὐτῶν καὶ οἱ ἱερεῖς οἱ Λευῖται καὶ πάντες οἱ παραγενόμενοι ἐκ τῆς αἰχμαλωσίας εἰς Ἱερουσαλὴμ,,,,
1 Esdras 5:55,1ES,1 Esdras,5,55,"καὶ ἐθεμελίωσαν τὸν ναὸν τοῦ Θεοῦ τῇ νουμηνίᾳ τοῦ δευτέρου μηνός, τοῦ δευτέρου ἔτους, ἐν τῷ ἐλθεῖν εἰς τὴν Ἰουδαίαν καὶ Ἱερουσαλήμ.",,,,
1 Esdras 5:56,1ES,1 Esdras,5,56,"καὶ ἔστησαν τοὺς Λευίτας ἀπὸ εἰκοσαετοῦς ἐπὶ τῶν ἔργων τοῦ Κυρίου, καὶ ἔστη Ἰησοῦς καὶ οἱ υἱοὶ καὶ οἱ ἀδελφοὶ καὶ Καδμιὴλ ὁ ἀδελφὸς καὶ οἱ υἱοὶ Ἠμαδαβοῦν καὶ οἱ υἱοὶ Ἰωδὰ τοῦ Ἡλιαδοὺδ σὺν τοῖς υἱοῖς καὶ ἀδελφοῖς, πάντες οἱ Λευῖται, ὁμοθυμαδὸν ἐργοδιῶκται ποιοῦντες εἰς τὰ ἔργα ἐν τῷ οἴκῳ τοῦ Κυρίου. καὶ ᾠκοδόμησαν οἱ οἰκοδόμοι τὸν ναὸν τοῦ Κυρίου,",,,,
1 Esdras 5:57,1ES,1 Esdras,5,57,καὶ ἔστησαν οἱ ἱερεῖς ἐστολισμένοι μετὰ μουσικῶν καὶ σαλπίγγων καὶ οἱ Λευῖται υἱοὶ Ἀσὰφ ἔχοντες τὰ κύμβαλα ὑμνοῦντες τῷ Κυρίῳ καὶ εὐλογοῦντες κατὰ Δαυὶδ βασιλέα τοῦ Ἰσραὴλ,,,,
1 Esdras 5:58,1ES,1 Esdras,5,58,"καὶ ἐφώνησαν δι᾿ ὕμνων εὐλογοῦντες τῷ Κυρίῳ, ὅτι ἡ χρηστότης αὐτοῦ καὶ ἡ δόξα εἰς τοὺς αἰῶνας ἐν παντὶ Ἰσραήλ.",,,,
1 Esdras 5:59,1ES,1 Esdras,5,59,καὶ πᾶς ὁ λαὸς ἐσάλπισαν καὶ ἐβόησαν φωνῇ μεγάλῃ ὑμνοῦντες τῷ Κυρίῳ ἐπὶ τῇ ἐγέρσει τοῦ οἴκου Κυρίου.,,,,
1 Esdras 5:60,1ES,1 Esdras,5,60,καὶ ἤλθοσαν ἐκ τῶν ἱερέων τῶν Λευιτῶν καὶ τῶν προκαθημένων κατὰ τὰς πατριὰς αὐτῶν οἱ πρεσβύτεροι οἱ ἑωρακότες τὸν πρὸ τούτου οἶκον πρὸς τὴν τούτου οἰκοδομὴν μετὰ κλαυθμοῦ καὶ κραυγῆς μεγάλης,,,,
1 Esdras 5:61,1ES,1 Esdras,5,61,"καὶ πολλοὶ διὰ σαλπίγγων καὶ χαρᾶς μεγάλῃ τῇ φωνῇ,",,,,
1 Esdras 5:62,1ES,1 Esdras,5,62,"ὥστε τὸν λαὸν μὴ ἀκούειν τῶν σαλπίγγων διὰ τὸν κλαυθμὸν τοῦ λαοῦ· ὁ γὰρ ὄχλος ἦν ὁ σαλπίζων μεγάλως, ὥστε μακρόθεν ἀκούεσθαι.",,,,
1 Esdras 5:63,1ES,1 Esdras,5,63,Καὶ ἀκούσαντες οἱ ἐχθροὶ τῆς φυλῆς Ἰούδα καὶ Βενιαμὶν ἤλθοσαν ἐπιγνῶναι τίς ἡ φωνὴ τῶν σαλπίγγων.,,,,
1 Esdras 5:64,1ES,1 Esdras,5,64,"καὶ ἐπέγνωσαν ὅτι οἱ ἐκ τῆς αἰχμαλωσίας οἰκοδομοῦσι τὸν ναὸν τῷ Κυρίῳ Θεῷ Ἰσραήλ,",,,,
1 Esdras 5:65,1ES,1 Esdras,5,65,καὶ προσελθόντες ἐν τῷ Ζοροβάβελ καὶ Ἰησοῦ καὶ τοῖς ἡγουμένοις τῶν πατριῶν λέγουσιν αὐτοῖς· συνοικοδομήσωμεν ὑμῖν·,,,,
1 Esdras 5:66,1ES,1 Esdras,5,66,"ὁμοίως γὰρ ὑμῖν ἀκούομεν τοῦ Κυρίου ὑμῶν καὶ αὐτῷ ἐπιθύομεν ἀφ᾿ ἡμερῶν Ἀσβασαρὲθ βασιλέως Ἀσσυρίων, ὃς μετήγαγεν ἡμᾶς ἐνταῦθα.",,,,
1 Esdras 5:67,1ES,1 Esdras,5,67,καὶ εἶπεν αὐτοῖς Ζοροβάβελ καὶ Ἰησοῦς καὶ οἱ ἡγούμενοι τῶν πατριῶν τοῦ Ἰσραήλ· οὐχ ἡμῖν καὶ ὑμῖν τοῦ οἰκοδομῆσαι τὸν οἶκον Κυρίῳ Θεῷ ἡμῶν·,,,,
1 Esdras 5:68,1ES,1 Esdras,5,68,"ἡμεῖς γὰρ μόνοι οἰκοδομήσομεν τῷ Κυρίῳ τοῦ Ἰσραὴλ ἀκολούθως, οἷς προσέταξεν ἡμῖν Κῦρος ὁ βασιλεὺς Περσῶν.",,,,
1 Esdras 5:69,1ES,1 Esdras,5,69,τὰ δὲ ἔθνη τῆς γῆς ἐπικοιμώμενα τοῖς ἐν τῇ Ἰουδαίᾳ καὶ πολιορκοῦντες εἶργον τοῦ οἰκοδομεῖν.,,,,
1 Esdras 5:70,1ES,1 Esdras,5,70,καὶ βουλὰς δημαγωγοῦντες καὶ συστάσεις ποιούμενοι ἀπεκώλυσαν τοῦ ἀποτελεσθῆναι τὴν οἰκοδομὴν πάντα τὸν χρόνον τῆς ζωῆς τοῦ βασιλέως Κύρου. καὶ εἴρχθησαν τῆς οἰκοδομῆς ἔτη δύο ἕως τῆς Δαρείου βασιλείας.,,,,
1 Esdras 6:1,1ES,1 Esdras,6,1,ΕΝ δὲ τῷ δευτέρῳ ἔτει τῆς Δαρείου βασιλείας ἐπροφήτευσεν Ἀγγαῖος καὶ Ζαχαρίας ὁ τοῦ Ἀδδὼ οἱ προφῆται ἐπὶ τοὺς Ἰουδαίους τοὺς ἐν τῇ Ἰουδαίᾳ καὶ Ἱερουσαλὴμ ἐπὶ τῷ ὀνόματι Κυρίου Θεοῦ Ἰσραὴλ ἐπ᾿ αὐτούς.,,,,
1 Esdras 6:2,1ES,1 Esdras,6,2,"τότε στὰς Ζοροβάβελ ὁ τοῦ Σαλαθιὴλ καὶ Ἰησοῦς ὁ τοῦ Ἰωσεδὲκ ἤρξαντο οἰκοδομεῖν τὸν οἶκον τοῦ Κυρίου τὸν ἐν Ἱερουσαλήμ, συνόντων τῶν προφητῶν τοῦ Κυρίου βοηθούντων αὐτοῖς.",,,,
1 Esdras 6:3,1ES,1 Esdras,6,3,ἐν αὐτῷ τῷ χρόνῳ παρῆν πρὸς αὐτοὺς Σισίννης ὁ ἔπαρχος Συρίας καὶ Φοινίκης καὶ Σαθραβουζάνης καὶ οἱ συνεταῖροι καὶ εἶπαν αὐτοῖς·,,,,
1 Esdras 6:4,1ES,1 Esdras,6,4,"τίνος ὑμῖν συντάξαντος τὸν οἶκον τοῦτον οἰκοδομεῖτε, καὶ τὴν στέγην ταύτην καὶ τὰ ἄλλα πάντα ἐπιτελεῖτε; καὶ τίνες εἰσὶν οἰκοδόμοι οἱ ταῦτα ἐπιτελοῦντες;",,,,
1 Esdras 6:5,1ES,1 Esdras,6,5,καὶ ἔσχοσαν χάριν ἐπισκοπῆς γενομένης ἐπὶ τὴν αἰχμαλωσίαν παρὰ τοῦ Κυρίου οἱ πρεσβύτεροι τῶν Ἰουδαίων,,,,
1 Esdras 6:6,1ES,1 Esdras,6,6,"καὶ οὐκ ἐκωλύθησαν τῆς οἰκοδομῆς, μέχρις οὗ ὑποσημανθῆναι Δαρείῳ περὶ αὐτῶν καὶ προσφωνηθῆναι.",,,,
1 Esdras 6:7,1ES,1 Esdras,6,7,"Ἀντίγραφον ἐπιστολῆς, ἧς ἔγραψε Δαρείῳ καὶ ἀπέστειλαν· ‘Σισίννης ὁ ἔπαρχος Συρίας καὶ Φοινίκης καὶ Σαθραβουζάνης καὶ οἱ συνεταῖροι οἱ ἐν Συρίᾳ καὶ Φοινίκῃ ἡγεμόνες βασιλεῖ Δαρείῳ χαίρειν.",,,,
1 Esdras 6:8,1ES,1 Esdras,6,8,"πάντα γνωστὰ ἔστω τῷ κυρίῳ ἡμῶν τῷ βασιλεῖ, ὅτι παραγενόμενοι εἰς τὴν χώραν τῆς Ἰουδαίας καὶ ἐλθόντες εἰς Ἱερουσαλὴμ τὴν πόλιν κατελάβομεν τῆς αἰχμαλωσίας τοὺς πρεσβυτέρους τῶν Ἰουδαίων ἐν Ἱερουσαλὴμ τῇ πόλει οἰκοδομοῦντας οἶκον τῷ Κυρίῳ μέγαν, καινὸν διὰ λίθων ξυστῶν πολυτελῶν, ξύλων τιθεμένων ἐν τοῖς τοίχοις,",,,,
1 Esdras 6:9,1ES,1 Esdras,6,9,"καὶ τὰ ἔργα ἐκεῖνα ἐπὶ σπουδῆς γινόμενα καὶ εὐοδούμενον τὸ ἔργον ἐν ταῖς χερσὶν αὐτῶν καὶ ἐν πάσῃ δόξῃ, καὶ ἐπιμελείᾳ συντελούμενον.",,,,
1 Esdras 6:10,1ES,1 Esdras,6,10,τότε ἐπυνθανόμεθα τῶν πρεσβυτέρων τούτων λέγοντες· τίνος ὑμῖν προστάξαντος οἰκοδομεῖτε τὸν οἶκον τοῦτον καὶ τὰ ἔργα ταῦτα θεμελιοῦτε;,,,,
1 Esdras 6:11,1ES,1 Esdras,6,11,ἐπερωτήσαμεν οὖν αὐτοὺς εἵνεκεν τοῦ γνωρίσαι σοι καὶ γράψαι σοι τοὺς ἀνθρώπους τοὺς ἀφηγουμένους καὶ τὴν ὀνοματογραφίαν ᾐτοῦμεν αὐτοὺς τῶν προκαθηγουμένων.,,,,
1 Esdras 6:12,1ES,1 Esdras,6,12,οἱ δὲ ἀπεκρίθησαν ἡμῖν λέγοντες· ἡμεῖς ἐσμεν παῖδες τοῦ Κυρίου τοῦ κτίσαντος τὸν οὐρανὸν καὶ τὴν γῆν·,,,,
1 Esdras 6:13,1ES,1 Esdras,6,13,καὶ ᾠκοδόμητο οἶκος ἔμπροσθεν ἐτῶν πλειόνων διὰ βασιλέως τοῦ Ἰσραὴλ μεγάλου καὶ ἰσχυροῦ καὶ ἐπετελέσθη.,,,,
1 Esdras 6:14,1ES,1 Esdras,6,14,"καὶ ἐπεὶ οἱ πατέρες ἡμῶν παραπικράναντες ἥμαρτον εἰς τὸν Κύριον τοῦ Ἰσραὴλ τὸν οὐράνιον, παρέδωκεν αὐτοὺς εἰς χεῖρας Ναβουχοδονόσορ βασιλέως Βαβυλῶνος βασιλέως τῶν Χαλδαίων·",,,,
1 Esdras 6:15,1ES,1 Esdras,6,15,τόν τε οἶκον καθελόντες ἐνεπύρισαν καὶ τὸν λαὸν ἠχμαλώτευσαν εἰς Βαβυλῶνα.,,,,
1 Esdras 6:16,1ES,1 Esdras,6,16,ἐν δὲ τῷ πρώτῳ ἔτει βασιλεύοντος Κύρου χώρας Βαβυλωνίας ἔγραψεν ὁ βασιλεὺς Κῦρος τὸν οἶκον τοῦτον οἰκοδομῆσαι·,,,,
1 Esdras 6:17,1ES,1 Esdras,6,17,"καὶ τὰ ἱερὰ σκεύη τὰ χρυσᾶ καὶ τὰ ἀργυρᾶ, ἃ ἐξήνεγκε Ναβουχοδονόσορ ἐκ τοῦ οἴκου τοῦ ἐν Ἱερουσαλὴμ καὶ ἀπηρείσατο αὐτὰ ἐν τῷ αὐτοῦ ναῷ, πάλιν ἐξήνεγκεν αὐτὰ Κῦρος ὁ βασιλεὺς ἐκ τοῦ ναοῦ τοῦ ἐν Βαβυλωνίᾳ, καὶ παρεδόθη Σαβανασσάρῳ Ζοροβάβελ τῷ ἐπάρχῳ,",,,,
1 Esdras 6:18,1ES,1 Esdras,6,18,"καὶ ἐπετάγη αὐτῷ, καὶ ἀπήνεγκε πάντα τὰ σκεύη ταῦτα ἀποθεῖναι ἐν τῷ ναῷ τῷ ἐν Ἱερουσαλὴμ καὶ τὸν ναὸν τοῦ Κυρίου οἰκοδομηθῆναι ἐπὶ τοῦ τόπου.",,,,
1 Esdras 6:19,1ES,1 Esdras,6,19,"τότε ὁ Σαβανάσσαρος παραγενόμενος ἀνεβάλετο τοὺς θεμελίους τοῦ οἴκου Κυρίου τοῦ ἐν Ἱερουσαλήμ, καὶ ἀπ᾿ ἐκείνου μέχρι τοῦ νῦν οἰκοδομούμενος οὐκ ἔλαβε συντέλειαν.",,,,
1 Esdras 6:20,1ES,1 Esdras,6,20,"νῦν οὖν εἰ κρίνεται, βασιλεῦ, ἐπισκεπήτω ἐν τοῖς βασιλικοῖς βιβλιοφυλακίοις τοῦ Κύρου·",,,,
1 Esdras 6:21,1ES,1 Esdras,6,21,"καὶ ἐὰν εὑρίσκηται μετὰ τῆς γνώμης Κύρου τοῦ βασιλέως γενομένην τὴν οἰκοδομὴν τοῦ οἴκου Κυρίου τοῦ ἐν Ἱερουσαλὴμ καὶ κρίνηται τῷ κυρίῳ βασιλεῖ ἡμῶν, προσφωνησάτω ἡμῖν περὶ τούτων’.",,,,
1 Esdras 6:22,1ES,1 Esdras,6,22,"Τότε ὁ βασιλεὺς Δαρεῖος προσέταξεν ἐπισκέψασθαι ἐν τοῖς βιβλιοφυλακίοις τοῖς κειμένοις ἐν Βαβυλῶνι, και εὑρέθη ἐν Ἐκβατάνοις τῇ βάρει τῇ ἐν Μηδίᾳ χώρᾳ τόμος εἷς, ἐν ᾧ ὑπομνημάτιστο τάδε·",,,,
1 Esdras 6:23,1ES,1 Esdras,6,23,"‘ Ἔτους πρώτου βασιλεύοντος Κύρου βασιλεὺς Κῦρος προσέταξε τὸν οἶκον τοῦ Κυρίου τὸν ἐν Ἱερουσαλὴμ οἰκοδομῆσαι, ὅπου ἐπιθύουσι διὰ πυρὸς ἐνδελεχοῦς,",,,,
1 Esdras 6:24,1ES,1 Esdras,6,24,"οὗ τὸ ὕψος πηχῶν ἑξήκοντα, πλάτος πηχῶν ἑξήκοντα, διὰ δόμων λιθίνων ξυστῶν τριῶν καὶ δόμου ξυλίνου ἐγχωρίου καινοῦ ἑνός, καὶ τὸ δαπάνημα δοθῆναι ἐκ τοῦ οἴκου Κύρου τοῦ βασιλέως,",,,,
1 Esdras 6:25,1ES,1 Esdras,6,25,"καὶ τὰ ἱερὰ σκεύη τοῦ οἴκου Κυρίου τά τε χρυσᾶ καὶ ἀργυρᾶ, ἃ ἐξήνεγκε Ναβουχοδονόσορ ἐκ τοῦ οἴκου τοῦ ἐν Ἱερουσαλὴμ καὶ ἀπήνεγκεν εἰς Βαβυλῶνα, ἀποκατασταθῆναι εἰς τὸν οἶκον τὸν ἐν Ἱερουσαλήμ, οὗ ἦν κείμενα, ὅπως τεθῇ ἐκεῖ.",,,,
1 Esdras 6:26,1ES,1 Esdras,6,26,"προσέταξε δὲ ἐπιμεληθῆναι Σισίννῃ ἐπάρχῳ Συρίας καὶ Φοινίκης καὶ Σαθραβουζάνῃ καὶ τοῖς συνεταίροις καὶ τοῖς ἀποτεταγμένοις ἐν Συρίᾳ καὶ Φοινίκῃ ἡγεμόσιν ἀπέχεσθαι τοῦ τόπου, ἐᾶσαι δὲ τὸν παῖδα Κυρίου Ζοροβάβελ, ἔπαρχον δὲ τῆς Ἰουδαίας, καὶ τοὺς πρεσβυτέρους τῶν Ἰουδαίων τὸν οἶκον τοῦ Κυρίου ἐκεῖνον οἰκοδομεῖν ἐπὶ τοῦ τόπου.",,,,
1 Esdras 6:27,1ES,1 Esdras,6,27,"καὶ ἐγὼ δὲ ἐπέταξα ὁλοσχερῶς οἰκοδομῆσαι καὶ ἀτενίσαι, ἵνα συμποιῶσι τοῖς ἐκ τῆς αἰχμαλωσίας τῆς Ἰουδαίας μέχρι τοῦ ἐπιτελεσθῆναι τὸν οἶκον τοῦ Κυρίου·",,,,
1 Esdras 6:28,1ES,1 Esdras,6,28,"καὶ ἀπὸ τῆς φορολογίας Κοίλης Συρίας καὶ Φοινίκης ἐπιμελῶς σύνταξιν δίδοσθαι τούτοις τοῖς ἀνθρώποις εἰς θυσίαν τῷ Κυρίῳ, Ζοροβάβελ ἐπάρχῳ, εἰς ταύρους καὶ κριοὺς καὶ ἄρνας,",,,,
1 Esdras 6:29,1ES,1 Esdras,6,29,"ὁμοίως δὲ καὶ πυρὸν καὶ ἅλα καὶ οἶνον καὶ ἔλαιον ἐνδελεχῶς κατ᾿ ἐνιαυτόν, καθὼς ἂν οἱ ἱερεῖς οἱ ἐν Ἱερουσαλὴμ ὑπαγορεύσωσιν ἀναλίσκεσθαι καθ᾿ ἡμέραν ἀναμφισβητήτως,",,,,
1 Esdras 6:30,1ES,1 Esdras,6,30,"ὅπως προσφέρωνται σπονδαὶ τῷ Θεῷ τῷ ὑψίστῳ ὑπὲρ τοῦ βασιλέως καὶ τῶν παίδων καὶ προσεύχωνται περὶ τῆς αὐτῶν ζωῆς,",,,,
1 Esdras 6:31,1ES,1 Esdras,6,31,"καὶ προστάξαι ἵνα ὅσοι ἐὰν παραβῶσί τι τῶν γεγραμμένων καὶ ἀκυρώσωσι, ληφθῆναι ξύλον ἐκ τῶν ἰδίων αὐτοῦ καὶ ἐπὶ τούτου κρεμασθῆναι καὶ τὰ ὑπάρχοντα αὐτοῦ εἶναι βασιλικά.",,,,
1 Esdras 6:32,1ES,1 Esdras,6,32,"διὰ ταῦτα καὶ ὁ Κύριος, οὗ τὸ ὄνομα αὐτοῦ ἐπικέκληται ἐκεῖ, ἀφανίσαι πάντα βασιλέα καὶ ἔθνος, ὃς ἐκτενεῖ τὴν χεῖρα αὐτοῦ κωλῦσαι ἢ κακοποιῆσαι τὸν οἶκον Κυρίου ἐκεῖνον τὸν ἐν Ἱερουσαλήμ.",,,,
1 Esdras 6:33,1ES,1 Esdras,6,33,ἐγὼ βασιλεὺς Δαρεῖος δεδογμάτικα ἐπιμελῶς κατὰ ταῦτα γίνεσθαι’.,,,,
1 Esdras 7:1,1ES,1 Esdras,7,1,"ΤΟΤΕ Σισίννης ἔπαρχος Κοίλης Συρίας καὶ Φοινίκης, καὶ Σαθραβουζάνης καὶ οἱ συνεταῖροι κατακολουθήσαντες τοῖς ὑπὸ τοῦ βασιλέως Δαρείου προσταγεῖσιν",,,,
1 Esdras 7:2,1ES,1 Esdras,7,2,ἐπεστάτουν τῶν ἱερῶν ἔργων ἐπιμελέστερον συνεργοῦντες τοῖς πρεσβυτέροις τῶν Ἰουδαίων καὶ ἱεροστάταις.,,,,
1 Esdras 7:3,1ES,1 Esdras,7,3,καὶ εὔοδα ἐγίνετο τὰ ἱερὰ ἔργα προφητευόντων Ἀγγαίου καὶ Ζαχαρίου τῶν προφητῶν.,,,,
1 Esdras 7:4,1ES,1 Esdras,7,4,"καὶ συνετέλεσαν ταῦτα διὰ προστάγματος Κυρίου Θεοῦ Ἰσραήλ, καὶ μετὰ τῆς γνώμης τοῦ Κύρου καὶ Δαρείου καὶ Ἀρταξέρξου βασιλέων Περσῶν",,,,
1 Esdras 7:5,1ES,1 Esdras,7,5,συνετελέσθη ὁ οἶκος ὁ ἅγιος ἕως τρίτης καὶ εἰκάδος μηνὸς Ἄδαρ τοῦ ἕκτου ἔτους βασιλέως Δαρείου.,,,,
1 Esdras 7:6,1ES,1 Esdras,7,6,καὶ ἐποίησαν οἱ υἱοὶ Ἰσραὴλ καὶ οἱ ἱερεῖς καὶ οἱ Λευῖται καὶ οἱ λοιποὶ οἱ ἐκ τῆς αἰχμαλωσίας οἱ προστεθέντες ἀκολούθως τοῖς ἐν τῇ Μωυσέως βίβλῳ·,,,,
1 Esdras 7:7,1ES,1 Esdras,7,7,"καὶ προσήνεγκαν εἰς τὸν ἐγκαινισμὸν τοῦ ἱεροῦ τοῦ Κυρίου ταύρους ἑκατόν, κριοὺς διακοσίους, ἄρνας τετρακοσίους,",,,,
1 Esdras 7:8,1ES,1 Esdras,7,8,"χιμάρους ὑπὲρ ἁμαρτίας παντὸς τοῦ Ἰσραὴλ δώδεκα πρὸς ἀριθμόν, ἐκ τῶν φυλάρχων τοῦ Ἰσραὴλ δώδεκα.",,,,
1 Esdras 7:9,1ES,1 Esdras,7,9,καὶ ἔστησαν οἱ ἱερεῖς καὶ οἱ Λευῖται κατὰ φυλὰς ἐστολισμένοι ἐπὶ τῶν ἔργων Κυρίου Θεοῦ Ἰσραὴλ ἀκολούθως τῇ Μωυσέως βίβλῳ καὶ οἱ θυρωροὶ ἐφ᾿ ἑκάστου πυλῶνος.,,,,
1 Esdras 7:10,1ES,1 Esdras,7,10,καὶ ἠγάγοσαν οἱ υἱοὶ Ἰσραὴλ τῶν ἐκ τῆς αἰχμαλωσίας τὸ πάσχα ἐν τῇ τεσσαρεσκαιδεκάτη τοῦ πρώτου μηνός· ὅτι ἡγνίσθησαν οἱ ἱερεῖς καὶ οἱ Λευῖται ἅμα,,,,
1 Esdras 7:11,1ES,1 Esdras,7,11,"καὶ πάντες οἱ υἱοὶ τῆς αἰχμαλωσίας, ὅτι ἡγνίσθησαν, ὅτι οἱ Λευῖται ἅμα πάντες ἡγνίσθησαν.",,,,
1 Esdras 7:12,1ES,1 Esdras,7,12,καὶ ἔθυσαν τὸ πάσχα πᾶσι τοῖς υἱοῖς τῆς αἰχμαλωσίας καὶ τοῖς ἀδελφοῖς αὐτῶν τοῖς ἱερεῦσι καὶ ἑαυτοῖς.,,,,
1 Esdras 7:13,1ES,1 Esdras,7,13,"καὶ ἐφάγοσαν οἱ υἱοὶ Ἰσραὴλ οἱ ἐκ τῆς αἰχμαλωσίας, πάντες οἱ χωρισθέντες ἀπὸ τῶν βδελυγμάτων τῶν ἐθνῶν τῆς γῆς, ζητοῦντες τὸν Κύριον.",,,,
1 Esdras 7:14,1ES,1 Esdras,7,14,"καὶ ἠγάγοσαν τὴν ἑορτὴν τῶν ἀζύμων ἑπτὰ ἡμέρας εὐφραινόμενοι ἔναντι Κυρίου,",,,,
1 Esdras 7:15,1ES,1 Esdras,7,15,ὅτι μετέστρεψε τὴν βουλὴν τοῦ βασιλέως Ἀσσυρίων ἐπ᾿ αὐτοὺς κατισχῦσαι τὰς χεῖρας αὐτῶν ἐπὶ τὰ ἔργα Κυρίου Θεοῦ Ἰσραήλ.,,,,
1 Esdras 8:1,1ES,1 Esdras,8,1,"ΚΑΙ μεταγενέστερος τούτων βασιλεύοντος Ἀρταξέρξου τοῦ Περσῶν βασιλέως προσέβη Ἔσδρας Σαραίου, τοῦ Ἐζεχρίου, τοῦ Χελκίου τοῦ Σαλήμου,",,,,
1 Esdras 8:2,1ES,1 Esdras,8,2,"τοῦ Σαδδούκου, τοῦ Ἀχιτώβ, τοῦ Ἀμαρίου, τοῦ Ὀζίου, τοῦ Βοκκά, τοῦ Ἀβισαΐ, τοῦ Φινεές, τοῦ Ἐλεάζαρ, τοῦ Ἀαρὼν τοῦ ἱερέως τοῦ πρώτου.",,,,
1 Esdras 8:3,1ES,1 Esdras,8,3,"οὗτος Ἔσδρας ἀνέβη ἐκ Βαβυλῶνος ὡς γραμματεὺς εὐφυὴς ὢν ἐν τῷ Μωυσέως νόμῳ τῷ ἐκδεδομένῳ ὑπὸ τοῦ Θεοῦ τοῦ Ἰσραήλ,",,,,
1 Esdras 8:4,1ES,1 Esdras,8,4,"καὶ ἔδωκεν αὐτῷ ὁ βασιλεὺς δόξαν, εὑρόντος χάριν ἐνώπιον αὐτοῦ ἐπὶ πάντα τὰ ἀξιώματα αὐτοῦ.",,,,
1 Esdras 8:5,1ES,1 Esdras,8,5,καὶ συνανέβησαν ἐκ τῶν υἱῶν Ἰσραὴλ καὶ τῶν ἱερέων καὶ Λευιτῶν καὶ ἱεροψαλτῶν καὶ θυρωρῶν καὶ ἱεροδούλων εἰς Ἱερουσαλὴμ,,,,
1 Esdras 8:6,1ES,1 Esdras,8,6,ἔτους ἑβδόμου βασιλεύοντος Ἀρταξέρξου ἐν τῷ πέμπτῳ μηνὶ (οὗτος ἐνιαυτὸς ἕβδομος τῷ βασιλεῖ). ἐξελθόντες γὰρ ἐκ Βαβυλῶνος τῇ νουμηνίᾳ τοῦ πρώτου μηνὸς παρεγένοντο εἰς Ἱερουσαλὴμ κατὰ τὴν δοθεῖσαν αὐτοῖς εὐοδίαν παρὰ τοῦ Κυρίου ἐπ᾿ αὐτῷ·,,,,
1 Esdras 8:7,1ES,1 Esdras,8,7,ὁ γὰρ Ἔσδρας πολλὴν ἐπιστήμην περιεῖχεν εἰς τὸ μηδὲν παραλιπεῖν τῶν ἐκ τοῦ νόμου Κυρίου καὶ ἐκ τῶν ἐντολῶν διδάξαι πάντα τὸν Ἰσραὴλ δικαιώματα καὶ κρίματα.,,,,
1 Esdras 8:8,1ES,1 Esdras,8,8,"Προσπεσόντος δὲ τοῦ γραφέντος προστάγματος παρὰ Ἀρταξέρξου βασιλέως πρὸς Ἔσδραν τὸν ἱερέα καὶ ἀναγνώστην τοῦ νόμου Κυρίου, οὗ ἐστιν ἀντίγραφον τὸ ὑποκείμενον·",,,,
1 Esdras 8:9,1ES,1 Esdras,8,9,‘Βασιλεὺς Ἀρταξέρξης Ἔδρᾳ τῷ ἱερεῖ καὶ ἀναγνώστῃ τοῦ νόμου Κυρίου χαίρειν.,,,,
1 Esdras 8:10,1ES,1 Esdras,8,10,"καὶ τὰ φιλάνθρωπα ἐγὼ κρίνας προσέταξα τοὺς βουλομένους ἐκ τοῦ ἔθνους τῶν Ἰουδαίων αἱρετίζοντας καὶ τῶν ἱερέων καὶ τῶν Λευιτῶν, καὶ τῶνδε ἐν τῇ ἡμετέρᾳ βασιλείᾳ, συμπορεύεσθαί σοι εἰς Ἱερουσαλήμ.",,,,
1 Esdras 8:11,1ES,1 Esdras,8,11,"ὅσοι οὖν ἐνθυμοῦνται, συνεξορμάσθωσαν καθάπερ δέδοκται ἐμοί τε καὶ τοῖς ἑπτὰ φίλοις συμβουλευταῖς,",,,,
1 Esdras 8:12,1ES,1 Esdras,8,12,"ὅπως ἐπισκέψωνται τὰ κατὰ τὴν Ἰουδαίαν καὶ Ἱερουσαλὴμ ἀκολούθως ᾧ ἔχει ἐν τῷ νόμῳ Κυρίου,",,,,
1 Esdras 8:13,1ES,1 Esdras,8,13,"καὶ ἀπενεγκεῖν δῶρα τῷ Κυρίῳ τοῦ Ἰσραήλ, ἃ ηὐξάμην ἐγώ τε καὶ οἱ φίλοι, εἰς Ἱερουσαλήμ, καὶ πᾶν χρυσίον καὶ ἀργύριον, ὃ ἐὰν εὑρεθῇ ἐν τῇ χώρᾳ τῆς Βαβυλωνίας, τῷ Κυρίῳ εἰς Ἱερουσαλὴμ σὺν τῷ δεδωρημένῳ ὑπὸ τοῦ ἔθνους εἰς τὸ ἱερὸν τοῦ Κυρίου Θεοῦ αὐτῶν τὸ ἐν Ἱερουσαλὴμ",,,,
1 Esdras 8:14,1ES,1 Esdras,8,14,"συναχθῆναι, τό τε χρυσίον καὶ τὸ ἀργύριον εἰς ταύρους καὶ κριοὺς καὶ ἄρνας καὶ τὰ τούτοις ἀκόλουθα,",,,,
1 Esdras 8:15,1ES,1 Esdras,8,15,ὥστε προσενεγκεῖν θυσίας τῷ Κυρίῳ ἐπὶ τὸ θυσιαστήριον τοῦ Κυρίου Θεοῦ αὐτῶν τὸ ἐν Ἱερουσαλήμ.,,,,
1 Esdras 8:16,1ES,1 Esdras,8,16,"καὶ πάντα, ὅσα ἐὰν βούλῃ μετὰ τῶν ἀδελφῶν σου ποιῆσαι χρυσίῳ καὶ ἀργυρίῳ, ἐπιτέλει κατὰ τὸ θέλημα τοῦ Θεοῦ σου,",,,,
1 Esdras 8:17,1ES,1 Esdras,8,17,καὶ τὰ ἱερὰ σκεύη τοῦ Κυρίου τὰ διδόμενά σοι εἰς τὴν χρείαν τοῦ ἱεροῦ τοῦ Θεοῦ σου τοῦ ἐν Ἱερουσαλὴμ,,,,
1 Esdras 8:18,1ES,1 Esdras,8,18,καὶ τὰ λοιπὰ ὅσα ἂν ὑποπίπτῃ σοι εἰς τὴν χρείαν τοῦ ἱεροῦ τοῦ Θεοῦ σου δώσεις ἐκ τοῦ βασιλικοῦ γαζοφυλακίου.,,,,
1 Esdras 8:19,1ES,1 Esdras,8,19,"κἀγὼ ἰδοὺ Ἀρταξέρξης βασιλεὺς προσέταξας τοῖς γαζοφύλαξι Συρίας καὶ Φοινίκης, ἵνα ὅσα ἐὰν ἀποστείλῃ Ἔσδρας ὁ ἱερεὺς καὶ ἀναγνώστης τοῦ νόμου τοῦ Θεοῦ τοῦ Ὑψίστου, ἐπιμελῶς διδῶσιν ἕως ἀργυρίου ταλάντων ἑκατόν,",,,,
1 Esdras 8:20,1ES,1 Esdras,8,20,ὁμοίως δὲ καὶ ἕως πυροῦ κόρων ἑκατὸν καὶ οἴνου μετρητῶν ἑκατὸν,,,,
1 Esdras 8:21,1ES,1 Esdras,8,21,"καὶ ἄλλα ἐκ πλήθους· πάντα κατὰ τὸν τοῦ Θεοῦ νόμον ἐπιτελεσθήτω ἐπιμελῶς τῷ Θεῷ τῷ Ὑψίστῳ, ἕνεκεν τοῦ μὴ γενέσθαι ὀργὴν εἰς τὴν βασιλείαν τοῦ βασιλέως καὶ τῶν υἱῶν αὐτοῦ.",,,,
1 Esdras 8:22,1ES,1 Esdras,8,22,"καὶ ὑμῖν δὲ λέγεται ὅπως πᾶσι τοῖς ἱερεῦσι καὶ τοῖς Λευίταις καὶ ἱεροψάλταις καὶ θυρωροῖς καὶ ἱεροδούλοις καὶ πραγματικοῖς τοῦ ἱεροῦ τούτου μηδὲ μία φορολογία μηδὲ ἄλλη ἐπιβουλὴ γίνηται, καὶ μηδένα ἔχειν ἐξουσίαν ἐπιβαλεῖν τι τούτοις.",,,,
1 Esdras 8:23,1ES,1 Esdras,8,23,"καὶ σύ, Ἔσδρα, κατὰ τὴν σοφίαν τοῦ Θεοῦ ἀνάδειξον κριτὰς καὶ δικαστάς, ὅπως δικάζωσιν ἐν ὅλῃ Συρίᾳ καὶ Φοινίκῃ πάντας τοὺς ἐπισταμένους τὸν νόμον τοῦ Θεοῦ σου· καὶ τοὺς μή ἐπισταμένους διδάξεις.",,,,
1 Esdras 8:24,1ES,1 Esdras,8,24,"καὶ πάντες, ὅσοι ἂν παραβαίνωσι τὸν νόμον τοῦ Θεοῦ σου καὶ τὸν βασιλικόν, ἐπιμελῶς κολασθήσονται, ἐάν τε καὶ θανάτῳ· ἐάν τε καὶ τιμωρίᾳ ἢ ἀργυρικῇ ζημίᾳ ἢ ἀπαγωγῇ’.",,,,
1 Esdras 8:25,1ES,1 Esdras,8,25,"Καὶ εἶπεν Ἔσδρας ὁ γραμματεύς· εὐλογητὸς μόνος Κύριος ὁ Θεὸς τῶν πατέρων μου ὁ δοὺς ταῦτα εἰς τὴν καρδίαν τοῦ βασιλέως, δοξάσαι τὸν οἶκον αὐτοῦ τὸν ἐν Ἱερουσαλήμ,",,,,
1 Esdras 8:26,1ES,1 Esdras,8,26,καὶ ἐμὲ ἐτίμησεν ἐναντίον τοῦ βασιλέως καὶ τῶν συμβουλευόντων καὶ πάντων τῶν φίλων καὶ μεγιστάνων αὐτοῦ.,,,,
1 Esdras 8:27,1ES,1 Esdras,8,27,καὶ ἐγὼ εὐθαρσὴς ἐγενόμην κατὰ τὴν ἀντίληψιν Κυρίου τοῦ Θεοῦ μου καὶ συνήγαγον ἄνδρας ἐκ τοῦ Ἰσραὴλ ὥστε συναναβῆναί μοι.,,,,
1 Esdras 8:28,1ES,1 Esdras,8,28,Καὶ οὗτοι οἱ προηγούμενοι κατὰ τὰς πατριὰς αὐτῶν καὶ τὰς μεριδαρχίας οἱ ἀναβάντες μετ᾿ ἐμοῦ ἐκ Βαβυλῶνος ἐν τῇ βασιλείᾳ Ἀρταξέρξου τοῦ βασιλέως·,,,,
1 Esdras 8:29,1ES,1 Esdras,8,29,"ἐκ τῶν υἱῶν Φινεές, Γηρσών· ἐκ τῶν υἱῶν Ἰαθαμάρου, Γαμαλιήλ· ἐκ τῶν υἱῶν Δαυίδ, Λαττοὺς ὁ Σεχενίου·",,,,
1 Esdras 8:30,1ES,1 Esdras,8,30,"ἐκ τῶν υἱῶν Φόρος, Ζαχαρίας καὶ μετ᾿ αὐτοῦ ἀπεγράφησαν ἄνδρες ἑκατὸν πεντήκοντα·",,,,
1 Esdras 8:31,1ES,1 Esdras,8,31,"ἐκ τῶν υἱῶν Φαὰθ Μωάβ, Ἐλιαωνίας Ζαραίου καὶ μετ᾿ αὐτοῦ ἄνδρες διακόσιοι·",,,,
1 Esdras 8:32,1ES,1 Esdras,8,32,"ἐκ τῶν υἱῶν Ζαθόης, Σεχενίας Ἰεζήλου καὶ μετ᾿ αὐτοῦ ἄνδρες τριακόσιοι· ἐκ τῶν υἱῶν Ἀδίν, Ὠβὴθ Ἰωνάθου καὶ μετ᾿ αὐτοῦ ἄνδρες διακόσιοι πεντήκοντα·",,,,
1 Esdras 8:33,1ES,1 Esdras,8,33,"ἐκ τῶν υἱῶν Ἠλάμ, Ἰεσίας Γοθολίου καὶ μετ᾿ αὐτοῦ ἄνδρες ἑβδομήκοντα·",,,,
1 Esdras 8:34,1ES,1 Esdras,8,34,"ἐκ τῶν υἱῶν Σαφατίου, Ζαραΐας Μιχαήλου καὶ μετ᾿ αὐτοῦ ἄνδρες ἑβδομήκοντα·",,,,
1 Esdras 8:35,1ES,1 Esdras,8,35,"ἐκ τῶν υἱῶν Ἰωάβ, Ἀβαδίας Ἰεζήλου καὶ μετ᾿ αὐτοῦ ἄνδρες διακόσιοι δεκαδύο·",,,,
1 Esdras 8:36,1ES,1 Esdras,8,36,"ἐκ τῶν υἱῶν Βανίας, Σαλιμὼθ Ἰωσαφίου καὶ μετ᾿ αὐτοῦ ἄνδρες ἑξήκοντα καὶ ἑκατόν·",,,,
1 Esdras 8:37,1ES,1 Esdras,8,37,"ἐκ τῶν υἱῶν Βαβί, Ζαχαρίας Βηβαΐ καὶ μετ᾿ αὐτοῦ ἄνδρες εἰκοσιοκτώ·",,,,
1 Esdras 8:38,1ES,1 Esdras,8,38,"ἐκ τῶν υἱῶν Ἀστάθ, Ἰωάννης Ἀκατὰν καὶ μετ᾿ αὐτοῦ ἄνδρες ἑκατὸν δέκα·",,,,
1 Esdras 8:39,1ES,1 Esdras,8,39,"ἐκ τῶν υἱῶν Ἀδωνικάμ, οἱ ἔσχατοι καὶ ταῦτα τὰ ὀνόματα αὐτῶν· Ἐλιφαλὰ τοῦ Γεουὴλ καὶ Σαμαίας καὶ μετ᾿ αὐτῶν ἄνδρες ἑβδομήκοντα·",,,,
1 Esdras 8:40,1ES,1 Esdras,8,40,"ἐκ τῶν υἱῶν Βαγώ, Οὐθὶ ὁ τοῦ Ἰσταλκούρου καὶ μετ᾿ αὐτοῦ ἄνδρες ἑβδομήκοντα.",,,,
1 Esdras 8:41,1ES,1 Esdras,8,41,"Καὶ συνήγαγον αὐτοὺς ἐπὶ τὸν λεγόμενον Θερὰν ποταμόν, καὶ παρενεβάλομεν ἡμέρας τρεῖς αὐτόθι, καὶ κατέμαθον αὐτούς.",,,,
1 Esdras 8:42,1ES,1 Esdras,8,42,καὶ ἐκ τῶν ἱερέων καὶ ἐκ τῶν λευιτῶν οὐχ εὑρὼν ἐκεῖ,,,,
1 Esdras 8:43,1ES,1 Esdras,8,43,"ἀπέστειλα πρὸς Ἐλεάζαρον καὶ Ἰδουῆλον καὶ Μαιὰ καὶ Μασμὰν καὶ Ἀλναθὰν καὶ Σαμαίαν καὶ Ἰώριβον, Νάθαν, Ἐννατάν, Ζαχαρίαν καὶ Μοσόλλαμον τοὺς ἡγουμένους καὶ ἐπιστήμονας",,,,
1 Esdras 8:44,1ES,1 Esdras,8,44,"καὶ εἶπα αὐτοῖς ἐλθεῖν πρὸς Λοδδαῖον τὸν ἡγούμενον τὸν ἐν τῷ τόπῳ τοῦ γαζοφυλακίου,",,,,
1 Esdras 8:45,1ES,1 Esdras,8,45,ἐντειλάμενος αὐτοῖς διαλεχθῆναι Λοδδαίῳ καὶ τοῖς ἀδελφοῖς αὐτοῦ καὶ τοῖς ἐν τῷ τόπῳ γαζοφύλαξιν ἀποστεῖλαι ἡμῖν τοὺς ἱερατεύσοντας ἐν τῷ οἴκῳ τοῦ Κυρίου ἡμῶν.,,,,
1 Esdras 8:46,1ES,1 Esdras,8,46,"καὶ ἤγαγον ἡμῖν κατὰ τὴν κραταιὰν χεῖρα τοῦ Κυρίου ἡμῶν ἄνδρας ἐπιστήμονας τῶν υἱῶν Μοολὶ τοῦ Λευὶ τοῦ Ἰσραήλ, Ἀσεβηβίαν καὶ τοὺς υἱοὺς αὐτοῦ καὶ τοὺς ἀδελφούς, ὄντας δέκα καὶ ὀκτώ,",,,,
1 Esdras 8:47,1ES,1 Esdras,8,47,"καὶ Ἀσεβίαν καὶ Ἄννουον καὶ Ὠσαίαν ἀδελφὸν ἐκ τῶν υἱῶν Χανουναίου καὶ οἱ υἱοὶ αὐτῶν, εἴκοσιν ἄνδρες·",,,,
1 Esdras 8:48,1ES,1 Esdras,8,48,"καὶ ἐκ τῶν ἱεροδούλων, ὧν ἔδωκε Δαυίδ, καὶ οἱ ἡγούμενοι εἰς τὴν ἐργασίαν τῶν Λευιτῶν, ἱεροδούλους διακοσίους καὶ εἴκοσι· πάντων ἐσημάνθη ἡ ὀνοματογραφία.",,,,
1 Esdras 8:49,1ES,1 Esdras,8,49,καὶ εὐξάμην ἐκεῖ νηστείαν τοῖς νεανίσκοις ἔναντι Κυρίου ἡμῶν,,,,
1 Esdras 8:50,1ES,1 Esdras,8,50,ζητῆσαι παρ᾿ αὐτοῦ εὐοδίαν ἡμῖν τε καὶ τοῖς συνοῦσιν ἡμῖν τέκνοις ἡμῶν καὶ κτήνεσιν·,,,,
1 Esdras 8:51,1ES,1 Esdras,8,51,ἐνετράπην γὰρ αἰτῆσαι τὸν βασιλέα πεζούς τε καὶ ἱππεῖς καὶ προπομπὴν ἕνεκεν ἀσφαλείας τῆς πρὸς τοὺς ἐναντιουμένους ἡμῖν·,,,,
1 Esdras 8:52,1ES,1 Esdras,8,52,"εἴπαμεν γὰρ τῷ βασιλεῖ, ὅτι ἡ ἰσχὺς τοῦ Κυρίου ἡμῶν ἔσται μετά τῶν ἐπιζητούντων αὐτὸν εἰς πᾶσαν ἐπανόρθωσιν.",,,,
1 Esdras 8:53,1ES,1 Esdras,8,53,καὶ πάλιν ἐδεήθημεν τοῦ Κυρίου ἡμῶν πάντα ταῦτα καὶ ἐτύχομεν εὐϊλάτου.,,,,
1 Esdras 8:54,1ES,1 Esdras,8,54,"καὶ ἐχώρισα τῶν φυλάρχων τῶν ἱερέων ἄνδρας δεκαδύο, καὶ Ἐσερεβίαν καὶ Σαμίαν καὶ μετ᾿ αὐτῶν ἐκ τῶν ἀδελφῶν αὐτῶν ἄνδρας δώδεκα,",,,,
1 Esdras 8:55,1ES,1 Esdras,8,55,"καὶ ἔστησα αὐτοῖς τὸ ἀργύριον καὶ τὸ χρυσίον καὶ τὰ ἱερὰ σκεύη τοῦ οἴκου τοῦ Κυρίου ἡμῶν, ἃ ἐδωρήσατο ὁ βασιλεύς, καὶ οἱ σύμβουλοι αὐτοῦ καὶ οἱ μεγιστᾶνες καὶ πᾶς Ἰσραήλ.",,,,
1 Esdras 8:56,1ES,1 Esdras,8,56,καὶ στήσας παρέδωκα αὐτοῖς ἀργυρίου τάλαντα ἑξακόσια πεντήκοντα καὶ σκεύη ἀργυρᾶ ταλάντων ἑκατὸν καὶ χρυσίου τάλαντα ἑκατὸν καὶ χρυσώματα εἴκοσι καὶ σκεύη χάλκεα ἀπὸ χρηστοῦ χαλκοῦ στίλβοντα χρυσοειδῆ σκεύη δώδεκα.,,,,
1 Esdras 8:57,1ES,1 Esdras,8,57,"καὶ εἶπα αὐτοῖς· καὶ ὑμεῖς ἅγιοί ἐστε τῷ Κυρίῳ καὶ τὰ σκεύη τὰ ἅγια, καὶ τὸ χρυσίον καὶ τὸ ἀργύριον εὐχὴ τῷ Κυρίῳ, Κυρίῳ τῶν πατέρων ἡμῶν·",,,,
1 Esdras 8:58,1ES,1 Esdras,8,58,"ἀγρυπνεῖτε καὶ φυλάσσετε ἕως τοῦ παραδοῦναι ὑμᾶς αὐτὰ τοῖς φυλάρχοις τῶν ἱερέων καὶ τῶν Λευιτῶν καὶ τοῖς ἡγουμένοις τῶν πατριῶν τοῦ Ἰσραὴλ ἐν Ἱερουσαλήμ, ἐν τοῖς παστοφορίοις τοῦ οἴκου τοῦ Θεοῦ ἡμῶν.",,,,
1 Esdras 8:59,1ES,1 Esdras,8,59,καὶ οἱ παραλαβόντες οἱ ἱερεῖς καὶ οἱ Λευῖται τὸ ἀργύριον καὶ τὸ χρυσίον καὶ τὰ σκεύη τὰ ἐν Ἱερουσαλὴμ εἰσήνεγκαν εἰς τὸ ἱερὸν τοῦ Κυρίου.,,,,
1 Esdras 8:60,1ES,1 Esdras,8,60,"Καὶ ἀναζεύξαντες ἀπὸ τοῦ ποταμοῦ Θερὰ τῇ δωδεκάτῃ τοῦ πρώτου μηνὸς ἕως εἰσήλθομεν εἰς Ἱερουσαλὴμ κατὰ τὴν κραταιὰν χεῖρα τοῦ Κυρίου ἡμῶν τὴν ἐφ᾿ ἡμῖν· καὶ ἐρρύσατο ἡμᾶς ἀπὸ τῆς εἰσόδου ἀπὸ παντὸς ἐχθροῦ, καὶ ἤλθομεν εἰς Ἱερουσαλήμ.",,,,
1 Esdras 8:61,1ES,1 Esdras,8,61,"καὶ γενομένης αὐτόθι ἡμέρας τρίτης, τῇ ἡμέρᾳ τῇ τετάρτῃ σταθὲν τὸ ἀργύριον καὶ τὸ χρυσίον παρεδόθη ἐν τῷ οἴκῳ Κυρίου ἡμῶν Μαρμωθὶ Οὐρίᾳ ἱερεῖ 62 καὶ μετ᾿ αὐτοῦ Ἐλεάζαρ ὁ τοῦ Φινεές, καὶ ἦσαν μετ᾿ αὐτοῦ Ἰωσαβδὸς Ἰησοῦ καὶ Μωὲθ Σαβάννου, οἱ Λευῖται πρὸς ἀριθμὸν καὶ ὁλκὴν ἅπαντα, καὶ ἐγράφη πᾶσα ἡ ὁλκὴ αὐτῶν αὐτῇ τῇ ὥρᾳ.",,,,
1 Esdras 8:63,1ES,1 Esdras,8,63,"οἱ δὲ παραγενόμενοι ἐκ τῆς αἰχμαλωσίας προσήνεγκαν θυσίας τῷ Θεῷ τοῦ Ἰσραὴλ Κυρίῳ, ταύρους δώδεκα ὑπὲρ παντὸς Ἰσραήλ, κριοὺς ἐνενηκονταέξ, ἄρνας ἑβδομηκονταδύο, τράγους ὑπὲρ σωτηρίου δώδεκα· ἅπαντα θυσίαν τῷ Κυρίῳ.",,,,
1 Esdras 8:64,1ES,1 Esdras,8,64,"καὶ ἀπέδωκαν τὰ προστάγματα τοῦ βασιλέως τοῖς βασιλικοῖς οἰκονόμοις καὶ τοῖς ἐπάρχοις Κοίλης Συρίας καὶ Φοινίκης, καὶ ἐδόξασαν τὸ ἔθνος καὶ τὸ ἱερὸν τοῦ Κυρίου.",,,,
1 Esdras 8:65,1ES,1 Esdras,8,65,Καὶ τούτων τελεσθέντων προσήλθοσάν μοι οἱ ἡγούμενοι λέγοντες·,,,,
1 Esdras 8:66,1ES,1 Esdras,8,66,"οὐκ ἐχώρισαν τὸ ἔθνος τοῦ Ἰσραὴλ καὶ οἱ ἄρχοντες καὶ οἱ ἱερεῖς καὶ οἱ Λευῖται τὰ ἀλλογενῆ ἔθνη τῆς γῆς καὶ τὰς ἀκαθαρσίας αὐτῶν, Χαναναίων καὶ Χετταίων καὶ Φερεζαίων καὶ Ἰεβουσαίων καὶ Μωαβιτῶν καὶ Αἰγυπτίων καὶ Ἰδουμαίων·",,,,
1 Esdras 8:67,1ES,1 Esdras,8,67,"συνῴκησαν γὰρ μετὰ τῶν θυγατέρων αὐτῶν καὶ αὐτοὶ καὶ οἱ υἱοὶ αὐτῶν, καὶ ἐπεμίγη τὸ σπέρμα τὸ ἅγιον εἰς τὰ ἀλλογενῆ ἔθνη τῆς γῆς, καὶ μετεῖχον οἱ προηγούμενοι καὶ οἱ μεγιστᾶνες τῆς ἀνομίας ταύτης ἀπὸ τῆς ἀρχῆς τοῦ πράγματος.",,,,
1 Esdras 8:68,1ES,1 Esdras,8,68,καὶ ἅμα τῷ ἀκοῦσαί με ταῦτα διέρρηξα τὰ ἱμάτια καὶ τὴν ἱερὰν ἐσθῆτα καὶ κατέτιλα τοῦ τριχώματος τῆς κεφαλῆς καὶ τοῦ πώγωνος καὶ ἐκάθισα σύννους καὶ περίλυπος.,,,,
1 Esdras 8:69,1ES,1 Esdras,8,69,"καὶ ἐπισυνήχθησαν πρός με ὅσοι ποτὲ ἐπικινοῦντο ἐπὶ τῷ ρήματι Κυρίου Θεοῦ τοῦ Ἰσραήλ, ἐμοῦ πενθοῦντος ἐπὶ τῇ ἀνομίᾳ, καὶ ἐκαθήμην περίλυπτος ἕως τῆς δειλινῆς θυσίας.",,,,
1 Esdras 8:70,1ES,1 Esdras,8,70,"καὶ ἐξεγερθεὶς ἐκ τῆς νηστείας, διερρηγμένα ἔχων τὰ ἱμάτια καὶ τὴν ἱερὰν ἐσθῆτα, κάμψας τὰ γόνατα καὶ ἐκτείνας τὰς χεῖρας πρὸς τὸν Κύριον ἔλεγον·",,,,
1 Esdras 8:71,1ES,1 Esdras,8,71,"Κύριε, ᾔσχυμμαι καὶ ἐντέτραμμαι κατὰ πρόσωπόν σου·",,,,
1 Esdras 8:72,1ES,1 Esdras,8,72,"αἱ γὰρ ἁμαρτίαι ἡμῶν ἐπλεόνασαν ὑπὲρ τὰς κεφαλὰς ἡμῶν, αἱ δὲ ἄγνοιαι ἡμῶν ὑπερήνεγκαν ἕως τοῦ οὐρανοῦ",,,,
1 Esdras 8:73,1ES,1 Esdras,8,73,"ἔτι ἀπὸ τῶν χρόνων τῶν πατέρων ἡμῶν, καί ἐσμεν ἐν μεγάλῃ ἁμαρτίᾳ ἕως τῆς ἡμέρας ταύτης.",,,,
1 Esdras 8:74,1ES,1 Esdras,8,74,καὶ διά τὰς ἁμαρτίας ἡμῶν καὶ τῶν πατέρων ἡμῶν παρεδόθημεν σὺν τοῖς ἀδελφοῖς ἡμῶν καὶ σὺν τοῖς βασιλεῦσιν ἡμῶν καὶ σὺν τοῖς ἱερεῦσιν ἡμῶν τοῖς βασιλεῦσι τῆς γῆς εἰς ρομφαίαν καὶ αἰχμαλωσίαν καὶ προνομὴν μετὰ αἰσχύνης μέχρι τῆς σήμερον ἡμέρας.,,,,
1 Esdras 8:75,1ES,1 Esdras,8,75,"καὶ νῦν κατὰ πόσον τι ἐγενήθη ἡμῖν ἔλεος παρὰ σοῦ, Κύριε, καταλειφθῆναι ἡμῖν ρίζαν καὶ ὄνομα ἐν τῷ τόπῳ ἁγιάσματός σου",,,,
1 Esdras 8:76,1ES,1 Esdras,8,76,"καὶ τοῦ ἀνακαλύψαι φωστῆρα ἡμῖν ἐν τῷ οἴκῳ Κυρίου τοῦ Θεοῦ ἡμῶν δοῦναι ἡμῖν τροφὴν ἐν τῷ καιρῷ τῆς δουλείας ἡμῶν; καὶ ἐν τῷ δουλεύειν ἡμᾶς οὐκ ἐγκατελείφθημεν ὑπὸ τοῦ Κυρίου ἡμῶν,",,,,
1 Esdras 8:77,1ES,1 Esdras,8,77,ἀλλὰ ἐποίησεν ἡμᾶς ἐν χάριτι ἐνώπιον τῶν βασιλέων Περσῶν δοῦναι ἡμῖν τροφὴν,,,,
1 Esdras 8:78,1ES,1 Esdras,8,78,"καὶ δοξάσαι τὸ ἱερὸν τοῦ Κυρίου ἡμῶν καὶ ἐγεῖραι τὴν ἔρημον Σιών, δοῦναι ἡμῖν στερέωμα ἐν τῇ Ἰουδαίᾳ καὶ Ἱερουσαλήμ.",,,,
1 Esdras 8:79,1ES,1 Esdras,8,79,"καὶ νῦν τί ἐροῦμεν, Κύριε, ἔχοντες ταῦτα; παρέβημεν γὰρ τὰ προστάγματά σου, ἃ ἔδωκας ἐν χειρὶ τῶν παίδων σου τῶν προφητῶν λέγων,",,,,
1 Esdras 8:80,1ES,1 Esdras,8,80,"ὅτι ἡ γῆ, εἰς ἣν εἰσέρχεσθε κληρονομῆσαι, ἔστι γῆ μεμολυσμένη μολυσμῷ τῶν ἀλλογενῶν τῆς γῆς, καὶ τῆς ἀκαθαρσίας αὐτῶν ἐνέπλησαν αὐτήν.",,,,
1 Esdras 8:81,1ES,1 Esdras,8,81,καὶ νῦν τὰς θυγατέρας ὑμῶν μὴ συνοικήσητε τοῖς υἱοῖς αὐτῶν καὶ τὰς θυγατέρας αὐτῶν μὴ λάβητε τοῖς υἱοῖς ὑμῶν·,,,,
1 Esdras 8:82,1ES,1 Esdras,8,82,"καὶ οὐ ζητήσετε εἰρηνεῦσαι τὰ πρὸς αὐτοὺς τὸν ἅπαντα χρόνον, ἵνα ἰσχύσαντες φάγητε τὰ ἀγαθὰ τῆς γῆς, καὶ κατακληρονομήσητε τοῖς τέκνοις ὑμῶν ἕως αἰῶνος.",,,,
1 Esdras 8:83,1ES,1 Esdras,8,83,"καὶ τὰ συμβαίνοντα πάντα ἡμῖν γίνεται διὰ τὰ ἔργα ἡμῶν τὰ πονηρὰ καὶ τὰς μεγάλας ἁμαρτίας ἡμῶν. σὺ γάρ, Κύριε, ἐκούφισας τὰς ἁμαρτίας ἡμῶν καὶ",,,,
1 Esdras 8:84,1ES,1 Esdras,8,84,ἔδωκας ἡμῖν τοιαύτην ρίζαν· πάλιν ἀνεκάμψαμεν παραβῆναι τὸν νόμον σου εἰς τὸ ἐπιμιγῆναι τῇ ἀκαθαρσίᾳ τῶν ἐθνῶν τῆς γῆς.,,,,
1 Esdras 8:85,1ES,1 Esdras,8,85,οὐχὶ ὠργίσθης ἡμῖν ἀπολέσαι ἡμᾶς ἕως τοῦ μὴ καταλιπεῖν ρίζαν καὶ σπέρμα καὶ ὄνομα ἡμῶν;,,,,
1 Esdras 8:86,1ES,1 Esdras,8,86,"Κύριε τοῦ Ἰσραήλ, ἀληθινὸς εἶ· κατελείφθημεν γὰρ ρίζα ἐν τῇ σήμερον.",,,,
1 Esdras 8:87,1ES,1 Esdras,8,87,ἰδοὺ νῦν ἐσμεν ἐνώπιόν σου ἐν ταῖς ἀνομίαις ἡμῶν· οὐ γάρ ἐστι στῆναι ἔτι ἔμπροσθέν σου ἐπὶ τούτοις.,,,,
1 Esdras 8:88,1ES,1 Esdras,8,88,"Καὶ ὅτε προσευχόμενος Ἔσδρας ἀνθωμολογεῖτο κλαίων χαμαιπετὴς ἔμπροσθεν τοῦ ἱεροῦ, ἐπισυνήχθησαν πρὸς αὐτὸν ἀπὸ Ἱερουσαλὴμ ὄχλος πολὺς σφόδρα, ἄνδρες καὶ γυναῖκες καὶ νεανίαι· κλαυθμὸς γὰρ ἦν μέγας ἐν τῷ πλήθει.",,,,
1 Esdras 8:89,1ES,1 Esdras,8,89,"καὶ φωνήσας Ἰεχονίας Ἰεήλου τῶν υἱῶν Ἰσραὴλ εἶπεν· Ἔσδρα, ἡμεῖς ἡμάρτομεν εἰς τὸν Κύριον καὶ συνῳκίσαμεν γυναῖκας ἀλλογενεῖς ἐκ τῶν ἐθνῶν τῆς γῆς. καὶ νῦν ἐστιν ἐπάνω πᾶς Ἰσραήλ·",,,,
1 Esdras 8:90,1ES,1 Esdras,8,90,"ἐν τούτῳ γινέσθω ἡμῖν ὁρκωμοσία πρὸς τὸν Κύριον, ἐκβαλεῖν πάσας τὰς γυναῖκας ἡμῶν τὰς ἐκ τῶν ἀλλογενῶν σὺν τοῖς τέκνοις αὐτῶν, ὡς ἐκρίθη σοι, καὶ ὅσοι πειθαρχοῦσι τῷ νόμῳ Κυρίου.",,,,
1 Esdras 8:91,1ES,1 Esdras,8,91,"ἀναστὰς ἐπιτέλει· πρός σε γὰρ τὸ πρᾶγμα, καὶ ἡμεῖς μετὰ σοῦ ἰσχὺν ποιεῖν.",,,,
1 Esdras 8:92,1ES,1 Esdras,8,92,καὶ ἀναστὰς Ἔσδρας ὥρκισε τοὺς φυλάρχους τῶν ἱερέων καὶ Λευιτῶν παντὸς τοῦ Ἰσραὴλ ποιῆσαι κατὰ ταῦτα· καὶ ὤμοσαν.,,,,
1 Esdras 9:1,1ES,1 Esdras,9,1,"ΚΑΙ ἀναστὰς Ἔδρας ἀπὸ τῆς αὐλῆς τοῦ ἱεροῦ ἐπορεύθη εἰς τὸ παστοφόριον Ἰωνὰν τοῦ Ἐλιασίβου,",,,,
1 Esdras 9:2,1ES,1 Esdras,9,2,"καὶ αὐλισθεὶς ἐκεῖ ἄρτου οὐκ ἐγεύσατο οὐδὲ ὕδωρ ἔπιε, πενθῶν ἐπὶ τῶν ἀνομιῶν τῶν μεγάλων τοῦ πλήθους.",,,,
1 Esdras 9:3,1ES,1 Esdras,9,3,καὶ ἐγένετο κήρυγμα ἐν ὅλῃ τῇ Ἰουδαίᾳ καὶ Ἱερουσαλὴμ πᾶσι τοῖς ἐκ τῆς αἰχμαλωσίας συναχθῆναι εἰς Ἱερουσαλήμ·,,,,
1 Esdras 9:4,1ES,1 Esdras,9,4,"καὶ ὅσοι ἂν μὴ ἀπαντήσωσιν ἐν δυσὶν ἢ τρισὶν ἡμέραις κατὰ τὸ κρίμα τῶν προκαθημένων πρεσβυτέρων, ἀνιερωθήσονται τὰ κτήνη αὐτῶν, καὶ αὐτὸς ἀλλοτριωθήσεται ἀπὸ τοῦ πλήθους τῆς αἰχμαλωσίας.",,,,
1 Esdras 9:5,1ES,1 Esdras,9,5,"καὶ ἐπισυνήχθησαν πάντες οἱ ἐκ τῆς φυλῆς Ἰούδα καὶ Βενιαμὶν ἐν τρισὶν ἡμέραις εἰς Ἱερουσαλήμ (οὗτος ὁ μὴν ἔννατος τῇ εἰκάδι τοῦ μηνός),",,,,
1 Esdras 9:6,1ES,1 Esdras,9,6,καὶ συνεκάθισαν πᾶν τὸ πλῆθος ἐν τῷ εὐρυχώρῳ τοῦ ἱεροῦ τρέμοντες διὰ τὸν ἐνεστῶτα χειμῶνα.,,,,
1 Esdras 9:7,1ES,1 Esdras,9,7,καὶ ἀναστὰς Ἔσδρας εἶπεν αὐτοῖς· ὑμεῖς ἠνομήσατε καὶ συνῳκίσατε γυναιξὶν ἀλλογενέσι τοῦ προσθεῖναι ἁμαρτίας τῷ Ἰσραήλ·,,,,
1 Esdras 9:8,1ES,1 Esdras,9,8,καὶ νῦν δότε ὁμολογίαν δόξαν τῷ Κυρίῳ Θεῷ τῶν πατέρων ἡμῶν,,,,
1 Esdras 9:9,1ES,1 Esdras,9,9,καὶ ποιήσατε τὸ θέλημα αὐτοῦ καὶ χωρίσθητε ἀπὸ τῶν ἐθνῶν τῆς γῆς καὶ ἀπὸ τῶν γυναικῶν τῶν ἀλλογενῶν.,,,,
1 Esdras 9:10,1ES,1 Esdras,9,10,καὶ ἐφώνησεν ἅπαν τὸ πλῆθος καὶ εἶπον μεγάλῃ τῇ φωνῇ· οὕτως ὡς εἴρηκας ποιήσομεν.,,,,
1 Esdras 9:11,1ES,1 Esdras,9,11,"ἀλλὰ τὸ πλῆθος πολὺ καὶ ὥρα χειμερινή, καὶ οὐκ ἰσχύομεν στῆναι αἴθριοι, καὶ τὸ ἔργον οὐκ ἔστιν ἡμῖν ἡμέρας μιᾶς οὐδὲ δύο· ἐπὶ πλεῖον γὰρ ἡμάρτομεν ἐν τούτοις.",,,,
1 Esdras 9:12,1ES,1 Esdras,9,12,"στήτωσαν δὲ οἱ προηγούμενοι τοῦ πλήθους, καὶ πάντες οἱ ἐκ τῶν κατοικιῶν ἡμῶν ὅσοι ἔχουσι γυναῖκας ἀλλογενεῖς, παραγενηθήτωσαν λαβόντες χρόνον·",,,,
1 Esdras 9:13,1ES,1 Esdras,9,13,ἑκάστου δὲ τόπου τοὺς πρεσβυτέρους καὶ τοὺς κριτὰς ἕως τοῦ λῦσαι τὴν ὀργὴν Κυρίου ἀφ᾿ ἡμῶν τοῦ πράγματος τούτου.,,,,
1 Esdras 9:14,1ES,1 Esdras,9,14,"Ἰωνάθας Ἀζαήλου καὶ Ἐζεκίας Θεωκανοῦ ἐπεδέξαντο κατὰ ταῦτα, καὶ Μοσόλλαμος καὶ Λευὶς καὶ Σαββαταῖος συνεβράβευσαν αὐτοῖς.",,,,
1 Esdras 9:15,1ES,1 Esdras,9,15,καὶ ἐποίησαν κατὰ πάντα ταῦτα οἱ ἐκ τῆς αἰχμαλωσίας.,,,,
1 Esdras 9:16,1ES,1 Esdras,9,16,"καὶ ἐπελέξατο αὐτῷ Ἔσδρας ὁ ἱερεὺς ἄνδρας ἡγουμένους τῶν πατριῶν αὐτῶν πάντας κατ᾿ ὄνομα, καὶ συνεκλείσθησαν τῇ νουμηνίᾳ τοῦ μηνὸς τοῦ δεκάτου ἐτάσαι τὸ πρᾶγμα.",,,,
1 Esdras 9:17,1ES,1 Esdras,9,17,καὶ ἤχθη ἐπὶ πέρας τὰ κατὰ τοὺς ἄνδρας τοὺς ἐπισυνέχοντας γυναῖκας ἀλλογενεῖς ἕως τῆς νουμηνίας τοῦ πρώτου μηνός.,,,,
1 Esdras 9:18,1ES,1 Esdras,9,18,καὶ εὑρέθησαν τῶν ἱερέων οἱ ἐπισυναχθέντες ἀλλογενεῖς γυναῖκας ἔχοντες·,,,,
1 Esdras 9:19,1ES,1 Esdras,9,19,ἐκ τῶν υἱῶν Ἰησοῦ τοῦ Ἰωσεδὲκ καὶ τῶν ἀδελφῶν αὐτοῦ Μαθήλας καὶ Ἐλεάζαρος καὶ Ἰώριβος καὶ Ἰωαδάνος·,,,,
1 Esdras 9:20,1ES,1 Esdras,9,20,"καὶ ἐπέβαλον τὰς χεῖρας ἐκβαλεῖν τὰς γυναῖκας αὐτῶν, καὶ εἰς ἐξιλασμὸν κριοὺς ὑπὲρ τῆς ἀγνοίας αὐτῶν.",,,,
1 Esdras 9:21,1ES,1 Esdras,9,21,"καὶ ἐκ τῶν υἱῶν Ἐμμήρ, Ἀνανίας καὶ Ζαβδαῖος καὶ Μάνης καὶ Σαμαῖος καὶ Ἱερεὴλ καὶ Ἀζαρίας·",,,,
1 Esdras 9:22,1ES,1 Esdras,9,22,"καὶ ἐκ τῶν υἱῶν Φαισούρ, Ἐλιωναΐς Μασσίας Ἰσμαῆλος καὶ Ναθαναῆλος καὶ Ὠκόδηλος καὶ Σαλόας·",,,,
1 Esdras 9:23,1ES,1 Esdras,9,23,"καὶ ἐκ τῶν Λευιτῶν, Ἰωζαβάδος καὶ Σεμεΐς καὶ Κώϊος (οὗτός ἐστι Καλιτάς) καὶ Παθαῖος καὶ Ἰούδας καὶ Ἰωνάς·",,,,
1 Esdras 9:24,1ES,1 Esdras,9,24,"ἐκ τῶν ἱεροψαλτῶν, Ἐλιάσεβος, Βακχοῦρος·",,,,
1 Esdras 9:25,1ES,1 Esdras,9,25,"ἐκ τῶν θυρωρῶν, Σαλοῦμος καὶ Τολβάνης·",,,,
1 Esdras 9:26,1ES,1 Esdras,9,26,"ἐκ τοῦ Ἰσραὴλ ἐκ τῶν υἱῶν Φόρος, Ἱερμὰς καὶ Ἰεζίας καὶ Μελχίας καὶ Μαῆλος καὶ Ἐλεάζαρος καὶ Ἀσεβίας καὶ Βαναίας·",,,,
1 Esdras 9:27,1ES,1 Esdras,9,27,"ἐκ τῶν υἱῶν Ἠλά, Ματθανίας, Ζαχαρίας καὶ Ἰεζριῆλος καὶ Ἰωαβδίος καὶ Ἱερεμὼθ καὶ Ἀϊδίας·",,,,
1 Esdras 9:28,1ES,1 Esdras,9,28,"καὶ ἐκ τῶν υἱῶν Ζαμώθ, Ἐλιαδάς, Ἐλιάσιμος, Ὀθονίας Ἰαριμὼθ καὶ Σάβαθος καὶ Ζεραλίας·",,,,
1 Esdras 9:29,1ES,1 Esdras,9,29,"καὶ ἐκ τῶν υἱῶν Βηβαΐ, Ἰωάννης καὶ Ἀνανίας καὶ Ἰωζάβδος καὶ Ἀμαθίας·",,,,
1 Esdras 9:30,1ES,1 Esdras,9,30,"ἐκ τῶν υἱῶν Μανί, Ὠλαμός, Μαμοῦχος, Ἰεδαῖος, Ἰασοῦβος καὶ Ἰασαῆλος καὶ Ἱερεμώθ·",,,,
1 Esdras 9:31,1ES,1 Esdras,9,31,"καὶ ἐξ υἱῶν Ἀδδί, Νάαθος καὶ Μοοσίας, Λακκοῦνος καὶ Ναΐδος, Ματθανίας καὶ Σεσθήλ· καὶ Βαλνοῦος καὶ Μανασσίας·",,,,
1 Esdras 9:32,1ES,1 Esdras,9,32,"καὶ ἐκ τῶν υἱῶν Ἀνάν, Ἐλιωνὰς καὶ Ἀσαΐας καὶ Μελχίας καὶ Σαββαῖος καὶ Σίμων Χοσαμαῖος·",,,,
1 Esdras 9:33,1ES,1 Esdras,9,33,"καὶ ἐκ τῶν υἱῶν Ἀσόμ, Ἀλταναῖος καὶ Ματταθίας καὶ Σαβανναῖος καὶ Ἐλιφαλὰτ καὶ Μανασσῆς καὶ Σεμεΐ·",,,,
1 Esdras 9:34,1ES,1 Esdras,9,34,"καὶ ἐκ τῶν υἱῶν Βαανί, Ἱερεμίας, Μομδίος, Ἰσμαῆρος, Ἰουήλ, Μαβδαΐ καὶ Πεδίας καὶ Ἄνως, Ραβασίων καὶ Ἐνάσιβος καὶ Μαμνιτάναιμος, Ἐλίασις, Βαννούς, Ἐλιαλί, Σομεΐς, Σελεμίας, Ναθανίας· καὶ ἐκ τῶν υἱῶν Ἐζωρά, Σεσίς, Ἐσρήλ, Ἀζαῆλος, Σαματός, Ζαμβρί, Ἰώσηφος·",,,,
1 Esdras 9:35,1ES,1 Esdras,9,35,"καὶ ἐκ τῶν υἱῶν Ἐθμά, Μαζιτίας, Ζαβαδαίας, Ἠδαΐς, Ἰουήλ, Βαναίας.",,,,
1 Esdras 9:36,1ES,1 Esdras,9,36,"πάντες οὗτοι συνῴκισαν γυναῖκας ἀλλογενεῖς, καὶ ἀπέλυσαν αὐτὰς σὺν τέκνοις.",,,,
1 Esdras 9:37,1ES,1 Esdras,9,37,Καὶ κατῴκησαν οἱ ἱερεῖς καὶ οἱ Λευῖται καὶ οἱ ἐκ τοῦ Ἰσραὴλ ἐν Ἱερουσαλὴμ καὶ ἐν τῇ χώρᾳ τῇ νουμηνίᾳ τοῦ μηνὸς τοῦ ἑβδόμου καὶ οἱ υἱοὶ Ἰσραὴλ ἐν ταῖς κατοικίαις αὐτῶν.,,,,
1 Esdras 9:38,1ES,1 Esdras,9,38,καὶ συνήχθη πᾶν τὸ πλῆθος ὁμοθυμαδὸν ἐπὶ τὸ εὐρύχωρον τοῦ πρὸς ἀνατολὰς τοῦ ἱεροῦ πυλῶνος,,,,
1 Esdras 9:39,1ES,1 Esdras,9,39,καὶ εἶπεν Ἔσδρᾳ τῷ ἱερεῖ καὶ ἀναγνώστῃ· κόμισαι τὸν νόμον Μωυσῆ τὸν παραδοθέντα ὑπὸ Κυρίου Θεοῦ Ἰσραήλ.,,,,
1 Esdras 9:40,1ES,1 Esdras,9,40,καὶ ἐκόμισεν Ἔσδρας ὁ ἀρχιερεὺς τὸν νόμον παντὶ τῷ πλήθει ἀνθρώπου ἕως γυναικὸς καὶ πᾶσι τοῖς ἱερεῦσιν ἀκοῦσαι τοῦ νόμου νουμηνίᾳ τοῦ ἑβδόμου μηνός.,,,,
1 Esdras 9:41,1ES,1 Esdras,9,41,"καὶ ἀνεγίνωσκεν ἐν τῷ πρὸ τοῦ ἱεροῦ πυλῶνος εὐρυχώρῳ, ἐξ ὄρθρου ἕως μέσης ἡμέρας, ἐνώπιον ἀνδρῶν τε καὶ γυναικῶν, καὶ ἀπέδωκαν πᾶν τὸ πλῆθος τὸν νοῦν εἰς τὸν νόμον.",,,,
1 Esdras 9:42,1ES,1 Esdras,9,42,"καὶ ἔστη Ἔσδρας ὁ ἱερεὺς καὶ ἀναγνώστης τοῦ νόμου ἐπὶ τοῦ ξυλίνου βήματος τοῦ κατασκευασθέντος,",,,,
1 Esdras 9:43,1ES,1 Esdras,9,43,"καὶ ἔστησαν παρ᾿ αὐτῷ Ματταθίας, Σαμμούς, Ἀνανίας, Ἀζαρίας, Οὐρίας, Ἐζεκίας, Βαάλσαμος ἐκ δεξιῶν,",,,,
1 Esdras 9:44,1ES,1 Esdras,9,44,"καὶ ἐξ εὐωνύμων Φαλδαῖος καὶ Μισαήλ, Μελχίας, Λωθάσουβος, Ναβαρίας, Ζαχαρίας.",,,,
1 Esdras 9:45,1ES,1 Esdras,9,45,"καὶ ἀναλαβὼν Ἔσδρας τὸ βιβλίον ἐνώπιον τοῦ πλήθους προεκάθητο ἐπιδόξως ἐνώπιον πάντων,",,,,
1 Esdras 9:46,1ES,1 Esdras,9,46,"καὶ ἐν τῷ λῦσαι τὸν νόμον πάντες ὀρθοὶ ἔστησαν. καὶ εὐλόγησεν Ἔσδρας τῷ Κυρίῳ Θεῷ Ὑψίστῳ Θεῷ Σαβαὼθ παντοκράτορι,",,,,
1 Esdras 9:47,1ES,1 Esdras,9,47,"καὶ ἐπεφώνησε πᾶν τὸ πλῆθος ἀμήν. καὶ ἄραντες ἄνω τὰς χεῖρας, προσπεσόντες ἐπὶ τὴν γῆν, προσεκύνησαν τῷ Κυρίῳ.",,,,
1 Esdras 9:48,1ES,1 Esdras,9,48,"Ἰησοῦς καὶ Ἀννιοὺθ καὶ Σαραβίας καὶ Ἰαδινὸς καὶ Ἰάκουβος, Σαββαταῖος, Αὐταίας, Μαιάννας καὶ Καλίτας, Ἀζαρίας καὶ Ἰώζαβδος καὶ Ἀνανίας, Φαλίας, οἱ Λευῖται, ἐδίδασκον τὸν νόμον τοῦ Κυρίου καὶ πρὸς τὸ πλῆθος ἀνεγίνωσκον τὸν νόμον τοῦ Κυρίου, ἐμφυσιοῦντες ἅμα τὴν ἀνάγνωσιν.",,,,
1 Esdras 9:49,1ES,1 Esdras,9,49,καὶ εἶπεν Ἀτθαράτης Ἔσδρᾳ τῷ ἀρχιερεῖ καὶ ἀναγνώστῃ καὶ τοῖς Λευίταις τοῖς διδάσκουσι τὸ πλῆθος ἐπὶ πάντας·,,,,
1 Esdras 9:50,1ES,1 Esdras,9,50,"ἡ ἡμέρα αὕτη ἐστὶν ἁγία τῷ Κυρίῳ, καὶ πάντες ἔκλαιον ἐν τῷ ἀκοῦσαι τοῦ νόμου·",,,,
1 Esdras 9:51,1ES,1 Esdras,9,51,"βαδίσαντες οὖν φάγετε λιπάσματα καὶ πίετε γλυκάσματα καὶ ἀποστείλατε ἀποστολὰς τοῖς μὴ ἔχουσιν,",,,,
1 Esdras 9:52,1ES,1 Esdras,9,52,"ἁγία γὰρ ἡ ἡμέρα τῷ Κυρίῳ· καὶ μὴ λυπεῖσθε, ὁ γὰρ Κύριος δοξάσει ὑμᾶς.",,,,
1 Esdras 9:53,1ES,1 Esdras,9,53,"καὶ οἱ Λευῖται ἐκέλευον παντὶ τῷ δήμῳ λέγοντες· ἡ ἡμέρα αὕτη ἁγία, μὴ λυπεῖσθε.",,,,
1 Esdras 9:54,1ES,1 Esdras,9,54,"καὶ ᾤχοντο πάντες φαγεῖν καὶ πιεῖν καὶ εὐφραίνεσθαι καὶ δοῦναι ἀποστολὰς τοῖς μὴ ἔχουσι καὶ εὐφρανθῆναι μεγάλως,",,,,
1 Esdras 9:55,1ES,1 Esdras,9,55,"ὅτι γὰρ ἐνεφυσιώθησαν ἐν τοῖς ρήμασιν, οἷς ἐδιδάχθησαν, καὶ ἐπισυνήχθησαν.",,,,
3 Maccabees 1:1,3MA,3 Maccabees,1,1,"Ο δὲ Φιλοπάτωρ μαθὼν παρὰ τῶν ἀνακομισθέντων τὴν γενομένην τῶν ὑπ' αὐτοῦ κρατουμένων τόπων ἀφαίρεσιν ὑπὸ Ἀντιόχου παραγγείλας ταῖς πάσαις δυνάμεσι πεζικαῖς τε καὶ ἱππικαῖς αὐτοῦ καὶ τὴν ἀδελφὴν Ἀρσινόην συμπαραλαβών, ἐξώρμησε μέχρι τῶν κατὰ Ραφίαν τόπων, ὅπου παρεμβεβλήκεισαν οἱ περὶ Ἀντίοχον.",,,,
3 Maccabees 1:2,3MA,3 Maccabees,1,2,"Θεόδοτος δέ τις ἐκπληρῶσαι τὴν ἐπιβουλὴν διανοηθείς, παραλαβὼν τῶν προϋποτεταγμένων αὐτῷ ὅπλων Πτολεμαϊκῶν τὰ κράτιστα, διεκομίσθη νύκτωρ ἐπὶ τὴν τοῦ Πτολεμαίου σκηνὴν ὡς μόνος κτεῖναι αὐτὸν καὶ ἐν τούτῳ διαλῦσαι τὸν πόλεμον.",,,,
3 Maccabees 1:3,3MA,3 Maccabees,1,3,"τοῦτον δὲ διαγαγὼν Δοσίθεος ὁ Δριμύλου λεγόμενος, τὸ γένος Ἰουδαῖος, ὕστερον δὲ μεταβαλὼν τὰ νόμιμα καὶ τῶν πατρίων δογμάτων ἀπηλλοτριωμένος, ἄσημόν τινα κατέκλινεν ἐν τῇ σκηνῇ, ὃν συνέβη κομίσασθαι τὴν ἐκείνου κόλασιν.",,,,
3 Maccabees 1:4,3MA,3 Maccabees,1,4,"γενομένης δὲ καρτερᾶς μάχης καὶ τῶν πραγμάτων μᾶλλον ἐρρωμένων τῷ Ἀντιόχῳ, ἱκανῶς ἡ Ἀρσινόη ἐπιπορευσαμένη τὰς δυνάμεις παρεκάλει, μετὰ οἴκτου καὶ δακρύων τοὺς πλοκάμους λελυμένη, βοηθεῖν ἑαυτοῖς τε καὶ τοῖς τέκνοις καὶ γυναιξὶ θαρραλέως, ἐπαγγελλομένη δώσειν νικήσασιν ἑκάστῳ δύο μνᾶς χρυσίου.",,,,
3 Maccabees 1:5,3MA,3 Maccabees,1,5,"καὶ οὕτω συνέβη τοὺς ἀντιπάλους ἐν χειρονομίαις διαφθαρῆναι, πολλοὺς δὲ καὶ δορυαλώτους συλληφθῆναι.",,,,
3 Maccabees 1:6,3MA,3 Maccabees,1,6,κατακρατήσας δὲ τῆς ἐπιβουλῆς ἔκρινε τὰς πλησίον πόλεις ἐπελθὼν παρακαλέσαι.,,,,
3 Maccabees 1:7,3MA,3 Maccabees,1,7,"ποιήσας δὲ τοῦτο καὶ τοῖς τεμένεσι δωρεὰς ἀπονείμας, εὐθαρσεῖς τοὺς ὑποτεταγμένους κατέστησε.",,,,
3 Maccabees 1:8,3MA,3 Maccabees,1,8,"Τῶν δὲ Ἰουδαίων διαπεμψαμένων πρὸς αὐτὸν ἀπὸ τῆς γερουσίας καὶ τῶν πρεσβυτέρων τοὺς ἀσπασομένους αὐτὸν καὶ ξένια κομιοῦντας καὶ ἐπὶ τοῖς συμβεβηκόσι συγχαρησομένους, συνέβη μᾶλλον αὐτὸν προθυμηθῆναι ὡς τάχιστα πρὸς αὐτοὺς παραγενέσθαι.",,,,
3 Maccabees 1:9,3MA,3 Maccabees,1,9,"διακομισθεὶς δὲ εἰς Ἱεροσόλυμα καὶ θύσας τῷ μεγίστῳ Θεῷ καὶ χάριτας ἀποδιδοὺς καὶ τῶν ἑξῆς τι τῷ τόπῳ ποιήσας καὶ δὴ παραγενόμενος εἰς τὸν τόπον καὶ τῇ σπουδαιότητι καὶ εὐπρεπείᾳ καταπλαγείς,",,,,
3 Maccabees 1:10,3MA,3 Maccabees,1,10,"θαυμάσας δὲ καὶ τὴν τοῦ ἱεροῦ εὐταξίαν, ἐνεθυμήθη βουλεύσασθαι εἰσελθεῖν εἰς τὸν ναόν.",,,,
3 Maccabees 1:11,3MA,3 Maccabees,1,11,"τῶν δὲ εἰπόντων μὴ καθήκειν γίνεσθαι τοῦτο, διὰ τὸ μηδὲ τοῖς ἐκ τοῦ ἔθνους ἐξεῖναι εἰσιέναι, μηδὲ πᾶσι τοῖς ἱερεῦσιν, ἀλλ' ἢ μόνῳ τῷ προηγουμένῳ πάντων ἀρχιερεῖ, καὶ τούτῳ ἅπαξ κατ' ἐνιαυτόν, οὐδαμῶς ἠβούλετο πείθεσθαι.",,,,
3 Maccabees 1:12,3MA,3 Maccabees,1,12,"τοῦ τε νόμου παραναγνωσθέντος, οὐδαμῶς ἀπέλιπε προφερόμενος ἑαυτὸν δεῖν εἰσελθεῖν λέγων· καὶ εἰ ἐκεῖνοι ἐστέρηνται ταύτης τῆς τιμῆς, ἐμὲ οὐ δεῖ.",,,,
3 Maccabees 1:13,3MA,3 Maccabees,1,13,καὶ ἐπυνθάνετο διὰ τίνα αἰτίαν εἰσερχόμενον αὐτὸν εἰς πᾶν τέμενος οὐθεὶς ἐκώλυσε τῶν παρόντων.,,,,
3 Maccabees 1:14,3MA,3 Maccabees,1,14,καί τις ἀπρονοήτως ἔφη κακῶς αὐτὸ τοῦτο τερατεύεσθαι.,,,,
3 Maccabees 1:15,3MA,3 Maccabees,1,15,"γενομένου δέ, φησι, τούτου διά τινα αἰτίαν, οὐχὶ πάντως εἰσελεύσεσθαι καὶ θελόντων αὐτῶν καὶ μή;",,,,
3 Maccabees 1:16,3MA,3 Maccabees,1,16,"τῶν δὲ ἱερέων ἐν ταῖς ἁγίαις ἐσθήσεσι προπεσόντων καὶ δεομένων τοῦ μεγίστου Θεοῦ βοηθεῖν τῇ ἐνεστώσῃ ἀνάγκῃ καὶ τὴν ὁρμὴν τοῦ κακῶς ἐπιβαλλομένου μεταθεῖναι κραυγῆς τε μετὰ δακρύων τὸ ἱερὸν ἐμπλησάντων,",,,,
3 Maccabees 1:17,3MA,3 Maccabees,1,17,"οἱ κατὰ τὴν πόλιν ἀπολιπόμενοι ταραχθέντες ἐξεπήδησαν, ἄδηλον τιθέμενοι τὸ γινόμενον.",,,,
3 Maccabees 1:18,3MA,3 Maccabees,1,18,"αἵ τε κατάκλειστοι παρθένοι ἐν θαλάμοις σὺν ταῖς τεκούσαις ἐξώρμησαν καὶ σποδῷ καὶ κόνει τὰς κεφαλὰς πασάμεναι, γόων τε καὶ στεναγμῶν τὰς πλατείας ἐνεπίμπλων.",,,,
3 Maccabees 1:19,3MA,3 Maccabees,1,19,"αἱ δὲ καὶ προσαρτίως ἐσταλμέναι τοὺς πρὸς ἀπάντησιν διατεταγμένους παστοὺς καὶ τὴν ἁρμόζουσαν αἰδὼ παραλείπουσαι, δρόμον ἄτακτον ἐν τῇ πόλει συνίσταντο.",,,,
3 Maccabees 1:20,3MA,3 Maccabees,1,20,"τὰ δὲ νεογνὰ τῶν τέκνων, αἵ τε πρὸς τούτοις μητέρες καὶ τιθηνοὶ παραλιποῦσαι ἄλλως καὶ ἄλλως, αἱ μὲν κατ' οἴκους, αἱ δὲ κατὰ τὰς ἀγυιάς, ἀνεπιστρέπτως εἰς τὸ πανυπέρτατον ἱερὸν ἠθροίζοντο.",,,,
3 Maccabees 1:21,3MA,3 Maccabees,1,21,ποικίλη δὲ ἦν τῶν εἰς τοῦτο συλλεγομένων ἡ δέησις ἐπὶ τοῖς ἀνοσίως ὑπ' ἐκείνου κατεγχειρουμένοις.,,,,
3 Maccabees 1:22,3MA,3 Maccabees,1,22,σύν τε τούτοις οἱ τῶν πολιτῶν θρασυνθέντες οὐκ ἠνείχοντο τέλεον αὐτοῦ ἐπικειμένου καὶ τὸ τῆς προθέσεως αὐτοῦ ἐκπληροῦν διανοουμένου.,,,,
3 Maccabees 1:23,3MA,3 Maccabees,1,23,"φωνήσαντες δὲ τὴν ὁρμὴν ἐπὶ τὰ ὅπλα ποιήσασθαι καὶ θαρραλέως ὑπὲρ τοῦ πατρῴου νόμου τελευτᾶν, ἱκανὴν ἐποίησαν ἐν τῷ τόπῳ τραχύτητα, μόλις δὲ ὑπό τε τῶν γεραιῶν καὶ τῶν πρεσβυτέρων ἀποτραπέντες ἐπὶ τὴν αὐτὴν τῆς δεήσεως ἔστησαν στάσιν.",,,,
3 Maccabees 1:24,3MA,3 Maccabees,1,24,καὶ τὸ μὲν πλῆθος ὡς ἔμπροσθεν ἐν τούτοις ἀνεστρέφετο δεόμενον.,,,,
3 Maccabees 1:25,3MA,3 Maccabees,1,25,οἱ δὲ περὶ τὸν βασιλέα πρεσβύτεροι πολλαχῶς ἐπειρῶντο τὸν ἀγέρωχον αὐτοῦ νοῦν ἐξιστάνειν τῆς ἐντεθυμημένης βουλῆς.,,,,
3 Maccabees 1:26,3MA,3 Maccabees,1,26,"θρασυνθεὶς δὲ καὶ πάντα παραπέμψας ἤδη καὶ πρόσβασιν ἐποιεῖτο, τέλος ἐπιθήσειν δοκῶν τῷ προειρημένῳ.",,,,
3 Maccabees 1:27,3MA,3 Maccabees,1,27,"ταῦτα οὖν καὶ οἱ περὶ αὐτὸν ὄντες θεωροῦντες ἐτράπησαν εἰς τὸ σὺν τοῖς ἡμετέροις ἐπικαλεῖσθαι τὸν πᾶν κράτος ἔχοντα τοῖς παροῦσιν ἐπαμῦναι, μὴ παριδόντα τὴν ἄνομον καὶ ὑπερήφανον πρᾶξιν.",,,,
3 Maccabees 1:28,3MA,3 Maccabees,1,28,ἐκ δὲ τῆς πυκνοτάτης τε καὶ ἐμπόνου τῶν ὄχλων συναγομένης κραυγῆς ἀνείκαστός τις ἦν βοή·,,,,
3 Maccabees 1:29,3MA,3 Maccabees,1,29,"δοκεῖν γὰρ ἦν μὴ μόνον τοὺς ἀνθρώπους, ἀλλὰ καὶ τὰ τείχη καὶ τὸ πᾶν ἔδαφος ἠχεῖν, ἅτε δὴ τῶν πάντων τότε θάνατον ἀλλασσομένων ἀντὶ τῆς τοῦ τόπου βεβηλώσεως.",,,,
3 Maccabees 2:1,3MA,3 Maccabees,2,1,"Ο μὲν οὖν ἀρχιερεὺς Σίμων ἐξεναντίας τοῦ ναοῦ κάμψας τὰ γόνατα καὶ τὰς χεῖρας προτείνας εὐτάκτως, ἐποιήσατο τὴν δέησιν τοιαύτην.",,,,
3 Maccabees 2:2,3MA,3 Maccabees,2,2,"Κύριε Κύριε, βασιλεῦ τῶν οὐρανῶν καὶ δέσποτα πάσης κτίσεως, ἅγιε ἐν ἁγίοις, μόναρχε, παντοκράτωρ, πρόσχες ἡμῖν καταπονουμένοις ὑπὸ ἀνοσίου καὶ βεβήλου θράσει καὶ σθένει πεφρυαγμένου.",,,,
3 Maccabees 2:3,3MA,3 Maccabees,2,3,σὺ γὰρ ὁ κτίσας τὰ πάντα καὶ τῶν ὅλων ἐπικρατῶν δυνάστης δίκαιος εἶ καὶ τοὺς ὕβρει καὶ ἀγερωχίᾳ πράσσοντάς τι κρίνεις.,,,,
3 Maccabees 2:4,3MA,3 Maccabees,2,4,"σὺ τοὺς ἔμπροσθεν ἀδικίαν ποιήσαντας, ἐν οἷς καὶ γίγαντες ἦσαν ρώμῃ καὶ θράσει πεποιθότες, διέφθειρας ἐπαγαγὼν αὐτοῖς ἀμέτρητον ὕδωρ.",,,,
3 Maccabees 2:5,3MA,3 Maccabees,2,5,"σὺ τοὺς ὑπερηφανίαν ἐργαζομένους Σοδομίτας, διαδήλους ταῖς κακίαις γενομένους, πυρὶ καὶ θείῳ κατέφλεξας, παράδειγμα τοῖς ἐπιγινομένοις καταστήσας.",,,,
3 Maccabees 2:6,3MA,3 Maccabees,2,6,"σὺ τὸν θρασὺν Φαραὼ καταδουλωσάμενον τὸν λαόν σου τὸν ἅγιον Ἰσραήλ, ποικίλαις καὶ πολλαῖς δοκιμάσας τιμωρίαις, ἐγνώρισας τὴν σὴν δυναστείαν, ἐφ' αἷς ἐγνώρισας τὸ μέγα σου κράτος·",,,,
3 Maccabees 2:7,3MA,3 Maccabees,2,7,"καὶ ἐπιδιώξαντα αὐτὸν σὺν ἅρμασι καὶ ὄχλων πλήθει ἐπέκλυσας βάθει θαλάσσης, τοὺς δὲ ἐμπιστεύσαντας ἐπὶ σοὶ τῷ τῆς ἁπάσης κτίσεως δυναστεύοντι σώους διεκόμισας,",,,,
3 Maccabees 2:8,3MA,3 Maccabees,2,8,οἳ καὶ συνιδόντες ἔργα σῆς χειρὸς ᾔνεσάν σε τὸν παντοκράτορα.,,,,
3 Maccabees 2:9,3MA,3 Maccabees,2,9,"σύ, βασιλεῦ, κτίσας τὴν ἀπέραντον καὶ ἀμέτρητον γῆν, ἐξελέξω τὴν πόλιν ταύτην καὶ ἁγιάσας τὸν τόπον τοῦτον εἰς ὄνομά σοι τῷ τῶν ἁπάντων ἀπροσδεεῖ καὶ παρεδόξασας ἐν ἐπιφανείᾳ μεγαλοπρεπεῖ, σύστασιν ποιησάμενος αὐτοῦ πρὸς δόξαν τοῦ μεγάλου καὶ ἐντίμου ὀνόματός σου.",,,,
3 Maccabees 2:10,3MA,3 Maccabees,2,10,"καὶ ἀγαπῶν τὸν οἶκον τοῦ Ἰσραὴλ ἐπηγγείλω δὴ ὅτι ἐὰν γένηται ἡμῶν ἀποστροφὴ καὶ καταλάβῃ ἡμᾶς στενοχωρία καὶ ἐλθόντες εἰς τὸν τόπον τοῦτον δεηθῶμεν, εἰσακούσῃ τῆς δεήσεως ἡμῶν.",,,,
3 Maccabees 2:11,3MA,3 Maccabees,2,11,καὶ δὴ πιστὸς εἶ καὶ ἀληθινός.,,,,
3 Maccabees 2:12,3MA,3 Maccabees,2,12,"ἐπεὶ δὲ πλεονάκις θλιβέντων τῶν πατέρων ἡμῶν ἐβοήθησας αὐτοῖς ἐν τῇ ταπεινώσει καὶ ἐρρύσω αὐτοὺς ἐκ μεγάλων κινδύνων,",,,,
3 Maccabees 2:13,3MA,3 Maccabees,2,13,"ἰδοὺ δὲ νῦν, ἅγιε βασιλεῦ, διὰ τὰς πολλὰς καὶ μεγάλας ἡμῶν ἁμαρτίας καταπονούμεθα καὶ ὑπετάγημεν τοῖς ἐχθροῖς ἡμῶν καὶ παρείμεθα ἐν ἀδυναμίαις.",,,,
3 Maccabees 2:14,3MA,3 Maccabees,2,14,ἐν δὲ τῇ ἡμετέρᾳ καταπτώσει ὁ θρασὺς καὶ βέβηλος οὗτος ἐπιτηδεύει καθυβρίσαι τὸν ἐπὶ τῆς γῆς ἀναδεδειγμένον τῷ ὀνόματι τῆς δόξης σου ἅγιον τόπον.,,,,
3 Maccabees 2:15,3MA,3 Maccabees,2,15,τὸ μὲν γὰρ οἰκητήριόν σου οὐρανὸς τοῦ οὐρανοῦ ἀνέφικτος ἀνθρώποις ἐστίν.,,,,
3 Maccabees 2:16,3MA,3 Maccabees,2,16,"ἀλλ' ἐπεὶ εὐδοκήσας τὴν δόξαν σου ἐν τῷ λαῷ σου Ἰσραὴλ ἡγίασας τὸν τόπον τοῦτον,",,,,
3 Maccabees 2:17,3MA,3 Maccabees,2,17,"μὴ ἐκδικήσῃς ἡμᾶς ἐν τῇ τούτων ἀκαθαρσίᾳ, μηδὲ εὐθύνῃς ἡμᾶς ἐν βεβηλώσει, ἵνα μὴ καυχήσωνται οἱ παράνομοι ἐν θυμῷ αὐτῶν, μηδὲ ἀγαλλιάσωνται ἐν ὑπερηφανίᾳ γλώσσης αὐτῶν λέγοντες·",,,,
3 Maccabees 2:18,3MA,3 Maccabees,2,18,"ἡμεῖς κατεπατήσαμεν τὸν οἶκον τοῦ ἁγιασμοῦ, ὡς καταπατοῦνται οἱ οἶκοι τῶν προσοχθισμάτων.",,,,
3 Maccabees 2:19,3MA,3 Maccabees,2,19,ἀπάλειψον τὰς ἁμαρτίας ἡμῶν καὶ διασκέδασον τὰς ἀμπλακίας ἡμῶν καὶ ἐπίφανον τὸ ἔλεός σου κατὰ τὴν ὥραν ταύτην.,,,,
3 Maccabees 2:20,3MA,3 Maccabees,2,20,"ταχὺ προκαταλαβέτωσαν ἡμᾶς οἱ οἰκτιρμοί σου, καὶ δὸς αἰνέσεις ἐν στόματι τῶν καταπεπτωκότων καὶ συντετριμμένων τὰς ψυχὰς ποιήσας ἡμῖν εἰρήνην.",,,,
3 Maccabees 2:21,3MA,3 Maccabees,2,21,"Ἐνταῦθα ὁ πάντων ἐπόπτης Θεὸς καὶ πρὸ πάντων ἅγιος ἐν ἁγίοις εἰσακούσας τῆς ἐνθέσμου λιτανείας, τὸν ὕβρει καὶ θράσει μεγάλως ἐπῃρμένον ἐμάστιξεν αὐτόν,",,,,
3 Maccabees 2:22,3MA,3 Maccabees,2,22,"ἔνθεν καὶ ἔνθεν κραδάνας αὐτὸν ὡς κάλαμον ὑπὸ ἀνέμου, ὥστε κατ' ἐδάφους ἄπρακτον, ἔτι καὶ τοῖς μέλεσι παραλελυμένον μηδὲ φωνῆσαι δύνασθαι δικαίᾳ περιπεπλεγμένον κρίσει.",,,,
3 Maccabees 2:23,3MA,3 Maccabees,2,23,"ὅθεν οἵ τε φίλοι καὶ οἱ σωματοφύλακες αὐτοῦ ταχεῖαν καὶ ὀξεῖαν ἰδόντες τὴν καταλαβοῦσαν αὐτὸν εὔθυναν, φοβούμενοι μὴ καὶ τὸ ζῆν ἐκλείπῃ, ταχέως αὐτὸν ἐξείλκυσαν ὑπερβάλλοντι καταπεπληγμένοι φόβῳ.",,,,
3 Maccabees 2:24,3MA,3 Maccabees,2,24,"ἐν χρόνῳ δὲ ὕστερον ἀναλεξάμενος ἑαυτὸν οὐδαμῶς εἰς μετάμελον ἦλθεν ἐπιτιμηθείς, μετ' ἀπειλῆς δὲ πικρᾶς ἀνέλυσε.",,,,
3 Maccabees 2:25,3MA,3 Maccabees,2,25,"Διακομισθεὶς δὲ εἰς τὴν Αἴγυπτον καὶ τὰ τῆς κακίας ἐπαύξων, διὰ δὲ τῶν προαποδεδειγμένων συμποτῶν καὶ ἑταίρων τοῦ παντὸς δικαίου κεχωρισμένων,",,,,
3 Maccabees 2:26,3MA,3 Maccabees,2,26,"οὐ μόνον ταῖς ἀναριθμήτοις ἀσελγείαις διηρκέσθη, ἀλλὰ καὶ ἐπὶ τοσοῦτον θράσους προῆλθεν, ὥστε δισφυμίας ἐν τοῖς τόποις συνίστασθαι καὶ πολλοὺς τῶν φίλων ἀτενίζοντας εἰς τὴν τοῦ βασιλέως πρόθεσιν καὶ αὐτοὺς ἕπεσθαι τῇ ἐκείνου θελήσει.",,,,
3 Maccabees 2:27,3MA,3 Maccabees,2,27,"προέθετο δὲ δημοσίᾳ κατὰ τοῦ ἔθνους διαδοῦναι ψόγον· καὶ ἐπὶ τοῦ κατὰ τὴν αὐλὴν πύργου στήλην ἀναστήσας ἐξεκόλαψε γραφήν,",,,,
3 Maccabees 2:28,3MA,3 Maccabees,2,28,"μηδένα τῶν μὴ θυόντων εἰς τὰ ἱερὰ αὐτῶν εἰσιέναι, πάντας δὲ τοὺς Ἰουδαίους εἰς λαογραφίαν καὶ οἰκετικὴν διάθεσιν ἀχθῆναι, τοὺς δὲ ἀντιλέγοντας βίᾳ φερομένους τοῦ ζῆν μεταστῆσαι,",,,,
3 Maccabees 2:29,3MA,3 Maccabees,2,29,"τούς τε ἀπογραφομένους χαράσσεσθαι καὶ διὰ πυρὸς εἰς τὸ σῶμα παρασήμῳ Διονύσου κισσοφύλλῳ, οὓς καὶ καταχωρίσαι εἰς τὴν προσυνεσταλμένην αὐθεντίαν.",,,,
3 Maccabees 2:30,3MA,3 Maccabees,2,30,"ἵνα δὲ μὴ τοῖς πᾶσιν ἀπεχθόμενος φαίνηται, ὑπέγραψεν· ἐὰν δέ τινες ἐξ αὐτῶν προαιρῶνται ἐν τοῖς κατὰ τὰς τελετὰς μεμυημένοις ἀναστρέφεσθαι, τούτους ἰσοπολίτας Ἀλεξανδρεῦσιν εἶναι.",,,,
3 Maccabees 2:31,3MA,3 Maccabees,2,31,Ἔνιοι μὲν οὖν ἐπὶ πόλεως τὰς τῆς πόλεως εὐσεβείας ἐπιβάθρας στυγοῦντες εὐχερῶς ἑαυτοὺς ἐδίδοσαν ὡς μεγάλης τινὸς κοινωνήσοντες εὐκλείας ἀπὸ τῆς ἐσομένης τῷ βασιλεῖ συναναστροφῆς.,,,,
3 Maccabees 2:32,3MA,3 Maccabees,2,32,"οἱ δὲ πλεῖστοι γενναίᾳ ψυχῇ ἐνίσχυσαν καὶ οὐ διέστησαν τῆς εὐσεβείας, τά τε χρήματα περὶ τοῦ ζῆν ἀντικαταλλασσόμενοι ἀδεῶς ἐπειρῶντο ἑαυτοὺς ρύσασθαι ἐκ τῶν ἀπογραφῶν·",,,,
3 Maccabees 2:33,3MA,3 Maccabees,2,33,εὐέλπιδες δὲ καθειστήκεισαν ἀντιλήψεως τεύξεσθαι· καὶ τοὺς ἀποχωροῦντας ἐξ αὐτῶν ἐβδελύσσοντο καὶ ὡς πολεμίους τοῦ ἔθνους ἔκρινον καὶ τῆς κοινῆς συναναστροφῆς καὶ εὐχρηστίας ἐστέρουν.,,,,
3 Maccabees 3:1,3MA,3 Maccabees,3,1,"Α καὶ μεταλαμβάνων ὁ δυσσεβὴς ἐπὶ τοσοῦτον ἐχόλησεν, ὥστε οὐ μόνον τοῖς κατ' Ἀλεξάνδρειαν διοργίζεσθαι, ἀλλὰ καὶ τοῖς ἐν τῇ χώρᾳ βαρυτέρως ἐναντιωθῆναι καὶ προστάξαι σπεύσαντας συναγαγεῖν πάντας ἐπὶ τὸ αὐτὸ καὶ χειρίστῳ μόρῳ τοῦ ζῆν μεταστῆσαι.",,,,
3 Maccabees 3:2,3MA,3 Maccabees,3,2,"τούτων δὲ οἰκονομουμένων φήμη δυσμενὴς ἐξηχεῖτο κατὰ τοῦ γένους ἀνθρώποις συμφρονοῦσιν εἰς κακοποίησιν, ἀφορμῆς διδομένης εἰς διάθεσιν, ὡς ἂν ἀπὸ τῶν νομίμων αὐτοὺς κωλυόντων.",,,,
3 Maccabees 3:3,3MA,3 Maccabees,3,3,"οἱ δὲ Ἰουδαῖοι τὴν μὲν πρὸς τοὺς βασιλεῖς εὔνοιαν καὶ πίστιν ἀδιάστροφον ἦσαν διαφυλάσσοντες,",,,,
3 Maccabees 3:4,3MA,3 Maccabees,3,4,"σεβόμενοι δὲ τὸν Θεὸν καὶ τῷ τούτου νόμῳ πολιτευόμενοι χωρισμὸν ἐποίουν ἐπὶ τῷ κατὰ τὰς τροφάς, δι' ἣν αἰτίαν ἐνίοις ἀπεχθεῖς ἐφαίνοντο.",,,,
3 Maccabees 3:5,3MA,3 Maccabees,3,5,τῇ δὲ τῶν δικαίων εὐπραξίᾳ κοσμοῦντες τὴν συναναστροφὴν ἅπασιν ἀνθρώποις εὐδόκιμοι καθειστήκεισαν.,,,,
3 Maccabees 3:6,3MA,3 Maccabees,3,6,"τὴν μὲν οὖν περὶ τοῦ γένους ἐν πᾶσι θρυλουμένην εὐπραξίαν οἱ ἀλλόφυλοι οὐδαμῶς διηριθμήσαντο,",,,,
3 Maccabees 3:7,3MA,3 Maccabees,3,7,"τὴν δὲ περὶ τῶν προσκυνήσεων καὶ τροφῶν διάστασιν ἐθρύλουν, φάσκοντες μήτε τῷ βασιλεῖ μήτε ταῖς δυνάμεσιν ὁμοσπόνδους τοὺς ἀνθρώπους γενέσθαι, δυσμενεῖς δὲ εἶναι καὶ μέγα τι τοῖς πράγμασιν ἐναντιουμένους· καὶ οὐ τῷ τυχόντι περιῆψαν ψόγῳ.",,,,
3 Maccabees 3:8,3MA,3 Maccabees,3,8,"οἱ δὲ κατὰ τὴν πόλιν ¨Ελληνες οὐδὲν ἠδικημένοι, ταραχὴν ἀπροσδόκητον περὶ τοὺς ἀνθρώπους θεωροῦντες καὶ συνδρομὰς ἀπροσκόπτους γινομένας, βοηθεῖν μὲν οὐκ ἔσθενον, τυραννικὴ γὰρ ἦν ἡ διάθεσις, παρεκάλουν δὲ καὶ δυσφόρως εἶχον καὶ μεταπεσεῖσθαι ταῦτα ὑπελάμβανον·",,,,
3 Maccabees 3:9,3MA,3 Maccabees,3,9,μὴ γὰρ οὕτως παροραθήσεσθαι τηλικοῦτο σύστεμα μηδὲν ἠγνοηκός.,,,,
3 Maccabees 3:10,3MA,3 Maccabees,3,10,"ἤδη δὲ καί τινες γείτονές τε καὶ φίλοι καὶ συμπραγματευόμενοι μυστικῶς τινας ἐπισπώμενοι, πίστεις ἐδίδουν συνασπιεῖν καὶ πᾶν ἐκτενὲς προσοίσεσθαι πρὸς ἀντίληψιν.",,,,
3 Maccabees 3:11,3MA,3 Maccabees,3,11,"Ἐκεῖνος μὲν οὖν τῇ κατὰ τὸ παρὸν εὐημερίᾳ γεγαυρωμένος καὶ οὐ καθορῶν τὸ τοῦ μεγίστου Θεοῦ κράτος, ὑπολαμβάνων δὲ διηνεκῶς ἐν τῇ αὐτῇ διαμένειν βουλῇ, ἔγραψε κατ' αὐτῶν ἐπιστολὴν τήνδε·",,,,
3 Maccabees 3:12,3MA,3 Maccabees,3,12,‘Βασιλεὺς Πτολεμαῖος Φιλοπάτωρ τοῖς κατ' Αἴγυπτον καὶ κατὰ τόπον στρατηγοῖς καὶ στρατιώταις χαίρειν καὶ ἐρρῶσθαι·,,,,
3 Maccabees 3:13,3MA,3 Maccabees,3,13,ἔρρωμαι δὲ καὶ ἐγὼ αὐτὸς καὶ τὰ πράγματα ἡμῶν.,,,,
3 Maccabees 3:14,3MA,3 Maccabees,3,14,"τῆς εἰς τὴν Ἀσίαν γενομένης ἡμῖν ἐπιστρατείας, ἧς ἴστε καὶ αὐτοί, τῇ τῶν θεῶν πρὸς ἡμᾶς ἀπροπτώτῳ συμμαχίᾳ καὶ τῇ ἡμετέρᾳ δὲ ρώμῃ κατὰ λόγον ἐπ' ἄριστον τέλος ἀχθείσης,",,,,
3 Maccabees 3:15,3MA,3 Maccabees,3,15,"ἡγησάμεθα μὴ βίᾳ δόρατος, ἐπιεικείᾳ δὲ καὶ πολλῇ φιλανθρωπίᾳ τιθηνήσασθαι τὰ κατοικοῦντα Κοίλην Συρίαν καὶ Φοινίκην ἔθνη εὐ ποιῆσαί τε ἀσμένως.",,,,
3 Maccabees 3:16,3MA,3 Maccabees,3,16,"καὶ τοῖς κατὰ πόλεσιν ἱεροῖς ἀπονείμαντες προσόδους πλείστας, προήχθημεν καὶ εἰς τὰ Ἱεροσόλυμα ἀναβάντες τιμῆσαι τὸ ἱερὸν τῶν ἀλιτηρίων καὶ μηδέποτε ληγόντων τῆς ἀνοίας.",,,,
3 Maccabees 3:17,3MA,3 Maccabees,3,17,"οἱ δὲ λόγῳ μὲν τὴν ἡμετέραν ἀποδεξάμενοι παρουσίαν, τῷ δὲ πράγματι νόθως, προθυμηθέντων ἡμῶν εἰσελθεῖν εἰς τὸν ναὸν αὐτῶν καὶ τοῖς ἐκπρεπέσι καὶ καλλίστοις ἀναθήμασι τιμῆσαι,",,,,
3 Maccabees 3:18,3MA,3 Maccabees,3,18,"τύφοις φερόμενοι παλαιοτέροις, εἶρξαν ἡμᾶς τῆς εἰσόδου, ἀπολειπόμενοι τῆς ἡμετέρας ἀλκῆς δι' ἣν ἔχομεν πρὸς ἅπαντας ἀνθρώπους φιλανθρωπίαν.",,,,
3 Maccabees 3:19,3MA,3 Maccabees,3,19,"τὴν δὲ αὐτῶν εἰς ἡμᾶς δυσμένειαν ἔκδηλον καθιστάντες, ὡς μονώτατοι τῶν ἐθνῶν βασιλεῦσι καὶ τοῖς ἑαυτῶν εὐεργέταις ὑψαυχενοῦντες, οὐδὲν γνήσιον βούλονται φέρειν.",,,,
3 Maccabees 3:20,3MA,3 Maccabees,3,20,ἡμεῖς δὲ τῇ τούτων ἀνοίᾳ συμπεριενεχθέντες καὶ μετὰ νίκης διακομισθέντες καὶ εἰς τὴν Αἴγυπτον τοῖς πᾶσιν ἔθνεσι φιλανθρώπως ἀπαντήσαντες καθὼς ἔπρεπεν ἐποιήσαμεν.,,,,
3 Maccabees 3:21,3MA,3 Maccabees,3,21,"ἐν δὲ τούτοις πρὸς τοὺς ὁμοφύλους αὐτῶν ἀμνησικακίαν ἅπασι γνωρίζοντες, διά τε τὴν συμμαχίαν καὶ τὰ πεπιστευμένα μετὰ ἁπλότητος αὐτοῖς ἀρχῆθεν μύρια πράγματα τολμήσαντες ἐξαλλοιῶσαι, ἐβουλήθημεν καὶ πολιτείας αὐτοὺς Ἀλεξανδρέων καταξιῶσαι καὶ μετόχους τῶν ἀεὶ ἱερέων καταστῆσαι.",,,,
3 Maccabees 3:22,3MA,3 Maccabees,3,22,"οἱ δὲ τοὐναντίον ἐκδεχόμενοι καὶ τῇ συμφύτῳ κακοηθείᾳ τὸ καλὸν ἀπωσάμενοι, διηνεκῶς δὲ εἰς τὸ φαῦλον ἐκνεύοντες,",,,,
3 Maccabees 3:23,3MA,3 Maccabees,3,23,"οὐ μόνον ἀπεστρέψαντο τὴν ἀτίμητον πολιτείαν, ἀλλὰ καὶ βδελύσσονται λόγῳ τε καὶ σιγῇ τοὺς ἐν αὐτοῖς ὀλίγους πρὸς ἡμᾶς γνησίως διακειμένους, παρέκαστα ὑφορώμενοι διὰ τῆς δυσκλεεστάτης ἐμβιώσεως διὰ τάχους ἡμᾶς καταστρέψαι τὰ κατορθώματα.",,,,
3 Maccabees 3:24,3MA,3 Maccabees,3,24,"διὸ καὶ τεκμηρίοις καλῶς πεπεισμένοι, τούτους κατὰ πάντα δυσνοεῖν ἡμῖν τρόπον καὶ προνοούμενοι μήποτε αἰφνιδίου μετέπειτα ταραχῆς ἐνστάσης ἡμῖν τοὺς δυσσεβεῖς τούτους κατὰ νώτου προδότας καὶ βαρβάρους ἔχωμεν πολεμίους",,,,
3 Maccabees 3:25,3MA,3 Maccabees,3,25,"προστετάχαμεν ἅμα τῷ προσπεσεῖν τὴν ἐπιστολὴν τήνδε αὐθωρεὶ τοὺς ἐννεμομένους σὺν γυναιξὶ καὶ τέκνοις μετὰ ὕβρεων καὶ σκυλμῶν ἀποστεῖλαι πρὸς ἡμᾶς ἐν δεσμοῖς σιδηροῖς πάντοθεν κατακεκλεισμένους, εἰς ἀνήκεστον καὶ δυσκλεῆ πρέποντα δυσμενέσι φόνον.",,,,
3 Maccabees 3:26,3MA,3 Maccabees,3,26,"τούτων γὰρ ὁμοῦ κολασθέντων, διειλήφαμεν εἰς τὸν ἐπίλοιπον χρόνον τελείως ἡμῖν τὰ πράγματα ἐν εὐσταθείᾳ καὶ βελτίστῃ διαθέσει κατασταθήσεσθαι.",,,,
3 Maccabees 3:27,3MA,3 Maccabees,3,27,"ὃς δι' ἂν σκεπάσῃ τινὰ τῶν Ἰουδαίων ἀπὸ γηραιοῦ μέχρι νηπίου μέχρι τῶν ὑπομαστιδίων, αἰσχίσταις βασάνοις ἀποτυμπανισθήσεται πανοικί.",,,,
3 Maccabees 3:28,3MA,3 Maccabees,3,28,"μηνύειν δὲ τὸν βουλόμενον, ἐφ' ᾧ τὴν οὐσίαν τοῦ ἐμπίπτοντος ὑπὸ τὴν εὔθυναν λήψεται καὶ ἐκ τοῦ βασιλικοῦ ἀργυρίου δραχμὰς δισχιλίας καὶ τῆς ἐλευθερίας τεύξεται καὶ στεφανωθήσεται.",,,,
3 Maccabees 3:29,3MA,3 Maccabees,3,29,"πᾶς δὲ τόπος, οὗ ἐὰν φωραθῇ τὸ σύνολον σκεπαζόμενος Ἰουδαῖος, ἄβατος καὶ πυριφλεγὴς γινέσθω καὶ πάσῃ θνητῇ φύσει κατὰ πάντα ἄχρηστος φανήσεται εἰς τὸν ἀεὶ χρόνον’.",,,,
3 Maccabees 3:30,3MA,3 Maccabees,3,30,Καὶ ὁ μὲν τῆς ἐπιστολῆς τύπος οὕτως ἐγέγραπτο.,,,,
3 Maccabees 4:1,3MA,3 Maccabees,4,1,"ΠΑΝΤΗ δέ, ὅπου προσέπιπτε τοῦτο τὸ πρόσταγμα, δημοτελὴς συνίστατο τοῖς ἔθνεσιν εὐωχία μετὰ ἀλαλαγμῶν καὶ χαρᾶς, ὡς ἂν τῆς προκατεσκιρρωμένης αὐτοῖς πάλαι κατὰ διάνοιαν μετὰ παρρησίας συνεκφαινομένης ἀπεχθείας.",,,,
3 Maccabees 4:2,3MA,3 Maccabees,4,2,"τοῖς δὲ Ἰουδαίοις ἀνήκεστον πένθος ἦν καὶ πανόδυρτος μετὰ δακρύων βοή, στεναγμοῖς πεπυρωμένης τῆς αὐτῶν πάντοθεν καρδίας, ὀλοφυρομένων τὴν ἀπροσδόκητον ἐξαίφνης ἐπικριθεῖσαν αὐτοῖς ὀλεθρίαν.",,,,
3 Maccabees 4:3,3MA,3 Maccabees,4,3,τίς νομὸς ἢ πόλις ἢ τίς τὸ σύνολον οἰκητὸς τόπος ἢ τίνες ἀγυιαὶ κοπετοῦ καὶ γόων ἐπ' αὐτοῖς οὐκ ἐνεπιπλῶντο;,,,,
3 Maccabees 4:4,3MA,3 Maccabees,4,4,"οὕτω γὰρ μετὰ πικρίας ἀνοίκτου ψυχῆς ὑπὸ τῶν κατὰ πόλιν στρατηγῶν ὁμοθυμαδὸν ἐξαπεστέλλοντο, ὥστε ἐπὶ ταῖς ἐξάλλοις τιμωρίαις καί τινας τῶν ἐχθρῶν λαμβάνοντας πρὸ τῶν ὀφθαλμῶν τὸν κοινὸν ἔλεον καὶ λογιζομένους τὴν ἄδηλον τοῦ βίου καταστροφήν, δακρύειν αὐτῶν τὴν τρισάθλιον ἐξαποστολήν.",,,,
3 Maccabees 4:5,3MA,3 Maccabees,4,5,"ἤγετο γὰρ γεραιῶν πλῆθος πολιᾷ πεπυκασμένων, τὴν ἐκ τοῦ γήρως νωθρότητα ποδῶν ἐπίκυφον ἀνατροπῆς ὁρμῇ βιαίας ἁπάσης αἰδοῦς ἄνευ πρὸς ὀξεῖαν καταχρωμένων πορείαν.",,,,
3 Maccabees 4:6,3MA,3 Maccabees,4,6,"αἱ δὲ ἄρτι πρὸς βίου κοινωνίαν γαμικὸν ὑπεληλυθυῖαι παστὸν νεάνιδες, ἀντὶ τέρψεως μεταλαβοῦσαι γόους καὶ κόνει τὴν μυροβραχῆ πεφυρμέναι κόμην, ἀκαλύπτως δὲ ἀγόμεναι, θρῆνον ἀνθ' ὑμεναίων ὁμοθυμαδὸν ἐξῆρχον ὡς ἐσπαραγμέναι σκυλμοῖς ἀλλοεθνέσι·",,,,
3 Maccabees 4:7,3MA,3 Maccabees,4,7,δέσμιαι δὲ δημόσιαι μέχρι τῆς εἰς τὸ πλοῖον ἐμβολῆς εἵλκοντο μετὰ βίας.,,,,
3 Maccabees 4:8,3MA,3 Maccabees,4,8,"οἵ τε τούτων συζυγεῖς βρόχοις ἀντὶ στεφέων τοὺς αὐχένας περιπεπλεγμένοι μετὰ ἀκμαίας καὶ νεανικῆς ἡλικίας, ἀντὶ εὐωχίας καὶ νεωτερικῆς ραθυμίας τὰς ἐπιλοίπους τῶν γάμων ἡμέρας ἐν θρήνοις διῆγον, παρὰ πόδας ἤδη τὸν ᾅδην ὁρῶντες κείμενον.",,,,
3 Maccabees 4:9,3MA,3 Maccabees,4,9,"κατήχθησαν δέ θηρίων τρόπον ἀγόμενοι σιδηροδέσμοις ἀνάγκαις, οἱ μὲν τοῖς ζυγοῖς τῶν πλοίων προσηλωμένοι τοὺς τραχήλους, οἱ δὲ τοὺς πόδας ἀρρήκτοις κατησφαλισμένοι πέδαις,",,,,
3 Maccabees 4:10,3MA,3 Maccabees,4,10,"ἔτι καὶ τῷ καθύπερθε πυκνῷ σανιδώματι διακειμένῳ, ὅπως πάντοθεν ἐσκοτισμένοι τοὺς ὀφθαλμοὺς ἀγωγὴν ἐπιβούλων ἐν παντὶ τῷ κατάπλῳ λαμβάνωσι.",,,,
3 Maccabees 4:11,3MA,3 Maccabees,4,11,"Τούτων δὲ ἐπὶ τὴν λεγομένην Σχεδίαν ἀχθέντων καὶ τοῦ παράπλου περανθέντος, καθὼς ἦν δεδογματισμένον τῷ βασιλεῖ, προσέταξεν αὐτοὺς ἐν τῷ πρὸ τῆς πόλεως ἱπποδρόμῳ παρεμβαλεῖν ἀπλέτῳ καθεστῶτι περιμέτρῳ καὶ πρὸς παραδειγματισμὸν ἄγαν εὐκαιροτάτῳ καθεστῶτι πᾶσι τοῖς καταπορευομένοις εἰς τὴν πόλιν καὶ τοῖς ἐκ τούτων εἰς τὴν χώραν στελλομένοις πρὸς ἐκδημίαν πρὸς τὸ μηδὲ ταῖς δυνάμεσιν αὐτοῦ κοινωνεῖν, μηδὲ τὸ σύνολον καταξιῶσαι περιβόλων.",,,,
3 Maccabees 4:12,3MA,3 Maccabees,4,12,"ὡς δὲ τοῦτο ἐγενήθη, ἀκούσας τοὺς ἐκ τῆς πόλεως ὁμοεθνεῖς κρυβῇ ἐκπορευομένους πυκνότερον ἀποδύρεσθαι τὴν ἀκλεᾶ τῶν ἀδελφῶν ταλαιπωρίαν,",,,,
3 Maccabees 4:13,3MA,3 Maccabees,4,13,"διοργισθεὶς προσέταξε καὶ τούτοις ὁμοῦ τὸν αὐτὸν τρόπον ἐπιμελῶς ὡς ἐκείνοις ποιῆσαι μὴ λειπομένοις κατὰ μηδένα τρόπον τῆς ἐκείνων τιμωρίας,",,,,
3 Maccabees 4:14,3MA,3 Maccabees,4,14,"ἀπογραφῆναι δὲ πᾶν τὸ φῦλον ἐξ ὀνόματος, οὐκ εἰς τὴν ἔμπροσθε βραχεῖ προδεδηλωμένην τῶν ἔργων κατάπονον λατρείαν, στρεβλωθέντας δὲ ταῖς παρηγγελμέναις αἰκίαις τὸ τέλος ἀφανίσαι μιᾶς ὑπὸ καιρὸν ἡμέρας.",,,,
3 Maccabees 4:15,3MA,3 Maccabees,4,15,"ἐγίνετο μὲν οὖν ἡ τούτων ἀπογραφὴ μετὰ πικρᾶς σπουδῆς καὶ φιλοτίμου προσεδρείας ἀπὸ ἀνατολῶν ἡλίου μέχρι δυσμῶν, ἀνήνυτον λαμβάνουσα τὸ τέλος ἐπὶ ἡμέρας τεσσαράκοντα. 16 Μεγάλως δὲ καὶ διηνεκῶς ὁ βασιλεὺς χαρᾷ πεπληρωμένος, συμπόσια ἐπὶ πάντων τῶν εἰδώλων συνιστάμενος, πεπλανημένῃ πόρρω τῆς ἀληθείας φρενὶ καὶ βεβήλῳ στόματι, τὰ μέν κωφὰ καὶ μὴ δυνάμενα αὐτοῖς λαλεῖν ἢ ἀρήγειν ἐπαινῶν, εἰς δὲ τὸν μέγιστον Θεὸν τὰ μὴ καθήκοντα λαλῶν.",,,,
3 Maccabees 4:17,3MA,3 Maccabees,4,17,"μετὰ δὲ τὸ προειρημένον τοῦ χρόνου διάστημα προσηνέγκαντο οἱ γραμματεῖς τῷ βασιλεῖ μηκέτι ἰσχύειν τὴν τῶν Ἰουδαίων ἀπογραφὴν ποιεῖσθαι διὰ τὴν ἀμέτρητον αὐτῶν πληθύν,",,,,
3 Maccabees 4:18,3MA,3 Maccabees,4,18,"καίπερ ὄντων κατὰ τὴν χώραν ἔτι τῶν πλειόνων, τῶν μὲν κατὰ τὰς οἰκίας ἔτι συνεστηκότων, τῶν δὲ καὶ κατὰ τόπον, ὡς ἀδυνάτου καθεστῶτος πᾶσι τοῖς ἐπ' Αἴγυπτον στρατηγοῖς.",,,,
3 Maccabees 4:19,3MA,3 Maccabees,4,19,"ἀπειλήσαντος δὲ αὐτοῖς σκληρότερον ὡς δεδωροκοπημένοις εἰς μηχανὴν τῆς ἐκφυγῆς, συνέβη σαφῶς αὐτὸν περὶ τούτου πεισθῆναι,",,,,
3 Maccabees 4:20,3MA,3 Maccabees,4,20,"λεγόντων μετὰ ἀποδείξεως καὶ τὴν χαρτηρίαν ἤδη καὶ τοὺς γραφικοὺς καλάμους, ἐν οἷς ἐχρῶντο, ἐκλελοιπέναι.",,,,
3 Maccabees 4:21,3MA,3 Maccabees,4,21,τοῦτο δὲ ἦν ἐνέργεια τῆς τοῦ βοηθοῦντος τοῖς Ἰουδαίοις ἐξ οὐρανοῦ προνοίας ἀνικήτου.,,,,
3 Maccabees 5:1,3MA,3 Maccabees,5,1,"ΤΟΤΕ προσκαλεσάμενος ¨Ερμωνα τὸν πρὸς τῇ τῶν ἐλεφάντων ἐπιμελείᾳ, βαρείᾳ μεμεστωμένος ὀργῇ καὶ χόλῳ κατὰ πᾶν ἀμετάθετος",,,,
3 Maccabees 5:2,3MA,3 Maccabees,5,2,"ἐκέλευσεν ὑπὸ τὴν ἐπερχομένην ἡμέραν δαψιλέσι δράκεσι λιβανωτοῦ καὶ οἴνῳ πλείονι ἀκράτῳ ἅπαντας τοὺς ἐλέφαντας ποτίσαι, ὄντας τὸν ἀριθμὸν πεντακοσίους, καὶ ἀγριωθέντας τῇ τοῦ πόματος ἀφθόνῳ χορηγίᾳ εἰσαγαγεῖν πρὸς συνάντησιν τοῦ μόρου τῶν Ἰουδαίων.",,,,
3 Maccabees 5:3,3MA,3 Maccabees,5,3,"ὁ μὲν τάδε προστάσσων ἐτρέπετο πρὸς τὴν εὐωχίαν, συναγαγὼν τοὺς μάλιστα τῶν φίλων καὶ τῆς στρατιᾶς ἀπεχθῶς ἔχοντας πρὸς τοὺς Ἰουδαίους·",,,,
3 Maccabees 5:4,3MA,3 Maccabees,5,4,ὁ δὲ ἐλεφαντάρχης τὸ προσταγὲν ἀραρότως ¨Ερμων συνετέλει.,,,,
3 Maccabees 5:5,3MA,3 Maccabees,5,5,"οἵ τε πρὸς τούτοις λειτουργοὶ κατὰ τὴν ἑσπέραν ἀξιόντες τὰς τῶν ταλαιπώρων ἐδέσμευον χεῖρας τήν τε λοιπὴν ἐμηχανῶντο περὶ αὐτοὺς ἀσφάλειαν, ἔννυχον δόξαντες ὁμοῦ λήψεσθαι τὸ φῦλον πέρας τῆς ὀλεθρίας.",,,,
3 Maccabees 5:6,3MA,3 Maccabees,5,6,"οἱ δὲ πάσης σκέπης ἔρημοι δοκοῦντες εἶναι τοῖς ἔθνεσιν Ἰουδαῖοι διὰ τὴν πάντοθεν περιέχουσαν αὐτοὺς μετὰ δεσμῶν ἀνάγκην,",,,,
3 Maccabees 5:7,3MA,3 Maccabees,5,7,"τὸν παντοκράτορα Κύριον καὶ πάσης δυνάμεως δυναστεύοντα, ἐλεήμονα Θεὸν αὐτῶν καὶ πατέρα, δυσκαταπαύστῳ βοῇ πάντες μετὰ δακρύων ἐπεκαλέσαντο, δεόμενοι",,,,
3 Maccabees 5:8,3MA,3 Maccabees,5,8,τὴν κατ᾿ αὐτῶν μεταστρέψαι βουλὴν ἀνοσίαν καὶ ρύσασθαι αὐτοὺς μετὰ μεγαλομεροῦς ἐπιφανείας ἐκ τοῦ παρὰ πόδας ἐν ἑτοίμῳ μόρου.,,,,
3 Maccabees 5:9,3MA,3 Maccabees,5,9,τούτων μὲν οὖν ἐκτενῶς ἡ λιτανεία ἀνέβαινεν εἰς οὐρανόν.,,,,
3 Maccabees 5:10,3MA,3 Maccabees,5,10,"Ὁ δὲ ¨Ερμων τοὺς ἀνηλεεῖς ἐλέφαντας ποτίσας πεπληρωμένους τῆς τοῦ οἴνου πολλῆς χορηγίας καὶ τοῦ λιβάνου μεμεστωμένους, ὄρθροις ἐπὶ τὴν αὐλὴν παρῆν περὶ τούτων προσαγγεῖλαι τῷ βασιλεῖ.",,,,
3 Maccabees 5:11,3MA,3 Maccabees,5,11,"τὸ δὲ ἀπ᾿ αἰῶνος χρόνου κτίσμα καλὸν ἐν νυκτὶ καὶ ἡμέρᾳ ἐπιβαλλόμενον ὑπὸ τοῦ χαριζομένου πᾶσιν, οἷς ἂν αὐτὸς θελήσῃ, ὕπνου μέρος ἀπέστειλε πρὸς τὸν βασιλέα,",,,,
3 Maccabees 5:12,3MA,3 Maccabees,5,12,"καὶ ἡδίστῳ καὶ βαθεῖ κατεσχέθη τῇ ἐνεργείᾳ τοῦ Δεσπότου, τῆς ἀθέσμου μὲν προθέσεως πολὺ διεσφαλμένος, τοῦ δὲ ἀμεταθέτου λογισμοῦ μεγάλως διεψευσμένος.",,,,
3 Maccabees 5:13,3MA,3 Maccabees,5,13,"οἱ δὲ Ἰουδαῖοι τὴν προσημανθεῖσαν ὥραν διαφυγόντες, τὸν ἅγιον ᾔνουν Θεὸν αὐτῶν καὶ πάλιν ἠξίουν τὸν εὐκατάλλακτον δεῖξαι τῆς μεγαλοσθενοῦς αὐτοῦ χειρὸς κράτος ἔθνεσιν ὑπερηφάνοις.",,,,
3 Maccabees 5:14,3MA,3 Maccabees,5,14,"μεσούσης δὲ ἤδη τῆς δεκάτης ὥρας σχεδόν, ὁ πρὸς ταῖς κλήσεσι τεταγμένος, ἀθρόους τοὺς κλητοὺς ἰδών, ἔνυξε προσελθὼν τὸν βασιλέα.",,,,
3 Maccabees 5:15,3MA,3 Maccabees,5,15,"καὶ μόλις διεγείρας ὑπέδειξε τὸν τῆς συμποσίας καιρὸν ἤδη παρατρέχοντα, τὸν περὶ τούτων λόγον ποιούμενος.",,,,
3 Maccabees 5:16,3MA,3 Maccabees,5,16,"ὃν ὁ βασιλεὺς λογισάμενος καὶ τραπεὶς εἰς τὸν πότον, ἐκέλευσε τοὺς παραγεγονότας εἰς τὴν συμποσίαν ἄντικρυς ἀνακλιθῆναι αὐτοῦ.",,,,
3 Maccabees 5:17,3MA,3 Maccabees,5,17,"οὗ καὶ γενομένου, παρῃ£νει εἰς εὐωχίαν δόντας ἑαυτούς, τὸ παρὸν τῆς συμποσίας ἐπιπολὺ γεραιρομένους εἰς εὐφροσύνην καταθέσθαι μέρος.",,,,
3 Maccabees 5:18,3MA,3 Maccabees,5,18,"ἐπὶ πλεῖον δὲ προβαινούσης τῆς ὁμιλίας, τὸν ¨Ερμωνα μεταπεμψάμενος ὁ βασιλεύς, μετὰ πικρᾶς ἀπειλῆς ἐπυνθάνετο, τίνος ἕνεκεν αἰτίας εἰάθησαν οἱ Ἰουδαῖοι τὴν παροῦσαν ἡμέραν περιβεβιωκότες;",,,,
3 Maccabees 5:19,3MA,3 Maccabees,5,19,"τοῦ δὲ ὑποδείξαντος ἐκ νυκτὸς τὸ προσταγὲν ἐπὶ τέλος ἀγηοχέναι καὶ τῶν φίλων αὐτῷ προσμαρτυρησάντων,",,,,
3 Maccabees 5:20,3MA,3 Maccabees,5,20,τὴν ὠμότητα χείρονα Φαλάριδος ἐσχηκὼς ἔφη τῷ τῆς σήμερον ὕπνῳ χάριν ἔχειν αὐτούς· ἀνυπερθέτως δὲ εἰς τὴν ἐπιτέλλουσαν ἡμέραν κατὰ τὸ ὅμοιον ἑτοίμασον τοὺς ἐλέφαντας ἐπὶ τὸν τῶν ἀθεμίτων Ἰουδαίων ἀφανισμόν.,,,,
3 Maccabees 5:21,3MA,3 Maccabees,5,21,"εἰπόντος δὲ τοῦ βασιλέως, ἀσμένως πάντες μετὰ χαρᾶς οἱ παρόντες ὁμοῦ συναινέσαντες, εἰς τὸν ἴδιον οἶκον ἕκαστος ἀνέλυσε.",,,,
3 Maccabees 5:22,3MA,3 Maccabees,5,22,"καὶ οὐχ οὕτως εἰς ὕπνον κατεχρήσαντο τὸν χρόνον τῆς νυκτός, ὡς εἰς τὸ παντοίους μηχανᾶσθαι τοῖς ταλαιπώροις δοκοῦσιν ἐμπαιγμούς.",,,,
3 Maccabees 5:23,3MA,3 Maccabees,5,23,"Ἄρτι δὲ ἀλεκτρυὼν ἐκεκράγει ὄρθριος, καὶ τὰ θηρία καθωπλικὼς ὁ ¨Ερμων ἐν τῷ μεγάλῳ περιστύλῳ διεκίνει.",,,,
3 Maccabees 5:24,3MA,3 Maccabees,5,24,"τὰ δὲ κατὰ τὴν πόλιν πλήθη συνήθροιστο πρὸς τὴν οἰκτροτάτην θεωρίαν, προσδοκῶντα τὴν πρωΐαν μετὰ σπουδῆς.",,,,
3 Maccabees 5:25,3MA,3 Maccabees,5,25,"οἱ δὲ Ἰουδαῖοι κατὰ τὸν ἀμερῆ ψυχουλκούμενοι χρόνον, πολυδάκρυον ἱκετείαν ἐν μέλεσι γοεροῖς τείνοντες τὰς χεῖρας εἰς τὸν οὐρανὸν ἐδέοντο τοῦ μεγίστου Θεοῦ πάλιν αὐτοῖς βοηθῆσαι συντόμως.",,,,
3 Maccabees 5:26,3MA,3 Maccabees,5,26,"οὔπω δὲ ἡλίου βολαὶ κατεσπείροντο, καὶ τοῦ βασιλέως τοὺς φίλους ἐκδεχομένου, ὁ ¨Ερμων παραστὰς ἐκάλει πρὸς τὴν ἔξοδον, ὑποδεικνύων τὸ πρόθυμον τοῦ βασιλέως ἐν ἑτοίμῳ κεῖσθαι.",,,,
3 Maccabees 5:27,3MA,3 Maccabees,5,27,"τοῦ δὲ ἀποδεξαμένου καὶ καταπλαγέντος ἐπὶ τῇ παρανόμῳ ἐξόδῳ, κατὰ πᾶν ἀγνωσίᾳ κεκρατημένος ἐπυνθάνετο, τί τὸ πρᾶγμα, ἀφ᾿ οὗ τοῦτο αὐτῷ μετὰ σπουδῆς τετέλεσται·",,,,
3 Maccabees 5:28,3MA,3 Maccabees,5,28,"τοῦτο δὲ ἦν ἡ ἐνέργεια τοῦ πάντα δεσποτεύοντος Θεοῦ, τῶν πρὶν αὐτῷ μεμηχανημένων λήθην κατὰ διάνοιαν ἐντεθεικότος.",,,,
3 Maccabees 5:29,3MA,3 Maccabees,5,29,"ὁ δὲ ¨Ερμων ὑπεδείκνυε καὶ πάντες οἱ φίλοι τὰ θηρία καὶ τὰς δυνάμεις ἡτοιμάσθαι, βασιλεῦ, κατὰ τὴν σὴν ἐκτενῆ πρόθεσιν.",,,,
3 Maccabees 5:30,3MA,3 Maccabees,5,30,"ὁ δὲ ἐπὶ τοῖς ρηθεῖσι πληρωθεὶς βαθεῖ χόλῳ διὰ τὸ περὶ τούτων προνοίᾳ Θεοῦ διασκεδάσθαι πᾶν αὐτοῦ τὸ νόημα, ἐνατενίσας μετὰ ἀπειλῆς εἶπεν·",,,,
3 Maccabees 5:31,3MA,3 Maccabees,5,31,"εἴ σοι γονεῖς παρῆσαν ἢ παίδων γοναί, τήνδε θηρσὶν ἀγρίοις ἐσκεύασα ἂν δαψιλῆ θοῖναν ἀντὶ τῶν ἀνεγκλήτων ἐμοὶ καὶ προγόνοις ἐμοῖς ἀποδεδειγμένων ὁλοσχερῆ βεβαίαν πίστιν ἐξόχως Ἰουδαίων.",,,,
3 Maccabees 5:32,3MA,3 Maccabees,5,32,"καίπερ εἰ μὴ διὰ τὴν τῆς συντροφίας στοργὴν καὶ τῆς χρείας, τὸ ζῆν ἀντὶ τούτων ἐστερήθης.",,,,
3 Maccabees 5:33,3MA,3 Maccabees,5,33,οὕτως ὁ ¨Ερμων ἀπροσδόκητον καὶ ἐπικίνδυνον ὑπήνεγκεν ἀπειλὴν καὶ τῇ ὁράσει καὶ τῷ προσώπῳ συνεστάλη.,,,,
3 Maccabees 5:34,3MA,3 Maccabees,5,34,"ὁ καθεὶς δὲ τῶν φίλων σκυθρωπῶς ὑπεκρέων, τοὺς συνηθροισμένους ἀπέλυσαν ἕκαστον ἐπὶ τὴν ἰδίαν ἀσχολίαν.",,,,
3 Maccabees 5:35,3MA,3 Maccabees,5,35,"οἵ τε Ἰουδαῖοι τὰ παρὰ τοῦ βασιλέως ἀκούσαντες, τὸν ἐπιφανῆ Θεὸν καὶ βασιλέα τῶν βασιλέων ᾔνουν καὶ τῆσδε τῆς βοηθείας αὐτοῦ τετευχότες.",,,,
3 Maccabees 5:36,3MA,3 Maccabees,5,36,Κατὰ δὲ τοὺς αὐτοὺς νόμους ὁ βασιλεὺς συστησάμενος πάλιν τὸ συμπόσιον εἰς εὐφροσύνην τραπῆναι παρεκάλει.,,,,
3 Maccabees 5:37,3MA,3 Maccabees,5,37,"τὸν δὲ ¨Ερμωνα προσκαλεσάμενος μετὰ ἀπειλῆς εἶπε· ποσάκις σοι δεῖ περὶ τούτων αὐτῶν προστάττειν, ἀθλιώτατε;",,,,
3 Maccabees 5:38,3MA,3 Maccabees,5,38,τοὺς ἐλέφαντας ἔτι καὶ νῦν καθόπλισον εἰς τὴν αὔριον ἐπὶ τὸν τῶν Ἰουδαίων ἀφανισμόν.,,,,
3 Maccabees 5:39,3MA,3 Maccabees,5,39,"οἱ δὲ συνανακείμενοι συγγενεῖς τὴν ἄστατον διάνοιαν αὐτοῦ θαυμάζοντες, προεφέροντο τάδε·",,,,
3 Maccabees 5:40,3MA,3 Maccabees,5,40,"βασιλεῦ, μέχρι τίνος ὡς ἀλόγους ἡμᾶς διαπειράζεις, προστάσσων ἤδη τρίτον αὐτοὺς ἀφανίσαι καὶ πάλιν ἐπὶ τῶν πραγμάτων ἐκ μεταβολῆς ἀναλύων τὰ σοὶ δεδογμένα;",,,,
3 Maccabees 5:41,3MA,3 Maccabees,5,41,"ὧν χάριν ἡ πόλις διὰ τὴν προσδοκίαν ὀχλεῖ καὶ πληθύουσα συστροφαῖς, ἤδη καὶ κινδυνεύει πολλάκις διαρπασθῆναι.",,,,
3 Maccabees 5:42,3MA,3 Maccabees,5,42,"ὅθεν ὁ κατὰ πάντα Φάλαρις βασιλεὺς ἐμπληθυνθεὶς ἀλογιστίας καὶ τὰς γινομένας πρὸς ἐπισκοπὴν τῶν Ἰουδαίων ἐν αὐτῷ μεταβολὰς τῆς ψυχῆς παρ᾿ οὐδὲν ἡγούμενος, ἀτελέστατον ἐβεβαίωσεν ὅρκον, ὁρισάμενος τούτους μὲν ἀνυπερθέτως πέμψειν εἰς ᾅδην ἐν γόνασι καὶ ποσὶ θηρίων ᾐκισμένους,",,,,
3 Maccabees 5:43,3MA,3 Maccabees,5,43,ἐπιστρατεύσαντα δὲ ἐπὶ τὴν Ἰουδαίαν ἰσόπεδον πυρὶ καὶ δόρατι θήσεσθαι διὰ τάχους καὶ τὸν ἄβατον αὐτῶν ἡμῖν ναὸν πυρὶ πρηνέα ἐν τάχει τῶν συντελούντων ἐκεῖ θυσίας ἔρημον εἰς τὸν ἅπαντα χρόνον καταστήσειν.,,,,
3 Maccabees 5:44,3MA,3 Maccabees,5,44,τότε περιχαρεῖς ἀναλύσαντες οἱ φίλοι καὶ συγγενεῖς μετὰ πίστεως διέτασσον τὰς δυνάμεις ἐπὶ τοὺς εὐκαιροτάτους τόπους τῆς πόλεως πρὸς τήρησιν.,,,,
3 Maccabees 5:45,3MA,3 Maccabees,5,45,"ὁ δὲ ἐλεφαντάρχης τὰ θηρία σχεδὸν εἰπεῖν εἰς κατάστημα μανιῶδες ἀγηοχώς, εὐωδεστάτοις πόμασιν οἴνου λελιβανωμένου φοβεραῖς κατεσκευασμένα σκευαῖς,",,,,
3 Maccabees 5:46,3MA,3 Maccabees,5,46,"περὶ τὴν ἕω, τῆς πόλεως ἤδη πλήθεσιν ἀναριθμήτοις κατὰ τοῦ ἱπποδρόμου καταμεμεστωμένης, εἰσελθὼν εἰς τὴν αὐλὴν ἐπὶ τὸ προκείμενον ὤτρυνε τὸν βασιλέα.",,,,
3 Maccabees 5:47,3MA,3 Maccabees,5,47,"ὁ δὲ ὀργῇ βαρείᾳ γεμίσας δυσσεβῆ φρένα παντὶ τῷ βάρει σὺν τοῖς θηρίοις ἐξώρμησε, βουλόμενος ἀτρώτῳ καρδίᾳ καὶ κόραις ὀφθαλμῶν θεάσασθαι τὴν ἐπίπονον καὶ ταλαίπωρον τῶν προσεσημαμμένων καταστροφήν.",,,,
3 Maccabees 5:48,3MA,3 Maccabees,5,48,"ὡς δὲ τῶν ἐλεφάντων ἐξιόντων περὶ πύλην καὶ τῆς συνεπομένης ἐνόπλου δυνάμεως τῆς τε τοῦ πλήθους πορείας κονιορτὸν ἰδόντες, καὶ βαρυηχῆ θόρυβον ἀκούσαντες οἱ Ἰουδαῖοι,",,,,
3 Maccabees 5:49,3MA,3 Maccabees,5,49,"ὑστάτην βίου ροπὴν αὐτοῖς ἐκείνην δόξαντες εἶναι τὸ τέλος τῆς ἀθλιωτάτης προσδοκίας, εἰς οἶκτον καὶ γόους τραπέντες κατεφίλουν ἀλλήλους περιπλεκόμενοι τοῖς συγγενέσιν ἐπὶ τοὺς τραχήλους ἐπιπίπτοντες, γονεῖς παισὶ καὶ μητέρες νεάνισιν, ἕτεραι δὲ νεογνὰ πρὸς μαστοὺς ἔχουσαι βρέφη τελευταῖον ἕλκοντα γάλα.",,,,
3 Maccabees 5:50,3MA,3 Maccabees,5,50,"οὐ μὴν δὲ ἀλλὰ καὶ τὰς ἔμπροσθεν αὐτῶν γεγενημένας ἀντιλήψεις ἐξ οὐρανοῦ συνιδόντες, πρηνεῖς ὁμοθυμαδὸν ρίψαντες ἑαυτοὺς καὶ τὰ νήπια χωρίσαντες τῶν μαστῶν,",,,,
3 Maccabees 5:51,3MA,3 Maccabees,5,51,"ἀνεβόησαν φωνῇ μεγάλῃ σφόδρα, τὸν τῆς ἁπάσης δυνάμεως δυνάστην ἱκετεύοντες, οἰκτεῖραι μετ᾿ ἐπιφανείας αὐτοὺς ἤδη πρὸς πύλαις ᾅδου καθεστῶτας.",,,,
3 Maccabees 6:1,3MA,3 Maccabees,6,1,"ΕΛΕΑΖΑΡΟΣ δέ τις ἀνὴρ ἐπίσημος τῶν ἀπὸ τῆς χώρας ἱερέων, ἐν πρεσβείῳ τὴν ἡλικίαν ἤδη λελογχὼς καὶ πάσῃ τῇ κατὰ τὸν βίον ἀρετῇ κεκοσμημένος, τοὺς περὶ αὐτὸν καταστείλας πρεσβυτέρους ἐπικαλεῖσθαι τὸν ἅγιον Θεὸν προσηύξατο τάδε·",,,,
3 Maccabees 6:2,3MA,3 Maccabees,6,2,"βασιλεῦ μεγαλοκράτωρ, ὕψιστε, παντοκράτωρ Θεὲ τὴν πᾶσαν διακυβερνῶν ἐν οἰκτιρμοῖς κτίσιν,",,,,
3 Maccabees 6:3,3MA,3 Maccabees,6,3,"ἔπιδε ἐπὶ Ἁβραὰμ σπέρμα, ἐπὶ ἡγιασμένου τέκνα Ἰακώβ, μερίδος ἡγιασμένης σου λαὸν ἐν ξένῃ γῇ ξένον ἀδίκως ἀπολλύμενον, πάτερ.",,,,
3 Maccabees 6:4,3MA,3 Maccabees,6,4,"σὺ Φαραὼ πληθύνοντα ἅρμασι, τὸν πρὶν Αἰγύπτου ταύτης δυνάστην, ἐπαρθέντα ἀνόμῳ θράσει καὶ γλώσσῃ μεγαλορρήμονι, σὺν τῇ ὑπερηφάνῳ στρατιᾷ ποντοβρόχους ἀπώλεσας, φέγγος ἐπιφάνας ἐλέους Ἰσραὴλ γένει.",,,,
3 Maccabees 6:5,3MA,3 Maccabees,6,5,"σὺ τὸν ἀναριθμήτοις δυνάμεσι γαυρωθέντα Σενναχηρείμ, βαρὺν Ἀσσυρίων βασιλέα, δόρατι τὴν πᾶσαν ὑποχείριον ἤδη λαβόντα γῆν καὶ μετεωρισθέντα ἐπὶ τὴν ἁγίαν σου πόλιν, βαρέα λαλοῦντα κόμπῳ καὶ θράσει σύ, Δέσποτα, ἔθραυσας, ἔκδηλον δεικνὺς ἔθνεσι πολλοῖς τὸ σὸν κράτος.",,,,
3 Maccabees 6:6,3MA,3 Maccabees,6,6,"σὺ τοὺς κατὰ τὴν Βαβυλωνίαν τρεῖς ἑταίρους, πυρὶ τὴν ψυχὴν αὐθαιρέτως δεδωκότας εἰς τὸ μὴ λατρεῦσαι τοῖς κενοῖς, διάπυρον δροσίσας κάμινον ἐρρύσω μέχρι τριχὸς ἀπημάντους, φλόγα πᾶσιν ἐπιπέμψας τοῖς ὑπεναντίοις.",,,,
3 Maccabees 6:7,3MA,3 Maccabees,6,7,"σὺ τὸν διαβολαῖς φθόνου λέουσι κατὰ γῆς ριφέντα θηρσὶ βορὰν Δανιὴλ εἰς φῶς ἀνήγαγες ἀσινῆ,",,,,
3 Maccabees 6:8,3MA,3 Maccabees,6,8,"τόν τε βυθοτρεφοῦς ἐν γαστρὶ κήτους Ἰωνᾶν τηκόμενον ἀφειδῶς ἀπήμαντον πᾶσιν οἰκείοις ἀνέδειξας, πάτερ.",,,,
3 Maccabees 6:9,3MA,3 Maccabees,6,9,"καὶ νῦν μίσυβρι, πολυέλεε, τῶν ὅλων σκεπαστά, τὸ τάχος ἐπιφάνηθι τοῖς ἀπὸ Ἰσραὴλ γένους, ὑπὸ δὲ ἐβδελυγμένων ἀνόμων ἐθνῶν ὑβριζομένοις.",,,,
3 Maccabees 6:10,3MA,3 Maccabees,6,10,"εἰ δὲ ἀσεβείαις κατὰ τὴν ἀποικίαν ὁ βίος ἡμῶν ἐνέσχηται, ρυσάμενος ἡμᾶς ἀπὸ ἐχθρῶν χειρός, ὡς προαιρῇ, Δέσποτα, ἀπόλεσον ἡμᾶς μόρῳ.",,,,
3 Maccabees 6:11,3MA,3 Maccabees,6,11,μὴ τοῖς ματαίοις οἱ ματαιόφρονες εὐλογησάτωσαν ἐπὶ τῇ τῶν ἠγαπημένων σου ἀπωλείᾳ λέγοντες· οὐδὲ ὁ Θεὸς αὐτῶν ἐρρύσατο αὐτούς.,,,,
3 Maccabees 6:12,3MA,3 Maccabees,6,12,"σὺ δὲ ὁ πᾶσαν ἀλκὴν καὶ δυναστείαν ἔχων ἅπασαν, αἰώνιε, νῦν ἔπιδε· ἐλέησον ἡμᾶς τοὺς καθ᾿ ὕβριν ἀνόμων ἀλόγιστον ἐκ τοῦ ζῆν μεθιστανομένους ἐν ἐπιβούλων τρόπῳ.",,,,
3 Maccabees 6:13,3MA,3 Maccabees,6,13,"πτηξάτω δὲ ἔθνη σὴν δύναμιν ἀνίκητον σήμερον, ἔντιμε, δύναμιν ἔχων ἐπί σωτηρίᾳ Ἰακὼβ γένους.",,,,
3 Maccabees 6:14,3MA,3 Maccabees,6,14,ἱκετεύει σε τὸ πᾶν πλῆθος τῶν νηπίων καὶ οἱ τούτων γονεῖς μετὰ δακρύων.,,,,
3 Maccabees 6:15,3MA,3 Maccabees,6,15,"δειχθήτω πᾶσιν ἔθνεσιν, ὅτι μεθ᾿ ἡμῶν εἶ, Κύριε, καὶ οὐκ ἀπέστρεψας τὸ πρόσωπόν σου ἀφ᾿ ἡμῶν, ἀλλὰ καθὼς εἶπας ὅτι οὐδ᾿ ἐν τῇ γῇ τῶν ἐχθρῶν αὐτῶν ὄντων ὑπερεῖδες αὐτούς, οὕτως ἐπιτέλεσον, Κύριε.",,,,
3 Maccabees 6:16,3MA,3 Maccabees,6,16,"Τοῦ δὲ Ἐλεαζάρου λήγοντος ἄρτι τῆς προσευχῆς, ὁ βασιλεὺς σὺν τοῖς θηρίοις καὶ παντὶ τῷ τῆς δυνάμεως φρυάγματι κατὰ τὸν ἱππόδρομον παρῆγε.",,,,
3 Maccabees 6:17,3MA,3 Maccabees,6,17,"καὶ θεωρήσαντες οἱ Ἰουδαῖοι μέγα εἰς οὐρανὸν ἀνέκραξαν, ὥστε καὶ τοὺς παρακειμένους αὐλῶνας συνηχήσαντας ἀκατάσχετον οἰμωγὴν ποιῆσαι παντὶ τῷ στρατοπέδῳ.",,,,
3 Maccabees 6:18,3MA,3 Maccabees,6,18,"τότε ὀ μεγαλόδοξος παντοκράτωρ καὶ ἀληθινὸς Θεός, ἐπιφάνας τὸ ἅγιον αὐτοῦ πρόσωπον, ἠνέῳξε τὰς οὐρανίους πύλας, ἐξ ὧν δεδοξασμένοι δύο φοβεροειδεῖς ἄγγελοι κατέβησαν φανεροὶ πᾶσι, πλὴν τοῖς Ἰουδαίοις,",,,,
3 Maccabees 6:19,3MA,3 Maccabees,6,19,καὶ ἀντέστησαν καὶ τὴν δύναμιν τῶν ὑπεναντίων ἐπλήρωσαν ταραχῆς καὶ δειλίας καὶ ἀκινήτοις ἔδησαν πέδαις.,,,,
3 Maccabees 6:20,3MA,3 Maccabees,6,20,καὶ ὑπόφρικον καὶ τὸ τοῦ βασιλέως σῶμα ἐγενήθη καὶ λήθη τὸ θράσος αὐτοῦ τὸ βαρύθυμον ἔλαβε.,,,,
3 Maccabees 6:21,3MA,3 Maccabees,6,21,καὶ ἀπέστρεψαν τὰ θηρία ἐπὶ τὰς συνεπομένας ἐνόπλους δυνάμεις καὶ κατεπάτουν αὐτὰς καὶ ὠλόθρευον.,,,,
3 Maccabees 6:22,3MA,3 Maccabees,6,22,καὶ μετεστράφη τοῦ βασιλέως ἡ ὀργὴ εἰς οἶκτον καὶ δάκρυα ὑπὲρ τῶν ἔμπροσθεν αὐτῷ μεμηχανευμένων.,,,,
3 Maccabees 6:23,3MA,3 Maccabees,6,23,"ἀκούσας γὰρ τῆς κραυγῆς καὶ συνιδῶν πρηνεῖς ἅπαντας εἰς τὴν ἀπώλειαν, δακρύσας μετὰ ὀργῆς τοῖς φίλοις διηπειλεῖτο λέγων·",,,,
3 Maccabees 6:24,3MA,3 Maccabees,6,24,"παραβασιλεύετε καὶ τυράννους ὑπερβεβήκατε ὠμότητι καὶ ἐμὲ αὐτὸν τὸν ὑμῶν εὐεργέτην ἐπιχειρεῖτε τῆς ἀρχῆς ἤδη καὶ τοῦ πνεύματος μεθιστᾶν, λάθρα μηχανώμενοι τὰ μὴ συμὑφεροντα τῇ βασιλείᾳ.",,,,
3 Maccabees 6:25,3MA,3 Maccabees,6,25,"τίς τοὺς κρατήσαντας ἡμῶν ἐν πίστει τὰ τῆς χώρας ὀχυρώματα, τῆς οἰκίας ἀποστήσας ἕκαστον ἀλόγως ἤθροισεν ἐνθάδε;",,,,
3 Maccabees 6:26,3MA,3 Maccabees,6,26,"τίς τοὺς ἐξ ἀρχῆς εὐνοίᾳ πρὸς ἡμᾶς κατὰ πάντα διαφέροντας πάντων ἐθνῶν καὶ τοὺς χειρίστους πλεονάκις ἀνθρώπων ἐπιδεδεγμένους κινδύνους, οὕτως ἀθέσμοις περιέβαλεν αἰκίαις;",,,,
3 Maccabees 6:27,3MA,3 Maccabees,6,27,"λύσατε, ἐκλύσατε ἄδικα δεσμά· εἰς τὰ ἴδια μετ᾿ εἰρήνης ἐξαποστείλατε, τὰ προπεπραγμένα παραιτησάμενοι.",,,,
3 Maccabees 6:28,3MA,3 Maccabees,6,28,"ἀπολύσατε τοὺς υἱοὺς τοῦ παντοκράτορος ἐπουρανίου Θεοῦ ζῶντος, ὃς ἀφ᾿ ἡμετέρων μέχρι τοῦ νῦν προγόνων ἀπαραπόδιστον μετὰ δόξης εὐστάθειαν παρέχει τοῖς ἡμετέροις πράγμασιν.",,,,
3 Maccabees 6:29,3MA,3 Maccabees,6,29,"ὁ μὲν οὖν ταῦτα ἔλεξεν· οἱ δὲ ἐν ἀμερεῖ χρόνῳ λυθέντες τὸν ἅγιον σωτῆρα Θεὸν αὐτῶν εὐλόγουν, ἄρτι τὸν θάνατον ἐκπεφευγότες.",,,,
3 Maccabees 6:30,3MA,3 Maccabees,6,30,"Εἶτα ὁ βασιλεὺς εἰς τὴν πόλιν ἀπαλλαγείς, τὸν ἐπὶ τῶν προσόδων προσκαλεσάμενος, ἐκέλευσεν οἴνους τε καὶ τὰ λοιπὰ πρὸς εὐωχίαν ἐπιτήδεια τοῖς Ἰουδαίοις χορηγεῖν ἐπὶ ἡμέρας ἑπτά, κρίνας αὐτοὺς ἐν ᾧ τόπῳ ἔδοξαν τὸν ὄλεθρον ἀναλαμβάνειν, ἐν τούτῳ ἐν εὐφροσύνῃ πάσῃ σωτήρια ἄγειν.",,,,
3 Maccabees 6:31,3MA,3 Maccabees,6,31,"τότε οἱ πρὶν ἐπονείδιστοι καὶ πλησίον τοῦ ᾅδου, μᾶλλον δ᾿ ἐπ᾿ αὐτῷ βεβηκότες, ἀντὶ πικροῦ καὶ δυσαιάκτου μόρου, κώθωνα σωτήριον συστησάμενοι, τὸν εἰς πτῶσιν αὐτοῖς καὶ τάφον ἡτοιμασμένον τόπον κλισίαις κατεμέρισαν πλήρεις χαρμονῆς.",,,,
3 Maccabees 6:32,3MA,3 Maccabees,6,32,"καταλήξαντες δὲ θρήνου πανόδυρτον μέλος ἀνέλαβον ᾠδὴν πάτριον, τὸν σωτῆρα καὶ τερατοποιὸν αἰνοῦντες Θεόν· οἰμωγήν τε πᾶσαν καὶ κωκυτὸν ἀπωσάμενοι χοροὺς συνίσταντο εὐφροσύνης εἰρηνικῆς σημεῖον.",,,,
3 Maccabees 6:33,3MA,3 Maccabees,6,33,"ὡσαύτως δὲ καὶ ὁ βασιλεὺς περὶ τούτων συμπόσιον βαρὺ συναγαγών, ἀδιαλείπτως εἰς οὐρανὸν ἀνθωμολογεῖτο μεγαλοπρεπῶς ἐπὶ τῇ παραδόξῳ γενηθείσῃ αὐτῷ σωτηρίᾳ.",,,,
3 Maccabees 6:34,3MA,3 Maccabees,6,34,"οἵ τε πρὶν εἰς ὄλεθρον καὶ οἰωνοβρώτους αὐτοὺς ἔσεσθαι τιθέμενοι, μετὰ χαρᾶς ἀπογραψάμενοι κατεστέναξαν, αἰσχύνην ἐφ᾿ ἑαυτοῖς περιβαλλόμενοι καὶ τὴν πυρίπνουν τόλμαν ἀκλεῶς ἐσβεσμένοι.",,,,
3 Maccabees 6:35,3MA,3 Maccabees,6,35,"οἵ τε Ἰουδαῖοι, καθὼς προειρήκαμεν, συστησάμενοι τὸν προειρημένον χορόν, μετ᾿ εὐωχίας ἐν ἐξομολογήσεσιν ἱλαραῖς καὶ ψαλμοῖς διῆγον,",,,,
3 Maccabees 6:36,3MA,3 Maccabees,6,36,"καὶ κοινὸν ὁρισάμενοι περὶ τούτων θεσμὸν ἐπὶ πᾶσαν τὴν παροικίαν αὐτῶν εἰς γενεάς, τὰς προειρημένας ἡμέρας ἄγειν ἔστησαν εὐφροσύνους, οὐ πότου χάριν καὶ λιχνείας, σωτηρίας δὲ τῆς διὰ Θεὸν γενομένης αὐτοῖς.",,,,
3 Maccabees 6:37,3MA,3 Maccabees,6,37,ἐνέτυχον δὲ τῷ βασιλεῖ τὴν ἀπόλυσιν αὐτῶν εἰς τὰ ἴδια αἰτούμενοι.,,,,
3 Maccabees 6:38,3MA,3 Maccabees,6,38,"ἀπογράφονται δὲ αὐτοὺς ἀπὸ πέμπτης καὶ εἰκάδος τοῦ Παχὼν ἕως τῆς τετάρτης τοῦ Ἐπιφί, ἐπὶ ἡμέρας τεσσαράκοντα, συνίστανται δὲ αὐτῶν τὴν ἀπώλειαν ἀπὸ πέμπτης τοῦ Ἐπιφὶ ἕως ἑβδόμης, ἡμέραις τρισίν,",,,,
3 Maccabees 6:39,3MA,3 Maccabees,6,39,ἐν αἷς καὶ μεγαλοδόξως ἐπιφάνας τὸ ἔλεος αὐτοῦ ὁ τῶν ὅλων δυνάστης ἀπταίστους αὐτοὺς ἐρρύσατο ὁμοθυμαδόν.,,,,
3 Maccabees 6:40,3MA,3 Maccabees,6,40,"εὐωχοῦντο δὲ πάνθ᾿ ὑπὸ τοῦ βασιλέως χορηγούμενοι μέχρι τῆς τεσσαρεσκαιδεκάτης, ἐν ᾗ καὶ τὴν ἐντυχίαν ἐποιήσαντο περὶ τῆς ἀπολύσεως αὐτῶν.",,,,
3 Maccabees 6:41,3MA,3 Maccabees,6,41,συναινέσας τε αὐτοῖς ὁ βασιλεὺς ἔγραψεν αὐτοῖς τὴν ὑπογεγραμμένην ἐπιστολὴν πρὸς τοὺς κατὰ πόλιν στρατηγοὺς μεγαλοψύχως τὴν ἐκτενίαν ἔχουσαν.,,,,
3 Maccabees 7:1,3MA,3 Maccabees,7,1,‘ΒΑΣΙΛΕΥΣ Πτολεμαῖος ὁ Φιλοπάτωρ τοῖς κατ᾿ Αἴγυπτον στρατηγοῖς καὶ πᾶσι τοῖς τεταγμένοις ἐπὶ πραγμάτων χαίρειν καὶ ἐρρῶσθαι·,,,,
3 Maccabees 7:2,3MA,3 Maccabees,7,2,"ἐρρώμεθα δὲ καὶ αὐτοὶ καὶ τὰ τέκνα ἡμῶν, κατευθύναντος ἡμῖν τοῦ μεγάλου Θεοῦ τὰ πράγματα καθὼς προαιρούμεθα.",,,,
3 Maccabees 7:3,3MA,3 Maccabees,7,3,"τῶν φίλων τινές, κακοηθείᾳ πυκνότερον ἡμῖν παρακείμενοι, συνέπεισαν ἡμᾶς εἰς τὸ τοὺς ὑπὸ τὴν βασιλείαν Ἰουδαίους συναθροίσαντας σύστημα κολάσασθαι ξενιζούσαις ἀποστατῶν τιμωρίαις,",,,,
3 Maccabees 7:4,3MA,3 Maccabees,7,4,"προσφερόμενοι μήποτε εὐσταθήσειν τὰ πράγματα ἡμῶν, δι᾿ ἣν ἔχουσιν οὗτοι πρὸς πάντα τὰ ἔθνη δυσμένειαν, μέχρις ἂν συντελεσθῇ τοῦτο.",,,,
3 Maccabees 7:5,3MA,3 Maccabees,7,5,"οἳ καὶ δεσμίους καταγαγόντες αὐτοὺς μετὰ σκυλμῶν ὡς ἀνδράποδα, μᾶλλον δὲ ὡς ἐπιβούλους, ἄνευ πάσης ἀνακρίσεως καὶ ἐξετάσεως ἐπεχείρησαν ἀνελεῖν, νόμου Σκυθῶν ἀγριωτέραν ἐμπεπορπημένοι ὠμότητα.",,,,
3 Maccabees 7:6,3MA,3 Maccabees,7,6,"ἡμεῖς δὲ ἐπὶ τούτοις σκληρότερον διαπειλησάμενοι, καθ᾿ ἣν ἔχομεν πρὸς ἅπαντας ἀνθρώπους ἐπιείκειαν, μόγις τὸ ζῆν αὐτοῖς χαρισάμενοι καὶ τὸν ἐπουράνιον Θεὸν ἐγνωκότες ἀσφαλῶς ὑπερησπικότα τῶν Ἰουδαίων, ὡς πατέρα ὑπὲρ υἱῶν διαπαντὸς ὑπερμαχοῦντα,",,,,
3 Maccabees 7:7,3MA,3 Maccabees,7,7,"τήν τε τοῦ φίλου ἣν ἔχουσι πρὸς ἡμᾶς βεβαίαν καὶ τοὺς προγόνους ἡμῶν εὔνοιαν ἀναλογισάμενοι, δικαίως ἀπολελύκαμεν πάσης καθ᾿ ὁντινοῦν αἰτίας τρόπον",,,,
3 Maccabees 7:8,3MA,3 Maccabees,7,8,"καὶ προστετάχαμεν ἑκάστῳ πάντας εἰς τὰ ἴδια ἐπιστρέφειν, ἐν παντὶ τόπῳ μηθενὸς αὐτοὺς τὸ σύνολον καταβλάπτοντος, μήτε ὀνειδίζειν περὶ τῶν γεγενημένων παρὰ λόγον.",,,,
3 Maccabees 7:9,3MA,3 Maccabees,7,9,"γινώσκετε γὰρ ὅτι κατὰ τούτων, ἐάν τι κακοτεχνήσωμεν πονηρὸν ἢ ἐπιλυπήσωμεν αὐτοὺς τὸ σύνολον, οὐκ ἄνθρωπον, ἀλλὰ τὸν πάσης δεσπόζοντα δυνάμεως Θεὸν ὕψιστον ἀντικείμενον ἡμῖν ἐπ᾿ ἐκδικήσει τῶν πραγμάτων κατὰ πᾶν ἀφεύκτως διὰ παντὸς ἕξομεν. ἔρρωσθε’.",,,,
3 Maccabees 7:10,3MA,3 Maccabees,7,10,"Λαβόντες δὲ τὴν ἐπιστολὴν ταύτην οὐκ ἐσπούδασαν εὐθέως γενέσθαι περὶ τὴν ἄφοδον, ἀλλὰ τὸν βασιλέα προσηξίωσαν τοὺς ἐκ τοῦ γένους τῶν Ἰουδαίων τὸν ἅγιον Θεὸν αὐθαιρέτως παραβεβηκότας καὶ τοῦ Θεοῦ τὸν νόμον τυχεῖν δι᾿ αὐτῶν τῆς ὀφειλομένης κολάσεως,",,,,
3 Maccabees 7:11,3MA,3 Maccabees,7,11,προφερόμενοι τοὺς γαστρὸς ἕνεκεν τὰ θεῖα παραβεβηκότας προστάγματα μηδέποτε εὐνοήσειν μηδὲ τοῖς τοῦ βασιλέως πράγμασιν.,,,,
3 Maccabees 7:12,3MA,3 Maccabees,7,12,"ὁ δὲ τἀληθὲς αὐτοὺς λέγειν παραδεξάμενος καὶ συναινέσας ἔδωκεν αὐτοῖς ἄδειαν πάντων, ὅπως τοὺς παραβεβηκότας τοῦ Θεοῦ τὸν νόμον ἐξολοθρεύσωσι κατὰ πάντα τὸν ὑπὸ τὴν βασιλείαν αὐτοῦ τόπον μετὰ παρρησίας ἄνευ πάσης βασιλικῆς ἐξουσίας καὶ ἐπισκέψεως.",,,,
3 Maccabees 7:13,3MA,3 Maccabees,7,13,"τότε κατευφημήσαντες αὐτόν, ὡς πρέπον ἦν, οἱ τούτων ἱερεῖς καὶ πᾶν τὸ πλῆθος ἐπιφωνήσαντες τὸ ἀλληλούϊα, μετὰ χαρᾶς ἀνέλυσαν.",,,,
3 Maccabees 7:14,3MA,3 Maccabees,7,14,τότε τὸν ἐμπεσόντα τῶν μεμιασμένων ὁμοεθνῆ κατὰ τὴν ὁδὸν ἐκολάζοντο καὶ μετὰ παραδειγματισμῶν ἀνῃ£ρουν.,,,,
3 Maccabees 7:15,3MA,3 Maccabees,7,15,ἐκείνῃ δὲ τῇ ἡμέρᾳ ἀνεῖλον ὑπὲρ τοὺς τριακοσίους ἄνδρας καὶ ἤγαγον εὐφροσύνην μετὰ χαρᾶς τοὺς βεβήλους χειρωσάμενοι.,,,,
3 Maccabees 7:16,3MA,3 Maccabees,7,16,"αὐτοὶ δὲ οἱ μέχρι θανάτου τὸν Θεὸν ἐσχηκότες, παντελῆ σωτηρίας ἀπόλαυσιν εἰληφότες, ἀνέζευξαν ἐκ τῆς πόλεως παντοίοις εὐωδεστάτοις ἄνθεσι κατεστεμμένοι μετ᾿ εὐφροσύνης καὶ βοῆς, ἐν αἴνοις καὶ παμμελέσιν ὕμνοις εὐχαριστοῦντες τῷ Θεῷ τῶν πατέρων αὐτῶν αἰωνίῳ σωτῆρι τοῦ Ἰσραήλ.",,,,
3 Maccabees 7:17,3MA,3 Maccabees,7,17,"Παραγενηθέντες δὲ εἰς Πτολεμαΐδα τὴν ὀνομαζομένην διὰ τὴν τοῦ τόπου ἰδιότητα ροδοφόρον, ἐν ᾗ προσέμεινεν αὐτούς ὁ στόλος κατὰ κοινὴν αὐτῶν βουλὴν ἡμέρας ἑπτά,",,,,
3 Maccabees 7:18,3MA,3 Maccabees,7,18,"ἐκεῖ ἐποίησαν πότον σωτήριον, τοῦ βασιλέως χορηγήσαντος αὐτοῖς εὐψύχως τὰ πρὸς τὴν ἄφιξιν πάντα ἑκάστῳ ἕως εἰς τὴν ἰδίαν οἰκίαν.",,,,
3 Maccabees 7:19,3MA,3 Maccabees,7,19,"καταχθέντες δὲ μετ᾿ εἰρήνης ἐν ταῖς πρεπούσαις ἐξομολογήσεσιν, ὡσαύτως κἀκεῖ ἔστησαν καὶ ταύτας ἄγειν τὰς ἡμέρας ἐπὶ τὸν τῆς παροικίας αὐτῶν χρόνον εὐφροσύνους.",,,,
3 Maccabees 7:20,3MA,3 Maccabees,7,20,"ἃς καὶ ἀνιερώσαντες ἐν στήλῃ κατὰ τὸν συμποσίας τόπον προσευχῆς καθιδρύσαντες, ἀνέλυσαν ἀσινεῖς, ἐλεύθεροι, ὑπερχαρεῖς, διά τε γῆς καὶ θαλάσσης καὶ ποταμοῦ ἀνασωζόμενοι τῇ τοῦ βασιλέως ἐπιταγῇ, ἕκαστος εἰς τὴν ἰδίαν",,,,
3 Maccabees 7:21,3MA,3 Maccabees,7,21,"καὶ πλείστην ἢ ἔμπροσθεν ἐν τοῖς ἐχθροῖς ἐξουσίαν ἐσχηκότες μετὰ δόξης καὶ φόβου, τὸ σύνολον ὑπὸ μηδενὸς διασεισθέντες τῶν ὑπαρχόντων.",,,,
3 Maccabees 7:22,3MA,3 Maccabees,7,22,"καὶ πάντα τὰ ἑαυτῶν πάντες ἐκομίσαντο ἐξ ἀπογραφῆς, ὥστε τούς ἔχοντάς τι μετὰ φόβου μεγίστου ἀποδοῦναι αὐτοῖς, τὰ μεγαλεῖα τοῦ μεγίστου Θεοῦ ποιήσαντος τελείως ἐπὶ σωτηρίᾳ αὐτῶν.",,,,
3 Maccabees 7:23,3MA,3 Maccabees,7,23,εὐλογητὸς ὁ ρύστης Ἰσραὴλ εἰς τοὺς ἀεὶ χρόνους. Ἀμήν.,,,,
4 Maccabees 1:1,4MA,4 Maccabees,1,1,"Φιλοσοφώτατον λόγον ἐπιδείκνυσθαι μέλλων, εἰ αὐτοδέσποτός ἐστι τῶν παθῶν ὁ εὐσεβὴς λογισμός, συμβουλεύσαιμ' ἂν ὑμῖν ὀρθῶς, ὅπως προθύμως προσέχητε τῇ φιλοσοφίᾳ.",,,,
4 Maccabees 1:2,4MA,4 Maccabees,1,2,"καὶ γὰρ ἀναγκαῖος εἰς ἐπιστήμην παντὶ ὁ λόγος καὶ ἄλλως τῆς μεγίστης ἀρετῆς, λέγω δὴ φρονήσεως, περιέχει ἔπαινον.",,,,
4 Maccabees 1:3,4MA,4 Maccabees,1,3,"εἰ ἄρα τῶν σωφροσύνης κωλυτικῶν παθῶν ὁ λογισμὸς φαίνεται ἐπικρατεῖν, γαστριμαργίας τε καὶ ἐπιθυμίας,",,,,
4 Maccabees 1:4,4MA,4 Maccabees,1,4,"ἀλλὰ καὶ τῶν τῆς δικαιοσύνης ἐμποδιστικῶν παθῶν κυριεύειν ἀναφαίνεται, οἷον κακοηθείας, καὶ τῶν τῆς ἀνδρείας ἐμποδιστικῶν παθῶν, θυμοῦ τε καὶ πόνου καὶ φόβου.",,,,
4 Maccabees 1:5,4MA,4 Maccabees,1,5,"πῶς οὖν, ἴσως εἴποιεν ἄν τινες, εἰ τῶν παθῶν ὁ λογισμὸς κρατεῖ, λήθης καὶ ἀγνοίας οὐ δεσπόζει; γελοῖον ἐπιχειροῦντες λέγειν·",,,,
4 Maccabees 1:6,4MA,4 Maccabees,1,6,"οὐ γὰρ τῶν ἑαυτοῦ παθῶν ὁ λογισμὸς κρατεῖ, ἀλλὰ τῶν τῆς δικαιοσύνης καὶ ἀνδρείας καὶ σωφροσύνης καὶ φρονήσεως ἐναντίων, καὶ τούτων οὐχ ὥστε αὐτὰ καταλῦσαι, ἀλλ' ὥστε αὐτοῖς μὴ εἶξαι.",,,,
4 Maccabees 1:7,4MA,4 Maccabees,1,7,πολλαχόθεν μὲν οὖν καὶ ἀλλαχόθεν ἔχοιμ' ἂν ὑμῖν ἐπιδεῖξαι ὅτι αὐτοκράτωρ ἐστὶ τῶν παθῶν ὁ εὐσεβὴς λογισμός.,,,,
4 Maccabees 1:8,4MA,4 Maccabees,1,8,"πολὺ δὲ πλέον τοῦτο ἀποδείξαιμι ἀπὸ τῆς ἀνδραγαθίας τῶν ὑπὲρ ἀρετῆς ἀποθανόντων, Ἐλεαζάρου τε καὶ τῶν ἑπτὰ ἀδελφῶν καὶ τῆς τούτων μητρός. ἅπαντες γὰρ οὗτοι τοὺς ἕως θανάτου πόνους ὑπεριδόντες, ἐπεδείξαντο ὅτι περικρατεῖ τῶν παθῶν ὁ λογισμός.",,,,
4 Maccabees 1:10,4MA,4 Maccabees,1,10,"τῶν μὲν οὖν ἀρετῶν ἔπεστί μοι ἐπαινεῖν τοὺς κατὰ τοῦτον τὸν καιρὸν ὑπὲρ τῆς καλοκἀγαθίας ἀποθανόντας μετὰ τῆς μητρὸς ἄνδρας, τῶν δὲ τιμῶν μακαρίσαιμ' ἄν.",,,,
4 Maccabees 1:11,4MA,4 Maccabees,1,11,"θαυμασθέντες γὰρ ἐκεῖνοι οὐ μόνον ὑπὸ πάντων ἀνθρώπων ἐπὶ τῇ ἀνδρείᾳ καὶ τῇ ὑπομονῇ, ἀλλὰ καὶ ὑπὸ τῶν αἰκισαμένων, αἴτιοι κατέστησαν τοῦ καταλυθῆναι τὴν κατὰ τοῦ ἔθνους τυραννίδα, νικήσαντες τὸν τύραννον τῇ ὑπομονῇ, ὥστε δι' αὐτῶν καθαρισθῆναι τὴν πατρίδα.",,,,
4 Maccabees 1:12,4MA,4 Maccabees,1,12,"ἀλλὰ καὶ περὶ τούτου νῦν αὐτίκα δὴ λέγειν ἐξέσται ἀρξαμένῳ τῆς ὑποθέσεως, ὥσπερ εἴωθα ποιεῖν, καὶ οὕτως εἰς τὸν περὶ αὐτῶν τρέψομαι λόγον δόξαν διδοὺς τῷ πανσόφῳ Θεῷ.",,,,
4 Maccabees 1:13,4MA,4 Maccabees,1,13,"Ζητοῦμεν δὴ τοίνυν, εἰ αὐτοκράτωρ ἐστὶ τῶν παθῶν ὁ λογισμός.",,,,
4 Maccabees 1:14,4MA,4 Maccabees,1,14,"διακρίνομεν δὲ τί ποτέ ἐστι λογισμὸς καὶ τί πάθος, καὶ πόσαι παθῶν ἰδέαι, καὶ εἰ πάντων ἐπικρατεῖ τούτων ὁ λογισμός.",,,,
4 Maccabees 1:15,4MA,4 Maccabees,1,15,λογισμὸς μὲν δὴ τοίνυν ἐστὶ νοῦς μετὰ ὀρθοῦ λόγου προτιμῶν τὸν σοφίας βίον.,,,,
4 Maccabees 1:16,4MA,4 Maccabees,1,16,σοφία δὴ τοίνυν ἐστὶ γνῶσις θείων καὶ ἀνθρωπίνων πραγμάτων καὶ τῶν τούτων αἰτίων.,,,,
4 Maccabees 1:17,4MA,4 Maccabees,1,17,"αὕτη δὴ τοίτυν ἐστὶν ἡ τοῦ νόμου παιδεία, δι' ἧς τὰ θεῖα σεμνῶς καὶ τὰ ἀνθρώπινα συμφερόντως μανθάνομεν.",,,,
4 Maccabees 1:18,4MA,4 Maccabees,1,18,"τῆς δὲ σοφίας ἰδέαι καθεστήκασι τέσσαρες, φρόνησις καὶ δικαιοσύνη καὶ ἀνδρεία καὶ σωφροσύνη·",,,,
4 Maccabees 1:19,4MA,4 Maccabees,1,19,"κυριωτάτη δὲ πασῶν ἡ φρόνησις, ἐξ ἧς δὴ τῶν παθῶν ὁ λογισμὸς ἐπικρατεῖ.",,,,
4 Maccabees 1:20,4MA,4 Maccabees,1,20,"παθῶν δὲ φύσεις εἰσὶν αἱ περιεκτικώταται δύο, ἡδονή τε καὶ πόνος· τούτων δὲ ἑκάτερον καὶ περὶ τὸ σῶμα καὶ περὶ τὴν ψυχὴν πέφυκεν.",,,,
4 Maccabees 1:21,4MA,4 Maccabees,1,21,πολλαὶ δὲ καὶ περὶ τὴν ἡδονὴν καὶ τὸν πόνον παθῶν εἰσιν ἀκολουθίαι.,,,,
4 Maccabees 1:22,4MA,4 Maccabees,1,22,πρὸ μὲν οὖν τῆς ἡδονῆς ἐστιν ἐπιθυμία· μετὰ δὲ τὴν ἡδονὴν χαρά.,,,,
4 Maccabees 1:23,4MA,4 Maccabees,1,23,"πρὸ δὲ τοῦ πόνου ἐστὶ φόβος, μετὰ δὲ τὸν πόνον λύπη.",,,,
4 Maccabees 1:24,4MA,4 Maccabees,1,24,"θυμὸς δὲ κοινὸν πάθος ἐστὶν ἡδονῆς καὶ πόνου, ἐὰν ἐννοηθῇ τις ὅτι αὐτῷ περιέπεσεν.",,,,
4 Maccabees 1:25,4MA,4 Maccabees,1,25,"ἐν δὲ τῇ ἡδονῇ ἔνεστι καὶ ἡ κακοήθης διάθεσις, πολυτροπωτάτη πάντων τῶν παθῶν οὖσα.",,,,
4 Maccabees 1:26,4MA,4 Maccabees,1,26,"κατὰ μὲν τὴν ψυχὴν ἀλαζονεία, καὶ φιλαργυρία καὶ φιλοδοξία καὶ φιλονικία, ἀπιστία καὶ βασκανία·",,,,
4 Maccabees 1:27,4MA,4 Maccabees,1,27,"κατὰ δὲ τὸ σῶμα, παντοφαγία καὶ λαιμαργία καὶ μονοφαγία.",,,,
4 Maccabees 1:28,4MA,4 Maccabees,1,28,"καθάπερ οὖν δυοῖν τοῦ σώματος καὶ τῆς ψυχῆς φυτῶν ὄντων ἡδονῆς τε καὶ πόνου, πολλαὶ τούτων τῶν φυτῶν εἰσι παραφυάδες,",,,,
4 Maccabees 1:29,4MA,4 Maccabees,1,29,ὧν ἑκάστην ὁ παγγέωργος λογισμὸς περικαθαίρων τε καὶ ἀποκνίζων καὶ περιπλέκων καὶ ἐπάρδων καὶ πάντα τρόπον μεταχέων ἐξημεροῖ τὰς τῶν ἠθῶν καὶ παθῶν ὕλας.,,,,
4 Maccabees 1:30,4MA,4 Maccabees,1,30,"ὁ γὰρ λογισμὸς τῶν μὲν ἀρετῶν ἐστιν ἡγεμών, τῶν δέ παθῶν αὐτοκράτωρ. Ἐπιθεωρεῖτε τοίνυν πρῶτον διὰ τῶν κωλυτικῶν τῆς σωφροσύνης ἔργων, ὅτι αὐτοδέσποτός ἐστι τῶν παθῶν ὁ λογισμός.",,,,
4 Maccabees 1:31,4MA,4 Maccabees,1,31,"σωφροσύνη δὴ τοίνην ἐστὶν ἐπικράτεια τῶν ἐπιθυμιῶν,",,,,
4 Maccabees 1:32,4MA,4 Maccabees,1,32,"τῶν δὲ ἐπιθυμιῶν αἱ μέν εἰσι ψυχικαί, αἱ δὲ σωματικαί, καὶ τούτων ἀμφοτέρων ὁ λογισμὸς ἐπικρατεῖν φαίνεται.",,,,
4 Maccabees 1:33,4MA,4 Maccabees,1,33,ἐπεὶ πόθεν κινούμενοι πρὸς τὰς ἀπειρημένας τροφὰς ἀποστρεφόμεθα τὰς ἐξ αὐτῶν ἡδονάς; οὐχ ὅτι δύναται τῶν ὀρέξεων ἐπικρατεῖν ὁ λογισμός; ἐγὼ μὲν οἶμαι.,,,,
4 Maccabees 1:34,4MA,4 Maccabees,1,34,τοιγαροῦν ἐνύδρων ἐπιθυμοῦντες καὶ ὀρνέων καὶ τετραπόδων καὶ παντοίων βρωμάτων τῶν ἀπηγορευμένων ἡμῖν κατὰ τὸν νόμον ἀπεχόμεθα διὰ τὴν τοῦ λογισμοῦ ἐπικράτειαν.,,,,
4 Maccabees 1:35,4MA,4 Maccabees,1,35,"ἀνέχεται γὰρ τὰ τῶν ὀρέξεων πάθη ὑπὸ τοῦ σώφρονος νοὸς ἀνακαμπτόμενα, καὶ φιμοῦται πάντα τὰ τοῦ σώματος κινήματα τοῦ λογισμοῦ.",,,,
4 Maccabees 2:1,4MA,4 Maccabees,2,1,Καὶ τί θαυμαστόν; εἰ αἱ τῆς ψυχῆς ἐπιθυμίαι πρὸς τὴν τοῦ κάλλους μετουσίαν ἀκυροῦνται;,,,,
4 Maccabees 2:2,4MA,4 Maccabees,2,2,"ταύτῃ γοῦν ὁ σώφρων Ἰωσὴφ ἐπαινεῖται, ὅτι τῷ λογισμῷ καὶ τῇ διανοίᾳ περιεκράτησε τῆς ἡδυπαθείας.",,,,
4 Maccabees 2:3,4MA,4 Maccabees,2,3,νέος γὰρ ὢν καὶ ἀκμάζων πρὸς συνουσιασμὸν ἠκύρωσε τῷ λογισμῷ τὸν τῶν παθῶν οἶστρον.,,,,
4 Maccabees 2:4,4MA,4 Maccabees,2,4,"οὐ μόνον δὲ τὴν τῆς ἡδυπαθείας οἰστρηλασίαν ἐπικρατεῖν ὁ λογισμὸς φαίνεται, ἀλλὰ καὶ πάσης ἐπιθυμίας.",,,,
4 Maccabees 2:5,4MA,4 Maccabees,2,5,λέγει γοῦν ὁ νόμος· οὐκ ἐπιθυμήσεις τὴν γυναῖκα τοῦ πλησίον σου οὐδὲ ὅσα τῷ πλησίον σου ἐστίν.,,,,
4 Maccabees 2:6,4MA,4 Maccabees,2,6,"καίτοι ὅτε μὴ ἐπιθυμεῖν ἡμᾶς εἴρηκεν ὁ νόμος, πολὺ πλέον πείσαιμ' ἂν ὑμᾶς ὅτι τῶν ἐπιθυμιῶν κρατεῖν δύναται ὁ λογισμός. ¨Ωσπερ καὶ τῶν κωλυτικῶν τῆς δικαιοσύνης παθῶν·",,,,
4 Maccabees 2:7,4MA,4 Maccabees,2,7,"ἐπεὶ τίνα τρόπον μονοφάγος τις ὢν τὸ ἦθος καὶ γαστρίμαργος καὶ μέθυσος μεταπαιδεύεται, εἰ μὴ δῆλον ὅτι κύριός ἐστι τῶν παθῶν ὁ λογισμός;",,,,
4 Maccabees 2:8,4MA,4 Maccabees,2,8,"αὐτίκα γοῦν τῷ νόμῳ πολιτευόμενος, κἂν φιλάργυρός τις ᾖ, βιάζεται τὸν ἑαυτοῦ τρόπον τοῖς δεομένοις δανείζων χωρὶς τόκων, καὶ τὸ δάνειον τῶν ἑβδομάδων ἐνστασῶν χρεοκοπούμενος.",,,,
4 Maccabees 2:9,4MA,4 Maccabees,2,9,"κἂν φειδωλός τις ᾖ, ὑπὸ τοῦ νόμου κρατεῖται διὰ τὸν λογισμὸν μήτε ἐπικαρπολογούμενος τοὺς ἀμητοὺς μήτε ἐπιρρωγολογούμενος τοὺς ἀμπελῶνας. Καὶ ἐπὶ τῶν ἑτέρων ἔστιν ἐπιγνῶναι τοῦτο, ὅτι τῶν παθῶν ἐστιν ὁ λογισμὸς κρατῶν.",,,,
4 Maccabees 2:10,4MA,4 Maccabees,2,10,ὁ γὰρ νόμος καὶ τῆς πρὸς γονεῖς εὐνοίας κρατεῖ μὴ καταπροδιδοὺς τὴν ἀρετὴν δι' αὐτοὺς,,,,
4 Maccabees 2:11,4MA,4 Maccabees,2,11,καὶ τῆς πρὸς γαμετὴν φιλίας ἐπικρατεῖ διὰ παρανομίαν αὐτὴν ἀπελέγχων.,,,,
4 Maccabees 2:12,4MA,4 Maccabees,2,12,καὶ τῆς τέκνων φιλίας κυριεύει διὰ κακίαν αὐτὰ κολάζων καὶ τῆς φίλων συνηθείας δεσπόζει διὰ πονηρίαν αὐτοὺς ἐξελέγχων.,,,,
4 Maccabees 2:13,4MA,4 Maccabees,2,13,"καὶ μὴ νομίσητε παράδοξον εἶναι, ὅπου γε καὶ ἔχθρας ὁ λογισμὸς ἐπικρατεῖν δύναται διὰ τὸν νόμον,",,,,
4 Maccabees 2:14,4MA,4 Maccabees,2,14,"μήτε δενδροτομῶν τὰ ἥμερα τῶν πολεμίων φυτά, τὰ δὲ τῶν ἐχθρῶν τοῖς ἀπολέσασι διασώζων καὶ τὰ πεπτωκότα συνεγείρων.",,,,
4 Maccabees 2:15,4MA,4 Maccabees,2,15,"Καὶ τῶν βιαιοτέρων δὲ παθῶν ἐπικρατεῖν ὁ λογισμὸς φαίνεται, φιλαρχίας καὶ κενοδοξίας καὶ ἀλαζονείας καὶ μεγαλαυχίας καὶ βασκανίας.",,,,
4 Maccabees 2:16,4MA,4 Maccabees,2,16,"πάντα γὰρ ταῦτα τὰ κακοήθη πάθη ὁ σώφρων νοῦς εἰς ἀγαθὸν προτρέπων ἀπωθεῖται καὶ βιάζεται, ὥσπερ καὶ τὸν θυμόν· καὶ γὰρ τούτου δεσπόζει.",,,,
4 Maccabees 2:17,4MA,4 Maccabees,2,17,"θυμούμενός γέ τοι Μωσῆς κατὰ Δαθὰν καὶ Ἀβειρὼν οὐ θυμῷ τι κατ' αὐτῶν ἐποίησεν, ἀλλὰ λογισμῷ τὸν θυμὸν διῃ£τησεν.",,,,
4 Maccabees 2:18,4MA,4 Maccabees,2,18,"δυνατὸς γὰρ ὁ σώφρων νοῦς, ὡς ἔφην, κατὰ τῶν παθῶν ἀριστεῦσαι καὶ τὰ μὲν αὐτῶν μεταθεῖναι, τὰ δὲ καὶ ἀκυρῶσαι.",,,,
4 Maccabees 2:19,4MA,4 Maccabees,2,19,"ἐπεὶ διατί ὁ πάνσοφος ἡμῶν πατὴρ Ἰακὼβ τοὺς περὶ Συμεὼν καὶ Λευΐν αἰτιᾶται, μὴ λογισμῷ τοὺς Σικιμίτας ἐθνηδὸν ἀποσφάξαντας λέγων· ἐπικατάρατος ὁ θυμὸς αὐτῶν;",,,,
4 Maccabees 2:20,4MA,4 Maccabees,2,20,"εἰ μὴ γὰρ ἐδύνατο τοῦ θυμοῦ ὁ λογισμὸς κρατεῖν, οὐκ ἂν εἶπεν οὕτως.",,,,
4 Maccabees 2:21,4MA,4 Maccabees,2,21,"ὁπηνίκα γὰρ ὁ Θεὸς τὸν ἄνθρωπον κατεσκεύασε, τὰ πάθη αὐτοῦ καὶ τὰ ἤθη περιεφύτευσεν.",,,,
4 Maccabees 2:22,4MA,4 Maccabees,2,22,"ἡνίκα δὲ ἐπὶ πάντων τὸν ἱερὸν ἡγεμόνα νοῦν διὰ τῶν ἔνδον αἰσθητηρίων ἐνεθρόνισε,",,,,
4 Maccabees 2:23,4MA,4 Maccabees,2,23,"καί τούτῳ νόμον ἔδωκε, καθ' ὃν πολιτευόμενος βασιλεύσει βασιλείαν σώφρονά τε καὶ δικαίαν καὶ ἀγαθὴν καὶ ἀνδρείαν.",,,,
4 Maccabees 2:24,4MA,4 Maccabees,2,24,"Πῶς οὖν, εἴποι τις ἄν, εἰ τῶν παθῶν ὁ λογισμὸς κρατεῖ, λήθης καὶ ἀγνοίας οὐ κρατεῖ;",,,,
4 Maccabees 3:1,4MA,4 Maccabees,3,1,"Εστι δέ κομιδῆ γελοῖος ὁ λόγος· οὐ γὰρ τῶν ἑαυτοῦ παθῶν ὁ λογισμὸς ἐπικρατεῖν φαίνεται, ἀλλὰ τῶν σωματικῶν.",,,,
4 Maccabees 3:2,4MA,4 Maccabees,3,2,"οἷον ἐπιθυμίαν τις οὐ δύναται ἐκκόψαι ἡμῶν, ἀλλὰ μὴ δουλωθῆναι τῇ ἐπιθυμίᾳ δύναται ὁ λογισμὸς παρασχέσθαι.",,,,
4 Maccabees 3:3,4MA,4 Maccabees,3,3,"θυμόν τις οὐ δύναται ἐκκόψαι ἡμῶν τῆς ψυχῆς, ἀλλὰ τῷ θυμῷ δυνατὸν τὸν λογισμὸν βοηθῆσαι.",,,,
4 Maccabees 3:4,4MA,4 Maccabees,3,4,"κακοήθειάν τις ἡμῶν οὐ δύναται ἐκκόψαι, ἀλλὰ τὸ μὴ καμφθῆναι τῇ κακοηθείᾳ δύναιτ' ἂν ὁ λογισμὸς συμμαχῆσαι.",,,,
4 Maccabees 3:5,4MA,4 Maccabees,3,5,"οὐ γὰρ ἐκριζωτὴς τῶν παθῶν ὁ λογισμός ἐστιν, ἀλλ' ἀνταγωνιστής.",,,,
4 Maccabees 3:6,4MA,4 Maccabees,3,6,ἔστι γοῦν τοῦτο διὰ τῆς Δαυὶδ τοῦ βασιλέως δίψης σαφέστερον ἐπιλογίσασθαι.,,,,
4 Maccabees 3:7,4MA,4 Maccabees,3,7,"ἐπεὶ γὰρ δι' ὅλης ἡμέρας προσβαλὼν τοῖς ἀλλοφύλοις ὁ Δαυὶδ πολλοὺς αὐτῶν ἀπέκτεινε μετὰ τῶν τοῦ ἔθνους στρατιωτῶν,",,,,
4 Maccabees 3:8,4MA,4 Maccabees,3,8,"τότε δὲ γενομένης ἑσπέρας, ἱδρῶν καὶ σφόδρα κεκμηκώς, ἐπὶ τὴν βασίλειον σκηνὴν ἦλθε, περὶ ἣν ὁ πᾶς τῶν προγόνων στρατὸς ἐστρατοπεδεύκει.",,,,
4 Maccabees 3:9,4MA,4 Maccabees,3,9,"οἱ μὲν οὖν ἄλλοι πάντες ἐπὶ τὸ δεῖπνον ἦσαν,",,,,
4 Maccabees 3:10,4MA,4 Maccabees,3,10,"ὁ δὲ βασιλεὺς ὡς μάλιστα διψῶν, καίπερ ἀφθόνους ἔχων πηγάς, οὐκ ἠδύνατο δι' αὐτῶν ἰάσασθαι τὴν δίψαν,",,,,
4 Maccabees 3:11,4MA,4 Maccabees,3,11,ἀλλά τις αὐτῶν ἀλόγιστος ἐπιθυμία τοῦ παρὰ τοῖς πολεμίοις ὕδατος ἐπιτείνουσα συνέφρυγε καὶ λύουσα κατέφλεγεν.,,,,
4 Maccabees 3:12,4MA,4 Maccabees,3,12,"ὅθεν τῶν ὑπασπιστῶν ἐπὶ τῇ τοῦ βασιλέως ἐπιθυμία σχετλιαζόντων, δύο νεανίσκοι στρατιῶται καρτεροὶ καταιδεσθέντες τὴν τοῦ βασιλέως ἐπιθυμίαν, τὰς παντευχίας καθωπλίσαντο καὶ κάλπην λαβόντες ὑπερέβησαν τοὺς τῶν πολεμίων χάρακας,",,,,
4 Maccabees 3:13,4MA,4 Maccabees,3,13,"καὶ λαθόντες τοὺς τῶν πυλῶν ἀκροφύλακας, διεξῃ£εσαν ἀνερευνώμενοι κατὰ πᾶν τὸ τῶν πολεμίων στρατόπεδον.",,,,
4 Maccabees 3:14,4MA,4 Maccabees,3,14,"καὶ ἀνευράμενοι τὴν πηγήν, ἐξ αὐτῆς θαρραλέως ἐγέμισαν τῷ βασιλεῖ τὸ ποτόν.",,,,
4 Maccabees 3:15,4MA,4 Maccabees,3,15,"ὁ δὲ καίπερ τῷ δίψει διαπυρούμενος, ἐλογίσατο πάνδεινον εἶναι κίνδυνον τῇ ψυχῇ λογισθὲν ἰσοδύναμον ποτὸν αἵματι·",,,,
4 Maccabees 3:16,4MA,4 Maccabees,3,16,"ὅθεν ἀντιθεὶς τῇ ἐπιθυμίᾳ τὸν λογισμὸν ἔσπεισε τὸ πόμα τῷ Θεῷ,",,,,
4 Maccabees 3:17,4MA,4 Maccabees,3,17,"δυνατὸς γὰρ ὁ σώφρων νοῦς, ὡς ἔφην, νικῆσαι τὰς τῶν παθῶν ἀνάγκας",,,,
4 Maccabees 3:18,4MA,4 Maccabees,3,18,καὶ σβέσαι τὰς τῶν οἴστρων φλεγμονὰς καὶ τὰς τῶν σωμάτων ἀλγηδόνας καθ' ὑπερβολὴν οὔσας καταπαλαῖσαι καὶ τῇ καλοκαγαθίᾳ τοῦ λογισμοῦ ἀποπτύσαι πάσας τὰς τῶν παθῶν ἐπικρατείας.,,,,
4 Maccabees 3:19,4MA,4 Maccabees,3,19,Ἤδη δὲ καὶ ὁ καιρὸς ἡμᾶς καλεῖ ἐπὶ τὴν ἀπόδειξιν τῆς θεωρίας τοῦ σώφρονος λογισμοῦ.,,,,
4 Maccabees 3:20,4MA,4 Maccabees,3,20,"Ἐπειδὴ γὰρ βαθεῖαν εἰρήνην διὰ τὴν εὐνομίαν οἱ πατέρες ἡμῶν εἶχον καὶ ἔπραττον καλῶς, ὥστε καὶ τὸν τῆς Ἀσίας βασιλέα Σέλευκον καὶ τὸν Νικάνορα καὶ χρήματα εἰς τὴν ἱερουργίαν αὐτοῖς ἀφορίσαι καὶ τὴν πολιτείαν αὐτῶν ἀποδέχεσθαι,",,,,
4 Maccabees 3:21,4MA,4 Maccabees,3,21,τότε δή τινες πρὸς τὴν κοινὴν νεωτερίσαντες ὁμόνοιαν πολυτρόποις ἐχρήσαντο συμφοραῖς.,,,,
4 Maccabees 4:1,4MA,4 Maccabees,4,1,"Σίμων γάρ τις πρὸς Ὀνίαν ἀντιπολιτευόμενος τόν ποτε τὴν ἀρχιερωσύνην ἔχοντα διά βίου, καλὸν καὶ ἀγαθὸν ἄνδρα, ἐπειδὴ πάντα τρόπον διαβάλλων ὑπὲρ τοῦ ἔθνους οὐκ ἴσχυσε κακῶσαι, φυγὰς ᾤχετο τὴν πατρίδα προδώσων.",,,,
4 Maccabees 4:2,4MA,4 Maccabees,4,2,"ὅθεν ἥκων πρὸς Ἀπολλώνιον, τὸν Συρίας τε καὶ Φοινίκης καὶ Κιλικίας στρατηγόν, ἔλεγεν· εὔνους ὢν τοῖς τοῦ βασιλέως πράγμασιν ἥκω",,,,
4 Maccabees 4:3,4MA,4 Maccabees,4,3,"μηνύσων πολλὰς ἰδιωτικῶν χρημάτων μυριάδας ἐν τοῖς Ἱεροσολύμων γαζοφυλακίοις τεθησαυρίσθαι τοῖς ἱεροῖς μὴ ἐπικοινωνούσας, καὶ προσήκειν ταῦτα Σελεύκῳ τῷ βασιλεῖ.",,,,
4 Maccabees 4:4,4MA,4 Maccabees,4,4,"τούτων δὲ ἕκαστα γνοὺς ὁ Ἀπολλώνιος, τὸν μὲν Σίμωνα τῆς εἰς τὸν βασιλέα κηδεμονίας ἐπαινεῖ, πρὸς δὲ τὸν Σέλευκον ἀναβὰς κατεμήνυσε τὸν τῶν χρημάτων θησαυρόν.",,,,
4 Maccabees 4:5,4MA,4 Maccabees,4,5,καὶ λαβὼν τὴν περὶ αὐτὸν ἐξουσίαν ταχὺ εἰς τὴν πατρίδα ἡμῶν μετὰ τοῦ καταράτου Σίμωνος καὶ βαρυτάτου στρατοῦ ἀνέβη,,,,
4 Maccabees 4:6,4MA,4 Maccabees,4,6,"καὶ προσελθὼν ταῖς τοῦ βασιλέως ἐντολαῖς ἥκειν ἔλεγεν, ὅπως τὰ ἰδιωτικὰ τοῦ γαζοφυλακίου λάβοι χρήματα.",,,,
4 Maccabees 4:7,4MA,4 Maccabees,4,7,"καὶ τοῦ ἔθνους πρὸς τὸν λόγον σχετλιάζοντος ἀντιλέγοντός τε, πάνδεινον εἶναι νομίσαντες, εἰ οἱ τὰς παρακαταθήκας πιστεύσαντες τῷ ἱερῷ θησαυρῷ στερηθήσονται, ὡς οἷόν τε ἦν, ἐκώλυον.",,,,
4 Maccabees 4:8,4MA,4 Maccabees,4,8,μετὰ ἀπειλῶν δὲ ὁ Ἀπολλώνιος ἀπῃ£ει εἰς τὸ ἱερόν.,,,,
4 Maccabees 4:9,4MA,4 Maccabees,4,9,τῶν δέ ἱερέων μετά γυναικῶν καὶ παιδίων ἐν τῷ ἱερῷ ἱκετευσάντων τὸν Θεὸν ὑπερασπίσαι τοῦ ἱεροῦ καταφρονουμένου τόπου,,,,
4 Maccabees 4:10,4MA,4 Maccabees,4,10,"ἀνιόντος τε μετά καθωπλισμένης τῆς στρατιᾶς τοῦ Ἀπολλωνίου πρὸς τὴν τῶν χρημάτων ἁρπαγήν, οὐρανόθεν ἔφιπποι προὐφάνησαν ἄγγελοι περιαστράπτοντες τοῖς ὅπλοις καὶ πολὺν αὐτοῖς φόβον τε καὶ τρόμον ἐνιέντες.",,,,
4 Maccabees 4:11,4MA,4 Maccabees,4,11,"καταπεσών γέ τοι ἡμιθανὴς ὁ Ἀπολλώνιος ἐπὶ τὸν πάμφυλον τοῦ ἱεροῦ περίβολον τὰς χεῖρας ἐξέτεινεν εἰς τὸν οὐρανόν, καὶ μετὰ δακρύων τοὺς Ἑβραίους παρεκάλει, ὅπως περί αὐτοῦ εὐξάμενοι τὸν ἐπουράνιον ἐξευμενίσωνται στρατόν.",,,,
4 Maccabees 4:12,4MA,4 Maccabees,4,12,ἔλεγε γὰρ ἡμαρτηκὼς ὥστε καὶ ἀποθανεῖν ἄξιος ὑπάρχειν πᾶσί τε ἀνθρώποις ὑμνήσειν σωθεὶς τὴν τοῦ ἱεροῦ τόπου μακαριότητα.,,,,
4 Maccabees 4:13,4MA,4 Maccabees,4,13,"τούτοις ὑπαχθεὶς τοῖς λόγοις Ὀνίας ὁ ἀρχιερεύς, καίπερ ἄλλως εὐλαβηθείς, μήποτε νομίσειεν ὁ βασιλεὺς Σέλευκος ἐξ ἀνθρωπίνης ἐπιβουλῆς καὶ μὴ θείας δίκης ἀνῃρῆσθαι τὸν Ἀπολλώνιον, ηὔξατο περὶ αὐτοῦ.",,,,
4 Maccabees 4:14,4MA,4 Maccabees,4,14,καὶ ὁ μὲν παραδόξως διασωθεὶς ᾤχετο δηλώσων τῷ βασιλεῖ τὰ συμβάντα αὐτῷ.,,,,
4 Maccabees 4:15,4MA,4 Maccabees,4,15,"Τελευτήσαντος δὲ Σελεύκου τοῦ βασιλέως διαδέχεται τὴν ἀρχὴν ὁ υἱὸς αὐτοῦ Ἀντίοχος Ἐπιφανής, ἀνὴρ ὑπερήφανος καὶ δεινός,",,,,
4 Maccabees 4:16,4MA,4 Maccabees,4,16,"ὃς καταλύσας τὸν Ὀνίαν τῆς ἀρχιερωσύνης, Ἰάσονα τὸν ἀδελφὸν αὐτοῦ κατέστησεν ἀρχιερέα, συνθέμενον δώσειν,",,,,
4 Maccabees 4:17,4MA,4 Maccabees,4,17,"εἰ ἐπιτρέψειεν αὐτῷ τὴν ἀρχήν, κατ' ἐνιαυτὸν τρισχίλια ἑξακόσια ἑξήκοντα τάλαντα.",,,,
4 Maccabees 4:18,4MA,4 Maccabees,4,18,ὁ δὲ ἐπέτρεψεν αὐτῷ καὶ ἀρχιερᾶσθαι καὶ τοῦ ἔθνους ἀφηγεῖσθαι.,,,,
4 Maccabees 4:19,4MA,4 Maccabees,4,19,ὃς καὶ ἐξεδιῃ£τησε τῶν Ἰουδαίων τὸ ἔθνος καὶ ἐξεπολίτευσεν ἐπὶ πᾶσαν παρανομίαν,,,,
4 Maccabees 4:20,4MA,4 Maccabees,4,20,"ὥστε μὴ μόνον ἐπ' αὐτῇ τῇ ἄκρᾳ τῆς πατρίδος ἡμῶν γυμνάσιον κατασκευάσαι, ἀλλὰ καὶ καταλῦσαι τὴν τοῦ ἱεροῦ κηδεμονίαν.",,,,
4 Maccabees 4:21,4MA,4 Maccabees,4,21,ἐφ' οἷς ἀγανακτήσασα ἡ θεία δίκη αὐτὸν αὐτοῖς τὸν Ἀντίοχον ἐπολέμωσεν.,,,,
4 Maccabees 4:22,4MA,4 Maccabees,4,22,"ἐπειδὴ γὰρ πολεμῶν ἦν κατ' Αἴγυπτον Πτολεμαίῳ, ἤκουσέ τε ὅτι φήμης διαδοθείσης περὶ τοῦ τεθνᾶναι αὐτόν, ὡς ἔνι μάλιστα χαίροιεν οἱ Ἱεροσολυμῖται, ταχέως ἐπ' αὐτοὺς ἀνέζευξεν,",,,,
4 Maccabees 4:23,4MA,4 Maccabees,4,23,"καὶ ὡς ἐπόρθησεν αὐτούς, δόγμα ἔθετο ὅπως, εἴ τινες αὐτῶν φάνοιεν τῷ πατρίῳ πολιτευόμενοι νόμῳ, θάνοιεν.",,,,
4 Maccabees 4:24,4MA,4 Maccabees,4,24,"καὶ ἐπεὶ κατὰ μηδένα τρόπον ἴσχυε καταλῦσαι διὰ τῶν δογμάτων τὴν τοῦ ἔθνους εὔνοιαν,",,,,
4 Maccabees 4:25,4MA,4 Maccabees,4,25,"ἀλλὰ πάσας τὰς ἑαυτοῦ ἀπειλὰς καὶ τιμωρίας ἑώρα καταλυομένας, ὥστε καὶ γυναῖκας, ὅτι περιέτεμον τὰ παιδία, μετὰ τῶν βρεφῶν κατακρημνισθῆναι προειδυίας ὅτι τοῦτο πείσονται·",,,,
4 Maccabees 4:26,4MA,4 Maccabees,4,26,"ἐπεὶ οὖν τὰ δόγματα αὐτοῦ κατεφρονεῖτο ὑπὸ τοῦ λαοῦ, αὐτὸς διά βασάνων ἕνα ἕκαστον τοῦ ἔθνους ἠνάγκαζε μιαρῶν ἀπογευομένους τροφῶν ἐξόμνυσθαι τὸν Ἰουδαϊσμόν.",,,,
4 Maccabees 5:1,4MA,4 Maccabees,5,1,"Προκαθίσας γέ τοι μετὰ τῶν συνέδρων ὁ τύραννος Ἀντίοχος ἐπί τινος ὑψηλοῦ τόπου καὶ τῶν στρατευμάτων αὐτῷ ἐνόπλων κυκλόθεν παρεστηκότων, παρεκέλευε τοῖς δορυφόροις",,,,
4 Maccabees 5:2,4MA,4 Maccabees,5,2,"ἕνα ἕκαστον τῶν Ἑβραίων ἐπισπᾶσθαι, καὶ κρεῶν ὑείων καὶ εἰδωλοθύτων ἀναγκάζειν ἀπογεύεσθαι·",,,,
4 Maccabees 5:3,4MA,4 Maccabees,5,3,"εἰ δέ τινες μὴ θελήσειαν μιαροφαγῆσαι, τούτους τροχισθέντας ἀναιρεθῆναι.",,,,
4 Maccabees 5:4,4MA,4 Maccabees,5,4,"πολλῶν δὲ συναρπασθέντων εἷς πρῶτος ἐκ τῆς ἀγέλης Ἑβραῖος ὀνόματι Ἐλεάζαρος, τὸ γένος ἱερεύς, τὴν ἐπιστήμην νομικός, καὶ τὴν ἡλικίαν προήκων καὶ πολλοῖς τῶν περὶ τὸν τύραννον διὰ τὴν ἡλικίαν γνώριμος, παρήχθη πλησίον αὐτοῦ.",,,,
4 Maccabees 5:5,4MA,4 Maccabees,5,5,Καὶ αὐτὸν ἰδὼν ὁ Ἀντίοχος ἔφη·,,,,
4 Maccabees 5:6,4MA,4 Maccabees,5,6,"ἐγὼ πρὶν ἄρξασθαι τῶν κατὰ σοῦ βασάνων, ὦ πρεσβῦτα, συμβουλεύσαιμ' ἄν σοι ταῦτα, ὅπως ἀπογευσάμενος τῶν ὑείων σώζοιο· αἰδοῦμαι γάρ σου τὴν ἡλικίαν καὶ τὴν πολιάν, ἣν μετὰ τοσοῦτον ἔχων χρόνον οὐ μοι δοκεῖς φιλοσοφεῖν τῇ Ἰουδαίων χρώμενος θρησκείᾳ.",,,,
4 Maccabees 5:7,4MA,4 Maccabees,5,7,διατί γὰρ τῆς φύσεως κεχαρισμένης καλλίστην τὴν τοῦδε τοῦ ζώου σαρκοφαγίαν βδελύττῃ;,,,,
4 Maccabees 5:8,4MA,4 Maccabees,5,8,"καὶ γὰρ ἀνόητον τοῦτο δοκεῖ, τὸ μὴ ἀπολαύειν τῶν χωρὶς ὀνείδους ἡδέων, καὶ ἄδικον ἀποστρέφεσθαι τὰς τῆς φύσεως χάριτας.",,,,
4 Maccabees 5:9,4MA,4 Maccabees,5,9,"σὺ δέ μοι καὶ ἀνοητότερον ποιήσειν δοκεῖς, εἰ κενοδοξῶν περὶ τὸ ἀληθὲς ἔτι κἀμοῦ καταφρονήσεις ἐπὶ τῇ ἰδίᾳ τιμωρίᾳ.",,,,
4 Maccabees 5:10,4MA,4 Maccabees,5,10,οὐκ ἐξυπνώσεις ἀπὸ τῆς φλυάρου φιλοσοφίας ὑμῶν,,,,
4 Maccabees 5:11,4MA,4 Maccabees,5,11,καὶ ἀποσκεδάσεις τῶν λογισμῶν σου τὸν λῆρον καὶ ἄξιον τῆς ἡλικίας ἀναλαβὼν νοῦν φιλοσοφήσεις τὴν τοῦ συμφέροντος ἀλήθειαν,,,,
4 Maccabees 5:12,4MA,4 Maccabees,5,12,καὶ προσκυνήσας μου τὴν φιλάνθρωπον παρηγορίαν οἰκτειρήσεις τὸ σεαυτοῦ γῆρας;,,,,
4 Maccabees 5:13,4MA,4 Maccabees,5,13,"καὶ γὰρ ἐνθυμήθητι, ὡς εἰ καί τίς ἐστι τῆσδε τῆς ὑμῶν θρησκείας ἐποπτικὴ δύναμις, συγγνωμονήσει ἄν σοι ἐπὶ πάσῃ τῇ δι' ἀνάγκην γινομένῃ παρανομίᾳ.",,,,
4 Maccabees 5:14,4MA,4 Maccabees,5,14,"Τοῦτον τὸν τρόπον ἐπὶ τὴν ἔκθεσμον σαρκοφαγίαν ἐποτρύνοντος τοῦ τυράννου, λόγον ᾔτησεν ὁ Ἐλεάζαρος",,,,
4 Maccabees 5:15,4MA,4 Maccabees,5,15,καὶ λαβὼν τοῦ λέγειν ἐξουσίαν ἤρξατο δημηγορεῖν οὕτως·,,,,
4 Maccabees 5:16,4MA,4 Maccabees,5,16,"ἡμεῖς, Ἀντίοχε, θείῳ πεπεισμένοι νόμῳ πολιτεύεσθαι οὐδεμίαν ἀνάγκην βιαιοτέραν εἶναι νομίζομεν τῆς πρὸς τὸν νόμον ἡμῶν εὐπειθείας·",,,,
4 Maccabees 5:17,4MA,4 Maccabees,5,17,διὸ δὴ κατ' οὐδένα τρόπον παρανομεῖν ἀξιοῦμεν.,,,,
4 Maccabees 5:18,4MA,4 Maccabees,5,18,"καίτοι εἰ κατὰ ἀλήθειαν μὴ ἦν ὁ νόμος ἡμῶν, ὡς σὺ ὑπολαμβάνεις, θεῖος, (ἄλλως δὲ νομίζομεν αὐτὸν εἶναι θεῖον) οὐδὲ οὕτως ἐξὸν ἡμῖν ἦν τὴν ἐπὶ τῇ εὐσεβείᾳ δόξαν ἀκυρῶσαι.",,,,
4 Maccabees 5:19,4MA,4 Maccabees,5,19,"μὴ μικρὰν οὖν εἶναι νομίσῃς ταύτην, εἰ μιαροφαγήσαιμεν, ἁμαρτίαν·",,,,
4 Maccabees 5:20,4MA,4 Maccabees,5,20,"τὸ γὰρ ἐν μικροῖς καὶ ἐν μεγάλοις παρανομεῖν ἰσοδύναμόν ἐστιν,",,,,
4 Maccabees 5:21,4MA,4 Maccabees,5,21,δι' ἑκατέρου γὰρ ὡς ὁμοίως ὁ νόμος ὑπερηφανεῖται.,,,,
4 Maccabees 5:22,4MA,4 Maccabees,5,22,"χλευάζεις δὲ ἡμῶν τὴν φιλοσοφίαν, ὥσπερ οὐ μετὰ εὐλογιστίας ἐν αὐτῇ βιούντων·",,,,
4 Maccabees 5:23,4MA,4 Maccabees,5,23,"σωφροσύνην τε γὰρ ἡμᾶς ἐκδιδάσκει ὥστε πασῶν τῶν ἡδονῶν καὶ ἐπιθυμιῶν κρατεῖν καὶ ἀνδρείαν ἐξασκεῖν, ὥστε πάντα πόνον ἑκουσίως ὑπομένειν",,,,
4 Maccabees 5:24,4MA,4 Maccabees,5,24,"καὶ δικαιοσύνην παιδεύει ὥστε διὰ πάντων τῶν ἠθῶν ἰσονομεῖν καὶ εὐσέβειαν ἐκδιδάσκει, ὥστε μόνον τὸν ὄντα Θεὸν σέβειν μεγαλοπρεπῶς.",,,,
4 Maccabees 5:25,4MA,4 Maccabees,5,25,διὸ οὐ μιαροφαγοῦμεν· πιστεύοντες γὰρ Θεοῦ καθεστάναι τὸν νόμον οἴδαμεν ὅτι κατὰ φύσιν ἡμῖν συμπαθεῖ νομοθετῶν ὁ τοῦ κόσμου κτίστης·,,,,
4 Maccabees 5:26,4MA,4 Maccabees,5,26,καὶ τὰ μὲν οἰκειωθησόμενα ἡμῶν ταῖς ψυχαῖς ἐπέτρεψεν ἐσθίειν. τὰ δὲ ἐναντιωθησόμενα ἐκώλυσε σαρκοφαγεῖν.,,,,
4 Maccabees 5:27,4MA,4 Maccabees,5,27,"τυραννικὸν δὲ οὐ μόνον ἀναγκάζειν ἡμᾶς παρανομεῖν, ἀλλὰ καὶ ἐσθίειν, ὅπως τῇ ἐχθίστῃ ἡμῶν μιαροφαγίᾳ ταύτῃ ἔτι ἐγγελάσῃς.",,,,
4 Maccabees 5:28,4MA,4 Maccabees,5,28,"ἀλλ' οὐ γελάσεις κατ' ἐμοῦ τοῦτον τὸν γέλωτα, οὔτε τοὺς ἱεροὺς τῶν προγόνων περὶ τοῦ φυλάξαι τὸν νόμον ὅρκους οὐ παρήσω,",,,,
4 Maccabees 5:29,4MA,4 Maccabees,5,29,οὐδ' ἂν ἐκκόψειάς μου τὰ ὄμματα καὶ τὰ σπλάγχνα μου τήξειας.,,,,
4 Maccabees 5:30,4MA,4 Maccabees,5,30,οὐχ οὕτως εἰμὶ γέρων ἐγὼ καὶ ἄνανδρος ὥστε μοι διὰ τὴν εὐσέβειαν μὴ νεάζειν τὸν λογισμόν.,,,,
4 Maccabees 5:31,4MA,4 Maccabees,5,31,πρὸς ταῦτα τροχοὺς εὐτρέπιζε καὶ τὸ πῦρ ἐκφύσα σφοδρότερον.,,,,
4 Maccabees 5:32,4MA,4 Maccabees,5,32,οὐχ οὕτως οἰκτείρομαι τὸ ἐμαυτοῦ γῆρας ὥστε με δι' ἐμαυτοῦ τὸν πάτριον καταλῦσαι νόμον.,,,,
4 Maccabees 5:33,4MA,4 Maccabees,5,33,"οὐ ψεύσομαί σε, παιδευτὰ νόμε, οὐδὲ φεύξομαί σε οὐδ' ἐξομοῦμαί σε, φίλη ἐγκράτεια,",,,,
4 Maccabees 5:34,4MA,4 Maccabees,5,34,"οὐδὲ καταισχυνῶ σε, φιλόσοφε λόγε, οὐδὲ ἐξαρνήσομαί σε, ἱερωσύνη τιμία καὶ νομοθεσίας ἐπιστήμη·",,,,
4 Maccabees 5:35,4MA,4 Maccabees,5,35,οὐδὲ μιανεῖς μου τὸ σεμνὸν γήρως στόμα οὐδὲ νομίμου βίου ἡλικίαν.,,,,
4 Maccabees 5:36,4MA,4 Maccabees,5,36,ἁγνὸν δέ με οἱ πατέρες προσδέξονται μὴ φοβηθέντα σου τὰς μέχρι θανάτου ἀνάγκας.,,,,
4 Maccabees 5:37,4MA,4 Maccabees,5,37,"ἀσεβῶν μὲν γὰρ τυραννήσεις, τῶν δὲ ἐμῶν περὶ τῆς εὐσεβείας λογισμῶν οὔτε διὰ λόγων δεσπόσεις οὔτε δι' ἔργων.",,,,
4 Maccabees 6:1,4MA,4 Maccabees,6,1,"Τοῦτον τὸν τρόπον ἀντιρρητορεύσαντα ταῖς τοῦ τυράννου παρηγορίαις, παραστάντες οἱ δορυφόροι πικρῶς ἔσυραν ἐπὶ τὰ βασανιστήρια τὸν Ἐλεάζαρον.",,,,
4 Maccabees 6:2,4MA,4 Maccabees,6,2,καὶ πρῶτον μὲν περιέδυσαν τὸν γηραιὸν ἐγκοσμούμενον τῇ περὶ τὴν εὐσέβειαν εὐσχημοσύνῃ·,,,,
4 Maccabees 6:3,4MA,4 Maccabees,6,3,ἔπειτα περιαγκωνίσαντες ἑκατέρωθεν μάστιξι κατῃ£κιζον·,,,,
4 Maccabees 6:4,4MA,4 Maccabees,6,4,"πείσθητι ταῖς τοῦ βασιλέως ἐντολαῖς, ἑτέρωθεν κήρυκος ἐπιβοῶντος.",,,,
4 Maccabees 6:5,4MA,4 Maccabees,6,5,"ὁ δὲ μεγαλόφρων καὶ εὐγενὴς ὡς ἀληθῶς Ἐλεάζαρος, ὥσπερ ἐν ὀνείρῳ βασανιζόμενος κατ' οὐδένα τρόπον μετετρέπετο,",,,,
4 Maccabees 6:6,4MA,4 Maccabees,6,6,ἀλλὰ ὑψηλοὺς ἀνατείνας εἰς τὸν οὐρανὸν τοὺς ὀφθαλμοὺς ἀπεξαίνετο ταῖς μάστιξι τὰς σάρκας ὁ γέρων καὶ κατερρεῖτο τῷ αἵματι,,,,
4 Maccabees 6:7,4MA,4 Maccabees,6,7,"καὶ τὰ πλευρὰ κατετιτρώσκετο, καὶ πίπτων εἰς τὸ ἔδαφος ἀπὸ τοῦ μηκέτι φέρειν τὸ σῶμα τὰς ἀλγηδόνας, ὀρθὸν εἶχε καὶ ἀκλινῆ τὸν λογισμόν.",,,,
4 Maccabees 6:8,4MA,4 Maccabees,6,8,"Λὰξ γέ τοι τῶν πικρῶν τις δορυφόρων εἰς τοὺς κενεῶνας ἐναλλόμενος ἔτυπτεν, ὅπως ἐξανίσταιτο πίπτων.",,,,
4 Maccabees 6:9,4MA,4 Maccabees,6,9,ὁ δὲ ὑπέμεινε τοὺς πόνους καὶ περιεφρόνει τῆς ἀνάγκης,,,,
4 Maccabees 6:10,4MA,4 Maccabees,6,10,"καὶ διεκαρτέρει τοὺς αἰκισμούς, καὶ καθάπερ γενναῖος ἀθλητὴς τυπτόμενος ἐνίκα τοὺς βασανίζοντας ὁ γέρων·",,,,
4 Maccabees 6:11,4MA,4 Maccabees,6,11,ἱδρῶν γέ τοι τὸ πρόσωπον καὶ ἐπασθμαίνων σφοδρῶς καὶ ὑπ' αὐτῶν τῶν βασανιζόντων ἐθαυμάζετο ἐπὶ τῇ εὐψυχίᾳ.,,,,
4 Maccabees 6:12,4MA,4 Maccabees,6,12,"¨Οθεν τὰ μὲν ἐλεοῦντες τὰ τοῦ γήρως αὐτοῦ,",,,,
4 Maccabees 6:13,4MA,4 Maccabees,6,13,"τὰ δὲ ἐν συμπαθείᾳ τῆς συνηθείας ὄντες, τὰ δὲ ἐν θαυμασμῷ τῆς καρτερίας προσιόντες αὐτῷ τινὲς τῶν τοῦ βασιλέως ἔλεγον·",,,,
4 Maccabees 6:14,4MA,4 Maccabees,6,14,"τί τοῖς κακοῖς τούτοις σεαυτὸν ἀλογίστως ἀπόλεις, Ἐλεάζαρε;",,,,
4 Maccabees 6:15,4MA,4 Maccabees,6,15,"ἡμεῖς μέν τοι τῶν ὑψημένων σοι βρωμάτων παραθήσομεν, σὺ δὲ ὑποκρινόμενος τῶν ὑείων ἀπογεύεσθαι, σώθητι.",,,,
4 Maccabees 6:16,4MA,4 Maccabees,6,16,"Καὶ ὁ Ἐλεάζαρος, ὥσπερ πικρότερον διὰ τῆς συμβουλίας αἰκισθείς, ἀνεβόησε·",,,,
4 Maccabees 6:17,4MA,4 Maccabees,6,17,μὴ οὕτως κακῶς φρονήσαιμεν οἱ Ἁβραὰμ παῖδες ὥστε μαλακοψυχήσαντας ἀπρεπὲς ἡμῖν δρᾶμα ὑποκρίνασθαι.,,,,
4 Maccabees 6:18,4MA,4 Maccabees,6,18,"καὶ γὰρ ἀλόγιστον, εἰ πρὸς ἀλήθειαν ζήσαντες τὸν μέχρι γήρως βίον καὶ τὴν ἐπ' αὐτῷ δόξαν νομίμως φυλάξαντες,",,,,
4 Maccabees 6:19,4MA,4 Maccabees,6,19,"νῦν μεταβαλοίμεθα καὶ αὐτοὶ μὲν ἡμεῖς γενοίμεθα τοῖς νέοις ἀσεβείας τύπος, ἵνα παράδειγμα γενώμεθα τῆς μιαροφαγίας.",,,,
4 Maccabees 6:20,4MA,4 Maccabees,6,20,"αἰσχρὸν δὲ εἰ ἐπιβιώσωμεν ὀλίγον χρόνον καὶ τοῦτον καταγελώμενοι πρὸς ἁπάντων ἐπὶ δειλίᾳ,",,,,
4 Maccabees 6:21,4MA,4 Maccabees,6,21,"καὶ ὑπὸ μὲν τοῦ τυράννου καταφρονηθῶμεν ὡς ἄνανδροι, τὸν δὲ θεῖον ἡμῶν νόμον μέχρι θανάτου μὴ προασπίσαιμεν.",,,,
4 Maccabees 6:22,4MA,4 Maccabees,6,22,"πρός ταῦτα ὑμεῖς μέν, ᾦ Ἁβραὰμ παῖδες, εὐγενῶς ὑπὲρ τῆς εὐσεβείας τελευτᾶτε.",,,,
4 Maccabees 6:23,4MA,4 Maccabees,6,23,"οἱ δὲ τοῦ τυράννου δορυφόροι, τί μέλλετε;",,,,
4 Maccabees 6:24,4MA,4 Maccabees,6,24,Πρὸς τὰς ἀνάγκας οὕτως μεγαλοφρονοῦντα αὐτὸν ἰδόντες καὶ μηδὲ πρὸς τὸν οἰκτριρμὸν αὐτῶν μεταβαλλόμενον ἐπὶ τὸ πῦρ αὐτὸν ἤγαγον.,,,,
4 Maccabees 6:25,4MA,4 Maccabees,6,25,ἔνθα διὰ κακοτέχνων ὀργάνων καταφλέγοντες αὐτὸν ὑπέρριπτον καὶ δυσώδεις χυλοὺς εἰς τοὺς μυκτῆρας αὐτοῦ κατέχεον.,,,,
4 Maccabees 6:26,4MA,4 Maccabees,6,26,ὁ δὲ μέχρι τῶν ὀστέων ἤδη κατακεκαυμένος καὶ μέλλων λιποθυμεῖν ἀνέτεινε τά ὄμματα πρὸς τὸν Θεὸν καὶ εἶπεν·,,,,
4 Maccabees 6:27,4MA,4 Maccabees,6,27,"σὺ οἶσθα, Θεέ, παρόν μοι σῴζεσθαι, βασάνοις καυστικαῖς ἀποθνήσκω διὰ τὸν νόμον.",,,,
4 Maccabees 6:28,4MA,4 Maccabees,6,28,τοιγαροῦν ἵλεως γενοῦ τῷ ἔθνει σου ἀρκεσθεὶς τῇ ἡμετέρᾳ ὑπὲρ αὐτῶν δίκῃ.,,,,
4 Maccabees 6:29,4MA,4 Maccabees,6,29,καθάρσιον αὐτῶν ποίησον τὸ ἐμὸν αἷμα καὶ ἀντίψυχον αὐτῶν λαβὲ τὴν ἐμὴν ψυχήν.,,,,
4 Maccabees 6:30,4MA,4 Maccabees,6,30,καὶ ταῦτα εἰπὼν ὁ ἱερὸς ἀνὴρ εὐγενῶς ταῖς βασάνοις ἐναπέθανε,,,,
4 Maccabees 6:31,4MA,4 Maccabees,6,31,καὶ μέχρι τῶν τοῦ θανάτου βασάνων ἀντέστη τῷ λογισμῷ διὰ τὸν νόμον. Ὁμολογουμένως οὖν δεσπότης ἐστὶ τῶν παθῶν ὁ εὐσεβὴς λογισμός.,,,,
4 Maccabees 6:32,4MA,4 Maccabees,6,32,"εἰ γὰρ τὰ πάθη τοῦ λογισμοῦ κεκρατήκει, τούτοις ἂν ἀπέδομεν τὴν τῆς ἐπικρατείας μαρτυρίαν·",,,,
4 Maccabees 6:33,4MA,4 Maccabees,6,33,"νυνὶ δὲ τοῦ λογισμοῦ τὰ πάθη νικήσαντος, αὐτῷ προσηκόντως τὴν τῆς ἡγεμονίας προσνέμομεν ἐξουσίαν.",,,,
4 Maccabees 6:34,4MA,4 Maccabees,6,34,"καὶ δίκαιόν ἐστιν ὁμολογεῖν ἡμᾶς τὸ κράτος εἶναι τοῦ λογισμοῦ. ὅπου γε καὶ τῶν ἔξωθεν ἀλγηδόνων ἐπικρατεῖ,",,,,
4 Maccabees 6:35,4MA,4 Maccabees,6,35,"ἐπεὶ καὶ γελοῖον· καὶ οὐ μόνον τῶν ἀλγηδόνων ἐπιδείκνυμι κεκρατηκέναι τὸν λογισμόν, ἀλλὰ καὶ τῶν ἡδονῶν κρατεῖν, καὶ μηδὲν αὐταῖς ὑπείκειν.",,,,
4 Maccabees 7:1,4MA,4 Maccabees,7,1,Ωσπερ γὰρ ἄριστος κυβερνήτης ὁ τοῦ πατρὸς ἡμῶν Ἐλεαζάρου λογισμὸς πηδαλιουχῶν τὴν τῆς εὐσεβείας ναῦν ἐν τῷ τῶν παθῶν πελάγει,,,,
4 Maccabees 7:2,4MA,4 Maccabees,7,2,"καὶ καταικιζόμενος ταῖς τοῦ τυράννου ἀπειλαῖς καὶ καταντλούμενος ταῖς τῶν βασάνων τρικυμίαις,",,,,
4 Maccabees 7:3,4MA,4 Maccabees,7,3,"κατ' οὐδένα τρόπον μετέτρεψε τοὺς τῆς εὐσεβείας οἴακας, ἕως οὗ ἔπλευσεν ἐπὶ τὸν τῆς ἀθανάτου νίκης λιμένα.",,,,
4 Maccabees 7:4,4MA,4 Maccabees,7,4,"οὐχ οὕτως πόλις πολλοῖς καὶ ποικίλοις μηχανήμασιν ἀντέσχε ποτὲ πολιορκουμένη, ὡς ὁ πανάγιος Ἐλεάζαρος· τὴν ἱερὰν ψυχὴν αἰκισμοῖς τε καὶ στρέβλαις πυρπολούμενος ἐνίκησε τοὺς πολιορκοῦντας διὰ τὸν ὑπερασπίζοντα τῆς εὐσεβείας λογισμόν.",,,,
4 Maccabees 7:5,4MA,4 Maccabees,7,5,"ὥσπερ γὰρ πρόκρημνον ἄκραν τὴν ἑαυτοῦ διάνοιαν ὁ πατὴρ Ἐλεάζαρος ἐκτείνας, περιέκλασεν τοὺς ἐπιμαινομένους τῶν παθῶν κλύδωνας.",,,,
4 Maccabees 7:6,4MA,4 Maccabees,7,6,"ὦ ἄξιε τῆς ἱερωσύνης ἱερεῦ, οὐκ ἐμίανας τοὺς ἱεροὺς ὀδόντας οὐδὲ τὴν θεοσέβειαν καὶ καθαρισμὸν νόμιμον χωρήσασαν γαστέρα ἐκοινώνησας μιαροφαγίᾳ.",,,,
4 Maccabees 7:7,4MA,4 Maccabees,7,7,ᾦ σύμφωνε νόμου καὶ φιλόσοφε θείου βίου.,,,,
4 Maccabees 7:8,4MA,4 Maccabees,7,8,τοιούτους δὴ δεῖ εἶναι τοὺς ἱερουργοῦντας τὸν νόμον ἰδίῳ αἵματι καὶ γενναίῳ ἱδρῶτι τοῖς μέχρι θανάτου πάθεσιν ὑπερασπίζοντας.,,,,
4 Maccabees 7:9,4MA,4 Maccabees,7,9,"σὺ πάτερ, τὴν εὐνομίαν ἡμῶν διὰ τῶν ὑπομονῶν εἰς δόξαν ἐκύρωσας καὶ τὴν ἁγιστείαν σεμνολογήσας οὐ κατέλυσας καὶ διὰ τῶν ἔργων ἐπιστοποίησας τοὺς τῆς θείας φιλοσοφίας λόγους,",,,,
4 Maccabees 7:10,4MA,4 Maccabees,7,10,"ὦ βασάνων βιαιότερε γέρον, καὶ πυρὸς εὐτονώτερε πρεσβῦτα, καὶ παθῶν μέγιστε βασιλεῦ Ἐλεάζαρε.",,,,
4 Maccabees 7:11,4MA,4 Maccabees,7,11,"ὥσπερ γὰρ ὁ πατὴρ Ἀαρὼν τῷ θυμιατηρίῳ καθωπλισμένος διὰ τοῦ ἐθνοπλήθους ἐπιτρέχων τὸν ἐμπυριστὴν ἐνίκησεν ἄγγελον,",,,,
4 Maccabees 7:12,4MA,4 Maccabees,7,12,οὕτως ὁ Ἀαρωνίδης Ἐλεάζαρος διὰ τοῦ πυρὸς ὑπερτηκόμενος οὐ μετετράπη τὸν λογισμόν.,,,,
4 Maccabees 7:13,4MA,4 Maccabees,7,13,"καίτοι τὸ θαυμασιώτατον, γέρων ὤν, λελυμένων μὲν ἤδη τῶν τοῦ σώματος τόνων, περικεχαλασμένων δὲ τῶν σαρκῶν, κεκμηκότων δὲ καὶ τῶν νεύρων, ἀνενέασε",,,,
4 Maccabees 7:14,4MA,4 Maccabees,7,14,τῷ πνεύματι διὰ τοῦ λογισμοῦ καὶ τῷ ἰσακίῳ λογισμῷ τὴν πολυκέφαλον στρέβλαν ἠκύρωσεν.,,,,
4 Maccabees 7:15,4MA,4 Maccabees,7,15,"ὦ μακαρίου γήρως καὶ σεμνῆς πολιᾶς καὶ βίου νομίμου, ὃν πιστὴ θανάτου σφραγὶς ἐτελείωσεν.",,,,
4 Maccabees 7:16,4MA,4 Maccabees,7,16,"εἰ δέ τοίνυν γέρων ἀνὴρ τῶν μέχρι θανάτου βασάνων περιεφρόνησε δι' εὐσέβειαν, ὁμολογουμένως ἡγεμών ἐστι τῶν παθῶν ὁ εὐσεβὴς λογισμός.",,,,
4 Maccabees 7:17,4MA,4 Maccabees,7,17,"Ἴσως δ' ἂν εἴποιέν τινες· τῶν παθῶν οὐ πάντες περικρατοῦσιν, ὅτι οὐδὲ πάντες φρόνιμον ἔχουσι τὸν λογισμόν.",,,,
4 Maccabees 7:18,4MA,4 Maccabees,7,18,"ἀλλ' ὅσοι εὐσεβείας προνοοῦσιν ἐξ ὅλης καρδίας, οὗτοι μόνοι δύνανται κρατεῖν τῶν τῆς σαρκὸς παθῶν,",,,,
4 Maccabees 7:19,4MA,4 Maccabees,7,19,"πιστεύοντες, ὅτι Θεῷ οὐκ ἀποθνήσκουσιν, ὥσπερ οὐδὲ οἱ πατριάρχαι ἡμῶν Ἁβραάμ, Ἰσαάκ, Ἰακώβ, ἀλλὰ ζῶσι τῷ Θεῷ.",,,,
4 Maccabees 7:20,4MA,4 Maccabees,7,20,οὐδὲν οὖν ἐναντιοῦται τὸ φαίνεσθαί τινας παθοκρατεῖσθαι διὰ τὸν ἀσθενῆ λογισμόν.,,,,
4 Maccabees 7:21,4MA,4 Maccabees,7,21,ἐπεὶ τίς πρὸς ὅλον τὸν τῆς φιλοσοφίας κανόνα εὐσεβῶς φιλοσοφῶν,,,,
4 Maccabees 7:22,4MA,4 Maccabees,7,22,"καὶ πεπιστευκὼς Θεῷ καὶ εἰδὼς ὅτι τὸ διὰ τὴν ἀρετὴν πάντα πόνον ὑπομένειν μακάριόν ἐστιν, οὐκ ἂν περικρατήσειεν τῶν παθῶν διὰ τὴν θεοσέβειαν;",,,,
4 Maccabees 7:23,4MA,4 Maccabees,7,23,μόνος γὰρ ὁ σοφὸς καὶ σώφρων ἀνδρεῖός ἐστι τῶν παθῶν κύριος.,,,,
4 Maccabees 8:1,4MA,4 Maccabees,8,1,Διὰ τοῦτό γέ τοι καὶ μειρακίσκοι τῷ τῆς εὐσεβείας λογισμῷ φιλοσοφοῦντες χαλεπωτέρων βασανιστηρίων ἐπεκράτησαν.,,,,
4 Maccabees 8:2,4MA,4 Maccabees,8,2,"ἐπειδὴ γὰρ κατά τὴν πρώτην πεῖραν ἐνικήθη περιφανῶς ὁ τύραννος μὴ δυνηθεὶς ἀναγκάσαι γέροντα μιαροφαγῆσαι, τότε δὴ σφόδρα περιπαθῶς ἐκέλευσεν ἄλλους ἐκ τῆς ἡλικίας τῶν Ἑβραίων ἀγαγεῖν, καὶ εἰ μὲν μιαροφαγήσαιεν, ἀπολύειν φαγόντας, εἰ δὲ ἀντιλέγοιεν, πικρότερον βασανίζειν.",,,,
4 Maccabees 8:3,4MA,4 Maccabees,8,3,"ταῦτα διαταξαμένου τοῦ τυράννου, παρῆσαν ἀγόμενοι μετὰ γηραιᾶς μητρὸς ἑπτὰ ἀδελφοί, καλοί τε καὶ αἰδήμονες καὶ γενναῖοι καὶ ἐν παντὶ χαρίεντες.",,,,
4 Maccabees 8:4,4MA,4 Maccabees,8,4,"οὓς ἰδὼν ὁ τύραννος καθάπερ ἐν χορῷ περιέχοντας μέσην τὴν μητέρα, ἥσθη ἐπ' αὐτοῖς καὶ τῆς εὐπρεπείας ἐκπλαγεὶς καὶ τῆς εὐγενείας, προσεμειδίασεν αὐτοῖς καὶ πλησίον καλέσας ἔφη.",,,,
4 Maccabees 8:5,4MA,4 Maccabees,8,5,"ὦ νεανίαι, φιλοφρόνως ἐγὼ καθ' ἑνὸς ἑκάστου ὑμῶν θαυμάζω, τὸ κάλλος καὶ τὸ πλῆθος τοσούτων ἀδελφῶν ὑπερτιμῶν, οὐ μόνον συμβουλεύω μὴ μανῆναι τὴν αὐτὴν τῷ προβασανισθέντι γέροντι μανίαν, ἀλλὰ καὶ παρακαλῶ συνείξαντάς μου τῇ συμβουλίᾳ τῆς ἐμῆς ἀπολαῦσαι φιλίας·",,,,
4 Maccabees 8:6,4MA,4 Maccabees,8,6,"δυναίμην δ' ἂν ὥσπερ κολάζειν τοὺς ἀπειθοῦντάς μου τοῖς ἐπιτάγμασιν, οὕτως καὶ εὐεργετεῖν τοὺς εὐπειθοῦντάς μοι.",,,,
4 Maccabees 8:7,4MA,4 Maccabees,8,7,"πεισθέντες οὖν μοι καὶ ἀρχὰς καὶ ἐπὶ τῶν ἐμῶν πραγμάτων ἡγεμονίας λήψεσθε, ἀρνησάμενοι τὸν πάτριον ὑμῶν τῆς πολιτείας θεσμόν·",,,,
4 Maccabees 8:8,4MA,4 Maccabees,8,8,καὶ μεταλαβόντες ἑλληνικοῦ βίου καὶ μεταδιαιτηθέντες ἐντρυφήσατε ταῖς νεότησιν ὑμῶν·,,,,
4 Maccabees 8:9,4MA,4 Maccabees,8,9,"ἐπεὶ ἐὰν ὀργίλως με διάθησθε διὰ τῆς ἀπειθείας ὑμῶν, ἀναγκάσετέ με ἐπὶ δειναῖς κολάσεσιν ἕνα ἕκαστον ὑμῶν διὰ τῶν βασάνων ἀπολέσαι.",,,,
4 Maccabees 8:10,4MA,4 Maccabees,8,10,"κατελεήσατε οὖν ἑαυτούς, οὓς καὶ ὁ πολέμιος ἔγωγε καὶ τῆς ἡλικίας καὶ τῆς εὐμορφίας οἰκτείρομαι.",,,,
4 Maccabees 8:11,4MA,4 Maccabees,8,11,"οὐ διαλογιεῖσθε τοῦτο, ὅτι οὐδὲν ὑμῖν ἀπειθήσασι πλὴν τοῦ μετὰ στρεβλῶν ἀποθανεῖν ἀπόκειται;",,,,
4 Maccabees 8:12,4MA,4 Maccabees,8,12,"Ταῦτα δὲ λέγων ἐκέλευσεν εἰς τὸ ἔμπροσθεν προτεθεῖναι τὰ βασανιστήρια, ὅπως καὶ διὰ τοῦ φόβου πείσειεν αὐτοὺς μιαροφαγῆσαι.",,,,
4 Maccabees 8:13,4MA,4 Maccabees,8,13,"ὡς δὲ τροχούς τε καὶ ἀρθρέμβολα, στρεβλωτήριά τε καὶ τροχαντῆρας καὶ καταπέλτας καὶ λέβητας, τήγανά τε καὶ δακτυλήθρας καὶ χεῖρας σιδηρᾶς καὶ σφῆνας καὶ τὰ ζώπυρα τοῦ πυρὸς οἱ δορυφόροι προέθεσαν, ὑπολαβὼν ὁ τύραννος ἔφη·",,,,
4 Maccabees 8:14,4MA,4 Maccabees,8,14,"μειράκια φοβήθητε, καὶ ἣν σέβεσθε δίκην, ἵλεως ὑμῖν ἔσται δι' ἀνάγκην παρανομήσασιν.",,,,
4 Maccabees 8:15,4MA,4 Maccabees,8,15,"οἱ δὲ ἀκούσαντες ἐπαγωγὰ καὶ ὁρῶντες δεινά, οὐ μόνον οὐκ ἐφοβήθησαν, ἀλλὰ καὶ ἀντεφιλοσόφησαν τῷ τυράννῳ καὶ διὰ τῆς εὐλογιστίας τὴν τυραννίδα αὐτοῦ κατέλυσαν.",,,,
4 Maccabees 8:16,4MA,4 Maccabees,8,16,"καί τοι λογισώμεθα· εἰ δειλόψυχοί τινες ἦσαν καὶ ἄνανδροι ἐν αὐτοῖς, ποίοις ἂν ἐχρήσαντο λόγοις; οὐχὶ τούτοις;",,,,
4 Maccabees 8:17,4MA,4 Maccabees,8,17,"ᾦ τάλανες ἡμεῖς καὶ λίαν ἀνόητοι· βασιλέως ἡμᾶς παρακαλοῦντος καὶ ἐπὶ εὐεργεσίᾳ φωνοῦντος, μὴ πεισθείημεν αὐτῷ,",,,,
4 Maccabees 8:18,4MA,4 Maccabees,8,18,εἰ βουλήμασι κενοῖς ἑαυτοὺς εὐφραίνομεν καὶ θανατηφόρον ἀπείθειαν τολμῶμεν;,,,,
4 Maccabees 8:19,4MA,4 Maccabees,8,19,"οὐ φοβησόμεθα, ἄνδρες ἀδελφοί, τὰ βασανιστήρια καὶ λογιούμεθα τὰς τῶν βασάνων ἀπειλὰς καὶ φευξόμεθα τὴν κενοδοξίαν ταύτην καὶ ὀλεθροφόρον ἀλαζονείαν;",,,,
4 Maccabees 8:20,4MA,4 Maccabees,8,20,ἐλεήσωμεν τὰς ἑαυτῶν ἡλικίας καὶ κατοικτείρωμεν τὸ τῆς μητρὸς γῆρας,,,,
4 Maccabees 8:21,4MA,4 Maccabees,8,21,καὶ ἐνθυμηθῶμεν ὅτι ἀπειθοῦντες τεθνηξόμεθα.,,,,
4 Maccabees 8:22,4MA,4 Maccabees,8,22,συγγνώσεται δὲ ἡμῖν καὶ ἡ θεία δίκη δι' ἀνάγκην τὸν βασιλέα φοβηθεῖσιν.,,,,
4 Maccabees 8:23,4MA,4 Maccabees,8,23,τί ἐξάγομεν ἑαυτοὺς τοῦ ἡδίστου βίου καὶ ἐπιστεροῦμεν ἑαυτοὺς τοῦ γλυκέος κόσμου;,,,,
4 Maccabees 8:24,4MA,4 Maccabees,8,24,μὴ βιαζώμεθα τὴν ἀνάγκην μηδὲ φιλοδοξήσωμεν ἐπὶ τῇ ἑαυτῶν στρέβλῃ.,,,,
4 Maccabees 8:25,4MA,4 Maccabees,8,25,οὐδὲ αὐτὸς ὁ νόμος ἀκουσίως ἡμᾶς θανατοῖ φοβηθέντας τὰ βασανιστήρια.,,,,
4 Maccabees 8:26,4MA,4 Maccabees,8,26,"πόθεν ἡμῖν ἡ τοσαύτη ἐντέτηκε φιλονικία καὶ ἡ θανατηφόρος ἀρέσκει καρτερία, παρὸν μετὰ ἀταραξίας ζῆν τῷ βασιλεῖ πεισθέντας;",,,,
4 Maccabees 8:27,4MA,4 Maccabees,8,27,ἀλλὰ τούτων οὐδὲν εἶπον οἱ νεανίαι βασανίζεσθαι μέλλοντες οὐδὲ ἐνεθυμήθησαν.,,,,
4 Maccabees 8:28,4MA,4 Maccabees,8,28,"ἦσαν γὰρ περίφρονες τῶν παθῶν καὶ αὐτοκράτορες τῶν ἀλγηδόνων,",,,,
4 Maccabees 8:29,4MA,4 Maccabees,8,29,"ὥστε ἅμα τῷ παύσασθαι τὸν τύραννον συμβουλεύοντα αὐτοῖς τοῦ μιαροφαγῆσαι, πάντες διὰ μιᾶς φωνῆς ὁμοῦ, ὥσπερ ἀπὸ τῆς αὐτῆς ψυχῆς εἶπον πρὸς αὐτόν.",,,,
4 Maccabees 9:1,4MA,4 Maccabees,9,1,"Τί μέλλεις, ὦ τύραννε; ἕτοιμοι γάρ ἐσμεν ἀποθνήσκειν ἢ παραβαίνειν τὰς πατρίους ἡμῶν ἐντολάς·",,,,
4 Maccabees 9:2,4MA,4 Maccabees,9,2,"αἰσχυνόμεθα γὰρ τοὺς προγόνους ἡμῶν εἰκότως, εἰ μὴ τῇ τοῦ νόμου εὐπειθείᾳ καὶ συμβούλῳ Μωσῇ χρησαίμεθα.",,,,
4 Maccabees 9:3,4MA,4 Maccabees,9,3,"σύμβουλε τύραννε παρανομίας, μὴ ἡμᾶς μισῶν ὑπὲρ αὐτοὺς ἡμᾶς ἐλέει.",,,,
4 Maccabees 9:4,4MA,4 Maccabees,9,4,χαλεπώτερον γὰρ αὐτοῦ τοῦ θανάτου νομίζομεν εἶναί σου τὸν ἐπὶ τῇ παρανόμῳ σωτηρίᾳ ἡμῶν ἔλεον.,,,,
4 Maccabees 9:5,4MA,4 Maccabees,9,5,"ἐκφοβεῖς δὲ ἡμᾶς τὸν διὰ τῶν βασάνων ἡμῖν θάνατον ἀπειλῶν, ὥσπερ οὐχὶ πρὸ βραχέος παρὰ Ἐλεαζάρου μαθών.",,,,
4 Maccabees 9:6,4MA,4 Maccabees,9,6,"εἰ δ' οἱ γέροντες τῶν Ἑβραίων διὰ τὴν εὐσέβειαν καὶ βασανισμοὺς ὑπομείναντες εὐσέβησαν, ἀποθάνοιμεν ἂν δικαιότερον ἡμεῖς οἱ νέοι, τὰς βασάνους τῶν σῶν ἀναγκῶν ὑπεριδόντες, ἃς καὶ ὁ παιδευτὴς ἡμῶν γέρων ἐνίκησε.",,,,
4 Maccabees 9:7,4MA,4 Maccabees,9,7,"πείραζε τοιγαροῦν, τύραννε· καὶ τὰς ἡμῶν ψυχὰς εἰ θανατώσεις διὰ τὴν εὐσέβειαν, μὴ νομίσῃς ἡμᾶς βλάπτειν βασανίζων.",,,,
4 Maccabees 9:8,4MA,4 Maccabees,9,8,"ἡμεῖς μὲν γὰρ διὰ τῆσδε τῆς κακοπαθείας καὶ ὑπομονῆς τὰ τῆς ἀρετῆς ἆθλα ἕξομεν καὶ ἐσόμεθα παρά Θεῷ, δι' ὃν καὶ πάσχομεν·",,,,
4 Maccabees 9:9,4MA,4 Maccabees,9,9,σὺ δὲ διὰ τὴν ἡμῶν μιαιφονίαν αὐτάρκη καρτερήσεις ὑπὸ τῆς θείας δίκης αἰώνιον βάσανον διὰ πυρός.,,,,
4 Maccabees 9:10,4MA,4 Maccabees,9,10,"Ταῦτα αὐτῶν εἰπόντων, οὐ μόνον ὡς κατὰ ἀπειθούντων ἐχαλέπαινεν ὁ τύραννος, ἀλλ' ὡς καὶ κατὰ ἀχαρίστων ὠργίσθη.",,,,
4 Maccabees 9:11,4MA,4 Maccabees,9,11,ὅθεν τὸν πρεσβύτατον αὐτῶν κελευθέντες παρήγαγον οἱ ὑπασπισταὶ καὶ διαρρήξαντες τὸν χιτῶνα διέδησαν τὰς χεῖρας αὐτοῦ καὶ τοὺς βραχίονας ἱμᾶσιν ἑκατέρωθεν.,,,,
4 Maccabees 9:12,4MA,4 Maccabees,9,12,"ὡς δὲ τύπτοντες ταῖς μάστιξιν ἐκοπίασαν μηδὲν ἀνύοντες, ἀνέβαλον αὐτὸν ἐπὶ τὸν τροχόν.",,,,
4 Maccabees 9:13,4MA,4 Maccabees,9,13,περὶ ὃν κατατεινόμενος ὁ εὐγενὴς νεανίας ἔξαρθρος ἐγίνετο.,,,,
4 Maccabees 9:14,4MA,4 Maccabees,9,14,καὶ κατὰ πᾶν μέλος κλώμενος ἐκακηγόρει λέγων·,,,,
4 Maccabees 9:15,4MA,4 Maccabees,9,15,"τύραννε μιαρώτατε καὶ τῆς οὐρανίου δίκης ἐχθρὲ καὶ ὠμόφρον, οὐκ ἀνδροφονήσαντά με τοῦτον καταικίζεις τὸν τρόπον, οὐδὲ ἀσεβήσαντα, ἀλλὰ θείου νόμου προασπίζοντα.",,,,
4 Maccabees 9:16,4MA,4 Maccabees,9,16,"καὶ τῶν δορυφόρων λεγόντων· ὁμολόγησον φαγεῖν, ὅπως ἀπαλλαγῇς τῶν βασάνων,",,,,
4 Maccabees 9:17,4MA,4 Maccabees,9,17,"αὐτὸς εἶπεν αὐτοῖς· οὐχ οὕτως ἰσχυρὸς ὑμῶν ἐστιν ὁ τροχός, ᾦ μιαροὶ διάκονοι, ὥστε μου τὸν λογισμὸν ἄγξαι· τέμνετέ μου τὰ μέλη καὶ πυροῦτε τὰς σάρκας καὶ στρεβλοῦτε τὰ ἄρθρα.",,,,
4 Maccabees 9:18,4MA,4 Maccabees,9,18,"διὰ πασῶν γὰρ ὑμᾶς πείσω τῶν βασάνων, ὅτι μόνοι παῖδες Ἑβραίων ὑπὲρ ἀρετῆς εἰσιν ἀνίκητοι.",,,,
4 Maccabees 9:19,4MA,4 Maccabees,9,19,ταῦτα λέγοντι πῦρ ὑπέστρωσαν καὶ διηρέθισαν τὸν τροχὸν προσεπικατατείνοντες·,,,,
4 Maccabees 9:20,4MA,4 Maccabees,9,20,"ἐμολύνετο δὲ πάντοθεν αἵματι ὁ τροχός, καὶ ὁ σωρὸς τῆς ἀνθρακιᾶς τῆς τῶν ἰχώρων ἐσβέννυτο σταλαγμοῖς, καὶ περὶ τοὺς ἄξονας τοῦ ὀργάνου περιέρρεον αἱ σάρκες.",,,,
4 Maccabees 9:21,4MA,4 Maccabees,9,21,καὶ περιτετμημένον ἤδη ἔχων τὸ τῶν ὀστέων πῆγμα ὁ μεγαλόφρων καὶ Ἁβραμιαῖος νεανίας οὐκ ἐστέναξεν.,,,,
4 Maccabees 9:22,4MA,4 Maccabees,9,22,"ἀλλ' ὥσπερ ἐν πυρὶ μετασχηματιζόμενος εἰς ἀφθαρσίαν, ὑπέμεινεν εὐγενῶς τὰς στρέβλας·",,,,
4 Maccabees 9:23,4MA,4 Maccabees,9,23,"μιμήσασθέ με, ἀδελφοί, λέγων, μή μου τὸν αἰῶνα λιποτακτήσητε μηδ' ἐξομόσησθέ μου τὴν τῆς εὐψυχίας ἀδελφότητα· ἱερὰν καὶ εὐγενῆ στρατείαν στρατεύσασθε ὑπὲρ τῆς εὐσεβείας,",,,,
4 Maccabees 9:24,4MA,4 Maccabees,9,24,δι' ἧς ἵλεως ἡ δικαία καὶ πάτριος ἡμῶν πρόνοια τῷ ἔθνει γενηθεῖσα τιμωρήσειεν τὸν ἀλάστορα τύραννον·,,,,
4 Maccabees 9:25,4MA,4 Maccabees,9,25,καὶ ταῦτα εἰπὼν ὁ ἱεροπρεπὴς νεανίας ἀπέρρηξε τὴν ψυχήν.,,,,
4 Maccabees 9:26,4MA,4 Maccabees,9,26,"Θαυμασάντων δὲ πάντων τὴν καρτεροψυχίαν αὐτοῦ, ἦγον οἱ δορυφόροι τὸν καθ' ἡλικίαν τοῦ προτέρου δεύτερον καὶ σιδηρᾶς ἐναρμοσάμενοι χεῖρας ὀξέσι τοῖς ὄνυξιν ὀργάνῳ καὶ καταπέλτῃ προσέδησαν αὐτόν.",,,,
4 Maccabees 9:27,4MA,4 Maccabees,9,27,"ὡς δὲ εἰ φαγεῖν βούλοιτο πρὶν βασανίζεσθαι πυνθανόμενοι τὴν εὐγενῆ γνώμην ἤκουσαν,",,,,
4 Maccabees 9:28,4MA,4 Maccabees,9,28,ἀπὸ τῶν τενόντων ταῖς σιδηραῖς χερσὶν ἐπισπασάμενοι μέχρι γε τῶν γενείων τὴν σάρκα πᾶσαν καὶ τὴν τῆς κεφαλῆς δορὰν οἱ παρδάλειοι θῆρες ἀπέσυραν.,,,,
4 Maccabees 9:29,4MA,4 Maccabees,9,29,ὁ δὲ ταύτην βαρέως τὴν ἀλγηδόνα καρτερῶν ἔλεγεν· ὡς ἡδὺς πᾶς τρόπος θανάτου διὰ τὴν πάτριον ἡμῶν εὐσέβειαν· ἔφη τε πρὸς τὸν τύραννον·,,,,
4 Maccabees 9:30,4MA,4 Maccabees,9,30,"οὐ δοκεῖς πάντων ὠμότατε τύραννε, πλεῖον ἐμοῦ σε νῦν βασανίζεσθαι ὁρῶν σου νικώμενον τὸν τῆς τυρανίδος ὑπερήφανον λογισμὸν ὑπὸ τῆς διὰ τὴν εὐσέβειαν ἡμῶν ὑπομονῆς;",,,,
4 Maccabees 9:31,4MA,4 Maccabees,9,31,"ἐγὼ μὲν γὰρ ταῖς διὰ τὴν ἀρετὴν ἡδοναῖς τὸν πόνον ἐπικουφίζομαι,",,,,
4 Maccabees 9:32,4MA,4 Maccabees,9,32,"σὺ δὲ ἐν ταῖς τῆς ἀσεβείας ἀπειλαῖς βασανίζῃ. οὐκ ἐκφεύξῃ δέ, μιαρώτατε τύραννε, τὰς τῆς θείας ὀργῆς δίκας.",,,,
4 Maccabees 10:1,4MA,4 Maccabees,10,1,"Καὶ τούτου τὸν ἀοίδιμον θάνατον καρτερήσαντος, ὁ τρίτος ἤγετο παρακαλούμενος πολλὰ ὑπὸ πολλῶν, ὅπως ἀπογευσάμενος σῴζοιτο.",,,,
4 Maccabees 10:2,4MA,4 Maccabees,10,2,"ὁ δὲ ἀναβοήσας ἔφη· ἢ ἀγνοεῖτε ὅτι ὁ αὐτός με τοῖς ἀποθανοῦσιν ἔσπειρε πατήρ, καὶ ἡ αὐτὴ μήτηρ ἐγέννησε, καὶ ἐπὶ τοῖς αὐτοῖς ἀνετράφημεν δόγμασιν;",,,,
4 Maccabees 10:3,4MA,4 Maccabees,10,3,οὐκ ἐξόμνυμαι τὴν εὐγενῆ τῆς ἀδελφότητός μου συγγένειαν.,,,,
4 Maccabees 10:4,4MA,4 Maccabees,10,4,"πρὸς ταῦτα εἴ τι ἔχετε κολαστήριον προσαγάγετε τῷ σώματί μου· τῆς γὰρ ψυχῆς μου, οὐδ' ἂν θέλητε ἅψασθαι, δύνασθε.",,,,
4 Maccabees 10:5,4MA,4 Maccabees,10,5,"οἱ δὲ πικρῶς ἐνέγκαντες τὴν παρρησίαν τοῦ ἀνδρός, ἀρθρεμβόλοις ὀργάνοις τὰς χεῖρας αὐτοῦ καὶ τοὺς πόδας ἐξήρθρουν καὶ ἐξ ἁρμῶν ἀναμοχλεύοντες ἐξεμέλιζον,",,,,
4 Maccabees 10:6,4MA,4 Maccabees,10,6,καὶ τοὺς δακτύλους καὶ τοὺς βραχίονας καὶ τὰ σκέλη καὶ τοὺς ἀγκῶνας περιέκλων.,,,,
4 Maccabees 10:7,4MA,4 Maccabees,10,7,"καὶ κατὰ μηδένα τρόπον ἰσχύοντες αὐτὸν ἄγξαι περισύραντες τό δέρμα σὺν ἄκραις ταῖς τῶν δακτύλων κορυφαῖς ἀπεσκύθιζον· καὶ εὐθέως ἦγον ἐπὶ τὸν τροχόν,",,,,
4 Maccabees 10:8,4MA,4 Maccabees,10,8,περὶ ὃν ἐκ σπονδύλων ἐκμελιζόμενος ἑώρα τὰς ἑαυτοῦ σάρκας περιλακιζομένας καὶ κατὰ σπλάγχνων σταγόνας αἵματος ἀπορρεούσας.,,,,
4 Maccabees 10:9,4MA,4 Maccabees,10,9,μέλλων δὲ ἀποθνήσκειν ἔφη·,,,,
4 Maccabees 10:10,4MA,4 Maccabees,10,10,"ἡμεῖς μέν, ὦ μιαρώτατε τύραννε, διὰ παιδείαν καὶ ἀρετὴν Θεοῦ ταῦτα πάσχομεν·",,,,
4 Maccabees 10:11,4MA,4 Maccabees,10,11,σὺ δὲ διὰ τὴν ἀσέβειαν καὶ μιαιφονίαν ἀκαταλύτους καρτερήσεις βασάνους.,,,,
4 Maccabees 10:12,4MA,4 Maccabees,10,12,"Καὶ τούτου θανόντος ἀδελφοπρεπῶς, τὸν τέταρτον ἐπεσπῶντο λέγοντες·",,,,
4 Maccabees 10:13,4MA,4 Maccabees,10,13,"μὴ συμμανῇς καὶ σὺ τοῖς ἀδελφοῖς σου τὴν αὐτὴν μανίαν, ἀλλὰ πεισθεὶς τῷ βασιλεῖ, σῷζε σεαυτόν.",,,,
4 Maccabees 10:14,4MA,4 Maccabees,10,14,ὁ δὲ αὐτοῖς ἔφη· οὐχ οὕτως καυστικώτερον ἔχετε κατ' ἐμοῦ τὸ πῦρ ὥστε με δειλανδρῆσαι.,,,,
4 Maccabees 10:15,4MA,4 Maccabees,10,15,μὰ τὸν μακάριον τῶν ἀδελφῶν μου θάνατον καὶ τὸν αἰώνιον τοῦ τυράννου ὄλεθρον καὶ τὸν ἀΐδιον τῶν εὐσεβῶν βίον οὐκ ἀρνήσομαι τὴν εὐγενῆ ἀδελφότητα.,,,,
4 Maccabees 10:16,4MA,4 Maccabees,10,16,"ἐπινόει, τύραννε, βασάνους, ἵνα καὶ διὰ τούτων μάθῃς, ὅτι ἀδελφός εἰμι τῶν προβασανισθέντων.",,,,
4 Maccabees 10:17,4MA,4 Maccabees,10,17,"ταῦτα ἀκούσας ὁ αἱμοβόρος καὶ φονώδης καὶ παμμιαρώτατος Ἀντίοχος, ἐκέλευσε τὴν γλῶτταν αὐτοῦ ἐκτεμεῖν.",,,,
4 Maccabees 10:18,4MA,4 Maccabees,10,18,"ὁ δὲ ἔφη· κἂν ἀφέλῃς τὸ τῆς φωνῆς ὄργανον, καὶ σιωπώντων ἀκούει ὁ Θεός·",,,,
4 Maccabees 10:19,4MA,4 Maccabees,10,19,"ἰδοὺ προκεχάλασται ἡ γλῶσσα, τέμνε, οὐ γὰρ παρά τοῦτο τὸν λογισμὸν ἡμῶν γλωσσοτομήσεις.",,,,
4 Maccabees 10:20,4MA,4 Maccabees,10,20,ἡδέως ὑπὲρ τοῦ νόμου τοῦ Θεοῦ τὰ τοῦ σώματος μέλη ἀκρωτηριαζόμεθα.,,,,
4 Maccabees 10:21,4MA,4 Maccabees,10,21,"σὲ δὲ ταχέως μετελεύσεται ὁ Θεός, τὴν γὰρ τῶν θείων ὕμνων μελῳδὸν γλῶτταν ἐκτέμνεις.",,,,
4 Maccabees 11:1,4MA,4 Maccabees,11,1,"Ως δὲ καὶ οὗτος ταῖς βασάνοις καταικισθεὶς ἐναπέθανεν, ὁ πέμπτος παρεπήδησε λέγων·",,,,
4 Maccabees 11:2,4MA,4 Maccabees,11,2,"οὐ μέλλω, τύραννε, πρὸς τὸν ὑπὲρ τῆς ἀρετῆς βασανισμὸν παραιτεῖσθαι,",,,,
4 Maccabees 11:3,4MA,4 Maccabees,11,3,"αὐτὸς δ' ἀπ' ἐμαυτοῦ παρῆλθον, ὅπως κἀμὲ κατακτείνας περὶ πλειόνων ἀδικημάτων ὀφειλήσῃς τῇ οὐρανίῳ δίκῃ τιμωρίαν.",,,,
4 Maccabees 11:4,4MA,4 Maccabees,11,4,"ᾦ μισάρετε καὶ μισάνθρωπε, τί δράσαντας ἡμᾶς τοῦτον πορθεῖς τὸν τρόπον;",,,,
4 Maccabees 11:5,4MA,4 Maccabees,11,5,ἢ κακόν σοι δοκεῖ ὅτι τὸν πάντων κτίστην εὐσεβοῦμεν καὶ κατὰ τὸν ἐνάρετον αὐτοῦ ζῶμεν νόμον;,,,,
4 Maccabees 11:6,4MA,4 Maccabees,11,6,"ἀλλὰ ταῦτα τιμῶν, οὐ βασάνων ἐστὶν ἄξια.",,,,
4 Maccabees 11:7,4MA,4 Maccabees,11,7,εἴπερ ᾐσθάνου ἀνθρώπου πόθον καὶ ἐλπίδα εἶχες παρὰ Θεῷ σωτηρίου·,,,,
4 Maccabees 11:8,4MA,4 Maccabees,11,8,νυνὶ δὲ ἀλλότριος ὢν Θεοῦ πολεμεῖς τοὺς εὐσεβοῦντας εἰς τὸν Θεόν.,,,,
4 Maccabees 11:9,4MA,4 Maccabees,11,9,"τοιαῦτα δὲ λέγοντα οἱ δορυφόροι δήσαντες αὐτὸν εἷλκον ἐπὶ τὸν καταπέλτην,",,,,
4 Maccabees 11:10,4MA,4 Maccabees,11,10,"ἐφ' ὃν δήσαντες αὐτὸν ἐπὶ τὰ γόνατα καὶ ταῦτα ποδάγραις σιδηραῖς ἐφαρμόσαντες τὴν ὀσφὺν αὐτοῦ περὶ τροχιαῖον σφῆνα κατέκαμψαν, περὶ ὃν ὅλος περὶ τὸν τροχὸν σκορπίου τρόπον ἀνακλώμενος ἐξεμελίζετο.",,,,
4 Maccabees 11:11,4MA,4 Maccabees,11,11,"κατὰ τοῦτον τὸν τρόπον καὶ τὸ πνεῦμα στενοχωρούμενος καὶ τὸ σῶμα ἀγχόμενος,",,,,
4 Maccabees 11:12,4MA,4 Maccabees,11,12,"καλάς, ἔλεγεν, ἄκων, ᾦ τύραννε, χάριτας ἡμῖν χαρίζῃ διὰ γενναιοτέρων πόνων ἐπιδείξασθαι παρέχων τὴν εἰς τὸν νόμον ἡμῶν καρτερίαν.",,,,
4 Maccabees 11:13,4MA,4 Maccabees,11,13,"Τελευτήσαντος δὲ καὶ τούτου, ὁ ἕκτος ἤγετο μειρακίσκος, ὃς πυνθανομένου τοῦ τυράννου εἰ βούλοιτο φαγὼν ἀπολύεσθαι, ὁ δὲ ἔφη·",,,,
4 Maccabees 11:14,4MA,4 Maccabees,11,14,"ἐγὼ τῇ μὲν ἡλικίᾳ τῶν ἀδελφῶν μού εἰμι νεώτερος, τῇ δὲ διανοίᾳ ἡλικιώτης·",,,,
4 Maccabees 11:15,4MA,4 Maccabees,11,15,"εἰς τὰ αὐτὰ γὰρ καὶ γεννηθέντες καὶ τραφέντες, ὑπὲρ τῶν αὐτῶν καὶ ἀποθνήσκειν ὀφείλομεν ὁμοίως·",,,,
4 Maccabees 11:16,4MA,4 Maccabees,11,16,"ὥστε εἰ σοὶ δοκεῖ βασανίζειν μὴ μιαροφαγοῦντα, βασάνιζε.",,,,
4 Maccabees 11:17,4MA,4 Maccabees,11,17,"ταῦτα αὐτὸν εἰπόντα παρῆγον ἐπὶ τὸν τροχόν,",,,,
4 Maccabees 11:18,4MA,4 Maccabees,11,18,ἐφ' οὗ κατατεινόμενος ἐκμελῶς καὶ ἐκσπονδυλιζόμενος ὑπεκαίετο.,,,,
4 Maccabees 11:19,4MA,4 Maccabees,11,19,"καὶ ὀβελίσκους δὲ ὀξεῖς πυρώσαντες, τοῖς νώτοις προσέφερον καὶ τὰ πλευρὰ διαπείραντες αὐτοῦ τὰ σπλάγχνα διέκαιον.",,,,
4 Maccabees 11:20,4MA,4 Maccabees,11,20,"ὁ δὲ βασανιζόμενος, ὦ ἱεροπρεποῦς ἀγῶνος, ἔλεγεν, ἐφ' ὃν διὰ τὴν εὐσέβειαν εἰς γυμνασίαν πόνων ἀδελφοὶ τοσοῦτοι κληθέντες οὐκ ἐνικήθημεν.",,,,
4 Maccabees 11:21,4MA,4 Maccabees,11,21,"ἀνίκητος γάρ ἐστιν, ὦ τύραννε, ἡ εὐσεβὴς ἐπιστήμη.",,,,
4 Maccabees 11:22,4MA,4 Maccabees,11,22,"καλοκἀγαθίᾳ καθωπλισμένος τεθνήξομαι μὲν κἀγὼ μετὰ τῶν ἀδελφῶν μου,",,,,
4 Maccabees 11:23,4MA,4 Maccabees,11,23,"σὺ δέ, ὦ τύραννε, μέγαν σοὶ προσλαβὼν καὶ αὐτὸς τιμωρόν, καινουργὲ τῶν βασάνων καὶ πολέμιε τῶν ἀληθῶς εὐσεβούντων",,,,
4 Maccabees 11:24,4MA,4 Maccabees,11,24,ἓξ μειράκια καταλελύκαμέν σου τὴν τυραννίδα·,,,,
4 Maccabees 11:25,4MA,4 Maccabees,11,25,τὸ γὰρ μὴ δυνηθῆναί σε μεταπεῖσαι τὸν λογισμὸν ἡμῶν μήτε βιάσασθαι πρὸς τὴν μιαροφαγίαν οὐ κατάλυσίς ἐστί σου;,,,,
4 Maccabees 11:26,4MA,4 Maccabees,11,26,"τὸ πῦρ σου ψυχρὸν ἡμῖν, καὶ ἄπονοι οἱ καταπέλται, καὶ ἀδύνατος ἡ βία σου.",,,,
4 Maccabees 11:27,4MA,4 Maccabees,11,27,"οὐ γὰρ τυράννου, ἀλλὰ θείου νόμου προεστήκασιν ἡμῶν οἱ δορυφόροι· διὰ τοῦτο ἀνίκητον ἔχομεν τὸν λογισμόν.",,,,
4 Maccabees 12:1,4MA,4 Maccabees,12,1,"Ως δὲ καὶ οὗτος μακαρίως ἐναπέθανε καταβληθεὶς εἰς λέβητα, ὁ ἕβδομος παρεγίνετο πάντων νεώτερος.",,,,
4 Maccabees 12:2,4MA,4 Maccabees,12,2,"ὃν κατοικτειρήσας ὁ τύραννος, καίπερ δεινῶς ὑπὸ τῶν ἀδελφῶν αὐτοῦ κακισθείς, ὁρῶν ἤδη τὰ δεσμὰ περικείμενον,",,,,
4 Maccabees 12:3,4MA,4 Maccabees,12,3,πλησιέστερον αὐτὸν μετεπέμψατο καὶ παρηγορεῖν ἐπειρᾶτο λέγων·,,,,
4 Maccabees 12:4,4MA,4 Maccabees,12,4,"τῆς μὲν τῶν ἀδελφῶν σου ἀπονοίας τὸ τέλος ὁρᾷς· διὰ γὰρ ἀπείθειαν στρεβλωθέντες τεθνήκασι· σὺ δέ, εἰ μὲν μὴ πεισθείης, τάλας βασανισθεὶς καὶ αὐτὸς τεθνήξῃ πρὸ ὥρας.",,,,
4 Maccabees 12:5,4MA,4 Maccabees,12,5,πεισθεὶς δὲ φίλος ἔσῃ καὶ τῶν ἐπὶ τῆς βασιλείας ἀφηγήσῃ πραγμάτων.,,,,
4 Maccabees 12:6,4MA,4 Maccabees,12,6,"καὶ ταῦτα παρακαλῶν, τὴν μητέρα τοῦ παιδὸς μετεπέμψατο, ὅπως αὐτὴν ἐλεήσας τοσούτων υἱῶν στερηθεῖσαν παρορμήσειεν ἐπὶ τὴν σωτήριον εὐπείθειαν τὸν περιλειπόμενον.",,,,
4 Maccabees 12:7,4MA,4 Maccabees,12,7,"ὁ δὲ τῆς μητρὸς τῇ ἑβραΐδι φωνῇ προτρεψαμένης αὐτὸν (ὡς ἐροῦμεν μετὰ μικρὸν ὕστερον), ἀπολύσατέ με, φησίν·",,,,
4 Maccabees 12:8,4MA,4 Maccabees,12,8,εἴπω τι τῷ βασιλεῖ καὶ τοῖς σὺν αὐτῷ φίλοις πᾶσι.,,,,
4 Maccabees 12:9,4MA,4 Maccabees,12,9,καὶ ἐπιχαρέντες ὅ τε βασιλεὺς καὶ οἱ σὺν αὐτῷ μάλιστα ἐπὶ τῇ ἐπαγγελίᾳ τοῦ παιδὸς ταχέως ἔλυσαν αὐτόν.,,,,
4 Maccabees 12:10,4MA,4 Maccabees,12,10,καὶ δραμὼν ἐπὶ πλησίον τῶν τηγάνων ἔφη·,,,,
4 Maccabees 12:11,4MA,4 Maccabees,12,11,"ἀνόσιε, φησίν, καὶ πάντων τῶν πονηρῶν ἀσεβέστατε τύραννε, οὐκ ᾐδέσθης παρὰ τοῦ Θεοῦ λαβὼν τὰ ἀγαθὰ καὶ τὴν βασιλείαν τοὺς θεράποντας αὐτοῦ κατακτεῖναι καὶ τοὺς εὐσεβείας ἀσκητὰς στρεβλῶσαι;",,,,
4 Maccabees 12:12,4MA,4 Maccabees,12,12,"ἀνθ' ὧν ταμιεύσεταί σε ἡ θεία δίκη πυκνοτέρῳ καὶ αἰωνίῳ πυρὶ καὶ βασάνοις, αἳ εἰς ὅλον τὸν αἰῶνα οὐκ ἀνήσουσί σε.",,,,
4 Maccabees 12:13,4MA,4 Maccabees,12,13,"οὐκ ᾐδέσθης ἄνθρωπος ὤν, θηριωδέστατε, τοὺς ὁμοιοπαθεῖς καὶ ἐκ τῶν αὐτῶν γεγονότας στοιχείων γλωττοτομῆσαι καὶ τοῦτον καταικίσας τὸν τρόπον βασανίσαι;",,,,
4 Maccabees 12:14,4MA,4 Maccabees,12,14,"ἀλλ' οἱ μὲν εὐγενῶς ἀποθανόντες ἐπλήρωσαν τὴν εἰς τὸν Θεὸν εὐσέβειαν,",,,,
4 Maccabees 12:15,4MA,4 Maccabees,12,15,σὺ δὲ κακὸς κακῶς οἰμώξεις τοὺς τῆς ἀρετῆς ἀγωνιστὰς ἀναιτίως ἀποκτείνας.,,,,
4 Maccabees 12:16,4MA,4 Maccabees,12,16,ὅθεν καὶ αὐτὸς ἀποθνήσκειν μέλλων ἔφη·,,,,
4 Maccabees 12:17,4MA,4 Maccabees,12,17,οὐκ ἀπαυτομολῶ τῆς τῶν ἀδελφῶν μου ἀριστείας·,,,,
4 Maccabees 12:18,4MA,4 Maccabees,12,18,"ἐπικαλοῦμαι δὲ τὸν πατρῷον Θεόν, ὅπως ἵλεως γένηται τῷ γένει μου.",,,,
4 Maccabees 12:19,4MA,4 Maccabees,12,19,σὲ δὲ καὶ ἐν τῷ νῦν βίῳ καὶ θανόντα τιμωρήσεται.,,,,
4 Maccabees 12:20,4MA,4 Maccabees,12,20,"καὶ ταῦτα κατευξάμενος, ἑαυτὸν ἔρριψε κατά τῶν τηγάνων, καὶ οὕτως ἀπέδωκε τὴν ψυχήν.",,,,
4 Maccabees 13:1,4MA,4 Maccabees,13,1,"Εἰ δὲ τοίνυν τῶν μέχρι θανάτου πόνων ὑπερεφρόνησαν οἱ ἑπτὰ ἀδελφοί, συνομολογεῖται πανταχόθεν ὅτι αὐτοδέσποτός ἐστι τῶν παθῶν ὁ εὐσεβὴς λογισμός.",,,,
4 Maccabees 13:2,4MA,4 Maccabees,13,2,"εἰ γὰρ τοῖς πάθεσι δουλωθέντες ἐμιαροφάγησαν, ἐλέγομεν ἂν τούτοις αὐτοὺς νενικῆσθαι·",,,,
4 Maccabees 13:3,4MA,4 Maccabees,13,3,"νυνὶ δὲ οὐχ οὕτως, ἀλλὰ τῷ ἐπαινουμένῳ παρὰ Θεῷ λογισμῷ περιεγένετο τῶν παθῶν.",,,,
4 Maccabees 13:4,4MA,4 Maccabees,13,4,ὧν οὐκ ἔστι παριδεῖν τὴν ἡγεμονίαν τῆς διανοίας· ἐπεκράτησαν γὰρ καὶ πάθους καὶ πόνων.,,,,
4 Maccabees 13:5,4MA,4 Maccabees,13,5,"πῶς οὖν οὐκ ἔστι τούτοις τὴν τῆς εὐλογιστίας παθοκρατορίαν ὁμολογεῖν, οἳ τῶν μὲν διὰ πυρὸς ἀλγηδόνων οὐκ ἐπεστράφησαν;",,,,
4 Maccabees 13:6,4MA,4 Maccabees,13,6,"καθάπερ γὰρ προβλῆτες λιμένων πύργοι τὰς τῶν κυμάτων ἀπειλὰς ἀνακόπτοντες γαληνὸν παρέχουσι τοῖς εἰσπλέουσι τὸν ὅρμον,",,,,
4 Maccabees 13:7,4MA,4 Maccabees,13,7,οὕτως ἡ ἑπτάπυργος τῶν νεανίσκων εὐλογιστία τὸν τῆς εὐσεβείας ὀχυρώσασα λιμένα τὴν τῶν παθῶν ἐνίκησεν ἀκολασίαν.,,,,
4 Maccabees 13:8,4MA,4 Maccabees,13,8,ἱερὸν γὰρ εὐσεβείας στήσαντες χορὸν παρεθάρσυνον ἀλλήλους λέγοντες·,,,,
4 Maccabees 13:9,4MA,4 Maccabees,13,9,"ἀδελφικῶς ἀποθάνοιμεν ἀδελφοὶ περὶ τοῦ νόμου· μιμησώμεθα τοὺς τρεῖς τοὺς ἐπὶ τῆς Ἀσσυρίας νεανίσκους, οἳ τῆς ἰσοπάλιδος καμίνου κατεφρόνησαν.",,,,
4 Maccabees 13:10,4MA,4 Maccabees,13,10,μὴ δειλανδρήσωμεν πρὸς τὴν τῆς εὐσεβείας ἀπόδειξιν.,,,,
4 Maccabees 13:11,4MA,4 Maccabees,13,11,"καὶ ὁ μέν, θάρρει, ἀδελφέ, ἔλεγεν· ὁ δέ, εὐγενῶς καρτέρησον,",,,,
4 Maccabees 13:12,4MA,4 Maccabees,13,12,"ὁ δέ, καταμνησθεὶς ἔλεγε· μνήσθητε πόθεν ἐστὲ ἢ τίνος πατρὸς χειρὶ σφαγιασθῆναι διὰ τὴν εὐσέβειαν ὑπέμεινεν Ἰσαάκ.",,,,
4 Maccabees 13:13,4MA,4 Maccabees,13,13,"εἷς δὲ ἕκαστος καὶ ἀλλήλους ὁμοῦ πάντες ἐφορῶντες φαιδροὶ καὶ μάλα θαρραλέοι, ἑαυτούς, ἔλεγον, τῷ Θεῷ ἀφιερώσωμεν ἐξ ὅλης τῆς καρδίας τῷ δόντι τὰς ψυχὰς καὶ χρήσωμεν τῇ περὶ τὸν νόμον φυλακῇ τὰ σώματα.",,,,
4 Maccabees 13:14,4MA,4 Maccabees,13,14,μὴ φοβηθῶμεν τὸν δοκοῦντα ἀποκτέννειν τὸ σῶμα·,,,,
4 Maccabees 13:15,4MA,4 Maccabees,13,15,μέγας γὰρ ψυχῆς ἀγὼν καὶ κίνδυνος ἐν αἰωνίῳ βασάνῳ κείμενος τοῖς παραβᾶσι τὴν ἐντολὴν τοῦ Θεοῦ.,,,,
4 Maccabees 13:16,4MA,4 Maccabees,13,16,καθοπλισώμεθα τοιγαροῦν τῇ τοῦ θείου λογισμοῦ παθοκρατορίᾳ.,,,,
4 Maccabees 13:17,4MA,4 Maccabees,13,17,οὕτως γὰρ θανόντας ἡμᾶς Ἁβραὰμ καὶ Ἰσαὰκ καὶ Ἰακὼβ ὑποδέξονται εἰς τοὺς κόλπους αὐτῶν καὶ πάντες οἱ πατέρες ἐπαινέσουσι.,,,,
4 Maccabees 13:18,4MA,4 Maccabees,13,18,"καὶ ἑνὶ ἑκάστῳ τῶν ἀποσπωμένων αὐτῶν ἀδελφῶν ἔλεγον οἱ περιλειπόμενοι· μὴ καταισχύνῃς ἡμᾶς, ἀδελφέ, μηδὲ ψεύσῃ τοὺς προαποθανόντας ἡμῶν ἀδελφούς.",,,,
4 Maccabees 13:19,4MA,4 Maccabees,13,19,"οὐκ ἀγνοεῖτε δὲ τὰ τῆς ἀδελφότητος φίλτρα, ἅπερ ἡ θεία καὶ πάνσοφος πρόνοια διὰ τῶν πατέρων τοῖς γενομένοις ἐμέρισε καὶ διὰ τῆς μητρῴας φυτεύσασα γαστρός,",,,,
4 Maccabees 13:20,4MA,4 Maccabees,13,20,ἐν ᾗ τὸν ἴσον ἀδελφοὶ κατοικήσαντες χρόνον καὶ ἐν τῷ αὐτῷ χρόνῳ πλασθέντες καὶ ἀπὸ τοῦ αὐτοῦ αἵματος αὐξηθέντες καὶ διὰ τῆς αὐτῆς ψυχῆς τελεσφορηθέντες,,,,
4 Maccabees 13:21,4MA,4 Maccabees,13,21,"καὶ διὰ τῶν ἴσων ἀποτεχθέντες χρόνων καὶ ἀπὸ τῶν αὐτῶν γαλακτοποτοῦντες πηγῶν, ἀφ' ὧν συστρέφονται ἐναγκαλισμάτων φιλάδελφοι ψυχαί·",,,,
4 Maccabees 13:22,4MA,4 Maccabees,13,22,καὶ αὔξοντες σφοδρότερον διὰ τῆς συντροφίας καὶ τῆς καθ' ἡμέραν συνηθείας καὶ τῆς ἄλλης παιδείας καὶ τῆς ἡμετέρας ἐν νόμῳ Θεοῦ ἀσκήσεως.,,,,
4 Maccabees 13:23,4MA,4 Maccabees,13,23,"οὕτως δὴ τοίνυν καθεστηκυίας συμπαθοῦς τῆς φιλαδελφίας, οἱ ἑπτὰ ἀδελφοὶ συμπαθέστερον ἔσχον τὴν πρὸς ἀλλήλους ὁμόνοιαν.",,,,
4 Maccabees 13:24,4MA,4 Maccabees,13,24,"νόμῳ γὰρ τῷ αὐτῷ παιδευθέντες καὶ τὰς αὐτὰς ἐξασκήσαντες ἀρετὰς καὶ τῷ δικαίῳ συντραφέντες βίῳ, μᾶλλον ἑαυτοὺς ἠγάπων.",,,,
4 Maccabees 13:25,4MA,4 Maccabees,13,25,ἡ γὰρ ὁμοζηλία τῆς καλοκἀγαθίας ἐπέτεινεν αὐτῶν τὴν πρὸς ἀλλήλους εὔνοιαν καὶ ὁμόνοιαν.,,,,
4 Maccabees 13:26,4MA,4 Maccabees,13,26,σὺν γὰρ τῇ εὐσεβείᾳ ποθεινοτέραν αὐτοῖς κατεσκεύαζον τὴν φιλαδελφίαν.,,,,
4 Maccabees 13:27,4MA,4 Maccabees,13,27,"ἀλλ' ὅμως καὶ περὶ τῆς φύσεως καὶ τῆς συνηθείας καὶ τῶν τῆς ἀρετῆς ἠθῶν τὰ τῆς ἀδελφότητος αὐτοῖς φίλτρα συναυξόντων, ἀνέσχοντο διὰ τὴν εὐσέβειαν τοὺς ἀδελφοὺς οἱ ὑπολελειμμένοι, τοὺς καταικιζομένους ὁρῶντες μέχρι θανάτου βασανιζομένους.",,,,
4 Maccabees 14:1,4MA,4 Maccabees,14,1,"Προσέτι καὶ ἐπὶ τὸν αἰκισμὸν ἐποτρύνοντες, ὡς μὴ μόνον τῶν ἀλγηδόνων περιφρονῆσαι αὐτούς, ἀλλὰ καὶ τῶν τῆς τῶν ἀδελφῶν φιλαδελφίας παθῶν κρατῆσαι.",,,,
4 Maccabees 14:2,4MA,4 Maccabees,14,2,ὦ βασιλέως λογισμοὶ βασιλικώτεροι καὶ ἐλευθέρων ἐλευθερώτεροι.,,,,
4 Maccabees 14:3,4MA,4 Maccabees,14,3,ὦ ἱερᾶς καὶ εὐαρμόστου περὶ τῆς εὐσεβείας τῶν ἑπτὰ ἀδελφῶν συμφωνίας.,,,,
4 Maccabees 14:4,4MA,4 Maccabees,14,4,"οὐδεὶς ἐκ τῶν ἑπτὰ μειρακίων ἐδειλίασεν οὐδὲ πρὸς τὸν θάνατον ὤκνησεν,",,,,
4 Maccabees 14:5,4MA,4 Maccabees,14,5,"ἀλλὰ πάντες ὥσπερ ἐπ' ἀθανασίας ὁδὸν τρέχοντες, ἐπὶ τὸν διὰ τῶν βασάνων θάνατον ἔσπευδον.",,,,
4 Maccabees 14:6,4MA,4 Maccabees,14,6,"καθάπερ γὰρ χεῖρες καὶ πόδες συμφώνως τοῖς τῆς ψυχῆς ἀφηγήμασιν κινοῦνται, οὕτως οἱ ἱεροὶ μείρακες ἐκεῖνοι ὡς ὑπὸ ψυχῆς μιᾶς τῆς ἀθανάτου τῆς εὐσεβείας κινούμενοι πρὸς τὸν ὑπὲρ αὐτῆς συνεφώνησαν θάνατον.",,,,
4 Maccabees 14:7,4MA,4 Maccabees,14,7,"ὦ πανάγιε συμφώνων ἀδελφῶν ἑβδομάς· καθάπερ γὰρ ἑπτὰ τῆς κοσμοποιΐας ἡμέραι περὶ τὴν εὐσέβειαν,",,,,
4 Maccabees 14:8,4MA,4 Maccabees,14,8,οὕτως περὶ τὴν ἑβδομάδα χορεύοντες οἱ μείρακες ἐκύκλουν τὸν τῶν βασάνων φόβον καταλύοντες.,,,,
4 Maccabees 14:9,4MA,4 Maccabees,14,9,"νῦν ἡμεῖς ἀκούοντες τὴν θλῖψιν τῶν νεανιῶν ἐκείνων φρίττομεν· οἱ δὲ οὐ μόνον ὁρῶντες, ἀλλ' οὐδὲ μόνον ἀκούοντες τὸν παραχρῆμα ἀπειλῆς λόγον, ἀλλὰ καὶ πάσχοντες ἐνεκαρτέρουν, καὶ τοῦτο ταῖς διὰ πυρὸς ὀδύναις·",,,,
4 Maccabees 14:10,4MA,4 Maccabees,14,10,ὧν τί ἂν γένοιτο ἐπαλγέστερον; ὀξεῖα γὰρ καὶ σύντομος ἡ τοῦ πυρὸς οὖσα δύναμις ταχέως διέλυε τά σώματα.,,,,
4 Maccabees 14:11,4MA,4 Maccabees,14,11,"Καὶ μὴ θαυμαστὸν ἡγεῖσθε, εἰ ὁ λογισμὸς περιεκράτησε τῶν ἀνδρῶν ἐκείνων ἐν ταῖς βασάνοις, ὅπου γε καὶ γυναικὸς νοῦς πολυτροπωτέρων ὑπερεφρόνησεν ἀλγηδόνων·",,,,
4 Maccabees 14:12,4MA,4 Maccabees,14,12,ἡ μήτηρ γὰρ τῶν ἑπτὰ νεανίσκων ἐκείνων ὑπήνεγκε τὰς ἐφ' ἑνὶ ἑκάστῳ τῶν τέκνων στρέβλας.,,,,
4 Maccabees 14:13,4MA,4 Maccabees,14,13,"θεωρεῖτε δὲ πῶς πολύπλοκός ἐστιν ἡ τῆς φιλοτεκνίας στοργὴ ἕλκουσα πάντα πρὸς τὴν τῶν σπλάγχνων συμπάθειαν,",,,,
4 Maccabees 14:14,4MA,4 Maccabees,14,14,ὅπου γε καὶ τὰ ἄλογα ζῷα ὁμοίαν τὴν εἰς τὰ ἐξ αὐτῶν γεννώμενα συμπάθειαν καὶ στοργὴν ἔχει τοῖς ἀνθρώποις.,,,,
4 Maccabees 14:15,4MA,4 Maccabees,14,15,"καὶ γὰρ τῶν πετεινῶν τὰ μὲν ἥμερα κατὰ τὰς οἰκίας ὀροφοιτοῦντα προασπίζει τῶν νεοσσῶν,",,,,
4 Maccabees 14:16,4MA,4 Maccabees,14,16,τὰ δὲ κατὰ τὰς κορυφὰς ὀρέων καὶ φαράγγων ἀπορρῶγας καὶ δένδρων ὀπὰς καὶ τὰς τούτων ἄκρας ἐννοσσοποιησάμενα ἀποτίκτει καὶ τὸν προσιόντα κωλύει·,,,,
4 Maccabees 14:17,4MA,4 Maccabees,14,17,"εἰ δὲ καὶ μὴ δύναιντο κωλύειν, περιϊπτάμενα κυκλόθεν αὐτῶν ἀλγοῦντα τῇ στοργῇ, ἀνακαλούμενα τῇ ἰδίᾳ φωνῇ, καθ' ὃν δύναται τρόπον βοηθεῖ τοῖς τέκνοις.",,,,
4 Maccabees 14:18,4MA,4 Maccabees,14,18,καὶ τί δεῖ τὴν διὰ τῶν ἀλόγων ζῴων ἐπιδεικνύναι τὴν πρὸς τὰ τέκνα συμπάθειαν;,,,,
4 Maccabees 14:19,4MA,4 Maccabees,14,19,ὅπου γε καὶ μέλισσαι περὶ τὸν τῆς κηρογονίας καιρὸν ἐπαμύνονται τοὺς προσιόντας καὶ καθάπερ σιδήρῳ τῷ κέντρῳ πλήσσουσι τοὺς προσιόντας τῇ νοσσιᾷ αὐτῶν καὶ ἐπαμύνουσιν ἕως θανάτου;,,,,
4 Maccabees 14:20,4MA,4 Maccabees,14,20,ἀλλ' οὐχὶ τὴν τοῦ Ἁβραὰμ ὁμόψυχον τῶν νεανιῶν μητέρα μετεκίνησε συμπάθεια τῶν τέκνων.,,,,
4 Maccabees 15:1,4MA,4 Maccabees,15,1,Ω λογισμὲ τέκνων παθῶν τύραννε καὶ εὐσέβεια μητρὶ τέκνων ποθεινοτέρα.,,,,
4 Maccabees 15:2,4MA,4 Maccabees,15,2,"μήτηρ δυοῖν προκειμένων, εὐσεβείας καὶ τῆς τῶν ἑπτὰ υἱῶν σωτηρίας προσκαίρου κατὰ τὴν τοῦ τυράννου ὑπόσχεσιν,",,,,
4 Maccabees 15:3,4MA,4 Maccabees,15,3,τὴν εὐσέβειαν μᾶλλον ἠγάπησε τὴν σῴζουσαν εἰς αἰώνιον ζωὴν κατὰ Θεόν.,,,,
4 Maccabees 15:4,4MA,4 Maccabees,15,4,"ᾦ τίνα τρόπον ἠθολογήσαιμι, φιλότεκνα γονέων πάθη. ψυχῆς τε καὶ μορφῆς ὁμοιότητα εἰς μικρὸν παιδὸς χαρακτῆρα θαυμάσιον ἐναποσφραγίζομεν, μάλιστα διὰ τὸ τῶν παθῶν τοῖς γεννηθεῖσι τὰς μητέρας τῶν πατέρων καθεστάναι συμπαθεστέρας.",,,,
4 Maccabees 15:5,4MA,4 Maccabees,15,5,"ὅσῳ γὰρ καὶ ἀσθενόψυχοι καὶ πολυγονώτεραι ὑπάρχουσιν αἱ μητέρες, τοσοῦτον μᾶλλόν εἰσι φιλοτεκνότεραι.",,,,
4 Maccabees 15:6,4MA,4 Maccabees,15,6,"πασῶν δὲ τῶν μητέρων ἐγένετο ἡ τῶν ἑπτὰ παίδων μήτηρ φιλοτεκνοτέρα, ἥτις ἑπτὰ κυοφορίαις τὴν πρὸς αὐτοὺς ἐπιφυτευομένη φιλοστοργίαν",,,,
4 Maccabees 15:7,4MA,4 Maccabees,15,7,"καὶ διὰ πολλὰς τὰς καθ' ἕκαστον αὐτῶν ὠδῖνας ἠναγκασμένη τὴν εἰς αὐτοὺς ἔχειν συμπάθειαν,",,,,
4 Maccabees 15:8,4MA,4 Maccabees,15,8,διὰ τὸν πρὸς τὸν Θεὸν φόβον ὑπερεῖδε τὴν τῶν τέκνων πρόσκαιρον σωτηρίαν.,,,,
4 Maccabees 15:9,4MA,4 Maccabees,15,9,"οὐ μὴν δέ, ἀλλὰ καὶ διὰ τὴν καλοκἀγαθίαν τῶν υἱῶν καὶ τὴν πρὸς τὸν νόμον αὐτῶν εὐπείθειαν μείζω τὴν ἐν αὐτοῖς ἔσχε φιλοστοργίαν.",,,,
4 Maccabees 15:10,4MA,4 Maccabees,15,10,"δίκαιοί τε γὰρ ἦσαν καὶ σώφρονες καὶ ἀνδρεῖοι καὶ μεγαλόψυχοι καὶ φιλάδελφοι καὶ φιλομήτορες οὕτως, ὥστε καὶ μέχρι θανάτου τὰ νόμιμα φυλάσσοντας πείθεσθαι αὐτῇ.",,,,
4 Maccabees 15:11,4MA,4 Maccabees,15,11,"ἀλλ' ὅμως καίπερ τοσούτων ὄντων τῶν περὶ φιλοτεκνίαν εἰς συμπάθειαν ἑλκόντων τὴν μητέρα, ἐπ' οὐδενὸς αὐτῶν τὸν λογισμὸν αὐτῆς αἱ παμποίκιλοι βάσανοι ἴσχυσαν μεταστρέψαι,",,,,
4 Maccabees 15:12,4MA,4 Maccabees,15,12,ἀλλὰ καὶ καθ' ἕνα παῖδα καὶ ὁμοῦ πάντας ἡ μήτηρ ἐπὶ τὸν ὑπὲρ τῆς εὐσεβείας προετρέπετο θάνατον.,,,,
4 Maccabees 15:13,4MA,4 Maccabees,15,13,ὦ φύσις ἱερὰ καὶ φίλτρα γονέων καὶ γένεσις φιλόστοργε καὶ τροφεῖα καὶ μητέρων ἀδάμαστα πάθη.,,,,
4 Maccabees 15:14,4MA,4 Maccabees,15,14,"καθ' ἕνα στρεβλούμενον καὶ φλεγόμενον ὁρῶσα μήτηρ, οὐ μετεβάλλετο διὰ τὴν εὐσέβειαν.",,,,
4 Maccabees 15:15,4MA,4 Maccabees,15,15,τὰς σάρκας τῶν τέκνων ἑώρα περὶ τὸ πῦρ τηκομένας καὶ τοὺς τῶν ποδῶν καὶ χειρῶν δακτύλους ἐπὶ γῆς σπαίροντας καὶ τὰς τῶν κεφαλῶν μέχρι τῶν περὶ τὰ γένεια σάρκας ὥσπερ προσωπεῖα προκειμένας.,,,,
4 Maccabees 15:16,4MA,4 Maccabees,15,16,ὦ πικροτέρων μὲν νῦν μήτηρ πόνων πειρασθεῖσα ἤπερ τῶν ἐπ' αὐτοῖς ὠδίνων.,,,,
4 Maccabees 15:17,4MA,4 Maccabees,15,17,ὦ μόνη γύναι τὴν εὐσέβειαν ὁλόκληρον ἀποκυήσασα.,,,,
4 Maccabees 15:18,4MA,4 Maccabees,15,18,"οὐ μετέτρεψέ σε πρωτότοκος ἀποπνέων, οὐδὲ δεύτερος εἰς σὲ οἰκτρὸν βλέπων ἐν βασάνοις, οὐδὲ τρίτος ἀποψύχων,",,,,
4 Maccabees 15:19,4MA,4 Maccabees,15,19,"οὐδὲ τοὺς ὀφθαλμοὺς ἑνὸς ἑκάστου θεωροῦσα ταυρηδὸν ἐπὶ τῶν βασάνων ὁρῶντας τὸν ἑαυτῶν αἰκισμὸν καὶ τοὺς μυκτῆρας προσημειουμένους αὐτῶν τὸν θάνατον, οὐκ ἔκλαυσας.",,,,
4 Maccabees 15:20,4MA,4 Maccabees,15,20,"ἐπὶ σαρξὶ τέκνων ὁρῶσα σάρκας τέκνων ἀποκαιομένας καὶ ἐπὶ χερσὶ χεῖρας ἀποτεμνομένας καὶ ἐπὶ κεφαλαῖς κεφαλὰς ἀποδειροτομουμένας καὶ ἐπὶ νεκροῖς νεκροὺς πίπτοντας καὶ πολυάνδριον ὁρῶσα τῶν τέκνων τὸ χορεῖον διὰ τῶν βασάνων, οὐκ ἐδάκρυσας.",,,,
4 Maccabees 15:21,4MA,4 Maccabees,15,21,"οὐχ οὕτως σειρήνειοι μελῳδίαι, οὐδὲ κύκνειοι πρὸς φιληκοΐαν φωναὶ τοὺς ἀκούοντας ἐφέλκονται, ὡς τέκνων φωναὶ μετὰ βασάνων μητέρα φωνούντων.",,,,
4 Maccabees 15:22,4MA,4 Maccabees,15,22,πηλίκαις καὶ πόσαις τότε ἡ μήτηρ τῶν υἱῶν βασανιζομένων τροχοῖς τε καὶ καυτηρίοις ἐβασανίζετο βασάνοις;,,,,
4 Maccabees 15:23,4MA,4 Maccabees,15,23,ἀλλὰ τὰ σπλάγχνα αὐτῆς ὁ εὐσεβὴς λογισμὸς ἐν αὐτοῖς τοῖς πάθεσιν ἀνδρειώσας ἐπέτεινε τὴν πρόσκαιρον φιλοτεκνίαν παριδεῖν.,,,,
4 Maccabees 15:24,4MA,4 Maccabees,15,24,"καίπερ ἑπτὰ τέκνων ὁρῶσα ἀπώλειαν καὶ τὴν τῶν στρεβλῶν πολύπλοκον ποικιλίαν, ἁπάσας ἡ γενναία μήτηρ ἐξέλυσε διὰ τὴν πρὸς Θεὸν πίστιν.",,,,
4 Maccabees 15:25,4MA,4 Maccabees,15,25,"καθάπερ γὰρ ἐν βουλετηρίῳ τῇ ἑαυτῆς ψυχῇ δεινοὺς ὁρῶσα συμβούλους, φύσιν καὶ γένεσιν καὶ φιλοτεκνίαν καὶ τέκνων στρέβλας,",,,,
4 Maccabees 15:26,4MA,4 Maccabees,15,26,"δύο ψήφους κρατοῦσα μήτηρ, θανατηφόρον τε καὶ σωτήριον, ὑπὲρ τέκνων",,,,
4 Maccabees 15:27,4MA,4 Maccabees,15,27,"οὐκ ἐπέγνω τὴν σῴζουσαν ἑπτὰ υἱοὺς πρὸς ὀλίγον χρόνον σωτηρίαν,",,,,
4 Maccabees 15:28,4MA,4 Maccabees,15,28,ἀλλὰ τῆς θεοσεβοῦς Ἁβραὰμ καρτερίας ἡ θυγάτηρ ἐμνήσθη.,,,,
4 Maccabees 15:29,4MA,4 Maccabees,15,29,"ὦ μήτηρ ἔθνους, ἔκδικε τοῦ νόμου καὶ ὑπερασπίστρια τῆς εὐσεβείας καὶ τοῦ διὰ σπλάγχνων ἀγῶνος ἀθλοφόρε·",,,,
4 Maccabees 15:30,4MA,4 Maccabees,15,30,ὦ ἀρρένων πρὸς καρτερίαν γενναιοτέρα καὶ ἀνδρῶν πρὸς ὑπομονὴν ἀνδρειοτέρα.,,,,
4 Maccabees 15:31,4MA,4 Maccabees,15,31,"καθάπερ γὰρ ἡ Νῶε κιβωτὸς ἐν τῷ κοσμοπληθεῖ κατακλυσμῷ κοσμοφοροῦσα καρτερῶς ὑπήνεγκε τοὺς κλύδωνας,",,,,
4 Maccabees 15:32,4MA,4 Maccabees,15,32,"οὕτως σύ, ἡ νομοφύλαξ, πανταχόθεν ἐν τῷ τῶν παθῶν περιαντλουμένη κατακλυσμῷ καὶ καρτεροῖς ἀνέμοις, ταῖς τῶν υἱῶν βασάνοις συνεχομένη γενναίως ὑπέμεινας τοὺς ὑπὲρ τῆς εὐσεβείας χειμῶνας.",,,,
4 Maccabees 16:1,4MA,4 Maccabees,16,1,"Εἰ δὲ τοίνυν καὶ γυνὴ καὶ γηραιὰ καὶ ἑπτὰ παίδων μήτηρ ὑπέμεινε τὰς μέχρι θανάτου βασάνους ὁρῶσα τῶν τέκνων, ὁμολογουμένως αὐτοκράτωρ ἐστὶ τῶν παθῶν ὁ εὐσεβὴς λογισμός.",,,,
4 Maccabees 16:2,4MA,4 Maccabees,16,2,"ἀπέδειξα οὖν ὅτι οὐ μόνον τῶν παθῶν ἄνδρες ἐπεκράτησαν, ἀλλὰ καὶ γυνὴ τῶν μεγίστων βασάνων ὑπερεφρόνησε.",,,,
4 Maccabees 16:3,4MA,4 Maccabees,16,3,"καὶ οὐχ οὕτως οἱ περὶ τὸν Δανιὴλ λέοντες ἦσαν ἄγριοι, οὐδὲ ἡ κατὰ τὸν Μισαὴλ ἐκφλεγομένη κάμινος λαβροτάτῳ πυρί, ὡς ἡ τῆς φιλοτεκνίας περιέκαιεν ἐκείνην φύσις, ὁρῶσαν αὐτῆς οὕτως ποικίλως τοὺς ἑπτὰ υἱοὺς βασανιζομένους.",,,,
4 Maccabees 16:4,4MA,4 Maccabees,16,4,ἀλλὰ τῷ λογισμῷ τῆς εὐσεβείας κατέσβεσε τοσαῦτα καὶ τηλικαῦτα πάθη ἡ μήτηρ.,,,,
4 Maccabees 16:5,4MA,4 Maccabees,16,5,"καὶ γὰρ τοῦτο ἐπιλογίσασθε, ὅτι εἰ δειλόψυχος ἦν ἡ γυνή, καίπερ μήτηρ οὖσα, ὠλοφύρετο ἂν ἐπ' αὐτοῖς καὶ ἴσως ἂν ταῦτα οὕτως εἶπεν·",,,,
4 Maccabees 16:6,4MA,4 Maccabees,16,6,ὦ μελέα ἔγωγε καὶ πολλάκις τρισαθλία ἥτις ἑπτὰ παῖδας τεκοῦσα οὐδενὸς μήτηρ γεγένημαι.,,,,
4 Maccabees 16:7,4MA,4 Maccabees,16,7,"ὦ μάταιοι ἑπτὰ κυοφορίαι, καὶ ἀνόνητοι ἑπτὰ δεκάμηνοι καὶ ἄκαρποι τιθηνίαι καὶ ταλαίπωροι γαλακτοτροφίαι.",,,,
4 Maccabees 16:8,4MA,4 Maccabees,16,8,"μάτην ἐφ' ὑμῖν, ὦ παῖδες, πολλὰς ὑπέμεινα ὠδῖνας καὶ χαλεπωτέρας φροντίδας ἀνατροφῆς.",,,,
4 Maccabees 16:9,4MA,4 Maccabees,16,9,"ὦ τῶν ἐμῶν παίδων, οἱ μὲν ἄγαμοι, οἱ δὲ γήμαντες ἀνόνητοι· οὐκ ὄψομαι ὑμῶν τέκνα, οὐδὲ μάμμη κληθεῖσα μακαρισθήσομαι.",,,,
4 Maccabees 16:10,4MA,4 Maccabees,16,10,ὦ ἡ πολύπαις καὶ καλλίπαις ἐγὼ γυνὴ χήρα καὶ μόνη πολύθρηνος·,,,,
4 Maccabees 16:11,4MA,4 Maccabees,16,11,"οὐδ' ἂν ἀποθάνω, θάψοντα τῶν υἱῶν ἕξω τινά. Ἀλλὰ τούτῳ τῷ θρήνῳ οὐδένα ὠλοφύρετο ἡ ἱερὰ καὶ θεοσεβὴς μήτηρ,",,,,
4 Maccabees 16:12,4MA,4 Maccabees,16,12,οὐδ' ἵνα μὴ ἀποθάνωσιν ἀπέτρεπεν αὐτῶν τινα οὐδ ὡς ἀποθνῃσκόντων ἐλυπήθη·,,,,
4 Maccabees 16:13,4MA,4 Maccabees,16,13,"ἀλλ' ὥσπερ ἀδαμάντινον ἔχουσα τὸν νοῦν καὶ εἰς ἀθανασίαν ἀνατίκτουσα τὸν τῶν υἱῶν ἀριθμόν, μᾶλλον ὑπὲρ τῆς εὐσεβείας ἐπὶ τὸν θάνατον αὐτοὺς προετρέπετο ἱκετεύουσα.",,,,
4 Maccabees 16:14,4MA,4 Maccabees,16,14,"ὦ μῆτερ δι' εὐσέβειαν Θεοῦ στρατιῶτι, πρεσβῦτι, καὶ γύναι, διὰ καρτερίαν καὶ τύραννον ἐνίκησας καὶ ἔργοις δυνατωτέρα καὶ λόγοις εὑρέθης ἀνδρός.",,,,
4 Maccabees 16:15,4MA,4 Maccabees,16,15,"καὶ γὰρ ὅτε συνελήφθης μετὰ τῶν παίδων, εἱστήκεις τὸν Ἐλεάζαρον ὁρῶσα βασανιζόμενον καὶ ἔλεγες τοῖς παισὶν ἐν τῇ ἑβραΐδι φωνῇ.",,,,
4 Maccabees 16:16,4MA,4 Maccabees,16,16,"ὦ παῖδες, γενναῖος ὁ ἀγών, ἐφ' ὃν κληθέντες ὑπὲρ τῆς διαμαρτυρίας τοῦ ἔθνους, ἐναγωνίσασθε προθύμως ὑπὲρ τοῦ πατρίου νόμου.",,,,
4 Maccabees 16:17,4MA,4 Maccabees,16,17,"καὶ γὰρ αἰσχρὸν τὸν μὲν γέροντα τοῦτον ὑπομένειν τὰς διὰ τὴν εὐσέβειαν ἀλγηδόνας, ὑμᾶς δὲ τοὺς νεανίσκους καταπλαγῆναι τὰς βασάνους.",,,,
4 Maccabees 16:18,4MA,4 Maccabees,16,18,"ἀναμνήσθητε ὅτι διὰ τὸν Θεὸν τοῦ κόσμου μετελάβετε, καὶ τοῦ βίου ἀπελαύσατε,",,,,
4 Maccabees 16:19,4MA,4 Maccabees,16,19,"καὶ διὰ τοῦτο ὀφείλετε πάντα πόνον ὑπομένειν διὰ τὸν Θεόν,",,,,
4 Maccabees 16:20,4MA,4 Maccabees,16,20,δι' ὃν καὶ ὁ πατὴρ ἡμῶν Ἁβραὰμ ἔσπευδε τὸν ἐθνοπάτορα υἱὸν σφαγιάσαι Ἰσαάκ. καὶ τὴν πατρῴαν χεῖρα ξιφηφόρον καταφερομένην ἐπ' αὐτὸν ὁρῶν ὁ Ἰσαὰκ οὐκ ἔπτυξεν.,,,,
4 Maccabees 16:21,4MA,4 Maccabees,16,21,"καὶ Δανιὴλ ὁ δίκαιος εἰς λέοντας ἐβλήθη, καὶ Ἀνανίας καὶ Ἀζαρίας καὶ Μισαὴλ εἰς κάμινον πυρὸς ἀπεσφενδονήθησαν καὶ ὑπέμειναν διὰ τὸν Θεόν.",,,,
4 Maccabees 16:22,4MA,4 Maccabees,16,22,καὶ ἡμεῖς οὖν τὴν αὐτὴν πίστιν πρὸς τὸν Θεόν ἔχοντες μὴ χαλεπαίνητε.,,,,
4 Maccabees 16:23,4MA,4 Maccabees,16,23,ἀλόγιστον γὰρ εἰδότας εὐσέβειαν μὴ ἀνθίστασθαι τοῖς πόνοις.,,,,
4 Maccabees 16:24,4MA,4 Maccabees,16,24,"Διὰ τούτων τῶν λόγων ἡ ἑπταμήτωρ ἕνα ἕκαστον τῶν υἱῶν παρακαλοῦσα, ἀποθανεῖν ἔπεισε μᾶλλον ἢ παραβῆναι τὴν ἐντολὴν τοῦ Θεοῦ.",,,,
4 Maccabees 16:25,4MA,4 Maccabees,16,25,"ἔτι δὲ καὶ ταῦτα εἰδότες ὅτι οἱ διὰ τὸν Θεὸν ἀποθανόντες ζῶσι τῷ Θεῷ, ὥσπερ Ἁβραὰμ καὶ Ἰσαὰκ καὶ Ἰακὼβ καὶ πάντες οἱ πατριάρχαι.",,,,
4 Maccabees 17:1,4MA,4 Maccabees,17,1,"Ελεγον δὲ καὶ τῶν δορυφόρων τινὲς ὡς ὅτε ἔμελλε καὶ αὐτὴ συλλαμβάνεσθαι πρὸς θάνατον, ἵνα μὴ ψαύσειέ τις τοῦ σώματος ἑαυτῆς, ἑαυτὴν ἔρριψεν κατὰ τῆς πυρᾶς.",,,,
4 Maccabees 17:2,4MA,4 Maccabees,17,2,ὦ μήτηρ σὺν ἑπτὰ παισὶ καταλύσασα τὴν τοῦ τυράννου βίαν καὶ ἀκυρώσασα τὰς κακὰς ἐπινοίας αὐτοῦ καὶ ἐπιδείξασα τὴν τῆς πίστεως γενναιότητα.,,,,
4 Maccabees 17:3,4MA,4 Maccabees,17,3,"καθάπερ γὰρ σὺ στέγη ἐπὶ τοὺς στύλους τῶν παίδων γενναίως ἱδρυμένη, ἀκλινὴς ὑπήνεγκας τὸν διὰ τῶν βασάνων σεισμόν.",,,,
4 Maccabees 17:4,4MA,4 Maccabees,17,4,"θάρρει τοιγαροῦν, ὦ μήτηρ ἱερόψυχε, τὴν ἐλπίδα τῆς ὑπομονῆς βεβαίαν ἔχουσα πρὸς τὸν Θεόν.",,,,
4 Maccabees 17:5,4MA,4 Maccabees,17,5,"οὐχ οὕτω σελήνη κατ' οὐρανὸν σὺν ἄστροις σεμνή καθέστηκεν, ὡς σὺ τοὺς ἰσαστέρους ἑπτὰ παῖδας φωταγωγήσασα πρὸς τὴν εὐσέβειαν ἔντιμος καθέστηκας Θεῷ καὶ ἐστήρισαι ἐν οὐρανῷ σὺν αὐτοῖς·",,,,
4 Maccabees 17:6,4MA,4 Maccabees,17,6,ἦν γὰρ ἡ παιδοποιΐα σου ἀπὸ Ἁβραὰμ τοῦ πατρός.,,,,
4 Maccabees 17:7,4MA,4 Maccabees,17,7,"Εἰ δὲ ἐξὸν ἡμῖν ἦν, ὥσπερ ἐπί τινος πίνακος, ζωγραφῆσαι τὴν τῆς εὐσεβείας σου ἱστορίαν, οὐκ ἂν ἔφριττον οἱ θεωροῦντες μητέρα ἑπτὰ τέκνων δι' εὐσέβειαν ποικίλας βασάνους μέχρι θανάτου ὑπομείνασαν;",,,,
4 Maccabees 17:8,4MA,4 Maccabees,17,8,καὶ γὰρ ἄξιον ἦν καὶ ἐπὶ αὐτοῦ τοῦ ἐπιταφίου ἀναγράψαι καὶ ταῦτα τοῖς ἀπὸ τοῦ ἔθνους εἰς μνείαν λεγόμενα·,,,,
4 Maccabees 17:9,4MA,4 Maccabees,17,9,"ἐνταῦθα γέρων ἱερεὺς καὶ γυνὴ γηραιὰ καὶ ἑπτὰ παῖδες ἐγκεκήδευται διὰ τυράννου βίαν, τὴν Ἑβραίων πολιτείαν καταλῦσαι θέλοντος,",,,,
4 Maccabees 17:10,4MA,4 Maccabees,17,10,οἳ καὶ ἐξεδίκησαν τὸ ἔθνος εἰς Θεὸν ἀφορῶντες καὶ μέχρι θανάτου τὰς βασάνους ὑπομείναντες.,,,,
4 Maccabees 17:11,4MA,4 Maccabees,17,11,Ἀληθῶς γὰρ ἦν ἀγὼν θεῖος ὁ δι' αὐτῶν γεγενημένος.,,,,
4 Maccabees 17:12,4MA,4 Maccabees,17,12,ἠθλοθέτει γὰρ τότε ἀρετὴ δι' ὑπομονῆς δοκιμάζουσα· τὸ νῖκος ἀφθαρσίᾳ ἐν ζωῇ πολυχρονίῳ.,,,,
4 Maccabees 17:13,4MA,4 Maccabees,17,13,"Ἐλεάζαρ δὲ προηγωνίζετο, ἡ δὲ μήτηρ τῶν ἑπτὰ παίδων ἐνήθλει, οἱ δὲ ἀδελφοὶ ἠγωνίζοντο·",,,,
4 Maccabees 17:14,4MA,4 Maccabees,17,14,"ὁ τύραννος ἀντηγωνίζετο, ὁ δὲ κόσμος καὶ ὁ τῶν ἀνθρώπων βίος ἐθεώρει·",,,,
4 Maccabees 17:15,4MA,4 Maccabees,17,15,"θεοσέβεια δὲ ἐνίκα, τοὺς ἑαυτῆς ἀθλητὰς στεφανοῦσα.",,,,
4 Maccabees 17:16,4MA,4 Maccabees,17,16,Τίνες οὐκ ἐθαύμασαν τοὺς τῆς θείας νομοθεσίας ἀθλητάς;,,,,
4 Maccabees 17:17,4MA,4 Maccabees,17,17,τίνες οὐκ ἐξεπλάγησαν; Αὐτὸς γέ τοι ὁ τύραννος καὶ ὅλον τὸ συνέδριον αὐτῶν ἐξεθαύμασαν αὐτῶν τὴν ὑπομονήν.,,,,
4 Maccabees 17:18,4MA,4 Maccabees,17,18,δι' ἣν καὶ τῷ θείῳ νῦν παρεστήκασι θρόνῳ καὶ τὸν μακάριον βιοῦσιν αἰῶνα.,,,,
4 Maccabees 17:19,4MA,4 Maccabees,17,19,καὶ γάρ φησιν ὁ Μωσῆς· καὶ πάντες οἱ ἡγιασμένοι ὑπὸ τὰς χεῖράς σου.,,,,
4 Maccabees 17:20,4MA,4 Maccabees,17,20,καὶ οὗτοι οὖν οἱ ἁγιασθέντες διὰ Θεὸν τετίμηνται οὐ μόνον ταύτῃ τῇ τιμῇ ἀλλὰ καὶ τῷ δι' αὐτοὺς τοῦ ἔθνους ἡμῶν τοὺς πολεμίους μὴ ἐπικρατῆσαι,,,,
4 Maccabees 17:21,4MA,4 Maccabees,17,21,"καὶ τὸν τύραννον τιμωρηθῆναι καὶ τὴν πατρίδα καθαρισθῆναι,",,,,
4 Maccabees 17:22,4MA,4 Maccabees,17,22,ὥσπερ ἀντίψυχον γεγονότας τῆς τοῦ ἔθνους ἁμαρτίας· καὶ διὰ τοῦ αἵματος τῶν εὐσεβῶν ἐκείνων καὶ τοῦ ἱλαστηρίου θανάτου αὐτῶν ἡ θεία πρόνοια τὸν Ἰσραὴλ προκακωθέντα διέσωσε.,,,,
4 Maccabees 17:23,4MA,4 Maccabees,17,23,"πρὸς γὰρ τὴν ἀνδρείαν αὐτῶν τῆς ἀρετῆς καὶ τὴν ἐπὶ ταῖς βασάνοις αὐτῶν ὑπομονὴν ὁ τύραννος ἀπιδὼν Ἀντίοχος, ἀνεκήρυξε τοῖς στρατιώταις αὐτοῦ εἰς ὑπόδειγμα τὴν ἐκείνων ὑπομονήν.",,,,
4 Maccabees 17:24,4MA,4 Maccabees,17,24,ἔσχε τε αὐτοὺς γενναίους καὶ ἀνδρείους εἰς πεζομαχίαν καὶ πολιορκίαν καὶ ἐκπορθήσας ἐνίκησε πάντας τοὺς πολεμίους.,,,,
4 Maccabees 18:1,4MA,4 Maccabees,18,1,"Ω τῶν Ἁβραμιαίων σπερμάτων ἀπόγονοι παῖδες Ἰσραηλῖται, πείθεσθε τῷ νόμῳ τούτῳ καὶ πάντα τρόπον εὐσεβεῖτε,",,,,
4 Maccabees 18:2,4MA,4 Maccabees,18,2,"γινώσκοντες ὅτι τῶν παθῶν δεσπότης ἐστὶν ὁ εὐσεβὴς λογισμὸς καὶ οὐ μόνον τῶν ἔνδοθεν, ἀλλὰ καὶ τῶν ἔξωθεν πόνων·",,,,
4 Maccabees 18:3,4MA,4 Maccabees,18,3,"ἀνθ' ὧν διὰ τὴν εὐσέβειαν προέμενοι τὰ σώματα τοῖς πόνοις ἐκεῖνοι, οὐ μόνον ὑπὸ τῶν ἀνθρώπων ἐθαυμάσθησαν, ἀλλὰ καὶ θείας μερίδος κατηξιώθησαν.",,,,
4 Maccabees 18:4,4MA,4 Maccabees,18,4,"καὶ δι' αὐτοὺς εἰρήνευσε τὸ ἔθνος, καὶ τὴν εὐνομίαν τὴν ἐπὶ τῆς πατρίδος ἀνανεωσάμενοι ἐκπεπολιορκήκασιν τοὺς πολεμίους.",,,,
4 Maccabees 18:5,4MA,4 Maccabees,18,5,"καὶ ὁ τύραννος Ἀντίοχος καὶ ἐπὶ γῆς τετιμώρηται καὶ ἀποθανὼν κολάζεται· ὡς γὰρ οὐδὲν οὐδαμῶς ἴσχυσεν ἀναγκάσαι τοὺς Ἱεροσολυμίτας ἀλλοφυλῆσαι καὶ τῶν πατρίων ἐθῶν ἐκδιαιτηθῆναι, τότε δὴ ἀπάρας ἀπὸ τῶν Ἱεροσολύμων ἐστρατοπέδευσεν ἐπὶ Πέρσας.",,,,
4 Maccabees 18:6,4MA,4 Maccabees,18,6,ἔλεγε δὲ ἡ μήτηρ τῶν ἑπτὰ παίδων καὶ ταῦτα τὰ δικαιώματα τοῖς τέκνοις·,,,,
4 Maccabees 18:7,4MA,4 Maccabees,18,7,"ὅτι ἐγὼ ἐγεννήθην παρθένος ἁγνὴ καὶ οὐχ ὑπερέβην τὸν πατρικὸν οἶκον, ἐφύλασσον δὲ τὴν ᾠκοδομημένην πλευράν.",,,,
4 Maccabees 18:8,4MA,4 Maccabees,18,8,"οὐδὲ ἔφθειρέ με λυμεὼν ἐρημίας φθορεὺς ἐν πεδίῳ, οὐδὲ ἐλυμήνατό μου τὰ ἁγνὰ τῆς παρθενίας λυμεὼν ἀπατηλὸς ὄφις· ἔμεινα δὲ χρόνον ἀκμῆς σὺν ἀνδρί.",,,,
4 Maccabees 18:9,4MA,4 Maccabees,18,9,"τούτων δὲ ἐνηλίκων γενομένων ἐτελεύτησεν ὁ πατὴρ αὐτῶν, μακάριος μὲν ἐκεῖνος, τὸν γὰρ τῆς εὐτεκνίας βίον ἐπιζήσας τὸν τῆς ἀτεκνίας οὐκ ὠδυνήθη καιρόν.",,,,
4 Maccabees 18:10,4MA,4 Maccabees,18,10,"ὃς ἐδίδασκεν ὑμᾶς, ἔτι ὢν σὺν ὑμῖν, τὸν νόμον καὶ τοὺς προφήτας.",,,,
4 Maccabees 18:11,4MA,4 Maccabees,18,11,"τὸν ἀναιρεθέντα Ἄβελ ὑπὸ Κάϊν, ἀνεγίνωσκε τε ὑμῖν καὶ τὸν ὁλοκαρπούμενον Ἰσαὰκ καὶ τὸν ἐν φυλακῇ Ἰωσήφ.",,,,
4 Maccabees 18:12,4MA,4 Maccabees,18,12,"ἔλεγε δὲ ὑμῖν τὸν ζηλωτὴν Φινεές, ἐδίδασκέ τε ὑμᾶς τοὺς ἐν πυρὶ Ἀνανίαν καὶ Ἀζαρίαν καὶ Μισαήλ.",,,,
4 Maccabees 18:13,4MA,4 Maccabees,18,13,"ἐδόξαζε δὲ καὶ τὸν ἐν λάκκῳ λεόντων Δανιήλ, ὃν καὶ ἐμακάριζεν.",,,,
4 Maccabees 18:14,4MA,4 Maccabees,18,14,"ὑπεμίμνησκε δὲ ὑμᾶς καὶ τὴν Ἡσαΐου γραφὴν τὴν λέγουσαν· κἂν διὰ πυρὸς διέλθῃς, φλὸξ οὐ κατακαύσει σε.",,,,
4 Maccabees 18:15,4MA,4 Maccabees,18,15,"τὸν ὑμνογράφον ἐμελῴδει ὑμῖν Δαυὶδ τὸν λέγοντα· πολλαὶ αἱ θλίψεις τῶν δικαίων, καὶ ἐκ πασῶν αὐτῶν ρύσεται αὐτοὺς ὁ Κύριος.",,,,
4 Maccabees 18:16,4MA,4 Maccabees,18,16,τὸν Σαλομῶντα ἐπαροιμίαζεν ὑμῖν τὸν λέγοντα· ξύλον ζωῆς ἐστι πᾶσι τοῖς ποιοῦσιν αὐτοῦ τὸ θέλημα.,,,,
4 Maccabees 18:17,4MA,4 Maccabees,18,17,τὸν Ἰεζεκιὴλ ἐπιστοποιεῖτο τὸν λέγοντα· εἰ ζήσεται τὰ ὀστᾶ τὰ ξηρὰ ταῦτα;,,,,
4 Maccabees 18:18,4MA,4 Maccabees,18,18,"ᾠδὴν μὲν γάρ, ἣν ἐδίδαξε Μωϋσῆς, οὐκ ἐπελάθετο τὴν διδάσκουσαν καὶ λέγουσαν· ἐγὼ ἀποκτενῶ καὶ ζῆν ποιήσω·",,,,
4 Maccabees 18:19,4MA,4 Maccabees,18,19,αὕτη ἡ ζωὴ ὑμῶν καὶ ἡ μακρότης τῶν ἡμερῶν.,,,,
4 Maccabees 18:20,4MA,4 Maccabees,18,20,"Ὦ πικρᾶς τῆς τότε ἡμέρας καὶ οὐ πικρᾶς, ὅτε ὁ πικρὸς Ἑλλήνων τύραννος πῦρ φλέξας λέβησιν ὠμοῖς καὶ ζέουσι θυμοῖς ἀγαγὼν ἐπὶ τὸν καταπέλτην καὶ πάσας τὰς βασάνους αὐτοῦ τοὺς ἑπτὰ παῖδας τῆς Ἁβρααμίτιδος",,,,
4 Maccabees 18:21,4MA,4 Maccabees,18,21,καὶ τὰς τῶν ὀμμάτων κόρας ἐπήρωσε καὶ γλώσσας ἐξέτεμε καὶ βασάνοις ποικίλαις ἀπέκτεινεν.,,,,
4 Maccabees 18:22,4MA,4 Maccabees,18,22,ὑπὲρ ὧν ἡ θεία δίκη μετῆλθε καὶ μετελεύσεται τὸν ἀλάστορα τύραννον.,,,,
4 Maccabees 18:23,4MA,4 Maccabees,18,23,"οἱ δὲ Ἁβραμιαῖοι παῖδες σὺν τῇ ἀθλοφόρῳ μητρὶ εἰς πατέρων χορὸν συναγελάζονται ψυχὰς ἁγνὰς καὶ ἀθανάτους ἀπειληφότες παρὰ τοῦ Θεοῦ,",,,,
4 Maccabees 18:24,4MA,4 Maccabees,18,24,"ᾧ ἡ δόξα εἰς τοὺς αἰῶνας τῶν αἰώνων. Ἀμήν. Τὸ βιβλίον ‘Μακκαβαίων Δ’, ὡς ‘ἀπόκρυφον’ δὲν συγκατελέχθη ὑπὸ τῆς Ἐκκλησίας μεταξὺ τῶν κανονικῶν βιβλίων τῆς Παλαιᾶς Διαθήκης. Ἐν τούτοις, λόγῳ τῆς σπουδαιότητος τοῦ περιεχομένου αὐτοῦ καὶ τῆς συμπεριλήψεώς του εἰς ἀρχαῖα χειρόγραφα τῆς Μεταφράσεως τῶν Ἑβδομήκοντα (Ο), ἐκδίδεται συνήθως μετὰ τῶν ἄλλων βιβλίων τῶν Μακκαβαίων (Α-Γ).",,,,
Psalms 151:1,PSA,Psalms,151,1,ΜΙΚΡΟΣ ἤμην ἐν τοῖς ἀδελφοῖς μου καὶ νεώτερος ἐν τῷ οἴκῳ τοῦ πατρός μου· ἐποίμαινον τὰ πρόβατα τοῦ πατρός μου.,,,Source descriptor: Οὗτος ὁ ψαλμὸς ἰδιόγραφος εἰς Δαυΐδ καὶ ἔξωθεν τοῦ ἀριθμοῦ· ὅτε ἐμονομάχησε τῷ Γολιάθ.,
Psalms 151:2,PSA,Psalms,151,2,"αἱ χεῖρές μου ἐποίησαν ὄργανον, καὶ οἱ δάκτυλοί μου ἥρμοσαν ψαλτήριον.",,,,
Psalms 151:3,PSA,Psalms,151,3,"καὶ τίς ἀναγγελεῖ τῷ Κυρίῳ μου; αὐτὸς Κύριος, αὐτὸς εἰσακούσει.",,,,
Psalms 151:4,PSA,Psalms,151,4,αὐτὸς ἐξαπέστειλε τὸν ἄγγελον αὐτοῦ καὶ ἦρέ με ἐκ τῶν προβάτων τοῦ πατρός μου καὶ ἔχρισέ με ἐν τῷ ἐλαίῳ τῆς χρίσεως αὑτοῦ.,,,,
Psalms 151:5,PSA,Psalms,151,5,"οἱ ἀδελφοί μου καλοὶ καὶ μεγάλοι, καὶ οὐκ εὐδόκησεν ἐν αὐτοῖς ὁ Κύριος.",,,,
Psalms 151:6,PSA,Psalms,151,6,"ἐξῆλθον εἰς συνάντησιν τῷ ἀλλοφύλῳ, καὶ ἐπικατηράσατό με ἐν τοῖς εἰδώλοις αὐτοῦ·",,,,
Psalms 151:7,PSA,Psalms,151,7,"ἐγὼ δέ, σπασάμενος τὴν παρ᾿ αὐτοῦ μάχαιραν, ἀπεκεφάλισα αὐτὸν καὶ ἦρα ὄνειδος ἐξ υἱῶν Ἰσραήλ.",,,,
